Name,Balder-2015
Created,26/03/2026 11:28:31
Cpt,Composition,Boiling Temperature,Molecular Weight,Standard Liquid Density,Acidity,Aniline Point,Assay - Aromatics Vol Pct,Assay - Aromatics Wt Pct,Asphaltene Content,Basic Nitrogen Content,C to H Ratio,Cloud Point,Conradson Carbon Content,Copper Content,Cetane Number,Flash Point,Freeze Point,MON (Clear),MON (Leaded),Assay - Naphthenes Vol Pct,Assay - Naphthenes Wt Pct,Nickel Content,Nitrogen Content,Assay - Olefins Vol Pct,Assay - Olefins Wt Pct,Assay - Paraffins Vol Pct,Assay - Paraffins Wt Pct,Pour Point,Refractive Index,Reid Vapour Pressure,RON (Clear),RON (Leaded),Smoke Point,Sulfur Content,Mercaptan Sulfur Content,Sodium Content,True Vapour Pressure,Vanadium Content,Iron Content,Luminometer Number,Viscosity @ 38C,Viscosity @ 50C,Viscosity @ 60C,Wax Content,Pi C6 22DMB Wt Pct,Pi C6 22DMB Vol Pct,Pi C6 23DMB Wt Pct,Pi C6 23DMB Vol Pct,Pi C6 2MP Wt Pct,Pi C6 2MP Vol Pct,Pi C6 3MP Wt Pct,Pi C6 3MP Vol Pct,Pi C7 22-mPentane Wt Pct,Pi C7 22-mPentane Vol Pct,Pi C7 24-mPentane Wt Pct,Pi C7 24-mPentane Vol Pct,Pi C7 223-mButane Wt Pct,Pi C7 223-mButane Vol Pct,Pi C7 33-mPentane Wt Pct,Pi C7 33-mPentane Vol Pct,Pi C7 23-mPentane Wt Pct,Pi C7 23-mPentane Vol Pct,Pi C7 2-mHexane Wt Pct,Pi C7 2-mHexane Vol Pct,Pi C7 3-mHexane Wt Pct,Pi C7 3-mHexane Vol Pct,Pi C7 3-ePentane Wt Pct,Pi C7 3-ePentane Vol Pct,Pi C6 Wt Pct,Pi C6 Vol Pct,Pi C7 Wt Pct,Pi C7 Vol Pct,Pi C8 Wt Pct,Pi C8 Vol Pct,Pi C9 Wt Pct,Pi C9 Vol Pct,Pi C10  Wt Pct,Pi C10  Vol Pct,Pi C11  Wt Pct,Pi C11  Vol Pct,Pn C6 Hexane Wt Pct,Pn C6 Hexane Vol Pct,Pn C7 Heptane Wt Pct,Pn C7 Heptane Vol Pct,Pn C8 Octane Wt Pct,Pn C8 Octane Vol Pct,Pn C9 Nonane Wt Pct,Pn C9 Nonane Vol Pct,Pn C10 Decane Wt Pct,Pn C10 Decane Vol Pct,Pn C11 n-C11 Wt Pct,Pn C11 n-C11 Vol Pct,On C6 Wt Pct,On C6 Vol Pct,On C7 Wt Pct,On C7 Vol Pct,On C8 Wt Pct,On C8 Vol Pct,On C9 Wt Pct,On C9 Vol Pct,On C10 Wt Pct,On C10 Vol Pct,On C11 Wt Pct,On C11 Vol Pct,A C6 Benzene Wt Pct,A C6 Benzene Vol Pct,A C7 Toluene Wt Pct,A C7 Toluene Vol Pct,A C8 m-Xylene Wt Pct,A C8 m-Xylene Vol Pct,A C8 o-Xylene Wt Pct,A C8 o-Xylene Vol Pct,A C8 p-Xylene Wt Pct,A C8 p-Xylene Vol Pct,A C8 EthBenz Wt Pct,A C8 EthBenz Vol Pct,N C6 cyc-C5 Wt Pct,N C6 cyc-C5 Vol Pct,N C6 cyc-C6 Wt Pct,N C6 cyc-C6 Vol Pct,A C8 Wt Pct,A C8 Vol Pct,A C9 Wt Pct,A C9 Vol Pct,A C10 Wt Pct,A C10 Vol Pct,A C11 Wt Pct,A C11 Vol Pct,N C6 Wt Pct,N C6 Vol Pct,N C7 Wt Pct,N C7 Vol Pct,N C8 Wt Pct,N C8 Vol Pct,N C9 Wt Pct,N C9 Vol Pct,N C10 Wt Pct,N C10 Vol Pct,N C11 Wt Pct,N C11 Vol Pct,Pi Wt Pct,Pi Vol Pct,Pn Wt Pct,Pn Vol Pct,Oi C6 Wt Pct,Oi C6 Vol Pct,Oi C7 Wt Pct,Oi C7 Vol Pct,Oi C8 Wt Pct,Oi C8 Vol Pct,Oi C9 Wt Pct,Oi C9 Vol Pct,Oi C10 Wt Pct,Oi C10 Vol Pct,Oi C11 Wt Pct,Oi C11 Vol Pct,Centroid Boiling Temperature,Viscosity @ 100C,Hydrogen,CarbonByWt,NaphthalenesByVol,PValue,RamsCarbonResidueByWt,SulfideByWt,ZincByWt,TinByWt,ChromiumByWt,LeadByWt,AluminiumByWt,MagnesiumByWt,MetalByWt,ArsenicByWt,CadmiumByWt,MercuryByWt,NaClByWt,SaltByWt,MudByWt,ChloridesByWt,MolybdenumByWt,AshByWt,GumByWt,MicroCarbonResidueByWt,nC5InsolublesByWt,NaphthenicAcidByWt,NaphthenicAcidByVol,Gross Heating Value,Net Heating Value,Oxygen Content,
Hydrogen,0,20,5548,2,016000032,69,85910034,0,,0,0,0,0,0,13,9,0,0,,,13,9,10,,0,0,0,0,0,0,0,0,13,9,,,130,,,0,0,0,,0,0,,,,,0,,,,,,,,,,,,,,,,,,,,,,,,,,,,,,,,,,,,,,,,,,,,,,,,,,,,,,,,,,,,,,,,,,,,,,,,,,,,,,,,,,,,,,,,,,,,,,,,,0,0,0,0,,,,,,,,,,,,,,,100,0,,,,,,,,,,,,,,,,,,,,,,0,,,,,,,
Nitrogen,0,77,3498,28,0135,806,3740234,0,,0,0,0,0,0,63,1,0,0,,,63,1,,,0,0,0,0,0,0,0,0,63,1,,,,,,0,0,0,,0,0,,,,,0,,,,,,,,,,,,,,,,,,,,,,,,,,,,,,,,,,,,,,,,,,,,,,,,,,,,,,,,,,,,,,,,,,,,,,,,,,,,,,,,,,,,,,,,,,,,,,,,,0,0,0,0,,,,,,,,,,,,,,,0,0,,,,,,,,,,,,,,,,,,,,,,0,,,,,,,
CO,0,81,6996,28,0109005,799,3880005,0,,0,0,0,0,0,68,2,0,0,,,68,2,,,0,0,0,0,0,0,0,0,68,2,,,120,,,0,0,0,,0,0,,,,,0,,,,,,,,,,,,,,,,,,,,,,,,,,,,,,,,,,,,,,,,,,,,,,,,,,,,,,,,,,,,,,,,,,,,,,,,,,,,,,,,,,,,,,,,,,,,,,,,,0,0,0,0,,,,,,,,,,,,,,,0,0,,,,,,,,,,,,,,,,,,,,,,0,,,,,,,
Oxygen,0,90,1996,32,1137,680054,0,,0,0,0,0,0,54,4,0,0,,,54,4,,,0,0,0,0,0,0,0,0,54,4,,,120,,,0,0,0,,0,0,,,,,0,,,,,,,,,,,,,,,,,,,,,,,,,,,,,,,,,,,,,,,,,,,,,,,,,,,,,,,,,,,,,,,,,,,,,,,,,,,,,,,,,,,,,,,,,,,,,,,,,0,0,0,0,,,,,,,,,,,,,,,0,0,,,,,,,,,,,,,,,,,,,,,,0,,,,,,,
Methane,0,111,625,16,04290009,299,3940125,0,,0,0,0,0,3,90,4,0,0,,85,15,90,4,,,0,0,0,0,0,0,100,100,90,4,,,120,,,0,0,0,,0,0,,,,,0,,,,,,,,,,,,,,,,,,,,,,,,,,,,,,,,,,,,,,,,,,,,,,,,,,,,,,,,,,,,,,,,,,,,,,,,,,,,,,,,,,,,,,,,,,,,,,,,,0,0,100,100,,,,,,,,,,,,,,,25,13516209,75,,,,,,,,,,,,,,,,,,,,,,0,,,,,,,
Ethylene,0,169,399,28,05380058,383,2260132,0,,0,0,0,0,6,104,0,0,,137,15,104,75,6,,0,0,0,0,100,100,0,0,104,,,100,51,,,0,0,0,,0,0,,,,,0,,,,,,,,,,,,,,,,,,,,,,,,,,,,,,,,,,,,,,,,,,,,,,,,,,,,,,,,,,,,,,,,,,,,,,,,,,,,,,,,,,,,,,,,,,,,,,,,,0,0,0,0,,,,,,,,,,,,,,,14,34761566,85,71428571,,,,,,,,,,,,,,,,,,,,,,0,,,,,,,
Ethane,0,000164666943823534,184,55,30,06990051,355,6830139,0,,0,0,0,0,4,90,4,0,0,,138,15,90,4,100,79,,0,0,0,0,0,0,100,100,90,4,,,111,38,,,0,0,0,,0,0,,,,,0,,,,,,,,,,,,,,,,,,,,,,,,,,,,,,,,,,,,,,,,,,,,,,,,,,,,,,,,,,,,,,,,,,,,,,,,,,,,,,,,,,,,,,,,,,,,,,,,,0,0,100,100,,,,,,,,,,,,,,,20,11147323,80,,,,,,,,,,,,,,,,,,,,,,0,,,,,,,
CO2,0,194,598,44,00970078,825,335022,0,,0,0,0,0,0,217,0,0,,,217,,,0,0,0,0,0,0,0,0,217,,,,,,0,0,0,,0,0,,,,,0,,,,,,,,,,,,,,,,,,,,,,,,,,,,,,,,,,,,,,,,,,,,,,,,,,,,,,,,,,,,,,,,,,,,,,,,,,,,,,,,,,,,,,,,,,,,,,,,,0,0,0,0,,,,,,,,,,,,,,,0,0,,,,,,,,,,,,,,,,,,,,,,0,,,,,,,
H2S,0,213,498,34,07600021,788,40802,0,,0,0,0,0,0,188,0,0,,,188,,,0,0,0,0,0,0,0,0,188,,2759,,,,94,1177,0,0,,0,0,,,,,0,,,,,,,,,,,,,,,,,,,,,,,,,,,,,,,,,,,,,,,,,,,,,,,,,,,,,,,,,,,,,,,,,,,,,,,,,,,,,,,,,,,,,,,,,,,,,,,,,0,0,0,0,,,,,,,,,,,,,,,5,911554252,0,,,,,,,,,,,,,,,,,,,,,,0,,,,,,,
Propene,0,225,399,42,08060074,520,9550171,0,,0,0,0,0,6,87,9,0,0,,165,87,9,84,9,,0,0,0,0,100,100,0,0,87,9,,1565,102,54,,,0,0,0,,0,0,,,,,0,,,,,,,,,,,,,,,,,,,,,,,,,,,,,,,,,,,,,,,,,,,,,,,,,,,,,,,,,,,,,,,,,,,,,,,,,,,,,,,,,,,,,,,,,,,,,,,,,0,0,0,0,,,,,,,,,,,,,,,14,36465558,85,71428571,,,,,,,,,,,,,,,,,,,,,,0,,,,,,,
Propane,0,00190202981545623,231,048,44,09700012,506,678009,0,,0,0,0,0,4,5,85,5,0,0,,169,15,85,5,97,1,,0,0,0,0,0,0,100,100,85,5,,1303,112,14,,,0,0,0,,0,0,,,,,0,,,,,,,,,,,,,,,,,,,,,,,,,,,,,,,,,,,,,,,,,,,,,,,,,,,,,,,,,,,,,,,,,,,,,,,,,,,,,,,,,,,,,,,,,,,,,,,,,0,0,100,100,,,,,,,,,,,,,,,18,28426304,81,81818182,,,,,,,,,,,,,,,,,,,,,,0,,,,,,,
i-Butane,0,00858980395440182,261,42,58,12400055,561,9660034,0,380,85,0,0,0,0,4,8,114,0,0,,190,15,114,97,6,,0,0,0,0,0,0,100,100,114,,489,6,101,426,,,0,0,0,,0,0,,,,,0,,,,,,,,,,,,,,,,,,,,,,,,,,,,,,,,,,,,,,,,,,,,,,,,,,,,,,,,,,,,,,,,,,,,,,,,,,,,,,,,,,,,,,,,,,,,,,,,,100,100,0,0,,,,,,,,,,,,,,,17,34802065,82,75862069,,,,,,,,,,,,,,,,,,,,,,0,,,,,,,
i-Butene,0,266,299,56,10770035,592,7930298,0,286,7055556,0,0,0,0,6,133,0,0,,193,15,133,88,1,,0,0,0,0,100,100,0,0,133,,442,7,105,2096138,,,0,0,0,,0,0,,,,,0,,,,,,,,,,,,,,,,,,,,,,,,,,,,,,,,,,,,,,,,,,,,,,,,,,,,,,,,,,,,,,,,,,,,,,,,,,,,,,,,,,,,,,,,,,,,,,,,,0,0,0,0,,,,,,,,,,,,,,,14,37319073,85,71428571,,,,,,,,,,,,,,,,,,,,,,0,,,,,,,
1-Butene,0,266,898,56,10770035,593,7890015,0,,0,0,0,0,6,87,8,0,0,,193,15,87,8,80,8,,0,0,0,0,100,100,0,0,87,8,,432,97,4,,,0,0,0,,0,0,,0,236064836133691,0,219972008704656,0,208210021632581,0,,,,,,,,,,,,,,,,,,,,,,,,,,,,,,,,,,,,,,,,,,,,,,,,,,,,,,,,,,,,,,,,,,,,,,,,,,,,,,,,,,,,,,,,,,,,,,,,,0,0,0,0,,,,,,,,,,,,,,,14,37319073,85,71428571,,,,,,,,,,,,,,,,,,,,,,0,,,,,,,
13-Butadiene,0,268,7,54,1,619,7440186,0,,0,0,0,0,8,164,0,0,,197,15,164,73,94513286,,0,0,0,0,100,100,0,0,164,,409,6,102,9723045,,,0,0,0,,0,0,,,,,0,,,,,,,,,,,,,,,,,,,,,,,,,,,,,,,,,,,,,,,,,,,,,,,,,,,,,,,,,,,,,,,,,,,,,,,,,,,,,,,,,,,,,,,,,,,,,,,,,0,0,0,0,,,,,,,,,,,,,,,11,17841035,88,88888889,,,,,,,,,,,,,,,,,,,,,,0,,,,,,,
n-Butane,0,00853585532993599,272,648,58,12400055,583,2230225,0,356,35,0,0,0,0,4,8,135,0,0,,213,15,135,89,6,,0,0,0,0,0,0,100,100,135,,358,5,93,8,,,0,0,0,,0,0,,0,241514675581771,0,217701202498228,,0,,,,,,,,,,,,,,,,,,,,,,,,,,,,,,,,,,,,,,,,,,,,,,,,,,,,,,,,,,,,,,,,,,,,,,,,,,,,,,,,,,,,,,,,,,,,,,,,,0,0,100,100,,,,,,,,,,,,,,,17,34802065,82,75862069,,,,,,,,,,,,,,,,,,,,,,0,,,,,,,
tr2-Butene,0,274,027,56,1,608,684021,0,,0,0,0,0,6,168,0,0,,201,168,83,84306902,,0,0,0,0,100,100,0,0,168,,343,9,105,0089318,,,0,0,0,,0,0,,,,,0,,,,,,,,,,,,,,,,,,,,,,,,,,,,,,,,,,,,,,,,,,,,,,,,,,,,,,,,,,,,,,,,,,,,,,,,,,,,,,,,,,,,,,,,,,,,,,,,,0,0,0,0,,,,,,,,,,,,,,,14,37319073,85,71428571,,,,,,,,,,,,,,,,,,,,,,0,,,,,,,
i-Pentane,0,0146932444812146,301,028,72,15100098,623,4420166,0,343,95,0,0,0,0,5,113,0,0,,217,113,90,3,,0,0,0,0,0,0,100,100,113,,133,8,92,3,,,0,0,0,,0,0,,,,,0,,,,,,,,,,,,,,,,,,,,,,,,,,,,,,,,,,,,,,,,,,,,,,,,,,,,,,,,,,,,,,,,,,,,,,,,,,,,,,,,,,,,,,,,,,,,,,,,,100,100,0,0,,,,,,,,,,,,,,,16,75213296,83,33333333,,,,,,,,,,,,,,,,,,,,,,0,,,,,,,
1-Pentene,0,303,096,70,13500214,638,7230225,0,292,25,0,0,0,0,6,108,0,0,,245,108,77,1,,0,0,0,0,100,100,0,0,108,,131,8,90,9,,,0,0,0,,0,0,,,,,0,,,,,,,,,,,,,,,,,,,,,,,,,,,,,,,,,,,,,,,,,,,,,,,,,,,,,,,,,,,,,,,,,,,,,,,,,,,,,,,,,,,,,,,,,,,,,,,,,0,0,0,0,,,,,,,,,,,,,,,14,37831669,85,71428571,,,,,,,,,,,,,,,,,,,,,,0,,,,,,,
2M-1-butene,0,304,303,70,1,654,3800049,0,,0,0,0,0,6,136,0,0,,221,136,81,9,,0,0,0,0,100,100,0,0,136,,127,2,102,54,,,0,0,0,,0,0,,,,,0,,,,,,,,,,,,,,,,,,,,,,,,,,,,,,,,,,,,,,,,,,,,,,,,,,,,,,,,,,,,,,,,,,,,,,,,,,,,,,,,,,,,,,,,,,,,,,,,,0,0,0,0,,,,,,,,,,,,,,,14,37831669,85,71428571,,,,,,,,,,,,,,,,,,,,,,0,,,,,,,
n-Pentane,0,309,209,72,15100098,629,7290039,0,343,95,0,0,0,0,5,143,0,0,,233,143,61,9,,0,0,0,0,0,0,100,100,143,,101,35,61,7,,,0,0,0,,0,0,,0,317713556013358,0,28795065870348,0,265338970196147,0,,,,,,,,,,,,,,,,,,,,,,,,,,,,,,,,,,,,,,,,,,,,,,,,,,,,,,,,,,,,,,,,,,,,,,,,,,,,,,,,,,,,,,,,,,,,,,,,,0,0,100,100,,,,,,,,,,,,,,,16,75213296,83,33333333,,,,,,,,,,,,,,,,,,,,,,0,,,,,,,
cis2-Butene,0,276,867,56,1,625,9530029,0,,0,0,0,0,6,134,0,0,,203,134,83,5,,0,0,0,0,100,100,0,0,134,,314,4,100,,,0,0,0,,0,0,,,,,0,,,,,,,,,,,,,,,,,,,,,,,,,,,,,,,,,,,,,,,,,,,,,,,,,,,,,,,,,,,,,,,,,,,,,,,,,,,,,,,,,,,,,,,,,,,,,,,,,0,0,0,0,,,,,,,,,,,,,,,14,37319073,85,71428571,,,,,,,,,,,,,,,,,,,,,,0,,,,,,,
3M-1-butene,0,293,204,70,1,631,2700195,0,,0,0,0,0,6,105,0,0,,217,105,85,26729455,,0,0,0,0,100,100,0,0,105,,190,101,6748769,,,0,0,0,,0,0,,,,,0,,,,,,,,,,,,,,,,,,,,,,,,,,,,,,,,,,,,,,,,,,,,,,,,,,,,,,,,,,,,,,,,,,,,,,,,,,,,,,,,,,,,,,,,,,,,,,,,,0,0,0,0,,,,,,,,,,,,,,,14,37831669,85,71428571,,,,,,,,,,,,,,,,,,,,,,0,,,,,,,
2M-2-butene,0,311,704,70,1,666,1090088,0,406,15,0,0,0,0,6,139,0,0,,228,139,84,7,,0,0,0,0,100,100,0,0,139,,98,11,97,3,,,0,0,0,,0,0,,,,,0,,,,,,,,,,,,,,,,,,,,,,,,,,,,,,,,,,,,,,,,,,,,,,,,,,,,,,,,,,,,,,,,,,,,,,,,,,,,,,,,,,,,,,,,,,,,,,,,,0,0,0,0,,,,,,,,,,,,,,,14,37831669,85,71428571,,,,,,,,,,,,,,,,,,,,,,0,,,,,,,
2M-13-C4==,0,307,204,68,1,684,8460083,0,,0,0,0,0,7,5,127,0,0,,219,127,81,,0,0,0,0,100,100,0,0,127,,118,6,99,1,,,0,0,0,,0,0,,,,,0,,,,,,,,,,,,,,,,,,,,,,,,,,,,,,,,,,,,,,,,,,,,,,,,,,,,,,,,,,,,,,,,,,,,,,,,,,,,,,,,,,,,,,,,,,,,,,,,,0,0,0,0,,,,,,,,,,,,,,,11,8404699,88,23529412,,,,,,,,,,,,,,,,,,,,,,0,,,,,,,
tr2-Pentene,0,309,493,70,1,652,2630005,0,404,4833333,0,0,0,0,6,133,0,0,,225,133,85,14880659,,0,0,0,0,100,100,0,0,133,,106,7,100,3776273,,,0,0,0,,0,0,,,,,0,,,,,,,,,,,,,,,,,,,,,,,,,,,,,,,,,,,,,,,,,,,,,,,,,,,,,,,,,,,,,,,,,,,,,,,,,,,,,,,,,,,,,,,,,,,,,,,,,0,0,0,0,,,,,,,,,,,,,,,14,37831669,85,71428571,,,,,,,,,,,,,,,,,,,,,,0,,,,,,,
cis2-Pentene,0,310,083,70,1,659,5750122,0,403,9277778,0,0,0,0,6,122,0,0,,226,122,85,14880659,,0,0,0,0,100,100,0,0,122,,104,4,100,3776273,,,0,0,0,,0,0,,,,,0,,,,,,,,,,,,,,,,,,,,,,,,,,,,,,,,,,,,,,,,,,,,,,,,,,,,,,,,,,,,,,,,,,,,,,,,,,,,,,,,,,,,,,,,,,,,,,,,,0,0,0,0,,,,,,,,,,,,,,,14,37831669,85,71428571,,,,,,,,,,,,,,,,,,,,,,0,,,,,,,
Cyclopentane,0,322,398,70,13500214,748,8740234,0,289,95,0,0,0,0,6,179,0,0,,233,179,84,9,,100,100,0,0,0,0,0,0,179,,41,7,101,426,,,0,0,0,,0,0,,0,483269667509962,0,429891392256475,,0,,,,,,,,,,,,,,,,,,,,,,,,,,,,,,,,,,,,,,,,,,,,,,,,,,,,,,,,,,,,,,,,,,,,,,,,,,,,,,,,,,,,,,,,,,,,,,,,,0,0,0,0,,,,,,,,,,,,,,,14,37831669,85,71428571,,,,,,,,,,,,,,,,,,,,,,0,,,,,,,
Cyclopentene,0,317,38,68,1,776,5159912,0,458,3722222,0,0,0,0,7,5,138,0,0,,244,138,69,7,,100,100,0,0,0,0,0,0,138,,81,04,93,3,,,0,0,0,,0,0,,,,,0,,,,,,,,,,,,,,,,,,,,,,,,,,,,,,,,,,,,,,,,,,,,,,,,,,,,,,,,,,,,,,,,,,,,,,,,,,,,,,,,,,,,,,,,,,,,,,,,,0,0,0,0,,,,,,,,,,,,,,,11,8404699,88,23529412,,,,,,,,,,,,,,,,,,,,,,0,,,,,,,
22-Mpropane,0,282,648,72,2,595,5930176,0,291,7055556,0,0,0,0,5,257,0,0,,225,257,80,2,,0,0,0,0,0,0,100,100,257,,251,8,85,5,,,0,0,0,,0,0,,,,,0,,,,,,,,,,,,,,,,,,,,,,,,,,,,,,,,,,,,,,,,,,,,,,,,,,,,,,,,,,,,,,,,,,,,,,,,,,,,,,,,,,,,,,,,,,,,,,,,,100,100,0,0,,,,,,,,,,,,,,,16,75213296,83,33333333,,,,,,,,,,,,,,,,,,,,,,0,,,,,,,
33M-1-butene,0,314,397,84,16,657,1190186,0,,0,0,0,0,6,,0,0,,241,15,157,95,93,3,,0,0,0,0,100,100,0,0,,,91,82,111,77,,,0,0,0,,0,0,,,,,0,,,,,,,,,,,,,,,,,,,,,,,,,,,,,,,,,,,,,,,,,,,,,,,,,,,,,,,,,,,,,,,,,,,,,,,,,,,,,,,,,,,,,,,,,,,,,,,,,0,0,0,0,,,,,,,,,,,,,,,14,3716,85,71428571,,,,,,,,,,,,,,,,,,,,,,0,,,,,,,
H2O,0,373,148,18,01510048,997,9860229,0,,0,0,0,0,0,,0,0,,,,,,0,0,0,0,0,0,0,0,,,,,,,0,0,0,,0,0,,0,698140124178851,0,560124358458913,0,474686748589316,0,,,,,,,,,,,,,,,,,,,,,,,,,,,,,,,,,,,,,,,,,,,,,,,,,,,,,,,,,,,,,,,,,,,,,,,,,,,,,,,,,,,,,,,,,,,,,,,,,0,0,0,0,,,,,,,,,,,,,,0,279783740086422,11,18972388,0,,,,,,,,,,,,,,,,,,,,,,0,,,,,,,
36-40C*,0,00618568587388629,313,149994,72,5331518059242,639,513748228829,0,00130129206071646,348,110018461588,0,0,0,0,5,25205205943748,134,197794574551,0,0,33,1618509577034,217,646750549257,141,121691008908,66,5646401552497,75,3217313552497,13,9899814060168,40,1850207096376,0,0,0,0,86,0100185939832,59,8149792903624,53,15,1,36015298285455,226,428030710896,68,4998977347305,77,2569889347305,25,3811952965048,4,40301377215723E-05,0,000111066583020573,2,83891526514241E-12,94,1972145768408,0,5,56339766358146E-09,57,642283870518,0,452732129090111,0,410351205615085,0,378103961097434,0,0132524883876498,0,0,0,0,0,0,0,0,0,0,0,0,0,0,0,0,0,0,0,0,0,0,0,0,0,0,0,0,0,0,0,0,0,0,0,0,0,0,0,0,0,0,0,0,0,0,0,0,0,0,0,0,0,0,0,0,0,0,0,0,0,0,0,0,0,0,0,0,0,0,0,0,0,0,0,0,0,0,0,0,0,0,0,0,0,0,0,0,0,0,0,0,0,0,0,0,0,0,59,8149792903624,86,0100185939832,0,0,0,0,0,0,0,0,0,0,0,0,311,149997,0,293140883210326,16,6009419861584,83,3951818415152,0,0,0,0,0,0,0,0,0,0,0,0,0,0,8,15610360780405E-12,1,83132889606482E-11,0,0,1,43846624476262E-14,7,51823589009149E-12,0,0,5,50133423766394E-09,0,0,48385,1484647938,44827,6632989859,0,
40-50C*,0,0165719672762222,323,149994,75,3731728082518,652,007115652377,0,00114247720193224,345,646585363892,1,20241260333127,0,0,0,5,18130516436468,136,181517787157,0,0,33,7459775458312,222,208058553001,144,302808897597,64,9201577431987,73,6772489431987,14,4890338420266,42,0771849937687,0,0,0,0,84,3085535546421,57,9228150062313,53,15,1,36598868335844,147,705179960563,66,8196386219835,75,5767298219835,25,0692283393514,5,03973675574259E-05,0,000123502277566067,1,27751186931408E-11,66,689087343625,0,2,50352894861166E-08,56,8672594939908,0,464957600929297,0,42035151007136,0,38645610815738,0,0162198539380598,88,8140300791254,90,1103328308466,0,0,0,0,0,0,0,0,0,0,0,0,0,0,0,0,0,0,0,0,0,0,88,8140300791254,90,1103328308466,0,0,0,0,0,0,0,0,0,0,0,0,0,0,0,0,0,0,0,0,0,0,0,0,0,0,0,0,0,0,0,0,0,0,0,0,0,0,0,0,0,0,0,0,0,0,0,0,0,0,0,0,0,0,0,0,0,0,0,0,0,0,0,0,0,0,0,0,0,0,57,9228150062313,84,3085535546421,0,0,0,0,0,0,0,0,0,0,0,0,0,0,318,15,0,297344784544552,16,3916362578857,83,6042800534037,0,0,0,0,0,0,0,0,0,0,0,0,0,0,3,67024662351182E-11,8,2409800322917E-11,0,0,6,47309810143178E-14,3,38320615054117E-11,0,0,2,47560040694877E-08,0,0,48195,916889255,44696,2890699552,0,
50-60C*,0,018138590991974,333,149994,79,4987828688048,669,471872762223,0,0009315364768034,342,105200400894,1,93808125429731,0,0,0,5,14750226833549,139,13225588175,0,0,33,8005820924384,226,769366556745,149,08025853827,62,5785553673161,71,3356465673161,19,1840498617601,44,7776806608499,0,0,0,0,78,8778688839426,55,2223193391501,53,15,1,37438547304442,35,2439646029443,64,4192684609163,73,1763596609163,24,6658546001242,5,84529647730346E-05,0,000140471019346104,2,69696950188529E-11,46,9073840140768,0,5,28522778040238E-08,55,8621509069672,0,488707784968855,0,440712567590972,0,404303485433875,0,0204589475815026,45,6047376582927,45,9178805197051,18,2365467173488,18,0138642861558,35,1855032751227,35,2143798066344,3,18113684641383E-09,3,13045178770216E-09,0,0,0,0,0,0,0,0,0,0,0,0,0,0,0,0,99,0267876539454,99,1461246156258,0,0,0,0,0,0,0,0,0,0,0,0,0,0,0,0,0,0,0,0,0,0,0,0,0,0,0,0,0,0,0,0,0,0,0,0,0,0,0,0,0,0,0,0,0,0,0,0,0,0,0,0,0,0,0,0,0,0,0,0,0,0,0,0,0,0,0,0,0,0,55,2223193391501,78,8778688839426,0,0,0,0,0,0,0,0,0,0,0,0,0,0,328,15,0,30804259267432,16,0776308254138,83,9182962618456,0,0,0,0,0,0,0,0,0,0,0,0,0,0,7,74829842741385E-11,1,73976245126158E-10,0,0,1,36654293252449E-13,7,14232409558692E-11,0,0,5,22626752578074E-08,0,0,47943,2233181581,44520,8562808484,0,
60-70C*,0,0196928562834764,343,149994,83,7014322920404,686,417732469253,0,000739345921748577,338,53770388092,1,07898571750858,0,0,0,000742252683944073,5,16667995809651,142,228884974356,0,0,33,3114748137357,231,330674560489,154,08683595264,60,2473309394898,69,0044221394898,26,2684355364261,47,4723493295703,0,0,000781318614677972,0,0,72,6525787460653,52,5276506704297,53,15,1,38279889835351,27,1248966182375,62,0188982998492,70,7759894998492,24,3037644238381,0,000123623959513385,0,000156502659782499,4,11642713445649E-11,32,7730229688828,0,8,06692661219311E-08,54,9570283135668,0,514818615174905,0,463091956431563,0,423933628989984,0,0246980412249455,0,0,0,00010701737993301,0,000106617648560133,18,4206721552588,18,5939754325206,23,2967310386206,23,1222533922457,0,0,0,0,0,0,0,0,0,0,0,0,0,0,0,0,41,7175102112593,41,7163354424148,0,0,0,0,0,0,0,0,0,0,58,277950523024,58,2796647750464,0,0,0,0,0,0,0,0,0,0,0,0,0,0,0,0,0,0,0,0,0,0,0,0,0,0,0,0,0,0,0,0,0,0,0,00453926571677091,0,00399978253876699,0,0,0,0,0,0,0,0,0,0,0,00453926571677091,0,00399978253876699,0,0,0,0,0,0,0,0,0,0,21,9142227769727,30,3092057595928,30,613427893457,42,3433729864726,0,0,0,0,0,0,0,0,0,0,0,0,338,15,0,319870115922679,15,7515003884317,84,2447449625027,0,0,0,0,0,0,0,0,0,0,0,0,0,0,1,18263502313159E-10,2,65542689929399E-10,0,0,2,0857760549058E-13,1,09014420406327E-10,0,0,7,97693464461271E-08,0,0,47710,328894201,44359,1690713762,0,
70-80C*,0,0219626332167019,353,149994,87,9780447242184,702,768678885471,0,000565905536767768,334,944095803969,0,935522014447912,2,10865405020052,0,0,00151296613651409,5,23067719781882,145,480763963589,0,0,32,5544957835256,261,223747297896,159,272558256612,56,7284569581991,65,4855481581991,33,4317948445418,48,2996808611774,0,0,00159259593317273,0,0,65,6326831410103,49,5916650886221,58,242142612431,1,39116427267351,23,0067002754289,58,1732898022995,66,9303810022995,23,9735430210545,0,000189864739494314,0,000171597198875251,5,53588476702769E-11,22,7403242732689,0,1,08486254439838E-07,54,1291909945364,0,543566656047264,0,487718861514242,0,445545042207804,0,0289371348683883,0,0,0,0,0,0,0,0,1,70109705829895,1,90674441286142,0,88485822958979,0,993255753701387,0,0,0,0,0,0,0,0,0,0,0,0,0,0,2,58595528788874,2,9000001665628,0,0,0,0,0,0,0,0,0,877528622501535,1,00484288206963,0,0,0,0,0,0,0,0,0,0,0,0,0,0,0,0,0,0,0,0,0,0,6,9857571386073,6,00871492192437,0,0,0,0,0,0,0,0,0,0,82,60107964833,83,341361896089,6,94967930267247,6,74508013335416,0,0,0,0,0,0,0,0,89,5507589510025,90,0864420294432,0,0,0,0,0,0,0,0,0,0,37,0268295996441,48,7432630890384,12,564835488978,16,8894200519719,0,0,0,0,0,0,0,0,0,0,0,0,348,15,0,332946925510334,15,419376967059,84,5774341831005,0,0,0,0,0,0,0,0,0,0,0,0,0,0,1,59044020352179E-10,3,5710913473264E-10,0,0,2,80500917728711E-13,1,46605599856784E-10,0,0,1,07276017634447E-07,0,0,47496,2576579821,44210,5498806527,0,
80-90C*,0,0171326539755822,363,149994,92,3281613173383,718,448696122887,0,000411215321860973,331,32437617004,5,09665293843474,6,656928596341,0,0,00228367958908411,5,33234829326755,148,897251748065,0,0,31,7112910127095,268,141955218325,164,587442566094,54,5082313668566,63,2653225668566,37,0851649927879,46,8631388589573,0,0,00240387325166748,0,0,57,8181820687774,46,4799325447017,66,5967511993207,1,39941220621915,18,8885039326203,55,8761509509811,64,6332421509811,23,6657756023348,0,000256105519475243,0,00018575463662436,6,9553423995989E-11,15,6673092791443,0,1,36303242757746E-07,53,3556018648808,0,575268219301706,0,514853972206032,0,469362585332104,0,0331762285118312,0,0,0,0,0,0,0,0,0,0468660042079757,0,0525481864798263,2,25972036058202,2,53733908964913,0,0,0,0,4,02319189308651,4,37475117590078,10,7792941886752,12,0051136509921,0,00214442464421099,0,00235831868312603,2,37105243478732E-12,2,56676268505596E-12,0,0,17,1112168711982,18,9721104217076,0,0,0,0,0,0,0,0,0,0,0,0,0,0,0,0,0,0,0,0,0,0,0,0,0,0,0,0,0,0,0,0,4,58581318901052,3,94567120035762,0,0,0,0,0,0,0,0,0,0,0,0,44,1472121449873,42,8609752947723,0,0,0,0,0,0,0,0,44,1472121449873,42,8609752947723,34,1557577948039,34,2212430831625,0,0,0,0,0,0,0,0,46,4799325447017,57,8181820687774,0,0,0,0,0,0,0,0,0,0,0,0,0,0,358,15,0,347406388765277,15,0873925814154,84,9101719513647,0,0,0,0,0,0,0,0,0,0,0,0,0,0,1,99824538391199E-10,4,48675579535881E-10,0,0,3,52424229966842E-13,1,84196779307242E-10,0,0,1,34782688822767E-07,0,0,47300,1228426746,44074,3830698353,0,
90-100C*,0,0183399552644552,373,149994,96,9458729998713,733,381768293505,0,000275275277028193,327,678544979135,6,4666987435603,10,9481283488548,0,0,00305439304165413,5,46501143944239,152,4877072264,0,0,30,9047082048726,275,043226968107,169,981505996989,52,8513093942354,61,6084005942354,44,324225727073,45,5389737983713,0,0,00321515057016224,0,0,49,2090755293667,43,5128978527739,75,0601761025646,1,4074690826425,14,7703075898117,54,2396924820548,62,9967836820548,23,3710473782407,0,000322346299456172,0,000198974973029826,8,3748000321701E-11,10,7156648150324,0,1,64120231075653E-07,52,6129406633441,0,610286340911198,0,544794770802583,0,49564174615061,0,037415322155274,0,0,0,0,0,0,0,0,0,0,0,0,0,0,0,0,2,42052071444278,2,39063088729454,15,5004431419985,15,6798238352653,23,8886406142003,23,8618577589534,1,52996480014728,1,5043438381535,0,0,43,3395692707888,43,4366563196667,0,0,0,0,0,0,0,0,0,0,53,8515738615957,54,0563111441936,0,0,0,0,0,0,0,0,0,0,0,0,0,0,0,0,0,0,0,0,0,0,0,0,0,0,0,0,0,0,0,0,0,0,0,0,0,0,0,0,0,0,0,0,0,0,2,80885686761544,2,50703253613967,0,0,0,0,0,0,0,0,19,4033138193915,21,924429599191,24,1095840333825,27,2846459301757,0,0,0,0,0,0,0,0,0,0,0,0,368,15,0,363397571364803,14,7616792516206,85,236766295021,0,0,0,0,0,0,0,0,0,0,0,0,0,0,2,40605056430219E-10,5,40242024339122E-10,0,0,4,24347542204973E-13,2,21787958757699E-10,0,0,1,62289360011086E-07,0,0,47121,1283753205,43950,1159643988,0,
100-110C*,0,0194314278933379,383,149994,101,7449422828,747,491879509332,0,00023834931652224,324,006602231252,7,99533883722573,15,0093063634055,0,0,00382510649422414,5,62203425487224,156,26148929721,0,0,30,220019349679,281,929104575811,175,404765665203,51,622120178749,60,379211378749,52,1992976399961,44,3056308916406,0,0,00402642788865699,0,0,39,8053635227782,40,685062744954,83,6324173221628,1,41525770107636,10,6521112470031,53,0987442999225,61,8558354999225,23,0799435593334,0,000351706787091067,0,00021125820809165,9,7942576647413E-11,7,27405367643317,0,1,9193721939356E-07,51,8776387051332,0,649039209660804,0,577881874637378,0,524673733742646,0,0416544157987169,0,0,0,0,0,0,0,0,0,0,0,0,0,0,0,0,0,0,0,0,0,0,0,0,0,0,0,0,0,0,0,0,0,0,0,0,0,0,0,0471870652636663,0,0532096030716863,0,0,0,0,0,0,0,0,0,0,0,0,0,0,0,0,0,0,0,0,0,0,2,65432318652913,2,36275888930363,0,0,0,0,0,0,0,0,0,0,0,0,0,0,0,0,0,0,0,0,0,0,97,2984897482072,97,5840315076247,0,0,0,0,0,0,0,0,40,6378756796903,39,7521539197065,0,0471870652636663,0,0532096030716863,0,0,0,0,0,0,0,0,0,0,0,0,378,15,0,381087457839613,14,4483689977941,85,5510252417951,0,0,0,0,0,0,0,0,0,0,0,0,0,0,2,8138557446924E-10,6,31808469142363E-10,0,0,4,96270854443103E-13,2,59379138208156E-10,0,0,1,89796031199406E-07,0,0,46958,5696960574,43837,2594228854,0,
110-120C*,0,0203879939679884,393,149994,106,709299521215,760,703013882376,0,000100177526928996,320,308547926392,9,68257321943105,18,8618614596812,0,0,00459581994679416,5,79653840118418,160,227956859109,0,0,29,7182580775331,288,800875057926,180,807238686644,50,685092858811,59,442184058811,60,7103807315571,43,1496339156715,0,0,00483770520715175,0,0,29,6070460490119,37,9885046246473,92,313474858115,1,42269809645832,6,5339149041945,52,2881363089862,61,0452275089862,22,7830493561744,0,000436203976824543,0,00022260434180983,1,12137152973125E-10,4,89968911879822,0,2,19754207711468E-07,51,1258951978838,0,692010395434905,0,61450667359409,0,556791577801063,0,0458935094421597,0,0,0,0,0,0,0,0,0,0,0,0,0,0,0,0,0,0,0,0,0,0,0,0,0,0,0,0,28,0444301892412,30,8087843549695,0,0,0,0,0,0,0,0,0,0,0,0,0,0,0,0,0,0,0,0,0,0,0,0,0,0,0,0,0,0,0,0,20,5613689063356,18,3506649162924,0,0,0,0,0,0,0,0,0,0,0,0,0,0,0,0,0,0,0,0,0,0,0,0,51,3942009044232,50,840550728738,0,0,0,0,0,0,37,9885046246473,29,6070460490119,0,0,0,0,0,0,0,0,0,0,0,0,0,0,388,15,0,40066355155825,14,1535938400558,85,8467568194125,0,0,0,0,0,0,0,0,0,0,0,0,0,0,3,2216609250826E-10,7,23374913945604E-10,0,0,5,68194166681234E-13,2,96970317658614E-10,0,0,2,17302702387726E-07,0,0,46861,5217266978,43765,3439679583,0,
120-130C*,0,0211874027193067,403,149994,111,65219894394,771,513191037604,0,00199540923893585,317,88986548206,11,5861557938041,22,5226276775628,0,0,0100543848266578,5,9517753191702,164,507412224229,0,0,30,0666454707369,295,659628714321,185,930249183735,49,9331758625757,58,6902670625757,66,430247056961,42,0592120194346,0,0,0105835629754292,0,0,21,9835971492349,35,4181603030026,101,144894836665,1,42891850178885,3,43391396581047,51,642698413648,60,399789613648,22,4377385970963,0,000692076418260031,0,000230036752227469,1,91637654847179E-09,3,27410946973025,0,3,75550652857384E-06,50,2492534598058,0,739590507069996,0,654668881170962,0,591989433918974,0,0501326030856026,0,0,0,0,0,0,0,0,0,0,0,0,0,0,0,0,0,0,0,0,0,0,0,0,0,0,0,0,8,23115655943568E-05,8,60685845666443E-05,0,0,0,0,0,0,0,0,0,0,59,5210462012838,62,0555560636541,0,0,0,0,0,0,0,0,0,0,0,0,0,0,0,0,0,0,0,0,0,0,0,0,0,0,0,0,0,0,0,0,0,0,0,0,0,0,0,0,0,0,0,0,0,0,40,4788714871506,37,9443578677613,0,0,0,0,0,0,0,0,35,4181603030026,21,9835971492349,0,0,0,0,0,0,0,0,0,0,0,0,398,15,0,422116257620596,13,9370601998373,86,0638856187761,0,0567473167268424,0,0,0,0,0,0,0,0,0,0,0,0,0,5,5056823543896E-09,1,23621715380128E-08,0,0,9,71019815588994E-12,5,07509721144407E-09,0,0,3,71361133874323E-06,0,0,46733,0401809682,43673,1497299275,0,
130-140C*,0,0217200308296111,413,149994,116,817422245994,778,197944765299,0,0092520118463106,318,814543133674,13,6995072681963,26,0312169485167,0,0,0278731675306389,6,03601076591083,169,293505477907,0,0,31,9736847490235,302,506300924676,190,377148542432,49,2637673348911,58,0208585348911,63,3442778558482,40,9459326899123,0,0,029340176348041,0,0,22,9562148759555,33,022850361571,110,195690682463,1,43287489004746,2,7971534239352,50,9972605183097,59,7543517183097,21,9794281428699,0,00138021243143453,0,000229281146604022,8,8153588908474E-09,2,16992315290012,0,1,72753824882168E-05,49,0819085624247,0,79233282865909,0,698153200864556,0,630073168184393,0,0543716967290455,0,0,0,0,0,0,0,0,0,0,0,0,0,0,0,0,0,0,0,0,0,0,0,0,0,0,0,0,0,0,4,62647976488445E-16,5,14578754691033E-16,0,0,0,0,0,0,0,0,0,0,0,0,0,0,0,0,0,0,0,0,0,0,0,0,0,0,0,0,0,0,0,0,9,99761569810768,9,28859438813223,4,27696516170473E-18,3,90047270728008E-18,10,4171839459427,9,70811808803624,10,4229529612989,9,64869541454615,0,0,0,0,30,8377526053493,28,6454078907146,0,0,0,0,0,0,0,0,0,0,69,1622473946507,71,3545921092854,0,0,0,0,0,0,33,022850361571,22,9562148759555,0,0,0,0,0,0,0,0,0,0,0,0,0,0,408,15,0,44532039702203,13,8720037328814,86,1286909977579,0,263117377808215,0,0,0,0,0,0,0,0,0,0,0,0,0,2,53262157333609E-08,5,68661617492164E-08,0,0,4,46670471487846E-11,2,3345518061414E-08,0,0,1,70826640298055E-05,0,0,46646,9367908942,43609,5022091682,0,
140-150C*,0,0222456787746468,423,149994,122,189441170625,790,219543971005,0,0165086144536854,319,780395712244,15,8128587425885,29,353348689726,0,0,0456919502346201,6,25186570277033,174,272730450659,0,0,31,3705269786779,309,341702896494,194,705287612276,48,3505307182999,57,1076219182999,60,2583086547354,39,8972970762109,0,0,0480967897206528,0,0,23,9288326026761,30,7493542340631,119,344955777857,1,43983894261716,2,26249754056682,50,1866525273735,58,9437437273735,21,4953542340315,0,00206834844460903,0,000228525540980576,1,5714341233223E-08,1,42597351899186,0,3,07952584478597E-05,47,8441982522771,0,851645871279974,0,746797587512865,0,67260950701088,0,0586107903724883,0,0,0,0,0,0,0,0,0,0,0,0,0,0,0,0,0,0,0,0,0,0,0,0,0,0,0,0,0,0,75,659100020768,78,7964311546239,0,0,0,0,0,0,0,0,0,0,2,09071088771954,2,1891235061659,0,0,0,0,0,0,0,0,0,0,0,0,0,0,0,0,0,0,0,0,0,871913609068043,0,758527286897507,21,3663728060047,18,2455317399358,0,0118261046830112,0,0103197845083756,3,36450791901357E-13,2,91637634080289E-13,0,0,0,0,22,2501125197561,19,014378811342,7,65717563699439E-05,6,65278682282236E-05,0,0,0,0,0,0,0,0,0,0,0,0,0,0,0,0,28,6586433463435,21,7397090965102,2,09071088771954,2,1891235061659,0,0,0,0,0,0,0,0,0,0,0,0,418,15,0,471147883036827,13,8069472659255,86,1934963767398,0,469487438889587,0,0,0,0,0,0,0,0,0,0,0,0,0,4,51467491123321E-08,1,0137015196042E-07,0,0,7,96238961416793E-11,4,1615938911384E-08,0,0,3,04517167208678E-05,0,0,46480,7075010671,43483,6866532461,0,
150-160C*,0,0224832095382619,433,149994,127,785803552944,797,707637783289,0,0237652170610601,320,765519347138,17,9262102169807,32,4955795661359,0,0,0635107329386013,6,37649157802352,179,412392116018,0,0,32,513013576872,316,166544788216,198,943790138715,47,4422822224856,56,1993734224856,57,1723394536227,38,9298151185178,0,0,0668534030932646,0,0,24,9014503293966,28,5746053153463,128,576941755053,1,44424969844788,1,77562958957235,49,2728132266884,58,0299044266885,20,9886911023012,0,00275648445778353,0,000227769935357129,2,26133235755986E-08,0,928922263560238,0,4,43151344075027E-05,46,543509923271,0,918581649785723,0,801378042376198,0,720247909898524,0,0628498840159312,0,0,0,0,0,0,0,0,0,0,0,0,0,0,0,0,0,0,0,0,0,0,0,0,0,0,0,0,0,0,0,0,0,0,0,0,0,0,0,0,0,0,10,4656431115772,11,7327741338764,0,0,0,0,0,0,0,0,0,0,0,0,0,0,0,0,0,0,0,0,0,0,0,0,0,0,0,0,0,0,0,0,0,0,28,7736957177281,26,7663499159822,0,0,0,0,0,0,0,0,0,0,60,7606611706947,61,5008759501414,0,0,0,0,18,1089622037691,13,1686761955203,10,4656431115772,11,7327741338764,0,0,0,0,0,0,0,0,0,0,0,0,428,15,0,499941425825489,13,7418907989695,86,2583017557216,0,675857499970959,0,0,0,0,0,0,0,0,0,0,0,0,0,6,49672824913034E-08,1,45874142171624E-07,0,0,1,14580745134574E-10,5,98863597613539E-08,0,0,4,38207694119301E-05,0,0,46370,5113061903,43398,6810463523,0,
160-170C*,0,0219535803189132,443,149994,133,623203799348,804,410826197861,0,0310218196684349,321,769914038354,20,0395616913729,35,4707663709623,0,0,0813295156425825,6,48928493268928,184,679795447516,0,0,33,8000671357198,322,981453432259,203,121779867197,46,6525502191354,55,4096414191354,54,0863702525099,38,0507012183352,0,0,0856100164658763,0,0,25,8740680561172,26,4785324107024,137,875900246253,1,44819359938323,1,33654957095177,48,4828514977019,57,2399426977019,20,4626129793993,0,00344462047095803,0,000227014329733682,2,95123059179742E-08,0,599691777132532,0,5,78350103671456E-05,45,1873297435878,0,994405415245388,0,862817699209961,0,773756756755455,0,067088977659374,0,0,0,0,0,0,0,0,0,0,0,0,0,0,0,0,0,0,0,0,0,0,0,0,0,0,0,0,0,0,0,0,5,03746143042917E-05,5,46224804804724E-05,0,0,0,0,0,0,0,0,0,0,8,40034227454459E-06,9,14567489283342E-06,0,0,0,0,0,0,0,0,0,0,0,0,0,0,0,0,0,0,0,0,0,0,0,0,0,0,0,0,0,0,0,0,0,0,0,0,0,0,0,0,0,0,0,0,99,9999412250434,99,9999362318447,0,0,0,0,26,4785240103602,25,8740589104423,8,40034227454459E-06,9,14567489283342E-06,0,0,0,0,0,0,0,0,0,0,0,0,438,15,0,532098283180669,13,6768343320136,86,3231071347034,0,882227561052331,0,0,0,0,0,0,0,0,0,0,0,0,0,8,47878158702747E-08,1,90378132382827E-07,0,0,1,49537594127469E-10,7,81567806113239E-08,0,0,5,71898221029924E-05,0,0,46267,9785384279,43318,7079552987,0,
170-180C*,0,0213956379824554,453,149994,139,717203571439,810,439240274115,0,0382784222758096,322,793579785893,22,1529131657651,38,2923306517201,0,0,0991482983465637,6,59046926867454,190,042245418687,0,0,35,197810909498,329,786986146791,207,268380543172,45,8763137025515,54,6334049025515,51,0004010513971,37,2692019626071,0,0,104366629838488,0,0,26,8466857828378,24,4384673856728,147,226082883664,1,45172299558057,0,945257484705093,47,6928897687154,56,4499809687154,19,920294097046,0,00413275648413253,0,000226258724110236,3,64112882603498E-08,0,383559308039418,0,7,13548863267885E-05,43,7832565221181,1,08064864045452,0,932221022900322,0,834050047420239,0,0713280713028169,0,0,0,0,0,0,0,0,0,0,0,0,0,0,0,0,0,0,0,0,0,0,0,0,0,0,0,0,0,0,0,0,84,4421952467256,84,5988402564131,0,0,0,0,0,0,0,0,0,0,12,7294908829932,12,8048655201611,0,0,0,0,0,0,0,0,0,0,0,0,0,0,0,0,0,0,0,0,0,0,0,0,0,0,0,0,0,0,0,0,0,0,1,15520625384563E-09,9,83753106310504E-10,0,0,0,0,0,0,0,0,0,0,2,82831386912601,2,596294222442,0,0,11,7089765026797,14,0418202626767,12,7294908829932,12,8048655201611,0,0,0,0,0,0,0,0,0,0,0,0,448,15,0,568080905643018,13,6117778650576,86,3879125136852,1,0885976221337,0,0,0,0,0,0,0,0,0,0,0,0,0,1,04608349249246E-07,2,34882122594031E-07,0,0,1,84494443120363E-10,9,64272014612938E-08,0,0,7,05588747940547E-05,0,0,46172,8867703213,43243,9113199232,0,
180-190C*,0,0212040033971597,463,149994,146,081888071994,815,903011071445,0,0455350248831844,323,836516589754,24,2662646401573,40,4851234263084,0,0,116967081050545,6,68105524148666,195,467047003062,0,0,36,6725564691002,336,583641658298,211,412715912088,45,1113700515461,53,8684612515461,47,9144318502844,37,2678844853152,0,0,1231232432111,0,0,27,8193035095584,22,2469920883765,156,611741299488,1,45489447123396,0,941650461798957,46,9029280397289,55,6600192397289,19,3649086869614,0,00482089249730703,0,000225503118486789,4,33102706027254E-08,0,242975333809528,0,8,48747622864315E-05,42,3390134791416,1,17917765130088,1,01091745468681,0,902221226219332,0,0755671649462597,0,0,0,0,0,0,0,0,0,0,0,0,0,0,0,0,0,0,0,0,0,0,0,0,0,0,0,0,0,0,0,0,0,0,0,0,0,0,0,0,0,0,0,0,0,0,0,0,0,0,0,0,0,0,0,0,0,0,0,0,0,0,0,0,0,0,0,0,0,0,0,0,0,0,0,0,0,0,0,0,35,158630813238,33,4670193927132,0,0,0,0,0,0,0,0,0,0,64,8413618279772,66,5329725634954,7,35878482142307E-06,8,04379132843515E-06,22,2469920883765,27,8193035095584,0,0,0,0,0,0,0,0,0,0,0,0,0,0,458,15,0,608430056547467,13,4310246531707,86,5785165981095,1,29496768321508,0,0,0,0,0,0,0,0,0,0,0,0,0,1,24428882628217E-07,2,79386112805235E-07,0,0,2,19451292113258E-10,1,14697622311264E-07,0,0,8,3927927485117E-05,0,0,46084,5221278844,43173,9450770476,0,
190-200C*,0,0210016190051621,473,149994,152,729445433717,820,912269649247,0,0466901908361352,324,898724449939,26,3796161145495,42,5547649965606,0,0,134785863754526,6,76270115638548,200,921505174175,0,0,38,190461137475,343,371868852483,215,583909719393,44,3555166449313,53,1126078449313,44,8284626491716,37,3553691950013,0,0,141879856583712,0,0,28,7919212362789,20,0898658084381,166,017127125932,1,45776774836866,0,526273211130372,46,1129663107424,54,8700575107424,18,7996309808658,0,00550902851048153,0,000224747512863342,5,0209252945101E-08,0,152398580138068,0,9,83946382460744E-05,40,8624579212512,1,29228327104606,1,10051753323516,0,979586337659288,0,0798062585897026,0,0,0,0,0,0,0,0,0,0,0,0,0,0,0,0,0,0,0,0,0,0,0,0,0,0,0,0,0,0,0,0,0,0,38,6915839336578,38,9719019683,0,0,0,0,0,0,0,0,0,0,4,29906488151753,4,33756580759768,0,0,0,0,0,0,0,0,0,0,0,0,0,0,0,0,0,0,0,0,0,0,0,0,0,0,0,0,0,0,0,0,0,0,0,0,0,0,0,0,0,0,0,0,0,0,57,0093511848247,56,6905322241023,15,7908009269206,24,4543554286812,4,29906488151753,4,33756580759768,0,0,0,0,0,0,0,0,0,0,0,0,468,15,0,653781072673582,13,4126136630733,86,5935778452157,1,50133774429645,0,0,0,0,0,0,0,0,0,0,0,0,0,1,44249416007188E-07,3,23890103016438E-07,0,0,2,54408141106152E-10,1,32968043161234E-07,0,0,9,72969801761793E-05,0,0,46001,8139181352,43108,1073917895,0,
200-210C*,0,0208080232884329,483,149994,159,669656352129,825,577147066914,0,0585858114036508,325,980203366446,28,4929675889417,44,5405234756874,0,0,152604646458507,6,83758576233302,206,372924905558,0,0,39,717304490491,350,152073867354,219,811085710536,43,6065508615191,52,3636420615191,41,7424934480588,37,5266628780451,0,0,160636469956323,0,0,29,7645389629995,17,9328136462675,175,426491995198,1,46040474792757,0,110895960461786,45,3230045817559,54,0800957817559,18,2276352104794,0,00619716452365603,0,000223991907239895,5,71082352874767E-08,0,0946120787502722,0,0,000111914514205717,39,3615888205229,1,42279895000198,1,20298563049822,1,0677394990191,0,333966317792578,0,0,0,0,0,0,0,0,0,0,0,0,0,0,0,0,0,0,0,0,0,0,0,0,0,0,0,0,0,0,0,0,0,0,2,62446685581779E-14,3,03949609363581E-14,0,0,0,0,0,0,0,0,0,0,1,45803714212099E-15,1,69147689260911E-15,0,0,0,0,0,0,0,0,0,0,0,0,0,0,0,0,0,0,0,0,0,0,0,0,0,0,0,0,0,0,0,0,0,0,87,9486988004832,87,9263683602482,0,0,0,0,0,0,0,0,0,0,0,0,17,9328136462675,29,7645389629995,0,0,0,0,0,0,0,0,0,0,0,0,0,0,478,15,0,704884134603277,13,4014755360491,86,5992498761687,1,60276193644229,0,0,0,0,0,0,0,0,0,0,0,0,0,1,6406994938616E-07,3,68394093227642E-07,0,0,2,89364990099047E-10,1,51238464011204E-07,0,0,0,000110666032867242,0,0,45923,4292626503,43045,4349623961,0,
210-220C*,0,0206764172096803,493,149994,166,804353974575,830,94624497927,0,0757569543892333,327,0890937916,28,7995488831655,46,4787941192801,0,0,714244393696854,6,93726665657473,211,530515063917,0,0,40,8449400689483,356,924625903101,224,510780547376,42,8435006682132,51,6005918682132,41,804501267207,37,7781859585372,0,0,751836203891425,0,0,29,3959498496275,15,7430199221828,184,873552534531,1,46342422052833,0,000604616115153939,44,5330428527694,53,2901340527694,17,6752714134599,0,0213263680363252,0,000213014171884375,2,12182280650499E-07,0,0581180077396885,0,0,000415811778152935,37,9057733998902,1,58142616669992,1,32507709865345,1,16876400204548,0,588126376995454,0,0,0,0,0,0,0,0,0,0,0,0,0,0,0,0,0,0,0,0,0,0,0,0,0,0,0,0,0,0,0,0,0,0,0,0,0,0,0,0,0,0,0,0,0,0,0,0,0,0,0,0,0,0,0,0,0,0,0,0,0,0,0,0,0,0,0,0,0,0,0,0,0,0,0,0,0,0,0,0,0,0,0,0,0,0,0,0,0,0,0,0,0,0,0,0,15,7430199221828,29,3959498496275,0,0,0,0,0,0,0,0,0,0,0,0,0,0,488,15,0,75546681667539,13,3597917627513,86,6184531574139,2,52061774312781,0,0,0,0,0,0,0,0,0,0,0,0,0,6,09592222062612E-07,1,36874652991344E-06,0,0,1,07511855742965E-09,5,61917594799375E-07,0,0,0,000411173119360313,0,0,45831,6920265805,42971,7828364406,0,
220-230C*,0,0205954334193252,503,149994,174,194293501312,836,472317046317,0,0945440489522894,328,219677088673,28,440710399289,48,4101813774875,0,1,47395065641907,7,04608094703982,216,542892154015,0,0,41,8055200853453,363,689862026194,229,439961878331,42,0773109918135,50,8344021918135,43,0130423755974,38,0997933719542,0,1,55152700675692,0,0,28,5462472251137,13,4900252505583,194,307811405673,1,46650426497975,0,00142944111327448,43,7430811237829,52,5001723237829,17,1294329061983,0,0423761664683303,0,000198725958519415,4,58073300122954E-07,0,0353116644106493,0,0,000897682279898993,36,4609219091961,1,76759401840709,1,46630756164825,1,28371030297322,0,84228643619833,0,0,0,0,0,0,0,0,0,0,0,0,0,0,0,0,0,0,0,0,0,0,0,0,0,0,0,0,0,0,0,0,0,0,0,0,0,0,0,0,0,0,0,0,0,0,0,0,0,0,0,0,0,0,0,0,0,0,0,0,0,0,0,0,0,0,0,0,0,0,0,0,0,0,0,0,0,0,0,0,0,0,0,0,0,0,0,0,0,0,0,0,0,0,0,0,13,4900252505583,28,5462472251137,0,0,0,0,0,0,0,0,0,0,0,0,0,0,498,15,0,809590618230966,13,307575127442,86,6441317255743,3,5544372222682,0,0,0,0,0,0,0,0,0,0,0,0,0,1,31602846398592E-06,2,95494156282561E-06,0,0,2,32103785535435E-09,1,21310528974323E-06,0,0,0,000887668033022362,0,0,45735,6923742516,42894,3970054332,0,
230-240C*,0,0205602222863092,513,150024,181,883867072697,841,819257273406,0,113331143515345,329,368101093352,28,0733652944358,49,9520184958417,0,2,23365691914129,7,15336520153309,221,49949546976,0,0,42,741019766279,370,448091176164,234,444424789491,41,3147039522129,50,0717951522129,44,2215834839877,39,0640424665458,0,2,35121780962241,0,0,27,7050512215765,10,9839390376125,203,690112783714,1,46944452022808,0,00225426611139503,42,9531193947964,51,7102105947964,16,5823268378729,0,0641887639824954,0,000184913851467741,7,03964319595408E-07,0,021213230353765,0,0,00137955278164505,35,006496396236,1,98340737080061,1,6280421649964,1,41467945783534,1,09644649540121,0,0,0,0,0,0,0,0,0,0,0,0,0,0,0,0,0,0,0,0,0,0,0,0,0,0,0,0,0,0,0,0,0,0,0,0,0,0,0,0,0,0,0,0,0,0,0,0,0,0,0,0,0,0,0,0,0,0,0,0,0,0,0,0,0,0,0,0,0,0,0,0,0,0,0,0,0,0,0,0,0,0,0,0,0,0,0,0,0,0,0,0,0,0,0,0,10,9839390376125,27,7050512215765,0,0,0,0,0,0,0,0,0,0,0,0,0,0,508,15,0,870592495669437,13,2570499866015,86,6698102937347,4,58825670140858,0,0,0,0,0,0,0,0,0,0,0,0,0,2,02246470590922E-06,4,54113659573779E-06,0,0,3,56695715327905E-09,1,86429298468708E-06,0,0,0,00136416294668441,0,0,45641,3914462007,42818,1053657236,0,
240-250C*,0,0207755748173386,523,150024,189,88267084426,846,995336468564,0,132118238078401,330,533483649403,27,697513568606,51,7742528601817,0,2,9933631818635,7,25884640037751,226,395599080334,0,0,43,6546001428402,377,199597533784,239,511310258536,40,5555141332509,49,3126053332509,45,430124592378,39,7817077271693,0,3,1509086124879,0,0,26,872361839016,8,44403941264909,212,99934792873,1,4722481622292,0,00307909110951557,42,1631576658099,50,9202488658099,16,0346159481053,0,0867641605788203,0,000171577850729352,9,49855339067863E-07,0,0125952540633132,0,0,00186142328339111,33,5442267383751,2,23467737668637,1,81391419301858,1,56444269406117,1,35060655460408,0,0,0,0,0,0,0,0,0,0,0,0,0,0,0,0,0,0,0,0,0,0,0,0,0,0,0,0,0,0,0,0,0,0,0,0,0,0,0,0,0,0,0,0,0,0,0,0,0,0,0,0,0,0,0,0,0,0,0,0,0,0,0,0,0,0,0,0,0,0,0,0,0,0,0,0,0,0,0,0,0,0,0,0,0,0,0,0,0,0,0,0,0,0,0,0,8,44403941264909,26,872361839016,0,0,0,0,0,0,0,0,0,0,0,0,0,0,518,15,0,939603682313813,13,2080474283929,86,695488861895,5,62207618054897,0,0,0,0,0,0,0,0,0,0,0,0,0,2,72890094783252E-06,6,12733162864996E-06,0,0,4,81287645120375E-09,2,51548067963093E-06,0,0,0,00184065786034646,0,0,45548,8790463605,42743,0246298898,0,
250-260C*,0,0225287420492115,533,150024,198,198068917066,852,008825439813,0,150905332641458,331,714942600591,27,3131552217996,53,3733789331549,0,3,75306944458572,7,36229542213189,231,226477054916,0,0,44,5487221666096,383,944643372887,244,62775926315,39,7995761187671,48,5566673187672,46,6386657007683,40,8686675083068,0,3,95059941535339,0,0,26,0481790774321,5,75795355853827,222,214408100799,1,47491865858203,0,00390391610763612,41,3731959368234,50,1302871368234,15,4869629765169,0,110102356257305,0,000158717956304248,1,19574635854032E-06,0,00738824050957575,0,0,00234329378513717,32,0758729650849,2,52858797350486,2,02833433547004,1,73636031047572,1,60476661380696,0,0,0,0,0,0,0,0,0,0,0,0,0,0,0,0,0,0,0,0,0,0,0,0,0,0,0,0,0,0,0,0,0,0,0,0,0,0,0,0,0,0,0,0,0,0,0,0,0,0,0,0,0,0,0,0,0,0,0,0,0,0,0,0,0,0,0,0,0,0,0,0,0,0,0,0,0,0,0,0,0,0,0,0,0,0,0,0,0,0,0,0,0,0,0,0,5,75795355853827,26,0481790774321,0,0,0,0,0,0,0,0,0,0,0,0,0,0,528,15,1,0179915054291,13,1603985409793,86,7652217765613,6,65589565968936,0,0,0,0,0,0,0,0,0,0,0,0,0,3,43533718975583E-06,7,71352666156213E-06,0,0,6,05879574912844E-09,3,16666837457477E-06,0,0,0,00231715277400851,0,0,45542,1002913941,42747,9796167015,0,
260-270C*,0,0225998267103342,543,150024,206,834329108748,856,86799499518,0,169692427204514,332,911595790681,26,9202902540165,54,9315085927123,0,4,51277570730793,7,46352579477525,235,987403462688,0,0,45,4252587626203,377,071287725423,249,780912781015,39,046724492601,47,803815692601,47,8472068091586,42,1030071814681,0,4,75029021821888,0,0,25,2325029368249,2,96548422581963,231,314184559996,1,47745974083471,0,00472874110575666,40,5832342078369,49,3403254078369,14,9400306627294,0,13420335101795,0,00014633416819243,1,44163737801277E-06,0,00427979722025108,0,0,00282516428688323,30,6032252956385,2,874071745715,2,27668389196823,1,93452977116405,1,85892667300983,0,0,0,0,0,0,0,0,0,0,0,0,0,0,0,0,0,0,0,0,0,0,0,0,0,0,0,0,0,0,0,0,0,0,0,0,0,0,0,0,0,0,0,0,0,0,0,0,0,0,0,0,0,0,0,0,0,0,0,0,0,0,0,0,0,0,0,0,0,0,0,0,0,0,0,0,0,0,0,0,0,0,0,0,0,0,0,0,0,0,0,0,0,0,0,0,2,96548422581963,25,2325029368249,0,0,0,0,0,0,0,0,0,0,0,0,0,0,538,15,1,10741989785357,13,1139344125239,86,7873303954433,6,83355563533102,0,0,0,0,0,0,0,0,0,0,0,0,0,4,14177343167913E-06,9,29972169447431E-06,0,0,7,30471504705314E-09,3,81785606951862E-06,0,0,0,00279364768767056,0,0,45453,8421895019,42676,0661588076,0,
270-280C*,0,0225779584767231,553,150024,215,792033646989,861,581115942687,0,18847952176757,334,122561063441,26,5189186652569,56,4574434326206,0,5,27248197003015,7,56239232333323,243,341329884629,0,0,46,2855863268734,381,92947140677,254,957911789813,38,2967938385921,47,0538850385921,49,0557479175489,43,4707292232771,0,5,54998102108437,0,0,24,4253334171942,0,0718273441022359,240,277568566397,1,47987537717837,0,00555356610387721,39,7932724788504,48,5503636788504,14,3944817463643,0,159067144860755,0,000134426486393897,1,68752839748523E-06,0,00244713928527653,0,0,00330703478862928,29,1281040854476,3,28230187395688,2,56556215396595,2,16397654654107,2,11308673221271,0,0,0,0,0,0,0,0,0,0,0,0,0,0,0,0,0,0,0,0,0,0,0,0,0,0,0,0,0,0,0,0,0,0,0,0,0,0,0,0,0,0,0,0,0,0,0,0,0,0,0,0,0,0,0,0,0,0,0,0,0,0,0,0,0,0,0,0,0,0,0,0,0,0,0,0,0,0,0,0,0,0,0,0,0,0,0,0,0,0,0,0,0,0,0,0,0,0718273441022359,24,4253334171942,0,0,0,0,0,0,0,0,0,0,0,0,0,0,548,15,1,20992837826029,13,0684861311898,86,8049465105659,8,03787896935004,0,0,0,0,0,0,0,0,0,0,0,0,0,4,84820967360243E-06,1,08859167273865E-05,0,0,8,55063434497784E-09,4,46904376446248E-06,0,0,0,00327014260133261,0,0,45367,715061181,42605,7710650815,0,
280-290C*,0,0224634883461358,563,150024,225,066974442882,866,156459090361,0,207266616330626,335,346956262635,26,1090404555205,58,5554030495399,0,6,03218823275236,7,6587895856194,252,14721269831,0,0,47,1306598838693,386,57928779754,260,145897267227,37,5496187405798,46,3067099405798,50,2642890259392,41,4445969504601,0,6,34967182394986,0,0,23,6266705185402,0,249,083451380079,1,48216974566981,0,00637839110199775,39,0033107498639,47,7604019498639,13,8509789670433,0,184693737785719,0,00012299491090865,1,93341941695768E-06,0,00138052215698748,0,0,00378890529037534,27,6523596810404,3,76733992279173,2,903104804193,2,43090161287695,2,31489091198052,0,0,0,0,0,0,0,0,0,0,0,0,0,0,0,0,0,0,0,0,0,0,0,0,0,0,0,0,0,0,0,0,0,0,0,0,0,0,0,0,0,0,0,0,0,0,0,0,0,0,0,0,0,0,0,0,0,0,0,0,0,0,0,0,0,0,0,0,0,0,0,0,0,0,0,0,0,0,0,0,0,0,0,0,0,0,0,0,0,0,0,0,0,0,0,0,0,23,6266705185402,0,0,0,0,0,0,0,0,0,0,0,0,0,0,558,15,1,32803606215432,13,0238847851402,86,8180701219294,9,33720927028455,0,0,0,0,0,0,0,0,0,0,0,0,0,5,55464591552574E-06,1,24721117602987E-05,0,0,9,79655364290254E-09,5,12023145940633E-06,0,0,0,00374663751499466,0,0,45283,5992272109,42537,0080730273,0,
290-300C*,0,0222584765108816,573,150024,234,649059567827,870,602295246225,0,221964332478342,336,583899232029,25,6906556248076,60,5923918683241,0,6,79189449547458,7,75265029866568,260,774485579348,0,0,47,9610751850939,391,021760414127,265,332010190939,36,8050337824037,45,5621249824037,51,4728301343295,39,4076081316759,0,7,14936262681535,0,0,22,8365142408629,0,257,710724261117,1,48434720811254,0,00720321610011829,38,2133490208774,46,9704402208774,13,3101850643879,0,211083129792844,0,000112039441736687,2,17931043643013E-06,0,000768003459251162,0,0,0042707757921214,26,1778721836813,4,34699411445591,3,29939589887438,2,74300455926981,2,94734853351226,0,0,0,0,0,0,0,0,0,0,0,0,0,0,0,0,0,0,0,0,0,0,0,0,0,0,0,0,0,0,0,0,0,0,0,0,0,0,0,0,0,0,0,0,0,0,0,0,0,0,0,0,0,0,0,0,0,0,0,0,0,0,0,0,0,0,0,0,0,0,0,0,0,0,0,0,0,0,0,0,0,0,0,0,0,0,0,0,0,0,0,0,0,0,0,0,0,22,8365142408629,0,0,0,0,0,0,0,0,0,0,0,0,0,0,568,15,1,46487993750816,12,9799614625382,86,8267012295336,10,7315465381346,0,0,0,0,0,0,0,0,0,0,0,0,0,6,26108215744904E-06,1,40583067932108E-05,0,0,1,10424729408272E-08,5,77141915435018E-06,0,0,0,00422313242865671,0,0,45201,3712023378,42469,686172992,0,
300-310C*,0,0219705796280889,583,150024,244,477986324288,874,929047584816,0,343895833065932,337,871992466111,26,6246225768577,62,5290086719587,0,43,6402092983471,7,84402653593988,268,944371274235,0,00360468415357155,0,48,7763242712809,395,258380814762,272,008132592466,36,0628305005731,44,8199217005731,51,3203921092121,37,4709913280413,0,43,9677685789956,0,0,22,0549853139302,0,265,880609956004,1,48641357661901,0,00684466442880301,37,4233872918909,46,1804784918909,12,7673192657765,0,239096954849699,0,000101560078878011,5,07514005115822E-06,0,000421107916783318,0,0,00994570801377758,24,6916174818852,5,04891911533356,3,77109549311413,3,10940104485993,3,61339377173621,0,0,0,0,0,0,0,0,0,0,0,0,0,0,0,0,0,0,0,0,0,0,0,0,0,0,0,0,0,0,0,0,0,0,0,0,0,0,0,0,0,0,0,0,0,0,0,0,0,0,0,0,0,0,0,0,0,0,0,0,0,0,0,0,0,0,0,0,0,0,0,0,0,0,0,0,0,0,0,0,0,0,0,0,0,0,0,0,0,0,0,0,0,0,0,0,0,22,0549853139302,0,0,0,0,0,0,0,0,0,0,0,0,0,0,578,15,1,6183332128278,12,9315006111666,86,8207288701635,10,9046684424152,0,0,043183518190435,0,0,0,0,0,0,0,0,0,0,0,1,45806986878441E-05,3,27387391282203E-05,0,0,2,5715517967979E-08,1,34403800452792E-05,0,0,00360468415357155,0,00983475698172194,0,0,45120,4827835879,42403,3190067586,0,
310-320C*,0,0216018864200448,593,150024,254,557757001238,879,143254993508,0,478365185284482,339,178607525162,27,7785111859674,64,3451543252725,0,51,8955233603195,7,93285823121944,274,180134095611,0,00781444524379447,0,49,5770828286805,399,291076094282,277,243895413842,35,3228781173405,44,0799693173405,50,9395021449329,35,6548456747275,0,86,8322226441767,0,0,21,2819866690997,0,271,11637277738,1,48837246249811,0,00628747290457927,36,6334255629044,45,3905167629044,12,2274209807435,0,268042445622777,9,15568223326192E-05,8,02505004538134E-06,0,000227456403777024,0,0,0157266210868605,23,2074075631177,5,91625197687311,4,34288431734703,3,54741550099472,4,30219265263685,0,0,0,0,0,0,0,0,0,0,0,0,0,0,0,0,0,0,0,0,0,0,0,0,0,0,0,0,0,0,0,0,0,0,0,0,0,0,0,0,0,0,0,0,0,0,0,0,0,0,0,0,0,0,0,0,0,0,0,0,0,0,0,0,0,0,0,0,0,0,0,0,0,0,0,0,0,0,0,0,0,0,0,0,0,0,0,0,0,0,0,0,0,0,0,0,0,21,2819866690997,0,0,0,0,0,0,0,0,0,0,0,0,0,0,588,15,1,79364506934063,12,8823908978485,86,8127364414635,10,8674971382469,0,0,0527931304247618,0,0,0,0,0,0,0,0,0,0,0,2,30556862445345E-05,5,17680334489869E-05,0,0,4,06625859691967E-08,2,12525607973508E-05,0,0,00781444524379447,0,0155511800988567,0,0,45041,146586794,42338,1254985712,0,
320-330C*,0,0211583510726538,603,150024,264,859734265304,883,252713107569,0,55225581011368,340,494117216592,28,9238962521301,66,0191545340457,0,60,1508374222919,8,01916325862682,280,742523944398,0,0120242063340174,0,50,3633221246715,403,122175907082,283,806285262629,34,5850207200004,43,3421119200004,50,5586121806537,33,9808454659542,0,129,696676709358,0,0,20,5174915672162,1,29587321139396E-14,277,678762626167,1,49022834302002,0,00573028138035552,35,8434638339179,44,6005550339179,11,6923585746812,0,29772876794655,8,20296721005132E-05,1,09749600396045E-05,0,000120956611860094,0,0,0215075341599435,21,730509961211,7,00018327819719,5,04270468169974,4,07595176028488,5,00291120219872,0,0,0,0,0,0,0,0,0,0,0,0,0,0,0,0,0,0,0,0,0,0,0,0,0,0,0,0,0,0,0,0,0,0,0,0,0,0,0,0,0,0,0,0,0,0,0,0,0,0,0,0,0,0,0,0,0,0,0,0,0,0,0,0,0,0,0,0,0,0,0,0,0,0,0,0,0,0,0,0,0,0,0,0,0,0,0,0,0,0,0,0,0,0,0,0,1,29587321139396E-14,20,5174915672162,0,0,0,0,0,0,0,0,0,0,0,0,0,0,598,15,1,99576973715076,12,8335811375799,86,8047440127636,10,8280439346626,0,0,0597206027852767,0,0,0,0,0,0,0,0,0,0,0,3,15306738012249E-05,7,07973277697535E-05,0,0,5,56096539704143E-08,2,90647415494225E-05,0,0,0120242063340174,0,0212676032159914,0,0,44963,3264227029,42274,0930203996,0,
330-340C*,0,0206477187371278,613,150024,275,338317702875,887,265566673417,0,683208629139451,341,815325325571,30,0607848508995,67,3683919982417,0,68,4061514842643,8,10300304202934,287,304913793185,0,0162339674242403,0,51,1346848654844,406,754379347841,290,368675111416,33,8490954136247,42,6061866136247,50,1777222163744,32,6316080017583,0,172,561130774539,0,0,19,7614929327261,1,29880171696813E-14,284,241152474954,1,49198599377716,0,00517308985613178,35,0535021049314,43,8105933049314,11,1631138126062,0,328105424439097,7,29786281816926E-05,1,39248700338276E-05,6,32888462072036E-05,0,0,0272884472330264,20,2638123182029,8,37128568683255,5,90823657186404,4,71952499306882,5,7047154464063,0,0,0,0,0,0,0,0,0,0,0,0,0,0,0,0,0,0,0,0,0,0,0,0,0,0,0,0,0,0,0,0,0,0,0,0,0,0,0,0,0,0,0,0,0,0,0,0,0,0,0,0,0,0,0,0,0,0,0,0,0,0,0,0,0,0,0,0,0,0,0,0,0,0,0,0,0,0,0,0,0,0,0,0,0,0,0,0,0,0,0,0,0,0,0,0,1,29880171696813E-14,19,7614929327261,0,0,0,0,0,0,0,0,0,0,0,0,0,0,608,15,2,22990802690913,12,7851981846337,86,7967515840637,10,7882261692773,0,0,0656157334242679,0,0,0,0,0,0,0,0,0,0,0,4,00056613579153E-05,8,98266220905201E-05,0,0,7,0556721971632E-08,3,68769223014941E-05,0,0,0162339674242403,0,0269840263331261,0,0,44886,9162819399,42211,1435069665,0,
340-350C*,0,0195121957773893,623,150024,285,934629345153,891,189960437464,0,820695207462979,343,139035637273,31,1891840578289,68,6065244017717,0,69,670709557522,8,18446737210674,293,867303641972,0,0204437285144632,0,51,8906415035503,410,190721987614,296,931064960203,33,1149393032849,41,8720305032849,49,7968322520952,31,3934755982283,0,215,42558483972,0,0,19,0139836900759,1,3017454605628E-14,290,803542323741,1,49365025794707,0,00461589833190803,34,2635403759448,43,0206315759449,10,640668459535,0,359121917718494,6,44036905761574E-05,1,68747800280507E-05,3,25624266988254E-05,0,0,0330693603061094,18,8102436119771,10,1285289427823,6,9909407129419,5,51089351201341,6,3967714112441,0,0,0,0,0,0,0,0,0,0,0,0,0,0,0,0,0,0,0,0,0,0,0,0,0,0,0,0,0,0,0,0,0,0,0,0,0,0,0,0,0,0,0,0,0,0,0,0,0,0,0,0,0,0,0,0,0,0,0,0,0,0,0,0,0,0,0,0,0,0,0,0,0,0,0,0,0,0,0,0,0,0,0,0,0,0,0,0,0,0,0,0,0,0,0,0,1,3017454605628E-14,19,0139836900759,0,0,0,0,0,0,0,0,0,0,0,0,0,0,618,15,2,50250135005395,12,737368893283,86,7887591553638,10,748043842091,0,0,0709366992678997,0,0,0,0,0,0,0,0,0,0,0,4,84806489146058E-05,0,000108855916411287,0,0,8,55037899728497E-08,4,46891030535657E-05,0,0,0204437285144632,0,0327004494502608,0,0,44811,8096051796,42149,1978456323,0,
350-360C*,0,0185400596180263,633,150024,296,57418057927,895,034039146125,0,963083292777613,344,462051936868,32,3091009484717,69,7663020099716,0,78,7055099669912,8,26367244074463,300,429693490759,0,0246534896046861,0,52,6305128220645,413,434543330691,303,49345480899,32,3823894940529,41,1394806940529,49,415942287816,30,2336979900284,0,258,290038904901,0,0,18,2749567637123,1,30466358432047E-14,297,365932172528,1,49522602636834,0,00405870680768429,33,4735786469583,42,2306698469583,10,1260042804839,0,390727750402817,5,63048592839076E-05,1,98246900222738E-05,1,64630325732032E-05,0,0,0388502733791923,17,372772868017,12,4129113546432,8,36209562963936,6,49437302683936,6,97852923197235,0,0,0,0,0,0,0,0,0,0,0,0,0,0,0,0,0,0,0,0,0,0,0,0,0,0,0,0,0,0,0,0,0,0,0,0,0,0,0,0,0,0,0,0,0,0,0,0,0,0,0,0,0,0,0,0,0,0,0,0,0,0,0,0,0,0,0,0,0,0,0,0,0,0,0,0,0,0,0,0,0,0,0,0,0,0,0,0,0,0,0,0,0,0,0,0,1,30466358432047E-14,18,2749567637123,0,0,0,0,0,0,0,0,0,0,0,0,0,0,628,15,2,82158161970776,12,6902201178008,86,7807667266638,10,7074969531038,0,0,075882408836052,0,0,0,0,0,0,0,0,0,0,0,5,69556364712962E-05,0,000127885210732053,0,0,1,00450857974067E-07,5,25012838056373E-05,0,0,0246534896046861,0,0384168725673955,0,0,44737,899653186,42088,1762963296,0,
360-370C*,0,0151701632863094,643,150024,307,165007351486,898,805947545816,1,1087406327767,345,781178009528,33,4205425983816,70,8802527994173,0,88,5673245112443,8,34075890098421,312,685070994883,0,028863250694909,0,53,3534894776565,416,489454925612,315,748832313114,31,6512830910003,40,4083742910003,49,0350523235368,29,1197472005827,0,301,154492970082,0,0,17,5444050780817,1,30751850825664E-14,309,621309676652,1,48768659385568,0,00350151528346054,32,6836169179718,41,4407081179718,9,62010304046951,0,422872425110145,4,86821343049431E-05,2,27746000164969E-05,8,17339486242815E-06,0,0,0446311864522753,15,9544076706765,15,4287269733193,10,1219288994137,7,73070623600807,7,51340573836146,0,0,0,0,0,0,0,0,0,0,0,0,0,0,0,0,0,0,0,0,0,0,0,0,0,0,0,0,0,0,0,0,0,0,0,0,0,0,0,0,0,0,0,0,0,0,0,0,0,0,0,0,0,0,0,0,0,0,0,0,0,0,0,0,0,0,0,0,0,0,0,0,0,0,0,0,0,0,0,0,0,0,0,0,0,0,0,0,0,0,0,0,0,0,0,0,1,30751850825664E-14,17,5444050780817,0,0,0,0,0,0,0,0,0,0,0,0,0,0,638,15,3,19723476269795,12,6438787124601,86,7727742979639,10,6665855023156,0,0,0805594790088044,0,0,0,0,0,0,0,0,0,0,0,6,54306240279866E-05,0,00014691450505282,0,0,1,15397925975285E-07,6,03134645577089E-05,0,0,028863250694909,0,0441332956845302,0,0,44665,0798121422,42027,9988399609,0,
370-380C*,0,01982959321556,653,150024,317,595623276067,902,51383038295,1,25603497515359,347,093217640426,34,5235160831119,71,9850559580013,0,99,2977703745027,8,41588997895668,319,081314057402,0,0330730117851319,0,54,0586490517687,419,359309332442,322,145075375633,30,9214571991988,39,6785483991988,48,6541623592575,28,0149440419987,0,344,018947035263,0,0,16,8223215576306,1,31027163001943E-14,316,017552739171,1,48992841495522,0,0029443237592368,31,8936551889853,40,6507463889853,9,12394650450815,0,455505444458553,4,1535515639264E-05,2,572451001072E-05,3,98175321496617E-06,0,0,0504120995253582,14,5581924739669,19,477384070087,12,4136683439501,9,30432574977581,8,01456199220918,0,0,0,0,0,0,0,0,0,0,0,0,0,0,0,0,0,0,0,0,0,0,0,0,0,0,0,0,0,0,0,0,0,0,0,0,0,0,0,0,0,0,0,0,0,0,0,0,0,0,0,0,0,0,0,0,0,0,0,0,0,0,0,0,0,0,0,0,0,0,0,0,0,0,0,0,0,0,0,0,0,0,0,0,0,0,0,0,0,0,0,0,0,0,0,0,1,31027163001943E-14,16,8223215576306,0,0,0,0,0,0,0,0,0,0,0,0,0,0,648,15,3,64221957690403,12,5984715315339,86,764781869264,10,6253094897264,0,0,0850326695804504,0,0,0,0,0,0,0,0,0,0,0,7,3905611584677E-05,0,000165943799373587,0,0,1,30344993976503E-07,6,81256453097806E-05,0,0,0330730117851319,0,0498497188016649,0,0,44593,2438464429,41968,5854684051,0,
380-390C*,0,0165532700288463,663,150024,327,733274604875,906,165832403943,1,40333406760163,348,394974614732,35,618028478216,73,3019797421189,0,112,437355859849,8,48924966290438,325,206144192307,0,0372827728753549,0,54,7449710608275,422,048170118079,328,269905510538,30,1927489237202,38,9498401237202,48,2732723949783,26,6980202578811,0,386,883401100444,0,0,16,1086991268057,1,31272396219468E-14,322,142382874076,1,49221128892362,0,00238713223501305,31,1036934599988,39,8607846599988,8,63851643761632,0,488576311066119,3,48650032868703E-05,3,4299954141518E-05,1,90189923734545E-06,0,0,0672173231356732,13,1872067118607,25,0122875287246,15,4455647340978,11,3343605197704,8,48199799351552,0,0,0,0,0,0,0,0,0,0,0,0,0,0,0,0,0,0,0,0,0,0,0,0,0,0,0,0,0,0,0,0,0,0,0,0,0,0,0,0,0,0,0,0,0,0,0,0,0,0,0,0,0,0,0,0,0,0,0,0,0,0,0,0,0,0,0,0,0,0,0,0,0,0,0,0,0,0,0,0,0,0,0,0,0,0,0,0,0,0,0,0,0,0,0,0,1,31272396219468E-14,16,1086991268057,0,0,0,0,0,0,0,0,0,0,0,0,0,0,658,15,4,17280079283736,12,5541254292951,86,7567894405641,10,5836689153362,0,0,0893447228495677,0,0,0,0,0,0,0,0,0,0,0,9,85425606590324E-05,0,000221262317774424,0,0,1,73796403278717E-07,9,08358024706023E-05,0,0,0372827728753549,0,0664674688906472,0,0,44522,2861090552,41909,8564270504,0,
390-400C*,0,0158850292288585,673,150024,338,129487082543,909,770098355209,1,54900565781418,349,683252717618,36,7040868592476,74,6596324396979,0,128,794534821004,8,56104099266371,331,053553718625,0,0414925339655778,0,55,4113502943564,424,56028302246,334,117315036857,29,464995369636,38,2220865696361,47,8923824306991,25,340367560302,0,429,747855165625,0,0,15,4035307100534,1,31503073438953E-14,327,989792400394,1,49453810741631,0,00182994071078931,30,3137317310123,39,0708229310123,8,16479460481048,0,52203452755092,2,8670597247762E-05,5,37955527727262E-05,8,89990331363295E-07,0,0,105422678965321,11,8445627081118,32,7298617851755,19,5260917518558,13,9916000427832,8,91571374228046,0,0,0,0,0,0,0,0,0,0,0,0,0,0,0,0,0,0,0,0,0,0,0,0,0,0,0,0,0,0,0,0,0,0,0,0,0,0,0,0,0,0,0,0,0,0,0,0,0,0,0,0,0,0,0,0,0,0,0,0,0,0,0,0,0,0,0,0,0,0,0,0,0,0,0,0,0,0,0,0,0,0,0,0,0,0,0,0,0,0,0,0,0,0,0,0,1,31503073438953E-14,15,4035307100534,0,0,0,0,0,0,0,0,0,0,0,0,0,0,668,15,4,809880095255,12,5109672600168,86,7487970118642,10,5416637791451,0,0,0935255700771845,0,0,0,0,0,0,0,0,0,0,0,0,000154552729150032,0,0003470246240954,0,0,2,72579769224042E-07,0,000142465560895469,0,0,0414925339655778,0,104246618395569,0,0,44452,1017178466,41851,7324189495,0,
400-410C*,0,0150559144623791,683,150024,352,282051829299,913,334772983162,1,69141749348457,350,954855734256,37,7816983017599,76,0580092125264,0,145,15171378216,8,63148447100055,336,617534955387,0,0457022950558007,0,56,0566087846653,426,900048411183,339,681296273618,28,7380336420182,37,4951248420182,47,5114924664199,23,9419907874736,0,472,612309230806,0,0,14,7068092318202,1,31718973257562E-14,333,553773637156,1,49691211455186,0,00127274918656556,29,5237700020258,38,2808612020258,7,70376277110707,0,555829596531032,2,29522975219391E-05,7,32911514039344E-05,4,07653247615336E-07,0,0,143628034794969,10,5334033855928,43,7240634241541,25,1213991273755,17,5251165246313,9,31570923850402,0,0,0,0,0,0,0,0,0,0,0,0,0,0,0,0,0,0,0,0,0,0,0,0,0,0,0,0,0,0,0,0,0,0,0,0,0,0,0,0,0,0,0,0,0,0,0,0,0,0,0,0,0,0,0,0,0,0,0,0,0,0,0,0,0,0,0,0,0,0,0,0,0,0,0,0,0,0,0,0,0,0,0,0,0,0,0,0,0,0,0,0,0,0,0,0,1,31718973257562E-14,14,7068092318202,0,0,0,0,0,0,0,0,0,0,0,0,0,0,678,15,5,58054540123202,12,469123877972,86,7408045831642,10,499294081153,0,0,0975971214812387,0,0,0,0,0,0,0,0,0,0,0,0,000210562897641031,0,000472786930416375,0,0,3,71363135169368E-07,0,000194095319320335,0,0,0457022950558007,0,142025767900491,0,0,44382,5867048795,41794,1347781863,0,
410-420C*,0,0142614012300949,693,150024,366,312631186745,916,868001034218,1,82893732230615,352,206587449818,38,8508698813066,77,4970833784701,0,151,562810061881,8,70081661606795,341,892080221621,0,0499120561460236,0,56,6795066584416,429,07199510456,344,955841539852,28,0117008459383,36,7687920459383,47,1306025021406,22,5029166215299,0,515,476763295988,0,0,14,0185276165528,1,31919842924461E-14,338,82831890339,1,4993368991908,0,000715557662341817,28,7338082730393,37,4908994730393,7,25640270152254,0,589911020624532,1,77101041094016E-05,9,27867500351426E-05,1,82602213192908E-07,0,0,181833390624618,9,25689977514802,59,7552781489919,32,9512135546728,22,3048526732567,9,68198448218618,0,0,0,0,0,0,0,0,0,0,0,0,0,0,0,0,0,0,0,0,0,0,0,0,0,0,0,0,0,0,0,0,0,0,0,0,0,0,0,0,0,0,0,0,0,0,0,0,0,0,0,0,0,0,0,0,0,0,0,0,0,0,0,0,0,0,0,0,0,0,0,0,0,0,0,0,0,0,0,0,0,0,0,0,0,0,0,0,0,0,0,0,0,0,0,0,1,31919842924461E-14,14,0185276165528,0,0,0,0,0,0,0,0,0,0,0,0,0,0,688,15,6,52021285038097,12,4287221374336,86,7398073139086,10,4565598213599,0,0,101575977570472,0,0,0,0,0,0,0,0,0,0,0,0,000266573066132031,0,000598549236737351,0,0,4,70146501114693E-07,0,000245725077745201,0,0,0499120561460236,0,179804917405413,0,0,44313,6381445156,41736,9856187952,0,
420-430C*,0,0134995598211878,703,150024,380,215577711764,920,377927254791,1,95993289197229,353,435251649476,39,8072329770746,78,9768039016746,0,167,235722976342,8,76928867210626,346,871181836355,0,0541218172362465,0,57,2787520769161,431,080755649549,349,934943154586,27,285834086468,36,042925286468,46,8540882342278,21,0231960983254,0,536,269096811987,0,0,13,3386787886976,1,32105398462945E-14,343,807420518124,1,50181638982595,0,000158366138118072,27,9438465440528,36,7009377440528,6,82369616107334,0,624228302449498,1,29440170101494E-05,0,000112282348666351,7,99114963384254E-08,0,0,220038746454266,8,01824832396376,83,7309319888813,44,1528083066498,28,891157699178,10,014539473327,0,0,0,0,0,0,0,0,0,0,0,0,0,0,0,0,0,0,0,0,0,0,0,0,0,0,0,0,0,0,0,0,0,0,0,0,0,0,0,0,0,0,0,0,0,0,0,0,0,0,0,0,0,0,0,0,0,0,0,0,0,0,0,0,0,0,0,0,0,0,0,0,0,0,0,0,0,0,0,0,0,0,0,0,0,0,0,0,0,0,0,0,0,0,0,0,1,32105398462945E-14,13,3386787886976,0,0,0,0,0,0,0,0,0,0,0,0,0,0,698,15,7,67561705905129,12,3898888926747,86,7264984610418,10,4134609997658,0,0,105475066642863,0,0,0,0,0,0,0,0,0,0,0,0,00032258323462303,0,000724311543058327,0,0,5,68929867060018E-07,0,000297354836170068,0,0,0541218172362465,0,217584066910335,0,0,44245,1542652109,41680,207964549,0,
430-440C*,0,0127957125141598,713,150024,393,395099252643,924,42871066641,2,0307815659373,354,454359108505,41,6644349065062,80,4970927554689,0,00238600949939553,184,048507701523,8,86211447359509,349,015518918838,0,457504256214943,0,57,6629039339503,432,931043079548,352,07928023707,26,5491501831768,35,3062413831768,45,6683094207926,19,5029072445311,0,0119251053823061,749,341792122274,0,0,12,6672556727012,1,32275324836364E-14,345,951757600607,1,50472592816466,0,27,1538848150663,35,9109760150663,6,57503571713246,0,657275879333686,1,12932496995008E-05,0,000131777947297559,3,41314212017786E-08,0,0360791659785084,0,258244102283914,7,30467908816326,111,330274293199,56,6500575495467,36,1483861847786,10,3133742119264,0,0,0,0,0,0,0,0,0,0,0,0,0,0,0,0,0,0,0,0,0,0,0,0,0,0,0,0,0,0,0,0,0,0,0,0,0,0,0,0,0,0,0,0,0,0,0,0,0,0,0,0,0,0,0,0,0,0,0,0,0,0,0,0,0,0,0,0,0,0,0,0,0,0,0,0,0,0,0,0,0,0,0,0,0,0,0,0,0,0,0,0,0,0,0,0,1,32275324836364E-14,12,6672556727012,0,0,0,0,0,0,0,0,0,0,0,0,0,0,708,15,8,93067611846786,12,3721387528951,86,7055605349466,10,3687884199832,0,0,4079475502508,0,0,0,0,0,0,0,0,0,0,0,0,00037859340311403,0,000850073849379302,0,0,6,67713233005344E-07,0,000348984594594934,0,0,457504256214943,0,255363216415256,0,0,44169,2771486777,41617,6407664354,0,
440-450C*,0,012126118596257,723,150024,406,260283913621,928,721678276655,2,11074347313118,355,362601045601,43,6870032386983,82,0578421592332,0,00571945896398972,202,047743953069,8,96651089093258,350,110719443195,1,01939073641507,0,57,9387919178465,434,62762918757,353,174480761426,25,8076225959131,34,5647137959131,44,3087455682916,17,9421578407668,0,0285854481688492,999,164463389017,0,0,12,0042511930101,1,32429276163189E-14,347,046958124964,1,50787921700135,0,26,3639230860798,35,1210142860798,6,39552974115413,0,689812083801583,1,07581249055081E-05,0,000151273545928767,1,4212435536791E-08,0,0864846972827772,0,296449458113562,6,78875986416491,145,631266949162,71,7326804068277,44,7931780168306,10,4297394316895,0,0,0,0,0,0,0,0,0,0,0,0,0,0,0,0,0,0,0,0,0,0,0,0,0,0,0,0,0,0,0,0,0,0,0,0,0,0,0,0,0,0,0,0,0,0,0,0,0,0,0,0,0,0,0,0,0,0,0,0,0,0,0,0,0,0,0,0,0,0,0,0,0,0,0,0,0,0,0,0,0,0,0,0,0,0,0,0,0,0,0,0,0,0,0,0,1,32429276163189E-14,12,0042511930101,0,0,0,0,0,0,0,0,0,0,0,0,0,0,718,15,10,3803941445378,12,3623357747876,86,6818275225821,10,3232142403046,0,0,813700072810492,0,0,0,0,0,0,0,0,0,0,0,0,000434603571605029,0,000975836155700278,0,0,7,66496598950669E-07,0,000400614353019801,0,1,01939073641507,0,293142365920178,0,0,44090,267089198,41552,6372072584,0,
450-460C*,0,0114822325528591,733,150024,418,926082137337,933,031357237729,2,1699720454962,356,233054229643,44,7669126471572,83,6608673429631,0,00905290842858391,221,280011446627,9,07243177422936,351,205919967552,1,5812772166152,0,58,1855991775736,436,175324321093,354,269681285783,25,0657607816328,33,8228519816328,43,8834290787719,16,3391326570369,0,0452457909553923,1248,98713465576,0,0,11,3496582740709,0,348,142158649321,1,51112851040431,0,25,5739613570933,34,3310525570933,6,2160237651758,0,722391908943846,1,02230001115153E-05,0,000170769144559975,5,76302027866878E-09,0,136890228587046,0,33465481394321,6,27217041434199,193,166661571625,91,9413442903268,56,1154222651975,10,4563635437043,0,0,0,0,0,0,0,0,0,0,0,0,0,0,0,0,0,0,0,0,0,0,0,0,0,0,0,0,0,0,0,0,0,0,0,0,0,0,0,0,0,0,0,0,0,0,0,0,0,0,0,0,0,0,0,0,0,0,0,0,0,0,0,0,0,0,0,0,0,0,0,0,0,0,0,0,0,0,0,0,0,0,0,0,0,0,0,0,0,0,0,0,0,0,0,0,0,11,3496582740709,0,0,0,0,0,0,0,0,0,0,0,0,0,0,728,15,12,1500854184318,12,35253279668,86,6731119248141,10,2772416387639,0,1,23418628122825,0,0,0,0,0,0,0,0,0,0,0,0,000490613740096029,0,00110159846202125,0,0,8,65279964895995E-07,0,000452244111444667,0,1,5812772166152,0,3309215154251,0,0,44011,3076743669,41487,700680984,0,
460-480C*,0,0211190895390415,753,150024,437,611444568246,939,508848098406,2,24971746431093,357,472775331978,47,4411453794666,86,141032150564,0,0140530826254752,252,535565197093,9,18495190967508,352,848720754087,2,42410693691539,0,58,510537475064,438,019598392475,355,912482072319,23,9527086118311,32,7097998118311,42,1753295262349,13,858967849436,0,070236305135207,1623,72114155587,0,0,10,3835250942985,0,349,784959435856,1,51617066339081,0,24,3890187636135,33,1461099636135,5,9467648012083,0,771327336609729,9,42031292052624E-06,0,000213855036458878,8,70669017649523E-10,0,212498525543449,0,419089863226605,5,49602956618653,303,383580312873,136,699587792453,80,4302582483784,10,4962997117266,0,0,0,0,0,0,0,0,0,0,0,0,0,0,0,0,0,0,0,0,0,0,0,0,0,0,0,0,0,0,0,0,0,0,0,0,0,0,0,0,0,0,0,0,0,0,0,0,0,0,0,0,0,0,0,0,0,0,0,0,0,0,0,0,0,0,0,0,0,0,0,0,0,0,0,0,0,0,0,0,0,0,0,0,0,0,0,0,0,0,0,0,0,0,0,0,0,10,3835250942985,0,0,0,0,0,0,0,0,0,0,0,0,0,0,743,15,15,6052702931315,12,3378283295188,86,6428351931801,10,2076141145289,0,1,89368204150655,0,0,0,0,0,0,0,0,0,0,0,0,000614397990607807,0,00137953715154825,0,0,1,08359433969631E-06,0,00056634751664605,0,2,42410693691539,0,41441463520014,0,0,43893,2626363811,41390,6650124253,0,
480-500C*,0,0188161334293557,773,150024,462,131836738746,948,12565048859,2,34238032969339,359,014362515923,51,1548451236289,89,5859656572894,0,0207199815546636,298,906870407102,9,3977985384661,355,039121802801,3,54787989731564,0,58,8802117062863,440,323947877575,358,102883121032,22,4690360939098,31,2261272939098,39,7204329309699,10,4140343427106,0,103556990708293,2123,36648408936,0,0,9,12472194540118,0,351,97536048457,1,52317682450425,0,22,8090953056405,31,5661865056405,5,04905234686851,0,836658557593535,8,35006333254077E-06,0,00039127117324221,1,1643634649436E-10,0,313309588151987,0,766770730275141,2,89747204387259,585,756816541323,243,703893812436,135,913644775446,10,5495479357562,0,0,0,0,0,0,0,0,0,0,0,0,0,0,0,0,0,0,0,0,0,0,0,0,0,0,0,0,0,0,0,0,0,0,0,0,0,0,0,0,0,0,0,0,0,0,0,0,0,0,0,0,0,0,0,0,0,0,0,0,0,0,0,0,0,0,0,0,0,0,0,0,0,0,0,0,0,0,0,0,0,0,0,0,0,0,0,0,0,0,0,0,0,0,0,0,0,9,12472194540118,0,0,0,0,0,0,0,0,0,0,0,0,0,0,763,15,22,430581315577,12,3182223733037,86,5996128927556,10,1137175270527,0,2,81919058767159,0,0,0,0,0,0,0,0,0,0,0,0,00112410830534262,0,00252401406464557,0,0,1,98255433041026E-06,0,00103619470913664,0,3,54787989731564,0,758216889386565,0,0,43737,3028637056,41262,5390087746,0,
500-520C*,0,0166733164871144,793,150024,486,536683994826,956,658210489037,2,42406079106783,360,445075505233,55,0104036256041,93,1850322671414,0,027386880483852,351,072351568585,9,60787277596157,357,229522851515,4,67165285771589,0,59,2044904595995,442,116291793548,360,293284169746,20,9870484237833,29,7441396237833,37,0901586948471,6,81496773285859,0,136877676281379,2623,01182662285,0,0,7,89943767954887,0,354,165761533284,1,53045961248391,0,21,2291718476675,29,9862630476675,4,65002871865491,0,902031791050757,7,2798137445553E-06,0,000568687310025542,1,36162812895303E-11,0,414120650760524,1,11445159732368,1,73705963675573,1213,22183647184,462,333983122936,243,027642040764,10,6027961597859,0,0,0,0,0,0,0,0,0,0,0,0,0,0,0,0,0,0,0,0,0,0,0,0,0,0,0,0,0,0,0,0,0,0,0,0,0,0,0,0,0,0,0,0,0,0,0,0,0,0,0,0,0,0,0,0,0,0,0,0,0,0,0,0,0,0,0,0,0,0,0,0,0,0,0,0,0,0,0,0,0,0,0,0,0,0,0,0,0,0,0,0,0,0,0,0,0,7,89943767954887,0,0,0,0,0,0,0,0,0,0,0,0,0,0,783,15,33,4711283744903,12,2986164170887,86,5535708205832,10,0188725290256,0,3,78810993314393,0,0,0,0,0,0,0,0,0,0,0,0,00163381862007742,0,00366849097774289,0,0,2,88151432112421E-06,0,00150604190162722,0,4,67165285771589,1,10201914357299,0,0,43583,9224934697,41136,6059337163,0,
520-540C*,0,0146393038251941,813,150024,511,263733759926,965,0393779695,2,49981412888743,361,782816885496,58,9779864691878,96,9335280220191,0,0340537794130403,409,426115590157,9,81072188870459,359,419923900229,5,79542581811615,0,59,5108344324664,443,434260082625,362,48368521846,19,5080886040564,28,2651798040564,34,3143978384983,3,06647197798091,0,170198361854466,2791,40738802094,0,0,6,70761569231387,0,356,356162581997,1,53796194648431,0,19,6492483896945,28,4063395896945,4,30135394740193,0,967388161326263,6,20956415656983E-06,0,000746103446808874,1,37320032233685E-12,0,514931713369062,1,46213246437221,0,720356911611763,2715,38022284723,939,696849963018,462,795011245405,10,6560443838155,0,0,0,0,0,0,0,0,0,0,0,0,0,0,0,0,0,0,0,0,0,0,0,0,0,0,0,0,0,0,0,0,0,0,0,0,0,0,0,0,0,0,0,0,0,0,0,0,0,0,0,0,0,0,0,0,0,0,0,0,0,0,0,0,0,0,0,0,0,0,0,0,0,0,0,0,0,0,0,0,0,0,0,0,0,0,0,0,0,0,0,0,0,0,0,0,0,6,70761569231387,0,0,0,0,0,0,0,0,0,0,0,0,0,0,803,15,52,1121795016098,12,2790104608736,86,5051902541274,9,92336591017999,0,4,79273373023463,0,0,0,0,0,0,0,0,0,0,0,0,00214352893481223,0,00481296789084021,0,0,3,78047431183815E-06,0,00197588909411781,0,5,79542581811615,1,44582139775942,0,0,43434,1047076718,41013,6528601232,0,
540-560C*,0,0125518830015859,833,150024,536,817005862818,973,202002799735,2,59365864690519,363,045489242304,63,0277592381762,99,8767290798305,0,329204204175074,474,362269380433,10,0015802682211,361,610324948942,6,9191987785164,0,59,8245268227033,444,314445340833,365,302104433667,18,0334996373341,26,7905908373342,31,4230413825554,0,123270920169531,1,64533905578715,3327,41660697324,0,0,5,54919937926844,0,358,546563630711,1,54562044209291,0,18,0693249317215,26,8264161317215,3,99447587218445,1,03266879276492,5,13931456858436E-06,0,000888039935246519,1,17550415132813E-13,4,97794011477041,1,74028417176787,-0,176562810529009,6619,22743330121,2061,20785350602,945,075691181927,10,494599158691,0,0,0,0,0,0,0,0,0,0,0,0,0,0,0,0,0,0,0,0,0,0,0,0,0,0,0,0,0,0,0,0,0,0,0,0,0,0,0,0,0,0,0,0,0,0,0,0,0,0,0,0,0,0,0,0,0,0,0,0,0,0,0,0,0,0,0,0,0,0,0,0,0,0,0,0,0,0,0,0,0,0,0,0,0,0,0,0,0,0,0,0,0,0,0,0,0,5,54919937926844,0,0,0,0,0,0,0,0,0,0,0,0,0,0,823,15,85,1232822229829,12,223137966978,86,4549524708527,9,82748446024789,0,5,82730177876948,0,0,0,0,0,0,0,0,0,0,0,0,00255130746897262,0,00572857250882021,0,0,4,49966043910515E-06,0,00235177632632512,0,6,9191987785164,1,72087013662223,0,0,43288,7869942403,40894,4237164862,0,
560-580C*,0,0110225181745446,853,150024,563,757057960816,981,078934849493,2,69155031316047,364,250995161248,67,1298875163649,99,9029856765967,1,13474855925675,546,260044305856,10,175454262224,363,800725997656,8,04297173891665,0,60,1689535003852,444,792138347168,369,606533400529,16,5646245262214,25,3217157262214,28,4459803476502,0,0970143234032577,5,67139207220218,3881,633185994,0,0,4,42413213598488,0,360,736964679425,1,55336529520099,0,16,4894014737485,25,2464926737485,3,72084233207736,1,09781480971159,4,06906498059889E-06,0,00145073135594139,8,38721298380265E-15,17,1586822694205,2,84298567668726,-0,977969966445084,17724,1881378156,4917,76435220035,2085,09063462037,10,2469455619018,0,0,0,0,0,0,0,0,0,0,0,0,0,0,0,0,0,0,0,0,0,0,0,0,0,0,0,0,0,0,0,0,0,0,0,0,0,0,0,0,0,0,0,0,0,0,0,0,0,0,0,0,0,0,0,0,0,0,0,0,0,0,0,0,0,0,0,0,0,0,0,0,0,0,0,0,0,0,0,0,0,0,0,0,0,0,0,0,0,0,0,0,0,0,0,0,0,4,42413213598488,0,0,0,0,0,0,0,0,0,0,0,0,0,0,843,149999999999,146,765101180959,12,2125009705568,86,4033387482239,9,73151496896151,0,6,88736310837811,0,0,0,0,0,0,0,0,0,0,0,0,00416790011009873,0,0093583851733225,0,0,7,35079384497131E-06,0,00384193944815486,0,8,04297173891665,2,81127026793899,0,0,43148,8630551858,40779,6208933011,0,
580-600C*,0,00962287373877658,873,150024,592,69493942148,988,60302398853,2,78944197941575,365,417237227919,71,25453688755,99,9292358797704,1,94029291433842,625,529040693082,10,3272394107967,365,99112704637,9,16674469931691,0,60,5658903093148,444,901129982781,373,395967410518,15,102806273323,23,859897473323,25,4131057544145,0,0707641202295832,9,6974450886172,4447,75362488039,0,0,3,33235735803546,0,362,927365728139,1,56112036189692,0,14,9094780157755,23,6665692157755,3,47190116615553,1,16276733651115,2,99881539261342E-06,0,00207660343575786,4,8841076376234E-16,29,3394244240706,4,06950177222038,-1,70841200719656,52615,3800753928,12870,941926099,5010,19600808151,9,99929196511269,0,0,0,0,0,0,0,0,0,0,0,0,0,0,0,0,0,0,0,0,0,0,0,0,0,0,0,0,0,0,0,0,0,0,0,0,0,0,0,0,0,0,0,0,0,0,0,0,0,0,0,0,0,0,0,0,0,0,0,0,0,0,0,0,0,0,0,0,0,0,0,0,0,0,0,0,0,0,0,0,0,0,0,0,0,0,0,0,0,0,0,0,0,0,0,0,0,3,33235735803546,0,0,0,0,0,0,0,0,0,0,0,0,0,0,863,15,268,852635791969,12,2024715749318,86,3508303637054,9,63574422605303,0,7,96937509750238,0,0,0,0,0,0,0,0,0,0,0,0,00596600856049622,0,0133957639534553,0,0,1,05220609532561E-05,0,00549942249840941,0,9,16674469931691,4,02410375521097,0,0,43015,1859690081,40669,9081175327,0,
600-625C*,0,0102340490871015,898,150024,628,46089856114,996,562256946913,2,89957010395295,366,704617796524,75,8845398297107,99,9587237883247,3,16841635771183,724,021346380638,10,432543520433,368,455328226173,10,4309892797672,0,61,1006405254838,444,642476882759,377,043500762369,13,4683680852731,22,2254592852731,21,9716250166231,0,0412762116753242,15,8355181337666,5091,01935467928,0,0,2,14383515366624,0,365,391566907942,1,56975448294507,0,13,1320641255558,21,8891553255558,3,21070901545365,1,23553434087904,1,79478460612976E-06,0,0027807095255514,1,01130060428898E-17,47,9100405555116,5,44933237969514,-2,47618655727187,204968,65788273,42925,3257767816,15038,41077057,9,72068166872491,0,0,0,0,0,0,0,0,0,0,0,0,0,0,0,0,0,0,0,0,0,0,0,0,0,0,0,0,0,0,0,0,0,0,0,0,0,0,0,0,0,0,0,0,0,0,0,0,0,0,0,0,0,0,0,0,0,0,0,0,0,0,0,0,0,0,0,0,0,0,0,0,0,0,0,0,0,0,0,0,0,0,0,0,0,0,0,0,0,0,0,0,0,0,0,0,0,2,14383515366624,0,0,0,0,0,0,0,0,0,0,0,0,0,0,885,65,576,203896675004,12,1902623249079,86,2912882774251,9,52859679352619,0,9,2093004497329,0,0,0,0,0,0,0,0,0,0,0,0,00798888056719339,0,0179378150811047,0,0,1,40897364500765E-05,0,00736409092994577,0,10,4309892797672,5,38854142839194,0,0,42873,2818573618,40553,3474932958,0,
625-650C*,0,00856857869597837,923,150024,673,441561582671,1004,66613331569,3,02193468677205,368,134335695865,80,9664654572742,99,9913859461865,3,87908767766389,845,693208968029,10,5361796857408,371,193329537065,11,7426024184898,0,61,8366239823964,443,902909838266,380,33186995865,11,6671199702505,20,4242111702505,18,1610431610005,0,00861405381353109,19,3874025140097,5803,15587053116,0,0,0,872491381725336,0,368,129568218834,1,57908842083033,0,11,1571598030896,19,9142510030896,2,92964326087972,1,31591000332441,4,56972621147923E-07,0,00348792150777529,1,38605125770891E-19,58,6561950694817,6,83524957767246,-3,30396464822752,1119601,13077689,193688,154704317,59618,4830067929,9,4111146727385,0,0,0,0,0,0,0,0,0,0,0,0,0,0,0,0,0,0,0,0,0,0,0,0,0,0,0,0,0,0,0,0,0,0,0,0,0,0,0,0,0,0,0,0,0,0,0,0,0,0,0,0,0,0,0,0,0,0,0,0,0,0,0,0,0,0,0,0,0,0,0,0,0,0,0,0,0,0,0,0,0,0,0,0,0,0,0,0,0,0,0,0,0,0,0,0,0,0,872491381725336,0,0,0,0,0,0,0,0,0,0,0,0,0,0,910,65,1506,24282343618,12,1733301026682,86,2253502485503,9,41076146544421,0,10,5175802110356,0,0,0,0,0,0,0,0,0,0,0,0,0100206756934946,0,0224999017153633,0,0,1,76731493712427E-05,0,00923698462703598,0,11,7426024184898,6,75899779208313,0,0,42727,4510385621,40433,3580354012,0,
650-675C*,0,00680717121355914,948,150024,727,866027732045,1011,07238470401,2,22145635789497,369,677643694207,85,5791189504004,100,4,05103112218697,981,020281700626,10,5386120366214,346,554534675783,15,3797536889734,0,62,9865844521793,442,743732994451,361,922287610332,9,89982435483715,18,6569155548372,14,4208810495996,0,20,2467635436349,6474,13286469249,0,0,0,0,343,490773357552,1,58723287714988,1,00977283501009E-07,9,18225548062332,17,9393466806233,2,52989383952394,1,39545780951064,0,0,00565882077898721,1,17292580372822E-21,61,2561745204173,11,0895420821461,-4,48411321040077,7617232,41159411,1065614,71563843,284133,757641955,9,18635921732432,0,0,0,0,0,0,0,0,0,0,0,0,0,0,0,0,0,0,0,0,0,0,0,0,0,0,0,0,0,0,0,0,0,0,0,0,0,0,0,0,0,0,0,0,0,0,0,0,0,0,0,0,0,0,0,0,0,0,0,0,0,0,0,0,0,0,0,0,0,0,0,0,0,0,0,0,0,0,0,0,0,0,0,0,0,0,0,0,0,0,0,0,0,0,0,0,0,0,0,0,0,0,0,0,0,0,0,0,0,0,0,0,935,65,4510,84216560122,12,1358611096006,86,1640468693573,9,30101479453502,0,14,238218657042,0,0,0,0,0,0,0,0,0,0,0,0,0162575928694014,0,036503949721414,0,0,2,86730032970043E-05,0,0149861286804004,0,15,3797536889734,10,9658308152022,0,0,42606,3490089129,40332,9691269201,0,
675-700C*,0,00525290679624289,973,150024,790,000273528245,1016,79184939937,1,50029067113426,371,253679344346,89,1904804179079,100,4,19487416561775,1130,7583064942,10,5913050968045,322,404258178181,19,1239489094755,0,64,2521156346861,441,215787687061,342,10071255353,8,14626447328288,16,9033556732829,10,8095195820921,0,20,965680780478,7129,77982085079,0,0,0,0,319,34049685995,1,59504178301473,2,07558407019418E-07,7,20735115815705,15,9644423581571,2,15608554464127,1,47437207467952,0,0,0079543302956871,5,622719383272E-24,63,4312441104011,15,5880322057309,-5,59068512688285,95834800,1714925,9790931,70802565,2113531,66941973,7,87484543113819,0,0,0,0,0,0,0,0,0,0,0,0,0,0,0,0,0,0,0,0,0,0,0,0,0,0,0,0,0,0,0,0,0,0,0,0,0,0,0,0,0,0,0,0,0,0,0,0,0,0,0,0,0,0,0,0,0,0,0,0,0,0,0,0,0,0,0,0,0,0,0,0,0,0,0,0,0,0,0,0,0,0,0,0,0,0,0,0,0,0,0,0,0,0,0,0,0,0,0,0,0,0,0,0,0,0,0,0,0,0,0,0,960,65,17309,523264876,12,0961006118923,86,1032919051704,9,19090492010683,0,18,1728787883352,0,0,0,0,0,0,0,0,0,0,0,0,0228525108934747,0,0513118341297337,0,0,4,03042520167103E-05,0,0210652752637465,0,19,1239489094755,15,4141372694883,0,0,42495,6462462915,40240,8737985193,0,
700-725C*,0,00390220287125228,998,150024,865,210598745338,1021,92192791803,0,924214128877219,372,87371641152,92,6146603418506,100,4,39877565125985,1295,67443369928,10,6442616222885,300,633914996213,22,8076227948759,0,65,607040767578,439,365611027999,322,279137496729,6,4044923152627,15,1615835152627,7,3853396581494,0,21,9847658103022,7765,58679886159,0,0,0,0,297,570153677982,1,60257067751364,3,14139530537828E-07,5,23244683569079,13,9895380356908,1,82451395267076,1,55260107472134,0,0,00957549111090194,1,37064635256234E-26,66,5144653046884,18,7650070180466,-6,57465756851398,1794454048,7503,127437296,272543,21544558,5430273,6,52217413529408,0,0,0,0,0,0,0,0,0,0,0,0,0,0,0,0,0,0,0,0,0,0,0,0,0,0,0,0,0,0,0,0,0,0,0,0,0,0,0,0,0,0,0,0,0,0,0,0,0,0,0,0,0,0,0,0,0,0,0,0,0,0,0,0,0,0,0,0,0,0,0,0,0,0,0,0,0,0,0,0,0,0,0,0,0,0,0,0,0,0,0,0,0,0,0,0,0,0,0,0,0,0,0,0,0,0,0,0,0,0,0,0,985,649999999999,82029,2459112561,12,0557187194104,86,0429972567532,9,07914861205498,0,22,1132671857522,0,0,0,0,0,0,0,0,0,0,0,0,0275100488398005,0,061769626521512,0,0,4,85186046557329E-05,0,0253585592423886,0,22,8076227948759,18,555670800625,0,0,42393,8307489724,40155,8621621843,0,
725-750C*,0,00285716198343885,1023,150024,953,249951243666,1026,50202412249,0,493226731123856,374,555319109614,95,7932778225569,100,4,48518388221504,1476,56434456152,10,6974829304,281,243505129877,26,3076998006166,0,67,042539997515,437,235577770466,302,457562439928,4,67371980352652,13,4308110035265,4,2067221774431,0,22,4166279674855,8374,97248422589,0,0,0,0,278,179743811646,1,6098280075284,4,20720654056237E-07,3,25754251322453,12,0146337132245,1,54271317344883,1,63007628759358,0,0,0140136356344578,1,48132469721263E-29,67,821055540721,27,4624004119804,-7,41272768602202,53167548925,2966,2479337638,29295,315941722,81412,5,49483344177448,0,0,0,0,0,0,0,0,0,0,0,0,0,0,0,0,0,0,0,0,0,0,0,0,0,0,0,0,0,0,0,0,0,0,0,0,0,0,0,0,0,0,0,0,0,0,0,0,0,0,0,0,0,0,0,0,0,0,0,0,0,0,0,0,0,0,0,0,0,0,0,0,0,0,0,0,0,0,0,0,0,0,0,0,0,0,0,0,0,0,0,0,0,0,0,0,0,0,0,0,0,0,0,0,0,0,0,0,0,0,0,0,1010,65,495991,229646357,12,0152539004358,85,9833477910029,8,96495206675955,0,25,8991604271362,0,0,0,0,0,0,0,0,0,0,0,0,0402606818033785,0,0903992316763243,0,0,7,10064934803854E-05,0,0371119982590817,0,26,3076998006166,27,1560389478982,0,0,42300,2262961834,40077,3856737944,0,
750-775C*,0,00206116625585988,1048,150024,1049,11065894179,1030,57154187526,0,384125149997741,376,316051652513,99,1893013715267,100,4,93526295469797,1674,19566365283,10,750970345052,267,081800582858,29,5011043821397,0,68,5500615559893,434,864093543517,300,187224404692,2,95315886082424,11,7102500608242,0,81069862847329,0,24,6660909566316,8951,35556244473,0,0,0,0,264,018039264627,1,61682748574954,4,04160008421993E-07,1,28263819075827,10,0397293907583,1,40180054235631,1,70672919125373,0,0,019872946863223,5,94693471596448E-33,74,6267604045407,38,9448418925555,-7,83241863355959,2674940756030,21,76698221643,6808,7048622512,0193,4,61750656231226,0,0,0,0,0,0,0,0,0,0,0,0,0,0,0,0,0,0,0,0,0,0,0,0,0,0,0,0,0,0,0,0,0,0,0,0,0,0,0,0,0,0,0,0,0,0,0,0,0,0,0,0,0,0,0,0,0,0,0,0,0,0,0,0,0,0,0,0,0,0,0,0,0,0,0,0,0,0,0,0,0,0,0,0,0,0,0,0,0,0,0,0,0,0,0,0,0,0,0,0,0,0,0,0,0,0,0,0,0,0,0,0,1035,65,3972691,76846135,11,9752446232489,85,9245283748165,8,84752148060066,0,29,3759200950068,0,0,0,0,0,0,0,0,0,0,0,0,0570942766763772,0,128196506205885,0,0,0,000100695373326944,0,0526290813197165,0,29,5011043821397,38,5103861056736,0,0,42214,1874780801,40004,924317994,0,
775-800C*,0,00146601725182732,1073,150024,1152,45770928523,1034,16988503883,0,31615705599953,378,1734782541,100,100,5,44444231165971,1889,2714754863,10,8047251967772,249,602485344103,32,2647609948871,0,70,1212331869658,432,285821973532,301,126224738444,1,24202140990576,9,99911260990577,0,0,27,2109329367555,9488,1547190191,0,0,0,0,246,538724025872,1,62358754825936,3,65082226013789E-07,-0,692266131707996,8,06482506829201,1,15856049259631,1,78249126365927,0,0,0236115568110314,7,03082695798661E-37,82,3261284433375,46,2713634355069,-8,55785100689374,247859452507809,4050774314043,65,255140735698,005,3,83483784596377,0,0,0,0,0,0,0,0,0,0,0,0,0,0,0,0,0,0,0,0,0,0,0,0,0,0,0,0,0,0,0,0,0,0,0,0,0,0,0,0,0,0,0,0,0,0,0,0,0,0,0,0,0,0,0,0,0,0,0,0,0,0,0,0,0,0,0,0,0,0,0,0,0,0,0,0,0,0,0,0,0,0,0,0,0,0,0,0,0,0,0,0,0,0,0,0,0,0,0,0,0,0,0,0,0,0,0,0,0,0,0,0,1060,65,44008129,3630808,11,9362293561304,85,8667238750912,8,72606304995838,0,32,3950957499077,0,0,0,0,0,0,0,0,0,0,0,0,0678351714321642,0,152313550178994,0,0,0,000119638750321277,0,0625299585434177,0,32,2647609948871,45,7551753953312,0,0,42135,0963239123,39937,983529037,0,
800-825C*,0,00102961978790593,1098,150024,1262,73824486972,1037,33645747572,0,245577873023433,380,145163128262,100,100,5,95362166862146,2122,53060086221,10,8587488227611,237,351875424666,34,4755940943009,0,71,7477856827148,429,531931791022,302,065225072196,-0,460480626479008,8,296610573521,0,0,29,7557749168794,9978,78863945003,0,0,0,0,234,288114106435,1,63013081423245,3,26004443605586E-07,-2,66717045417425,6,08992074582575,1,07127681063856,1,85729398276768,0,0,0314567802436816,1,79365614365673E-41,90,0254964821344,61,6455798664758,-8,81846347044069,4,6440492004944E+16,396400017839462,16135726274783,2,3,09147164178529,0,0,0,0,0,0,0,0,0,0,0,0,0,0,0,0,0,0,0,0,0,0,0,0,0,0,0,0,0,0,0,0,0,0,0,0,0,0,0,0,0,0,0,0,0,0,0,0,0,0,0,0,0,0,0,0,0,0,0,0,0,0,0,0,0,0,0,0,0,0,0,0,0,0,0,0,0,0,0,0,0,0,0,0,0,0,0,0,0,0,0,0,0,0,0,0,0,0,0,0,0,0,0,0,0,0,0,0,0,0,0,0,1085,65,708541244,55907,11,8987465673611,85,8101191587243,8,59978297121281,0,34,8138940006158,0,0,0,0,0,0,0,0,0,0,0,0,0903742221494311,0,20292155720444,0,0,0,000159390162521042,0,083306288538663,0,34,4755940943009,60,9578821481858,0,0,42062,3590767168,39876,0912150412,0,
825-850C*,0,00214059695240473,1123,150024,1379,45881672475,1040,24186930815,0,17238760106945,382,207945837656,100,100,6,4628010255832,2374,71186058087,10,9130425668749,226,711291061207,36,2157283105135,0,73,3845294507637,426,630353116244,303,004225405948,-2,15775945077473,6,59933174922528,0,1,4210854715202E-14,32,3006168970032,10433,02012184,0,0,0,0,223,647529742976,1,63661808012475,2,86926661197382E-07,-4,64207477664052,4,11501642335948,1,03887393578483,1,93139385400245,0,0,0446707508985004,6,44754093073519E-47,97,7248645209313,87,5408837419739,-8,91525262138977,1,95907903185196E+19,7,89666757699896E+16,1,94137498628802E+15,2,33205229883314,0,0,0,0,0,0,0,0,0,0,0,0,0,0,0,0,0,0,0,0,0,0,0,0,0,0,0,0,0,0,0,0,0,0,0,0,0,0,0,0,0,0,0,0,0,0,0,0,0,0,0,0,0,0,0,0,0,0,0,0,0,0,0,0,0,0,0,0,0,0,0,0,0,0,0,0,0,0,0,0,0,0,0,0,0,0,0,0,0,0,0,0,0,0,0,0,0,0,0,0,0,0,0,0,0,0,0,0,0,0,0,0,1110,65,17553381062,8577,11,8627236327553,85,754471365833,8,46961726975141,0,36,7184997641783,0,0,0,0,0,0,0,0,0,0,0,0,128337494619903,0,288162305982858,0,0,0,000226344787689424,0,118300551892519,0,36,2157283105135,86,5643065707177,0,0,41993,5640703382,39817,3436650209,0,
850-875C*,0,000377413419245225,1148,150024,1500,8557285866,1043,64301527987,0,0965862401375807,384,128689599857,100,100,6,97198038254494,2646,55407544258,10,9676077797093,213,25445455399,38,657919565894,0,74,821731088135,423,606034728143,303,9432257397,-3,86495295785602,4,89213824214399,0,1,4210854715202E-14,34,8454588771271,10944,4409119169,0,0,0,0,210,190693235759,1,64382472556722,2,47848878789178E-07,-6,61697909910678,2,14011210089322,0,917898400260998,2,00665561785297,0,0,0539927722635588,1,79175042785312E-53,105,424232559728,105,809168293827,-9,27680610333596,2,10531470951964E+22,3,56825557003431E+19,4,90066185209713E+17,1,50122416616363,0,0,0,0,0,0,0,0,0,0,0,0,0,0,0,0,0,0,0,0,0,0,0,0,0,0,0,0,0,0,0,0,0,0,0,0,0,0,0,0,0,0,0,0,0,0,0,0,0,0,0,0,0,0,0,0,0,0,0,0,0,0,0,0,0,0,0,0,0,0,0,0,0,0,0,0,0,0,0,0,0,0,0,0,0,0,0,0,0,0,0,0,0,0,0,0,0,0,0,0,0,0,0,0,0,0,0,0,0,0,0,0,1135,65,714507373027,817,11,824677773469,85,6973319071769,8,34546601335752,0,39,3909248287057,0,0,0,0,0,0,0,0,0,0,0,0,155119333803739,0,348296848585026,0,0,0,000273579071964266,0,142987852868184,0,38,657919565894,100,0,0,41918,106509172,39753,3731647063,0,
875-900C*,3,52035138227533E-06,1173,150024,1628,6172013651,1047,04416125158,0,0181737902278255,386,049433362059,100,100,7,48115973950669,2938,79606624763,11,0224458186078,199,797618046773,41,1001108212745,0,76,2025158285618,420,481196278073,304,882226073453,-5,57214646493731,3,18494473506269,0,0,37,390300857251,11455,8617019938,0,0,0,0,196,733856728542,1,65124696034297,2,08771096380974E-07,-8,59188342157304,0,165207778426958,0,79692286473717,2,08191738170349,0,0,0693513883551503,1,60737721426156E-61,113,123600598525,135,907315261774,-9,6386639949502,6,64268697099021E+25,4,14161052114825E+22,2,90456284549686E+20,0,543631592833073,0,0,0,0,0,0,0,0,0,0,0,0,0,0,0,0,0,0,0,0,0,0,0,0,0,0,0,0,0,0,0,0,0,0,0,0,0,0,0,0,0,0,0,0,0,0,0,0,0,0,0,0,0,0,0,0,0,0,0,0,0,0,0,0,0,0,0,0,0,0,0,0,0,0,0,0,0,0,0,0,0,0,0,0,0,0,0,0,0,0,0,0,0,0,0,0,0,0,0,0,0,0,0,0,0,0,0,0,0,0,0,0,1160,65,51527719943870,3,11,7866319141826,85,6401924485208,8,22131475696363,0,42,0608028362923,0,0,0,0,0,0,0,0,0,0,0,0,199244097108086,0,44737228700142,0,0,0,000351400524000151,0,183661732832033,0,41,1001108212745,100,0,0,41842,9402102282,39689,6671018367,0,
900-925C*,0,1198,150024,1762,82737404223,1050,4453072233,0,387,97017712426,100,100,7,99033909646843,3231,62521166062,11,0775580477009,186,340781539556,43,542302076655,,,,305,821226407205,,,0,0,39,9351428373749,11967,2824920707,,,0,0,183,277020221325,,1,69693313972771E-07,,,0,675947329213342,2,15717914555402,0,0,0849051814958267,,120,822968637322,166,38794900282,,,,,0,0,0,0,0,0,0,0,0,0,0,0,0,0,0,0,0,0,0,0,0,0,0,0,0,0,0,0,0,0,0,0,0,0,0,0,0,0,0,0,0,0,0,0,0,0,0,0,0,0,0,0,0,0,0,0,0,0,0,0,0,0,0,0,0,0,0,0,0,0,0,0,0,0,0,0,0,0,0,0,0,0,0,0,0,0,0,0,0,0,0,0,0,0,0,0,0,0,0,0,0,0,0,0,0,0,0,0,0,0,0,0,0,1185,65,,11,7485860548963,85,5830529898647,8,09716350056974,,,,,,,,,,,,,,0,243929597202906,0,547706774513877,,,0,000430210929811123,0,224852495815734,,43,542302076655,100,,,41768,0645468187,,,
925-950C*,0,1223,150024,1903,47334133914,1053,84645319501,0,389,890920886462,100,100,8,49951845343017,3509,27991672387,11,1329458379394,172,883945032339,45,9844933320355,,,,306,760226740957,,,0,1,4210854715202E-14,42,4799848174988,12478,7032821476,,,0,0,169,820183714108,,1,30615531564567E-07,,,0,554971793689514,2,23244090940454,0,0,0983166583616021,,128,522336676119,192,670304089769,,,,,0,0,0,0,0,0,0,0,0,0,0,0,0,0,0,0,0,0,0,0,0,0,0,0,0,0,0,0,0,0,0,0,0,0,0,0,0,0,0,0,0,0,0,0,0,0,0,0,0,0,0,0,0,0,0,0,0,0,0,0,0,0,0,0,0,0,0,0,0,0,0,0,0,0,0,0,0,0,0,0,0,0,0,0,0,0,0,0,0,0,0,0,0,0,0,0,0,0,0,0,0,0,0,0,0,0,0,0,0,0,0,0,0,1210,65,,11,71054019561,85,5259135312086,7,97301224417584,,,,,,,,,,,,,,0,282460298063907,0,63422159735755,,,0,000498166310518355,0,260369810456806,,45,9844933320355,100,,,41693,478850515,,,
950-975C*,0,1248,150024,2050,59311161075,1057,24759916673,0,391,811664648663,100,100,9,00869781039192,3786,93462178712,11,1886105671291,159,427108525122,48,426684587416,,,,307,699227074709,,,0,0,45,0248267976226,12990,1240722245,,,0,0,156,363347206891,,9,15377491563631E-08,,,0,433996258165686,2,30770267325506,0,0,111728135227378,,136,221704714916,218,952659176717,,,,,0,0,0,0,0,0,0,0,0,0,0,0,0,0,0,0,0,0,0,0,0,0,0,0,0,0,0,0,0,0,0,0,0,0,0,0,0,0,0,0,0,0,0,0,0,0,0,0,0,0,0,0,0,0,0,0,0,0,0,0,0,0,0,0,0,0,0,0,0,0,0,0,0,0,0,0,0,0,0,0,0,0,0,0,0,0,0,0,0,0,0,0,0,0,0,0,0,0,0,0,0,0,0,0,0,0,0,0,0,0,0,0,0,1235,65,,11,6724943363236,85,4687740725526,7,84886098778195,,,,,,,,,,,,,,0,320990998924909,0,720736420201223,,,0,000566121691225588,0,295887125097878,,48,426684587416,100,,,41619,1824131665,,,
975-1000C*,0,1273,150024,2204,27226738947,1060,64874513844,0,393,732408410865,100,100,9,51787716735366,4064,58932685036,11,2445536199647,145,970272017905,50,8688758427965,,,,308,638227408462,,,0,0,47,5696687777465,13501,5448623014,,,0,0,142,906510699674,,5,24599667481593E-08,,,0,313020722641858,2,38296443710558,0,0,125139612093153,,143,921072753712,245,235014263666,,,,,0,0,0,0,0,0,0,0,0,0,0,0,0,0,0,0,0,0,0,0,0,0,0,0,0,0,0,0,0,0,0,0,0,0,0,0,0,0,0,0,0,0,0,0,0,0,0,0,0,0,0,0,0,0,0,0,0,0,0,0,0,0,0,0,0,0,0,0,0,0,0,0,0,0,0,0,0,0,0,0,0,0,0,0,0,0,0,0,0,0,0,0,0,0,0,0,0,0,0,0,0,0,0,0,0,0,0,0,0,0,0,0,0,1260,65,,11,6344484770373,85,4116346138965,7,72470973138806,,,,,,,,,,,,,,0,35952169978591,0,807251243044896,,,0,000634077071932821,0,331404439738949,,50,8688758427965,100,,,41545,1744888387,,,
1000-1050C*,0,1323,150024,2447,38169056365,1065,75046409602,0,396,613524054167,100,100,10,2816462027963,4481,07138444523,11,3007763880645,125,785017257079,54,5321627258672,,,,310,04672790909,,,0,0,51,3869317479323,14268,6760474167,,,0,0,122,721255938848,,0,,,0,131557419356116,2,49585708288137,0,0,145256827391816,,155,470124811908,284,658546894089,,,,,0,0,0,0,0,0,0,0,0,0,0,0,0,0,0,0,0,0,0,0,0,0,0,0,0,0,0,0,0,0,0,0,0,0,0,0,0,0,0,0,0,0,0,0,0,0,0,0,0,0,0,0,0,0,0,0,0,0,0,0,0,0,0,0,0,0,0,0,0,0,0,0,0,0,0,0,0,0,0,0,0,0,0,0,0,0,0,0,0,0,0,0,0,0,0,0,0,0,0,0,0,0,0,0,0,0,0,0,0,0,0,0,0,1298,15,,11,5773796881078,85,3259254259124,7,53848284679723,,,,,,,,,,,,,,0,417317751077411,0,937023477310405,,,0,00073601014299367,0,384680411700557,,54,5321627258672,100,,,41434,7018445635,,,
1050-1100C*,0,1373,150024,2795,99273131085,1072,55275603945,0,400,45501157857,100,100,11,3000049167198,5036,38079457173,11,3572802700049,98,8713442426452,59,4165452366282,,,,311,924728576594,,,0,0,56,4766157081801,15291,5176275705,,,0,0,95,8075829244141,,0,,,1E-06,2,64638061058241,0,0,172079781123367,,170,868860889501,337,223257067986,,,,,0,0,0,0,0,0,0,0,0,0,0,0,0,0,0,0,0,0,0,0,0,0,0,0,0,0,0,0,0,0,0,0,0,0,0,0,0,0,0,0,0,0,0,0,0,0,0,0,0,0,0,0,0,0,0,0,0,0,0,0,0,0,0,0,0,0,0,0,0,0,0,0,0,0,0,0,0,0,0,0,0,0,0,0,0,0,0,0,0,0,0,0,0,0,0,0,0,0,0,0,0,0,0,0,0,0,0,0,0,0,0,0,0,1348,15,,11,5012879695351,85,2116465086002,7,29018033400945,,,,,,,,,,,,,,0,494379152799413,1,11005312299775,,,0,000871920904408136,0,4557150409827,,59,4165452366282,100,,,41288,4072022304,,,
1100-1150C*,0,1423,150024,3174,26536486001,1079,35504798287,0,404,296499102973,100,100,12,3183636306432,5591,69020469822,11,4140666713549,71,9576712282111,64,3009277473892,,,,313,802729244099,,,0,0,61,5662996684279,16314,3592077242,,,0,0,68,89390990998,,0,,,1E-06,2,79690413828346,0,0,198902734854918,,186,267596967095,389,787967241884,,,,,0,0,0,0,0,0,0,0,0,0,0,0,0,0,0,0,0,0,0,0,0,0,0,0,0,0,0,0,0,0,0,0,0,0,0,0,0,0,0,0,0,0,0,0,0,0,0,0,0,0,0,0,0,0,0,0,0,0,0,0,0,0,0,0,0,0,0,0,0,0,0,0,0,0,0,0,0,0,0,0,0,0,0,0,0,0,0,0,0,0,0,0,0,0,0,0,0,0,0,0,0,0,0,0,0,0,0,0,0,0,0,0,0,1398,15,,11,4251962509624,85,0973675912881,7,04187782122167,,,,,,,,,,,,,,0,571440554521415,1,2830827686851,,,0,0010078316658226,0,526749670264844,,64,3009277473892,100,,,41143,2514790778,,,
1150+C*,0,1623,150024,4265,03970264812,1096,36077784145,0,413,90021791398,100,100,30,8104330293882,6979,96373001446,11,4711370047117,56,2137613182311,76,5118840242917,,,,318,49773091286,,,0,0,153,988338823967,18871,4631581087,,,0,0,53,15,,0,,,1E-06,3,17321295753607,0,0,532978123673827,,465,888610622711,1044,4726140279,,,,,0,0,0,0,0,0,0,0,0,0,0,0,0,0,0,0,0,0,0,0,0,0,0,0,0,0,0,0,0,0,0,0,0,0,0,0,0,0,0,0,0,0,0,0,0,0,0,0,0,0,0,0,0,0,0,0,0,0,0,0,0,0,0,0,0,0,0,0,0,0,0,0,0,0,0,0,0,0,0,0,0,0,0,0,0,0,0,0,0,0,0,0,0,0,0,0,0,0,0,0,0,0,0,0,0,0,0,0,0,0,0,0,0,1523,15,,11,2349669545308,84,8116702980077,6,42112153925222,,,,,,,,,,,,,,1,53122738489297,3,43813797769455,,,0,0027005773984003,1,41147406096926,,76,5118840242917,100,,,40785,294831992,,,
