Name,Bayou des Allemands Field-1984
Created,26/03/2026 09:50:08
Cpt,Composition,Boiling Temperature,Molecular Weight,Standard Liquid Density,Acidity,Aniline Point,Assay - Aromatics Vol Pct,Assay - Aromatics Wt Pct,Asphaltene Content,Basic Nitrogen Content,C to H Ratio,Cloud Point,Conradson Carbon Content,Copper Content,Cetane Number,Flash Point,Freeze Point,MON (Clear),MON (Leaded),Assay - Naphthenes Vol Pct,Assay - Naphthenes Wt Pct,Nickel Content,Nitrogen Content,Assay - Olefins Vol Pct,Assay - Olefins Wt Pct,Assay - Paraffins Vol Pct,Assay - Paraffins Wt Pct,Pour Point,Refractive Index,Reid Vapour Pressure,RON (Clear),RON (Leaded),Smoke Point,Sulfur Content,Mercaptan Sulfur Content,Sodium Content,True Vapour Pressure,Vanadium Content,Iron Content,Luminometer Number,Viscosity @ 38C,Viscosity @ 50C,Viscosity @ 60C,Wax Content,Pi C6 22DMB Wt Pct,Pi C6 22DMB Vol Pct,Pi C6 23DMB Wt Pct,Pi C6 23DMB Vol Pct,Pi C6 2MP Wt Pct,Pi C6 2MP Vol Pct,Pi C6 3MP Wt Pct,Pi C6 3MP Vol Pct,Pi C7 22-mPentane Wt Pct,Pi C7 22-mPentane Vol Pct,Pi C7 24-mPentane Wt Pct,Pi C7 24-mPentane Vol Pct,Pi C7 223-mButane Wt Pct,Pi C7 223-mButane Vol Pct,Pi C7 33-mPentane Wt Pct,Pi C7 33-mPentane Vol Pct,Pi C7 23-mPentane Wt Pct,Pi C7 23-mPentane Vol Pct,Pi C7 2-mHexane Wt Pct,Pi C7 2-mHexane Vol Pct,Pi C7 3-mHexane Wt Pct,Pi C7 3-mHexane Vol Pct,Pi C7 3-ePentane Wt Pct,Pi C7 3-ePentane Vol Pct,Pi C6 Wt Pct,Pi C6 Vol Pct,Pi C7 Wt Pct,Pi C7 Vol Pct,Pi C8 Wt Pct,Pi C8 Vol Pct,Pi C9 Wt Pct,Pi C9 Vol Pct,Pi C10  Wt Pct,Pi C10  Vol Pct,Pi C11  Wt Pct,Pi C11  Vol Pct,Pn C6 Hexane Wt Pct,Pn C6 Hexane Vol Pct,Pn C7 Heptane Wt Pct,Pn C7 Heptane Vol Pct,Pn C8 Octane Wt Pct,Pn C8 Octane Vol Pct,Pn C9 Nonane Wt Pct,Pn C9 Nonane Vol Pct,Pn C10 Decane Wt Pct,Pn C10 Decane Vol Pct,Pn C11 n-C11 Wt Pct,Pn C11 n-C11 Vol Pct,On C6 Wt Pct,On C6 Vol Pct,On C7 Wt Pct,On C7 Vol Pct,On C8 Wt Pct,On C8 Vol Pct,On C9 Wt Pct,On C9 Vol Pct,On C10 Wt Pct,On C10 Vol Pct,On C11 Wt Pct,On C11 Vol Pct,A C6 Benzene Wt Pct,A C6 Benzene Vol Pct,A C7 Toluene Wt Pct,A C7 Toluene Vol Pct,A C8 m-Xylene Wt Pct,A C8 m-Xylene Vol Pct,A C8 o-Xylene Wt Pct,A C8 o-Xylene Vol Pct,A C8 p-Xylene Wt Pct,A C8 p-Xylene Vol Pct,A C8 EthBenz Wt Pct,A C8 EthBenz Vol Pct,N C6 cyc-C5 Wt Pct,N C6 cyc-C5 Vol Pct,N C6 cyc-C6 Wt Pct,N C6 cyc-C6 Vol Pct,A C8 Wt Pct,A C8 Vol Pct,A C9 Wt Pct,A C9 Vol Pct,A C10 Wt Pct,A C10 Vol Pct,A C11 Wt Pct,A C11 Vol Pct,N C6 Wt Pct,N C6 Vol Pct,N C7 Wt Pct,N C7 Vol Pct,N C8 Wt Pct,N C8 Vol Pct,N C9 Wt Pct,N C9 Vol Pct,N C10 Wt Pct,N C10 Vol Pct,N C11 Wt Pct,N C11 Vol Pct,Pi Wt Pct,Pi Vol Pct,Pn Wt Pct,Pn Vol Pct,Oi C6 Wt Pct,Oi C6 Vol Pct,Oi C7 Wt Pct,Oi C7 Vol Pct,Oi C8 Wt Pct,Oi C8 Vol Pct,Oi C9 Wt Pct,Oi C9 Vol Pct,Oi C10 Wt Pct,Oi C10 Vol Pct,Oi C11 Wt Pct,Oi C11 Vol Pct,Centroid Boiling Temperature,Viscosity @ 100C,Hydrogen,CarbonByWt,PValue,RamsCarbonResidueByWt,SulfideByWt,ZincByWt,TinByWt,ChromiumByWt,LeadByWt,AluminiumByWt,MagnesiumByWt,MetalByWt,ArsenicByWt,CadmiumByWt,MercuryByWt,NaClByWt,SaltByWt,MudByWt,ChloridesByWt,MolybdenumByWt,AshByWt,GumByWt,MicroCarbonResidueByWt,nC5InsolublesByWt,NaphthenicAcidByWt,NaphthenicAcidByVol,Gross Heating Value,Net Heating Value,Oxygen Content,
Hydrogen,0,20,5548,2,016000032,69,85910034,0,,0,0,0,0,0,13,9,0,0,,,13,9,10,,0,0,0,0,0,0,0,0,13,9,,,130,,,0,0,0,,0,0,,,,,0,,,,,,,,,,,,,,,,,,,,,,,,,,,,,,,,,,,,,,,,,,,,,,,,,,,,,,,,,,,,,,,,,,,,,,,,,,,,,,,,,,,,,,,,,,,,,,,,,0,0,0,0,,,,,,,,,,,,,,,100,0,,,,,,,,,,,,,,,,,,,,,0,,,,,,,
Nitrogen,0,77,3498,28,0135,806,3740234,0,,0,0,0,0,0,63,1,0,0,,,63,1,,,0,0,0,0,0,0,0,0,63,1,,,,,,0,0,0,,0,0,,,,,0,,,,,,,,,,,,,,,,,,,,,,,,,,,,,,,,,,,,,,,,,,,,,,,,,,,,,,,,,,,,,,,,,,,,,,,,,,,,,,,,,,,,,,,,,,,,,,,,,0,0,0,0,,,,,,,,,,,,,,,0,0,,,,,,,,,,,,,,,,,,,,,0,,,,,,,
CO,0,81,6996,28,0109005,799,3880005,0,,0,0,0,0,0,68,2,0,0,,,68,2,,,0,0,0,0,0,0,0,0,68,2,,,120,,,0,0,0,,0,0,,,,,0,,,,,,,,,,,,,,,,,,,,,,,,,,,,,,,,,,,,,,,,,,,,,,,,,,,,,,,,,,,,,,,,,,,,,,,,,,,,,,,,,,,,,,,,,,,,,,,,,0,0,0,0,,,,,,,,,,,,,,,0,0,,,,,,,,,,,,,,,,,,,,,0,,,,,,,
Oxygen,0,90,1996,32,1137,680054,0,,0,0,0,0,0,54,4,0,0,,,54,4,,,0,0,0,0,0,0,0,0,54,4,,,120,,,0,0,0,,0,0,,,,,0,,,,,,,,,,,,,,,,,,,,,,,,,,,,,,,,,,,,,,,,,,,,,,,,,,,,,,,,,,,,,,,,,,,,,,,,,,,,,,,,,,,,,,,,,,,,,,,,,0,0,0,0,,,,,,,,,,,,,,,0,0,,,,,,,,,,,,,,,,,,,,,0,,,,,,,
Methane,3,42061045987848E-05,111,625,16,04290009,299,3940125,0,,0,0,0,0,3,90,4,0,0,,85,15,90,4,,,0,0,0,0,0,0,100,100,90,4,,,120,,,0,0,0,,0,0,,,,,0,,,,,,,,,,,,,,,,,,,,,,,,,,,,,,,,,,,,,,,,,,,,,,,,,,,,,,,,,,,,,,,,,,,,,,,,,,,,,,,,,,,,,,,,,,,,,,,,,0,0,100,100,,,,,,,,,,,,,,,25,13516209,75,,,,,,,,,,,,,,,,,,,,,0,,,,,,,
Ethylene,0,169,399,28,05380058,383,2260132,0,,0,0,0,0,6,104,0,0,,137,15,104,75,6,,0,0,0,0,100,100,0,0,104,,,100,51,,,0,0,0,,0,0,,,,,0,,,,,,,,,,,,,,,,,,,,,,,,,,,,,,,,,,,,,,,,,,,,,,,,,,,,,,,,,,,,,,,,,,,,,,,,,,,,,,,,,,,,,,,,,,,,,,,,,0,0,0,0,,,,,,,,,,,,,,,14,34761566,85,71428571,,,,,,,,,,,,,,,,,,,,,0,,,,,,,
Ethane,0,000615767159731439,184,55,30,06990051,355,6830139,0,,0,0,0,0,4,90,4,0,0,,138,15,90,4,100,79,,0,0,0,0,0,0,100,100,90,4,,,111,38,,,0,0,0,,0,0,,,,,0,,,,,,,,,,,,,,,,,,,,,,,,,,,,,,,,,,,,,,,,,,,,,,,,,,,,,,,,,,,,,,,,,,,,,,,,,,,,,,,,,,,,,,,,,,,,,,,,,0,0,100,100,,,,,,,,,,,,,,,20,11147323,80,,,,,,,,,,,,,,,,,,,,,0,,,,,,,
CO2,0,194,598,44,00970078,825,335022,0,,0,0,0,0,0,217,0,0,,,217,,,0,0,0,0,0,0,0,0,217,,,,,,0,0,0,,0,0,,,,,0,,,,,,,,,,,,,,,,,,,,,,,,,,,,,,,,,,,,,,,,,,,,,,,,,,,,,,,,,,,,,,,,,,,,,,,,,,,,,,,,,,,,,,,,,,,,,,,,,0,0,0,0,,,,,,,,,,,,,,,0,0,,,,,,,,,,,,,,,,,,,,,0,,,,,,,
H2S,0,213,498,34,07600021,788,40802,0,,0,0,0,0,0,188,0,0,,,188,,,0,0,0,0,0,0,0,0,188,,2759,,,,94,1177,0,0,,0,0,,,,,0,,,,,,,,,,,,,,,,,,,,,,,,,,,,,,,,,,,,,,,,,,,,,,,,,,,,,,,,,,,,,,,,,,,,,,,,,,,,,,,,,,,,,,,,,,,,,,,,,0,0,0,0,,,,,,,,,,,,,,,5,911554252,0,,,,,,,,,,,,,,,,,,,,,0,,,,,,,
Propene,0,225,399,42,08060074,520,9550171,0,,0,0,0,0,6,87,9,0,0,,165,87,9,84,9,,0,0,0,0,100,100,0,0,87,9,,1565,102,54,,,0,0,0,,0,0,,,,,0,,,,,,,,,,,,,,,,,,,,,,,,,,,,,,,,,,,,,,,,,,,,,,,,,,,,,,,,,,,,,,,,,,,,,,,,,,,,,,,,,,,,,,,,,,,,,,,,,0,0,0,0,,,,,,,,,,,,,,,14,36465558,85,71428571,,,,,,,,,,,,,,,,,,,,,0,,,,,,,
Propane,0,00369063887909754,231,048,44,09700012,506,678009,0,,0,0,0,0,4,5,85,5,0,0,,169,15,85,5,97,1,,0,0,0,0,0,0,100,100,85,5,,1303,112,14,,,0,0,0,,0,0,,,,,0,,,,,,,,,,,,,,,,,,,,,,,,,,,,,,,,,,,,,,,,,,,,,,,,,,,,,,,,,,,,,,,,,,,,,,,,,,,,,,,,,,,,,,,,,,,,,,,,,0,0,100,100,,,,,,,,,,,,,,,18,28426304,81,81818182,,,,,,,,,,,,,,,,,,,,,0,,,,,,,
i-Butane,0,0104382130540716,261,42,58,12400055,561,9660034,0,380,85,0,0,0,0,4,8,114,0,0,,190,15,114,97,6,,0,0,0,0,0,0,100,100,114,,489,6,101,426,,,0,0,0,,0,0,,,,,0,,,,,,,,,,,,,,,,,,,,,,,,,,,,,,,,,,,,,,,,,,,,,,,,,,,,,,,,,,,,,,,,,,,,,,,,,,,,,,,,,,,,,,,,,,,,,,,,,100,100,0,0,,,,,,,,,,,,,,,17,34802065,82,75862069,,,,,,,,,,,,,,,,,,,,,0,,,,,,,
i-Butene,0,266,299,56,10770035,592,7930298,0,286,7055556,0,0,0,0,6,133,0,0,,193,15,133,88,1,,0,0,0,0,100,100,0,0,133,,442,7,105,2096138,,,0,0,0,,0,0,,,,,0,,,,,,,,,,,,,,,,,,,,,,,,,,,,,,,,,,,,,,,,,,,,,,,,,,,,,,,,,,,,,,,,,,,,,,,,,,,,,,,,,,,,,,,,,,,,,,,,,0,0,0,0,,,,,,,,,,,,,,,14,37319073,85,71428571,,,,,,,,,,,,,,,,,,,,,0,,,,,,,
1-Butene,0,266,898,56,10770035,593,7890015,0,,0,0,0,0,6,87,8,0,0,,193,15,87,8,80,8,,0,0,0,0,100,100,0,0,87,8,,432,97,4,,,0,0,0,,0,0,,0,236064836133691,0,219972008704656,0,208210021632581,0,,,,,,,,,,,,,,,,,,,,,,,,,,,,,,,,,,,,,,,,,,,,,,,,,,,,,,,,,,,,,,,,,,,,,,,,,,,,,,,,,,,,,,,,,,,,,,,,,0,0,0,0,,,,,,,,,,,,,,,14,37319073,85,71428571,,,,,,,,,,,,,,,,,,,,,0,,,,,,,
13-Butadiene,0,268,7,54,1,619,7440186,0,,0,0,0,0,8,164,0,0,,197,15,164,73,94513286,,0,0,0,0,100,100,0,0,164,,409,6,102,9723045,,,0,0,0,,0,0,,,,,0,,,,,,,,,,,,,,,,,,,,,,,,,,,,,,,,,,,,,,,,,,,,,,,,,,,,,,,,,,,,,,,,,,,,,,,,,,,,,,,,,,,,,,,,,,,,,,,,,0,0,0,0,,,,,,,,,,,,,,,11,17841035,88,88888889,,,,,,,,,,,,,,,,,,,,,0,,,,,,,
n-Butane,0,00754227046101955,272,648,58,12400055,583,2230225,0,356,35,0,0,0,0,4,8,135,0,0,,213,15,135,89,6,,0,0,0,0,0,0,100,100,135,,358,5,93,8,,,0,0,0,,0,0,,0,241514675581771,0,217701202498228,,0,,,,,,,,,,,,,,,,,,,,,,,,,,,,,,,,,,,,,,,,,,,,,,,,,,,,,,,,,,,,,,,,,,,,,,,,,,,,,,,,,,,,,,,,,,,,,,,,,0,0,100,100,,,,,,,,,,,,,,,17,34802065,82,75862069,,,,,,,,,,,,,,,,,,,,,0,,,,,,,
tr2-Butene,0,274,027,56,1,608,684021,0,,0,0,0,0,6,168,0,0,,201,168,83,84306902,,0,0,0,0,100,100,0,0,168,,343,9,105,0089318,,,0,0,0,,0,0,,,,,0,,,,,,,,,,,,,,,,,,,,,,,,,,,,,,,,,,,,,,,,,,,,,,,,,,,,,,,,,,,,,,,,,,,,,,,,,,,,,,,,,,,,,,,,,,,,,,,,,0,0,0,0,,,,,,,,,,,,,,,14,37319073,85,71428571,,,,,,,,,,,,,,,,,,,,,0,,,,,,,
i-Pentane,0,000110801312315088,301,028,72,15100098,623,4420166,0,343,95,0,0,0,0,5,113,0,0,,217,113,90,3,,0,0,0,0,0,0,100,100,113,,133,8,92,3,,,0,0,0,,0,0,,,,,0,,,,,,,,,,,,,,,,,,,,,,,,,,,,,,,,,,,,,,,,,,,,,,,,,,,,,,,,,,,,,,,,,,,,,,,,,,,,,,,,,,,,,,,,,,,,,,,,,100,100,0,0,,,,,,,,,,,,,,,16,75213296,83,33333333,,,,,,,,,,,,,,,,,,,,,0,,,,,,,
1-Pentene,0,303,096,70,13500214,638,7230225,0,292,25,0,0,0,0,6,108,0,0,,245,108,77,1,,0,0,0,0,100,100,0,0,108,,131,8,90,9,,,0,0,0,,0,0,,,,,0,,,,,,,,,,,,,,,,,,,,,,,,,,,,,,,,,,,,,,,,,,,,,,,,,,,,,,,,,,,,,,,,,,,,,,,,,,,,,,,,,,,,,,,,,,,,,,,,,0,0,0,0,,,,,,,,,,,,,,,14,37831669,85,71428571,,,,,,,,,,,,,,,,,,,,,0,,,,,,,
2M-1-butene,0,304,303,70,1,654,3800049,0,,0,0,0,0,6,136,0,0,,221,136,81,9,,0,0,0,0,100,100,0,0,136,,127,2,102,54,,,0,0,0,,0,0,,,,,0,,,,,,,,,,,,,,,,,,,,,,,,,,,,,,,,,,,,,,,,,,,,,,,,,,,,,,,,,,,,,,,,,,,,,,,,,,,,,,,,,,,,,,,,,,,,,,,,,0,0,0,0,,,,,,,,,,,,,,,14,37831669,85,71428571,,,,,,,,,,,,,,,,,,,,,0,,,,,,,
n-Pentane,0,309,209,72,15100098,629,7290039,0,343,95,0,0,0,0,5,143,0,0,,233,143,61,9,,0,0,0,0,0,0,100,100,143,,101,35,61,7,,,0,0,0,,0,0,,0,317713556013358,0,28795065870348,0,265338970196147,0,,,,,,,,,,,,,,,,,,,,,,,,,,,,,,,,,,,,,,,,,,,,,,,,,,,,,,,,,,,,,,,,,,,,,,,,,,,,,,,,,,,,,,,,,,,,,,,,,0,0,100,100,,,,,,,,,,,,,,,16,75213296,83,33333333,,,,,,,,,,,,,,,,,,,,,0,,,,,,,
cis2-Butene,0,276,867,56,1,625,9530029,0,,0,0,0,0,6,134,0,0,,203,134,83,5,,0,0,0,0,100,100,0,0,134,,314,4,100,,,0,0,0,,0,0,,,,,0,,,,,,,,,,,,,,,,,,,,,,,,,,,,,,,,,,,,,,,,,,,,,,,,,,,,,,,,,,,,,,,,,,,,,,,,,,,,,,,,,,,,,,,,,,,,,,,,,0,0,0,0,,,,,,,,,,,,,,,14,37319073,85,71428571,,,,,,,,,,,,,,,,,,,,,0,,,,,,,
3M-1-butene,0,293,204,70,1,631,2700195,0,,0,0,0,0,6,105,0,0,,217,105,85,26729455,,0,0,0,0,100,100,0,0,105,,190,101,6748769,,,0,0,0,,0,0,,,,,0,,,,,,,,,,,,,,,,,,,,,,,,,,,,,,,,,,,,,,,,,,,,,,,,,,,,,,,,,,,,,,,,,,,,,,,,,,,,,,,,,,,,,,,,,,,,,,,,,0,0,0,0,,,,,,,,,,,,,,,14,37831669,85,71428571,,,,,,,,,,,,,,,,,,,,,0,,,,,,,
2M-2-butene,0,311,704,70,1,666,1090088,0,406,15,0,0,0,0,6,139,0,0,,228,139,84,7,,0,0,0,0,100,100,0,0,139,,98,11,97,3,,,0,0,0,,0,0,,,,,0,,,,,,,,,,,,,,,,,,,,,,,,,,,,,,,,,,,,,,,,,,,,,,,,,,,,,,,,,,,,,,,,,,,,,,,,,,,,,,,,,,,,,,,,,,,,,,,,,0,0,0,0,,,,,,,,,,,,,,,14,37831669,85,71428571,,,,,,,,,,,,,,,,,,,,,0,,,,,,,
2M-13-C4==,0,307,204,68,1,684,8460083,0,,0,0,0,0,7,5,127,0,0,,219,127,81,,0,0,0,0,100,100,0,0,127,,118,6,99,1,,,0,0,0,,0,0,,,,,0,,,,,,,,,,,,,,,,,,,,,,,,,,,,,,,,,,,,,,,,,,,,,,,,,,,,,,,,,,,,,,,,,,,,,,,,,,,,,,,,,,,,,,,,,,,,,,,,,0,0,0,0,,,,,,,,,,,,,,,11,8404699,88,23529412,,,,,,,,,,,,,,,,,,,,,0,,,,,,,
tr2-Pentene,0,309,493,70,1,652,2630005,0,404,4833333,0,0,0,0,6,133,0,0,,225,133,85,14880659,,0,0,0,0,100,100,0,0,133,,106,7,100,3776273,,,0,0,0,,0,0,,,,,0,,,,,,,,,,,,,,,,,,,,,,,,,,,,,,,,,,,,,,,,,,,,,,,,,,,,,,,,,,,,,,,,,,,,,,,,,,,,,,,,,,,,,,,,,,,,,,,,,0,0,0,0,,,,,,,,,,,,,,,14,37831669,85,71428571,,,,,,,,,,,,,,,,,,,,,0,,,,,,,
cis2-Pentene,0,310,083,70,1,659,5750122,0,403,9277778,0,0,0,0,6,122,0,0,,226,122,85,14880659,,0,0,0,0,100,100,0,0,122,,104,4,100,3776273,,,0,0,0,,0,0,,,,,0,,,,,,,,,,,,,,,,,,,,,,,,,,,,,,,,,,,,,,,,,,,,,,,,,,,,,,,,,,,,,,,,,,,,,,,,,,,,,,,,,,,,,,,,,,,,,,,,,0,0,0,0,,,,,,,,,,,,,,,14,37831669,85,71428571,,,,,,,,,,,,,,,,,,,,,0,,,,,,,
Cyclopentane,0,322,398,70,13500214,748,8740234,0,289,95,0,0,0,0,6,179,0,0,,233,179,84,9,,100,100,0,0,0,0,0,0,179,,41,7,101,426,,,0,0,0,,0,0,,0,483269667509962,0,429891392256475,,0,,,,,,,,,,,,,,,,,,,,,,,,,,,,,,,,,,,,,,,,,,,,,,,,,,,,,,,,,,,,,,,,,,,,,,,,,,,,,,,,,,,,,,,,,,,,,,,,,0,0,0,0,,,,,,,,,,,,,,,14,37831669,85,71428571,,,,,,,,,,,,,,,,,,,,,0,,,,,,,
Cyclopentene,0,317,38,68,1,776,5159912,0,458,3722222,0,0,0,0,7,5,138,0,0,,244,138,69,7,,100,100,0,0,0,0,0,0,138,,81,04,93,3,,,0,0,0,,0,0,,,,,0,,,,,,,,,,,,,,,,,,,,,,,,,,,,,,,,,,,,,,,,,,,,,,,,,,,,,,,,,,,,,,,,,,,,,,,,,,,,,,,,,,,,,,,,,,,,,,,,,0,0,0,0,,,,,,,,,,,,,,,11,8404699,88,23529412,,,,,,,,,,,,,,,,,,,,,0,,,,,,,
22-Mpropane,0,282,648,72,2,595,5930176,0,291,7055556,0,0,0,0,5,257,0,0,,225,257,80,2,,0,0,0,0,0,0,100,100,257,,251,8,85,5,,,0,0,0,,0,0,,,,,0,,,,,,,,,,,,,,,,,,,,,,,,,,,,,,,,,,,,,,,,,,,,,,,,,,,,,,,,,,,,,,,,,,,,,,,,,,,,,,,,,,,,,,,,,,,,,,,,,100,100,0,0,,,,,,,,,,,,,,,16,75213296,83,33333333,,,,,,,,,,,,,,,,,,,,,0,,,,,,,
33M-1-butene,0,314,397,84,16,657,1190186,0,,0,0,0,0,6,,0,0,,241,15,157,95,93,3,,0,0,0,0,100,100,0,0,,,91,82,111,77,,,0,0,0,,0,0,,,,,0,,,,,,,,,,,,,,,,,,,,,,,,,,,,,,,,,,,,,,,,,,,,,,,,,,,,,,,,,,,,,,,,,,,,,,,,,,,,,,,,,,,,,,,,,,,,,,,,,0,0,0,0,,,,,,,,,,,,,,,14,3716,85,71428571,,,,,,,,,,,,,,,,,,,,,0,,,,,,,
H2O,0,373,148,18,01510048,997,9860229,0,,0,0,0,0,0,,0,0,,,,,,0,0,0,0,0,0,0,0,,,,,,,0,0,0,,0,0,,0,698140124178851,0,560124358458913,0,474686748589316,0,,,,,,,,,,,,,,,,,,,,,,,,,,,,,,,,,,,,,,,,,,,,,,,,,,,,,,,,,,,,,,,,,,,,,,,,,,,,,,,,,,,,,,,,,,,,,,,,,0,0,0,0,,,,,,,,,,,,,,0,279783740086422,11,18972388,0,,,,,,,,,,,,,,,,,,,,,0,,,,,,,
36-40C*,0,00268491706445451,313,149994,71,6904469705631,662,203706684198,0,0383840786132726,221,713543574944,0,0,1,62845203425259E-08,0,0177293243840669,5,21724908683006,165,193037239825,0,3,3926084046929E-10,19,507682565951,237,452880911821,170,193037239825,66,7295921456062,75,4866833456062,36,1982577503199,39,3915162831932,0,0,0186624467200705,0,0,63,8017422496801,60,6084837168068,128,549484991165,1,36978019736882,69,771486719745,69,2453810593857,78,0024722593857,51,6620721521994,9,33122336003523E-06,6,05643426319252E-12,0,94,1972145768408,0,6,1854237477822E-09,115,663890235754,0,37212527285999,0,342117849001403,0,321699619509784,0,799124430441106,0,0,0,0,0,0,0,0,0,0,0,0,0,0,0,0,0,0,0,0,0,0,0,0,0,0,0,0,0,0,0,0,0,0,0,0,0,0,0,0,0,0,0,0,0,0,0,0,0,0,0,0,0,0,0,0,0,0,0,0,0,0,0,0,0,0,0,0,0,0,0,0,0,0,0,0,0,0,0,0,0,0,0,0,0,0,0,0,0,0,0,0,0,0,0,0,0,0,60,6084837168068,63,8017422496801,0,0,0,0,0,0,0,0,0,0,0,0,311,149997,0,266168918617674,16,0613558037525,83,7960939003805,0,0,1,00521730509419E-08,0,0,0,0,0,0,0,0,0,0,0,0,0,0,0,0,0,0,3,00962061145202E-08,0,0,48046,7654764208,44592,7405378769,0,
40-50C*,0,00805690407474555,323,149994,74,9416773027768,671,145484077094,0,0431739627436391,223,29989941954,0,0,7,32803415413667E-08,0,0797819597283013,5,19015811934654,166,762455498813,0,1,52667378211181E-09,22,4839173095445,241,95145889631,171,762455498813,64,9015372973845,73,6586284973845,37,981128270773,41,1494312911998,0,0,0839810102403171,0,0,62,018871729227,58,8505687088002,133,380403764564,1,37432694141016,53,8534496241554,67,2583698541281,76,0154610541281,49,401367943473,4,19905051201586E-05,2,72539541843663E-11,0,66,689087343625,0,2,78344068650199E-08,111,237566533172,0,368755101102767,0,338415636250515,0,317897956590564,0,96144435288415,99,0109394359225,99,1370400018597,0,0,0,0,0,0,0,0,0,0,0,0,0,0,0,0,0,0,0,0,0,0,99,0109394359225,99,1370400018597,0,0,0,0,0,0,0,0,0,0,0,0,0,0,0,0,0,0,0,0,0,0,0,0,0,0,0,0,0,0,0,0,0,0,0,0,0,0,0,0,0,0,0,0,0,0,0,0,0,0,0,0,0,0,0,0,0,0,0,0,0,0,0,0,0,0,0,0,0,0,58,8505687088002,62,018871729227,0,0,0,0,0,0,0,0,0,0,0,0,0,0,318,15,0,262772117210062,16,0984022766007,83,5532532844061,0,0,4,52347787292387E-08,0,0,0,0,0,0,0,0,0,0,0,0,0,0,0,0,0,0,1,35432927515341E-07,0,0,47919,6987364837,44504,5243141989,0,
50-60C*,0,0106005112785728,333,149994,79,641517193962,671,722556280149,0,0500166543584484,226,429649271963,0,0,1,54702943253996E-07,0,168428581648636,5,15201243737519,166,943733836378,0,3,22297798445826E-09,32,4764341215705,246,919469649669,171,943733836378,62,5339682813751,71,2910594813751,40,5093466107622,43,6258835621799,0,0,177293243840669,0,0,59,4906533892378,56,3741164378201,136,53497801029,1,37538470857992,40,4588243352976,64,4197824180459,73,1768736180458,49,4320375112945,8,86466219203347E-05,5,75361255003289E-11,0,46,9073840140768,0,5,87615256039309E-08,111,298327013298,0,385213419450931,0,353669323896022,0,332119002090309,1,19332995637421,47,7377491086706,47,9974929429839,16,8007110791087,16,5720673724004,35,3807405792006,35,3596485507515,3,31325750215299E-09,3,2558515977481E-09,0,0,0,0,0,0,0,0,0,0,0,0,0,0,0,0,99,9192007702931,99,9292088693916,0,0,0,0,0,0,0,0,0,0,0,0,0,0,0,0,0,0,0,0,0,0,0,0,0,0,0,0,0,0,0,0,0,0,0,0,0,0,0,0,0,0,0,0,0,0,0,0,0,0,0,0,0,0,0,0,0,0,0,0,0,0,0,0,0,0,0,0,0,0,56,3741164378201,59,4906533892378,0,0,0,0,0,0,0,0,0,0,0,0,0,0,328,15,0,273010929193474,16,2043033815942,83,4847725609739,0,0,9,54956439839484E-08,0,0,0,0,0,0,0,0,0,0,0,0,0,0,0,0,0,0,2,85913958087942E-07,0,0,47911,614484079,44498,9118130931,0,
60-70C*,0,0100927365889772,343,149994,84,3165667004674,674,214058460534,0,0568593459732577,229,426660680867,0,0,2,36125544966626E-07,0,257075203568971,5,12247037554241,170,216280847705,0,4,91928218680471E-09,40,4131116783745,252,357995291657,175,216280847705,59,9713336427692,68,7284248427692,43,0021829115281,46,0500681824559,0,0,270605477441022,0,0,56,9978170884719,53,9499318175441,140,455060023681,1,37726891123698,29,583538417411,61,3923070023854,70,1493982023854,48,9615530856116,0,000135302738720511,8,78182968162915E-11,0,32,7730229688828,0,8,96886443428419E-08,110,364082956832,0,40739938250729,0,373672046470783,0,350448288372982,1,43281264900016,0,0,9,527288245325E-05,9,49232367266698E-05,17,8994034061577,18,0689860835967,23,4475653374964,23,2734824813187,0,0,0,0,0,0,0,0,0,0,0,0,0,0,0,0,41,3470640165366,41,3425634881521,0,0,0,0,0,0,0,0,0,0,58,6439612775554,58,6495279148047,0,0,0,0,0,0,0,0,0,0,0,0,0,0,0,0,0,0,0,0,0,0,0,0,0,0,0,0,0,0,0,0,0,0,0,00897470590796663,0,00790859704326236,0,0,0,0,0,0,0,0,0,0,0,00897470590796663,0,00790859704326236,0,0,0,0,0,0,0,0,0,0,22,3087149870398,23,5662224742361,31,6412168305044,33,4315946142358,0,0,0,0,0,0,0,0,0,0,0,0,338,15,0,285703622168367,16,2872480542264,83,4309456568857,0,0,1,45756509238658E-07,0,0,0,0,0,0,0,0,0,0,0,0,0,0,0,0,0,0,4,36394988660542E-07,0,0,47876,8696814453,44474,7901957265,0,
70-80C*,0,01157539276775,353,149994,88,3080876775286,696,573746651403,0,0637020375880669,231,099581527801,0,393028252219719,0,490172386543424,3,17548146679256E-07,0,345721825489305,5,18633478180457,173,741851238325,0,6,61558638915116E-09,35,9207237007945,261,223747297896,178,741851238325,56,9889385663751,65,7460297663751,44,9934588578423,47,8977353779082,0,0,363917711041374,0,0,54,613512889938,51,6120922355484,151,603824449454,1,38822267433356,21,0531384732705,58,3378475896424,67,0949387896424,43,4919647432138,0,000181958855520687,1,18100468132254E-10,0,22,7403242732689,0,1,20615763081753E-07,99,1651915411908,0,442676228950411,0,403416878897687,0,37639725338826,1,65961365574577,0,0,0,0,0,0,0,0,1,81561996668549,2,01690341094165,0,726545448064312,0,808252288029532,0,0,0,0,0,0,0,0,0,0,0,0,0,0,2,5421654147498,2,82515569897118,0,0,0,0,0,0,0,0,0,489358389869972,0,555342191275434,0,0,0,0,0,0,0,0,0,0,0,0,0,0,0,0,0,0,0,0,0,0,0,882772306882622,0,752512257733572,0,0,0,0,0,0,0,0,0,0,90,503851977204,90,497940190695,5,58185191129362,5,36904966132482,0,0,0,0,0,0,0,0,96,0857038884976,95,8669898520198,0,0,0,0,0,0,0,0,0,0,43,2807011655791,45,6417019596449,8,33139106996926,8,97181093029309,0,0,0,0,0,0,0,0,0,0,0,0,348,15,0,301046786313034,16,1134669817589,83,5698342629559,0,0,1,96017374493368E-07,0,0,0,0,0,0,0,0,0,0,0,0,0,0,0,0,0,0,5,86876019233143E-07,0,0,47576,1809517969,44266,0367151127,0,
80-90C*,0,0126265566863439,363,149994,92,4219014628569,715,20640769497,0,0705447292028762,233,093546355237,2,55606800905084,3,14643713938679,3,98970748391885E-07,0,43436844740964,5,299153949229,177,481199979854,0,8,31189059149761E-09,33,3757342347638,268,141955218325,182,481199979854,54,2602577735555,63,0173489735555,44,9056843491841,47,406814412708,0,0,457229944641727,0,0,52,5382476417651,49,4467484479052,161,359255494309,1,39781067216834,14,4139823059403,55,4992601535601,64,2563513535601,39,234477949196,0,000228614972320863,1,48382639448217E-10,0,15,6673092791443,0,1,51542881820664E-07,90,017363845693,0,479618225789563,0,434760340235975,0,403883506388837,1,87327427268589,0,0,0,0,0,0,0,0,0,0715056550290113,0,0797738276014854,2,65234733605222,2,96329196381471,0,0,0,0,4,3827525103119,4,74187162064285,11,6146799681579,12,8707375425093,0,00226064392674553,0,00247368331534586,2,49954174847099E-12,2,6923107748439E-12,0,0,18,7235461134803,20,6581486378863,0,0,0,0,0,0,0,0,0,0,0,0,0,0,0,0,0,0,0,0,0,0,0,0,0,0,0,0,0,0,0,0,0,828396360231048,0,709190567356039,0,0,0,0,0,0,0,0,0,0,0,0,50,6877992051724,48,9646254159245,0,0,0,0,0,0,0,0,50,6877992051724,48,9646254159245,29,7602583211162,29,6680353788331,0,0,0,0,0,0,0,0,49,4467484479052,52,5382476417651,0,0,0,0,0,0,0,0,0,0,0,0,0,0,358,15,0,317651117651657,15,8207533566357,83,836607629594,0,0,2,46278239748077E-07,0,0,0,0,0,0,0,0,0,0,0,0,0,0,0,0,0,0,7,37357049805744E-07,0,0,47339,9739874983,44102,0497708723,0,
90-100C*,0,0142137976176968,373,149994,97,0314962974923,729,565699202207,0,0773874208176855,235,398217603002,4,72685499440358,5,74712420547952,4,80393350104515E-07,0,523015069329975,5,41595585792244,181,395082043908,0,1,00081947938441E-08,32,7793308276997,275,043226968107,186,395082043908,51,7962181120909,60,5533093120909,44,7457671269392,46,8724897238051,0,0,550542178242079,0,0,50,5273778786572,47,3803860707154,169,677199266129,1,40552329236474,9,13786851802737,52,8765446941386,61,6336358941386,36,1500632451353,0,000275271089121039,1,78664810764179E-10,0,10,7156648150324,0,1,82470000559575E-07,83,1545387492884,0,518755619191194,0,468206940548654,0,43338731117646,2,07821020067927,0,0,0,0,0,0,0,0,0,0,0,0,0,0,0,0,2,51496150759879,2,48126693671422,15,9296919098879,16,0969229181181,24,0192337454918,23,9668185343102,1,53832116334755,1,51095354034031,0,0,44,002208326326,44,0559619294828,0,0,0,0,0,0,0,0,0,0,54,1357811852566,54,2838743653253,0,0,0,0,0,0,0,0,0,0,0,0,0,0,0,0,0,0,0,0,0,0,0,0,0,0,0,0,0,0,0,0,0,0,0,0,0,0,0,0,0,0,0,0,0,0,1,86201048841742,1,66016370519191,0,0,0,0,0,0,0,0,21,2439813454637,22,6361189939894,26,1364047252517,27,8912588846678,0,0,0,0,0,0,0,0,0,0,0,0,368,15,0,335895633518825,15,5304561607451,84,1122650199949,0,0,2,96539105002787E-07,0,0,0,0,0,0,0,0,0,0,0,0,0,0,0,0,0,0,8,87838080378345E-07,0,0,47166,1724869532,43981,3878883431,0,
100-110C*,0,0179789094294011,383,149994,102,081113354067,740,325368496819,0,0842301124324948,237,941811744924,7,82896967699084,9,38956335313672,1,08298298054795E-05,0,916350272489102,5,5140281257374,185,4442524021,0,2,25621454280822E-07,33,6251313631172,281,929104575811,190,4442524021,49,5833446355072,58,3404358355072,44,057972389691,45,7289852397717,2,41705091768877E-16,0,964579234199054,0,0,48,1130579333181,44,8814514070916,176,783889144247,1,4115102315457,6,76320973666146,50,4697012113778,59,2267924113778,33,9677019279624,0,000482289617099527,4,0277607764206E-09,0,7,27405367643317,6,69502952521608E-16,4,1135437246082E-06,78,1792454488631,0,560979805292241,0,504428495395946,0,465441275184678,2,27883714058465,0,0,0,0,0,0,0,0,0,0,0,0,0,0,0,0,0,0,0,0,0,0,0,0,0,0,0,0,0,0,0,0,0,0,0,0,0,0,0,0722428297343261,0,0813762535580254,0,0,0,0,0,0,0,0,0,0,0,0,0,0,0,0,0,0,0,0,0,0,1,73289364875804,1,5408962789055,0,0,0,0,0,0,0,0,0,0,0,0,0,0,0,0,0,0,0,0,0,0,98,1948635215076,98,3777274675365,0,0,0,0,0,0,0,0,44,8092085773573,48,0316816797601,0,0722428297343261,0,0813762535580254,0,0,0,0,0,0,0,0,0,0,0,0,378,15,0,35598779110739,15,2958767792152,84,3418947684059,0,0,6,68508012683918E-06,0,0,0,0,0,0,0,0,0,0,0,0,0,0,0,0,0,0,2,00151298997565E-05,0,0,47040,3587106248,43894,0415360258,0,
110-120C*,0,0217080715904369,393,149994,107,463763491598,748,835353572146,0,0910728040473041,240,629126800103,9,67002706525031,11,479828614337,5,04036133828161E-05,2,17687605302016,5,59469848733121,189,589466026047,0,1,05007527880867E-06,35,2107937024554,288,800875057926,194,589466026047,47,5946385839376,56,3517297839376,43,8713530816396,45,2686874654532,2,41705091768877E-16,2,29144847686333,0,0,46,4586198531101,43,2514839202097,183,13007301214,1,41636334544977,6,50296821002538,48,2787297052778,57,0358209052778,32,3279589187893,0,00114572423843166,1,87457883105844E-08,0,4,89968911879822,6,69502952521608E-16,1,91450347099228E-05,74,3758203369458,0,607246577865362,0,544099737763321,0,500545239100134,2,47957079326079,0,0,0,0,0,0,0,0,0,0,0,0,0,0,0,0,0,0,0,0,0,0,0,0,0,0,0,0,48,9811495682964,52,0707364501582,0,0,0,0,0,0,0,0,0,0,0,0,0,0,0,0,0,0,0,0,0,0,0,0,0,0,0,0,0,0,0,0,9,71363335454106,8,38915640162272,0,0,0,0,0,0,0,0,0,0,0,0,0,0,0,0,0,0,0,0,0,0,0,0,41,3052170771625,39,5401071482191,0,0,0,0,0,0,43,2514839202097,46,4586198531101,0,0,0,0,0,0,0,0,0,0,0,0,0,0,388,15,0,378035750191236,15,1088774568438,84,5296138530765,0,0,3,11133415943309E-05,0,0,0,0,0,0,0,0,0,0,0,0,0,0,0,0,0,0,9,31533447334267E-05,0,0,46943,4113163728,43826,7357011505,0,
120-130C*,0,0225195767089657,403,149994,112,826738572764,756,511747123038,0,0979154956621133,243,373038958327,11,2225297171253,13,2029497776414,8,99773969601527E-05,3,43740183355123,5,67234518142343,193,791477887363,0,1,87452910333651E-06,36,8765754548625,295,659628714321,198,791477887363,45,8017781034852,54,5588693034852,43,7210939315555,44,8960820438193,2,41705091768877E-16,3,61831771952761,0,0,45,0563763513191,41,9009681785392,189,070383050518,1,42078236094353,6,24778515459541,46,3036301758385,55,0607213758385,30,9018982721651,0,0018091588597638,3,34638158447481E-08,0,3,27410946973025,6,69502952521608E-16,3,41765256952374E-05,71,0225678059831,0,658352923056829,0,587777836627643,0,539107688709044,2,68482685956642,0,0,0,0,0,0,0,0,0,0,0,0,0,0,0,0,0,0,0,0,0,0,0,0,0,0,0,0,0,000105137383222489,0,000108063912058884,0,0,0,0,0,0,0,0,0,0,75,981676740464,77,8679447075514,0,0,0,0,0,0,0,0,0,0,0,0,0,0,0,0,0,0,0,0,0,0,0,0,0,0,0,0,0,0,0,0,0,0,0,0,0,0,0,0,0,0,0,0,0,0,24,0182181221527,22,1319472285365,0,0,0,0,0,0,0,0,41,9009681785392,45,0563763513191,0,0,0,0,0,0,0,0,0,0,0,0,398,15,0,402115931554495,14,9333497393945,84,7071144367655,0,0,5,55416030618226E-05,0,0,0,0,0,0,0,0,0,0,0,0,0,0,0,0,0,0,0,000166291559567097,0,0,46857,8314646997,43767,3217951885,0,
130-140C*,0,0209724450455244,413,149994,118,36112812355,763,038273408528,0,104758187276923,246,187518973248,11,9035893374659,13,9090508336707,0,000129551180537489,4,69792761408229,5,73826083275862,197,871191280942,0,2,69898292786436E-06,38,8015399577827,302,506300924676,202,871191280942,44,2110887089692,52,9681799089692,43,8479229409834,44,9034587330781,2,41705091768877E-16,4,94518696219188,0,0,44,2484877215507,41,1874904332512,194,579661057692,1,42458072334063,5,99771301597607,44,54440262306,53,30149382306,29,7422665684968,0,00247259348109594,4,81818433789119E-08,0,2,16992315290012,6,69502952521608E-16,4,92080166805521E-05,68,2646149300391,0,714607069888005,0,635687689691346,0,581302355112173,2,89902104036031,0,0,0,0,0,0,0,0,0,0,0,0,0,0,0,0,0,0,0,0,0,0,0,0,0,0,0,0,0,0,9,42104198317344E-16,1,04829741095665E-15,0,0,0,0,0,0,0,0,0,0,0,0,0,0,0,0,0,0,0,0,0,0,0,0,0,0,0,0,0,0,0,0,10,1291286560246,9,41477697892315,4,29809871249214E-18,3,92141048412839E-18,10,5578372813769,9,84337591927903,10,56373402619,9,78317149610763,0,0,0,0,31,2506999635914,29,0413243943098,0,0,0,0,0,0,0,0,0,0,68,7493000364086,70,9586756056902,0,0,0,0,0,0,41,1874904332512,44,2484877215507,0,0,0,0,0,0,0,0,0,0,0,0,0,0,408,15,0,428287811146858,14,7879203033334,84,8569438745739,0,0,7,99698645293144E-05,0,0,0,0,0,0,0,0,0,0,0,0,0,0,0,0,0,0,0,000239429774400767,0,0,46834,9606817842,43746,6190008391,0,
140-150C*,0,0214977217697984,423,149994,124,177841568293,768,682138049795,0,111600878891732,249,054947901463,12,8346924924793,14,8933670231208,0,000169124964114826,5,95845339461335,5,79399974387595,201,950914982984,0,3,52343675239221E-06,40,8847010860757,309,341702896494,206,950914982984,42,8172262879662,51,5743174879662,43,7651499708203,44,6856132255529,2,41705091768877E-16,6,27205620485616,0,0,43,4001575367004,40,4210197513262,199,800313620457,1,42788585686368,5,75280214706209,43,0010470469422,51,7581382469422,28,7825434869735,0,00313602810242808,6,28998709130757E-08,0,1,42597351899186,6,69502952521608E-16,6,42395076658667E-05,65,9609513326763,0,776530997463653,0,688203765023307,0,627413128427068,3,12656903650119,0,0,0,0,0,0,0,0,0,0,0,0,0,0,0,0,0,0,0,0,0,0,0,0,0,0,0,0,0,0,85,3800378802004,87,3116711317103,0,0,0,0,0,0,0,0,0,0,2,22451862972761,2,28708818936754,0,0,0,0,0,0,0,0,0,0,0,0,0,0,0,0,0,0,0,0,0,489548816512994,0,418181039428869,11,8992167273702,9,97733784447621,0,00664221991442656,0,00569131653676614,1,88970988591588E-13,1,60837653017646E-13,0,0,0,0,12,3954077637978,10,401210200442,3,57262742034437E-05,3,04784801343024E-05,0,0,0,0,0,0,0,0,0,0,0,0,0,0,0,0,38,1965011215986,41,1130693473328,2,22451862972761,2,28708818936754,0,0,0,0,0,0,0,0,0,0,0,0,418,15,0,456633564593313,14,6674916934095,84,9834431149172,0,0,0,000104398125996806,0,0,0,0,0,0,0,0,0,0,0,0,0,0,0,0,0,0,0,000312567989234438,0,0,46768,0211950382,43698,6242871448,0,
150-160C*,0,0230460235632431,433,149994,130,283475397396,773,684360701182,0,118443570506541,251,960465769503,13,3625415456953,15,4146791746785,0,000208698747692162,7,21897917514441,5,84204229634169,206,042090431558,0,4,34789057692005E-06,43,0372989891367,316,166544788216,211,042090431558,41,369006554025,50,126097754025,43,8431159183878,44,6731688630932,2,41705091768877E-16,7,59892544752043,0,0,42,7943425359169,39,9121519622283,204,816534783477,1,43081904966173,5,51310065825743,41,3767394795767,50,1338306795767,27,9666251977604,0,00379946272376022,7,76178984472394E-08,0,0,928922263560238,6,69502952521608E-16,7,92709986511813E-05,63,9874011205602,0,844669360040385,0,745720152335487,0,677742298361933,3,37188654884781,0,0,0,0,0,0,0,0,0,0,0,0,0,0,0,0,0,0,0,0,0,0,0,0,0,0,0,0,0,0,0,0,0,0,0,0,0,0,0,0,0,0,18,8184647751027,20,8039382804684,0,0,0,0,0,0,0,0,0,0,0,0,0,0,0,0,0,0,0,0,0,0,0,0,0,0,0,0,0,0,0,0,0,0,22,6877259861103,20,8118673749856,0,0,0,0,0,0,0,0,0,0,58,493809238787,58,3841943445461,0,0,0,0,21,0936871871256,21,9904042554485,18,8184647751027,20,8039382804684,0,0,0,0,0,0,0,0,0,0,0,0,428,15,0,487252434294507,14,5655312648641,85,0924497180236,0,0,0,000128826387464298,0,0,0,0,0,0,0,0,0,0,0,0,0,0,0,0,0,0,0,000385706204068108,0,0,46705,6036970124,43653,0054122619,0,
160-170C*,0,0247026133804053,443,149994,136,669395819733,778,2887383389,0,120571295754664,254,890023788408,13,8154282600771,15,8489256723106,0,000248272531269499,7,78317304765762,5,88587445892669,210,141757704596,0,5,1723444014479E-06,45,1678660353403,322,981453432259,215,141757704596,39,7271732621502,48,4842644621503,43,9588565465707,44,7093035533509,2,41705091768877E-16,8,19281373437644,0,0,42,2257151933522,39,4417707743385,209,702848703922,1,43350794953699,5,27865426312549,39,5095759384678,48,2666671384678,27,2414704981336,0,00409640686718822,9,23359259814032E-08,0,0,599691777132532,6,69502952521608E-16,9,43024896364959E-05,62,2217684939169,0,919568065899748,0,808634180920962,0,732597517173575,3,63938927825892,0,0,0,0,0,0,0,0,0,0,0,0,0,0,0,0,0,0,0,0,0,0,0,0,0,0,0,0,0,0,0,0,7,71121359211657E-05,8,36146556296732E-05,0,0,0,0,0,0,0,0,0,0,1,28590232243984E-05,1,39999584408951E-05,0,0,0,0,0,0,0,0,0,0,0,0,0,0,0,0,0,0,0,0,0,0,0,0,0,0,0,0,0,0,0,0,0,0,0,0,0,0,0,0,0,0,0,0,99,9999100288409,99,9999023853859,0,0,0,0,39,4417579153153,42,2257011933937,1,28590232243984E-05,1,39999584408951E-05,0,0,0,0,0,0,0,0,0,0,0,0,438,15,0,520256317385985,14,4738744049683,85,1914076819155,0,0,0,00015325464893179,0,0,0,0,0,0,0,0,0,0,0,0,0,0,0,0,0,0,0,000458844418901778,0,0,46645,7346847711,43608,605188013,0,
170-180C*,0,0255653555558645,453,149994,143,308555852854,782,830362967545,0,131990121319288,257,82562964608,14,2715145184222,16,2844596253778,0,00113780469776947,12,1502032592668,5,93151389056742,214,246956880035,0,2,37042645368639E-05,47,1412679839278,329,786986146791,219,246956880035,38,086595030457,46,843686230457,44,1007409741429,44,7744285584685,2,50200247332663E-08,12,7896876413335,0,0,41,6277445074349,38,9411118161537,214,557562308189,1,43613283181959,5,04950611959061,37,6424123973589,46,3995035973589,26,5391494137758,0,00639484382066674,4,231650187692E-07,0,0,383559308039418,6,93033825166704E-08,0,00043217755573326,60,5013054893415,1,00243219491159,0,877811064512396,0,792637235264822,3,93349292559326,0,0,0,0,0,0,0,0,0,0,0,0,0,0,0,0,0,0,0,0,0,0,0,0,0,0,0,0,0,0,0,0,85,3279839109188,85,4127715605105,0,0,0,0,0,0,0,0,0,0,12,8630217403111,12,9280620186004,0,0,0,0,0,0,0,0,0,0,0,0,0,0,0,0,0,0,0,0,0,0,0,0,0,0,0,0,0,0,0,0,0,0,5,15144771144943E-10,4,38310946643744E-10,0,0,0,0,0,0,0,0,0,0,1,80899434825499,1,65916642045069,0,0,26,0780900758425,28,6996824888345,12,8630217403111,12,9280620186004,0,0,0,0,0,0,0,0,0,0,0,0,448,15,0,555848046899262,14,379514566678,85,2922903918672,0,0,0,000702348578870042,0,0,0,0,0,0,0,0,0,0,0,0,0,0,0,0,0,0,0,0021028316451369,0,0,46584,5368072784,43562,670918461,0,
180-190C*,0,0261698150695618,463,149994,150,222423234412,787,280843946042,0,144141037185864,260,768562903899,15,1719679958092,17,2028080603155,0,00254827909896395,17,2981040769919,5,97816362484591,218,271680541035,0,5,30891478950824E-05,48,9880406646134,336,583641658298,223,271680541035,36,4478396717666,45,2049308717666,44,6009231169865,45,154011558489,6,51757317270099E-08,18,2085306073599,0,0,40,2271088872044,37,6431803811955,218,744352766504,1,438677559784,4,82569666684509,35,77524885625,44,53234005625,25,8644929286726,0,00910426530367992,9,47739603164063E-07,0,0,242975333809528,1,80531342987653E-07,0,000967924490446721,58,8389504800193,1,11178470026005,0,966419922695004,0,867748540756293,4,3105216024964,0,0,0,0,0,0,0,0,0,0,0,0,0,0,0,0,0,0,0,0,0,0,0,0,0,0,0,0,0,0,0,0,0,0,0,0,0,0,0,0,0,0,0,0,0,0,0,0,0,0,0,0,0,0,0,0,0,0,0,0,0,0,0,0,0,0,0,0,0,0,0,0,0,0,0,0,0,0,0,0,27,4332652867482,25,9645110304938,0,0,0,0,0,0,0,0,0,0,72,5667242649458,74,0354776136957,1,04483059125458E-05,1,13558104583303E-05,37,6431803811955,40,2271088872044,0,0,0,0,0,0,0,0,0,0,0,0,0,0,458,15,0,596610161158971,14,2842318886786,85,3934754857625,0,0,0,00157301178948392,0,0,0,0,0,0,0,0,0,0,0,0,0,0,0,0,0,0,0,00470959729771486,0,0,46522,6101439286,43515,7067359951,0,
190-200C*,0,0270816062337824,473,149994,157,41564963177,791,717797235167,0,156988782284532,263,714727545879,16,1175341556404,18,1624170900079,0,00395875350015844,22,4460048947169,6,02723187036487,222,304879786152,0,8,24740312533008E-05,50,6879528002389,343,371868852483,227,304879786152,34,8093548668637,43,5664460668638,45,1693268458534,45,6013689300491,1,05331438720754E-07,23,6273735733862,0,0,38,7131389985062,36,2362139799429,222,881046190654,1,4411839310127,4,60726345815307,33,9080853151411,42,6651765151411,25,2020365344644,0,0118136867866931,1,47231418755893E-06,0,0,152398580138068,2,91759303458636E-07,0,00150367142516018,57,1974444191649,1,23561495110923,1,06591888689993,0,951573036977156,4,76604582282222,0,0,0,0,0,0,0,0,0,0,0,0,0,0,0,0,0,0,0,0,0,0,0,0,0,0,0,0,0,0,0,0,0,0,42,6445620141448,42,9289914317712,0,0,0,0,0,0,0,0,0,0,4,73828466823831,4,77798916615789,0,0,0,0,0,0,0,0,0,0,0,0,0,0,0,0,0,0,0,0,0,0,0,0,0,0,0,0,0,0,0,0,0,0,0,0,0,0,0,0,0,0,0,0,0,0,52,6171533176169,52,2930194020709,31,4979293117046,33,9351498323484,4,73828466823831,4,77798916615789,0,0,0,0,0,0,0,0,0,0,0,0,468,15,0,641226690565776,14,1852145025927,85,4975769379884,0,0,0,0024436750000978,0,0,0,0,0,0,0,0,0,0,0,0,0,0,0,0,0,0,0,00731636295029282,0,0,46459,0453350198,43467,0637482114,0,
200-210C*,0,0275334835524687,483,149994,164,881145841351,796,261128533697,0,170498095545435,266,658110585551,16,9080177638949,18,9513028398513,0,00536922790135293,27,593905712442,6,08121522569679,226,376474146601,0,0,000111858914611519,52,2004605020149,350,152073867354,231,376474146601,33,1687425017728,41,9258337017728,45,388935667213,45,7267447780778,1,45487145714497E-07,29,0462165394126,0,0,37,703046568892,35,321952382071,227,05711997056,1,44371729201264,4,39424098978377,32,0409217740322,40,7980129740322,24,5290782007486,0,0145231082697063,1,99688877195379E-06,0,0,0946120787502722,4,02987263929619E-07,0,00203941835987364,55,5205692613168,1,37610810846174,1,17780799753703,1,04522621401576,5,24306666142745,0,0,0,0,0,0,0,0,0,0,0,0,0,0,0,0,0,0,0,0,0,0,0,0,0,0,0,0,0,0,0,0,0,0,5,30597583951388E-14,6,14505708032277E-14,0,0,0,0,0,0,0,0,0,0,2,94776435528549E-15,3,41971883987406E-15,0,0,0,0,0,0,0,0,0,0,0,0,0,0,0,0,0,0,0,0,0,0,0,0,0,0,0,0,0,0,0,0,0,0,87,9657606101435,87,9434574505447,0,0,0,0,0,0,0,0,0,0,0,0,35,321952382071,37,703046568892,0,0,0,0,0,0,0,0,0,0,0,0,0,0,478,15,0,690071962703133,14,0776279662764,85,6090855302148,0,0,0,00331433821071168,0,0,0,0,0,0,0,0,0,0,0,0,0,0,0,0,0,0,0,00992312860287078,0,0,46392,1677014866,43415,4703248219,0,
210-220C*,0,0286842903118372,493,149994,172,595698572671,801,078990159838,0,184633715898712,269,590608519581,17,4172398686813,19,4220402109077,0,00677970230254741,32,741806530167,6,14396762244718,230,505936000496,0,0,000141243797969738,53,4632485757428,356,924625903101,236,104467469609,31,5226395301296,40,2797307301296,46,3558028555122,46,6078783314833,1,85642852708241E-07,34,465059505439,0,0,36,2269572758066,33,970081457609,231,292546156601,1,44637003644212,4,18666052635124,30,1737582329233,38,9308494329233,23,815023150679,0,0172325297527195,2,52146335634865E-06,0,0,0581180077396885,5,14215224400602E-07,0,0025751652945871,53,7309892526525,1,53603093472791,1,30396535036133,1,15009158800048,5,73813043571455,0,0,0,0,0,0,0,0,0,0,0,0,0,0,0,0,0,0,0,0,0,0,0,0,0,0,0,0,0,0,0,0,0,0,0,0,0,0,0,0,0,0,0,0,0,0,0,0,0,0,0,0,0,0,0,0,0,0,0,0,0,0,0,0,0,0,0,0,0,0,0,0,0,0,0,0,0,0,0,0,0,0,0,0,0,0,0,0,0,0,0,0,0,0,0,0,33,970081457609,36,2269572758066,0,0,0,0,0,0,0,0,0,0,0,0,0,0,488,15,0,74358889874315,13,9542854734065,85,7346781429942,0,0,0,00418500142132556,0,0,0,0,0,0,0,0,0,0,0,0,0,0,0,0,0,0,0,0125298942554487,0,0,46319,3811435469,43358,8961860294,0,
220-230C*,0,0315524752525012,503,149994,180,464433384198,806,660497311861,0,199360382274505,272,489008823146,18,7594260041613,20,7903596444434,0,0081901767037419,35,1489815197282,6,22727006331169,234,712737725954,0,0,000170628681327956,54,272991744358,363,689862026194,241,385881167372,29,8612636479687,38,6183548479687,47,0531408845631,47,1615673948858,2,25798559701984E-07,36,9989279155034,0,0,34,1874331112756,32,0480729606707,235,607296799152,1,44941277136774,3,98454992288707,28,3065946918144,37,0636858918144,22,9722324967889,0,0184994639577517,3,04603794074352E-06,0,0,0353116644106493,6,25443184871585E-07,0,00311091222930056,51,6051235376179,1,71932088392358,1,44703541121178,1,26809708658024,6,24778346308597,0,0,0,0,0,0,0,0,0,0,0,0,0,0,0,0,0,0,0,0,0,0,0,0,0,0,0,0,0,0,0,0,0,0,0,0,0,0,0,0,0,0,0,0,0,0,0,0,0,0,0,0,0,0,0,0,0,0,0,0,0,0,0,0,0,0,0,0,0,0,0,0,0,0,0,0,0,0,0,0,0,0,0,0,0,0,0,0,0,0,0,0,0,0,0,0,32,0480729606707,34,1874331112756,0,0,0,0,0,0,0,0,0,0,0,0,0,0,498,15,0,802351504395034,13,7933073742257,85,8946500855721,0,0,0,00505566463193944,0,0,0,0,0,0,0,0,0,0,0,0,0,0,0,0,0,0,0,0151366599080267,0,0,46232,7993668306,43291,1018373258,0,
230-240C*,0,0357937877056681,513,150024,188,626655332405,812,169472931718,0,214642833602955,275,394599158653,20,7446363508721,22,8321071418499,0,00960065110493639,42,9723041525963,6,31274860933048,239,678181946553,0,0,000200013564686175,55,0174011514054,370,448091176164,246,401892103655,28,2013383964512,36,9584295964512,47,7713331004041,47,6907652869166,2,65954266695728E-07,45,234004371154,0,0,31,4840305487238,29,4771275712335,240,700157133339,1,45238602731777,3,78793344402562,26,4394311507055,35,1965223507055,22,1565878084944,0,022617002185577,3,57061252513838E-06,0,0,021213230353765,7,36671145342568E-07,0,00364665916401402,49,5336631292782,1,92993674827799,1,60964430309495,1,40115134263149,6,76857206094418,0,0,0,0,0,0,0,0,0,0,0,0,0,0,0,0,0,0,0,0,0,0,0,0,0,0,0,0,0,0,0,0,0,0,0,0,0,0,0,0,0,0,0,0,0,0,0,0,0,0,0,0,0,0,0,0,0,0,0,0,0,0,0,0,0,0,0,0,0,0,0,0,0,0,0,0,0,0,0,0,0,0,0,0,0,0,0,0,0,0,0,0,0,0,0,0,29,4771275712335,31,4840305487238,0,0,0,0,0,0,0,0,0,0,0,0,0,0,508,15,0,866973862416218,13,6318787401081,86,0546235591794,0,0,0,00592632784255333,0,0,0,0,0,0,0,0,0,0,0,0,0,0,0,0,0,0,0,0177434255606047,0,0,46145,1207463334,43221,9712044979,0,
240-250C*,0,0391792052139744,523,150024,197,366595985276,816,359555231348,0,230445808814204,278,365880641701,23,0692159604465,25,2117261463167,0,026211642228394,55,9152910607124,6,36934994992931,244,870431568209,0,0,000546075879758208,56,2465376919716,377,199597533784,251,468217538563,26,5677910113382,35,3248822113382,48,4896932478693,48,2023502687994,9,30086558133952E-06,58,8582011165394,0,0,28,4410907916842,26,5859235848839,246,025642823751,1,45459616795667,3,59683158073947,24,5722676095966,33,3293588095966,21,588960047744,0,0294291005582697,9,7484657053132E-06,0,0,0125952540633132,2,57626222192611E-05,0,00995608779980379,48,0839155458536,2,16994014350894,1,7930882565859,1,55017932770134,7,29704254669163,0,0,0,0,0,0,0,0,0,0,0,0,0,0,0,0,0,0,0,0,0,0,0,0,0,0,0,0,0,0,0,0,0,0,0,0,0,0,0,0,0,0,0,0,0,0,0,0,0,0,0,0,0,0,0,0,0,0,0,0,0,0,0,0,0,0,0,0,0,0,0,0,0,0,0,0,0,0,0,0,0,0,0,0,0,0,0,0,0,0,0,0,0,0,0,0,26,5859235848839,28,4410907916842,0,0,0,0,0,0,0,0,0,0,0,0,0,0,518,15,0,937833618734271,13,5274882048122,86,1613063199896,0,0,0,0161800260669099,0,0,0,0,0,0,0,0,0,0,0,0,0,0,0,0,0,0,0,0484429980443282,0,0,46077,0494753341,43168,0099140356,0,
250-260C*,0,0468282192656228,533,150024,206,563619884743,820,023630660194,0,246734046838391,281,363772869304,25,5685218084427,27,7504177019574,0,0431328479788365,68,9507246104478,6,41476092608815,249,964944039382,0,0,000898600999559095,57,6124983770434,383,944643372887,256,537002723777,24,9447637636409,33,7018549636409,49,1888528944531,48,691710883601,1,85193433369558E-05,72,5797101162609,0,0,25,2426252971042,23,5578714144416,251,250883372991,1,45648080173386,3,41126086512508,22,7051040684877,31,4621952684877,21,1218011530562,0,0362898550581304,1,6041691918055E-05,0,0,00738824050957575,5,12970370301887E-05,0,016383346674391,46,8857426364739,2,44406952448337,2,00041160093033,1,71733635702051,7,82974123773077,0,0,0,0,0,0,0,0,0,0,0,0,0,0,0,0,0,0,0,0,0,0,0,0,0,0,0,0,0,0,0,0,0,0,0,0,0,0,0,0,0,0,0,0,0,0,0,0,0,0,0,0,0,0,0,0,0,0,0,0,0,0,0,0,0,0,0,0,0,0,0,0,0,0,0,0,0,0,0,0,0,0,0,0,0,0,0,0,0,0,0,0,0,0,0,0,23,5578714144416,25,2426252971042,0,0,0,0,0,0,0,0,0,0,0,0,0,0,528,15,1,01554508382596,13,4451049526535,86,2471338974363,0,0,0,026625214801751,0,0,0,0,0,0,0,0,0,0,0,0,0,0,0,0,0,0,0,0797158931164424,0,0,46016,5996140686,43119,9001220314,0,
260-270C*,0,0499341443430273,543,150024,215,638988802498,825,506495569855,0,263183337609077,284,279087141102,28,1728196719114,30,3742763591819,0,0600540537292791,81,9861581601833,6,5080031555942,254,819594767233,0,0,00125112611935998,58,1084988265302,377,071287725423,261,265710653731,23,2853607263273,32,0424519263273,49,8503433360019,49,1470228016259,2,7737821092572E-05,86,3012191159824,0,0,21,9768369920867,20,4787008391922,256,230107190599,1,45934027044064,3,2312336838066,20,8379405273788,29,5950317273788,20,3428691862313,0,0431506095579912,2,23349181307967E-05,0,0,00427979722025108,7,68314518411163E-05,0,0228106055489783,44,8778371833976,2,76787978987134,2,24176301087845,1,90984073265259,8,32040501921884,0,0,0,0,0,0,0,0,0,0,0,0,0,0,0,0,0,0,0,0,0,0,0,0,0,0,0,0,0,0,0,0,0,0,0,0,0,0,0,0,0,0,0,0,0,0,0,0,0,0,0,0,0,0,0,0,0,0,0,0,0,0,0,0,0,0,0,0,0,0,0,0,0,0,0,0,0,0,0,0,0,0,0,0,0,0,0,0,0,0,0,0,0,0,0,0,20,4787008391922,21,9768369920867,0,0,0,0,0,0,0,0,0,0,0,0,0,0,538,15,1,10196142244834,13,2777035981028,86,4113369154975,0,0,0,037070403536592,0,0,0,0,0,0,0,0,0,0,0,0,0,0,0,0,0,0,0,110988788188557,0,0,45924,6258133616,43046,3935373478,0,
270-280C*,0,0363636518920269,553,150024,223,777934074866,835,235405229873,0,279904258013405,287,005398095623,30,7516964573958,32,9519324311248,0,0769752594797217,86,6487186173017,6,72040632520545,259,292259158923,0,0,00160365123916087,56,7511053615151,381,92947140677,265,284889817315,21,5410367940066,30,2981279940066,50,344073169811,49,4534538652799,3,69562988481882E-05,91,2091774918966,0,0,18,9042303727932,17,5946137035953,260,817542686113,1,46454688828988,3,05675809059807,18,9707769862699,27,7278681862699,18,8503551950234,0,0456045887459483,2,86281443435385E-05,0,0,00244713928527653,0,000102365866652044,0,0292378644235655,40,9952255156486,3,17411961427722,2,53820205481749,2,14251426232844,8,7876467650974,0,0,0,0,0,0,0,0,0,0,0,0,0,0,0,0,0,0,0,0,0,0,0,0,0,0,0,0,0,0,0,0,0,0,0,0,0,0,0,0,0,0,0,0,0,0,0,0,0,0,0,0,0,0,0,0,0,0,0,0,0,0,0,0,0,0,0,0,0,0,0,0,0,0,0,0,0,0,0,0,0,0,0,0,0,0,0,0,0,0,0,0,0,0,0,0,17,5946137035953,18,9042303727932,0,0,0,0,0,0,0,0,0,0,0,0,0,0,548,15,1,20077423625854,12,9100736794185,86,7609408140322,0,0,0,0475155922714331,0,0,0,0,0,0,0,0,0,0,0,0,0,0,0,0,0,0,0,142261683260671,0,0,45757,3132039794,42911,8515294033,0,
280-290C*,0,0131681630316517,563,150024,231,890026933965,845,171247643463,0,29705342408071,289,732814807322,33,2629168961243,35,4426452422961,0,0938964652301642,101,365690442633,6,95547525946396,263,240812621611,0,0,00195617635896175,55,3177926003068,386,57928779754,269,158789564961,19,7925742066144,28,5496654066144,50,7465907685854,49,6874402284004,4,61747766038045E-05,106,700726781719,0,0,15,9904923352903,14,8699145293035,264,867418269072,1,4698763067692,2,88783761914226,17,103613445161,25,860704645161,17,3620159900456,0,0533503633908597,3,49213705562802E-05,0,0,00138052215698748,0,000127900281462972,0,0356651232981527,37,0773342819658,3,66802544349834,2,89203852139127,2,41652032265716,9,25187773238503,0,0,0,0,0,0,0,0,0,0,0,0,0,0,0,0,0,0,0,0,0,0,0,0,0,0,0,0,0,0,0,0,0,0,0,0,0,0,0,0,0,0,0,0,0,0,0,0,0,0,0,0,0,0,0,0,0,0,0,0,0,0,0,0,0,0,0,0,0,0,0,0,0,0,0,0,0,0,0,0,0,0,0,0,0,0,0,0,0,0,0,0,0,0,0,0,14,8699145293035,15,9904923352903,0,0,0,0,0,0,0,0,0,0,0,0,0,0,558,15,1,31226120376081,12,5261666529368,87,1254422504241,0,0,0,0579607810062742,0,0,0,0,0,0,0,0,0,0,0,0,0,0,0,0,0,0,0,173534578332785,0,0,45581,6127750508,42769,6156159736,0,
290-300C*,0,0102940893396679,573,150024,242,013066953644,849,270047840871,0,314630835810993,292,72325457741,35,5831119936927,37,7220956080262,0,110817670980607,117,824639993042,7,02463563983014,265,446645766697,0,0,00230870147876264,56,226563090287,391,021760414127,273,924379348584,18,1608524635458,26,9179436635458,51,2590152447986,50,0481973349273,5,53932543594207E-05,124,025936834781,0,0,13,1578727615087,12,2297070570465,267,129854343139,1,47185719143749,2,724471096327,15,2364499040521,23,9935411040521,16,8667203420119,0,0620129684173907,4,1214596769022E-05,0,0,000768003459251162,0,000153434696273899,0,04209238217274,35,7633044561191,4,20505784848915,3,27401314727159,2,71109305439126,9,71405601037775,0,0,0,0,0,0,0,0,0,0,0,0,0,0,0,0,0,0,0,0,0,0,0,0,0,0,0,0,0,0,0,0,0,0,0,0,0,0,0,0,0,0,0,0,0,0,0,0,0,0,0,0,0,0,0,0,0,0,0,0,0,0,0,0,0,0,0,0,0,0,0,0,0,0,0,0,0,0,0,0,0,0,0,0,0,0,0,0,0,0,0,0,0,0,0,0,12,2297070570465,13,1578727615087,0,0,0,0,0,0,0,0,0,0,0,0,0,0,568,15,1,43165475440369,12,4181896070621,87,2332572959366,0,0,0,0684059697411153,0,0,0,0,0,0,0,0,0,0,0,0,0,0,0,0,0,0,0,204807473404899,0,0,45507,8653774013,42709,6706533142,0,
300-310C*,0,0149648515349545,583,150024,253,328617392693,850,810674158167,0,332636493204253,295,826210178582,37,8882836908743,39,9781559640094,0,160007936047278,138,477557199009,7,05975881802929,267,047649425259,0,0,00333349866765163,58,1012432988664,395,258380814762,279,049237945327,16,5802941980795,25,3373853980795,51,5742850617899,50,2302014008162,0,000271182779995036,145,765849683168,0,0,10,5374312473357,9,79164263517434,268,771940663181,1,47234745326349,2,5666524573687,13,3692863629432,22,1263775629432,16,796228214236,0,0728829248415838,5,95091243632624E-05,0,0,000421107916783318,0,000751153691264821,0,0607765452492863,35,5758725614992,4,79899660912464,3,69296036439219,3,03244967274976,10,1751396883716,0,0,0,0,0,0,0,0,0,0,0,0,0,0,0,0,0,0,0,0,0,0,0,0,0,0,0,0,0,0,0,0,0,0,0,0,0,0,0,0,0,0,0,0,0,0,0,0,0,0,0,0,0,0,0,0,0,0,0,0,0,0,0,0,0,0,0,0,0,0,0,0,0,0,0,0,0,0,0,0,0,0,0,0,0,0,0,0,0,0,0,0,0,0,0,0,9,79164263517434,10,5374312473357,0,0,0,0,0,0,0,0,0,0,0,0,0,0,578,15,1,56047378089017,12,4314083279073,87,7627445634659,0,0,0,0987703308933816,0,0,0,0,0,0,0,0,0,0,0,0,0,0,0,0,0,0,0,295718370694784,0,0,45578,1073811837,42779,0726627965,0,
310-320C*,0,0326338237742757,593,150024,264,7832983029,852,947843144593,0,35107039626049,298,903606682254,40,0610083992966,42,0932253741231,0,27183813978663,164,306122630757,7,09505761211943,269,077128149222,0,0,00566329457888812,59,6713539947227,399,291076094282,283,956961409999,14,9878050792306,23,7448962792306,51,8143962739486,50,3567664386894,0,000887963163280066,172,953813295533,0,0,8,12459532675474,7,55000818718749,270,853496961704,1,47314842993515,2,41437056354536,11,5021228218343,20,2592140218343,16,6292377138495,0,0864769066477666,0,000101100295815706,0,0,000227456403777024,0,00245958393013457,0,10325352236493,35,1314481927584,5,49773625533693,4,17864159015381,3,40105604946925,10,6360868556625,0,0,0,0,0,0,0,0,0,0,0,0,0,0,0,0,0,0,0,0,0,0,0,0,0,0,0,0,0,0,0,0,0,0,0,0,0,0,0,0,0,0,0,0,0,0,0,0,0,0,0,0,0,0,0,0,0,0,0,0,0,0,0,0,0,0,0,0,0,0,0,0,0,0,0,0,0,0,0,0,0,0,0,0,0,0,0,0,0,0,0,0,0,0,0,0,7,55000818718749,8,12459532675474,0,0,0,0,0,0,0,0,0,0,0,0,0,0,588,15,1,70350926013536,12,4151208543627,88,0859977231286,0,0,0,167801320855944,0,0,0,0,0,0,0,0,0,0,0,0,0,0,0,0,0,0,0,502397154642697,0,0,45537,8844484901,42746,1396068349,0,
320-330C*,0,0331331225731631,603,150024,276,836473152725,854,385092444526,0,369932544979705,302,011591232957,42,0667789098388,44,0363297238446,0,383668343525981,178,566197966252,7,13053290018003,272,375293049972,0,0,00799309049012461,61,4636556655498,403,122175907082,288,84954732223,13,4093143541116,22,1664055541116,51,9784110588663,50,4279210847791,0,0015047435465651,187,964418911844,0,0,5,9548100312949,5,53574919137634,274,236294643522,1,4735286838785,2,26760902366051,9,6349592807254,18,3920504807254,16,5777323850295,0,0939822094559219,0,00014269146726815,0,0,000120956611860094,0,00416801416900431,0,145730499480574,34,9942561518454,6,29279096894147,4,72504772328809,3,81249498384243,11,0978556015466,0,0,0,0,0,0,0,0,0,0,0,0,0,0,0,0,0,0,0,0,0,0,0,0,0,0,0,0,0,0,0,0,0,0,0,0,0,0,0,0,0,0,0,0,0,0,0,0,0,0,0,0,0,0,0,0,0,0,0,0,0,0,0,0,0,0,0,0,0,0,0,0,0,0,0,0,0,0,0,0,0,0,0,0,0,0,0,0,0,0,0,0,0,0,0,0,5,53574919137634,5,9548100312949,0,0,0,0,0,0,0,0,0,0,0,0,0,0,598,15,1,85976425426525,12,4307339730016,88,6377575678734,0,0,0,236832310818507,0,0,0,0,0,0,0,0,0,0,0,0,0,0,0,0,0,0,0,70907593859061,0,0,45511,5938497402,42724,6983870924,0,
330-340C*,0,0289345500670481,613,150024,288,297729595441,857,881855007967,0,389222939361897,305,031578222775,43,6881441257004,45,5945029096615,0,495498547265333,203,062266689185,7,16618556468093,277,363393274551,0,0,0103228864013611,62,3670109406421,406,754379347841,293,250400980838,11,7896333637224,20,5467245637224,52,0920973937258,50,4791899892914,0,00212152392985013,213,749754409668,0,0,4,21975848057378,3,92630710104703,279,352392347596,1,47502986952921,2,12634602042223,7,7677957396165,16,5248869396165,16,1939922650883,0,106874877204834,0,000184282638720595,0,6,32888462072036E-05,0,00587644440787406,0,188207476596217,33,9703707166407,7,28925178665918,5,39561216505352,4,30955882541552,11,5614040153198,0,0,0,0,0,0,0,0,0,0,0,0,0,0,0,0,0,0,0,0,0,0,0,0,0,0,0,0,0,0,0,0,0,0,0,0,0,0,0,0,0,0,0,0,0,0,0,0,0,0,0,0,0,0,0,0,0,0,0,0,0,0,0,0,0,0,0,0,0,0,0,0,0,0,0,0,0,0,0,0,0,0,0,0,0,0,0,0,0,0,0,0,0,0,0,0,3,92630710104703,4,21975848057378,0,0,0,0,0,0,0,0,0,0,0,0,0,0,608,15,2,03899794391772,12,3491591696249,88,4963661773129,0,0,0,30586330078107,0,0,0,0,0,0,0,0,0,0,0,0,0,0,0,0,0,0,0,915754722538523,0,0,45450,1193354647,42674,8492586156,0,
340-350C*,0,0213707264932832,623,150024,299,722315942781,861,732204770943,0,408941579407066,308,037804469361,45,1100012258847,46,9553531904357,0,607328751004685,229,90094789569,7,20201649250433,282,325431020741,0,602405138973455,0,0126526823125976,63,0779245697298,410,190721987614,297,39918786605,10,1628806293424,18,9199718293424,52,1317432913312,50,4752187232382,0,00273830431313516,242,000997784937,0,0,2,75825548278417,2,5694280863261,284,441758795311,1,47669132273742,1,990554143029,5,9006321985076,14,6577233985076,15,7582984590735,0,121000498892468,0,000225873810173039,0,3,25624266988254E-05,0,0075848746467438,0,230684453711861,32,8041507719696,8,49661357544799,6,19345686772479,4,89321823046364,12,0276901862781,0,0,0,0,0,0,0,0,0,0,0,0,0,0,0,0,0,0,0,0,0,0,0,0,0,0,0,0,0,0,0,0,0,0,0,0,0,0,0,0,0,0,0,0,0,0,0,0,0,0,0,0,0,0,0,0,0,0,0,0,0,0,0,0,0,0,0,0,0,0,0,0,0,0,0,0,0,0,0,0,0,0,0,0,0,0,0,0,0,0,0,0,0,0,0,0,2,5694280863261,2,75825548278417,0,0,0,0,0,0,0,0,0,0,0,0,0,0,618,15,2,24106593458777,12,2509712944021,88,2316973114809,0,0,511587502023616,0,374894290743632,0,0,0,0,0,0,0,0,0,0,0,0,0,0,0,0,0,0,602405138973455,1,12243350648644,0,0,45382,5526331747,42620,0439868002,0,
350-360C*,0,0194047250505543,633,150024,311,273257966136,865,328357609428,0,417178585137089,311,056159220777,46,3741783499625,48,1624836289042,0,719158954744036,259,206773320892,7,23802657496685,285,373424151722,0,631956468027699,0,0149824782238341,63,8434769952408,413,434543330691,301,367039421767,8,54121183345237,17,2983030334524,52,066407274911,50,3828698952794,0,00335508469642019,272,849235074623,0,0,1,55941437512648,1,45464647581641,287,567965157927,1,46915842938532,1,86020022736592,4,03346865739871,12,7905598573987,15,3683958230428,0,136424617537311,0,000267464981625483,0,1,64630325732032E-05,0,00929330488561355,0,273161430827504,31,7571520937291,9,93821232697016,7,12994340221227,5,56997717131051,12,4976722037176,0,0,0,0,0,0,0,0,0,0,0,0,0,0,0,0,0,0,0,0,0,0,0,0,0,0,0,0,0,0,0,0,0,0,0,0,0,0,0,0,0,0,0,0,0,0,0,0,0,0,0,0,0,0,0,0,0,0,0,0,0,0,0,0,0,0,0,0,0,0,0,0,0,0,0,0,0,0,0,0,0,0,0,0,0,0,0,0,0,0,0,0,0,0,0,0,1,45464647581641,1,55941437512648,0,0,0,0,0,0,0,0,0,0,0,0,0,0,628,15,2,46702575566134,12,1646808799423,88,0482834850134,0,0,532772499389505,0,443925280706195,0,0,0,0,0,0,0,0,0,0,0,0,0,0,0,0,0,0,631956468027699,1,32911229043435,0,0,45318,5352756551,42567,9722096571,0,
360-370C*,0,0182310271923193,643,150024,322,751989147892,868,936419478026,0,4143663256784,314,075273213739,47,2610059847781,49,0049257368172,0,789201990248208,291,104274699914,7,25214765611835,287,447613033834,0,661507797081942,0,016441708130171,64,5595080841835,416,489454925612,305,157903207868,6,91930485696002,15,67639605696,51,6058152674143,49,9360533549721,0,00397186507970522,306,425552315699,0,0,1,13317874780758,1,05902090821072,289,695378902603,1,47102164872068,1,73524520532905,2,16630511628981,10,9233963162898,14,9813597034735,0,153212776157849,0,000293514937731201,0,8,17339486242814E-06,0,0110017351244833,0,299766196952722,30,7147235066773,11,6848527106616,8,24369771738183,6,36413442639683,12,9723081569342,0,0,0,0,0,0,0,0,0,0,0,0,0,0,0,0,0,0,0,0,0,0,0,0,0,0,0,0,0,0,0,0,0,0,0,0,0,0,0,0,0,0,0,0,0,0,0,0,0,0,0,0,0,0,0,0,0,0,0,0,0,0,0,0,0,0,0,0,0,0,0,0,0,0,0,0,0,0,0,0,0,0,0,0,0,0,0,0,0,0,0,0,0,0,0,0,1,05902090821072,1,13317874780758,0,0,0,0,0,0,0,0,0,0,0,0,0,0,638,15,2,72165344082843,12,0779802049263,87,5912958338002,0,0,553983655357604,0,487161722375437,0,0,0,0,0,0,0,0,0,0,0,0,0,0,0,0,0,0,661507797081942,1,45856219679206,0,0,45253,8202303691,42515,2449668062,0,
370-380C*,0,0182486196962984,653,150024,333,856211828049,872,941901187087,0,411864553487073,317,079228391038,48,5576062663657,50,2483132166223,1,22072984441526,325,681488375225,7,32414120529068,289,874583181647,0,691059126136186,0,0254318717586513,65,0776218350682,419,359309332442,308,5165300502,5,28944948365842,14,0465406836584,51,4423937336343,49,7516867833777,0,0173615667006235,342,822619342342,0,0,0,0,292,184626480247,1,47316364495685,1,61564396491305,0,299141575180911,9,05623277518091,14,5370914753649,0,171411309671171,0,000454006006950739,0,3,98175321496617E-06,0,0480900922748577,0,463675392977613,29,5143071523166,13,8577775320846,9,60012636305002,7,31648519037763,13,4646903656691,0,0,0,0,0,0,0,0,0,0,0,0,0,0,0,0,0,0,0,0,0,0,0,0,0,0,0,0,0,0,0,0,0,0,0,0,0,0,0,0,0,0,0,0,0,0,0,0,0,0,0,0,0,0,0,0,0,0,0,0,0,0,0,0,0,0,0,0,0,0,0,0,0,0,0,0,0,0,0,0,0,0,0,0,0,0,0,0,0,0,0,0,0,0,0,0,0,0,0,0,0,0,0,0,0,0,0,0,0,0,0,0,648,15,3,01268327843962,11,9731649429665,87,693150716523,0,0,575223939892532,0,753536940997076,0,0,0,0,0,0,0,0,0,0,0,0,0,0,0,0,0,0,691059126136186,2,25608960134525,0,0,45182,3131211592,42456,9958492355,0,
380-390C*,0,0173213156584966,663,150024,344,112770897418,877,965354111747,0,409447123728483,320,043125755927,50,5985157464913,52,2535093398919,1,72957502271536,363,088679444206,7,43014265770971,294,242200693619,0,720610455190429,0,0360328129732368,65,1633267442983,422,048170118079,311,602932556136,3,63923468604482,12,3963258860448,49,4014842535087,47,7464906601081,0,0362253774233846,382,19860994127,0,0,0,0,296,66431953356,1,47592454676914,1,50134522281533,-1,56802196592799,7,18906923407202,13,9415849765021,0,191099304970635,0,000643252439003708,0,1,90189923734545E-06,0,100341275244448,0,656952381405858,27,8988041610617,16,6909963988307,11,3234326164257,8,50355644762696,13,962598970436,0,0,0,0,0,0,0,0,0,0,0,0,0,0,0,0,0,0,0,0,0,0,0,0,0,0,0,0,0,0,0,0,0,0,0,0,0,0,0,0,0,0,0,0,0,0,0,0,0,0,0,0,0,0,0,0,0,0,0,0,0,0,0,0,0,0,0,0,0,0,0,0,0,0,0,0,0,0,0,0,0,0,0,0,0,0,0,0,0,0,0,0,0,0,0,0,0,0,0,0,0,0,0,0,0,0,0,0,0,0,0,0,658,15,3,35398583442135,11,8218127614407,87,8377552902374,0,0,596495874769021,1,06763890291072,0,0,0,0,0,0,0,0,0,0,0,0,0,0,0,0,0,0,720610455190429,3,19651087531469,0,0,45094,264906434,42385,4351831139,0,
390-400C*,0,0169053062885828,673,150024,354,248760790333,883,583351215426,0,40711403640263,322,98540609179,52,6577085912379,54,2740553491563,2,23842020101546,403,473338802799,7,5582736528806,300,071308037431,0,750161784244673,0,0466337541878222,64,9938141735442,424,56028302246,314,489411082409,1,97712900485087,10,7342202048509,47,3422914087621,45,7259446508437,0,0550891881461457,424,708777687156,0,0,0,0,302,643005076309,1,4791101907143,1,39229141142832,-3,43518550703688,5,32190569296312,13,2644633845531,0,212354388843578,0,000832498871056677,0,8,89990331363295E-07,0,152592458214039,0,850229369834104,26,0529320397666,20,3997356209438,13,5184363209915,9,9857356834437,14,465251890737,0,0,0,0,0,0,0,0,0,0,0,0,0,0,0,0,0,0,0,0,0,0,0,0,0,0,0,0,0,0,0,0,0,0,0,0,0,0,0,0,0,0,0,0,0,0,0,0,0,0,0,0,0,0,0,0,0,0,0,0,0,0,0,0,0,0,0,0,0,0,0,0,0,0,0,0,0,0,0,0,0,0,0,0,0,0,0,0,0,0,0,0,0,0,0,0,0,0,0,0,0,0,0,0,0,0,0,0,0,0,0,0,668,15,3,75441556506294,11,6437582351414,88,0067110891807,0,0,617801605504075,1,38174086482436,0,0,0,0,0,0,0,0,0,0,0,0,0,0,0,0,0,0,750161784244673,4,13693214928414,0,0,44996,4478647366,42305,9674838086,0,
400-410C*,0,0155450518441311,683,150024,368,070074111012,889,416402936703,0,404865291509514,325,922013485042,54,7083853537689,56,2834867470882,2,74726537931557,446,967172968725,7,69708169325025,306,367550337252,0,779713113298916,0,0572346954024076,64,7229628618543,426,900048411183,318,155206342839,0,310722231304943,9,06781343130494,45,2916146462311,43,7165132529118,0,0739529988689067,470,491761019711,0,0,0,0,309,100812522856,1,48253270330249,1,28841858220791,-5,30234904814578,3,45474215185422,12,565923597778,0,235245880509855,0,00102174530310965,0,4,07653247615336E-07,0,20484364118363,1,04350635826235,24,1386787727161,25,2603739054713,16,3142395628178,11,835070371007,14,9726491265721,0,0,0,0,0,0,0,0,0,0,0,0,0,0,0,0,0,0,0,0,0,0,0,0,0,0,0,0,0,0,0,0,0,0,0,0,0,0,0,0,0,0,0,0,0,0,0,0,0,0,0,0,0,0,0,0,0,0,0,0,0,0,0,0,0,0,0,0,0,0,0,0,0,0,0,0,0,0,0,0,0,0,0,0,0,0,0,0,0,0,0,0,0,0,0,0,0,0,0,0,0,0,0,0,0,0,0,0,0,0,0,0,678,15,4,22345435491648,11,456752878768,88,1835628472572,0,0,639142959842566,1,695842826738,0,0,0,0,0,0,0,0,0,0,0,0,0,0,0,0,0,0,779713113298916,5,07735342325358,0,0,44894,8905639319,42223,4097639896,0,
410-420C*,0,0141096622098461,693,150024,381,521440134904,893,550773659801,0,402700889049135,328,928433948687,56,726206728643,58,2579949885151,3,25611055761567,493,701888459709,7,77903933456555,298,98765610203,0,80926444235316,0,067835636616993,65,0688434037232,429,07199510456,321,473801838488,-1,3217109222774,7,4353802777226,43,273793271357,41,7420050114849,0,0928168095916678,519,686198378641,0,0,0,0,301,531546017928,1,48510032629088,1,18965632751904,-7,16951258925468,1,58757861074533,12,1309630582681,0,25984309918932,0,00121099173516262,0,1,82602213192908E-07,0,25709482415322,1,23678334669059,22,9416010892297,31,0432772945371,19,5707051618309,13,9578826702695,15,4847906779413,0,0,0,0,0,0,0,0,0,0,0,0,0,0,0,0,0,0,0,0,0,0,0,0,0,0,0,0,0,0,0,0,0,0,0,0,0,0,0,0,0,0,0,0,0,0,0,0,0,0,0,0,0,0,0,0,0,0,0,0,0,0,0,0,0,0,0,0,0,0,0,0,0,0,0,0,0,0,0,0,0,0,0,0,0,0,0,0,0,0,0,0,0,0,0,0,0,0,0,0,0,0,0,0,0,0,0,0,0,0,0,0,688,15,4,74139635072635,11,3492709350566,88,2864250224467,0,0,660521495683747,2,00994478865165,0,0,0,0,0,0,0,0,0,0,0,0,0,0,0,0,0,0,80926444235316,6,01777469722303,0,0,44819,4144011966,42161,5776483312,0,
420-430C*,0,0118919915326344,703,150024,394,700059540166,897,685144382899,0,400620829021493,331,936361173249,58,6896341630294,60,1767078444346,3,38253152298625,543,809191793472,7,86177377178937,291,607761866807,0,838815771407403,0,0704694067288802,65,3859622757161,431,080755649549,324,506099875979,-2,95414407585976,5,80294712414025,41,3103658369706,39,8232921555654,0,111680620314429,572,430728203654,0,0,0,0,293,962279513,1,48774665625128,1,09592772316663,-9,03667613036358,-0,279584930363576,11,7016912946032,0,286215364101827,0,00125800940901186,0,7,99114963384254E-08,0,309346007122811,1,28480239944579,21,7563214822574,38,5105177032587,23,6629248746714,16,5737615642083,16,0016765448446,0,0,0,0,0,0,0,0,0,0,0,0,0,0,0,0,0,0,0,0,0,0,0,0,0,0,0,0,0,0,0,0,0,0,0,0,0,0,0,0,0,0,0,0,0,0,0,0,0,0,0,0,0,0,0,0,0,0,0,0,0,0,0,0,0,0,0,0,0,0,0,0,0,0,0,0,0,0,0,0,0,0,0,0,0,0,0,0,0,0,0,0,0,0,0,0,0,0,0,0,0,0,0,0,0,0,0,0,0,0,0,0,698,15,5,34281093424752,11,2427611740874,88,3880449209317,0,0,681938540638241,2,08798242159645,0,0,0,0,0,0,0,0,0,0,0,0,0,0,0,0,0,0,838815771407403,6,25141937025977,0,0,44743,374672156,42099,1907372088,0,
430-440C*,0,0105152571961594,713,150024,407,734313731374,901,819515105997,0,398625111426588,334,945774435598,60,5800683310785,62,0217705953973,4,35097359369016,597,41985569621,7,94521668483316,284,227867631585,0,868367100461647,0,0906452832018783,65,6759855647925,432,931043079548,327,308095036081,-4,5865772294421,4,1705139705579,39,4199316689215,37,9782294046027,0,149559527295284,628,863005996011,0,0,0,0,286,393013008072,1,49047128487972,1,00714929391811,-10,9038396714725,-2,14674847147247,11,2780300665992,0,314431502998005,0,00161818616678909,0,3,41314212017786E-08,0,414267421381735,1,65265017490898,20,5827752636926,48,258431051606,28,8539308399349,19,8241060602775,16,5233067272819,0,0,0,0,0,0,0,0,0,0,0,0,0,0,0,0,0,0,0,0,0,0,0,0,0,0,0,0,0,0,0,0,0,0,0,0,0,0,0,0,0,0,0,0,0,0,0,0,0,0,0,0,0,0,0,0,0,0,0,0,0,0,0,0,0,0,0,0,0,0,0,0,0,0,0,0,0,0,0,0,0,0,0,0,0,0,0,0,0,0,0,0,0,0,0,0,0,0,0,0,0,0,0,0,0,0,0,0,0,0,0,0,708,15,6,04462628164331,11,1373106339175,88,4883462727709,0,0,703395224893705,2,68578616894454,0,0,0,0,0,0,0,0,0,0,0,0,0,0,0,0,0,0,868367100461647,8,04124378981996,0,0,44666,7536805167,42036,2333220016,0,
440-450C*,0,00934481502912178,723,150024,420,782298046412,905,953885829096,0,396713736264419,337,956653390885,62,2783813144937,63,6764324888471,6,14603009656171,654,652310180653,8,0292989685931,276,847973396362,0,89791842951589,0,128042293678369,65,940468216984,434,62762918757,329,927000606529,-6,21901038302445,2,53808081697555,37,7216186855063,36,3235675111529,0,485341608986262,689,107694927003,0,0,7,11667011151055E-15,6,70645302581189E-15,278,823746503143,1,49327387270586,0,923231004410816,-12,7710032125814,-4,01391201258137,10,8599025622856,0,344553847463501,0,00228579205751755,0,1,4212435536791E-08,1,34435579250685,2,3344746860355,19,4208969798289,61,131401244906,35,504433868447,23,898313479956,16,9947101857062,0,0,0,0,0,0,0,0,0,0,0,0,0,0,0,0,0,0,0,0,0,0,0,0,0,0,0,0,0,0,0,0,0,0,0,0,0,0,0,0,0,0,0,0,0,0,0,0,0,0,0,0,0,0,0,0,0,0,0,0,0,0,0,0,0,0,0,0,0,0,0,0,0,0,0,0,0,0,0,0,0,0,0,0,0,0,0,0,0,0,0,0,0,0,0,0,6,70645302581189E-15,7,11667011151055E-15,0,0,0,0,0,0,0,0,0,0,0,0,0,0,718,15,6,86786213010981,11,0330003414859,88,58725826238,0,0,724892508688235,3,79384573861834,0,0,0,0,0,0,0,0,0,0,0,0,0,0,0,0,0,0,89791842951589,11,3587741414233,0,0,44589,5362986671,41972,6920139042,0,
450-460C*,0,00841492625579605,733,150024,434,030565753854,917,557753946762,0,394886703534988,340,687711319693,63,7095661713127,65,0680133545513,7,94108659943327,715,654717261374,8,40384085086753,269,468079161139,0,927469758570133,0,16543930415486,63,5134725564627,436,175324321093,332,406311293705,-8,00083348449817,0,756257715501836,36,2904338286873,34,9319866454487,0,821123690677241,753,320755011973,0,0,7,14540496238551E-15,6,74053106077839E-15,271,254479998215,1,50083517968655,0,8440762779087,-14,6381667536903,-5,88107555369026,9,3853107725006,0,376660377505986,0,00295339794824601,0,5,76302027866878E-09,2,27444416363197,3,01629919716202,15,2943259081716,88,6538159655,48,7732994988058,31,6136484008862,16,9384355655599,0,0,0,0,0,0,0,0,0,0,0,0,0,0,0,0,0,0,0,0,0,0,0,0,0,0,0,0,0,0,0,0,0,0,0,0,0,0,0,0,0,0,0,0,0,0,0,0,0,0,0,0,0,0,0,0,0,0,0,0,0,0,0,0,0,0,0,0,0,0,0,0,0,0,0,0,0,0,0,0,0,0,0,0,0,0,0,0,0,0,0,0,0,0,0,0,6,74053106077839E-15,7,14540496238551E-15,0,0,0,0,0,0,0,0,0,0,0,0,0,0,728,15,8,17000839706202,10,5902146205492,88,998478247626,0,0,746431205406292,4,90190530829214,0,0,0,0,0,0,0,0,0,0,0,0,0,0,0,0,0,0,927469758570133,14,6763044930267,0,0,44397,4087394174,41817,4071827093,0,
460-480C*,0,0143398104420293,753,150024,454,754751301877,923,231721204838,0,393162237964267,345,232097616732,65,7558440646289,67,0573970426056,10,6336713537406,814,519730381321,8,47684518492468,258,398237808306,2,36260092267206,0,221534819869596,64,0492780707417,438,019598392475,335,966772199258,-10,4389314383403,-1,68184023834026,34,2441559353711,32,9426029573944,1,32479681321371,857,389189875075,0,0,7,17559884191142E-15,6,77883173181333E-15,259,900580240823,1,50507710249108,0,699638827753997,-17,4389120653536,-8,68182086535361,8,86408973697265,0,428694594937537,0,00395480678433871,0,8,70669017649523E-10,3,66957672031965,4,0390359638518,13,8248963151536,132,542015532112,69,264113205803,43,2928770847948,16,8540236353405,0,0,0,0,0,0,0,0,0,0,0,0,0,0,0,0,0,0,0,0,0,0,0,0,0,0,0,0,0,0,0,0,0,0,0,0,0,0,0,0,0,0,0,0,0,0,0,0,0,0,0,0,0,0,0,0,0,0,0,0,0,0,0,0,0,0,0,0,0,0,0,0,0,0,0,0,0,0,0,0,0,0,0,0,0,0,0,0,0,0,0,0,0,0,0,0,6,77883173181333E-15,7,17559884191142E-15,0,0,0,0,0,0,0,0,0,0,0,0,0,0,743,15,10,0752336280377,10,464351117962,88,7046843876569,0,1,84447244246387,6,56399466280284,0,0,0,0,0,0,0,0,0,0,0,0,0,0,0,0,0,2,36260092267206,19,6526000204317,0,0,44288,1495450548,41727,0037361591,0,
480-500C*,0,0119273977052991,773,150024,485,336813571022,927,032101917922,0,391063148627762,351,43247185994,68,2733312886507,69,5050330024515,13,0369094075991,960,783611853154,8,5192294108493,243,638449337861,4,27277417750228,0,271602279324981,65,9870950060463,440,323947877575,340,591763229706,-13,6144305308427,-4,8573393308427,31,7266687113493,30,4949669975485,1,99636097659567,1011,35117037174,0,0,7,19119476134265E-15,6,80527475624319E-15,244,762047230967,1,50846875103011,0,572936211814186,-21,1732391475714,-12,4161479475714,8,70220069220398,0,505675585185871,0,00484860365313484,0,1,1643634649436E-10,5,52975346256988,4,95186885160294,13,3673475952129,218,531301982536,107,515489678575,64,3672210359689,16,7414743950478,0,0,0,0,0,0,0,0,0,0,0,0,0,0,0,0,0,0,0,0,0,0,0,0,0,0,0,0,0,0,0,0,0,0,0,0,0,0,0,0,0,0,0,0,0,0,0,0,0,0,0,0,0,0,0,0,0,0,0,0,0,0,0,0,0,0,0,0,0,0,0,0,0,0,0,0,0,0,0,0,0,0,0,0,0,0,0,0,0,0,0,0,0,0,0,0,6,80527475624319E-15,7,19119476134265E-15,0,0,0,0,0,0,0,0,0,0,0,0,0,0,763,15,13,1995530645274,10,469259426445,89,1900228155817,0,3,43975941879438,8,0474749429624,0,0,0,0,0,0,0,0,0,0,0,0,0,0,0,0,0,4,27277417750228,24,0941399792294,0,0,44196,7401029995,41649,2547261594,0,
500-520C*,0,00989175183698665,793,150024,513,69719048426,932,827295529234,0,388827767560493,357,561746959673,71,2347942198817,72,387964916456,21,0080665435594,1124,54959982018,8,54656940438248,228,878660867416,6,16687571662339,0,437668052990821,67,1290484122217,442,116291793548,344,348283195499,-16,8298258813097,-8,07273468130971,28,7652057801183,27,612035083544,6,05894673060717,1183,73642086335,0,0,7,0045563799093E-15,6,63575651306268E-15,229,62351422111,1,51337779952,0,462969824847525,-24,9075662297892,-16,1504750297892,8,27187683124353,0,591868210431676,0,00781318524228058,0,1,36162812895303E-11,16,782777291227,7,97958987801327,12,1484683435746,391,901320065567,178,96187379015,101,597334205375,16,6289251547552,0,0,0,0,0,0,0,0,0,0,0,0,0,0,0,0,0,0,0,0,0,0,0,0,0,0,0,0,0,0,0,0,0,0,0,0,0,0,0,0,0,0,0,0,0,0,0,0,0,0,0,0,0,0,0,0,0,0,0,0,0,0,0,0,0,0,0,0,0,0,0,0,0,0,0,0,0,0,0,0,0,0,0,0,0,0,0,0,0,0,0,0,0,0,0,0,6,63575651306268E-15,7,0045563799093E-15,0,0,0,0,0,0,0,0,0,0,0,0,0,0,783,15,17,8378312425462,10,3874944135704,88,7774419432148,0,5,131625519335,12,9679423108391,0,0,0,0,0,0,0,0,0,0,0,0,0,0,0,0,0,6,16687571662339,38,8260192786524,0,0,44071,6651083957,41544,1471255378,0,
520-540C*,0,00780194026860153,813,150024,540,72712197149,941,09603697543,0,386182090831658,363,605572129399,72,7945743027573,73,9055580454837,31,5420255891559,1306,88304779465,8,71763378811798,214,118872396971,8,04490554003541,0,657125533107416,67,3400709007368,443,434260082625,347,454249700837,-20,0946921884744,-11,3376009884744,27,2054256972427,26,0944419545163,14,1022969605751,1375,66636609963,0,0,7,05425006104405E-15,6,69244049750808E-15,214,484981211254,1,52022061279233,0,368650173084783,-28,641893312007,-19,884802112007,7,51893675954604,0,687833183049816,0,0117309076651028,0,1,37320032233685E-12,39,0621868300138,11,9807516603867,10,0065228455359,796,777091070215,330,399315450492,175,157667628207,16,5163759144626,0,0,0,0,0,0,0,0,0,0,0,0,0,0,0,0,0,0,0,0,0,0,0,0,0,0,0,0,0,0,0,0,0,0,0,0,0,0,0,0,0,0,0,0,0,0,0,0,0,0,0,0,0,0,0,0,0,0,0,0,0,0,0,0,0,0,0,0,0,0,0,0,0,0,0,0,0,0,0,0,0,0,0,0,0,0,0,0,0,0,0,0,0,0,0,0,6,69244049750808E-15,7,05425006104405E-15,0,0,0,0,0,0,0,0,0,0,0,0,0,0,803,15,25,2125745862268,10,2017210372701,88,9348680114599,0,6,88920710333171,19,4703861661456,0,0,0,0,0,0,0,0,0,0,0,0,0,0,0,0,0,8,04490554003541,58,2943361814401,0,0,43906,2167897959,41406,3770835883,0,
540-560C*,0,00599849482272023,833,150024,568,290752520169,949,364778421626,0,382852114510457,369,654556523799,74,4977989441701,75,5669319642021,38,1236347840599,1508,82264628523,8,88832745285131,199,359083926526,9,93833101786401,0,794242391334581,67,4914633617193,444,314445340833,350,259135082658,-23,3595584956391,-14,6024672956391,25,5022010558298,24,4330680357979,22,145647190543,1588,23436451077,0,0,0,0,199,346448201397,1,52737414818105,0,288806715618069,-32,3762203942248,-23,6191291942248,6,78547534060261,0,794117182255383,0,0141786975045655,0,1,17550415132813E-13,61,3415963688006,14,4806743450279,7,90865147365482,1756,14945663295,652,427972425539,319,91710725468,15,5778729262182,0,0,0,0,0,0,0,0,0,0,0,0,0,0,0,0,0,0,0,0,0,0,0,0,0,0,0,0,0,0,0,0,0,0,0,0,0,0,0,0,0,0,0,0,0,0,0,0,0,0,0,0,0,0,0,0,0,0,0,0,0,0,0,0,0,0,0,0,0,0,0,0,0,0,0,0,0,0,0,0,0,0,0,0,0,0,0,0,0,0,0,0,0,0,0,0,0,0,0,0,0,0,0,0,0,0,0,0,0,0,0,0,823,15,36,7138449864764,10,0226126149673,89,0842628549075,0,8,72347922952847,23,533107891395,0,0,0,0,0,0,0,0,0,0,0,0,0,0,0,0,0,9,93833101786401,70,4581250268366,0,0,43737,6186695369,41265,5671330425,0,
560-580C*,0,0045382976354658,853,150024,596,806924872479,957,633519867823,0,376561856370437,375,70856650001,76,8440472494837,77,8544820303153,54,8995145756895,1731,43381037595,9,05801832568604,184,59929545608,11,8815493176217,1,14373988699353,67,5894292569837,444,792138347168,352,849006149866,-26,6244248028038,-17,8673336028038,23,1559527505163,22,1455179696848,39,0315211258729,1822,56190565889,0,0,0,0,184,207915191541,1,53484050093882,0,222200775091261,-36,1105474764426,-27,3534562764426,6,07098800578653,0,911280952829447,0,0204178750196623,0,8,38721298380265E-15,108,114059343727,20,8527333968445,5,85429119760107,4241,774753028,1389,97173836554,623,512021388325,14,5178246011959,0,0,0,0,0,0,0,0,0,0,0,0,0,0,0,0,0,0,0,0,0,0,0,0,0,0,0,0,0,0,0,0,0,0,0,0,0,0,0,0,0,0,0,0,0,0,0,0,0,0,0,0,0,0,0,0,0,0,0,0,0,0,0,0,0,0,0,0,0,0,0,0,0,0,0,0,0,0,0,0,0,0,0,0,0,0,0,0,0,0,0,0,0,0,0,0,0,0,0,0,0,0,0,0,0,0,0,0,0,0,0,0,843,15,55,2592351980722,9,85043862573991,89,2254535879977,0,10,6573493296278,33,8885892442528,0,0,0,0,0,0,0,0,0,0,0,0,0,0,0,0,0,11,8815493176217,100,0,0,43565,7060858058,41121,5620196604,0,
580-600C*,0,00337478502006418,873,150024,626,723265197953,965,902261314019,0,367817534042957,381,767472991443,79,1902955547972,80,1402949095685,81,7875514451468,1975,8172632223,9,22606038024977,169,839506985635,13,7471825712441,1,70390732177389,67,6394884666593,444,901129982781,355,245226978925,-29,8892911099685,-21,1321999099685,20,8097044452028,19,8597050904315,110,235754965571,2079,80764549716,0,0,0,0,169,069382181685,1,54262248747481,0,167541627730274,-39,8448745586604,-31,0877833586604,5,37498746419237,1,03990382274858,0,0304179010775932,0,4,8841076376234E-16,305,34385056923,31,0657392628673,3,84287618125649,8109,03071456892,2551,37328914162,1106,83412834146,13,478368295302,0,0,0,0,0,0,0,0,0,0,0,0,0,0,0,0,0,0,0,0,0,0,0,0,0,0,0,0,0,0,0,0,0,0,0,0,0,0,0,0,0,0,0,0,0,0,0,0,0,0,0,0,0,0,0,0,0,0,0,0,0,0,0,0,0,0,0,0,0,0,0,0,0,0,0,0,0,0,0,0,0,0,0,0,0,0,0,0,0,0,0,0,0,0,0,0,0,0,0,0,0,0,0,0,0,0,0,0,0,0,0,0,863,15,86,531002081592,9,68542377038595,89,3583045138872,0,12,5532997733472,50,4861428673746,0,0,0,0,0,0,0,0,0,0,0,0,0,0,0,0,0,13,7471825712441,100,0,0,43390,3050916745,40974,1966920319,0,
600-625C*,0,00295883849048928,898,150024,662,631621801131,975,20459544099,0,357980171424541,388,589440577845,81,8298248982749,82,7076033624966,100,2277,95673874015,9,38654901511661,153,234744956385,15,7017367875534,2,13453706383177,67,6446520306328,444,642476882759,357,749260024706,-33,5622657055288,-24,8051745055288,18,1701751017251,17,2923966375034,190,340518035231,2397,84919867385,0,0,0,0,152,038532545596,1,55175890263915,0,114000181889301,-44,0459925261554,-35,2889013261554,4,61349883665569,1,19892459933692,0,0381054394358115,0,1,01130060428898E-17,527,227365697921,38,917006238866,1,63066053573242,15311,7702877493,4808,44764030151,2068,35836166317,12,3335938490359,0,0,0,0,0,0,0,0,0,0,0,0,0,0,0,0,0,0,0,0,0,0,0,0,0,0,0,0,0,0,0,0,0,0,0,0,0,0,0,0,0,0,0,0,0,0,0,0,0,0,0,0,0,0,0,0,0,0,0,0,0,0,0,0,0,0,0,0,0,0,0,0,0,0,0,0,0,0,0,0,0,0,0,0,0,0,0,0,0,0,0,0,0,0,0,0,0,0,0,0,0,0,0,0,0,0,0,0,0,0,0,0,885,65,150,747838032072,9,50856962353243,89,2526548349361,0,14,5729992616581,63,2455426320523,0,0,0,0,0,0,0,0,0,0,0,0,0,0,0,0,0,15,7017367875534,100,0,0,43188,6340961824,40804,2265842449,0,
625-650C*,0,00383510951989667,923,150024,706,110101944149,985,540522248735,0,34704976851519,396,176279883583,84,7626352799169,85,5516374907203,100,2649,14393232033,9,58725042029961,134,785009368328,17,0944972808341,3,12025825177946,67,5941212476993,443,902909838266,360,324242084152,-37,6433485894847,-28,8862573894847,15,2373647200832,14,4483625092797,362,343359986503,2788,57256033719,0,0,0,0,133,115366283276,1,5623915910668,0,0744549568937233,-48,7139013789277,-39,9568101789277,3,79335813546665,1,39428628016859,0,0557023880502851,0,1,38605125770891E-19,1003,66089751031,56,8887333506358,-0,765436856197532,33927,5462681118,10564,0110410777,4483,25030960942,11,0921885204674,0,0,0,0,0,0,0,0,0,0,0,0,0,0,0,0,0,0,0,0,0,0,0,0,0,0,0,0,0,0,0,0,0,0,0,0,0,0,0,0,0,0,0,0,0,0,0,0,0,0,0,0,0,0,0,0,0,0,0,0,0,0,0,0,0,0,0,0,0,0,0,0,0,0,0,0,0,0,0,0,0,0,0,0,0,0,0,0,0,0,0,0,0,0,0,0,0,0,0,0,0,0,0,0,0,0,0,0,0,0,0,0,910,65,298,957561434845,9,32322652966796,89,3841074651077,0,16,0294381692633,92,4520963490209,0,0,0,0,0,0,0,0,0,0,0,0,0,0,0,0,0,17,0944972808341,100,0,0,42958,9000920377,40609,9252953081,0,
650-675C*,0,00150426086109745,948,150024,754,217974859578,995,87644905648,0,343862089375952,403,77013854235,87,6954456615588,88,3825317132578,100,3059,58439346488,9,78177293557103,116,335273780272,18,154870132346,4,55205791123524,67,491592808889,442,743732994451,362,69485897673,-41,7244314734405,-32,9673402734405,12,3045543384412,11,6174682867422,983,384226976189,3220,61515101567,0,0,0,0,114,192200020955,1,57354022890027,0,0463539579261727,-53,3818102316999,-44,6247190316999,2,99971900164282,1,61030757550783,0,0812626634524216,0,1,17292580372822E-21,2723,89232103265,82,9933895892208,-3,09742799058044,80278,34306573,24966,5293641864,10508,4132397235,9,88295822178707,0,0,0,0,0,0,0,0,0,0,0,0,0,0,0,0,0,0,0,0,0,0,0,0,0,0,0,0,0,0,0,0,0,0,0,0,0,0,0,0,0,0,0,0,0,0,0,0,0,0,0,0,0,0,0,0,0,0,0,0,0,0,0,0,0,0,0,0,0,0,0,0,0,0,0,0,0,0,0,0,0,0,0,0,0,0,0,0,0,0,0,0,0,0,0,0,0,0,0,0,0,0,0,0,0,0,0,0,0,0,0,0,935,65,649,675736461677,9,14985444994887,89,501798622924,0,17,1465034370488,100,0,0,0,0,0,0,0,0,0,0,0,0,0,0,0,0,0,18,154870132346,100,0,0,42722,9190205783,40409,6068609377,0,
675-700C*,3,17969588012765E-06,973,150024,807,77534931638,1006,21237586423,0,296131309135445,411,370800243394,90,6282560432007,91,1954967537979,100,3511,25337330899,9,96878232348625,97,8855381922158,19,2152429838578,6,25141549835763,67,3436349258328,441,215787687061,364,859529029365,-45,8055143573964,-37,0484231573964,9,37174395679933,8,8045032462021,1528,30628319412,3696,05618243052,0,0,0,0,95,2690337586347,1,58521621694425,0,027275358383197,-58,0497190844721,-49,2926278844721,2,23176475393336,1,84802809121526,0,111599343341051,0,5,62271938327199E-24,4233,28098497071,113,976177820308,-5,36641990415028,203948,981198732,63906,8897402548,26848,8918942824,8,70590295299501,0,0,0,0,0,0,0,0,0,0,0,0,0,0,0,0,0,0,0,0,0,0,0,0,0,0,0,0,0,0,0,0,0,0,0,0,0,0,0,0,0,0,0,0,0,0,0,0,0,0,0,0,0,0,0,0,0,0,0,0,0,0,0,0,0,0,0,0,0,0,0,0,0,0,0,0,0,0,0,0,0,0,0,0,0,0,0,0,0,0,0,0,0,0,0,0,0,0,0,0,0,0,0,0,0,0,0,0,0,0,0,0,960,65,1567,39170788617,8,98863105250461,89,6057063485476,0,18,2698204021167,100,0,0,0,0,0,0,0,0,0,0,0,0,0,0,0,0,0,19,2152429838578,100,0,0,42480,386105139,40202,9743802665,0,
700-725C*,0,998,150024,871,949593636038,1016,54830267197,0,238139141103355,418,978057473465,93,5610664248426,93,9852610822671,100,3972,37913471608,10,1469405620378,79,4358026041595,21,0347977133832,8,15583694720147,,,366,928337334063,,,6,43893357515742,6,01473891773288,2327,20126592267,4181,45172075377,,,0,0,,,,,,1,48871192606647,2,09072586037688,0,1455967929093,,,6446,15348085883,148,697702530233,,,,,7,56102271409118,0,0,0,0,0,0,0,0,0,0,0,0,0,0,0,0,0,0,0,0,0,0,0,0,0,0,0,0,0,0,0,0,0,0,0,0,0,0,0,0,0,0,0,0,0,0,0,0,0,0,0,0,0,0,0,0,0,0,0,0,0,0,0,0,0,0,0,0,0,0,0,0,0,0,0,0,0,0,0,0,0,0,0,0,0,0,0,0,0,0,0,0,0,0,0,0,0,0,0,0,0,0,0,0,0,0,0,0,0,0,0,0,985,65,,8,83969282712655,89,6958377035252,,,100,,,,,,,,,,,,,,,,,,21,0347977133832,100,,,42238,5015193105,,,
725-750C*,0,1023,150024,945,998001618667,1026,88422947972,0,189182602730929,426,59171107407,96,4938768064845,96,7460922216707,100,4410,80575670199,10,3149155370399,60,9860670161032,21,3359886868816,10,2028281918216,,,368,781017600029,,,3,50612319351551,3,25390777832929,2846,50682794525,4642,95342810736,,,0,0,,,,,,0,769808595150984,2,32147671405368,0,182139377350296,,,7884,58659159969,186,018568205332,,,,,6,4483175050756,0,0,0,0,0,0,0,0,0,0,0,0,0,0,0,0,0,0,0,0,0,0,0,0,0,0,0,0,0,0,0,0,0,0,0,0,0,0,0,0,0,0,0,0,0,0,0,0,0,0,0,0,0,0,0,0,0,0,0,0,0,0,0,0,0,0,0,0,0,0,0,0,0,0,0,0,0,0,0,0,0,0,0,0,0,0,0,0,0,0,0,0,0,0,0,0,0,0,0,0,0,0,0,0,0,0,0,0,0,0,0,0,1010,65,,8,70314630876037,89,7722190813642,,,100,,,,,,,,,,,,,,,,,,21,3359886868816,100,,,42004,408833208,,,
750-775C*,0,1048,150024,1024,66163785939,1037,22015628746,0,155631377230942,434,211569825195,99,4266871881264,99,4718238263055,100,4849,23237868791,10,471391599551,42,5363314280469,22,3963615383935,11,1887014437255,,,370,293442661152,,,0,573312811873585,0,528176173694454,3467,54769493494,5104,45513546095,,,0,0,,,,,,0,0743328100232574,2,55222756773048,0,199739040587989,,,9604,81801512203,203,993067756164,,,,,5,36778732594824,0,0,0,0,0,0,0,0,0,0,0,0,0,0,0,0,0,0,0,0,0,0,0,0,0,0,0,0,0,0,0,0,0,0,0,0,0,0,0,0,0,0,0,0,0,0,0,0,0,0,0,0,0,0,0,0,0,0,0,0,0,0,0,0,0,0,0,0,0,0,0,0,0,0,0,0,0,0,0,0,0,0,0,0,0,0,0,0,0,0,0,0,0,0,0,0,0,0,0,0,0,0,0,0,0,0,0,0,0,0,0,0,1035,65,,8,57907820244754,89,8348874210006,,,100,,,,,,,,,,,,,,,,,,22,3963615383935,100,,,41773,0276321374,,,
775-800C*,0,1073,150024,1107,64853569744,1047,55608309521,0,128375206198442,441,837450053671,100,100,100,5287,65900067382,10,615080842577,24,0865958399906,23,4567343899053,12,7914223735414,,,371,412280880316,,,0,0,4088,58856192462,5565,95684281455,,,0,0,,,,,,1E-06,2,78297842140727,0,228350577186924,,,11325,0494386444,233,213970724621,,,,,4,31943217670912,0,0,0,0,0,0,0,0,0,0,0,0,0,0,0,0,0,0,0,0,0,0,0,0,0,0,0,0,0,0,0,0,0,0,0,0,0,0,0,0,0,0,0,0,0,0,0,0,0,0,0,0,0,0,0,0,0,0,0,0,0,0,0,0,0,0,0,0,0,0,0,0,0,0,0,0,0,0,0,0,0,0,0,0,0,0,0,0,0,0,0,0,0,0,0,0,0,0,0,0,0,0,0,0,0,0,0,0,0,0,0,0,1060,65,,8,46756454839653,89,8838822209684,,,100,,,,,,,,,,,,,,,,,,23,4567343899053,100,,,41544,3447633305,,,
800-825C*,0,1098,150024,1194,6451841185,1057,89200990295,0,10429525567213,449,469175264502,100,100,100,5726,08562265973,10,7447349370965,5,63686025193425,24,5171072414172,14,3941433033572,,,372,266286836948,,,0,0,4709,62942891431,6027,45855016814,,,0,0,,,,,,1E-06,3,01372927508407,0,256962113785859,,,13045,2808621667,262,434873693079,,,,,3,30325205735824,0,0,0,0,0,0,0,0,0,0,0,0,0,0,0,0,0,0,0,0,0,0,0,0,0,0,0,0,0,0,0,0,0,0,0,0,0,0,0,0,0,0,0,0,0,0,0,0,0,0,0,0,0,0,0,0,0,0,0,0,0,0,0,0,0,0,0,0,0,0,0,0,0,0,0,0,0,0,0,0,0,0,0,0,0,0,0,0,0,0,0,0,0,0,0,0,0,0,0,0,0,0,0,0,0,0,0,0,0,0,0,0,1085,65,,8,36867905809919,89,9192382529063,,,100,,,,,,,,,,,,,,,,,,24,5171072414172,100,,,41318,3430381386,,,
825-850C*,0,1123,150024,1285,35462197206,1068,2279367107,0,0802726916907053,457,106575793589,100,100,100,6164,51224464565,10,8591573538137,0,25,5774800929291,15,9968642331731,,,372,92669560333,,,0,0,5330,670295904,6488,96025752173,,,0,0,,,,,,1E-06,3,24448012876087,0,285573650384793,,,14765,5122856891,291,655776661536,,,,,2,31924696789559,0,0,0,0,0,0,0,0,0,0,0,0,0,0,0,0,0,0,0,0,0,0,0,0,0,0,0,0,0,0,0,0,0,0,0,0,0,0,0,0,0,0,0,0,0,0,0,0,0,0,0,0,0,0,0,0,0,0,0,0,0,0,0,0,0,0,0,0,0,0,0,0,0,0,0,0,0,0,0,0,0,0,0,0,0,0,0,0,0,0,0,0,0,0,0,0,0,0,0,0,0,0,0,0,0,0,0,0,0,0,0,0,1110,65,,8,28250074517014,89,9409788748816,,,100,,,,,,,,,,,,,,,,,,25,5774800929291,100,,,41095,0017922516,,,
850-875C*,0,1148,150024,1377,02844901964,1078,56386351844,0,0531886802928691,464,749488480428,100,100,100,6602,93886663156,10,9572157847047,0,26,637852944441,17,5995851629889,,,373,421898459729,,,0,0,5951,71116289368,6950,46196487533,,,0,0,,,,,,1E-06,3,47523098243766,0,314185186983728,,,16485,7437092114,320,876679629994,,,,,1,36741690832117,0,0,0,0,0,0,0,0,0,0,0,0,0,0,0,0,0,0,0,0,0,0,0,0,0,0,0,0,0,0,0,0,0,0,0,0,0,0,0,0,0,0,0,0,0,0,0,0,0,0,0,0,0,0,0,0,0,0,0,0,0,0,0,0,0,0,0,0,0,0,0,0,0,0,0,0,0,0,0,0,0,0,0,0,0,0,0,0,0,0,0,0,0,0,0,0,0,0,0,0,0,0,0,0,0,0,0,0,0,0,0,0,1135,65,,8,20912096785681,89,9491098475507,,,100,,,,,,,,,,,,,,,,,,26,637852944441,100,,,40874,2973802967,,,
875-900C*,0,1173,150024,1471,70605316864,1088,89979032619,0,0199243875173216,472,39775635945,100,100,100,7041,36548861747,11,0378545680248,0,27,6982257959528,19,2023060928047,,,373,802009207012,,,0,0,6572,75202988337,7411,96367222892,,,0,0,,,,,,1E-06,3,70598183611446,0,342796723582662,,,18205,9751327338,350,097582598451,,,,,0,447761878634997,0,0,0,0,0,0,0,0,0,0,0,0,0,0,0,0,0,0,0,0,0,0,0,0,0,0,0,0,0,0,0,0,0,0,0,0,0,0,0,0,0,0,0,0,0,0,0,0,0,0,0,0,0,0,0,0,0,0,0,0,0,0,0,0,0,0,0,0,0,0,0,0,0,0,0,0,0,0,0,0,0,0,0,0,0,0,0,0,0,0,0,0,0,0,0,0,0,0,0,0,0,0,0,0,0,0,0,0,0,0,0,0,1160,65,,8,14864999396286,89,943613559098,,,100,,,,,,,,,,,,,,,,,,27,6982257959528,100,,,40656,2036125514,,,
900-925C*,0,1198,150024,1569,40639898531,1099,23571713393,0,480,051228368766,100,100,100,7479,79211060339,11,1001069125804,0,28,7585986474647,23,2742196465028,,,374,092988527171,,,0,0,7193,79289687306,7873,46537958251,,,0,0,,,,,,1E-06,3,93673268979126,0,415487921096828,,,19926,2065562561,424,336951808055,,,,,0,0,0,0,0,0,0,0,0,0,0,0,0,0,0,0,0,0,0,0,0,0,0,0,0,0,0,0,0,0,0,0,0,0,0,0,0,0,0,0,0,0,0,0,0,0,0,0,0,0,0,0,0,0,0,0,0,0,0,0,0,0,0,0,0,0,0,0,0,0,0,0,0,0,0,0,0,0,0,0,0,0,0,0,0,0,0,0,0,0,0,0,0,0,0,0,0,0,0,0,0,0,0,0,0,0,0,0,0,0,0,0,0,1185,65,,8,10122319327317,89,9244435680079,,,100,,,,,,,,,,,,,,,,,,28,7585986474647,100,,,40440,6921405582,,,
925-950C*,0,1223,150024,1670,09075078247,1109,57164394168,0,487,709759075199,100,100,100,7918,2187325893,11,1431067122656,0,29,8189714989766,24,2119828833067,,,374,315020273535,,,0,0,7814,83376386274,8334,96708693611,,,0,0,,,,,,1E-06,4,16748354346805,0,432228731472363,,,21646,4379797784,441,434306712618,,,,,0,0,0,0,0,0,0,0,0,0,0,0,0,0,0,0,0,0,0,0,0,0,0,0,0,0,0,0,0,0,0,0,0,0,0,0,0,0,0,0,0,0,0,0,0,0,0,0,0,0,0,0,0,0,0,0,0,0,0,0,0,0,0,0,0,0,0,0,0,0,0,0,0,0,0,0,0,0,0,0,0,0,0,0,0,0,0,0,0,0,0,0,0,0,0,0,0,0,0,0,0,0,0,0,0,0,0,0,0,0,0,0,0,1210,65,,8,0670069574838,89,891519375831,,,100,,,,,,,,,,,,,,,,,,29,8189714989766,100,,,40227,732797596,,,
950-975C*,0,1248,150024,1773,7815252852,1119,90757074943,0,495,373208414538,100,100,100,8356,64535457522,11,1660997405466,0,30,8793443504885,24,7298693223802,,,374,484014922247,,,0,0,8435,87463085243,8796,4687942897,,,0,0,,,,,,1E-06,4,39823439714485,0,441473963458787,,,23366,6694033008,450,876442959373,,,,,0,0,0,0,0,0,0,0,0,0,0,0,0,0,0,0,0,0,0,0,0,0,0,0,0,0,0,0,0,0,0,0,0,0,0,0,0,0,0,0,0,0,0,0,0,0,0,0,0,0,0,0,0,0,0,0,0,0,0,0,0,0,0,0,0,0,0,0,0,0,0,0,0,0,0,0,0,0,0,0,0,0,0,0,0,0,0,0,0,0,0,0,0,0,0,0,0,0,0,0,0,0,0,0,0,0,0,0,0,0,0,0,0,1235,65,,8,04620444315374,89,8447213450837,,,100,,,,,,,,,,,,,,,,,,30,8793443504885,100,,,40017,2938992439,,,
975-1000C*,0,1273,150024,1880,55440342164,1130,24349755717,0,503,041441446047,100,100,100,8795,07197656113,11,1684540171014,0,31,9397172020003,25,6131898120681,,,374,612367358296,,,0,0,9056,91549784212,9257,97050164329,,,0,0,,,,,,1E-06,4,62898525082164,0,457242869978401,,,25086,9008268231,466,981194472281,,,,,0,0,0,0,0,0,0,0,0,0,0,0,0,0,0,0,0,0,0,0,0,0,0,0,0,0,0,0,0,0,0,0,0,0,0,0,0,0,0,0,0,0,0,0,0,0,0,0,0,0,0,0,0,0,0,0,0,0,0,0,0,0,0,0,0,0,0,0,0,0,0,0,0,0,0,0,0,0,0,0,0,0,0,0,0,0,0,0,0,0,0,0,0,0,0,0,0,0,0,0,0,0,0,0,0,0,0,0,0,0,0,0,0,1260,65,,8,03906122930564,89,7838856801626,,,100,,,,,,,,,,,,,,,,,,31,9397172020003,100,,,39809,3425086431,,,
1000-1050C*,0,1323,150024,2046,76746302632,1145,74738776879,0,514,552477216235,100,100,100,9452,71190954,11,2242962871869,0,33,5302764792681,28,0172712067919,,,374,749026676456,,,0,0,9988,47679832664,9950,22306267368,,,0,0,,,,,,1E-06,4,97511153133684,0,500160174876803,,,27667,2479621066,510,812548924967,,,,,0,0,0,0,0,0,0,0,0,0,0,0,0,0,0,0,0,0,0,0,0,0,0,0,0,0,0,0,0,0,0,0,0,0,0,0,0,0,0,0,0,0,0,0,0,0,0,0,0,0,0,0,0,0,0,0,0,0,0,0,0,0,0,0,0,0,0,0,0,0,0,0,0,0,0,0,0,0,0,0,0,0,0,0,0,0,0,0,0,0,0,0,0,0,0,0,0,0,0,0,0,0,0,0,0,0,0,0,0,0,0,0,0,1298,15,,8,0546145420991,90,4073800996045,,,100,,,,,,,,,,,,,,,,,,33,5302764792681,100,,,39502,0049954116,,,
1050-1100C*,0,1373,150024,2280,59787957447,1166,41924138428,0,529,916092638304,100,100,100,10329,5651535118,11,2804177686228,0,35,6510221822919,31,2227130664235,,,374,861177278476,,,0,0,11230,558532306,10873,2264773809,,,0,0,,,,,,1E-06,5,43661323869043,0,557383248074672,,,31107,7108091513,569,254354861882,,,,,0,0,0,0,0,0,0,0,0,0,0,0,0,0,0,0,0,0,0,0,0,0,0,0,0,0,0,0,0,0,0,0,0,0,0,0,0,0,0,0,0,0,0,0,0,0,0,0,0,0,0,0,0,0,0,0,0,0,0,0,0,0,0,0,0,0,0,0,0,0,0,0,0,0,0,0,0,0,0,0,0,0,0,0,0,0,0,0,0,0,0,0,0,0,0,0,0,0,0,0,0,0,0,0,0,0,0,0,0,0,0,0,0,1348,15,,8,12636855481019,91,6688322400586,,,100,,,,,,,,,,,,,,,,,,35,6510221822919,100,,,39100,6046950976,,,
1100-1150C*,0,1423,150024,2529,97694538666,1187,09109499977,0,545,29664773895,100,100,100,11206,4183974837,11,3368198574659,0,37,7717678853156,34,4281549260552,,,374,924541753725,,,0,0,12472,6402662854,11796,2298920881,,,0,0,,,,,,1E-06,5,89811494604403,0,614606321272541,,,34548,173656196,627,696160798797,,,,,0,0,0,0,0,0,0,0,0,0,0,0,0,0,0,0,0,0,0,0,0,0,0,0,0,0,0,0,0,0,0,0,0,0,0,0,0,0,0,0,0,0,0,0,0,0,0,0,0,0,0,0,0,0,0,0,0,0,0,0,0,0,0,0,0,0,0,0,0,0,0,0,0,0,0,0,0,0,0,0,0,0,0,0,0,0,0,0,0,0,0,0,0,0,0,0,0,0,0,0,0,0,0,0,0,0,0,0,0,0,0,0,0,1398,15,,8,25997525014119,93,6418514379778,,,100,,,,,,,,,,,,,,,,,,37,7717678853156,100,,,38708,5219454565,,,
1150+C*,0,1623,150024,3235,32156727502,1238,7707290385,0,583,816581340182,100,100,100,23961,093448099,11,3935039567533,0,43,073632142875,42,4417595751344,,,374,985137789151,,,0,0,15577,8446012338,25222,2036295779,,,0,0,,,,,,1E-06,12,6111018147889,0,757664004267214,,,43149,3307738077,773,800675641085,,,,,0,0,0,0,0,0,0,0,0,0,0,0,0,0,0,0,0,0,0,0,0,0,0,0,0,0,0,0,0,0,0,0,0,0,0,0,0,0,0,0,0,0,0,0,0,0,0,0,0,0,0,0,0,0,0,0,0,0,0,0,0,0,0,0,0,0,0,0,0,0,0,0,0,0,0,0,0,0,0,0,0,0,0,0,0,0,0,0,0,0,0,0,0,0,0,0,0,0,0,0,0,0,0,0,0,0,0,0,0,0,0,0,0,1523,15,,8,90120434413914,101,415906914819,,,100,,,,,,,,,,,,,,,,,,43,073632142875,100,,,35637,7645373947,,,
