Name,Big Hill, Sour-2010
Created,26/03/2026 09:50:10
Cpt,Composition,Boiling Temperature,Molecular Weight,Standard Liquid Density,Acidity,Aniline Point,Assay - Aromatics Vol Pct,Assay - Aromatics Wt Pct,Asphaltene Content,Basic Nitrogen Content,C to H Ratio,Cloud Point,Conradson Carbon Content,Copper Content,Cetane Number,Flash Point,Freeze Point,MON (Clear),MON (Leaded),Assay - Naphthenes Vol Pct,Assay - Naphthenes Wt Pct,Nickel Content,Nitrogen Content,Assay - Olefins Vol Pct,Assay - Olefins Wt Pct,Assay - Paraffins Vol Pct,Assay - Paraffins Wt Pct,Pour Point,Refractive Index,Reid Vapour Pressure,RON (Clear),RON (Leaded),Smoke Point,Sulfur Content,Mercaptan Sulfur Content,Sodium Content,True Vapour Pressure,Vanadium Content,Iron Content,Luminometer Number,Viscosity @ 38C,Viscosity @ 50C,Viscosity @ 60C,Wax Content,Pi C6 22DMB Wt Pct,Pi C6 22DMB Vol Pct,Pi C6 23DMB Wt Pct,Pi C6 23DMB Vol Pct,Pi C6 2MP Wt Pct,Pi C6 2MP Vol Pct,Pi C6 3MP Wt Pct,Pi C6 3MP Vol Pct,Pi C7 22-mPentane Wt Pct,Pi C7 22-mPentane Vol Pct,Pi C7 24-mPentane Wt Pct,Pi C7 24-mPentane Vol Pct,Pi C7 223-mButane Wt Pct,Pi C7 223-mButane Vol Pct,Pi C7 33-mPentane Wt Pct,Pi C7 33-mPentane Vol Pct,Pi C7 23-mPentane Wt Pct,Pi C7 23-mPentane Vol Pct,Pi C7 2-mHexane Wt Pct,Pi C7 2-mHexane Vol Pct,Pi C7 3-mHexane Wt Pct,Pi C7 3-mHexane Vol Pct,Pi C7 3-ePentane Wt Pct,Pi C7 3-ePentane Vol Pct,Pi C6 Wt Pct,Pi C6 Vol Pct,Pi C7 Wt Pct,Pi C7 Vol Pct,Pi C8 Wt Pct,Pi C8 Vol Pct,Pi C9 Wt Pct,Pi C9 Vol Pct,Pi C10  Wt Pct,Pi C10  Vol Pct,Pi C11  Wt Pct,Pi C11  Vol Pct,Pn C6 Hexane Wt Pct,Pn C6 Hexane Vol Pct,Pn C7 Heptane Wt Pct,Pn C7 Heptane Vol Pct,Pn C8 Octane Wt Pct,Pn C8 Octane Vol Pct,Pn C9 Nonane Wt Pct,Pn C9 Nonane Vol Pct,Pn C10 Decane Wt Pct,Pn C10 Decane Vol Pct,Pn C11 n-C11 Wt Pct,Pn C11 n-C11 Vol Pct,On C6 Wt Pct,On C6 Vol Pct,On C7 Wt Pct,On C7 Vol Pct,On C8 Wt Pct,On C8 Vol Pct,On C9 Wt Pct,On C9 Vol Pct,On C10 Wt Pct,On C10 Vol Pct,On C11 Wt Pct,On C11 Vol Pct,A C6 Benzene Wt Pct,A C6 Benzene Vol Pct,A C7 Toluene Wt Pct,A C7 Toluene Vol Pct,A C8 m-Xylene Wt Pct,A C8 m-Xylene Vol Pct,A C8 o-Xylene Wt Pct,A C8 o-Xylene Vol Pct,A C8 p-Xylene Wt Pct,A C8 p-Xylene Vol Pct,A C8 EthBenz Wt Pct,A C8 EthBenz Vol Pct,N C6 cyc-C5 Wt Pct,N C6 cyc-C5 Vol Pct,N C6 cyc-C6 Wt Pct,N C6 cyc-C6 Vol Pct,A C8 Wt Pct,A C8 Vol Pct,A C9 Wt Pct,A C9 Vol Pct,A C10 Wt Pct,A C10 Vol Pct,A C11 Wt Pct,A C11 Vol Pct,N C6 Wt Pct,N C6 Vol Pct,N C7 Wt Pct,N C7 Vol Pct,N C8 Wt Pct,N C8 Vol Pct,N C9 Wt Pct,N C9 Vol Pct,N C10 Wt Pct,N C10 Vol Pct,N C11 Wt Pct,N C11 Vol Pct,Pi Wt Pct,Pi Vol Pct,Pn Wt Pct,Pn Vol Pct,Oi C6 Wt Pct,Oi C6 Vol Pct,Oi C7 Wt Pct,Oi C7 Vol Pct,Oi C8 Wt Pct,Oi C8 Vol Pct,Oi C9 Wt Pct,Oi C9 Vol Pct,Oi C10 Wt Pct,Oi C10 Vol Pct,Oi C11 Wt Pct,Oi C11 Vol Pct,Centroid Boiling Temperature,Viscosity @ 100C,Hydrogen,CarbonByWt,PValue,RamsCarbonResidueByWt,SulfideByWt,ZincByWt,TinByWt,ChromiumByWt,LeadByWt,AluminiumByWt,MagnesiumByWt,MetalByWt,ArsenicByWt,CadmiumByWt,MercuryByWt,NaClByWt,SaltByWt,MudByWt,ChloridesByWt,MolybdenumByWt,AshByWt,GumByWt,MicroCarbonResidueByWt,nC5InsolublesByWt,NaphthenicAcidByWt,NaphthenicAcidByVol,Gross Heating Value,Net Heating Value,Oxygen Content,
Hydrogen,0,20,5548,2,016000032,69,85910034,0,,0,0,0,0,0,13,9,0,0,,,13,9,10,,0,0,0,0,0,0,0,0,13,9,,,130,,,0,0,0,,0,0,,,,,0,,,,,,,,,,,,,,,,,,,,,,,,,,,,,,,,,,,,,,,,,,,,,,,,,,,,,,,,,,,,,,,,,,,,,,,,,,,,,,,,,,,,,,,,,,,,,,,,,0,0,0,0,,,,,,,,,,,,,,,100,0,,,,,,,,,,,,,,,,,,,,,0,,,,,,,
Nitrogen,0,77,3498,28,0135,806,3740234,0,,0,0,0,0,0,63,1,0,0,,,63,1,,,0,0,0,0,0,0,0,0,63,1,,,,,,0,0,0,,0,0,,,,,0,,,,,,,,,,,,,,,,,,,,,,,,,,,,,,,,,,,,,,,,,,,,,,,,,,,,,,,,,,,,,,,,,,,,,,,,,,,,,,,,,,,,,,,,,,,,,,,,,0,0,0,0,,,,,,,,,,,,,,,0,0,,,,,,,,,,,,,,,,,,,,,0,,,,,,,
CO,0,81,6996,28,0109005,799,3880005,0,,0,0,0,0,0,68,2,0,0,,,68,2,,,0,0,0,0,0,0,0,0,68,2,,,120,,,0,0,0,,0,0,,,,,0,,,,,,,,,,,,,,,,,,,,,,,,,,,,,,,,,,,,,,,,,,,,,,,,,,,,,,,,,,,,,,,,,,,,,,,,,,,,,,,,,,,,,,,,,,,,,,,,,0,0,0,0,,,,,,,,,,,,,,,0,0,,,,,,,,,,,,,,,,,,,,,0,,,,,,,
Oxygen,0,90,1996,32,1137,680054,0,,0,0,0,0,0,54,4,0,0,,,54,4,,,0,0,0,0,0,0,0,0,54,4,,,120,,,0,0,0,,0,0,,,,,0,,,,,,,,,,,,,,,,,,,,,,,,,,,,,,,,,,,,,,,,,,,,,,,,,,,,,,,,,,,,,,,,,,,,,,,,,,,,,,,,,,,,,,,,,,,,,,,,,0,0,0,0,,,,,,,,,,,,,,,0,0,,,,,,,,,,,,,,,,,,,,,0,,,,,,,
Methane,0,111,625,16,04290009,299,3940125,0,,0,0,0,0,3,90,4,0,0,,85,15,90,4,,,0,0,0,0,0,0,100,100,90,4,,,120,,,0,0,0,,0,0,,,,,0,,,,,,,,,,,,,,,,,,,,,,,,,,,,,,,,,,,,,,,,,,,,,,,,,,,,,,,,,,,,,,,,,,,,,,,,,,,,,,,,,,,,,,,,,,,,,,,,,0,0,100,100,,,,,,,,,,,,,,,25,13516209,75,,,,,,,,,,,,,,,,,,,,,0,,,,,,,
Ethylene,0,169,399,28,05380058,383,2260132,0,,0,0,0,0,6,104,0,0,,137,15,104,75,6,,0,0,0,0,100,100,0,0,104,,,100,51,,,0,0,0,,0,0,,,,,0,,,,,,,,,,,,,,,,,,,,,,,,,,,,,,,,,,,,,,,,,,,,,,,,,,,,,,,,,,,,,,,,,,,,,,,,,,,,,,,,,,,,,,,,,,,,,,,,,0,0,0,0,,,,,,,,,,,,,,,14,34761566,85,71428571,,,,,,,,,,,,,,,,,,,,,0,,,,,,,
Ethane,0,000181228986584017,184,55,30,06990051,355,6830139,0,,0,0,0,0,4,90,4,0,0,,138,15,90,4,100,79,,0,0,0,0,0,0,100,100,90,4,,,111,38,,,0,0,0,,0,0,,,,,0,,,,,,,,,,,,,,,,,,,,,,,,,,,,,,,,,,,,,,,,,,,,,,,,,,,,,,,,,,,,,,,,,,,,,,,,,,,,,,,,,,,,,,,,,,,,,,,,,0,0,100,100,,,,,,,,,,,,,,,20,11147323,80,,,,,,,,,,,,,,,,,,,,,0,,,,,,,
CO2,0,194,598,44,00970078,825,335022,0,,0,0,0,0,0,217,0,0,,,217,,,0,0,0,0,0,0,0,0,217,,,,,,0,0,0,,0,0,,,,,0,,,,,,,,,,,,,,,,,,,,,,,,,,,,,,,,,,,,,,,,,,,,,,,,,,,,,,,,,,,,,,,,,,,,,,,,,,,,,,,,,,,,,,,,,,,,,,,,,0,0,0,0,,,,,,,,,,,,,,,0,0,,,,,,,,,,,,,,,,,,,,,0,,,,,,,
H2S,0,213,498,34,07600021,788,40802,0,,0,0,0,0,0,188,0,0,,,188,,,0,0,0,0,0,0,0,0,188,,2759,,,,94,1177,0,0,,0,0,,,,,0,,,,,,,,,,,,,,,,,,,,,,,,,,,,,,,,,,,,,,,,,,,,,,,,,,,,,,,,,,,,,,,,,,,,,,,,,,,,,,,,,,,,,,,,,,,,,,,,,0,0,0,0,,,,,,,,,,,,,,,5,911554252,0,,,,,,,,,,,,,,,,,,,,,0,,,,,,,
Propene,0,225,399,42,08060074,520,9550171,0,,0,0,0,0,6,87,9,0,0,,165,87,9,84,9,,0,0,0,0,100,100,0,0,87,9,,1565,102,54,,,0,0,0,,0,0,,,,,0,,,,,,,,,,,,,,,,,,,,,,,,,,,,,,,,,,,,,,,,,,,,,,,,,,,,,,,,,,,,,,,,,,,,,,,,,,,,,,,,,,,,,,,,,,,,,,,,,0,0,0,0,,,,,,,,,,,,,,,14,36465558,85,71428571,,,,,,,,,,,,,,,,,,,,,0,,,,,,,
Propane,0,00260176475575479,231,048,44,09700012,506,678009,0,,0,0,0,0,4,5,85,5,0,0,,169,15,85,5,97,1,,0,0,0,0,0,0,100,100,85,5,,1303,112,14,,,0,0,0,,0,0,,,,,0,,,,,,,,,,,,,,,,,,,,,,,,,,,,,,,,,,,,,,,,,,,,,,,,,,,,,,,,,,,,,,,,,,,,,,,,,,,,,,,,,,,,,,,,,,,,,,,,,0,0,100,100,,,,,,,,,,,,,,,18,28426304,81,81818182,,,,,,,,,,,,,,,,,,,,,0,,,,,,,
i-Butane,0,0128853721156609,261,42,58,12400055,561,9660034,0,380,85,0,0,0,0,4,8,114,0,0,,190,15,114,97,6,,0,0,0,0,0,0,100,100,114,,489,6,101,426,,,0,0,0,,0,0,,,,,0,,,,,,,,,,,,,,,,,,,,,,,,,,,,,,,,,,,,,,,,,,,,,,,,,,,,,,,,,,,,,,,,,,,,,,,,,,,,,,,,,,,,,,,,,,,,,,,,,100,100,0,0,,,,,,,,,,,,,,,17,34802065,82,75862069,,,,,,,,,,,,,,,,,,,,,0,,,,,,,
i-Butene,0,266,299,56,10770035,592,7930298,0,286,7055556,0,0,0,0,6,133,0,0,,193,15,133,88,1,,0,0,0,0,100,100,0,0,133,,442,7,105,2096138,,,0,0,0,,0,0,,,,,0,,,,,,,,,,,,,,,,,,,,,,,,,,,,,,,,,,,,,,,,,,,,,,,,,,,,,,,,,,,,,,,,,,,,,,,,,,,,,,,,,,,,,,,,,,,,,,,,,0,0,0,0,,,,,,,,,,,,,,,14,37319073,85,71428571,,,,,,,,,,,,,,,,,,,,,0,,,,,,,
1-Butene,0,266,898,56,10770035,593,7890015,0,,0,0,0,0,6,87,8,0,0,,193,15,87,8,80,8,,0,0,0,0,100,100,0,0,87,8,,432,97,4,,,0,0,0,,0,0,,0,236064836133691,0,219972008704656,0,208210021632581,0,,,,,,,,,,,,,,,,,,,,,,,,,,,,,,,,,,,,,,,,,,,,,,,,,,,,,,,,,,,,,,,,,,,,,,,,,,,,,,,,,,,,,,,,,,,,,,,,,0,0,0,0,,,,,,,,,,,,,,,14,37319073,85,71428571,,,,,,,,,,,,,,,,,,,,,0,,,,,,,
13-Butadiene,0,268,7,54,1,619,7440186,0,,0,0,0,0,8,164,0,0,,197,15,164,73,94513286,,0,0,0,0,100,100,0,0,164,,409,6,102,9723045,,,0,0,0,,0,0,,,,,0,,,,,,,,,,,,,,,,,,,,,,,,,,,,,,,,,,,,,,,,,,,,,,,,,,,,,,,,,,,,,,,,,,,,,,,,,,,,,,,,,,,,,,,,,,,,,,,,,0,0,0,0,,,,,,,,,,,,,,,11,17841035,88,88888889,,,,,,,,,,,,,,,,,,,,,0,,,,,,,
n-Butane,0,0121547553187208,272,648,58,12400055,583,2230225,0,356,35,0,0,0,0,4,8,135,0,0,,213,15,135,89,6,,0,0,0,0,0,0,100,100,135,,358,5,93,8,,,0,0,0,,0,0,,0,241514675581771,0,217701202498228,,0,,,,,,,,,,,,,,,,,,,,,,,,,,,,,,,,,,,,,,,,,,,,,,,,,,,,,,,,,,,,,,,,,,,,,,,,,,,,,,,,,,,,,,,,,,,,,,,,,0,0,100,100,,,,,,,,,,,,,,,17,34802065,82,75862069,,,,,,,,,,,,,,,,,,,,,0,,,,,,,
tr2-Butene,0,274,027,56,1,608,684021,0,,0,0,0,0,6,168,0,0,,201,168,83,84306902,,0,0,0,0,100,100,0,0,168,,343,9,105,0089318,,,0,0,0,,0,0,,,,,0,,,,,,,,,,,,,,,,,,,,,,,,,,,,,,,,,,,,,,,,,,,,,,,,,,,,,,,,,,,,,,,,,,,,,,,,,,,,,,,,,,,,,,,,,,,,,,,,,0,0,0,0,,,,,,,,,,,,,,,14,37319073,85,71428571,,,,,,,,,,,,,,,,,,,,,0,,,,,,,
i-Pentane,0,0191363055012028,301,028,72,15100098,623,4420166,0,343,95,0,0,0,0,5,113,0,0,,217,113,90,3,,0,0,0,0,0,0,100,100,113,,133,8,92,3,,,0,0,0,,0,0,,,,,0,,,,,,,,,,,,,,,,,,,,,,,,,,,,,,,,,,,,,,,,,,,,,,,,,,,,,,,,,,,,,,,,,,,,,,,,,,,,,,,,,,,,,,,,,,,,,,,,,100,100,0,0,,,,,,,,,,,,,,,16,75213296,83,33333333,,,,,,,,,,,,,,,,,,,,,0,,,,,,,
1-Pentene,0,303,096,70,13500214,638,7230225,0,292,25,0,0,0,0,6,108,0,0,,245,108,77,1,,0,0,0,0,100,100,0,0,108,,131,8,90,9,,,0,0,0,,0,0,,,,,0,,,,,,,,,,,,,,,,,,,,,,,,,,,,,,,,,,,,,,,,,,,,,,,,,,,,,,,,,,,,,,,,,,,,,,,,,,,,,,,,,,,,,,,,,,,,,,,,,0,0,0,0,,,,,,,,,,,,,,,14,37831669,85,71428571,,,,,,,,,,,,,,,,,,,,,0,,,,,,,
2M-1-butene,0,304,303,70,1,654,3800049,0,,0,0,0,0,6,136,0,0,,221,136,81,9,,0,0,0,0,100,100,0,0,136,,127,2,102,54,,,0,0,0,,0,0,,,,,0,,,,,,,,,,,,,,,,,,,,,,,,,,,,,,,,,,,,,,,,,,,,,,,,,,,,,,,,,,,,,,,,,,,,,,,,,,,,,,,,,,,,,,,,,,,,,,,,,0,0,0,0,,,,,,,,,,,,,,,14,37831669,85,71428571,,,,,,,,,,,,,,,,,,,,,0,,,,,,,
n-Pentane,0,309,209,72,15100098,629,7290039,0,343,95,0,0,0,0,5,143,0,0,,233,143,61,9,,0,0,0,0,0,0,100,100,143,,101,35,61,7,,,0,0,0,,0,0,,0,317713556013358,0,28795065870348,0,265338970196147,0,,,,,,,,,,,,,,,,,,,,,,,,,,,,,,,,,,,,,,,,,,,,,,,,,,,,,,,,,,,,,,,,,,,,,,,,,,,,,,,,,,,,,,,,,,,,,,,,,0,0,100,100,,,,,,,,,,,,,,,16,75213296,83,33333333,,,,,,,,,,,,,,,,,,,,,0,,,,,,,
cis2-Butene,0,276,867,56,1,625,9530029,0,,0,0,0,0,6,134,0,0,,203,134,83,5,,0,0,0,0,100,100,0,0,134,,314,4,100,,,0,0,0,,0,0,,,,,0,,,,,,,,,,,,,,,,,,,,,,,,,,,,,,,,,,,,,,,,,,,,,,,,,,,,,,,,,,,,,,,,,,,,,,,,,,,,,,,,,,,,,,,,,,,,,,,,,0,0,0,0,,,,,,,,,,,,,,,14,37319073,85,71428571,,,,,,,,,,,,,,,,,,,,,0,,,,,,,
3M-1-butene,0,293,204,70,1,631,2700195,0,,0,0,0,0,6,105,0,0,,217,105,85,26729455,,0,0,0,0,100,100,0,0,105,,190,101,6748769,,,0,0,0,,0,0,,,,,0,,,,,,,,,,,,,,,,,,,,,,,,,,,,,,,,,,,,,,,,,,,,,,,,,,,,,,,,,,,,,,,,,,,,,,,,,,,,,,,,,,,,,,,,,,,,,,,,,0,0,0,0,,,,,,,,,,,,,,,14,37831669,85,71428571,,,,,,,,,,,,,,,,,,,,,0,,,,,,,
2M-2-butene,0,311,704,70,1,666,1090088,0,406,15,0,0,0,0,6,139,0,0,,228,139,84,7,,0,0,0,0,100,100,0,0,139,,98,11,97,3,,,0,0,0,,0,0,,,,,0,,,,,,,,,,,,,,,,,,,,,,,,,,,,,,,,,,,,,,,,,,,,,,,,,,,,,,,,,,,,,,,,,,,,,,,,,,,,,,,,,,,,,,,,,,,,,,,,,0,0,0,0,,,,,,,,,,,,,,,14,37831669,85,71428571,,,,,,,,,,,,,,,,,,,,,0,,,,,,,
2M-13-C4==,0,307,204,68,1,684,8460083,0,,0,0,0,0,7,5,127,0,0,,219,127,81,,0,0,0,0,100,100,0,0,127,,118,6,99,1,,,0,0,0,,0,0,,,,,0,,,,,,,,,,,,,,,,,,,,,,,,,,,,,,,,,,,,,,,,,,,,,,,,,,,,,,,,,,,,,,,,,,,,,,,,,,,,,,,,,,,,,,,,,,,,,,,,,0,0,0,0,,,,,,,,,,,,,,,11,8404699,88,23529412,,,,,,,,,,,,,,,,,,,,,0,,,,,,,
tr2-Pentene,0,309,493,70,1,652,2630005,0,404,4833333,0,0,0,0,6,133,0,0,,225,133,85,14880659,,0,0,0,0,100,100,0,0,133,,106,7,100,3776273,,,0,0,0,,0,0,,,,,0,,,,,,,,,,,,,,,,,,,,,,,,,,,,,,,,,,,,,,,,,,,,,,,,,,,,,,,,,,,,,,,,,,,,,,,,,,,,,,,,,,,,,,,,,,,,,,,,,0,0,0,0,,,,,,,,,,,,,,,14,37831669,85,71428571,,,,,,,,,,,,,,,,,,,,,0,,,,,,,
cis2-Pentene,0,310,083,70,1,659,5750122,0,403,9277778,0,0,0,0,6,122,0,0,,226,122,85,14880659,,0,0,0,0,100,100,0,0,122,,104,4,100,3776273,,,0,0,0,,0,0,,,,,0,,,,,,,,,,,,,,,,,,,,,,,,,,,,,,,,,,,,,,,,,,,,,,,,,,,,,,,,,,,,,,,,,,,,,,,,,,,,,,,,,,,,,,,,,,,,,,,,,0,0,0,0,,,,,,,,,,,,,,,14,37831669,85,71428571,,,,,,,,,,,,,,,,,,,,,0,,,,,,,
Cyclopentane,0,322,398,70,13500214,748,8740234,0,289,95,0,0,0,0,6,179,0,0,,233,179,84,9,,100,100,0,0,0,0,0,0,179,,41,7,101,426,,,0,0,0,,0,0,,0,483269667509962,0,429891392256475,,0,,,,,,,,,,,,,,,,,,,,,,,,,,,,,,,,,,,,,,,,,,,,,,,,,,,,,,,,,,,,,,,,,,,,,,,,,,,,,,,,,,,,,,,,,,,,,,,,,0,0,0,0,,,,,,,,,,,,,,,14,37831669,85,71428571,,,,,,,,,,,,,,,,,,,,,0,,,,,,,
Cyclopentene,0,317,38,68,1,776,5159912,0,458,3722222,0,0,0,0,7,5,138,0,0,,244,138,69,7,,100,100,0,0,0,0,0,0,138,,81,04,93,3,,,0,0,0,,0,0,,,,,0,,,,,,,,,,,,,,,,,,,,,,,,,,,,,,,,,,,,,,,,,,,,,,,,,,,,,,,,,,,,,,,,,,,,,,,,,,,,,,,,,,,,,,,,,,,,,,,,,0,0,0,0,,,,,,,,,,,,,,,11,8404699,88,23529412,,,,,,,,,,,,,,,,,,,,,0,,,,,,,
22-Mpropane,0,282,648,72,2,595,5930176,0,291,7055556,0,0,0,0,5,257,0,0,,225,257,80,2,,0,0,0,0,0,0,100,100,257,,251,8,85,5,,,0,0,0,,0,0,,,,,0,,,,,,,,,,,,,,,,,,,,,,,,,,,,,,,,,,,,,,,,,,,,,,,,,,,,,,,,,,,,,,,,,,,,,,,,,,,,,,,,,,,,,,,,,,,,,,,,,100,100,0,0,,,,,,,,,,,,,,,16,75213296,83,33333333,,,,,,,,,,,,,,,,,,,,,0,,,,,,,
33M-1-butene,0,314,397,84,16,657,1190186,0,,0,0,0,0,6,,0,0,,241,15,157,95,93,3,,0,0,0,0,100,100,0,0,,,91,82,111,77,,,0,0,0,,0,0,,,,,0,,,,,,,,,,,,,,,,,,,,,,,,,,,,,,,,,,,,,,,,,,,,,,,,,,,,,,,,,,,,,,,,,,,,,,,,,,,,,,,,,,,,,,,,,,,,,,,,,0,0,0,0,,,,,,,,,,,,,,,14,3716,85,71428571,,,,,,,,,,,,,,,,,,,,,0,,,,,,,
H2O,0,373,148,18,01510048,997,9860229,0,,0,0,0,0,0,,0,0,,,,,,0,0,0,0,0,0,0,0,,,,,,,0,0,0,,0,0,,0,698140124178851,0,560124358458913,0,474686748589316,0,,,,,,,,,,,,,,,,,,,,,,,,,,,,,,,,,,,,,,,,,,,,,,,,,,,,,,,,,,,,,,,,,,,,,,,,,,,,,,,,,,,,,,,,,,,,,,,,,0,0,0,0,,,,,,,,,,,,,,0,279783740086422,11,18972388,0,,,,,,,,,,,,,,,,,,,,,0,,,,,,,
36-40C*,0,00753479696037952,313,149994,72,4851199386566,623,954066093301,0,0163732496953305,326,848012273677,0,597880744996662,0,0,00184821405756003,0,0217096402675307,5,34618413978873,143,096843458623,0,0,0243109661149128,43,7373362146489,237,452880911821,144,096843458623,73,4841865836084,82,2412777836084,1,90551733680877E-06,36,0391967653422,0,7,29845004499071,0,0,99,402117349486,63,9608032346578,130,249541247102,1,35392107302843,80,2971521634164,76,5364714495293,85,2935626495293,144,473757857761,0,00580875556475486,0,00274813982441916,0,94,1972145768408,0,77525834701654,0,00184821405756003,205,615803614756,0,489664033296835,0,438677564985121,0,406262175480698,0,00720556749469227,0,0,0,0,0,0,0,0,0,0,0,0,0,0,0,0,0,0,0,0,0,0,0,0,0,0,0,0,0,0,0,0,0,0,0,0,0,0,0,0,0,0,0,0,0,0,0,0,0,0,0,0,0,0,0,0,0,0,0,0,0,0,0,0,0,0,0,0,0,0,0,0,0,0,0,0,0,0,0,0,0,0,0,0,0,0,0,0,0,0,0,0,0,0,0,0,0,0,63,9608032346578,99,402117349486,0,0,0,0,0,0,0,0,0,0,0,0,311,149997,0,317802546454511,15,5548571332116,84,2280493935597,0,0,7,97890727608338E-09,0,0,0,0,0,0,0,0,0,0,0,1,13300483320384E-11,0,0,0,0,0,0,2,38888483845936E-08,0,0,48631,420176889,44998,6377054318,0,
40-50C*,0,0218183276312317,323,149994,75,6387366891242,635,882325705231,0,0192657609570178,324,690782948541,0,740009619461006,0,0,00225075131601135,0,0976933812038881,5,23730777336402,145,036637994335,0,0,0243109661149128,44,3217720991013,241,95145889631,146,036637994335,71,1919439131607,79,9490351131607,1,51174647555763E-06,37,4007153383488,0,7,56887687215865,0,0,99,2599888687925,62,5992846616512,133,547493160081,1,35932027215091,61,9777339182302,74,0705584967464,82,8276496967463,121,292539044528,0,0059471024185947,0,00299853435066105,0,66,689087343625,0,77525834701654,0,00225075131601135,199,935697695154,0,506213056345316,0,45203834876428,0,417653785523545,0,00872695325178596,99,900772384079,99,9135225263123,0,0,0,0,0,0,0,0,0,0,0,0,0,0,0,0,0,0,0,0,0,0,99,900772384079,99,9135225263123,0,0,0,0,0,0,0,0,0,0,0,0,0,0,0,0,0,0,0,0,0,0,0,0,0,0,0,0,0,0,0,0,0,0,0,0,0,0,0,0,0,0,0,0,0,0,0,0,0,0,0,0,0,0,0,0,0,0,0,0,0,0,0,0,0,0,0,0,0,0,62,5992846616512,99,2599888687925,0,0,0,0,0,0,0,0,0,0,0,0,0,0,318,15,0,324059510599168,15,3184612672577,84,4156285327404,0,0,3,59050827423752E-08,0,0,0,0,0,0,0,0,0,0,0,5,09852174941728E-11,0,0,0,0,0,0,1,07499817730671E-07,0,0,48441,5468224242,44866,8179206773,0,
50-60C*,0,025693561933096,333,149994,80,1517475777203,652,922696579418,0,0231249252286211,321,609026769774,0,943050868695782,0,0,00282580454237037,0,206241582541541,5,14747866852442,145,721256554033,0,0,0243109661149128,44,0919239901265,246,919469649669,146,721256554033,67,9173115268068,76,6744027268068,9,49216683920895E-07,39,3206821158284,0,7,95520091096998,0,0,99,0569481820875,60,6793178841716,138,143688948498,1,36723519434981,46,5624071772137,70,5478257070564,79,3049169070564,88,1765121684813,0,00614474078122306,0,00335624081672089,0,46,9073840140768,0,77525834701654,0,00282580454237037,172,432113213698,0,531709602926932,0,472570532593457,0,435130567718777,0,0108961214374513,47,8672351776564,48,1312730087389,18,1229467404806,17,8776417555904,34,0017622981717,33,9840267451859,3,04242017178649E-09,2,98992980617929E-09,0,0,0,0,0,0,0,0,0,0,0,0,0,0,0,0,99,9919442193511,99,992941512505,0,0,0,0,0,0,0,0,0,0,0,0,0,0,0,0,0,0,0,0,0,0,0,0,0,0,0,0,0,0,0,0,0,0,0,0,0,0,0,0,0,0,0,0,0,0,0,0,0,0,0,0,0,0,0,0,0,0,0,0,0,0,0,0,0,0,0,0,0,0,60,6793178841716,99,0569481820875,0,0,0,0,0,0,0,0,0,0,0,0,0,0,328,15,0,333612799897085,15,0282830627283,84,6456827385581,0,0,7,57996191227921E-08,0,0,0,0,0,0,0,0,0,0,0,1,07635459154365E-10,0,0,0,0,0,0,2,26944059653639E-07,0,0,48182,3337876418,44686,8589867506,0,
60-70C*,0,0288586724825035,343,149994,84,4885794952915,672,587306643928,0,0267138031166312,318,527270591008,1,14609211793056,0,0,00340085776872939,0,314789783879195,5,11889659324692,149,579310445645,0,0,0243109661149128,41,3971359766294,252,357995291657,150,579310445645,64,4170654019993,73,1741566019993,3,86686878073306E-07,41,2062693523927,0,8,34152494978131,0,0,98,8539074953826,58,7937306476073,142,623113974802,1,37654618072338,34,0464851405105,66,8317082860397,75,5887994860397,55,0604852924342,0,00634237914385141,0,00373233068514647,0,32,7730229688828,0,77525834701654,0,00340085776872939,122,117767022295,0,559604504862564,0,494962841497343,0,454150903867043,0,0130603013422293,0,0,0,000110975725418897,0,000110558621163946,18,5750760562822,18,7493931418894,23,249803860995,23,0751375865676,0,0,0,0,0,0,0,0,0,0,0,0,0,0,0,0,41,8249908930026,41,8246412870782,0,0,0,0,0,0,0,0,0,0,58,1750090991153,58,1753587059767,0,0,0,0,0,0,0,0,0,0,0,0,0,0,0,0,0,0,0,0,0,0,0,0,0,0,0,0,0,0,0,0,0,0,7,88206245992611E-09,6,9451316336296E-09,0,0,0,0,0,0,0,0,0,0,7,88206245992611E-09,6,9451316336296E-09,0,0,0,0,0,0,0,0,0,0,24,5904724909565,41,3452922110753,34,2032581566508,57,5086152843073,0,0,0,0,0,0,0,0,0,0,0,0,338,15,0,343947662950407,14,7892069923181,84,8351568597175,0,0,1,15694155503209E-07,0,0,0,0,0,0,0,0,0,0,0,1,64285700814557E-10,0,0,0,0,0,0,3,46388301576608E-07,0,0,47899,5260939375,44490,5194349683,0,
70-80C*,0,0309266459658277,353,149994,88,6712047061367,692,278314114575,0,030088932199623,316,764349121178,1,58139636473018,0,739539016626171,0,00397591099508841,0,423337985216848,5,16017878341223,153,866174896152,0,0,0243109661149128,38,3230154785587,261,223747297896,154,866174896152,60,8940500000529,69,6511412000529,0,42,7307239716721,0,8,62211281017657,0,0,98,4186036352698,56,5297370117017,147,006564238302,1,38621256440313,24,2291965240189,63,0879644891193,71,8450556891193,32,0426265441415,0,00654001750647976,0,00410961538369177,0,22,7403242732689,0,77525834701654,0,00397591099508841,73,7082721465097,0,590167647267207,0,519413605108207,0,474873256945416,0,0152194929661199,0,0,0,0,0,0,0,0,45,7801701894429,47,8951570859763,19,9917568940855,20,945424534103,0,0,0,0,0,0,0,0,0,0,0,0,0,0,65,7719270835284,68,8405816200793,0,0,0,0,0,0,0,0,13,8370428468784,14,7887329138331,0,0,0,0,0,0,0,0,0,0,0,0,0,0,0,0,0,0,0,0,0,0,20,3886095442269,16,3684115403461,0,0,0,0,0,0,0,0,0,0,0,00226563421878568,0,00213361214500018,0,00015489114748123,0,000140313596542903,0,0,0,0,0,0,0,0,0,00242052536626691,0,00227392574154308,0,0,0,0,0,0,0,0,0,0,46,7041558763412,81,0145814807633,9,82558113536049,17,4040221545065,0,0,0,0,0,0,0,0,0,0,0,0,348,15,0,35513513990948,14,6292768558903,84,9632953325517,0,0,1,55588691883626E-07,0,0,0,0,0,0,0,0,0,0,0,2,20935942474749E-10,0,0,0,0,0,0,4,65832543499576E-07,0,0,47632,4377986187,44305,0930927699,0,
80-90C*,0,0302244558619006,363,149994,92,9003829192132,709,113969122357,0,0333068500561716,317,909600010366,2,52745789324615,3,05657263033787,0,00455096422144743,0,531886186554502,5,24267565078586,158,519863986312,0,0,0243109661149128,36,582730081883,268,141955218325,159,519863986312,57,6249754423188,66,3820666423188,0,43,4668884787812,0,8,67018182928807,0,0,97,4725421067538,53,476538890881,151,314835738306,1,39483933742836,16,5884630658636,59,5652316994293,68,3223228994293,31,23196750131,0,00673765586910811,0,00446719329712758,0,15,6673092791443,0,77525834701654,0,00455096422144743,71,8024579538117,0,623706363783136,0,546147001880458,0,497475821269353,0,0173736963091232,0,0,0,0,0,0,0,0,0,315313732488678,0,321250739884373,12,7634656918688,13,0224852025376,0,0,0,0,22,4404349113723,22,1725337436801,61,1219474839117,61,85496709596,0,0125829762977667,0,0125740888955741,1,39128847128858E-11,1,36855794724378E-11,0,0,96,6537447959531,97,3838108709713,0,0,0,0,0,0,0,0,0,0,0,0,0,0,0,0,0,0,0,0,0,0,0,0,0,0,0,0,0,0,0,0,3,34600922293212,2,61597212790795,0,0,0,0,0,0,0,0,0,0,0,0,0,000245981114784657,0,000217001120755043,0,0,0,0,0,0,0,0,0,000245981114784657,0,000217001120755043,0,0,0,0,0,0,0,0,0,0,53,476538890881,97,4725421067538,0,0,0,0,0,0,0,0,0,0,0,0,0,0,358,15,0,367253815539133,14,5574734792908,85,0244072684298,0,0,1,95483228264043E-07,0,0,0,0,0,0,0,0,0,0,0,2,77586184134941E-10,0,0,0,0,0,0,5,85276785422544E-07,0,0,47415,8422319872,44154,7213828866,0,
90-100C*,0,029948844199427,373,149994,97,4378775137577,723,403658947072,0,036424094264852,319,050939172808,3,47351942176213,5,26940510666619,0,00512601744780645,0,640434387892155,5,34332009160941,163,478391796884,0,0,0243109661149128,35,8865495050261,275,043226968107,164,478391796884,54,6014421772213,63,3585333772213,0,44,1025814434226,0,8,71825084839956,0,0,96,5264805782379,50,6280134499112,155,568724474123,1,40242313540202,10,5163993679626,56,2635099169698,65,0206011169698,30,4226065195519,0,00693529423173647,0,0048050644254539,0,10,7156648150324,0,77525834701654,0,00512601744780645,69,8860591479195,0,660571769716516,0,575417165766302,0,522159515092692,0,0195229113712392,0,0,0,0,0,0,0,0,0,0,0,0,0,0,0,0,2,38300256346324,2,34635182837378,15,51337021504,15,6447318195262,24,7411116774826,24,637516425851,1,58457445748856,1,55325666180141,0,0,44,2220589134743,44,1818567355524,0,0,0,0,0,0,0,0,0,0,55,7779410865257,55,8181432644476,0,0,0,0,0,0,0,0,0,0,0,0,0,0,0,0,0,0,0,0,0,0,0,0,0,0,0,0,0,0,0,0,0,0,0,0,0,0,0,0,0,0,0,0,0,0,0,0,0,0,0,0,0,0,0,0,22,3887499345414,42,6471913609479,28,2392635153698,53,87928921729,0,0,0,0,0,0,0,0,0,0,0,0,368,15,0,380390783504194,14,4856701026914,85,0855192043079,0,0,2,3537776464446E-07,0,0,0,0,0,0,0,0,0,0,0,3,34236425795133E-10,0,0,0,0,0,0,7,04721027345512E-07,0,0,47239,9112310137,44032,5810923475,0,
100-110C*,0,0290920004664011,383,149994,102,448324507518,733,689809610918,0,0394972024042394,320,190541513276,4,06848079103023,7,38572416249743,0,00570107067416547,0,748982589229808,5,42414708946689,168,679772408628,0,0,0243109661149128,36,8908495889327,281,929104575811,169,679772408628,51,8630218633308,60,6201130633308,0,44,6264681459651,0,8,76631986751106,0,0,95,9315192089698,47,9878076915375,159,78902644506,1,40810350015267,7,78350164042182,53,1827991417407,61,9398903417407,29,6145435988674,0,00946188148625967,0,00512322876867074,0,7,27405367643317,0,77525834701654,0,00570107067416548,67,9591412862721,0,701166360665045,0,60751306590198,0,549151512094923,0,0216671381524678,0,0,0,0,0,0,0,0,0,0,0,0,0,0,0,0,0,0,0,0,0,0,0,0,0,0,0,0,0,0,0,0,0,0,0,0,0,0,7,73435675791921,9,59965691534089,0,0,0,0,0,0,0,0,0,0,0,0,0,0,0,0,0,0,0,0,0,0,92,2656432420808,90,4003430846591,0,0,0,0,0,0,0,0,0,0,0,0,0,0,0,0,0,0,0,0,0,0,0,0,0,0,0,0,0,0,0,0,40,2534509336183,86,3318622936289,7,73435675791921,9,59965691534089,0,0,0,0,0,0,0,0,0,0,0,0,378,15,0,394642757914857,14,413866726092,85,146631140186,0,0,2,75272301024876E-07,0,0,0,0,0,0,0,0,0,0,0,3,90886667455325E-10,0,0,0,0,0,0,8,2416526926848E-07,0,0,47117,5127560767,43947,60581677,0,
110-120C*,0,0279510637751482,393,149994,107,881559194731,745,582692166495,0,0425827120529087,321,328407031771,5,13996785377592,9,4095758867376,0,00627612390052449,0,857530790567462,5,54502478835144,174,062019902302,0,0,0243109661149128,36,7736896855118,288,800875057926,175,062019902302,49,2574013186323,58,0144925186323,0,45,0262486904768,0,8,81438888662255,0,0,94,8600321462241,45,5641754227856,163,996537650427,1,41466141889854,7,48400030476197,50,3230993737421,59,0801905737422,28,8077787392563,0,0144851098317813,0,0054216863267781,0,4,89968911879822,0,77525834701654,0,00627612390052449,66,0217698211668,0,74595316770417,0,642764327030751,0,578709423761333,0,0238063766528091,0,0,0,0,0,0,0,0,0,0,0,0,0,0,0,0,0,0,0,0,0,0,0,0,0,0,0,0,92,7082638061881,93,994011153299,0,0,0,0,0,0,0,0,0,0,0,0,0,0,0,0,0,0,0,0,0,0,0,0,0,0,0,0,0,0,0,0,7,29173619381196,6,00598884670106,0,0,0,0,0,0,0,0,0,0,0,0,0,0,0,0,0,0,0,0,0,0,0,0,0,0,0,0,0,0,0,0,45,5641754227856,94,8600321462241,0,0,0,0,0,0,0,0,0,0,0,0,0,0,388,15,0,410117358279418,14,3420633494926,85,2077430760641,0,0,3,15166837405293E-07,0,0,0,0,0,0,0,0,0,0,0,4,47536909115517E-10,0,0,0,0,0,0,9,43609511191448E-07,0,0,46980,2049782036,43852,2797412637,0,
120-130C*,0,0291996093386215,403,149994,112,857213276489,754,090810120798,0,0457371607894351,322,464535728291,6,3052589587055,11,3418173925425,0,00685117712688351,0,966078991905115,5,63224684323257,179,563148358664,0,0,0243109661149128,38,0228170240035,295,659628714321,180,563148358664,46,920094621989,55,677185821989,0,45,2890517763827,0,8,86036716336506,0,0,93,6947410412945,43,3691308310748,168,212054089531,1,41949898452591,7,19032055684874,47,684410612974,56,441501812974,28,0023119407188,0,019508338177303,0,00570043709977597,0,3,27410946973025,0,77525834701654,0,00685117712688351,64,0740100997595,0,795466835965373,0,68154819959052,0,611126271025615,0,0259406268722631,0,0,0,0,0,0,0,0,0,0,0,0,0,0,0,0,0,0,0,0,0,0,0,0,0,0,0,0,0,000138822764607205,0,000139230496071043,0,0,0,0,0,0,0,0,0,0,99,9998611772354,99,9998607695039,0,0,0,0,0,0,0,0,0,0,0,0,0,0,0,0,0,0,0,0,0,0,0,0,0,0,0,0,0,0,0,0,0,0,0,0,0,0,0,0,0,0,0,0,0,0,0,0,0,0,0,0,0,0,0,0,43,3691308310748,93,6947410412945,0,0,0,0,0,0,0,0,0,0,0,0,398,15,0,42693459928168,14,1282506300178,85,3703865787066,0,0,3,5506137378571E-07,0,0,0,0,0,0,0,0,0,0,0,5,04187150775708E-10,0,0,0,0,0,0,1,06305375311442E-06,0,0,46884,6330496578,43785,9288249648,0,
130-140C*,0,029051986462697,413,149994,118,402080258583,761,290512011227,0,0497415215623315,323,598927602837,7,53578933957843,12,9462892720062,0,00742623035324253,1,80646265148463,5,70750734766417,184,380126171766,0,0,0243109661149128,39,6207320377347,302,506300924676,185,380126171766,44,7947310116787,53,5518222116787,0,44,9028834172437,0,9,163433970096,0,0,92,4642106604216,42,1508273107501,172,670569499585,1,42364532299553,6,90252275418468,45,2667328594363,54,0238240594363,27,1981432032548,0,0245315665228247,0,00595948108766436,0,2,16992315290012,0,77525834701654,0,00742623035324253,62,1159273640642,0,850327091266669,0,724297940918277,0,646736416851125,0,0657397670647004,0,0,0,0,0,0,0,0,0,0,0,0,0,0,0,0,0,0,0,0,0,0,0,0,0,0,0,0,0,0,8,95107449866152E-15,1,07177595113765E-14,0,0,0,0,0,0,0,0,0,0,0,0,0,0,0,0,0,0,0,0,0,0,0,0,0,0,0,0,0,0,0,0,32,4582968209591,32,4643669760114,1,44842869741633E-17,1,42202195987045E-17,33,7619050893522,33,8718809077756,33,7797980896887,33,6637521162131,0,0,0,0,100,100,0,0,0,0,0,0,0,0,0,0,0,0,0,0,0,0,0,0,42,1508273107501,92,4642106604216,0,0,0,0,0,0,0,0,0,0,0,0,0,0,408,15,0,44522862325816,14,0970671202714,85,4010834921859,0,0,1,02634689920511E-05,0,0,0,0,0,0,0,0,0,0,0,1,45741259687125E-08,0,0,0,0,0,0,3,07288261622009E-05,0,0,46854,9040084032,43760,6974802855,0,
140-150C*,0,0282527383689095,423,149994,124,253423590743,767,491185117578,0,0540037012737121,324,731582655409,8,84266794140183,14,5442420169277,0,00800128357960155,3,34998233957103,5,77205690873038,189,114470317178,0,0,0243109661149128,41,4390521574896,309,341702896494,190,114470317178,42,8729109361256,51,6300021361256,0,44,4226171971209,0,9,47072318644857,0,0,91,1573320585982,41,0331407859513,177,201095727165,1,42724408232886,6,62066484585813,43,0700661131291,51,8271573131291,26,3952725268642,0,0295547948683463,0,00619881829044326,0,1,42597351899186,0,77525834701654,0,00800128357960156,60,1475867509532,0,911255186461382,0,771512936319423,0,685922673702627,0,106479174873026,0,0,0,0,0,0,0,0,0,0,0,0,0,0,0,0,0,0,0,0,0,0,0,0,0,0,0,0,0,0,92,5799680755545,93,3638446229931,0,0,0,0,0,0,0,0,0,0,2,66216257097364,2,69915099336105,0,0,0,0,0,0,0,0,0,0,0,0,0,0,0,0,0,0,0,0,0,179033415095,0,150816261735103,4,57639561634913,3,78412616394725,0,0024240952562355,0,00204830636705072,6,89634814089392E-14,5,78838637372213E-14,0,0,0,0,4,75785312670044,3,93699073204946,1,62267713839711E-05,1,36515963840538E-05,0,0,0,0,0,0,0,0,0,0,0,0,0,0,0,0,38,3709782149777,88,4581810652371,2,66216257097364,2,69915099336105,0,0,0,0,0,0,0,0,0,0,0,0,418,15,0,465149721192862,14,0741793508812,85,4269955738433,0,0,2,96533891791864E-05,0,0,0,0,0,0,0,0,0,0,0,4,21078126344447E-08,0,0,0,0,0,0,8,87822472024842E-05,0,0,46782,4615852813,43709,0662371609,0,
150-160C*,0,0272956969386121,433,149994,130,407149421497,773,002216719651,0,0584909147697427,325,862500886007,10,2208429265832,16,2129543762802,0,00857633680596057,4,89350202765744,5,82900903008367,193,795565656715,0,0,0243109661149128,43,353213051592,316,166544788216,194,795565656715,40,9036560867397,49,6607472867397,0,43,8732365477013,0,9,77801240280115,0,0,89,7791570734168,39,9138090760185,181,798018234464,1,4304496552559,6,34480220016653,40,7905202391104,49,5476114391104,25,5936999115472,0,034578023213868,0,00641844870811268,0,0,928922263560238,0,77525834701654,0,00857633680596058,58,1690532921573,0,979094085001769,0,823770975421618,0,729124853782343,0,147218582681351,0,0,0,0,0,0,0,0,0,0,0,0,0,0,0,0,0,0,0,0,0,0,0,0,0,0,0,0,0,0,0,0,0,0,0,0,0,0,0,0,0,0,68,4369170499484,72,3088698648346,0,0,0,0,0,0,0,0,0,0,0,0,0,0,0,0,0,0,0,0,0,0,0,0,0,0,0,0,0,0,0,0,0,0,31,3143267872298,27,4538294420626,0,0,0,0,0,0,0,0,0,0,0,248756162821749,0,237300693102833,0,0,0,0,0,17,4702872085822,39,9138090760185,72,3088698648346,0,0,0,0,0,0,0,0,0,0,0,0,428,15,0,486866697853256,14,0542365226269,85,4525972302835,0,0,4,90433093663218E-05,0,0,0,0,0,0,0,0,0,0,0,6,9641499300177E-08,0,0,0,0,0,0,0,000146835668242767,0,0,46714,2797691881,43659,3902681689,0,
160-170C*,0,0263170248559969,443,149994,136,490348213706,780,392534583075,0,0631871600679227,326,963073172053,11,6647775204105,18,0226104160607,0,00915139003231959,6,43702171574384,5,92790712752678,198,435629065592,0,0,0243109661149128,44,2026399128023,322,981453432259,200,651155571433,38,6849069885519,47,4419981885519,0,423700620568283,43,2675473895483,0,10,0853016191537,0,0,87,9115218590212,38,7098421943909,186,460684855038,1,43465472708948,6,07498742698145,38,2623369819575,47,0194281819575,24,7701740408775,0,075065909442634,0,00574953931423396,0,0,599691777132532,0,77525834701654,0,00915139003231959,56,1224138600406,1,05483335702096,0,881743211463033,0,776850099028513,0,187957990489676,0,0,0,0,0,0,0,0,0,0,0,0,0,0,0,0,0,0,0,0,0,0,0,0,0,0,0,0,0,0,0,0,0,0695547688635855,0,0754148161793038,0,0,0,0,0,0,0,0,0,0,0,0115987759578971,0,0126270243462357,0,0,0,0,0,0,0,0,0,0,0,0,0,0,0,0,0,0,0,0,0,0,0,0,0,0,0,0,0,0,0,0,0,0,0,0,0,0,0,0,0,0,0,0,99,9188464551785,99,9119581594745,0,0,0,0,38,698243418433,87,898894834675,0,0115987759578971,0,0126270243462357,0,0,0,0,0,0,0,0,0,0,0,0,438,15,0,510569648844685,13,9744495207022,85,5285389614556,0,0,6,84332295534572E-05,0,0,0,0,0,0,0,0,0,0,0,9,71751859659092E-08,0,0,0,0,0,0,0,000204889089283051,0,0,46617,6440513758,43587,5843640447,0,
170-180C*,0,0253071309128107,453,149994,142,772110803993,787,663091766739,0,068076435185751,328,064855654884,13,1689349481719,20,0651520598525,0,00972644325867861,7,98054140383025,6,03226314758145,203,046877419022,0,0,0243109661149128,44,9454108334921,329,786986146791,206,369369744498,36,4694092716332,45,2265004716332,0,852504458154556,42,6171217306735,0,10,3925908355063,0,0,85,9785605936736,37,317726209474,191,188443422443,1,43878334290944,5,81127019499394,35,7341537248046,44,4912449248046,23,9503413437322,0,115980945967768,0,00507004808771987,0,0,383559308039418,0,77525834701654,0,00972644325867861,54,0709410582849,1,13964005107181,0,94621247730635,0,829685416951929,0,228697398298001,0,0,0,0,0,0,0,0,0,0,0,0,0,0,0,0,0,0,0,0,0,0,0,0,0,0,0,0,0,0,0,0,86,882109388847,86,8374455746812,0,0,0,0,0,0,0,0,0,0,13,097303026397,13,1437004257728,0,0,0,0,0,0,0,0,0,0,0,0,0,0,0,0,0,0,0,0,0,0,0,0,0,0,0,0,0,0,0,0,0,0,2,93754913599285E-10,2,49564905706255E-10,0,0,0,0,0,0,0,0,0,0,0,020587584462256,0,0188539992964037,0,0,24,2204231830771,72,8348601679008,13,097303026397,13,1437004257728,0,0,0,0,0,0,0,0,0,0,0,0,448,15,0,536473232484783,13,8928225683938,85,6083624924728,0,0,8,78231497405925E-05,0,0,0,0,0,0,0,0,0,0,0,1,24708872631641E-07,0,0,0,0,0,0,0,000262942510323334,0,0,46517,2043509493,43511,5862874374,0,
180-190C*,0,0243070831969574,463,149994,149,264752667185,794,779533135692,0,0731427381407267,329,170973809464,14,7277784351554,22,9148268839889,0,0103014964850376,9,52406109191666,6,1408980734432,207,641527592217,0,0,0243109661149128,45,6140767464811,336,583641658298,211,691070009287,34,2580956431332,43,0151868431332,1,28130829574081,41,8992601503569,0,10,6998800518589,0,0,83,9909132691038,35,1859129656542,195,980641770237,1,44281328844406,5,55369704401746,33,2059704676517,41,9630616676517,23,1367419681756,0,156895982492902,0,00439055686120579,0,0,242975333809528,0,77525834701654,0,0103014964850376,52,0212447616602,1,23489718747169,1,01809582337761,0,888312963799057,0,269436806106327,0,0,0,0,0,0,0,0,0,0,0,0,0,0,0,0,0,0,0,0,0,0,0,0,0,0,0,0,0,0,0,0,0,0,0,0,0,0,0,0,0,0,0,0,0,0,0,0,0,0,0,0,0,0,0,0,0,0,0,0,0,0,0,0,0,0,0,0,0,0,0,0,0,0,0,0,0,0,0,0,94,9854764312861,94,6156278062924,0,0,0,0,0,0,0,0,0,0,5,01452223472174,5,38437066779884,1,33399217776187E-06,1,52590874963201E-06,35,1859129656542,83,9909132691038,0,0,0,0,0,0,0,0,0,0,0,0,0,0,458,15,0,564820538299596,13,8102798585493,85,6914976074344,0,0,0,000107213069927728,0,0,0,0,0,0,0,0,0,0,0,1,52242559297374E-07,0,0,0,0,0,0,0,000320995931363617,0,0,46414,1695247915,43432,487425651,0,
190-200C*,0,0240306109466155,473,149994,155,978397714803,801,736374250482,0,078370066950349,330,284199824554,16,335771206649,25,9562806329616,0,0108765497113967,10,4568108048009,6,2531626459848,212,23179646039,0,0,0243109661149128,46,2249294769736,343,371868852483,216,899891526148,32,0511150000334,40,8082062000334,1,71011213332709,41,1792227446472,0,11,0071692682114,0,0,81,9541166600239,32,8644966223913,200,836627731974,1,44673800715777,5,30231119256874,30,6777872104988,39,4348784104988,22,3316289381481,0,197811019018036,0,0037110656346917,0,0,152398580138068,0,77525834701654,0,0108765497113967,49,9793743041638,1,34076457905329,1,09736317268059,0,952631127834983,0,310176213914652,0,0,0,0,0,0,0,0,0,0,0,0,0,0,0,0,0,0,0,0,0,0,0,0,0,0,0,0,0,0,0,0,0,0,88,0182615338894,88,0283438437866,0,0,0,0,0,0,0,0,0,0,9,77980683709882,9,79753912618487,0,0,0,0,0,0,0,0,0,0,0,0,0,0,0,0,0,0,0,0,0,0,0,0,0,0,0,0,0,0,0,0,0,0,0,0,0,0,0,0,0,0,0,0,0,0,2,20193162901182,2,17411703002856,23,0846897852924,72,1565775338391,9,77980683709882,9,79753912618487,0,0,0,0,0,0,0,0,0,0,0,0,468,15,0,5954632832683,13,7270362940248,85,7779443063403,0,0,0,000126602990114863,0,0,0,0,0,0,0,0,0,0,0,1,79776245963106E-07,0,0,0,0,0,0,0,000379049352403901,0,0,46309,3066743768,43351,0342005936,0,
200-210C*,0,0230991757602749,483,149994,162,923958895607,808,528130671655,0,0837424196321169,331,407305888914,17,9873764879408,29,1289383918441,0,0114516029377557,10,7487355603358,6,36838573959885,216,829900898756,0,0,0243109661149128,46,7919114656453,350,152073867354,222,024081423021,29,8486162393153,38,6057074393153,2,13891597091336,40,4766210286889,0,11,314458484564,0,0,79,8737075411458,30,3944405794669,205,755749141213,1,45055100556246,5,05715234099398,28,1496039533459,36,9066951533459,21,5372552775901,0,23872605554317,0,00303157440817762,0,0,0946120787502722,0,77525834701654,0,0114516029377557,47,9515261353909,1,46205897675017,1,18742201189907,1,02530338547774,0,350915621722977,0,0,0,0,0,0,0,0,0,0,0,0,0,0,0,0,0,0,0,0,0,0,0,0,0,0,0,0,0,0,0,0,0,0,9,90626146356223E-14,1,14734310170164E-13,0,0,0,0,0,0,0,0,0,0,5,50347859086791E-15,6,38495423134871E-15,0,0,0,0,0,0,0,0,0,0,0,0,0,0,0,0,0,0,0,0,0,0,0,0,0,0,0,0,0,0,0,0,0,0,90,4650712102613,90,4468970090786,0,0,0,0,0,0,0,0,0,0,0,0,30,3944405794669,79,8737075411458,0,0,0,0,0,0,0,0,0,0,0,0,0,0,478,15,0,629541691857318,13,6433067776765,85,8677025891907,0,0,0,000145992910301999,0,0,0,0,0,0,0,0,0,0,0,2,07309932628838E-07,0,0,0,0,0,0,0,000437102773444184,0,0,46203,3143530666,43267,9044205586,0,
210-220C*,0,0222199894128808,493,149994,170,11302179266,815,149317959757,0,0892437942035294,332,543064191307,19,6770575043189,32,3810462388477,0,0120266561641147,10,802403564827,6,48587289133907,221,448057782527,0,0,0243109661149128,47,327028953107,356,924625903101,227,08460830439,27,6507482579601,36,4078394579601,2,56771980849962,39,808705186446,0,11,3709511208705,0,0,77,7552226871815,27,8102485747063,210,737353831508,1,45424587871042,4,81825647045956,25,6214206961929,34,3785118961929,20,755874010442,0,245281298385784,0,00235208318166353,0,0,0581180077396885,0,77525834701654,0,0120266561641147,45,9440393156716,1,60256868406527,1,29079713899848,1,10822063991182,0,391655029531303,0,0,0,0,0,0,0,0,0,0,0,0,0,0,0,0,0,0,0,0,0,0,0,0,0,0,0,0,0,0,0,0,0,0,0,0,0,0,0,0,0,0,0,0,0,0,0,0,0,0,0,0,0,0,0,0,0,0,0,0,0,0,0,0,0,0,0,0,0,0,0,0,0,0,0,0,0,0,0,0,0,0,0,0,0,0,0,0,0,0,0,0,0,0,0,0,27,8102485747063,77,7552226871815,0,0,0,0,0,0,0,0,0,0,0,0,0,0,488,15,0,667758181956902,13,5593062123605,85,9607724559854,0,0,0,000165382830489134,0,0,0,0,0,0,0,0,0,0,0,2,3484361929457E-07,0,0,0,0,0,0,0,000495156194484467,0,0,46096,829044238,43183,7138501417,0,
220-230C*,0,0213666075372394,503,149994,177,557678923444,821,594451675334,0,0948581886820857,333,694246920493,21,3992774810713,35,6499068937608,0,0126017093904737,11,2209208839864,6,60490583593819,226,098483986916,0,0,0243109661149128,47,84068475414,363,689862026194,232,08804774941,25,4576599529495,34,2147511529495,2,7228460726889,39,2303525985355,0,11,8114956673541,0,0,75,8778764462398,25,1197405077037,215,780789636417,1,4578163360687,4,58565563818275,23,09323743904,31,85032863904,19,9897381606443,0,303647281211598,0,00167259195514945,0,0,0353116644106493,0,77525834701654,0,0126017093904737,43,9633899553751,1,7663840608148,1,41011744523393,1,20329947576618,0,437218494084853,0,0,0,0,0,0,0,0,0,0,0,0,0,0,0,0,0,0,0,0,0,0,0,0,0,0,0,0,0,0,0,0,0,0,0,0,0,0,0,0,0,0,0,0,0,0,0,0,0,0,0,0,0,0,0,0,0,0,0,0,0,0,0,0,0,0,0,0,0,0,0,0,0,0,0,0,0,0,0,0,0,0,0,0,0,0,0,0,0,0,0,0,0,0,0,0,25,1197405077037,75,8778764462398,0,0,0,0,0,0,0,0,0,0,0,0,0,0,498,15,0,710759222854902,13,4752495009328,86,0571539067245,0,0,0,000265376578232387,0,0,0,0,0,0,0,0,0,0,0,3,76834741089989E-07,0,0,0,0,0,0,0,000794537475227766,0,0,45990,4310483061,43099,0221700034,0,
230-240C*,0,020549288399657,513,150024,185,286929123412,827,813809962847,0,100511077483312,334,893026976324,23,132185273736,38,5412619743564,0,0131767626168327,15,7200009847437,6,72348149381459,230,943681193186,0,0,0243109661149128,48,3601951171102,370,448091176164,236,923903290908,23,2707012223475,32,0277924223475,3,64890030675197,39,4706798999421,0,16,547369457625,0,0,73,2189144195121,21,9880581257015,221,003151721238,1,46123072809943,4,35937776933945,20,5650541818871,29,3221453818871,19,2560608017558,0,372283312972004,0,000993100728635364,0,0,021213230353765,0,77525834701654,0,0131767626168327,42,0552098254338,1,95215294889543,1,56706146756565,1,33155422812833,0,575665583014112,0,0,0,0,0,0,0,0,0,0,0,0,0,0,0,0,0,0,0,0,0,0,0,0,0,0,0,0,0,0,0,0,0,0,0,0,0,0,0,0,0,0,0,0,0,0,0,0,0,0,0,0,0,0,0,0,0,0,0,0,0,0,0,0,0,0,0,0,0,0,0,0,0,0,0,0,0,0,0,0,0,0,0,0,0,0,0,0,0,0,0,0,0,0,0,0,21,9880581257015,73,2189144195121,0,0,0,0,0,0,0,0,0,0,0,0,0,0,508,15,0,778950799497496,13,3911050012809,86,1212095019243,0,0,0,000956465061387206,0,0,0,0,0,0,0,0,0,0,0,1,35818038716983E-06,0,0,0,0,0,0,0,00286365639379329,0,0,45885,4046921128,43014,9442345439,0,
240-250C*,0,0197742752269006,523,150024,193,343858952182,833,732823065903,0,106102978855156,336,188178858246,24,8450317048818,41,3863729351524,0,0137518158431918,28,8766099510275,6,8386482121323,236,210236898885,0,0,0243109661149128,48,9209830061032,377,199597533784,241,792035176845,21,0918965595826,29,8489877595826,4,90323412729047,39,7400125311416,0,32,7729419104894,0,0,70,2517341678277,18,873614533706,226,571746141305,1,46444270078944,4,13944644615242,18,0368709247342,26,7939621247342,18,5805024477026,0,456874372570701,0,000313609502121279,0,0,0125952540633132,0,77525834701654,0,0137518158431918,40,2882871245627,2,17171471398346,1,74988126227651,1,48032089611396,0,662895008552631,0,0,0,0,0,0,0,0,0,0,0,0,0,0,0,0,0,0,0,0,0,0,0,0,0,0,0,0,0,0,0,0,0,0,0,0,0,0,0,0,0,0,0,0,0,0,0,0,0,0,0,0,0,0,0,0,0,0,0,0,0,0,0,0,0,0,0,0,0,0,0,0,0,0,0,0,0,0,0,0,0,0,0,0,0,0,0,0,0,0,0,0,0,0,0,0,18,873614533706,70,2517341678277,0,0,0,0,0,0,0,0,0,0,0,0,0,0,518,15,0,855820036390906,13,3067018555827,86,0800693510937,0,0,0,00164755354454202,0,0,0,0,0,0,0,0,0,0,0,2,33952603324967E-06,0,0,0,0,0,0,0,00493277531235882,0,0,45783,4760130158,42932,9531091807,0,
250-260C*,0,0190534469251318,533,150024,201,69413133881,839,480785198586,0,111796507571164,337,492798631992,26,5803791712991,44,1450074810499,0,0143268690695508,35,1802384742991,6,95340145011502,241,45169175912,0,0,0243109661149128,49,4742159324133,383,944643372887,246,67448562949,29,1428477765467,37,8999389765467,6,15756794782897,39,9930314860018,0,48,9985143633538,0,0,67,2620528808719,15,8619610329483,232,126550395465,1,46752408965753,3,92588069473571,24,115807690502,32,872898890502,17,9196859590598,0,546338258701056,0,0,0,00738824050957575,0,77525834701654,0,0143268690695508,38,5507375441492,2,435945525714,1,96460314058166,1,65382787485493,0,80087463726107,0,0,0,0,0,0,0,0,0,0,0,0,0,0,0,0,0,0,0,0,0,0,0,0,0,0,0,0,0,0,0,0,0,0,0,0,0,0,0,0,0,0,0,0,0,0,0,0,0,0,0,0,0,0,0,0,0,0,0,0,0,0,0,0,0,0,0,0,0,0,0,0,0,0,0,0,0,0,0,0,0,0,0,0,0,0,0,0,0,0,0,0,0,0,0,0,15,8619610329483,67,2620528808719,0,0,0,0,0,0,0,0,0,0,0,0,0,0,528,15,0,94247751925585,13,2230069620077,86,0440825835242,0,0,0,00233864202769684,0,0,0,0,0,0,0,0,0,0,0,3,32087167932952E-06,0,0,0,0,0,0,0,00700189423092435,0,0,45682,7978169336,42851,6356270253,0,
260-270C*,0,0183914082161753,543,150024,210,339727282679,845,068819663909,0,117591663631337,338,798612939595,28,3363864264311,46,7643162833703,0,0149019222959098,41,4838669975706,7,06755037224802,246,639170598111,0,0,0243109661149128,50,0199522004831,377,071287725423,251,579884093098,27,480187422634,36,237278622634,7,41190176836747,40,1834057698451,0,65,2240868162182,0,0,64,2517118052014,13,0522779467845,237,634716917836,1,47047931677721,3,71869477034878,22,3246122647452,31,0817034647452,17,2702440219939,0,639309959493093,0,0,0,00427979722025108,0,77525834701654,0,0149019222959098,36,8342464449557,2,75723127253235,2,21850713525121,1,85739868571918,0,95616903229324,0,0,0,0,0,0,0,0,0,0,0,0,0,0,0,0,0,0,0,0,0,0,0,0,0,0,0,0,0,0,0,0,0,0,0,0,0,0,0,0,0,0,0,0,0,0,0,0,0,0,0,0,0,0,0,0,0,0,0,0,0,0,0,0,0,0,0,0,0,0,0,0,0,0,0,0,0,0,0,0,0,0,0,0,0,0,0,0,0,0,0,0,0,0,0,0,13,0522779467845,64,2517118052014,0,0,0,0,0,0,0,0,0,0,0,0,0,0,538,15,1,04018052934672,13,1403278478372,86,0106729572035,0,0,0,00302973051085166,0,0,0,0,0,0,0,0,0,0,0,4,30221732540936E-06,0,0,0,0,0,0,0,00907101314948987,0,0,45583,4466900121,42771,1045871258,0,
270-280C*,0,0181158342213441,553,150024,219,278867498802,850,508049764883,0,123488447035674,340,097348423088,30,1112122237211,49,1820200553086,0,0154769755222688,47,7874955208422,7,18095491233151,251,743798240078,0,0,0243109661149128,50,5578490865702,381,92947140677,256,513762125662,25,8175270687213,34,5746182687213,7,89039510048872,40,25501452893,0,81,4496592690826,0,0,61,9983926757902,10,5629654157613,243,063398142538,1,47331310594884,3,517897941797,20,5334168389883,29,2905080389883,16,6288093226712,0,734424463076832,0,0,0,00244713928527653,0,77525834701654,0,0154769755222688,35,1303073372242,3,15240993435967,2,52096045681012,2,09779434252976,1,13041405120133,0,0,0,0,0,0,0,0,0,0,0,0,0,0,0,0,0,0,0,0,0,0,0,0,0,0,0,0,0,0,0,0,0,0,0,0,0,0,0,0,0,0,0,0,0,0,0,0,0,0,0,0,0,0,0,0,0,0,0,0,0,0,0,0,0,0,0,0,0,0,0,0,0,0,0,0,0,0,0,0,0,0,0,0,0,0,0,0,0,0,0,0,0,0,0,0,10,5629654157613,61,9983926757902,0,0,0,0,0,0,0,0,0,0,0,0,0,0,548,15,1,1503507356179,13,0589720403528,85,9798404721314,0,0,0,00372081899400648,0,0,0,0,0,0,0,0,0,0,0,5,2835629714892E-06,0,0,0,0,0,0,0,0111401320680554,0,0,45282,0513083244,42500,5206695617,0,
280-290C*,0,01824673248869,563,150024,228,504928266763,855,809598804517,0,129486857784175,341,380731724503,31,9030153166123,51,755952331412,0,0160520287486278,54,0911240441137,7,29352404551169,256,736699509242,0,0,0243109661149128,51,0872325449232,386,57928779754,261,835871837729,24,1548667148085,32,9119579148085,9,24615917703792,38,3809499105814,0,97,675231721947,0,0,58,8508255063498,9,86309775800661,248,379746503688,1,47603044796821,3,32349427580538,18,7422214132314,27,4993126132314,15,9920145472583,0,830316757582295,0,0,0,00138052215698748,0,77525834701654,0,0160520287486278,33,4302286681912,3,64475654231853,2,88413936384579,2,38368118236132,1,45010397693999,0,0,0,0,0,0,0,0,0,0,0,0,0,0,0,0,0,0,0,0,0,0,0,0,0,0,0,0,0,0,0,0,0,0,0,0,0,0,0,0,0,0,0,0,0,0,0,0,0,0,0,0,0,0,0,0,0,0,0,0,0,0,0,0,0,0,0,0,0,0,0,0,0,0,0,0,0,0,0,0,0,0,0,0,0,0,0,0,0,0,0,0,0,0,0,0,9,86309775800661,58,8508255063498,0,0,0,0,0,0,0,0,0,0,0,0,0,0,558,15,1,27459277888208,12,9792470668362,85,9515851283081,0,0,0,0044119074771613,0,0,0,0,0,0,0,0,0,0,0,6,26490861756904E-06,0,0,0,0,0,0,0,0132092509866209,0,0,45154,7414188623,42392,8820144916,0,
290-300C*,0,0175575725195662,573,150024,238,005386429468,860,984590085824,0,135586895876841,342,640489485874,33,709954458548,54,5610554157885,0,0166270819749869,60,3947525673852,7,40521404391425,261,588999229823,0,0,0243109661149128,51,6071539907815,391,021760414127,266,896934852692,22,4922063608958,31,2492975608958,10,7093413439169,36,7306992677159,0,113,900804174811,0,0,55,5807041975352,8,70824531649559,253,550914435403,1,47863656705319,3,13548242228712,16,9510259874746,25,7081171874746,15,3564923819217,0,925621831139504,0,0,0,000768003459251162,0,77525834701654,0,0166270819749869,31,7251382511317,4,2670355504581,3,32404401103244,2,72627703643848,1,76979390267864,0,0,0,0,0,0,0,0,0,0,0,0,0,0,0,0,0,0,0,0,0,0,0,0,0,0,0,0,0,0,0,0,0,0,0,0,0,0,0,0,0,0,0,0,0,0,0,0,0,0,0,0,0,0,0,0,0,0,0,0,0,0,0,0,0,0,0,0,0,0,0,0,0,0,0,0,0,0,0,0,0,0,0,0,0,0,0,0,0,0,0,0,0,0,0,0,8,70824531649559,55,5807041975352,0,0,0,0,0,0,0,0,0,0,0,0,0,0,568,15,1,4147132499371,12,9014604545688,85,9259069257335,0,0,0,00510299596031612,0,0,0,0,0,0,0,0,0,0,0,7,24625426364889E-06,0,0,0,0,0,0,0,0152783699051865,0,0,45030,0129945986,42287,3027593245,0,
300-310C*,0,0168380680223038,583,150024,247,760572817983,866,044146911815,0,141788561313672,343,868348349233,35,5301884029713,57,0163822089411,0,0344595334323187,62,4126645181241,7,51602671717812,266,271822226041,0,0,0243109661149128,52,1164369357159,395,258380814762,271,919680460192,20,8295460069831,29,5866372069831,12,2799416011256,34,885339023492,0,123,221332816912,0,0,52,1898699959031,8,09827876756689,258,544054371803,1,48113688857714,2,95385540153063,15,1598305617177,23,9169217617177,14,7188755128276,1,01897467187848,0,0,0,000421107916783318,0,77525834701654,0,0344595334323187,30,0059853359323,5,06629981113857,3,86194327000763,3,1402538971129,2,08948382841729,0,0,0,0,0,0,0,0,0,0,0,0,0,0,0,0,0,0,0,0,0,0,0,0,0,0,0,0,0,0,0,0,0,0,0,0,0,0,0,0,0,0,0,0,0,0,0,0,0,0,0,0,0,0,0,0,0,0,0,0,0,0,0,0,0,0,0,0,0,0,0,0,0,0,0,0,0,0,0,0,0,0,0,0,0,0,0,0,0,0,0,0,0,0,0,0,8,09827876756689,52,1898699959031,0,0,0,0,0,0,0,0,0,0,0,0,0,0,578,15,1,57273931117179,12,8259197308321,85,9028058644077,0,0,0,00579408444347094,0,0,0,0,0,0,0,0,0,0,0,8,22759990972873E-06,0,0,0,0,0,0,0,017347488823752,0,0,44908,3208621815,42184,2445499387,0,
310-320C*,0,0160989319097869,593,150024,257,697484401089,871,098506281678,0,144364319953913,344,989650307065,37,3618759033255,59,3920674789337,0,0522919848896505,71,9558651886609,7,62959701982392,270,433381234513,0,0,0243109661149128,52,5762181597072,399,291076094282,276,750005105017,19,1668856530703,27,9239768530703,12,416833406127,33,0440932819123,0,171,332149393795,0,0,50,2212906905475,7,56383923915401,263,035084169718,1,48359529480064,2,77860039443608,13,3686351359608,22,1257263359608,14,0696230994022,1,0968633719064,0,0,0,000227456403777024,0,77525834701654,0,0522919848896505,28,2467712468453,5,94737154491442,4,44958236008126,3,58794195593231,2,40917375415594,0,0,0,0,0,0,0,0,0,0,0,0,0,0,0,0,0,0,0,0,0,0,0,0,0,0,0,0,0,0,0,0,0,0,0,0,0,0,0,0,0,0,0,0,0,0,0,0,0,0,0,0,0,0,0,0,0,0,0,0,0,0,0,0,0,0,0,0,0,0,0,0,0,0,0,0,0,0,0,0,0,0,0,0,0,0,0,0,0,0,0,0,0,0,0,0,7,56383923915401,50,2212906905475,0,0,0,0,0,0,0,0,0,0,0,0,0,0,588,15,1,72301857419823,12,756479594029,85,8886568535644,0,0,0,00648517292662576,0,0,0,0,0,0,0,0,0,0,0,9,20894555580857E-06,0,0,0,0,0,0,0,0194166077423175,0,0,44794,040804577,42088,0712549972,0,
320-330C*,0,0153466067115994,603,150024,267,790440450615,876,116078318515,0,144652404563712,346,024729735737,39,2134125283904,61,7917976268035,0,0701244363469824,86,3562121458671,7,74468949960035,273,267365396392,0,0,0243109661149128,53,0020677032236,403,122175907082,281,353404210592,17,5042252991576,26,2613164991576,11,4479769529261,31,2497334763043,0,227,999037460828,0,0,49,3386105186835,6,95846889689216,267,11666060008,1,48599247219818,2,60969853704545,11,577439710204,20,334530910204,13,4088292645588,1,16315749054978,0,0,0,000120956611860094,0,77525834701654,0,0701244363469824,26,4472815536981,6,93111704728959,5,10847035815791,4,08323816797231,2,72886367989459,0,0,0,0,0,0,0,0,0,0,0,0,0,0,0,0,0,0,0,0,0,0,0,0,0,0,0,0,0,0,0,0,0,0,0,0,0,0,0,0,0,0,0,0,0,0,0,0,0,0,0,0,0,0,0,0,0,0,0,0,0,0,0,0,0,0,0,0,0,0,0,0,0,0,0,0,0,0,0,0,0,0,0,0,0,0,0,0,0,0,0,0,0,0,0,0,6,95846889689216,49,3386105186835,0,0,0,0,0,0,0,0,0,0,0,0,0,0,598,15,1,87752976268938,12,6919189570734,85,8789461292025,0,0,0,0127240970088797,0,0,0,0,0,0,0,0,0,0,0,1,80682177526092E-05,0,0,0,0,0,0,0,0380959464445858,0,0,44685,9030691622,41997,5290649776,0,
330-340C*,0,0145866190512052,613,150024,278,021545199709,881,032794936901,0,144940489173512,347,015677290864,41,1628378101789,64,5973530076536,0,0879568878043142,102,318161228957,7,85871727291257,276,516500821016,0,0,0243109661149128,53,4208034450639,406,754379347841,285,656737118443,15,8415649452449,24,5986561452449,10,6017227222008,29,5836082455561,0,284,665925527861,0,0,48,2354394676202,5,81903874679027,269,401096406222,1,48828996112508,2,44712472072922,9,78624428444711,18,5433354844471,12,7382792951983,1,225707496331,0,0,6,32888462072036E-05,0,77525834701654,0,0879568878043142,24,6119393014659,8,14627733418325,5,90619760229422,4,67302355076893,3,04855360563324,0,0,0,0,0,0,0,0,0,0,0,0,0,0,0,0,0,0,0,0,0,0,0,0,0,0,0,0,0,0,0,0,0,0,0,0,0,0,0,0,0,0,0,0,0,0,0,0,0,0,0,0,0,0,0,0,0,0,0,0,0,0,0,0,0,0,0,0,0,0,0,0,0,0,0,0,0,0,0,0,0,0,0,0,0,0,0,0,0,0,0,0,0,0,0,0,5,81903874679027,48,2354394676202,0,0,0,0,0,0,0,0,0,0,0,0,0,0,608,15,2,05758648266562,12,629854216455,85,8593480079457,0,0,0,021014960285321,0,0,0,0,0,0,0,0,0,0,0,2,98412436051559E-05,0,0,0,0,0,0,0,0629187910942512,0,0,44581,358944249,41910,0894621551,0,
340-350C*,0,0132081765823597,623,150024,288,336243617764,885,845247103203,0,145228573783311,347,963953906961,43,0805907961693,67,452446268633,0,105789339261646,118,280110312047,7,97122603256533,281,118955882278,0,602405138973455,0,0243109661149128,53,8357652306915,410,190721987614,289,729889890322,14,1789045913321,22,9359957913321,9,79883834749309,27,9924297923688,0,341,332813594894,0,0,47,1205708563376,4,55512393899821,272,840024838366,1,49048505295662,2,29084739951637,7,99504885869025,16,7521400586903,12,0558315972669,1,28492953370838,0,0,3,25624266988254E-05,0,77525834701654,0,105789339261646,22,7344292909587,9,66290330823373,6,88046345896311,5,38016687388009,3,36824353137189,0,0,0,0,0,0,0,0,0,0,0,0,0,0,0,0,0,0,0,0,0,0,0,0,0,0,0,0,0,0,0,0,0,0,0,0,0,0,0,0,0,0,0,0,0,0,0,0,0,0,0,0,0,0,0,0,0,0,0,0,0,0,0,0,0,0,0,0,0,0,0,0,0,0,0,0,0,0,0,0,0,0,0,0,0,0,0,0,0,0,0,0,0,0,0,0,4,55512393899821,47,1205708563376,0,0,0,0,0,0,0,0,0,0,0,0,0,0,618,15,2,26887658789079,12,5700727611188,85,8492985941958,0,0,511587502023616,0,0293058235617624,0,0,0,0,0,0,0,0,0,0,0,4,16142694577025E-05,0,0,0,0,0,0,602405138973455,0,0877416357439165,0,0,44480,266000368,41825,6179430191,0,
350-360C*,0,0120122119425121,633,150024,298,666147611547,890,550025783783,0,145516658393111,348,871020518545,44,9496772889909,70,3534106394069,0,123621790718978,134,242059395136,8,08175371124703,284,340329893366,0,631956468027699,0,0243109661149128,54,2500288986508,413,434543330691,293,562638973116,12,5162442374194,21,2733354374194,9,03932382880288,26,4796573962489,0,358,253876789157,0,0,46,0109988822062,3,16693196434417,276,27895327051,1,49257515902612,2,14082840618261,6,20385343293339,14,9609446329334,11,3593445767105,1,34123974714026,0,0,1,64630325732032E-05,0,77525834701654,0,123621790718978,20,8083068555125,11,5769295316821,8,08148152589955,6,23423248910844,3,68793345711054,0,0,0,0,0,0,0,0,0,0,0,0,0,0,0,0,0,0,0,0,0,0,0,0,0,0,0,0,0,0,0,0,0,0,0,0,0,0,0,0,0,0,0,0,0,0,0,0,0,0,0,0,0,0,0,0,0,0,0,0,0,0,0,0,0,0,0,0,0,0,0,0,0,0,0,0,0,0,0,0,0,0,0,0,0,0,0,0,0,0,0,0,0,0,0,0,3,16693196434417,46,0109988822062,0,0,0,0,0,0,0,0,0,0,0,0,0,0,628,15,2,51871935212307,12,5123619800098,85,8405566107702,0,0,532772499389505,0,0375966868382037,0,0,0,0,0,0,0,0,0,0,0,5,33872953102492E-05,0,0,0,0,0,0,631956468027699,0,112564480393582,0,0,44382,4795207514,41743,9771433276,0,
360-370C*,0,0113235693310684,643,150024,308,927340078645,895,143721945009,0,14580474300291,349,738338060131,46,7531030912733,73,3046268832111,0,14145424217631,150,204008478226,8,18983257904662,287,422253365312,0,661507797081942,0,0243109661149128,54,6664373631732,416,489454925612,297,142995331998,10,8535838835067,19,6106750835067,8,32317916613022,25,0451623276567,0,418,838320493793,0,0,44,9237177425964,1,65021078913214,281,328040364426,1,48548977981368,1,99702277884404,4,41265800717652,13,1697492071765,10,6466766394754,1,39505428108498,0,0,8,17339486242814E-06,0,77525834701654,0,14145424217631,18,8269920841396,14,0214689557342,9,57688512366695,7,27377096681064,3,71969768218086,0,0,0,0,0,0,0,0,0,0,0,0,0,0,0,0,0,0,0,0,0,0,0,0,0,0,0,0,0,0,0,0,0,0,0,0,0,0,0,0,0,0,0,0,0,0,0,0,0,0,0,0,0,0,0,0,0,0,0,0,0,0,0,0,0,0,0,0,0,0,0,0,0,0,0,0,0,0,0,0,0,0,0,0,0,0,0,0,0,0,0,0,0,0,0,0,1,65021078913214,44,9237177425964,0,0,0,0,0,0,0,0,0,0,0,0,0,0,638,15,2,81664159941608,12,4565092620733,85,8327364868049,0,0,553983655357604,0,045887550114645,0,0,0,0,0,0,0,0,0,0,0,6,51603211627959E-05,0,0,0,0,0,0,661507797081942,0,137387325043247,0,0,44287,852879452,41665,0272453966,0,
370-380C*,0,0107165432021308,653,150024,319,018442179972,899,622926553244,0,14609282761271,350,567367466235,48,4603244629192,76,18956885988,0,159286693633642,151,779965053044,8,29499158378475,290,38320123608,0,691059126136186,0,0243109661149128,55,0876281268625,419,359309332442,300,475066759684,9,19092352959392,17,9480147295939,7,65270584281328,23,6706744674506,0,483,518065706697,0,0,43,8869696942675,0,139756672669344,284,401441446083,1,48816544057078,1,85937859993766,2,62146258141966,11,3785537814197,9,9076582965405,1,44678928000087,0,0,3,98175321496617E-06,0,77525834701654,0,159286693633642,16,7612622079119,17,1838058053411,11,4588536470613,8,54950532826472,4,11371764180273,0,0,0,0,0,0,0,0,0,0,0,0,0,0,0,0,0,0,0,0,0,0,0,0,0,0,0,0,0,0,0,0,0,0,0,0,0,0,0,0,0,0,0,0,0,0,0,0,0,0,0,0,0,0,0,0,0,0,0,0,0,0,0,0,0,0,0,0,0,0,0,0,0,0,0,0,0,0,0,0,0,0,0,0,0,0,0,0,0,0,0,0,0,0,0,0,0,139756672669344,43,8869696942675,0,0,0,0,0,0,0,0,0,0,0,0,0,0,648,15,3,17519726093976,12,4023019962543,85,8254526514365,0,0,575223939892532,0,0541784133910864,0,0,0,0,0,0,0,0,0,0,0,7,69333470153426E-05,0,0,0,0,0,0,691059126136186,0,162210169692913,0,0,44196,2378782766,41588,6263438457,0,
380-390C*,0,0101880157375667,663,150024,328,818902902358,903,984230574854,0,14638091222251,351,359569671373,49,9152923903279,77,8541227525308,0,177119145090973,169,644570237902,8,39675891849766,293,241648443636,0,720610455190429,0,0243109661149128,55,5160577269069,422,048170118079,303,719190185233,7,52826317568119,16,2853543756812,7,05036523825987,22,0253831189611,0,552,128202729529,0,0,43,0343423714122,0,120494128508101,287,302780035906,1,49085945954719,1,72783684960671,0,830267155662792,9,58735835566279,9,06179952885698,1,49686088834626,0,0,1,90189923734545E-06,0,77525834701654,0,177119145090973,14,3829461910383,21,3313613821646,13,8546032708909,10,1288069637696,4,52898693668151,0,0,0,0,0,0,0,0,0,0,0,0,0,0,0,0,0,0,0,0,0,0,0,0,0,0,0,0,0,0,0,0,0,0,0,0,0,0,0,0,0,0,0,0,0,0,0,0,0,0,0,0,0,0,0,0,0,0,0,0,0,0,0,0,0,0,0,0,0,0,0,0,0,0,0,0,0,0,0,0,0,0,0,0,0,0,0,0,0,0,0,0,0,0,0,0,0,120494128508101,43,0343423714122,0,0,0,0,0,0,0,0,0,0,0,0,0,0,658,15,3,61115095081719,12,349527571498,85,8183195338013,0,0,596495874769021,0,0624692766675277,0,0,0,0,0,0,0,0,0,0,0,8,87063728678893E-05,0,0,0,0,0,0,720610455190429,0,187033014342578,0,0,44107,485045829,41514,6307731293,0,
390-400C*,0,00971425156489587,673,150024,338,900796158627,908,224224976203,0,146664303887443,352,11640561006,51,2596534336814,79,4442290438477,0,194951596548305,188,996247435854,8,49466479658595,296,016069925943,0,750161784244673,0,0243109661149128,55,9540235397794,424,56028302246,306,872014563649,5,86560282176846,14,6226940217685,6,48892333992606,20,4540866522543,0,624,503821863953,0,0,42,2514232263925,0,101684303898091,290,041913659863,1,49356527654782,1,60233127564472,-0,960928270094072,7,79616292990593,8,20195477758191,1,54568525057949,0,0,8,89990331363295E-07,0,77525834701654,0,194951596548305,11,9500524791396,26,8520283165124,16,9420475738634,12,1020482853922,4,96550556681721,0,0,0,0,0,0,0,0,0,0,0,0,0,0,0,0,0,0,0,0,0,0,0,0,0,0,0,0,0,0,0,0,0,0,0,0,0,0,0,0,0,0,0,0,0,0,0,0,0,0,0,0,0,0,0,0,0,0,0,0,0,0,0,0,0,0,0,0,0,0,0,0,0,0,0,0,0,0,0,0,0,0,0,0,0,0,0,0,0,0,0,0,0,0,0,0,0,101684303898091,42,2514232263925,0,0,0,0,0,0,0,0,0,0,0,0,0,0,668,15,4,14721520838864,12,2979733767494,85,8109515630355,0,0,617801605504075,0,070760139943969,0,0,0,0,0,0,0,0,0,0,0,0,000100479398720436,0,0,0,0,0,0,750161784244673,0,211855858992243,0,0,44021,4439017132,41442,8953999419,0,
400-410C*,0,00919112540593779,683,150024,353,094481624882,911,914059522671,0,148099429496699,352,811727883298,52,5016938842578,80,9878905676601,0,212784048005637,209,903123968386,8,56988391485994,299,021167378078,0,779713113298916,0,0243109661149128,56,5523954722618,426,900048411183,311,001187421559,4,20294246785572,12,9600336678557,5,96507804525342,18,9290214492941,0,715,159629039596,0,0,41,5332280704888,0,0830879830457625,292,065698842889,1,49600554963323,1,48278828228615,-2,75212369585094,6,00496750414907,7,33750064306639,1,59843111791885,0,0,4,07653247615336E-07,0,77525834701654,0,212784048005637,9,48861471184197,31,7547653263068,19,7414540612087,13,95158083428,4,96639953306004,0,0,0,0,0,0,0,0,0,0,0,0,0,0,0,0,0,0,0,0,0,0,0,0,0,0,0,0,0,0,0,0,0,0,0,0,0,0,0,0,0,0,0,0,0,0,0,0,0,0,0,0,0,0,0,0,0,0,0,0,0,0,0,0,0,0,0,0,0,0,0,0,0,0,0,0,0,0,0,0,0,0,0,0,0,0,0,0,0,0,0,0,0,0,0,0,0,0830879830457625,41,5332280704888,0,0,0,0,0,0,0,0,0,0,0,0,0,0,678,15,4,63053551589422,12,2494445778079,85,7957821295106,0,0,639142959842566,0,0790510032204104,0,0,0,0,0,0,0,0,0,0,0,0,000112252424572983,0,0,0,0,0,0,779713113298916,0,236678703641909,0,0,43942,2748820788,41376,4060625607,0,
410-420C*,0,00873932471051636,693,150024,367,239290528157,915,47623234626,0,149540598108892,353,474643860846,53,6497000333348,82,496261373692,0,230616499462969,235,339938744975,8,63993418327289,301,978780164058,0,80926444235316,0,0243109661149128,57,1623995249266,429,07199510456,314,808577352281,2,54028211394299,11,297373313943,5,47552725168353,17,4391613504681,0,805,969900837326,0,0,40,8747727149816,0,0645772758398489,294,083499076393,1,49843677342486,1,36912684026172,-4,5433191216078,4,2137720783922,6,47781372566152,1,65075546908178,0,0,1,82602213192908E-07,0,77525834701654,0,230616499462969,7,02533596560606,37,7783969045082,23,1309660251032,16,1673518688772,4,96309865558827,0,0,0,0,0,0,0,0,0,0,0,0,0,0,0,0,0,0,0,0,0,0,0,0,0,0,0,0,0,0,0,0,0,0,0,0,0,0,0,0,0,0,0,0,0,0,0,0,0,0,0,0,0,0,0,0,0,0,0,0,0,0,0,0,0,0,0,0,0,0,0,0,0,0,0,0,0,0,0,0,0,0,0,0,0,0,0,0,0,0,0,0,0,0,0,0,0,0645772758398489,40,8747727149816,0,0,0,0,0,0,0,0,0,0,0,0,0,0,688,15,5,1890890117267,12,2017080020694,85,7796166115409,0,0,660521495683747,0,103152699530616,0,0,0,0,0,0,0,0,0,0,0,0,000146476833333475,0,0,0,0,0,0,80926444235316,0,308839182394666,0,0,43865,4662329235,41311,8415671366,0,
420-430C*,0,00835018567240091,703,150024,381,328099594483,918,937957970463,0,150981766721086,354,108591856298,54,7119581721906,83,9780840493066,0,248448950920301,266,967137390713,8,70578421844268,304,886166707938,0,838815771407403,0,0243109661149128,57,7755499589465,431,080755649549,318,323704316797,0,877621760030255,9,63471296003026,5,01696885665795,15,9758660965892,0,896,780172635057,0,0,40,2710729711514,0,0460498541042383,297,846851358638,1,50087278092037,1,26125842065959,-6,33451454736467,2,42257665263534,5,63227062571838,1,70273405474037,0,0,7,99114963384254E-08,0,77525834701654,0,248448950920301,4,58758859981277,45,2603626300422,27,2758326236233,18,8456156539667,4,9597977781165,0,0,0,0,0,0,0,0,0,0,0,0,0,0,0,0,0,0,0,0,0,0,0,0,0,0,0,0,0,0,0,0,0,0,0,0,0,0,0,0,0,0,0,0,0,0,0,0,0,0,0,0,0,0,0,0,0,0,0,0,0,0,0,0,0,0,0,0,0,0,0,0,0,0,0,0,0,0,0,0,0,0,0,0,0,0,0,0,0,0,0,0,0,0,0,0,0,0460498541042383,40,2710729711514,0,0,0,0,0,0,0,0,0,0,0,0,0,0,698,15,5,83956571612894,12,1544065201679,85,7625837625268,0,0,681938540638241,0,157946012906366,0,0,0,0,0,0,0,0,0,0,0,0,00022428333832704,0,0,0,0,0,0,838815771407403,0,472890362641661,0,0,43790,5581080726,41248,8304060931,0,
430-440C*,0,00801584462624666,713,150024,395,355105323829,922,322375009706,0,152422935333279,354,716754668374,55,6967545921031,85,4399397087124,0,266281402377633,298,594336036451,8,76827791888836,307,743327009716,0,868367100461647,0,0243109661149128,58,3848955974195,432,931043079548,321,573204588628,-0,785038593882479,7,97205260611752,4,58610075761828,14,5326331612467,0,987,590444432788,0,0,39,7171446502786,0,027427130040879,300,160643170551,1,50332574553285,1,15908695524663,-8,12570997312153,0,63138122687847,4,81024794358809,1,75448661089911,0,0,3,41314212017786E-08,0,77525834701654,0,266281402377633,2,20339581535711,54,622962412515,32,3796085210668,22,1041141140061,4,95649690064473,0,0,0,0,0,0,0,0,0,0,0,0,0,0,0,0,0,0,0,0,0,0,0,0,0,0,0,0,0,0,0,0,0,0,0,0,0,0,0,0,0,0,0,0,0,0,0,0,0,0,0,0,0,0,0,0,0,0,0,0,0,0,0,0,0,0,0,0,0,0,0,0,0,0,0,0,0,0,0,0,0,0,0,0,0,0,0,0,0,0,0,0,0,0,0,0,0,027427130040879,39,7171446502786,0,0,0,0,0,0,0,0,0,0,0,0,0,0,708,15,6,60094668633373,12,1072016772435,85,7447458754205,0,0,703395224893705,0,212739326282116,0,0,0,0,0,0,0,0,0,0,0,0,000302089843320605,0,0,0,0,0,0,868367100461647,0,636941542888656,0,0,43717,1380868223,41187,0362531414,0,
440-450C*,0,00772911102739824,723,150024,409,315783381349,925,652622078419,0,153864103945472,355,302315095791,56,6123755843502,86,886402914241,0,284113853834964,310,096887989163,8,8282994102939,310,550261069394,0,89791842951589,0,0243109661149128,58,9835760137419,434,62762918757,324,581107365063,-2,44769894779522,6,30939225220478,4,1796208520061,13,1049435688595,0,999,916348607362,0,0,39,2080035636437,0,00865351689949138,302,330264138472,1,50580868918958,1,06250882600413,-9,9169053988784,-1,15981419887839,4,02112227962173,1,8061328735625,0,0,1,4212435536791E-08,0,77525834701654,0,284113853834965,-0,0986050742499717,66,4296614251462,38,7096328395028,26,0956485620036,4,95319602317296,0,0,0,0,0,0,0,0,0,0,0,0,0,0,0,0,0,0,0,0,0,0,0,0,0,0,0,0,0,0,0,0,0,0,0,0,0,0,0,0,0,0,0,0,0,0,0,0,0,0,0,0,0,0,0,0,0,0,0,0,0,0,0,0,0,0,0,0,0,0,0,0,0,0,0,0,0,0,0,0,0,0,0,0,0,0,0,0,0,0,0,0,0,0,0,0,0,00865351689949138,39,2080035636437,0,0,0,0,0,0,0,0,0,0,0,0,0,0,718,15,7,49690090254837,12,0597550184365,85,7261652431736,0,0,724892508688235,0,267532639657866,0,0,0,0,0,0,0,0,0,0,0,0,00037989634831417,0,0,0,0,0,0,89791842951589,0,800992723135652,0,0,43644,7989880822,41126,1272203362,0,
450-460C*,0,0080650599517511,733,150024,423,206907431244,928,951837791027,0,155305272557665,355,868455937269,57,5250709552287,88,3103989654283,0,301946305292296,339,742523575373,8,88676602824816,313,306968886972,0,927469758570133,0,0243109661149128,59,5648174605357,436,175324321093,327,369781206131,-4,11035930170795,4,64673189829205,3,79422703726296,11,6896010345717,0,1088,55259954867,0,0,38,6807020075083,0,304,355714262402,1,50833545310521,0,971412886714143,-11,7081008246353,-2,95100962463526,3,46477915832719,1,85779257873504,0,0,5,76302027866878E-09,0,77525834701654,0,301946305292296,-1,72932833659966,81,4383826340903,46,6197178895766,31,0199788667658,4,94989514570119,0,0,0,0,0,0,0,0,0,0,0,0,0,0,0,0,0,0,0,0,0,0,0,0,0,0,0,0,0,0,0,0,0,0,0,0,0,0,0,0,0,0,0,0,0,0,0,0,0,0,0,0,0,0,0,0,0,0,0,0,0,0,0,0,0,0,0,0,0,0,0,0,0,0,0,0,0,0,0,0,0,0,0,0,0,0,0,0,0,0,0,0,0,0,0,0,0,38,6807020075083,0,0,0,0,0,0,0,0,0,0,0,0,0,0,728,15,8,55712554942375,12,0117280888873,85,706904158738,0,0,746431205406292,0,322325953033616,0,0,0,0,0,0,0,0,0,0,0,0,000457702853307735,0,0,0,0,0,0,927469758570133,0,965043903382647,0,0,43573,1389084194,41065,7759553667,0,
460-480C*,0,0163421699401725,753,150024,443,908298464752,933,893093286305,0,155891176285391,356,688217848048,58,8686965573504,90,3939439187965,0,328694982478294,387,983342812878,8,92858106686278,317,347856409399,2,36260092267206,0,0243109661149128,60,389380459768,438,019598392476,331,182553459331,-6,60434983257705,2,15274136742295,3,24844938618121,9,60605608120348,0,1231,73844911334,0,0,37,8828540564684,0,307,123569115813,1,51224002909878,0,805185729197004,-14,3948939632706,-5,63780276327055,2,48306410247116,1,93556926370834,0,0,8,70669017649523E-10,0,77525834701654,0,328694982478294,-4,62258243196887,112,303780050296,62,5228912287762,40,7538736624734,4,94494382949353,0,0,0,0,0,0,0,0,0,0,0,0,0,0,0,0,0,0,0,0,0,0,0,0,0,0,0,0,0,0,0,0,0,0,0,0,0,0,0,0,0,0,0,0,0,0,0,0,0,0,0,0,0,0,0,0,0,0,0,0,0,0,0,0,0,0,0,0,0,0,0,0,0,0,0,0,0,0,0,0,0,0,0,0,0,0,0,0,0,0,0,0,0,0,0,0,0,37,8828540564684,0,0,0,0,0,0,0,0,0,0,0,0,0,0,743,15,10,5402013009771,11,9378593169162,85,6768729500632,0,1,84447244246387,0,404515923097241,0,0,0,0,0,0,0,0,0,0,0,0,000574412610798082,0,0,0,0,0,2,36260092267206,1,21112067375314,0,0,43466,0559864986,40975,5902818227,0,
480-500C*,0,0150004337103165,773,150024,471,253427005602,940,588784601636,0,159462968994022,357,742971299672,60,4767841196763,93,0894780210852,0,364359885392958,459,746502399321,9,04669375406615,322,559914591949,4,27277417750228,0,0243109661149128,61,3661615606137,440,323947877575,335,661178182313,-9,92967054040252,-1,17257934040252,2,56372754556865,6,91052197891479,0,00998020340432266,1443,71210923367,0,0,36,9594883347551,0,310,309444299725,1,5177431364337,0,659368867468261,-17,9772848147843,-9,22019361478429,1,53069196767628,2,04043609516337,0,0,1,1643634649436E-10,0,77525834701654,0,364359885392958,-7,44851525542112,177,883221044046,95,2097258217893,60,267903079689,4,93834207454999,0,0,0,0,0,0,0,0,0,0,0,0,0,0,0,0,0,0,0,0,0,0,0,0,0,0,0,0,0,0,0,0,0,0,0,0,0,0,0,0,0,0,0,0,0,0,0,0,0,0,0,0,0,0,0,0,0,0,0,0,0,0,0,0,0,0,0,0,0,0,0,0,0,0,0,0,0,0,0,0,0,0,0,0,0,0,0,0,0,0,0,0,0,0,0,0,0,36,9594883347551,0,0,0,0,0,0,0,0,0,0,0,0,0,0,763,15,14,203556159554,11,8341777613327,85,6350311567208,0,3,43975941879438,0,514102549848741,0,0,0,0,0,0,0,0,0,0,0,0,000730025620785212,0,0,0,0,0,4,27277417750228,1,53922303424713,0,0,43322,0006447277,40854,3239981345,0,
500-520C*,0,0136177894365774,793,150024,497,294936020423,948,215374222863,0,159550922258753,358,813913079827,61,8713889127624,95,6901047136639,0,400663621934729,540,545070959087,9,2053635584256,325,081418695257,6,16687571662339,0,0243322404327462,61,9459460476067,442,116291793548,339,419474126874,-13,254991248228,-4,49790004822799,1,90391222238077,4,30989528633607,0,113990309104747,1697,99119925238,0,0,36,2246988648569,0,310,939032503315,1,5241774542332,0,532813047573079,-21,559675666298,-12,802584466298,1,34691415536534,2,15014998014099,0,0,1,36162812895303E-11,0,77525834701654,0,400618045347996,-7,99600275502169,300,003035891863,153,370874169112,93,8197049637523,4,91195906531239,0,0,0,0,0,0,0,0,0,0,0,0,0,0,0,0,0,0,0,0,0,0,0,0,0,0,0,0,0,0,0,0,0,0,0,0,0,0,0,0,0,0,0,0,0,0,0,0,0,0,0,0,0,0,0,0,0,0,0,0,0,0,0,0,0,0,0,0,0,0,0,0,0,0,0,0,0,0,0,0,0,0,0,0,0,0,0,0,0,0,0,0,0,0,0,0,0,36,2246988648569,0,0,0,0,0,0,0,0,0,0,0,0,0,0,783,15,19,825802057936,11,7158034248702,85,5922286964221,0,5,131625519335,0,711225408627534,0,0,0,0,0,0,0,0,0,0,0,0,0010099400802511,0,0,0,0,0,6,16687571662339,2,12940887343084,0,0,43163,325661436,40721,2368907823,0,
520-540C*,0,0122960200460789,813,150024,518,935484361219,958,961502730013,0,14417489332128,360,034937077544,63,0482916959871,98,1949468996247,1,35546909859833,630,928609402064,9,51055116046749,316,978329357343,8,04490554003541,0,0549412877178491,61,4447537835039,443,434260082625,342,230385226115,-16,5803119560535,-7,82322075605346,1,24258659615019,1,80505310037528,0,218000414805171,2046,56512165083,0,0,35,7091217078627,0,302,22484715286,1,53326165194223,0,424264415665397,-25,1420665178117,-16,3849753178117,0,576781427015581,2,27400908576915,0,0,1,37320032233685E-12,0,77525834701654,1,28984887424361,-10,2979245249814,589,866924995739,282,122531078653,164,305874753578,4,80723310488362,0,0,0,0,0,0,0,0,0,0,0,0,0,0,0,0,0,0,0,0,0,0,0,0,0,0,0,0,0,0,0,0,0,0,0,0,0,0,0,0,0,0,0,0,0,0,0,0,0,0,0,0,0,0,0,0,0,0,0,0,0,0,0,0,0,0,0,0,0,0,0,0,0,0,0,0,0,0,0,0,0,0,0,0,0,0,0,0,0,0,0,0,0,0,0,0,0,35,7091217078627,0,0,0,0,0,0,0,0,0,0,0,0,0,0,803,15,29,755568868014,11,5601756865835,85,5509868891353,0,6,88920710333171,1,20986195550035,0,0,0,0,0,0,0,0,0,0,0,0,0017180039768105,0,0,0,0,0,8,04490554003541,3,62232669476804,0,0,42955,1743076875,40548,1732521661,0,
540-560C*,0,0109571017634124,833,150024,539,942486331525,970,296153742768,0,111767377948919,361,266211816157,63,8630207820969,100,2,31027457526194,731,63960990121,9,85284429498793,309,207234709794,9,93833101786401,0,085550335002952,60,7301310192433,444,314445340833,344,684049296455,-19,9056326638789,-11,1485414638789,0,558349758719061,0,0,322010520505595,2426,06512607428,0,0,35,578629459184,0,294,128536614242,1,54328335581906,0,332375844060061,-28,7244573693255,-19,9673661693255,0,00134789902339191,2,40167731870785,0,0,1,17550415132813E-13,0,77525834701654,2,17907970313923,-12,0259441907337,1251,27803976786,556,052198471867,306,676128312412,4,70250714445484,0,0,0,0,0,0,0,0,0,0,0,0,0,0,0,0,0,0,0,0,0,0,0,0,0,0,0,0,0,0,0,0,0,0,0,0,0,0,0,0,0,0,0,0,0,0,0,0,0,0,0,0,0,0,0,0,0,0,0,0,0,0,0,0,0,0,0,0,0,0,0,0,0,0,0,0,0,0,0,0,0,0,0,0,0,0,0,0,0,0,0,0,0,0,0,0,0,35,578629459184,0,0,0,0,0,0,0,0,0,0,0,0,0,0,823,15,46,713864546559,11,3914708052742,85,5090646668796,0,8,72347922952847,1,70849850237316,0,0,0,0,0,0,0,0,0,0,0,0,00242606787336989,0,0,0,0,0,9,93833101786401,5,11524451610525,0,0,42739,465860589,40369,1571006071,0,
560-580C*,0,00918975527689242,853,150024,561,081050056,982,011741297068,0,0925452672763653,362,505219665553,64,1794566013899,100,3,26508005192554,843,323225379905,10,2248996099369,301,633452324135,11,8815493176217,0,116159382288055,59,8842363116942,444,792138347168,346,855217725659,-23,2309533717044,-14,4738621717044,0,0,0,426020626206019,2829,88243769138,0,0,35,8205433986101,0,286,399443625261,1,55414553963325,0,255721789618722,-32,3068482208392,-23,5497570208392,0,00128283307676964,2,53247928246582,0,0,8,38721298380265E-15,0,77525834701654,3,06831053203484,-12,0261399723869,2888,16696832503,1183,75951299282,614,755604763844,4,59778118402607,0,0,0,0,0,0,0,0,0,0,0,0,0,0,0,0,0,0,0,0,0,0,0,0,0,0,0,0,0,0,0,0,0,0,0,0,0,0,0,0,0,0,0,0,0,0,0,0,0,0,0,0,0,0,0,0,0,0,0,0,0,0,0,0,0,0,0,0,0,0,0,0,0,0,0,0,0,0,0,0,0,0,0,0,0,0,0,0,0,0,0,0,0,0,0,0,0,35,8205433986101,0,0,0,0,0,0,0,0,0,0,0,0,0,0,843,15,77,191589037649,11,2108689698067,85,4665642119499,0,10,6573493296278,2,20713504924598,0,0,0,0,0,0,0,0,0,0,0,0,00313413176992929,0,0,0,0,0,11,8815493176217,6,60816233744246,0,0,42519,7939616434,40187,1296673642,0,
580-600C*,0,00784121143474857,873,150024,583,192002839116,993,900679428858,0,0757531322873476,363,749442995623,64,4958924206829,100,4,21988552858914,966,624608761527,10,6174768318888,294,256982200366,13,7471825712441,0,146768429573158,58,9816410150302,444,901129982781,348,912888585646,-26,5562740795299,-17,7991828795299,0,0,11,823893830339,3251,4082816708,0,0,35,5041075793171,0,279,037568185918,1,56572628665569,0,192816811107984,-35,8892390723529,-27,1321478723529,0,00121776713014737,2,66573958055183,0,0,4,8841076376234E-16,43,3562405651868,3,95754136093046,-12,0263357541281,7321,35160180892,2745,84008834025,1334,55798544624,4,49305522359729,0,0,0,0,0,0,0,0,0,0,0,0,0,0,0,0,0,0,0,0,0,0,0,0,0,0,0,0,0,0,0,0,0,0,0,0,0,0,0,0,0,0,0,0,0,0,0,0,0,0,0,0,0,0,0,0,0,0,0,0,0,0,0,0,0,0,0,0,0,0,0,0,0,0,0,0,0,0,0,0,0,0,0,0,0,0,0,0,0,0,0,0,0,0,0,0,0,35,5041075793171,0,0,0,0,0,0,0,0,0,0,0,0,0,0,863,15,135,183070386003,11,0195503690452,85,4235877066409,0,12,5532997733472,2,50679935979205,0,0,0,0,0,0,0,0,0,0,0,0,00355965509090471,0,0,0,0,0,13,7471825712441,7,5053572832174,0,0,42299,5731166488,40004,8682483291,0,
600-625C*,0,00848214171689615,898,150024,610,334593043067,1007,22447408754,0,0597665607339296,365,152293626668,65,1672474074824,100,5,2940416898357,1120,0043382176,11,0324212353669,286,194303124165,15,7017367875534,0,181203607768899,57,9817301527679,444,642476882759,351,175042580678,-30,2972598758335,-21,5401686758335,0,0,25,0095182131526,3738,56338710613,0,0,34,8327525925176,0,272,80506114631,1,57942345558408,0,131198149590695,-39,9194287803059,-31,1623375803059,0,00114456794019732,2,81775494587041,0,0,1,01130060428898E-17,92,6285199890694,4,95792604343802,-12,0265560086923,23616,283729029,7933,61862003499,3550,90455302317,4,37523851811492,0,0,0,0,0,0,0,0,0,0,0,0,0,0,0,0,0,0,0,0,0,0,0,0,0,0,0,0,0,0,0,0,0,0,0,0,0,0,0,0,0,0,0,0,0,0,0,0,0,0,0,0,0,0,0,0,0,0,0,0,0,0,0,0,0,0,0,0,0,0,0,0,0,0,0,0,0,0,0,0,0,0,0,0,0,0,0,0,0,0,0,0,0,0,0,0,0,34,8327525925176,0,0,0,0,0,0,0,0,0,0,0,0,0,0,885,65,274,738770178908,10,7929765331124,85,3747973381309,0,14,5729992616581,4,09230423042829,0,0,0,0,0,0,0,0,0,0,0,0,00581107200720817,0,0,0,0,0,15,7017367875534,12,2523588659023,0,0,42055,167642305,39802,7689044833,0,
625-650C*,0,00719104325310145,923,150024,644,851717870957,1021,61838090507,0,0456106986076032,366,710661213581,65,335761280065,100,5,891420457253,1309,73731296896,11,5192149072479,277,528656206019,17,0944972808341,0,219464916875277,56,9891671915802,443,902909838266,353,687736759828,-34,4539107606154,-25,6968195606153,0,0,39,6602119718343,4284,87815667786,0,0,34,6642387199349,0,263,024853103135,1,59515629291377,0,0856871665502868,-44,397417344698,-35,640326144698,0,00106323550691949,2,98813782374247,0,0,1,38605125770891E-19,147,375497126717,5,51586632724914,-12,0268007361166,103219,772804523,30257,9826723564,12226,3895835993,4,30050347998551,0,0,0,0,0,0,0,0,0,0,0,0,0,0,0,0,0,0,0,0,0,0,0,0,0,0,0,0,0,0,0,0,0,0,0,0,0,0,0,0,0,0,0,0,0,0,0,0,0,0,0,0,0,0,0,0,0,0,0,0,0,0,0,0,0,0,0,0,0,0,0,0,0,0,0,0,0,0,0,0,0,0,0,0,0,0,0,0,0,0,0,0,0,0,0,0,0,34,6642387199349,0,0,0,0,0,0,0,0,0,0,0,0,0,0,910,65,675,511018560075,10,5291157875355,85,320207813444,0,16,0294381692633,6,29110853821317,0,0,0,0,0,0,0,0,0,0,0,0,0089333741242627,0,0,0,0,0,17,0944972808341,18,8355789634102,0,0,41792,7525944773,39585,8519239207,0,
650-675C*,0,00611114121525331,948,150024,685,791302704951,1035,18845639258,0,035251673486802,368,250988503612,65,5684688187029,100,7,41544075812555,1521,05610669934,11,9621084329101,268,820132921209,18,154870132346,0,257726225981656,56,2206527989664,442,743732994451,356,222258916168,-38,6105616453972,-29,8534704453972,0,0,54,310905730516,4824,01154704101,0,0,34,4315311812971,0,256,945309672055,1,610992067576,0,0533468754639732,-48,8754059090902,-40,1183147090902,0,00103741220224404,3,15880018781773,0,0,1,17292580372822E-21,202,122474264364,6,93433835250004,-12,0268784378762,554614,113026623,139589,014268245,50293,2113288287,3,92912218646947,0,0,0,0,0,0,0,0,0,0,0,0,0,0,0,0,0,0,0,0,0,0,0,0,0,0,0,0,0,0,0,0,0,0,0,0,0,0,0,0,0,0,0,0,0,0,0,0,0,0,0,0,0,0,0,0,0,0,0,0,0,0,0,0,0,0,0,0,0,0,0,0,0,0,0,0,0,0,0,0,0,0,0,0,0,0,0,0,0,0,0,0,0,0,0,0,0,34,4315311812971,0,0,0,0,0,0,0,0,0,0,0,0,0,0,935,65,1900,40755495247,10,2547337484005,85,2654133119847,0,17,1465034370488,8,48991284599806,0,0,0,0,0,0,0,0,0,0,0,0,0120556762413172,0,0,0,0,0,18,154870132346,25,4187990609182,0,0,41545,1907343376,39381,080160583,0,
675-700C*,0,00512596272580356,973,150024,737,178734224714,1047,23453022696,0,0303983001477776,369,781661140388,65,8297914248109,100,8,87456222732421,1755,24104815534,12,3040865139404,260,43051556664,19,2152429838578,0,295987535088034,55,8461390832928,441,215787687061,358,845518999148,-42,767212530179,-34,010121330179,0,0,68,9615994891977,5327,05079355298,0,0,34,1702085751891,0,251,393753770774,1,62606892841367,0,0313900950857549,-53,3533944734824,-44,5963032734824,0,00103741220224404,3,32696930439109,0,0,5,622719383272E-24,256,869451402012,8,29254165179658,-12,0268784378762,3765627,88433778,799214,930742691,253237,966733254,3,49171378581073,0,0,0,0,0,0,0,0,0,0,0,0,0,0,0,0,0,0,0,0,0,0,0,0,0,0,0,0,0,0,0,0,0,0,0,0,0,0,0,0,0,0,0,0,0,0,0,0,0,0,0,0,0,0,0,0,0,0,0,0,0,0,0,0,0,0,0,0,0,0,0,0,0,0,0,0,0,0,0,0,0,0,0,0,0,0,0,0,0,0,0,0,0,0,0,0,0,34,1702085751891,0,0,0,0,0,0,0,0,0,0,0,0,0,0,960,65,6239,03587128287,9,97149075588747,85,2110913882462,0,18,2698204021167,10,3289884619599,0,0,0,0,0,0,0,0,0,0,0,0,0146671636159831,0,0,0,0,0,19,2152429838578,30,924991455108,0,0,41321,7961535536,39195,7634855553,0,
700-725C*,0,00407086418546229,998,150024,803,652477255894,1057,58468238964,0,0291689995400303,371,310018159695,66,0691548624239,100,10,0680690731537,2013,60605184483,12,5216346340228,252,693123136064,21,0347977133832,0,334248844194413,55,8852349282489,439,365611027999,361,518559192356,-46,9238634149609,-38,1667722149609,0,0,83,6122932478794,5794,52579631986,0,0,33,9308451375761,0,244,93106321869,1,63999004457587,0,017270751293496,-57,8313830378745,-49,0742918378745,0,00103741220224404,3,4925464698751,0,0,1,37064635256234E-26,311,616428539659,9,4040801879161,-12,0268784378762,33322515,8219208,5845690,37135663,1604113,84576837,3,02681800429633,0,0,0,0,0,0,0,0,0,0,0,0,0,0,0,0,0,0,0,0,0,0,0,0,0,0,0,0,0,0,0,0,0,0,0,0,0,0,0,0,0,0,0,0,0,0,0,0,0,0,0,0,0,0,0,0,0,0,0,0,0,0,0,0,0,0,0,0,0,0,0,0,0,0,0,0,0,0,0,0,0,0,0,0,0,0,0,0,0,0,0,0,0,0,0,0,0,33,9308451375761,0,0,0,0,0,0,0,0,0,0,0,0,0,0,985,65,24434,1299821063,9,68223316462564,85,1570403093187,0,20,2100089909762,16,1536988143534,0,0,0,0,0,0,0,0,0,0,0,0,0229382523163818,0,0,0,0,0,21,0347977133832,48,3641742501739,0,0,41123,6420238015,39030,5661999304,0,
725-750C*,0,00315527753839623,1023,150024,882,46101989462,1066,67816541659,0,0281647281500645,372,836780956082,66,295314585015,100,11,2615759189832,2297,39350129943,12,6379764234993,245,761302793258,21,3359886868816,0,372510153300792,56,2046445078917,437,235577770466,363,902663781893,-51,0805142997427,-42,3234230997427,0,0,98,2629870065611,6257,49010984125,0,0,33,704685414985,0,236,895153619594,1,65306393463762,0,00876497241436181,-62,3093716022667,-53,5522804022667,0,00103741220224404,3,65820518801624,0,0,1,48132469721263E-29,366,363405677306,10,5156187240356,-12,0268784378762,397923845,129605,56428731,1009445,13182560,9020008,2,55216547783244,0,0,0,0,0,0,0,0,0,0,0,0,0,0,0,0,0,0,0,0,0,0,0,0,0,0,0,0,0,0,0,0,0,0,0,0,0,0,0,0,0,0,0,0,0,0,0,0,0,0,0,0,0,0,0,0,0,0,0,0,0,0,0,0,0,0,0,0,0,0,0,0,0,0,0,0,0,0,0,0,0,0,0,0,0,0,0,0,0,0,0,0,0,0,0,0,0,33,704685414985,0,0,0,0,0,0,0,0,0,0,0,0,0,0,1010,65,117002,837651205,9,39103688830351,85,1021467717869,0,20,5325341969813,22,6053382169111,0,0,0,0,0,0,0,0,0,0,0,0,0320995802680137,0,0,0,0,0,21,3359886868816,67,6803826214318,0,0,40943,1968013643,38879,3305518251,0,
750-775C*,0,00238835921110864,1048,150024,968,963618599153,1071,72412582281,0,0248227358347072,374,362670924098,66,517026046057,100,12,4550827648127,2607,85376653542,12,7011663056168,241,86075986318,22,3963615383935,0,41077146240717,57,499840853414,434,864093543517,365,81676349108,-55,2371651845245,-46,4800739845245,0,0,112,913680765243,6717,72831291451,0,0,33,482973953943,0,220,754035241903,1,66179652797995,0,00403163637527099,-66,7873601666589,-58,0302689666589,0,00103742837000799,3,82396070716165,0,0,5,94693471596448E-33,421,110382814954,11,6271572601551,-12,0268783892277,6668065212,33412,745675145,129316,145501488,460937,2,09834522983737,0,0,0,0,0,0,0,0,0,0,0,0,0,0,0,0,0,0,0,0,0,0,0,0,0,0,0,0,0,0,0,0,0,0,0,0,0,0,0,0,0,0,0,0,0,0,0,0,0,0,0,0,0,0,0,0,0,0,0,0,0,0,0,0,0,0,0,0,0,0,0,0,0,0,0,0,0,0,0,0,0,0,0,0,0,0,0,0,0,0,0,0,0,0,0,0,0,33,482973953943,0,0,0,0,0,0,0,0,0,0,0,0,0,0,1035,65,704302,391702769,9,10079882273176,85,0461715725195,0,21,6707476156877,26,2938861795355,0,0,0,0,0,0,0,0,0,0,0,0,0373373183749403,0,0,0,0,0,22,3963615383935,78,7238952215291,0,0,40813,4762751645,38767,2720823374,0,
775-800C*,0,00180226788268789,1073,150024,1062,73062264818,1075,87739600205,0,020446720125639,375,888409458295,66,743044699023,100,13,6485896106422,2946,24921773504,12,7646721371449,238,639199678743,23,4567343899053,0,449032771513549,58,9564099818588,432,285821973532,367,310348815034,-59,3938160693064,-50,6367248693064,0,0,127,564374523924,7177,024984337,0,0,33,256955300977,0,202,731565170018,1,66973790214242,0,00164243855078759,-71,265348731051,-62,508257531051,0,00103744897693867,3,98982827565848,0,0,7,03082695798661E-37,475,857359952601,12,7386957962747,-12,0268783272219,163831245407,683,14055330961,4505,2242601787,76469,1,67138807696323,0,0,0,0,0,0,0,0,0,0,0,0,0,0,0,0,0,0,0,0,0,0,0,0,0,0,0,0,0,0,0,0,0,0,0,0,0,0,0,0,0,0,0,0,0,0,0,0,0,0,0,0,0,0,0,0,0,0,0,0,0,0,0,0,0,0,0,0,0,0,0,0,0,0,0,0,0,0,0,0,0,0,0,0,0,0,0,0,0,0,0,0,0,0,0,0,0,33,256955300977,0,0,0,0,0,0,0,0,0,0,0,0,0,0,1060,65,5498412,38682204,8,81441586372111,84,9888755083853,0,22,812830695466,35,6288118461273,0,0,0,0,0,0,0,0,0,0,0,0,0505929128215008,0,0,0,0,0,23,4567343899053,100,0,0,40695,1447387393,38664,026450574,0,
800-825C*,0,00134748348288979,1098,150024,1163,02749648969,1080,03066618129,0,0156086225515082,377,41471795322,66,9821259973859,100,14,8420964564717,3313,94999362437,12,8284954978306,235,417639494306,24,5171072414172,0,487294080619928,60,3504806919779,429,531931791022,368,445925319014,-63,5504669540882,-54,7933757540882,0,0,142,215068282606,7637,1647029061,0,0,33,0178740026141,0,184,709095098133,1,67793835028539,0,000574596400007855,-75,7433372954432,-66,9862460954432,0,00103746958386935,4,15582314185389,0,0,1,79365614365673E-41,530,604337090249,13,8502343323942,-12,0268782652161,6199709549976,84,395750041963,524,50425666599,7674,1,28047496617457,0,0,0,0,0,0,0,0,0,0,0,0,0,0,0,0,0,0,0,0,0,0,0,0,0,0,0,0,0,0,0,0,0,0,0,0,0,0,0,0,0,0,0,0,0,0,0,0,0,0,0,0,0,0,0,0,0,0,0,0,0,0,0,0,0,0,0,0,0,0,0,0,0,0,0,0,0,0,0,0,0,0,0,0,0,0,0,0,0,0,0,0,0,0,0,0,0,33,0178740026141,0,0,0,0,0,0,0,0,0,0,0,0,0,0,1085,65,57660122,1603875,8,53478490708227,84,9300193762534,0,23,9583138050148,52,0966865904222,0,0,0,0,0,0,0,0,0,0,0,0,0739772949583996,0,0,0,0,0,24,5171072414172,100,0,0,40577,2955944105,38561,2079685904,0,
825-850C*,0,000998842987306258,1123,150024,1268,78511291929,1087,9465412122,0,0107050158698724,378,942317803423,67,2430253946187,100,16,0356033023012,3712,05425317975,12,8926379753198,229,156685575274,25,5774800929291,0,525555389726306,60,7442159481837,426,630353116244,369,289659426402,-67,70711783887,-58,95002663887,0,0,156,865762041288,8099,93204741915,0,0,32,7569746053813,0,175,777636828937,1,69112788248108,0,000165471002621804,-80,2213258598353,-71,4642346598353,0,00103749019080003,4,32196055409501,0,0,6,44754093073519E-47,585,351314227896,14,9617728685137,-12,0268782032103,381846188275515,17529645580405,5,1737333680848,12,0,938237539085477,0,0,0,0,0,0,0,0,0,0,0,0,0,0,0,0,0,0,0,0,0,0,0,0,0,0,0,0,0,0,0,0,0,0,0,0,0,0,0,0,0,0,0,0,0,0,0,0,0,0,0,0,0,0,0,0,0,0,0,0,0,0,0,0,0,0,0,0,0,0,0,0,0,0,0,0,0,0,0,0,0,0,0,0,0,0,0,0,0,0,0,0,0,0,0,0,0,32,7569746053813,0,0,0,0,0,0,0,0,0,0,0,0,0,0,1110,65,844901507,07583,8,26480284862595,84,8693639729926,0,25,1067662883228,68,5645613347171,0,0,0,0,0,0,0,0,0,0,0,0,0973616770952983,0,0,0,0,0,25,5774800929291,100,0,0,40415,596246217,38424,9700369908,0,
850-875C*,0,00073609011878658,1148,150024,1376,09063270305,1088,33720653978,0,00613247283828914,380,471930403454,67,5344983441944,100,17,2291101481307,4141,77144589001,12,9571011651964,228,974519125432,26,637852944441,0,563816698832685,62,9649533167653,423,606034728143,369,892644083009,-71,8637687236519,-63,1066775236519,0,0,171,51645579997,8567,11159667353,0,0,32,4655016558056,0,149,944366051663,1,69511702916494,3,69554422823505E-05,-84,6993144242275,-75,9422232242275,0,00103751079773071,4,48825576072898,0,0,1,79175042785312E-53,640,098291365543,16,0733114046332,-12,0268781412045,4,07180348623363E+16,1,29447017498105E+15,96904476908306,4,0,657307437310029,0,0,0,0,0,0,0,0,0,0,0,0,0,0,0,0,0,0,0,0,0,0,0,0,0,0,0,0,0,0,0,0,0,0,0,0,0,0,0,0,0,0,0,0,0,0,0,0,0,0,0,0,0,0,0,0,0,0,0,0,0,0,0,0,0,0,0,0,0,0,0,0,0,0,0,0,0,0,0,0,0,0,0,0,0,0,0,0,0,0,0,0,0,0,0,0,0,32,4655016558056,0,0,0,0,0,0,0,0,0,0,0,0,0,0,1135,65,18082533420,9977,8,00736658416286,84,8066700954717,0,26,2577922202489,80,0359629515754,0,0,0,0,0,0,0,0,0,0,0,0,113651067391237,0,0,0,0,0,26,637852944441,100,0,0,40343,0111735567,38356,820947198,0,
875-900C*,0,000537273401247175,1173,150024,1490,48241424299,1092,49047671902,0,00447204396464013,381,999553894433,67,7923075989672,100,18,4226169939602,4604,31102124397,13,0218866710223,225,752958940996,27,6982257959528,0,602078007939063,64,1916451912842,420,481196278073,370,34438509651,-76,0204196084337,-67,2633284084337,0,1,4210854715202E-14,186,167149558651,9030,24897373012,0,0,32,2076924010328,0,130,641684882478,1,70409677349211,5,86907319842559E-06,-89,1773029886197,-80,4202117886197,0,00103753140466139,4,65433033659771,0,0,1,60737721426156E-61,694,845268503191,17,1848499407527,-12,0268780791987,8,05561176856884E+18,1,70052835264096E+17,9,306702032106E+15,0,486151066374302,0,0,0,0,0,0,0,0,0,0,0,0,0,0,0,0,0,0,0,0,0,0,0,0,0,0,0,0,0,0,0,0,0,0,0,0,0,0,0,0,0,0,0,0,0,0,0,0,0,0,0,0,0,0,0,0,0,0,0,0,0,0,0,0,0,0,0,0,0,0,0,0,0,0,0,0,0,0,0,0,0,0,0,0,0,0,0,0,0,0,0,0,0,0,0,0,0,32,2076924010328,0,0,0,0,0,0,0,0,0,0,0,0,0,0,1160,65,594009785500,836,7,73502668696967,84,7467603327153,0,27,411026754103,100,0,0,0,0,0,0,0,0,0,0,0,0,151846416234128,0,0,0,0,0,27,6982257959528,100,0,0,40226,7198635118,38255,3893694793,0,
900-925C*,0,00135150003941245,1198,150024,1610,86786306011,1096,64374689826,0,00315714789393104,383,526720371682,68,0428280886059,100,19,6161238397897,5100,88242873044,13,0869961043775,222,531398756559,28,7585986474647,0,640339317045442,65,3684634428542,417,275571158095,370,67525047729,-80,1770704932156,-71,4199792932156,0,0,200,817843317333,9492,41650792446,0,0,31,9571719113941,0,112,619214810593,1,71333856666993,5,81303849427331E-07,-93,6552915530118,-84,8982003530118,0,00103755201159207,4,82036258049518,0,0,1,24163910207317E-71,749,592245640838,18,2963884768722,-12,0268780171929,3,19448531278227E+21,4,27363642687419E+19,1,64884979928124E+18,0,348394875263793,0,0,0,0,0,0,0,0,0,0,0,0,0,0,0,0,0,0,0,0,0,0,0,0,0,0,0,0,0,0,0,0,0,0,0,0,0,0,0,0,0,0,0,0,0,0,0,0,0,0,0,0,0,0,0,0,0,0,0,0,0,0,0,0,0,0,0,0,0,0,0,0,0,0,0,0,0,0,0,0,0,0,0,0,0,0,0,0,0,0,0,0,0,0,0,0,0,31,9571719113941,0,0,0,0,0,0,0,0,0,0,0,0,0,0,1185,65,31662607674939,7,45958630172762,84,6873907910472,0,28,5661329607044,100,0,0,0,0,0,0,0,0,0,0,0,0,205371325187558,0,0,0,0,0,28,7585986474647,100,0,0,40110,9708987305,38154,4421538309,0,
925-950C*,0,000186575045494466,1223,150024,1736,86592150434,1100,7970170775,0,00184225182322196,385,053886848931,68,2933485782445,100,20,8096306856192,5632,69511783824,13,1524310848993,219,309838572122,29,8189714989766,0,678600626151821,66,4980265441338,414,00663712532,370,914595057185,-84,3337213779974,-75,5766301779974,0,0,215,468537076015,9954,58404211881,0,0,31,7066514217555,0,94,5967447387078,1,72284428870904,0,-98,133280117404,-89,376188917404,0,00103757261852274,4,98639482439266,0,0,1,01179546585337E-84,804,339222778486,19,4079270129918,-12,0268779551871,2,76823681936256E+24,2,22837681442619E+22,5,82057668792107E+20,0,216052321479945,0,0,0,0,0,0,0,0,0,0,0,0,0,0,0,0,0,0,0,0,0,0,0,0,0,0,0,0,0,0,0,0,0,0,0,0,0,0,0,0,0,0,0,0,0,0,0,0,0,0,0,0,0,0,0,0,0,0,0,0,0,0,0,0,0,0,0,0,0,0,0,0,0,0,0,0,0,0,0,0,0,0,0,0,0,0,0,0,0,0,0,0,0,0,0,0,0,31,7066514217555,0,0,0,0,0,0,0,0,0,0,0,0,0,0,1210,65,2,9141323896823E+15,7,18414591648556,84,6280212493791,0,29,7227990783655,100,0,0,0,0,0,0,0,0,0,0,0,0,241492763675409,0,0,0,0,0,29,8189714989766,100,0,0,39995,7443656363,38053,9604155641,0,
950-975C*,3,04245535592425E-06,1248,150024,1868,50836343094,1104,95028725674,0,000527355752512879,386,581053326181,68,5438690678832,100,22,0031375314487,6200,9585380562,13,2181932403238,216,088278387685,30,8793443504885,0,716861935258199,67,5827748093588,410,689832872001,371,086391928905,-88,4903722627792,-79,7332810627792,0,0,230,119230834696,10416,7515763132,0,0,31,4561309321168,0,76,5742746668226,1,73261623632488,0,,-93,8541774817961,0,00103759322545342,5,15242706829013,0,0,2,50092970122616E-102,859,086199916133,20,5194655491113,-12,0268778931812,2,70679506288971E+27,2,19204034484017E+25,4,46189288698721E+23,0,0682842058236448,0,0,0,0,0,0,0,0,0,0,0,0,0,0,0,0,0,0,0,0,0,0,0,0,0,0,0,0,0,0,0,0,0,0,0,0,0,0,0,0,0,0,0,0,0,0,0,0,0,0,0,0,0,0,0,0,0,0,0,0,0,0,0,0,0,0,0,0,0,0,0,0,0,0,0,0,0,0,0,0,0,0,0,0,0,0,0,0,0,0,0,0,0,0,0,0,0,31,4561309321168,0,0,0,0,0,0,0,0,0,0,0,0,0,0,1235,65,4,96390831617769E+17,6,9087055312435,84,568651707711,0,30,880736108709,100,0,0,0,0,0,0,0,0,0,0,0,0,303742407269657,0,0,0,0,0,30,8793443504885,100,0,0,39881,0376111937,37953,9416743072,0,
975-1000C*,0,1273,150024,2005,87104911163,1109,10355743598,0,388,10821980343,68,7943895575218,100,23,1966443772783,6767,56494540707,13,2842842065255,212,866718203248,31,9397172020003,0,755123244364578,,,371,208816694681,-92,6470231475611,,0,0,244,769924593378,10878,9191105075,,,31,2056104424782,0,58,5518045949376,,,-107,089257246188,,0,0010376138323841,5,31845931218761,0,,,913,83317705378,21,6310040852308,,,,,0,0,0,0,0,0,0,0,0,0,0,0,0,0,0,0,0,0,0,0,0,0,0,0,0,0,0,0,0,0,0,0,0,0,0,0,0,0,0,0,0,0,0,0,0,0,0,0,0,0,0,0,0,0,0,0,0,0,0,0,0,0,0,0,0,0,0,0,0,0,0,0,0,0,0,0,0,0,0,0,0,0,0,0,0,0,0,0,0,0,0,0,0,0,0,0,0,0,,0,,0,0,0,0,0,0,0,0,0,0,0,0,1260,65,,6,63326514600144,84,5092821660429,,,100,,,,,,,,,,,,0,365946052047849,,,,,,31,9397172020003,100,,,39766,8479375048,,,
1000-1050C*,0,1323,150024,2222,90292359742,1115,33346270485,0,390,398969519304,69,1701702919798,100,45,995934603377,7572,84810573803,13,3507056275581,208,034377926593,33,5302764792681,0,812515208024146,,,371,328615923996,-98,8819994747338,,0,0,266,745965231401,11572,170411799,,,30,8298297080202,0,31,5180994871099,,,-113,806240092777,,0,00103764474278012,5,56750767803382,0,,,995,953642760252,42,8084854381289,,,,,0,0,0,0,0,0,0,0,0,0,0,0,0,0,0,0,0,0,0,0,0,0,0,0,0,0,0,0,0,0,0,0,0,0,0,0,0,0,0,0,0,0,0,0,0,0,0,0,0,0,0,0,0,0,0,0,0,0,0,0,0,0,0,0,0,0,0,0,0,0,0,0,0,0,0,0,0,0,0,0,0,0,0,0,0,0,0,0,0,0,0,0,0,0,0,0,0,0,,0,,0,0,0,0,0,0,0,0,0,0,0,0,1298,15,,6,22010456813835,84,4202278535408,,,100,,,,,,,,,,,,0,446233415477994,,,,,,33,5302764792681,100,,,39596,526950458,,,
1050-1100C*,0,1373,150024,2533,65961968438,1123,64000306333,0,393,453302473802,69,6712112712571,100,53,7374602635709,8646,55898617932,13,4174591556959,201,591257557719,35,6510221822919,0,889037826236903,,,371,415003535747,-107,195301244297,,0,0,296,047352748764,12496,5054801877,,,30,3287887287429,0,0,,,-122,762217221561,,0,00103768595664148,5,89957216582878,0,,,1105,44759703555,50,0040651907327,,,,,0,0,0,0,0,0,0,0,0,0,0,0,0,0,0,0,0,0,0,0,0,0,0,0,0,0,0,0,0,0,0,0,0,0,0,0,0,0,0,0,0,0,0,0,0,0,0,0,0,0,0,0,0,0,0,0,0,0,0,0,0,0,0,0,0,0,0,0,0,0,0,0,0,0,0,0,0,0,0,0,0,0,0,0,0,0,0,0,0,0,0,0,0,0,0,0,0,0,,0,,0,0,0,0,0,0,0,0,0,0,0,0,1348,15,,5,66922379765423,84,3014887702046,,,100,,,,,,,,,,,,0,553283233384854,,,,,,35,6510221822919,100,,,39371,2162038837,,,
1100-1150C*,0,1423,150024,2870,39348637046,1131,94654342181,0,396,507635428301,70,1722522505344,100,62,0656715560709,9720,2698666206,13,4845464514743,195,148137188846,37,7717678853156,0,96556044444966,,,371,456316201671,-115,508603013861,,0,1,4210854715202E-14,325,348740266127,13420,8405485764,,,29,8277477494656,0,0,,,-131,718194350345,,0,00103772717050284,6,23163665362373,0,,,1214,94155131084,57,7444744060992,,,,,0,0,0,0,0,0,0,0,0,0,0,0,0,0,0,0,0,0,0,0,0,0,0,0,0,0,0,0,0,0,0,0,0,0,0,0,0,0,0,0,0,0,0,0,0,0,0,0,0,0,0,0,0,0,0,0,0,0,0,0,0,0,0,0,0,0,0,0,0,0,0,0,0,0,0,0,0,0,0,0,0,0,0,0,0,0,0,0,0,0,0,0,0,0,0,0,0,0,,0,,0,0,0,0,0,0,0,0,0,0,0,0,1398,15,,5,11834302717011,84,1827496868684,,,100,,,,,,,,,,,,0,660333051291714,,,,,,37,7717678853156,100,,,39147,9233173989,,,
1150+C*,0,1623,150024,3839,78628189249,1152,71289431802,0,404,143467814548,71,4248546987276,100,85,4529494286601,12404,5470677238,13,5519691837317,179,040336266661,43,073632142875,1,15686698998155,,,371,48643499464,-136,29185743777,,0,0,398,602209059536,15731,6782195481,,,28,5751453012724,0,0,,,-154,108137172306,,0,00103783020515624,7,06179787311111,0,,,1488,67643699908,79,4791263441025,,,,,0,0,0,0,0,0,0,0,0,0,0,0,0,0,0,0,0,0,0,0,0,0,0,0,0,0,0,0,0,0,0,0,0,0,0,0,0,0,0,0,0,0,0,0,0,0,0,0,0,0,0,0,0,0,0,0,0,0,0,0,0,0,0,0,0,0,0,0,0,0,0,0,0,0,0,0,0,0,0,0,0,0,0,0,0,0,0,0,0,0,0,0,0,0,0,0,0,0,,0,,0,0,0,0,0,0,0,0,0,0,0,0,1523,15,,3,74114110095982,83,885901978528,,,100,,,,,,,,,,,,0,927957596058865,,,,,,43,073632142875,100,,,38598,366066986,,,
