Name,Big Hill, Sweet-2010
Created,26/03/2026 09:50:11
Cpt,Composition,Boiling Temperature,Molecular Weight,Standard Liquid Density,Acidity,Aniline Point,Assay - Aromatics Vol Pct,Assay - Aromatics Wt Pct,Asphaltene Content,Basic Nitrogen Content,C to H Ratio,Cloud Point,Conradson Carbon Content,Copper Content,Cetane Number,Flash Point,Freeze Point,MON (Clear),MON (Leaded),Assay - Naphthenes Vol Pct,Assay - Naphthenes Wt Pct,Nickel Content,Nitrogen Content,Assay - Olefins Vol Pct,Assay - Olefins Wt Pct,Assay - Paraffins Vol Pct,Assay - Paraffins Wt Pct,Pour Point,Refractive Index,Reid Vapour Pressure,RON (Clear),RON (Leaded),Smoke Point,Sulfur Content,Mercaptan Sulfur Content,Sodium Content,True Vapour Pressure,Vanadium Content,Iron Content,Luminometer Number,Viscosity @ 38C,Viscosity @ 50C,Viscosity @ 60C,Wax Content,Pi C6 22DMB Wt Pct,Pi C6 22DMB Vol Pct,Pi C6 23DMB Wt Pct,Pi C6 23DMB Vol Pct,Pi C6 2MP Wt Pct,Pi C6 2MP Vol Pct,Pi C6 3MP Wt Pct,Pi C6 3MP Vol Pct,Pi C7 22-mPentane Wt Pct,Pi C7 22-mPentane Vol Pct,Pi C7 24-mPentane Wt Pct,Pi C7 24-mPentane Vol Pct,Pi C7 223-mButane Wt Pct,Pi C7 223-mButane Vol Pct,Pi C7 33-mPentane Wt Pct,Pi C7 33-mPentane Vol Pct,Pi C7 23-mPentane Wt Pct,Pi C7 23-mPentane Vol Pct,Pi C7 2-mHexane Wt Pct,Pi C7 2-mHexane Vol Pct,Pi C7 3-mHexane Wt Pct,Pi C7 3-mHexane Vol Pct,Pi C7 3-ePentane Wt Pct,Pi C7 3-ePentane Vol Pct,Pi C6 Wt Pct,Pi C6 Vol Pct,Pi C7 Wt Pct,Pi C7 Vol Pct,Pi C8 Wt Pct,Pi C8 Vol Pct,Pi C9 Wt Pct,Pi C9 Vol Pct,Pi C10  Wt Pct,Pi C10  Vol Pct,Pi C11  Wt Pct,Pi C11  Vol Pct,Pn C6 Hexane Wt Pct,Pn C6 Hexane Vol Pct,Pn C7 Heptane Wt Pct,Pn C7 Heptane Vol Pct,Pn C8 Octane Wt Pct,Pn C8 Octane Vol Pct,Pn C9 Nonane Wt Pct,Pn C9 Nonane Vol Pct,Pn C10 Decane Wt Pct,Pn C10 Decane Vol Pct,Pn C11 n-C11 Wt Pct,Pn C11 n-C11 Vol Pct,On C6 Wt Pct,On C6 Vol Pct,On C7 Wt Pct,On C7 Vol Pct,On C8 Wt Pct,On C8 Vol Pct,On C9 Wt Pct,On C9 Vol Pct,On C10 Wt Pct,On C10 Vol Pct,On C11 Wt Pct,On C11 Vol Pct,A C6 Benzene Wt Pct,A C6 Benzene Vol Pct,A C7 Toluene Wt Pct,A C7 Toluene Vol Pct,A C8 m-Xylene Wt Pct,A C8 m-Xylene Vol Pct,A C8 o-Xylene Wt Pct,A C8 o-Xylene Vol Pct,A C8 p-Xylene Wt Pct,A C8 p-Xylene Vol Pct,A C8 EthBenz Wt Pct,A C8 EthBenz Vol Pct,N C6 cyc-C5 Wt Pct,N C6 cyc-C5 Vol Pct,N C6 cyc-C6 Wt Pct,N C6 cyc-C6 Vol Pct,A C8 Wt Pct,A C8 Vol Pct,A C9 Wt Pct,A C9 Vol Pct,A C10 Wt Pct,A C10 Vol Pct,A C11 Wt Pct,A C11 Vol Pct,N C6 Wt Pct,N C6 Vol Pct,N C7 Wt Pct,N C7 Vol Pct,N C8 Wt Pct,N C8 Vol Pct,N C9 Wt Pct,N C9 Vol Pct,N C10 Wt Pct,N C10 Vol Pct,N C11 Wt Pct,N C11 Vol Pct,Pi Wt Pct,Pi Vol Pct,Pn Wt Pct,Pn Vol Pct,Oi C6 Wt Pct,Oi C6 Vol Pct,Oi C7 Wt Pct,Oi C7 Vol Pct,Oi C8 Wt Pct,Oi C8 Vol Pct,Oi C9 Wt Pct,Oi C9 Vol Pct,Oi C10 Wt Pct,Oi C10 Vol Pct,Oi C11 Wt Pct,Oi C11 Vol Pct,Centroid Boiling Temperature,Viscosity @ 100C,Hydrogen,CarbonByWt,PValue,RamsCarbonResidueByWt,SulfideByWt,ZincByWt,TinByWt,ChromiumByWt,LeadByWt,AluminiumByWt,MagnesiumByWt,MetalByWt,ArsenicByWt,CadmiumByWt,MercuryByWt,NaClByWt,SaltByWt,MudByWt,ChloridesByWt,MolybdenumByWt,AshByWt,GumByWt,MicroCarbonResidueByWt,nC5InsolublesByWt,NaphthenicAcidByWt,NaphthenicAcidByVol,Gross Heating Value,Net Heating Value,Oxygen Content,
Hydrogen,0,20,5548,2,016000032,69,85910034,0,,0,0,0,0,0,13,9,0,0,,,13,9,10,,0,0,0,0,0,0,0,0,13,9,,,130,,,0,0,0,,0,0,,,,,0,,,,,,,,,,,,,,,,,,,,,,,,,,,,,,,,,,,,,,,,,,,,,,,,,,,,,,,,,,,,,,,,,,,,,,,,,,,,,,,,,,,,,,,,,,,,,,,,,0,0,0,0,,,,,,,,,,,,,,,100,0,,,,,,,,,,,,,,,,,,,,,0,,,,,,,
Nitrogen,0,77,3498,28,0135,806,3740234,0,,0,0,0,0,0,63,1,0,0,,,63,1,,,0,0,0,0,0,0,0,0,63,1,,,,,,0,0,0,,0,0,,,,,0,,,,,,,,,,,,,,,,,,,,,,,,,,,,,,,,,,,,,,,,,,,,,,,,,,,,,,,,,,,,,,,,,,,,,,,,,,,,,,,,,,,,,,,,,,,,,,,,,0,0,0,0,,,,,,,,,,,,,,,0,0,,,,,,,,,,,,,,,,,,,,,0,,,,,,,
CO,0,81,6996,28,0109005,799,3880005,0,,0,0,0,0,0,68,2,0,0,,,68,2,,,0,0,0,0,0,0,0,0,68,2,,,120,,,0,0,0,,0,0,,,,,0,,,,,,,,,,,,,,,,,,,,,,,,,,,,,,,,,,,,,,,,,,,,,,,,,,,,,,,,,,,,,,,,,,,,,,,,,,,,,,,,,,,,,,,,,,,,,,,,,0,0,0,0,,,,,,,,,,,,,,,0,0,,,,,,,,,,,,,,,,,,,,,0,,,,,,,
Oxygen,0,90,1996,32,1137,680054,0,,0,0,0,0,0,54,4,0,0,,,54,4,,,0,0,0,0,0,0,0,0,54,4,,,120,,,0,0,0,,0,0,,,,,0,,,,,,,,,,,,,,,,,,,,,,,,,,,,,,,,,,,,,,,,,,,,,,,,,,,,,,,,,,,,,,,,,,,,,,,,,,,,,,,,,,,,,,,,,,,,,,,,,0,0,0,0,,,,,,,,,,,,,,,0,0,,,,,,,,,,,,,,,,,,,,,0,,,,,,,
Methane,2,72844706533292E-05,111,625,16,04290009,299,3940125,0,,0,0,0,0,3,90,4,0,0,,85,15,90,4,,,0,0,0,0,0,0,100,100,90,4,,,120,,,0,0,0,,0,0,,,,,0,,,,,,,,,,,,,,,,,,,,,,,,,,,,,,,,,,,,,,,,,,,,,,,,,,,,,,,,,,,,,,,,,,,,,,,,,,,,,,,,,,,,,,,,,,,,,,,,,0,0,100,100,,,,,,,,,,,,,,,25,13516209,75,,,,,,,,,,,,,,,,,,,,,0,,,,,,,
Ethylene,0,169,399,28,05380058,383,2260132,0,,0,0,0,0,6,104,0,0,,137,15,104,75,6,,0,0,0,0,100,100,0,0,104,,,100,51,,,0,0,0,,0,0,,,,,0,,,,,,,,,,,,,,,,,,,,,,,,,,,,,,,,,,,,,,,,,,,,,,,,,,,,,,,,,,,,,,,,,,,,,,,,,,,,,,,,,,,,,,,,,,,,,,,,,0,0,0,0,,,,,,,,,,,,,,,14,34761566,85,71428571,,,,,,,,,,,,,,,,,,,,,0,,,,,,,
Ethane,0,000972248868866952,184,55,30,06990051,355,6830139,0,,0,0,0,0,4,90,4,0,0,,138,15,90,4,100,79,,0,0,0,0,0,0,100,100,90,4,,,111,38,,,0,0,0,,0,0,,,,,0,,,,,,,,,,,,,,,,,,,,,,,,,,,,,,,,,,,,,,,,,,,,,,,,,,,,,,,,,,,,,,,,,,,,,,,,,,,,,,,,,,,,,,,,,,,,,,,,,0,0,100,100,,,,,,,,,,,,,,,20,11147323,80,,,,,,,,,,,,,,,,,,,,,0,,,,,,,
CO2,0,194,598,44,00970078,825,335022,0,,0,0,0,0,0,217,0,0,,,217,,,0,0,0,0,0,0,0,0,217,,,,,,0,0,0,,0,0,,,,,0,,,,,,,,,,,,,,,,,,,,,,,,,,,,,,,,,,,,,,,,,,,,,,,,,,,,,,,,,,,,,,,,,,,,,,,,,,,,,,,,,,,,,,,,,,,,,,,,,0,0,0,0,,,,,,,,,,,,,,,0,0,,,,,,,,,,,,,,,,,,,,,0,,,,,,,
H2S,0,213,498,34,07600021,788,40802,0,,0,0,0,0,0,188,0,0,,,188,,,0,0,0,0,0,0,0,0,188,,2759,,,,94,1177,0,0,,0,0,,,,,0,,,,,,,,,,,,,,,,,,,,,,,,,,,,,,,,,,,,,,,,,,,,,,,,,,,,,,,,,,,,,,,,,,,,,,,,,,,,,,,,,,,,,,,,,,,,,,,,,0,0,0,0,,,,,,,,,,,,,,,5,911554252,0,,,,,,,,,,,,,,,,,,,,,0,,,,,,,
Propene,0,225,399,42,08060074,520,9550171,0,,0,0,0,0,6,87,9,0,0,,165,87,9,84,9,,0,0,0,0,100,100,0,0,87,9,,1565,102,54,,,0,0,0,,0,0,,,,,0,,,,,,,,,,,,,,,,,,,,,,,,,,,,,,,,,,,,,,,,,,,,,,,,,,,,,,,,,,,,,,,,,,,,,,,,,,,,,,,,,,,,,,,,,,,,,,,,,0,0,0,0,,,,,,,,,,,,,,,14,36465558,85,71428571,,,,,,,,,,,,,,,,,,,,,0,,,,,,,
Propane,0,00914170955712141,231,048,44,09700012,506,678009,0,,0,0,0,0,4,5,85,5,0,0,,169,15,85,5,97,1,,0,0,0,0,0,0,100,100,85,5,,1303,112,14,,,0,0,0,,0,0,,,,,0,,,,,,,,,,,,,,,,,,,,,,,,,,,,,,,,,,,,,,,,,,,,,,,,,,,,,,,,,,,,,,,,,,,,,,,,,,,,,,,,,,,,,,,,,,,,,,,,,0,0,100,100,,,,,,,,,,,,,,,18,28426304,81,81818182,,,,,,,,,,,,,,,,,,,,,0,,,,,,,
i-Butane,0,0230570072710163,261,42,58,12400055,561,9660034,0,380,85,0,0,0,0,4,8,114,0,0,,190,15,114,97,6,,0,0,0,0,0,0,100,100,114,,489,6,101,426,,,0,0,0,,0,0,,,,,0,,,,,,,,,,,,,,,,,,,,,,,,,,,,,,,,,,,,,,,,,,,,,,,,,,,,,,,,,,,,,,,,,,,,,,,,,,,,,,,,,,,,,,,,,,,,,,,,,100,100,0,0,,,,,,,,,,,,,,,17,34802065,82,75862069,,,,,,,,,,,,,,,,,,,,,0,,,,,,,
i-Butene,0,266,299,56,10770035,592,7930298,0,286,7055556,0,0,0,0,6,133,0,0,,193,15,133,88,1,,0,0,0,0,100,100,0,0,133,,442,7,105,2096138,,,0,0,0,,0,0,,,,,0,,,,,,,,,,,,,,,,,,,,,,,,,,,,,,,,,,,,,,,,,,,,,,,,,,,,,,,,,,,,,,,,,,,,,,,,,,,,,,,,,,,,,,,,,,,,,,,,,0,0,0,0,,,,,,,,,,,,,,,14,37319073,85,71428571,,,,,,,,,,,,,,,,,,,,,0,,,,,,,
1-Butene,0,266,898,56,10770035,593,7890015,0,,0,0,0,0,6,87,8,0,0,,193,15,87,8,80,8,,0,0,0,0,100,100,0,0,87,8,,432,97,4,,,0,0,0,,0,0,,0,236064836133691,0,219972008704656,0,208210021632581,0,,,,,,,,,,,,,,,,,,,,,,,,,,,,,,,,,,,,,,,,,,,,,,,,,,,,,,,,,,,,,,,,,,,,,,,,,,,,,,,,,,,,,,,,,,,,,,,,,0,0,0,0,,,,,,,,,,,,,,,14,37319073,85,71428571,,,,,,,,,,,,,,,,,,,,,0,,,,,,,
13-Butadiene,0,268,7,54,1,619,7440186,0,,0,0,0,0,8,164,0,0,,197,15,164,73,94513286,,0,0,0,0,100,100,0,0,164,,409,6,102,9723045,,,0,0,0,,0,0,,,,,0,,,,,,,,,,,,,,,,,,,,,,,,,,,,,,,,,,,,,,,,,,,,,,,,,,,,,,,,,,,,,,,,,,,,,,,,,,,,,,,,,,,,,,,,,,,,,,,,,0,0,0,0,,,,,,,,,,,,,,,11,17841035,88,88888889,,,,,,,,,,,,,,,,,,,,,0,,,,,,,
n-Butane,0,0181825386949391,272,648,58,12400055,583,2230225,0,356,35,0,0,0,0,4,8,135,0,0,,213,15,135,89,6,,0,0,0,0,0,0,100,100,135,,358,5,93,8,,,0,0,0,,0,0,,0,241514675581771,0,217701202498228,,0,,,,,,,,,,,,,,,,,,,,,,,,,,,,,,,,,,,,,,,,,,,,,,,,,,,,,,,,,,,,,,,,,,,,,,,,,,,,,,,,,,,,,,,,,,,,,,,,,0,0,100,100,,,,,,,,,,,,,,,17,34802065,82,75862069,,,,,,,,,,,,,,,,,,,,,0,,,,,,,
tr2-Butene,0,274,027,56,1,608,684021,0,,0,0,0,0,6,168,0,0,,201,168,83,84306902,,0,0,0,0,100,100,0,0,168,,343,9,105,0089318,,,0,0,0,,0,0,,,,,0,,,,,,,,,,,,,,,,,,,,,,,,,,,,,,,,,,,,,,,,,,,,,,,,,,,,,,,,,,,,,,,,,,,,,,,,,,,,,,,,,,,,,,,,,,,,,,,,,0,0,0,0,,,,,,,,,,,,,,,14,37319073,85,71428571,,,,,,,,,,,,,,,,,,,,,0,,,,,,,
i-Pentane,0,0204583632094747,301,028,72,15100098,623,4420166,0,343,95,0,0,0,0,5,113,0,0,,217,113,90,3,,0,0,0,0,0,0,100,100,113,,133,8,92,3,,,0,0,0,,0,0,,,,,0,,,,,,,,,,,,,,,,,,,,,,,,,,,,,,,,,,,,,,,,,,,,,,,,,,,,,,,,,,,,,,,,,,,,,,,,,,,,,,,,,,,,,,,,,,,,,,,,,100,100,0,0,,,,,,,,,,,,,,,16,75213296,83,33333333,,,,,,,,,,,,,,,,,,,,,0,,,,,,,
1-Pentene,0,303,096,70,13500214,638,7230225,0,292,25,0,0,0,0,6,108,0,0,,245,108,77,1,,0,0,0,0,100,100,0,0,108,,131,8,90,9,,,0,0,0,,0,0,,,,,0,,,,,,,,,,,,,,,,,,,,,,,,,,,,,,,,,,,,,,,,,,,,,,,,,,,,,,,,,,,,,,,,,,,,,,,,,,,,,,,,,,,,,,,,,,,,,,,,,0,0,0,0,,,,,,,,,,,,,,,14,37831669,85,71428571,,,,,,,,,,,,,,,,,,,,,0,,,,,,,
2M-1-butene,0,304,303,70,1,654,3800049,0,,0,0,0,0,6,136,0,0,,221,136,81,9,,0,0,0,0,100,100,0,0,136,,127,2,102,54,,,0,0,0,,0,0,,,,,0,,,,,,,,,,,,,,,,,,,,,,,,,,,,,,,,,,,,,,,,,,,,,,,,,,,,,,,,,,,,,,,,,,,,,,,,,,,,,,,,,,,,,,,,,,,,,,,,,0,0,0,0,,,,,,,,,,,,,,,14,37831669,85,71428571,,,,,,,,,,,,,,,,,,,,,0,,,,,,,
n-Pentane,0,309,209,72,15100098,629,7290039,0,343,95,0,0,0,0,5,143,0,0,,233,143,61,9,,0,0,0,0,0,0,100,100,143,,101,35,61,7,,,0,0,0,,0,0,,0,317713556013358,0,28795065870348,0,265338970196147,0,,,,,,,,,,,,,,,,,,,,,,,,,,,,,,,,,,,,,,,,,,,,,,,,,,,,,,,,,,,,,,,,,,,,,,,,,,,,,,,,,,,,,,,,,,,,,,,,,0,0,100,100,,,,,,,,,,,,,,,16,75213296,83,33333333,,,,,,,,,,,,,,,,,,,,,0,,,,,,,
cis2-Butene,0,276,867,56,1,625,9530029,0,,0,0,0,0,6,134,0,0,,203,134,83,5,,0,0,0,0,100,100,0,0,134,,314,4,100,,,0,0,0,,0,0,,,,,0,,,,,,,,,,,,,,,,,,,,,,,,,,,,,,,,,,,,,,,,,,,,,,,,,,,,,,,,,,,,,,,,,,,,,,,,,,,,,,,,,,,,,,,,,,,,,,,,,0,0,0,0,,,,,,,,,,,,,,,14,37319073,85,71428571,,,,,,,,,,,,,,,,,,,,,0,,,,,,,
3M-1-butene,0,293,204,70,1,631,2700195,0,,0,0,0,0,6,105,0,0,,217,105,85,26729455,,0,0,0,0,100,100,0,0,105,,190,101,6748769,,,0,0,0,,0,0,,,,,0,,,,,,,,,,,,,,,,,,,,,,,,,,,,,,,,,,,,,,,,,,,,,,,,,,,,,,,,,,,,,,,,,,,,,,,,,,,,,,,,,,,,,,,,,,,,,,,,,0,0,0,0,,,,,,,,,,,,,,,14,37831669,85,71428571,,,,,,,,,,,,,,,,,,,,,0,,,,,,,
2M-2-butene,0,311,704,70,1,666,1090088,0,406,15,0,0,0,0,6,139,0,0,,228,139,84,7,,0,0,0,0,100,100,0,0,139,,98,11,97,3,,,0,0,0,,0,0,,,,,0,,,,,,,,,,,,,,,,,,,,,,,,,,,,,,,,,,,,,,,,,,,,,,,,,,,,,,,,,,,,,,,,,,,,,,,,,,,,,,,,,,,,,,,,,,,,,,,,,0,0,0,0,,,,,,,,,,,,,,,14,37831669,85,71428571,,,,,,,,,,,,,,,,,,,,,0,,,,,,,
2M-13-C4==,0,307,204,68,1,684,8460083,0,,0,0,0,0,7,5,127,0,0,,219,127,81,,0,0,0,0,100,100,0,0,127,,118,6,99,1,,,0,0,0,,0,0,,,,,0,,,,,,,,,,,,,,,,,,,,,,,,,,,,,,,,,,,,,,,,,,,,,,,,,,,,,,,,,,,,,,,,,,,,,,,,,,,,,,,,,,,,,,,,,,,,,,,,,0,0,0,0,,,,,,,,,,,,,,,11,8404699,88,23529412,,,,,,,,,,,,,,,,,,,,,0,,,,,,,
tr2-Pentene,0,309,493,70,1,652,2630005,0,404,4833333,0,0,0,0,6,133,0,0,,225,133,85,14880659,,0,0,0,0,100,100,0,0,133,,106,7,100,3776273,,,0,0,0,,0,0,,,,,0,,,,,,,,,,,,,,,,,,,,,,,,,,,,,,,,,,,,,,,,,,,,,,,,,,,,,,,,,,,,,,,,,,,,,,,,,,,,,,,,,,,,,,,,,,,,,,,,,0,0,0,0,,,,,,,,,,,,,,,14,37831669,85,71428571,,,,,,,,,,,,,,,,,,,,,0,,,,,,,
cis2-Pentene,0,310,083,70,1,659,5750122,0,403,9277778,0,0,0,0,6,122,0,0,,226,122,85,14880659,,0,0,0,0,100,100,0,0,122,,104,4,100,3776273,,,0,0,0,,0,0,,,,,0,,,,,,,,,,,,,,,,,,,,,,,,,,,,,,,,,,,,,,,,,,,,,,,,,,,,,,,,,,,,,,,,,,,,,,,,,,,,,,,,,,,,,,,,,,,,,,,,,0,0,0,0,,,,,,,,,,,,,,,14,37831669,85,71428571,,,,,,,,,,,,,,,,,,,,,0,,,,,,,
Cyclopentane,0,322,398,70,13500214,748,8740234,0,289,95,0,0,0,0,6,179,0,0,,233,179,84,9,,100,100,0,0,0,0,0,0,179,,41,7,101,426,,,0,0,0,,0,0,,0,483269667509962,0,429891392256475,,0,,,,,,,,,,,,,,,,,,,,,,,,,,,,,,,,,,,,,,,,,,,,,,,,,,,,,,,,,,,,,,,,,,,,,,,,,,,,,,,,,,,,,,,,,,,,,,,,,0,0,0,0,,,,,,,,,,,,,,,14,37831669,85,71428571,,,,,,,,,,,,,,,,,,,,,0,,,,,,,
Cyclopentene,0,317,38,68,1,776,5159912,0,458,3722222,0,0,0,0,7,5,138,0,0,,244,138,69,7,,100,100,0,0,0,0,0,0,138,,81,04,93,3,,,0,0,0,,0,0,,,,,0,,,,,,,,,,,,,,,,,,,,,,,,,,,,,,,,,,,,,,,,,,,,,,,,,,,,,,,,,,,,,,,,,,,,,,,,,,,,,,,,,,,,,,,,,,,,,,,,,0,0,0,0,,,,,,,,,,,,,,,11,8404699,88,23529412,,,,,,,,,,,,,,,,,,,,,0,,,,,,,
22-Mpropane,0,282,648,72,2,595,5930176,0,291,7055556,0,0,0,0,5,257,0,0,,225,257,80,2,,0,0,0,0,0,0,100,100,257,,251,8,85,5,,,0,0,0,,0,0,,,,,0,,,,,,,,,,,,,,,,,,,,,,,,,,,,,,,,,,,,,,,,,,,,,,,,,,,,,,,,,,,,,,,,,,,,,,,,,,,,,,,,,,,,,,,,,,,,,,,,,100,100,0,0,,,,,,,,,,,,,,,16,75213296,83,33333333,,,,,,,,,,,,,,,,,,,,,0,,,,,,,
33M-1-butene,0,314,397,84,16,657,1190186,0,,0,0,0,0,6,,0,0,,241,15,157,95,93,3,,0,0,0,0,100,100,0,0,,,91,82,111,77,,,0,0,0,,0,0,,,,,0,,,,,,,,,,,,,,,,,,,,,,,,,,,,,,,,,,,,,,,,,,,,,,,,,,,,,,,,,,,,,,,,,,,,,,,,,,,,,,,,,,,,,,,,,,,,,,,,,0,0,0,0,,,,,,,,,,,,,,,14,3716,85,71428571,,,,,,,,,,,,,,,,,,,,,0,,,,,,,
H2O,0,373,148,18,01510048,997,9860229,0,,0,0,0,0,0,,0,0,,,,,,0,0,0,0,0,0,0,0,,,,,,,0,0,0,,0,0,,0,698140124178851,0,560124358458913,0,474686748589316,0,,,,,,,,,,,,,,,,,,,,,,,,,,,,,,,,,,,,,,,,,,,,,,,,,,,,,,,,,,,,,,,,,,,,,,,,,,,,,,,,,,,,,,,,,,,,,,,,,0,0,0,0,,,,,,,,,,,,,,0,279783740086422,11,18972388,0,,,,,,,,,,,,,,,,,,,,,0,,,,,,,
36-40C*,0,00889349062279413,313,149994,72,1687968755028,634,609822138733,0,0317694950410775,312,425218925431,1,16563521496769,0,0,00076347625433697,0,0281233828528476,5,2752425890871,147,768215328179,0,0,36,3844365445491,237,452880911821,155,648040861423,77,1319529898532,85,8890441898532,2,80464277579995E-07,38,2593805425819,0,30,1935803610614,0,0,98,834364504568,61,7406194574181,126,850963433238,1,35815674091606,76,6521316989238,80,7163201612656,89,4734113612656,164,71909110353,0,00209889612426765,0,000695189102924013,0,94,1972145768408,0,0,0276742533929763,201,433003801203,0,545759560557008,0,489887617436026,0,453323037454681,0,409005502108284,0,0,0,0,0,0,0,0,0,0,0,0,0,0,0,0,0,0,0,0,0,0,0,0,0,0,0,0,0,0,0,0,0,0,0,0,0,0,0,0,0,0,0,0,0,0,0,0,0,0,0,0,0,0,0,0,0,0,0,0,0,0,0,0,0,0,0,0,0,0,0,0,0,0,0,0,0,0,0,0,0,0,0,0,0,0,0,0,0,0,0,0,0,0,0,0,0,0,61,7406194574181,98,834364504568,0,0,0,0,0,0,0,0,0,0,0,0,311,149997,0,352472051248812,15,3411091180095,84,2551709773169,0,0,1,14046477096123E-08,0,0,0,0,0,0,0,0,0,0,0,2,73711545030696E-11,0,0,0,0,0,0,3,41455152425794E-08,0,0,48461,4623482826,44880,6442963651,0,
40-50C*,0,0248855959558871,323,149994,75,3535847660124,646,500870763168,0,0359812299082117,311,802720975292,1,38534253728187,0,0,000897375688556462,0,126555222837814,5,19368230460545,149,460782378489,0,0,37,2418537811222,241,95145889631,157,332985092156,74,635047127947,83,392138327947,2,2346225136971E-07,40,1615667809155,0,32,4063632348609,0,0,98,6146572392559,59,8384332190845,129,709247701705,1,36367525433593,59,1643077581708,78,0211540134031,86,7782452134031,137,930252652565,0,00235554877556869,0,00090017913951127,0,66,689087343625,0,0,0325277990674052,205,144682424844,0,564255511154819,0,505069401929797,0,466399358460984,0,47367994448695,99,8085523008715,99,8331323672272,0,0,0,0,0,0,0,0,0,0,0,0,0,0,0,0,0,0,0,0,0,0,99,8085523008715,99,8331323672272,0,0,0,0,0,0,0,0,0,0,0,0,0,0,0,0,0,0,0,0,0,0,0,0,0,0,0,0,0,0,0,0,0,0,0,0,0,0,0,0,0,0,0,0,0,0,0,0,0,0,0,0,0,0,0,0,0,0,0,0,0,0,0,0,0,0,0,0,0,0,59,8384332190845,98,6146572392559,0,0,0,0,0,0,0,0,0,0,0,0,0,0,318,15,0,360014357292507,15,0490221533657,84,4289105870462,0,0,5,13209146932556E-08,0,0,0,0,0,0,0,0,0,0,0,1,23170195263813E-10,0,0,0,0,0,0,1,53654818591607E-07,0,0,48278,4162126204,44753,5643157583,0,
50-60C*,0,0284333804042463,333,149994,79,9381599584404,664,262928691148,0,0415131887205264,310,91343818938,1,69921014058783,0,0,00108866059458431,0,267172137102052,5,14116246179118,151,878735307505,0,0,36,9334483743607,246,919469649669,159,740048278917,71,0430474781646,79,8001386781646,1,42030799565873E-07,42,8933991111855,0,35,5674816260031,0,0,98,3007897173814,57,1066008888145,133,982822203433,1,37209759570167,44,4487465745117,74,1709166593137,82,9280078593137,99,6604834369015,0,00266506293075321,0,00100302321321929,0,46,9073840140768,0,0,0394614357451608,184,553390289317,0,592645016559551,0,528315013499539,0,48638798369988,0,564119995002868,47,2791356969593,47,5428164126194,18,2474463217171,18,0015492399501,34,4580520959531,34,4421699169355,3,09055499462327E-09,3,03741860338632E-09,0,0,0,0,0,0,0,0,0,0,0,0,0,0,0,0,99,9846341177201,99,9865355725424,0,0,0,0,0,0,0,0,0,0,0,0,0,0,0,0,0,0,0,0,0,0,0,0,0,0,0,0,0,0,0,0,0,0,0,0,0,0,0,0,0,0,0,0,0,0,0,0,0,0,0,0,0,0,0,0,0,0,0,0,0,0,0,0,0,0,0,0,0,0,57,1066008888145,98,3007897173814,0,0,0,0,0,0,0,0,0,0,0,0,0,0,328,15,0,371487944797759,13,9509005948146,84,6454915230764,0,0,1,08344153241317E-07,0,0,0,0,0,0,0,0,0,0,0,2,60025967779161E-10,0,0,0,0,0,0,3,24382394804504E-07,0,0,48017,1997971662,44572,2145326011,0,
60-70C*,0,0316815618918491,343,149994,84,1916427855517,682,477206805782,0,046541846548927,310,024155403468,2,01307774389379,0,0,00127994550061215,0,40778905136629,5,14905898233498,153,021165373208,0,0,35,551165331161,252,357995291657,160,877333178719,67,2167158499147,75,9738070499147,6,05993335511812E-08,45,6298784105192,0,38,7286000171453,0,0,97,9869221955069,54,3701215894808,138,452849795257,1,38099231768419,32,5009741013563,70,0404396933619,78,7975308933619,61,3907142212378,0,00284167445001054,0,00106754941525571,0,32,7730229688828,0,0,0463950724229163,133,49893324873,0,623568111637949,0,553558320116559,0,508049713195321,0,653077334217508,0,0,0,000110051084402803,0,000109637907517702,18,5401374740336,18,7142038475556,23,2610669196555,23,0864112268863,0,0,0,0,0,0,0,0,0,0,0,0,0,0,0,0,41,8013144447735,41,8007247123494,0,0,0,0,0,0,0,0,0,0,58,1986855516829,58,1992752845282,0,0,0,0,0,0,0,0,0,0,0,0,0,0,0,0,0,0,0,0,0,0,0,0,0,0,0,0,0,0,0,0,0,0,3,54351338033466E-09,3,12231328755493E-09,0,0,0,0,0,0,0,0,0,0,3,54351338033466E-09,3,12231328755493E-09,0,0,0,0,0,0,0,0,0,0,22,7274254904299,40,9592436023267,31,6426960990509,57,0276785931801,0,0,0,0,0,0,0,0,0,0,0,0,338,15,0,383847375262326,13,9238651336082,84,8281796588246,0,0,1,65367391789379E-07,0,0,0,0,0,0,0,0,0,0,0,3,9688174029451E-10,0,0,0,0,0,0,4,95109971017401E-07,0,0,47763,4532685118,44396,0507265542,0,
70-80C*,0,0344332650495932,353,149994,88,2068736617553,700,633301906154,0,0511417124748049,309,757562770204,2,53185782871472,1,01116425888921,0,00147123040664,0,548405965630527,5,21450677608058,157,200930038647,0,0,33,7018446019351,261,223747297896,165,038273424815,63,3608684668758,72,1179596668758,0,47,4583605695391,0,41,0810284341969,0,0,97,4681421712853,51,5304751715717,143,088838798122,1,39014460507016,23,1293328951255,65,8699284971441,74,6270196971441,32,6946053924192,0,00294943566061896,0,00111463478685842,0,22,7403242732689,0,0,0533287091006719,75,2311205194229,0,657298473656919,0,58100418291601,0,531549793621068,0,741456152220992,0,0,0,0,0,0,0,0,43,1594398008239,45,8682062096623,17,8807403014378,19,0302923023598,0,0,0,0,0,0,0,0,0,0,0,0,0,0,61,0401801022617,64,8984985120221,0,0,0,0,0,0,0,0,12,3198011794294,13,3755958264528,0,0,0,0,0,0,0,0,0,0,0,0,0,0,0,0,0,0,0,0,0,0,26,6390539768586,21,7249848742186,0,0,0,0,0,0,0,0,0,0,0,000906499768698475,0,000867191745209286,5,82416816527555E-05,5,35955613294978E-05,0,0,0,0,0,0,0,0,0,00096474145035123,0,000920787306538784,0,0,0,0,0,0,0,0,0,0,42,8766396920126,80,8126383720221,8,65383547955904,16,6555037992632,0,0,0,0,0,0,0,0,0,0,0,0,348,15,0,397170023062485,13,8971714720917,84,963307522369,0,0,2,22390630337441E-07,0,0,0,0,0,0,0,0,0,0,0,5,33737512809858E-10,0,0,0,0,0,0,6,65837547230298E-07,0,0,47523,6473845339,44229,5652283761,0,
80-90C*,0,0360175613136025,363,149994,92,2949697269116,718,220810791346,0,0553872955795515,311,303413475434,3,72274030403269,4,93445190113661,0,00166251531266784,0,689022879894765,5,3299434131016,161,72512478711,0,0,31,827329201191,268,141955218325,169,542092543079,59,7744985879767,68,5315897879767,0,46,6095549873579,0,41,0810284341969,0,0,96,2772596959673,48,4559931115054,147,860297532971,1,39929918005238,15,8354439895893,62,0196911430548,70,7767823430548,31,8463070481241,0,00305719687122739,0,00118857663906114,0,15,6673092791443,0,0,0602623457784274,73,24799027273,0,694146363136207,0,6108832998314,0,557073426747735,0,830160639103444,0,0,0,0,0,0,0,0,0,335246777631703,0,342778454431584,12,8743846182207,13,1825488600238,0,0,0,0,22,1112901980547,21,9253125174559,59,7364914324569,60,6687100444707,0,012088356514247,0,0121229429314621,1,33659344690086E-11,1,3194501445795E-11,0,0,95,0695013828917,96,1314728193267,0,0,0,0,0,0,0,0,0,0,0,0,0,0,0,0,0,0,0,0,0,0,0,0,0,0,0,0,0,0,0,0,4,93039430555689,3,86843482995672,0,0,0,0,0,0,0,0,0,0,0,0,0,000104311551471136,9,23507165277368E-05,0,0,0,0,0,0,0,0,0,000104311551471136,9,23507165277368E-05,0,0,0,0,0,0,0,0,0,0,48,4559931115054,96,2772596959673,0,0,0,0,0,0,0,0,0,0,0,0,0,0,358,15,0,411541285466535,13,8708196102651,85,0375438557283,0,0,2,79413868885503E-07,0,0,0,0,0,0,0,0,0,0,0,6,70593285325206E-10,0,0,0,0,0,0,8,36565123443194E-07,0,0,47302,9120380681,44076,3194717988,0,
90-100C*,0,0371207922969992,373,149994,96,7185681207825,734,72933026044,0,0593531049445581,312,848763285452,5,00796923628015,9,83813927174906,0,00185380021869569,0,829639794159003,5,48308991711499,166,523752570481,0,0,30,2516619462568,275,043226968107,174,319108731325,56,4740683663945,65,2311595663945,0,45,2129687443667,0,41,0810284341969,0,0,94,9920307637199,44,9488919838842,152,736734320748,1,40816096215824,10,0390164237831,58,489727631094,67,246818831094,30,9958313895666,0,00316495808183581,0,00122098891235401,0,10,7156648150324,0,0,067195982456183,71,2447443904894,0,734464564663441,0,64345616844428,0,584828700802545,0,920094984954989,0,0,0,0,0,0,0,0,0,0,0,0,0,0,0,0,2,43613427203707,2,39863446873848,15,7305019759421,15,8634912075352,24,6602223507817,24,5566392216857,1,57938747381681,1,5481516059226,0,0,44,4062460725776,44,3669165038819,0,0,0,0,0,0,0,0,0,0,55,5937539274224,55,6330834961181,0,0,0,0,0,0,0,0,0,0,0,0,0,0,0,0,0,0,0,0,0,0,0,0,0,0,0,0,0,0,0,0,0,0,0,0,0,0,0,0,0,0,0,0,0,0,0,0,0,0,0,0,0,0,0,0,19,9601155812607,42,1450349742814,24,9887764026235,52,8469957894384,0,0,0,0,0,0,0,0,0,0,0,0,368,15,0,427055589030318,13,8448095481284,85,1117801890876,0,0,3,36437107433564E-07,0,0,0,0,0,0,0,0,0,0,0,8,07449057840554E-10,0,0,0,0,0,0,1,00729269965609E-06,0,0,47105,3338138568,43939,1505727654,0,
100-110C*,0,0372860941453898,383,149994,101,652575164589,746,551325440463,0,0631136496512161,314,393863472226,6,35199775710926,13,4367992493028,0,00204508512472353,0,970256708423241,5,607198569904,171,526816340648,0,0,30,6598189693344,281,929104575811,179,299640187366,53,5759324636283,62,3330236636283,0,44,3780542149773,0,41,0810284341969,0,0,93,6480022428907,42,1851465357199,157,687657482397,1,41476180576962,7,43017624842024,55,2800379612617,64,0371291612617,30,1431784167469,0,00381795081382564,0,00124406069612303,0,7,27405367643317,0,0,0741296191339385,69,2212673233274,0,778655462662893,0,679017765647489,0,615050030650976,1,01216337986575,0,0,0,0,0,0,0,0,0,0,0,0,0,0,0,0,0,0,0,0,0,0,0,0,0,0,0,0,0,0,0,0,0,0,0,0,0,0,5,15093471366982,6,43665423062929,0,0,0,0,0,0,0,0,0,0,0,0,0,0,0,0,0,0,0,0,0,0,94,8490652863302,93,5633457693707,0,0,0,0,0,0,0,0,0,0,0,0,0,0,0,0,0,0,0,0,0,0,0,0,0,0,0,0,0,0,0,0,37,0342118220501,87,2113480122615,5,15093471366982,6,43665423062929,0,0,0,0,0,0,0,0,0,0,0,0,378,15,0,443817546225841,13,8191412856816,85,1860165224469,0,0,3,93460345981626E-07,0,0,0,0,0,0,0,0,0,0,0,9,44304830355902E-10,0,0,0,0,0,0,1,17802027586899E-06,0,0,46969,2144084109,43844,6495261212,0,
110-120C*,0,0365941090664112,393,149994,107,065483298076,758,145396146425,0,0667434387809168,315,938714035756,7,71927899817219,16,6215587660389,0,00223637003075138,1,11087362268748,5,75024264462259,176,664319049496,0,0,30,8745661198399,288,800875057926,184,414005109015,50,9362866226155,59,6933778226156,0,43,6590703671623,0,41,0810284341969,0,0,92,2807210018278,39,7193708667988,162,682575338862,1,42131615144019,7,14427051943149,52,390622133558,61,147713333558,29,2883481296647,0,00514631527929715,0,00126466192873911,0,4,89968911879822,0,0,0810632558116941,67,177443226051,0,827179500906175,0,717903093072501,0,648002208368859,1,10727001392585,0,0,0,0,0,0,0,0,0,0,0,0,0,0,0,0,0,0,0,0,0,0,0,0,0,0,0,0,88,4462577448362,90,4057485409859,0,0,0,0,0,0,0,0,0,0,0,0,0,0,0,0,0,0,0,0,0,0,0,0,0,0,0,0,0,0,0,0,11,5537422551637,9,59425145901408,0,0,0,0,0,0,0,0,0,0,0,0,0,0,0,0,0,0,0,0,0,0,0,0,0,0,0,0,0,0,0,0,39,7193708667988,92,2807210018278,0,0,0,0,0,0,0,0,0,0,0,0,0,0,388,15,0,461943288238795,13,7938148229246,85,3617733229079,0,0,4,50483584529688E-07,0,0,0,0,0,0,0,0,0,0,0,1,08116060287125E-09,0,0,0,0,0,0,1,34874785208188E-06,0,0,46839,8424700423,43754,8329159017,0,
120-130C*,0,0342190642615173,403,149994,111,916866139546,766,276193661826,0,0703317380795186,317,483314976041,9,05592075778079,19,3766813181738,0,00242765493677922,1,27007963009533,5,84802189520423,181,850584774841,0,0,32,3875840060675,295,659628714321,189,576913433009,48,6594812981667,57,4165724981667,0,43,0310661650482,0,41,0810284341969,0,0,90,9440792422192,37,592252516778,167,681227979468,1,4260419656164,6,86392211219859,49,8214801479829,58,5785713479829,28,4313405283202,0,00647467974476866,0,0012852631613552,0,3,27410946973025,0,0,0879968924894496,65,1131559576476,0,880565336120028,0,760493772187428,0,683985188678649,1,20578574239981,0,0,0,0,0,0,0,0,0,0,0,0,0,0,0,0,0,0,0,0,0,0,0,0,0,0,0,0,0,000124166094291391,0,000124530778217471,0,0,0,0,0,0,0,0,0,0,99,9998758339057,99,9998754692218,0,0,0,0,0,0,0,0,0,0,0,0,0,0,0,0,0,0,0,0,0,0,0,0,0,0,0,0,0,0,0,0,0,0,0,0,0,0,0,0,0,0,0,0,0,0,0,0,0,0,0,0,0,0,0,0,37,592252516778,90,9440792422192,0,0,0,0,0,0,0,0,0,0,0,0,398,15,0,481562004937318,13,7688301598575,85,4182316507074,0,0,7,84086332129361E-07,0,0,0,0,0,0,0,0,0,0,0,1,88180719711047E-09,0,0,0,0,0,0,2,34755447839531E-06,0,0,46797,0220016367,43719,5479292267,0,
130-140C*,0,0320605070220018,413,149994,117,386413715936,772,991675704841,0,0740891386286605,319,027666293083,10,1572004258903,21,3536163363167,0,00261893984280707,3,26960585872128,5,92733362927127,186,8710300988,0,0,34,2632547303698,302,506300924676,194,574748161483,46,6794632335698,55,4365544335698,0,42,4542349006231,0,41,0810284341969,0,0,89,8427995741097,36,1921487630602,172,563043714159,1,42998961676454,6,58918864434694,47,5726120045362,56,3297032045362,27,5721556127134,0,00780304421024018,0,0013239813163996,0,2,16992315290012,0,0,0949305291672051,63,0282890812851,0,937734747447351,0,805889360802417,0,722216020232113,1,3036964847189,0,0,0,0,0,0,0,0,0,0,0,0,0,0,0,0,0,0,0,0,0,0,0,0,0,0,0,0,0,0,6,36636114596507E-15,7,62289710243819E-15,0,0,0,0,0,0,0,0,0,0,0,0,0,0,0,0,0,0,0,0,0,0,0,0,0,0,0,0,0,0,0,0,32,4915118057397,32,4975844263484,1,50637744782974E-17,1,47891405877348E-17,33,7456502179974,33,8555691852549,33,7628379762629,33,6468463883967,0,0,0,0,100,100,0,0,0,0,0,0,0,0,0,0,0,0,0,0,0,0,0,0,36,1921487630602,89,8427995741097,0,0,0,0,0,0,0,0,0,0,0,0,0,0,408,15,0,502213637564742,13,7441872964803,85,4665061761392,0,0,2,8499060475848E-05,0,0,0,0,0,0,0,0,0,0,0,6,83977451420352E-08,0,0,0,0,0,0,8,5326187064689E-05,0,0,46714,4134383095,43659,4885326797,0,
140-150C*,0,0299661886169219,423,149994,123,178714855518,778,617441900086,0,0778933616712121,320,571767986881,11,2322157490044,23,0917795549386,0,00281022474883491,5,26913208734724,5,99049008623606,191,864743959171,0,0,36,3771250832619,309,341702896494,199,545971816946,44,9857307883859,53,7428219883859,0,41,9353780986272,0,41,0810284341969,0,0,88,7677842509956,34,9728423464342,177,427795341374,1,43331753111484,6,32012543441566,45,6440177032181,54,4011089032181,26,7107933828442,0,00913140867571169,0,00133733653808738,0,1,42597351899186,0,0,101864165844961,60,9227258643119,1,00058111574585,0,855547517112152,0,763897179363085,1,40901872981114,0,0,0,0,0,0,0,0,0,0,0,0,0,0,0,0,0,0,0,0,0,0,0,0,0,0,0,0,0,0,90,5099223540471,91,6134977911099,0,0,0,0,0,0,0,0,0,0,2,69819262933318,2,74578880834548,0,0,0,0,0,0,0,0,0,0,0,0,0,0,0,0,0,0,0,0,0,246343639727694,0,208284523739833,6,54219238732677,5,42958866884098,0,00333045525859607,0,00282455742703378,9,47467100733507E-14,7,9818588913716E-14,0,0,0,0,6,79186648231315,5,64069775000792,1,85343065400962E-05,1,56505367137518E-05,0,0,0,0,0,0,0,0,0,0,0,0,0,0,0,0,32,274649717101,86,0219954426501,2,69819262933318,2,74578880834548,0,0,0,0,0,0,0,0,0,0,0,0,418,15,0,524510725234941,13,7198862327929,85,5102696131912,0,0,5,62140346195667E-05,0,0,0,0,0,0,0,0,0,0,0,1,3491368308696E-07,0,0,0,0,0,0,0,000168304819650983,0,0,46641,3755424474,43605,3505755879,0,
150-160C*,0,0278789553092118,433,149994,129,243876000341,783,769193569986,0,0817784001215879,322,115233959846,12,2957891404331,24,7000678597024,0,00300150965486275,7,26865831597319,6,04809818292531,196,804777510318,0,0,38,4786875949898,316,166544788216,204,463756923364,43,2131098087099,51,9702010087099,0,0601303397780413,41,4644249636996,0,41,0810284341969,0,0,87,6440805197888,33,835507176598,182,271811016863,1,43635660191926,6,05678533730572,43,5953207111018,52,3524119111018,25,8374008394013,0,0114734992501465,0,00133079325010737,0,0,928922263560238,0,0,108797802522716,58,7719977915452,1,07079940030668,0,910738972936658,0,810057515510128,1,52412100158662,0,0,0,0,0,0,0,0,0,0,0,0,0,0,0,0,0,0,0,0,0,0,0,0,0,0,0,0,0,0,0,0,0,0,0,0,0,0,0,0,0,0,65,7477721428707,69,7997696456697,0,0,0,0,0,0,0,0,0,0,0,0,0,0,0,0,0,0,0,0,0,0,0,0,0,0,0,0,0,0,0,0,0,0,33,9031092578015,29,8655964384968,0,0,0,0,0,0,0,0,0,0,0,349118599327795,0,334633915833497,0,0,0,0,0,17,8443108741192,33,835507176598,69,7997696456697,0,0,0,0,0,0,0,0,0,0,0,0,428,15,0,548947841192272,13,6964771465768,85,5602562997433,0,0,8,39290087632854E-05,0,0,0,0,0,0,0,0,0,0,0,2,01429621031885E-07,0,0,0,0,0,0,0,000251283452237276,0,0,46571,631025151,43552,9210588265,0,
160-170C*,0,0259625430421134,443,149994,135,274567904866,790,502889008178,0,0857782468942022,323,655959287402,13,3627430134865,26,2827079519667,0,0031927945608906,9,26818454459915,6,1454309774888,201,664181906604,0,0,39,6874498242729,322,981453432259,209,301276004701,41,106934922907,49,864026122907,0,520936164489854,41,0333331137999,0,41,0810284341969,0,0,86,1163208220236,32,6839589342335,187,091418896376,1,4402529455286,5,79921857470861,41,1863156465909,49,9434068465909,24,8982614584076,0,0205705025990331,0,00122668250058198,0,0,599691777132532,0,0,115731439200472,56,4416651223756,1,14952399945057,0,972266102639855,0,861319083836631,1,65137182395543,0,0,0,0,0,0,0,0,0,0,0,0,0,0,0,0,0,0,0,0,0,0,0,0,0,0,0,0,0,0,0,0,0,0485737004282225,0,0526671704501957,0,0,0,0,0,0,0,0,0,0,0,00810002646717038,0,00881828899431129,0,0,0,0,0,0,0,0,0,0,0,0,0,0,0,0,0,0,0,0,0,0,0,0,0,0,0,0,0,0,0,0,0,0,0,0,0,0,0,0,0,0,0,0,99,9433262731046,99,9385145405555,0,0,0,0,32,6758589077663,86,1075025330293,0,00810002646717038,0,00881828899431129,0,0,0,0,0,0,0,0,0,0,0,0,438,15,0,575782501848458,13,6769594938406,85,6586374695887,0,0,0,000111643982907004,0,0,0,0,0,0,0,0,0,0,0,2,6794555897681E-07,0,0,0,0,0,0,0,00033426208482357,0,0,46476,6260841785,43480,5582060886,0,
170-180C*,0,0242295472534322,453,149994,141,526424185859,797,030581862747,0,0899706836882437,325,196777832485,14,4546855230245,27,9761998298406,0,00338407946691844,11,2677107732251,6,24462508960292,206,396137309305,0,0,40,8182688513226,329,786986146791,214,011920084888,39,0074042863573,47,7644954863573,0,981741989201637,40,6319093128373,0,41,0810284341969,0,0,84,5635724877739,31,3918908573221,191,874519748049,1,44401487774753,5,5474725606477,38,77731058208,47,53440178208,23,9656938721274,0,0296675059479198,0,0011225717510566,0,0,383559308039418,0,0,122665075878227,54,1094862403972,1,23811069397028,1,04107861116942,0,918413106600252,1,79439403843448,0,0,0,0,0,0,0,0,0,0,0,0,0,0,0,0,0,0,0,0,0,0,0,0,0,0,0,0,0,0,0,0,86,8792192260677,86,8348001323668,0,0,0,0,0,0,0,0,0,0,13,0968673401782,13,1433000120913,0,0,0,0,0,0,0,0,0,0,0,0,0,0,0,0,0,0,0,0,0,0,0,0,0,0,0,0,0,0,0,0,0,0,3,08034932788258E-10,2,61697492475988E-10,0,0,0,0,0,0,0,0,0,0,0,0239134334460244,0,0218998552802491,0,0,18,2950235171439,71,4202724756826,13,0968673401782,13,1433000120913,0,0,0,0,0,0,0,0,0,0,0,0,448,15,0,605310815133741,13,6572951027143,85,7572552250077,0,0,0,000139358957050723,0,0,0,0,0,0,0,0,0,0,0,3,34461496921734E-07,0,0,0,0,0,0,0,000417240717409864,0,0,46380,6692379345,43406,5608128591,0,
180-190C*,0,0227286921707645,463,149994,148,011308952587,803,358177054551,0,0949027772528648,326,737968780055,15,680342122342,30,3478563283726,0,00357536437294629,13,2672370018511,6,34514530248582,210,698714364763,0,0,41,8844413970146,336,583641658298,218,295119610453,36,9143274462746,45,6714186462746,1,44254781391342,40,1993404419673,0,41,0810284341969,0,0,82,8771100637446,29,4528032296601,196,500821117988,1,44764213545121,5,30159172230147,36,3683055175691,45,1253967175691,23,0468227280185,0,0387645092968064,0,00101846100153121,0,0,242975333809528,0,0,129598712555983,51,7938667948979,1,33818943843588,1,11830663878853,0,982203435736701,1,97222164372485,0,0,0,0,0,0,0,0,0,0,0,0,0,0,0,0,0,0,0,0,0,0,0,0,0,0,0,0,0,0,0,0,0,0,0,0,0,0,0,0,0,0,0,0,0,0,0,0,0,0,0,0,0,0,0,0,0,0,0,0,0,0,0,0,0,0,0,0,0,0,0,0,0,0,0,0,0,0,0,0,94,4752549529868,94,0701240224833,0,0,0,0,0,0,0,0,0,0,5,52474375328455,5,92987449825015,1,29372862995426E-06,1,47926657245409E-06,29,4528032296601,82,8771100637446,0,0,0,0,0,0,0,0,0,0,0,0,0,0,458,15,0,637874556066733,13,6370861427904,85,8546760601337,0,0,0,000167073931194441,0,0,0,0,0,0,0,0,0,0,0,4,00977434866659E-07,0,0,0,0,0,0,0,000500219349996157,0,0,46284,3099370619,43331,4961131015,0,
190-200C*,0,0237424315614256,473,149994,154,74141968394,809,491579504448,0,0998348708174859,328,279811315068,16,9354678119501,32,8573912719981,0,00376664927897413,15,266763230477,6,44649472813344,214,893634703456,0,0,42,896864755649,343,371868852483,222,471147273148,34,8275139498726,43,5846051498727,1,90335363862522,39,7452325209802,0,41,0810284341969,0,0,81,1611785494246,27,3973762070216,201,114524055852,1,45113481590303,5,06161731631908,33,9593004530582,42,7163916530582,22,1487726735383,0,047861512645693,0,000914350252005822,0,0,152398580138068,0,0,136532349233738,49,5137484128583,1,45173207297457,1,2053026963456,1,05371600911666,2,16416131373284,0,0,0,0,0,0,0,0,0,0,0,0,0,0,0,0,0,0,0,0,0,0,0,0,0,0,0,0,0,0,0,0,0,0,87,9428995670355,87,9539245140091,0,0,0,0,0,0,0,0,0,0,9,77143328522617,9,78925626792125,0,0,0,0,0,0,0,0,0,0,0,0,0,0,0,0,0,0,0,0,0,0,0,0,0,0,0,0,0,0,0,0,0,0,0,0,0,0,0,0,0,0,0,0,0,0,2,28566714773833,2,25681921806962,17,6259429217955,71,3719222815034,9,77143328522617,9,78925626792125,0,0,0,0,0,0,0,0,0,0,0,0,468,15,0,673869790518088,13,6159347836612,85,9494664690998,0,0,0,00019478890533816,0,0,0,0,0,0,0,0,0,0,0,4,67493372811584E-07,0,0,0,0,0,0,0,000583197982582451,0,0,46188,0068741716,43255,8406980498,0,
200-210C*,0,0228618056667743,483,149994,161,72908435895,815,436694133298,0,104766964382107,329,822584622484,18,2123268283872,35,4062552814703,0,00395793418500198,17,266289459103,6,54821298248063,219,020007606403,0,0,43,8644925237587,350,152073867354,226,578936217401,32,7467733443654,41,5038645443654,2,36415946333702,39,4078869272642,0,41,0810284341969,0,0,79,4235137082758,25,1858577912655,205,739972299509,1,45449336139204,4,82758724088352,31,5502953885473,40,3073865885473,21,2786683561443,0,0569585159945797,0,000810239502480435,0,0,0946120787502722,0,0,143465985911494,47,2885831227261,1,58113984523945,1,30369516489701,1,13417607885214,2,36776923076061,0,0,0,0,0,0,0,0,0,0,0,0,0,0,0,0,0,0,0,0,0,0,0,0,0,0,0,0,0,0,0,0,0,0,1,06616688358207E-13,1,23489599466909E-13,0,0,0,0,0,0,0,0,0,0,5,9231493532337E-15,6,8721853077288E-15,0,0,0,0,0,0,0,0,0,0,0,0,0,0,0,0,0,0,0,0,0,0,0,0,0,0,0,0,0,0,0,0,0,0,92,8333128431192,92,8192943634948,0,0,0,0,0,0,0,0,0,0,0,0,25,1858577912655,79,4235137082758,0,0,0,0,0,0,0,0,0,0,0,0,0,0,478,15,0,713757441943905,13,5934431949192,86,0401929460392,0,0,0,000222503879481879,0,0,0,0,0,0,0,0,0,0,0,5,34009310756509E-07,0,0,0,0,0,0,0,000666176615168745,0,0,46092,1408727744,43179,993442277,0,
210-220C*,0,0218564226881637,493,149994,168,986514916292,821,199425861958,0,109699057946728,331,366567887262,19,5031834081914,37,9841025805647,0,00414921909102982,20,0057838947195,6,64987484113703,223,116942354625,0,0,44,7946924919394,356,924625903101,231,755702997544,30,6719151769667,39,4290063769667,2,58625845630171,39,1641502192212,0,41,0810284341969,0,0,77,9105581355069,22,8517472002141,210,401509586824,1,45771854316166,4,59953584382692,29,1412903240364,37,8983815240364,20,4436344232941,0,0660555193434663,0,000706128752955048,0,0,0581180077396885,0,0,15039962258925,45,1382972199857,1,72935746171756,1,41545706014968,1,22505559289263,2,58060157711032,0,0,0,0,0,0,0,0,0,0,0,0,0,0,0,0,0,0,0,0,0,0,0,0,0,0,0,0,0,0,0,0,0,0,0,0,0,0,0,0,0,0,0,0,0,0,0,0,0,0,0,0,0,0,0,0,0,0,0,0,0,0,0,0,0,0,0,0,0,0,0,0,0,0,0,0,0,0,0,0,0,0,0,0,0,0,0,0,0,0,0,0,0,0,0,0,22,8517472002141,77,9105581355069,0,0,0,0,0,0,0,0,0,0,0,0,0,0,488,15,0,758076311051907,13,569213546157,86,1254219850851,0,0,0,000365429900140616,0,0,0,0,0,0,0,0,0,0,0,8,77031760337478E-07,0,0,0,0,0,0,0,001094097121021,0,0,45997,0258416044,43104,2864785149,0,
220-230C*,0,020893999125052,503,149994,176,525509711968,826,785679611289,0,11116203063042,332,912040294361,20,800301787901,40,536361143543,0,00434050399705767,28,1717118482673,6,75108923691517,227,223548229141,0,0,45,6935300282063,363,689862026194,236,978684644331,28,6027489948905,37,3598401948905,3,17122664424848,39,091683691633,0,41,0810284341969,0,0,76,0284715678505,20,371955164824,215,123479655665,1,46081144472751,4,37749372715663,26,7322852595255,35,4893764595255,19,6507955224453,0,0695946613922767,0,000602018003429661,0,0,0353116644106493,0,0,157333259267005,43,0832445745223,1,90002298942336,1,54299511463835,1,32813394471813,2,79977305190089,0,0,0,0,0,0,0,0,0,0,0,0,0,0,0,0,0,0,0,0,0,0,0,0,0,0,0,0,0,0,0,0,0,0,0,0,0,0,0,0,0,0,0,0,0,0,0,0,0,0,0,0,0,0,0,0,0,0,0,0,0,0,0,0,0,0,0,0,0,0,0,0,0,0,0,0,0,0,0,0,0,0,0,0,0,0,0,0,0,0,0,0,0,0,0,0,20,371955164824,76,0284715678505,0,0,0,0,0,0,0,0,0,0,0,0,0,0,498,15,0,807459211506175,13,542848006967,86,2037200803708,0,0,0,00135323692857621,0,0,0,0,0,0,0,0,0,0,0,3,24776862858291E-06,0,0,0,0,0,0,0,00405159136415718,0,0,45902,9181040936,43028,9945355423,0,
230-240C*,0,0199819629480402,513,150024,184,362114548033,832,190212856243,0,1263770492618,334,474095961488,22,0812762691872,42,5997244890911,0,00453178890308551,36,3376398018151,6,85116573988486,231,534997049513,0,0,46,570513133404,370,448091176164,241,975979213613,26,5394438865165,35,2965350865165,3,80194204446671,40,0804793570384,0,46,2218616312703,0,0,74,1167816863461,17,3197961538705,220,080913513054,1,46376694943185,4,1614875484091,24,3232801950146,33,0803713950146,18,9524561728168,0,0893156542747599,0,000497907253904274,0,0,021213230353765,0,0,164266895944761,41,2623064361874,2,08697885146466,1,70685235235361,1,46625950732971,3,01658966930515,0,0,0,0,0,0,0,0,0,0,0,0,0,0,0,0,0,0,0,0,0,0,0,0,0,0,0,0,0,0,0,0,0,0,0,0,0,0,0,0,0,0,0,0,0,0,0,0,0,0,0,0,0,0,0,0,0,0,0,0,0,0,0,0,0,0,0,0,0,0,0,0,0,0,0,0,0,0,0,0,0,0,0,0,0,0,0,0,0,0,0,0,0,0,0,0,17,3197961538705,74,1167816863461,0,0,0,0,0,0,0,0,0,0,0,0,0,0,508,15,0,874615474869995,13,5109150642406,86,2592356805091,0,0,0,00234104395701181,0,0,0,0,0,0,0,0,0,0,0,5,61850549682834E-06,0,0,0,0,0,0,0,00700908560729335,0,0,45810,2171633586,42954,498153963,0,
240-250C*,0,0191249130221928,523,150024,192,513559597226,837,405238943047,0,154196984428254,336,071230367563,23,316258847256,44,626564205858,0,00472307380911336,44,5035677553629,6,94932960628871,236,306955329114,0,0,47,435110968929,377,199597533784,246,970291750865,24,4822509966004,33,2393421966004,4,47840465695643,41,1189721795155,0,63,4901265691969,0,0,72,2053364957876,14,2544636146265,225,507253238227,1,46657865943051,3,95153981931228,21,9142751305037,30,6713663305037,18,4112937428228,0,117123486519286,0,000393796504378888,0,0,0125952540633132,0,0,171200532622516,39,844235204395,2,30663410084024,1,89480125425757,1,62327364750809,3,23715967604788,0,0,0,0,0,0,0,0,0,0,0,0,0,0,0,0,0,0,0,0,0,0,0,0,0,0,0,0,0,0,0,0,0,0,0,0,0,0,0,0,0,0,0,0,0,0,0,0,0,0,0,0,0,0,0,0,0,0,0,0,0,0,0,0,0,0,0,0,0,0,0,0,0,0,0,0,0,0,0,0,0,0,0,0,0,0,0,0,0,0,0,0,0,0,0,0,14,2544636146265,72,2053364957876,0,0,0,0,0,0,0,0,0,0,0,0,0,0,518,15,0,949676620894146,13,4692867014944,86,2775157437823,0,0,0,0033288509854474,0,0,0,0,0,0,0,0,0,0,0,7,98924236507377E-06,0,0,0,0,0,0,0,00996657985042953,0,0,45719,3359741585,42881,1829382745,0,
250-260C*,0,0183273392075969,533,150024,200,975619923684,842,466601000583,0,171143233619881,337,663911448779,24,5351420314359,46,5863274260282,0,0049143587151412,52,6694957089107,7,04617161384474,241,158758794057,0,0,48,2784918425822,383,944643372887,251,966956767796,29,1428477765467,37,8999389765467,5,20061448171761,42,1537087450027,0,80,7583915071234,0,0,70,2642434868465,11,2599638289691,231,021527294525,1,46926593721004,3,74766870230608,31,8551166451973,40,6122078451973,17,9130238162277,0,147144696696332,0,000289685754853501,0,0,00738824050957575,0,0,178134169300272,38,5331738717253,2,56697730743483,2,11131795740692,1,80223156488067,3,46081698796498,0,0,0,0,0,0,0,0,0,0,0,0,0,0,0,0,0,0,0,0,0,0,0,0,0,0,0,0,0,0,0,0,0,0,0,0,0,0,0,0,0,0,0,0,0,0,0,0,0,0,0,0,0,0,0,0,0,0,0,0,0,0,0,0,0,0,0,0,0,0,0,0,0,0,0,0,0,0,0,0,0,0,0,0,0,0,0,0,0,0,0,0,0,0,0,0,11,2599638289691,70,2642434868465,0,0,0,0,0,0,0,0,0,0,0,0,0,0,528,15,1,03371795551155,13,42571731545,86,2957958070554,0,0,0,004316658013883,0,0,0,0,0,0,0,0,0,0,0,1,03599792333192E-05,0,0,0,0,0,0,0,0129240740935657,0,0,45629,8854178179,42808,7795562667,0,
260-270C*,0,0175904015476033,543,150024,209,751556746286,847,38395982944,0,198609555146364,339,247425123303,25,7356718296647,48,4372202183254,0,0111383893624128,60,8354236624585,7,14156820634121,246,058971719376,0,0,49,1019601353382,377,071287725423,256,976228763401,27,480187422634,36,237278622634,5,96857151875027,43,125727693702,0,98,02665644505,0,0,68,295756651585,8,43705208797264,236,579964198801,1,47183319261305,3,54988780554463,30,4438514071793,39,2009426071793,17,4495434888627,0,178861440617637,0,000185575005328114,0,0,00427979722025108,0,0,40374092560709,37,3090160511029,2,87822326946653,2,36184379456936,2,00676973597124,3,68689552089233,0,0,0,0,0,0,0,0,0,0,0,0,0,0,0,0,0,0,0,0,0,0,0,0,0,0,0,0,0,0,0,0,0,0,0,0,0,0,0,0,0,0,0,0,0,0,0,0,0,0,0,0,0,0,0,0,0,0,0,0,0,0,0,0,0,0,0,0,0,0,0,0,0,0,0,0,0,0,0,0,0,0,0,0,0,0,0,0,0,0,0,0,0,0,0,0,8,43705208797264,68,295756651585,0,0,0,0,0,0,0,0,0,0,0,0,0,0,538,15,1,12798994532065,13,3808315566885,86,3140758703285,0,0,0,00530446504231859,0,0,0,0,0,0,0,0,0,0,0,1,27307161015646E-05,0,0,0,0,0,0,0,0158815683367019,0,0,45541,8870956054,42737,3413457096,0,
270-280C*,0,0172167812466855,553,150024,218,841022135657,852,166976230208,0,227855074721169,340,817057309302,26,9155942498801,50,1365201069019,0,0173624200096843,69,0013516160062,7,23543741603066,250,976158380104,0,0,49,9063329689217,381,92947140677,262,011221115881,25,8175270687213,34,5746182687213,6,7822757680544,43,9358665910166,0,115,294921382976,0,0,66,3021299820655,5,92761330208151,242,138792467911,1,4742850568735,3,35820597708385,29,0325861691612,37,7896773691612,17,0127498565593,0,211755874094936,8,1464255802727E-05,0,0,00244713928527653,0,0,629347681913909,36,1512542784957,3,25388228494465,2,65308186080341,2,24123078694973,3,91478721340354,0,0,0,0,0,0,0,0,0,0,0,0,0,0,0,0,0,0,0,0,0,0,0,0,0,0,0,0,0,0,0,0,0,0,0,0,0,0,0,0,0,0,0,0,0,0,0,0,0,0,0,0,0,0,0,0,0,0,0,0,0,0,0,0,0,0,0,0,0,0,0,0,0,0,0,0,0,0,0,0,0,0,0,0,0,0,0,0,0,0,0,0,0,0,0,0,5,92761330208151,66,3021299820655,0,0,0,0,0,0,0,0,0,0,0,0,0,0,548,15,1,23395142266253,13,3352540757911,86,3323559336016,0,0,0,00629227207075419,0,0,0,0,0,0,0,0,0,0,0,1,51014529698101E-05,0,0,0,0,0,0,0,018839062579838,0,0,45493,3792270228,42702,60424605,0,
280-290C*,0,0171861018836936,563,150024,228,238970818608,856,825311003474,0,258267976586588,342,368093924946,28,0726553000199,52,200157104042,0,0235864506569559,70,0966896308829,7,32773694092749,255,878883051275,0,0,50,6920160761092,386,57928779754,267,391524777652,24,1548667148085,32,9119579148085,7,64172722963002,42,7501644012867,0,132,563186320903,0,0,64,2856174703501,5,04967849467125,247,654240618708,1,47662635356892,3,17262709904324,27,6213209311431,36,3784121311431,16,5945400151489,0,245310152939966,0,0,0,00138052215698748,0,0,854954438220727,35,0390318191135,3,71206817695125,2,99333969053935,2,51081765272395,4,14721520137362,0,0,0,0,0,0,0,0,0,0,0,0,0,0,0,0,0,0,0,0,0,0,0,0,0,0,0,0,0,0,0,0,0,0,0,0,0,0,0,0,0,0,0,0,0,0,0,0,0,0,0,0,0,0,0,0,0,0,0,0,0,0,0,0,0,0,0,0,0,0,0,0,0,0,0,0,0,0,0,0,0,0,0,0,0,0,0,0,0,0,0,0,0,0,0,0,5,04967849467125,64,2856174703501,0,0,0,0,0,0,0,0,0,0,0,0,0,0,558,15,1,35330983207905,13,2896095233388,86,3784247709075,0,0,0,00728007909918979,0,0,0,0,0,0,0,0,0,0,0,1,74721898380555E-05,0,0,0,0,0,0,0,0217965568229742,0,0,45404,1159016416,42629,2831776884,0,
290-300C*,0,0164134598537008,573,150024,237,934591236839,861,368624949828,0,289236444984912,343,8958208884,29,2046009880217,54,666688235029,0,0298104813042274,81,7416267200962,7,41846219056535,260,735710007923,0,0,51,4590664947779,391,021760414127,272,452036854419,22,4922063608958,31,2492975608958,8,5469259034771,41,8957808408707,0,149,83145125883,0,0,62,2484731085012,3,43753092410035,253,082537168047,1,47886207063732,2,99314988262202,26,210055693125,34,9671468931251,16,1868110604627,0,279006432964464,0,0,0,000768003459251162,0,1,08056119452755,33,9511808169384,4,27742739453369,3,39297813137348,2,82178435301323,4,38047068833556,0,0,0,0,0,0,0,0,0,0,0,0,0,0,0,0,0,0,0,0,0,0,0,0,0,0,0,0,0,0,0,0,0,0,0,0,0,0,0,0,0,0,0,0,0,0,0,0,0,0,0,0,0,0,0,0,0,0,0,0,0,0,0,0,0,0,0,0,0,0,0,0,0,0,0,0,0,0,0,0,0,0,0,0,0,0,0,0,0,0,0,0,0,0,0,0,3,43753092410035,62,2484731085012,0,0,0,0,0,0,0,0,0,0,0,0,0,0,568,15,1,48807015192921,13,2445225499129,86,3863521517958,0,0,0,00826788612762538,0,0,0,0,0,0,0,0,0,0,0,1,98429267063009E-05,0,0,0,0,0,0,0,0247540510661104,0,0,45316,7755672259,42557,457285306,0,
300-310C*,0,015617680024819,583,150024,247,910033819575,865,80657886986,0,320148664158433,345,395524117832,30,3091773218235,56,6676923125547,0,036034511951499,96,3768279671085,7,50764431402301,265,515203525081,0,0,52,2072447435893,395,258380814762,277,538332500632,20,8295460069831,29,5866372069831,9,49787178959565,40,7060447357513,0,157,56301085638,0,0,60,1929508885809,2,62626295169396,258,379910632781,1,48099733356684,2,81976766494666,24,798790455107,33,555881655107,15,7814600883323,0,312326869980167,0,0,0,000421107916783318,0,1,30616795083436,32,8662467875877,4,98403525621439,3,86500333804994,3,18167263389694,4,61356939922525,0,0,0,0,0,0,0,0,0,0,0,0,0,0,0,0,0,0,0,0,0,0,0,0,0,0,0,0,0,0,0,0,0,0,0,0,0,0,0,0,0,0,0,0,0,0,0,0,0,0,0,0,0,0,0,0,0,0,0,0,0,0,0,0,0,0,0,0,0,0,0,0,0,0,0,0,0,0,0,0,0,0,0,0,0,0,0,0,0,0,0,0,0,0,0,0,2,62626295169396,60,1929508885809,0,0,0,0,0,0,0,0,0,0,0,0,0,0,578,15,1,64059453383604,13,2006178060944,86,3920102084543,0,0,0,0117541221732039,0,0,0,0,0,0,0,0,0,0,0,2,82098932156893E-05,0,0,0,0,0,0,0,0351918417865724,0,0,45231,4495374264,42487,240435302,0,
310-320C*,0,0148089343231291,593,150024,258,112475417283,870,211518880442,0,346496594869208,346,850068156045,31,3841303093627,58,5068093515681,0,0422585425987705,117,054462400913,7,59759905864913,269,936552388145,0,0,52,912268399068,399,291076094282,282,469858141725,19,1668856530703,27,9239768530703,9,49296615380342,39,4628886533458,0,222,857514647796,0,0,59,1229035368338,2,03030199508617,263,147444861414,1,48307416732918,2,65246820882936,23,3875252170889,32,1446164170889,15,3298430201911,0,340377379523129,0,0,0,000227456403777024,0,1,53177470714118,31,6534551427086,5,8325565037852,4,43045187988103,3,60470772883324,4,8455270589786,0,0,0,0,0,0,0,0,0,0,0,0,0,0,0,0,0,0,0,0,0,0,0,0,0,0,0,0,0,0,0,0,0,0,0,0,0,0,0,0,0,0,0,0,0,0,0,0,0,0,0,0,0,0,0,0,0,0,0,0,0,0,0,0,0,0,0,0,0,0,0,0,0,0,0,0,0,0,0,0,0,0,0,0,0,0,0,0,0,0,0,0,0,0,0,0,2,03030199508617,59,1229035368338,0,0,0,0,0,0,0,0,0,0,0,0,0,0,588,15,1,79702990778125,13,1700292472451,86,4042734856625,0,0,0,0236046640587827,0,0,0,0,0,0,0,0,0,0,0,5,66511937410785E-05,0,0,0,0,0,0,0,0706723641919954,0,0,45149,2105691224,42419,8074525547,0,
320-330C*,0,0139948744748754,603,150024,268,514974304759,874,56143977199,0,369636434829176,348,2610130567,32,4152889533297,60,2012307249557,0,0484825732460421,137,732096834717,7,68738701145203,273,431754108015,0,0,53,5858900237927,403,122175907082,287,21762087899,17,5042252991576,26,2613164991576,8,97173506530009,38,2105719306631,0,299,771257374596,0,0,58,6129759813702,1,58819734438119,267,520754767534,1,48507921757393,2,49123350662534,21,9762599790708,30,7333511790709,14,8492991408188,0,364850591176071,0,0,0,000120956611860094,0,1,757381463448,30,3583235909993,6,86471031028849,5,11950216201513,4,11236283271951,5,07535939253153,0,0,0,0,0,0,0,0,0,0,0,0,0,0,0,0,0,0,0,0,0,0,0,0,0,0,0,0,0,0,0,0,0,0,0,0,0,0,0,0,0,0,0,0,0,0,0,0,0,0,0,0,0,0,0,0,0,0,0,0,0,0,0,0,0,0,0,0,0,0,0,0,0,0,0,0,0,0,0,0,0,0,0,0,0,0,0,0,0,0,0,0,0,0,0,0,1,58819734438119,58,6129759813702,0,0,0,0,0,0,0,0,0,0,0,0,0,0,598,15,1,96649638465102,13,1475680825588,86,4203202212111,0,0,0,0354552059443615,0,0,0,0,0,0,0,0,0,0,0,8,50924942664677E-05,0,0,0,0,0,0,0,106152886597418,0,0,45069,6420363572,42354,7227676368,0,
330-340C*,0,013182533241731,613,150024,279,086502447429,878,822962476121,0,39163178281633,349,632174107078,33,3063653099255,61,7566907312985,0,0547066038933137,158,409731268521,7,77558807382151,278,128196214014,0,0,54,2435536006335,406,754379347841,291,755769788674,15,8415649452449,24,5986561452449,8,48222407657477,37,0173593814345,0,376,685000101397,0,0,58,2114106134997,1,22594988726691,270,295266905463,1,48699255842832,2,33603958948981,20,5649947410528,29,3220859410528,14,3623511131904,0,38823368777361,0,0,6,32888462072036E-05,0,1,98298821975482,29,041032352805,8,16358536471844,5,96634853816832,4,72560736640116,5,30208212481994,0,0,0,0,0,0,0,0,0,0,0,0,0,0,0,0,0,0,0,0,0,0,0,0,0,0,0,0,0,0,0,0,0,0,0,0,0,0,0,0,0,0,0,0,0,0,0,0,0,0,0,0,0,0,0,0,0,0,0,0,0,0,0,0,0,0,0,0,0,0,0,0,0,0,0,0,0,0,0,0,0,0,0,0,0,0,0,0,0,0,0,0,0,0,0,0,1,22594988726691,58,2114106134997,0,0,0,0,0,0,0,0,0,0,0,0,0,0,608,15,2,162051892566,13,1259558837859,86,4359177310431,0,0,0,0473057478299404,0,0,0,0,0,0,0,0,0,0,0,0,000113533794791857,0,0,0,0,0,0,0,141633409002841,0,0,44992,1488722707,42291,3575312288,0,
340-350C*,0,0118720643242502,623,150024,289,770205611625,882,996847335454,0,412424075265641,350,960601023852,34,1611957249785,63,2245936530409,0,0609306345405852,179,087365702325,7,86199264015566,282,042268639699,0,602405138973455,0,54,8873976638849,410,190721987614,296,067288071389,14,1789045913321,22,9359957913321,8,02443318762744,35,8478035865779,0,453,598742828197,0,0,57,8143710873941,0,927602760381228,274,104322275138,1,48881440084089,2,18685634345409,19,1537295030347,27,9108207030347,13,8685999406098,0,410630238283195,0,0,3,25624266988254E-05,0,2,20859497606164,27,700301352443,9,81918630082801,7,01836283121948,5,47326268710711,5,52471098077974,0,0,0,0,0,0,0,0,0,0,0,0,0,0,0,0,0,0,0,0,0,0,0,0,0,0,0,0,0,0,0,0,0,0,0,0,0,0,0,0,0,0,0,0,0,0,0,0,0,0,0,0,0,0,0,0,0,0,0,0,0,0,0,0,0,0,0,0,0,0,0,0,0,0,0,0,0,0,0,0,0,0,0,0,0,0,0,0,0,0,0,0,0,0,0,0,0,927602760381228,57,8143710873941,0,0,0,0,0,0,0,0,0,0,0,0,0,0,618,15,2,38906812418875,13,1041830143219,86,4510660151587,0,0,511587502023616,0,0591562897155192,0,0,0,0,0,0,0,0,0,0,0,0,000141975095317246,0,0,0,0,0,0,602405138973455,0,177113931408264,0,0,44916,6717742595,42229,6618873855,0,
350-360C*,0,0107310222567452,633,150024,300,494277428445,887,08385469261,0,43195474861208,352,243343523697,34,9835758960552,64,6539836704516,0,0671546651878568,181,859628279335,7,94639904818875,285,840474548357,0,631956468027699,0,55,5193402833229,413,434543330691,300,12661003524,12,5162442374194,21,2733354374194,7,59836239845813,34,7254627320789,0,530,512485554997,0,0,57,4180617054867,0,62055359746952,277,913377644814,1,48083948608463,2,04364733386237,17,7424642650166,26,4995554650166,13,3676466263809,0,432143811672273,0,0,1,64630325732032E-05,0,2,43420173236846,26,3348313449711,11,9590423932324,8,34053836746803,6,39391158006753,5,74226168534684,0,0,0,0,0,0,0,0,0,0,0,0,0,0,0,0,0,0,0,0,0,0,0,0,0,0,0,0,0,0,0,0,0,0,0,0,0,0,0,0,0,0,0,0,0,0,0,0,0,0,0,0,0,0,0,0,0,0,0,0,0,0,0,0,0,0,0,0,0,0,0,0,0,0,0,0,0,0,0,0,0,0,0,0,0,0,0,0,0,0,0,0,0,0,0,0,0,62055359746952,57,4180617054867,0,0,0,0,0,0,0,0,0,0,0,0,0,0,628,15,2,65431822776243,13,0812398375623,86,4657650735578,0,0,532772499389505,0,071006831601098,0,0,0,0,0,0,0,0,0,0,0,0,000170416395842635,0,0,0,0,0,0,631956468027699,0,212594453813687,0,0,44843,1499284937,42169,5841132391,0,
360-370C*,0,0100262729724362,643,150024,311,170122836733,891,084744890209,0,450165239290616,353,477451323288,35,7773015207221,66,0554730551243,0,0733786958351283,204,669312662751,8,02861399293264,289,526788795842,0,661507797081942,0,56,1411043098702,416,489454925612,303,919595511054,10,8535838835067,19,6106750835067,7,20401170906683,33,6502972488023,0,553,521892402842,0,0,57,0186867702111,0,294229696073349,283,139283529333,1,48310587119237,1,90636963983694,16,3311990269986,25,0882902269986,12,8590921738076,0,452877976908292,0,0,8,17339486242814E-06,0,2,65980848867528,24,9433033350285,14,7668893071067,10,0233256463402,7,5398509077603,5,95374996345714,0,0,0,0,0,0,0,0,0,0,0,0,0,0,0,0,0,0,0,0,0,0,0,0,0,0,0,0,0,0,0,0,0,0,0,0,0,0,0,0,0,0,0,0,0,0,0,0,0,0,0,0,0,0,0,0,0,0,0,0,0,0,0,0,0,0,0,0,0,0,0,0,0,0,0,0,0,0,0,0,0,0,0,0,0,0,0,0,0,0,0,0,0,0,0,0,0,294229696073349,57,0186867702111,0,0,0,0,0,0,0,0,0,0,0,0,0,0,638,15,2,96642120554539,13,0561167169026,86,4800149062403,0,0,553983655357604,0,0828573734866768,0,0,0,0,0,0,0,0,0,0,0,0,000198857696368024,0,0,0,0,0,0,661507797081942,0,24807497621911,0,0,44771,5212772502,42111,0709137784,0,
370-380C*,0,00939751427250885,653,150024,321,69030030485,895,000278270871,0,466996983736219,354,659974139299,36,5461682965455,67,387096477144,0,0796027264823999,229,49979966047,8,10845293175415,293,105186238008,0,691059126136186,0,56,7542393489637,419,359309332442,307,439569228526,9,19092352959392,17,9480147295939,6,84550898424506,32,612903522856,0,643,19407857069,0,0,56,6083227192094,1,31418841049375E-14,286,60852804281,1,4854031190273,1,77497370056813,14,9199337889805,23,6770249889805,12,3412146478949,0,472936302958701,0,0,3,98175321496617E-06,0,2,88541524498209,23,5207368540675,18,5122178274949,12,1945384776968,8,98291273535138,6,15819154004655,0,0,0,0,0,0,0,0,0,0,0,0,0,0,0,0,0,0,0,0,0,0,0,0,0,0,0,0,0,0,0,0,0,0,0,0,0,0,0,0,0,0,0,0,0,0,0,0,0,0,0,0,0,0,0,0,0,0,0,0,0,0,0,0,0,0,0,0,0,0,0,0,0,0,0,0,0,0,0,0,0,0,0,0,0,0,0,0,0,0,0,0,0,0,0,0,1,31418841049375E-14,56,6083227192094,0,0,0,0,0,0,0,0,0,0,0,0,0,0,648,15,3,33645279991001,13,0278040157383,86,4938155132063,0,0,575223939892532,0,0947079153722557,0,0,0,0,0,0,0,0,0,0,0,0,000227298996893414,0,0,0,0,0,0,691059126136186,0,283555498624533,0,0,44701,7227516641,42054,0676796345,0,
380-390C*,0,00884056319375756,663,150024,331,926717629113,898,831215177216,0,48239141838386,355,787961688405,37,293971921092,68,386147130779,0,0858267571296714,256,449550196915,8,18574047419051,296,57964173071,0,720610455190429,0,57,3601409378618,422,048170118079,310,700182679201,7,52826317568119,16,2853543756812,6,55429770803082,31,613852869221,0,739,140819941601,0,0,56,1517303708772,1,3151678442622E-14,289,916933500978,1,4877284865272,1,64940317535506,13,5086685509624,22,2657597509624,11,8035377380354,0,492422358790946,0,0,1,90189923734545E-06,0,3,11102200128891,22,0378806211631,23,5979653332247,15,0377621963918,10,8231683399893,6,35460214005099,0,0,0,0,0,0,0,0,0,0,0,0,0,0,0,0,0,0,0,0,0,0,0,0,0,0,0,0,0,0,0,0,0,0,0,0,0,0,0,0,0,0,0,0,0,0,0,0,0,0,0,0,0,0,0,0,0,0,0,0,0,0,0,0,0,0,0,0,0,0,0,0,0,0,0,0,0,0,0,0,0,0,0,0,0,0,0,0,0,0,0,0,0,0,0,0,1,3151678442622E-14,56,1517303708772,0,0,0,0,0,0,0,0,0,0,0,0,0,0,658,15,3,77879514353992,12,9952920974648,86,5071668944558,0,0,596495874769021,0,106558457257835,0,0,0,0,0,0,0,0,0,0,0,0,000255740297418803,0,0,0,0,0,0,720610455190429,0,319036021029957,0,0,44633,6904741331,41998,5187123555,0,
390-400C*,0,0083331751165307,673,150024,342,470318260125,902,552234021552,0,495412541170695,356,843171345117,38,0245080919281,69,3474253772854,0,092050787776943,289,37525310717,8,25925691574467,299,960881530008,0,750161784244673,0,57,9694227937204,424,56028302246,313,865076063467,5,86560282176845,14,6226940217685,6,29083969946259,30,6525746227145,0,840,938619494438,0,0,55,6846522086093,1,31678491360556E-14,293,082466717848,1,49006349873516,1,52959481945341,12,0974033129444,20,8544945129444,11,2583340287278,0,511590735020593,0,0,8,89990331363295E-07,0,3,33662875759573,20,5281262073768,30,3353251639747,18,6703037432027,13,1138494916314,6,53402750589204,0,0,0,0,0,0,0,0,0,0,0,0,0,0,0,0,0,0,0,0,0,0,0,0,0,0,0,0,0,0,0,0,0,0,0,0,0,0,0,0,0,0,0,0,0,0,0,0,0,0,0,0,0,0,0,0,0,0,0,0,0,0,0,0,0,0,0,0,0,0,0,0,0,0,0,0,0,0,0,0,0,0,0,0,0,0,0,0,0,0,0,0,0,0,0,0,1,31678491360556E-14,55,6846522086093,0,0,0,0,0,0,0,0,0,0,0,0,0,0,668,15,4,29627115133282,12,9528577650829,86,5184844637688,0,0,617801605504075,0,141008206592043,0,0,0,0,0,0,0,0,0,0,0,0,000338419695820903,0,0,0,0,0,0,750161784244673,0,422178570536577,0,0,44567,6948524347,41944,6250877582,0,
400-410C*,0,00779005554652694,683,150024,357,028796829228,905,972479080047,0,500555434420028,357,710549278755,38,7415725066201,70,2875938578244,0,0982748184242145,330,346167646341,8,32100342719117,303,30237297006,0,779713113298916,0,58,6513893907386,426,900048411183,317,928001165809,4,20294246785572,12,9600336678557,6,050211041694,29,7124061421756,0,946,617057947585,0,0,55,2082164516859,1,31891918251405E-14,296,194687148579,1,49228687426448,1,4154783779144,10,6861380749263,19,4432292749263,10,706782588088,0,531625974236588,0,0,4,07653247615336E-07,0,3,56223551390255,18,9945027963156,36,4040115396183,21,9293995354852,15,173257838498,6,64380353574018,0,0,0,0,0,0,0,0,0,0,0,0,0,0,0,0,0,0,0,0,0,0,0,0,0,0,0,0,0,0,0,0,0,0,0,0,0,0,0,0,0,0,0,0,0,0,0,0,0,0,0,0,0,0,0,0,0,0,0,0,0,0,0,0,0,0,0,0,0,0,0,0,0,0,0,0,0,0,0,0,0,0,0,0,0,0,0,0,0,0,0,0,0,0,0,0,1,31891918251405E-14,55,2082164516859,0,0,0,0,0,0,0,0,0,0,0,0,0,0,678,15,4,76257789458862,12,8691664833579,86,5171277844323,0,0,639142959842566,0,219327005679474,0,0,0,0,0,0,0,0,0,0,0,0,000526384813630738,0,0,0,0,0,0,779713113298916,0,656665055004346,0,0,44506,1324232302,41894,2243367741,0,
410-420C*,0,00731142101115775,693,150024,371,522591681183,909,315074694252,0,505698327669362,358,517268403973,39,4489608627346,71,22284341551,0,104498849071486,371,317082185512,8,37975836626253,306,550642951639,0,80926444235316,0,59,3269074183007,429,07199510456,321,66290787062,2,54028211394299,11,297373313943,5,8274878178786,28,77715658449,0,1058,19352775664,0,0,54,7235513193868,1,32145280252344E-14,299,164025681344,1,4945297872904,1,30697649972307,9,27487283690824,18,0319640369082,10,1500624842325,0,551315295329562,0,0,1,82602213192908E-07,0,3,78784227020937,17,4400908233438,44,0338198771239,25,9301196575479,17,6581657623951,6,75357956558832,0,0,0,0,0,0,0,0,0,0,0,0,0,0,0,0,0,0,0,0,0,0,0,0,0,0,0,0,0,0,0,0,0,0,0,0,0,0,0,0,0,0,0,0,0,0,0,0,0,0,0,0,0,0,0,0,0,0,0,0,0,0,0,0,0,0,0,0,0,0,0,0,0,0,0,0,0,0,0,0,0,0,0,0,0,0,0,0,0,0,0,0,0,0,0,0,1,32145280252344E-14,54,7235513193868,0,0,0,0,0,0,0,0,0,0,0,0,0,0,688,15,5,29655616903975,12,7854752016329,86,5156011802399,0,0,660521495683747,0,297645804766906,0,0,0,0,0,0,0,0,0,0,0,0,000714349931440574,0,0,0,0,0,0,80926444235316,0,891151539472116,0,0,44446,0860196886,41845,0657296296,0,
420-430C*,0,00688883194824813,703,150024,385,944598512129,912,596165207372,0,510841220918695,359,269381733638,40,150468857838,72,168982169498,0,110722879718758,386,966788235794,8,43605092985969,309,705691474746,0,838815771407403,0,59,9915515958177,431,080755649549,325,101456829575,0,877621760030255,9,63471296003026,5,61774611117001,27,831017830502,0,1175,66802892162,0,0,54,231785030992,1,32426935556217E-14,301,990482316142,1,49679991770344,1,2040046746617,7,86360759889017,16,6206987988902,9,58935278527724,0,570658698299516,0,0,7,99114963384254E-08,0,4,01344902651619,15,868023387758,53,7077630436397,30,8771807741252,20,6758901366976,6,98016424001824,0,0,0,0,0,0,0,0,0,0,0,0,0,0,0,0,0,0,0,0,0,0,0,0,0,0,0,0,0,0,0,0,0,0,0,0,0,0,0,0,0,0,0,0,0,0,0,0,0,0,0,0,0,0,0,0,0,0,0,0,0,0,0,0,0,0,0,0,0,0,0,0,0,0,0,0,0,0,0,0,0,0,0,0,0,0,0,0,0,0,0,0,0,0,0,0,1,32426935556217E-14,54,231785030992,0,0,0,0,0,0,0,0,0,0,0,0,0,0,698,15,5,9103673166859,12,7646171144285,86,5139617441351,0,0,681938540638241,0,375964603854337,0,0,0,0,0,0,0,0,0,0,0,0,000902315049250409,0,0,0,0,0,0,838815771407403,1,12563802393988,0,0,44387,3012840005,41796,9468555788,0,
430-440C*,0,00651478049447791,713,150024,400,2901885845,915,831894962614,0,515984114168028,359,972942280619,40,8498921894967,73,1414918700359,0,116946910366029,425,922172587908,8,49043481346056,312,767518539381,0,868367100461647,0,60,6409147331746,432,931043079548,328,272399034581,-0,785038593882479,7,97205260611752,5,41606200472178,26,8585081299641,0,1299,0405614425,0,0,53,7340458057815,1,32725292782971E-14,304,674057052975,1,49910551456441,1,10647119543235,6,4523423608721,15,2094335608721,9,02583255933846,0,58965618314645,0,0,3,41314212017786E-08,0,4,239055782823,14,2814873758016,66,0821789808175,37,0411728884431,24,3654217447283,7,10783645618094,0,0,0,0,0,0,0,0,0,0,0,0,0,0,0,0,0,0,0,0,0,0,0,0,0,0,0,0,0,0,0,0,0,0,0,0,0,0,0,0,0,0,0,0,0,0,0,0,0,0,0,0,0,0,0,0,0,0,0,0,0,0,0,0,0,0,0,0,0,0,0,0,0,0,0,0,0,0,0,0,0,0,0,0,0,0,0,0,0,0,0,0,0,0,0,0,1,32725292782971E-14,53,7340458057815,0,0,0,0,0,0,0,0,0,0,0,0,0,0,708,15,6,61876043424924,12,687978189176,86,5122094761179,0,0,703395224893705,0,454283402941768,0,0,0,0,0,0,0,0,0,0,0,0,00109028016706024,0,0,0,0,0,0,868367100461647,1,36012450840765,0,0,44329,5264172394,41749,6673872667,0,
440-450C*,0,00618255547486469,723,150024,414,557192781135,919,038408303185,0,521127007417362,360,634003057783,41,5510265552773,74,155553609731,0,123170941013301,467,638540721353,8,54348436347291,315,736124145543,0,89791842951589,0,61,2706109887814,434,62762918757,331,201832349485,-2,44769894779522,6,30939225220478,5,21751158168753,25,844446390269,0,1428,31112531929,0,0,53,2314618630352,1,33028739948942E-14,307,214749891843,1,50145537988856,1,01427714766755,5,04107712285403,13,798168322854,8,46068087453233,0,608307749870363,0,0,1,4212435536791E-08,0,4,46466253912982,12,6837242945167,82,057270045927,44,7826721570935,28,9080832846065,7,22592964493786,0,0,0,0,0,0,0,0,0,0,0,0,0,0,0,0,0,0,0,0,0,0,0,0,0,0,0,0,0,0,0,0,0,0,0,0,0,0,0,0,0,0,0,0,0,0,0,0,0,0,0,0,0,0,0,0,0,0,0,0,0,0,0,0,0,0,0,0,0,0,0,0,0,0,0,0,0,0,0,0,0,0,0,0,0,0,0,0,0,0,0,0,0,0,0,0,1,33028739948942E-14,53,2314618630352,0,0,0,0,0,0,0,0,0,0,0,0,0,0,718,15,7,43970363794587,12,6049334653798,86,5103443761885,0,0,724892508688235,0,5326022020292,0,0,0,0,0,0,0,0,0,0,0,0,00127824528487008,0,0,0,0,0,0,89791842951589,1,59461099287542,0,0,44272,5122732483,41703,029213999,0,
450-460C*,0,00639244282796547,733,150024,428,745933701664,922,23184957229,0,526269900666695,361,258617077997,42,3325452618032,75,4440271562509,0,129394971660572,512,226094273934,8,59579156820444,318,611508293233,0,927469758570133,0,61,8762807904917,436,175324321093,333,921616467358,-4,11035930170795,4,64673189829205,4,96482973418938,24,555972843749,0,1563,479720552,0,0,52,7026250040074,1,3322505018828E-14,309,612560832744,1,50385886114143,0,927316430536733,3,62981188483597,12,386903084836,7,88306978282995,0,626613398471256,0,0,5,76302027866878E-09,0,4,69026929543664,11,0438719688453,102,879711556041,54,5862318553806,34,5422061489801,7,33444380628901,0,0,0,0,0,0,0,0,0,0,0,0,0,0,0,0,0,0,0,0,0,0,0,0,0,0,0,0,0,0,0,0,0,0,0,0,0,0,0,0,0,0,0,0,0,0,0,0,0,0,0,0,0,0,0,0,0,0,0,0,0,0,0,0,0,0,0,0,0,0,0,0,0,0,0,0,0,0,0,0,0,0,0,0,0,0,0,0,0,0,0,0,0,0,0,0,1,3322505018828E-14,52,7026250040074,0,0,0,0,0,0,0,0,0,0,0,0,0,0,728,15,8,39518825152043,12,51548294304,86,5083664443466,0,0,746431205406292,0,610921001116631,0,0,0,0,0,0,0,0,0,0,0,0,00146621040267991,0,0,0,0,0,0,927469758570133,1,82909747734319,0,0,44216,0124520222,41656,8365671355,0,
460-480C*,0,0126508636375373,753,150024,449,888109322467,927,032817092715,0,533984240540695,362,140441404684,43,5609229746206,77,6600807703588,0,13873101763148,584,731963346378,8,6328302375428,322,749794280132,2,36260092267206,0,62,7302820212537,438,019598392475,337,645263838457,-6,60434983257705,2,15274136742295,4,53553237694096,22,3399192296412,0,1777,2914221934,0,0,51,9035446484384,1,3341213832826E-14,312,94137368541,1,50758640877294,0,768635012495775,1,51291402780886,10,2700052278089,7,01009207792631,0,653423274891932,0,0,8,70669017649523E-10,0,5,02867942989687,8,55229659669381,147,206018139641,74,6584662123996,45,7584578402236,7,4792543719299,0,0,0,0,0,0,0,0,0,0,0,0,0,0,0,0,0,0,0,0,0,0,0,0,0,0,0,0,0,0,0,0,0,0,0,0,0,0,0,0,0,0,0,0,0,0,0,0,0,0,0,0,0,0,0,0,0,0,0,0,0,0,0,0,0,0,0,0,0,0,0,0,0,0,0,0,0,0,0,0,0,0,0,0,0,0,0,0,0,0,0,0,0,0,0,0,1,3341213832826E-14,51,9035446484384,0,0,0,0,0,0,0,0,0,0,0,0,0,0,743,15,10,1415393686477,12,3692962872609,86,5051879867483,0,1,84447244246387,0,728399199747778,0,0,0,0,0,0,0,0,0,0,0,0,00174815807939467,0,0,0,0,0,2,36260092267206,2,18082720404485,0,0,44131,6951127469,41587,9608257373,0,
480-500C*,0,0111066869808138,773,150024,477,844574304926,933,539035406414,0,533607111321924,363,24513831104,45,1858387406521,80,7766550490359,0,186121389712235,692,405610531078,8,73943830159,327,941233824678,4,27277417750228,0,000639059586564855,63,7448444426378,440,323947877575,342,026003257029,-9,92967054040252,-1,17257934040252,3,94896957650329,19,2233449509641,0,2053,04703918083,0,0,50,8651916828446,1,33601331201622E-14,316,879704179417,1,51284120893494,0,629437382343112,-1,30961644822727,7,44747475177274,5,86427309215393,0,684747161060566,0,0,1,1643634649436E-10,0,5,68448132211855,5,25794486573783,246,564906204553,117,084624172679,68,4832165453313,7,63880853019757,0,0,0,0,0,0,0,0,0,0,0,0,0,0,0,0,0,0,0,0,0,0,0,0,0,0,0,0,0,0,0,0,0,0,0,0,0,0,0,0,0,0,0,0,0,0,0,0,0,0,0,0,0,0,0,0,0,0,0,0,0,0,0,0,0,0,0,0,0,0,0,0,0,0,0,0,0,0,0,0,0,0,0,0,0,0,0,0,0,0,0,0,0,0,0,0,1,33601331201622E-14,50,8651916828446,0,0,0,0,0,0,0,0,0,0,0,0,0,0,763,15,13,2516453400179,12,2167500386648,86,5005551315906,0,3,43975941879438,1,14917875812873,0,0,0,0,0,0,0,0,0,0,0,0,00275802901950895,0,0,0,0,0,4,27277417750228,3,44064120183741,0,0,44020,233891195,41497,2328712547,0,
500-520C*,0,00959612975637445,793,150024,504,451544146674,941,064476960024,0,452339713132025,364,424089994496,46,7811371184916,83,9810720039442,0,567470986637607,813,48516779876,8,88772274587217,329,696171018408,6,16687571662339,0,00738589623070581,64,3241670995625,442,116291793548,345,703131544384,-13,254991248228,-4,49790004822799,3,35835672653336,16,0189279960558,2,57184109056207,2169,16628895091,0,0,49,8605061549751,1,3372588174072E-14,317,645361902114,1,51905584176608,0,508626455523088,-4,1321469242634,4,6249442757366,4,75891315071287,0,700363590634559,0,0,1,36162812895303E-11,2,29160866476165,8,29562546643534,2,05403822498433,443,934744345617,196,227347654804,109,013473294178,7,59243327884491,0,0,0,0,0,0,0,0,0,0,0,0,0,0,0,0,0,0,0,0,0,0,0,0,0,0,0,0,0,0,0,0,0,0,0,0,0,0,0,0,0,0,0,0,0,0,0,0,0,0,0,0,0,0,0,0,0,0,0,0,0,0,0,0,0,0,0,0,0,0,0,0,0,0,0,0,0,0,0,0,0,0,0,0,0,0,0,0,0,0,0,0,0,0,0,0,1,3372588174072E-14,49,8605061549751,0,0,0,0,0,0,0,0,0,0,0,0,0,0,783,15,18,109868658052,12,4509176787091,86,4973047109483,0,5,131625519335,1,86190469357957,0,0,0,0,0,0,0,0,0,0,0,0,00446857126459097,0,0,0,0,0,6,16687571662339,5,57454265257723,0,0,43901,2047593959,41401,5809004934,0,
520-540C*,0,00818096474921521,813,150024,528,360590513362,950,626387315253,0,405165352633094,365,841918972493,48,3306177587036,87,1681870985552,0,948820583562979,948,9896294974,9,12468108853513,323,976694555607,8,04490554003541,0,0141327328748468,64,155557946788,443,434260082625,348,660984931026,-16,5803119560535,-7,82322075605346,2,77693750175202,12,8318129014448,10,4275366012399,2523,85284889026,0,0,48,8924447395444,1,33789790197418E-14,311,017983824875,1,52703539715246,0,405005295811319,-6,95467740029954,1,80241379970046,3,71551921633445,0,748064016662989,0,0,1,37320032233685E-12,9,29133347904413,10,9067696107521,-0,993575541737939,897,185699919787,367,399538549057,192,990127622549,7,18741302017993,0,0,0,0,0,0,0,0,0,0,0,0,0,0,0,0,0,0,0,0,0,0,0,0,0,0,0,0,0,0,0,0,0,0,0,0,0,0,0,0,0,0,0,0,0,0,0,0,0,0,0,0,0,0,0,0,0,0,0,0,0,0,0,0,0,0,0,0,0,0,0,0,0,0,0,0,0,0,0,0,0,0,0,0,0,0,0,0,0,0,0,0,0,0,0,0,1,33789790197418E-14,48,8924447395444,0,0,0,0,0,0,0,0,0,0,0,0,0,0,803,15,26,9823143662491,12,2470985205766,86,4977542247028,0,6,88920710333171,2,57463062903041,0,0,0,0,0,0,0,0,0,0,0,0,00617911350967299,0,0,0,0,0,8,04490554003541,7,70844410331705,0,0,43739,1364920884,41269,7806838317,0,
540-560C*,0,00684879308125958,833,150024,552,077084462625,960,544427906028,0,280292166164785,367,277863850781,49,7799855238471,90,0936240434556,1,33017018048835,1099,85140206606,9,38096562742111,318,840557190987,9,93833101786401,0,0208795695189877,63,8275391435796,444,314445340833,351,293093945413,-19,9056326638789,-11,1485414638789,2,21795557688014,9,90637595654441,18,2832321119178,2878,53940882962,0,0,48,0020588992727,1,33807835922707E-14,305,417458010141,1,53567177260995,0,317287927230379,-9,77720787633567,-1,02011667633567,2,78513004739982,0,795764442691419,0,0,1,17550415132813E-13,16,2910582933266,13,5179137550689,-3,73021596093562,1959,44862794384,738,18540160994,364,633255987455,6,78028779952409,0,0,0,0,0,0,0,0,0,0,0,0,0,0,0,0,0,0,0,0,0,0,0,0,0,0,0,0,0,0,0,0,0,0,0,0,0,0,0,0,0,0,0,0,0,0,0,0,0,0,0,0,0,0,0,0,0,0,0,0,0,0,0,0,0,0,0,0,0,0,0,0,0,0,0,0,0,0,0,0,0,0,0,0,0,0,0,0,0,0,0,0,0,0,0,0,1,33807835922707E-14,48,0020588992727,0,0,0,0,0,0,0,0,0,0,0,0,0,0,823,15,42,0705580990811,12,0352634061012,86,4981611981544,0,8,72347922952847,3,28735656448125,0,0,0,0,0,0,0,0,0,0,0,0,00788965575475501,0,0,0,0,0,9,93833101786401,9,84234555405687,0,0,43573,4971280276,41135,3389782585,0,
560-580C*,0,00544286717156813,853,150024,576,30009240707,970,63213464066,0,218924175795392,368,728173141189,51,0866651114748,92,5601987222091,1,71151977741372,1267,00141065078,9,64872239573533,313,98214228424,11,8815493176217,0,0276264061631287,63,4119126714519,444,792138347168,353,69540925043,-23,2309533717044,-14,4738621717044,1,69465462663859,7,43980127779086,26,1389276225957,3233,22596876897,0,0,47,2186802618865,1,33792004677178E-14,300,305807251278,1,54485600956835,0,244113517952002,-12,5997383523718,-3,8426471523718,2,00969896592984,0,843464868719849,0,0,8,38721298380265E-15,23,2907831076091,16,1290578993857,-6,02482026682718,4664,00218423363,1604,60183215764,741,059302721035,6,37105761687739,0,0,0,0,0,0,0,0,0,0,0,0,0,0,0,0,0,0,0,0,0,0,0,0,0,0,0,0,0,0,0,0,0,0,0,0,0,0,0,0,0,0,0,0,0,0,0,0,0,0,0,0,0,0,0,0,0,0,0,0,0,0,0,0,0,0,0,0,0,0,0,0,0,0,0,0,0,0,0,0,0,0,0,0,0,0,0,0,0,0,0,0,0,0,0,0,1,33792004677178E-14,47,2186802618865,0,0,0,0,0,0,0,0,0,0,0,0,0,0,843,149999999999,69,1044787219924,11,8199046261172,86,498549471679,0,10,6573493296278,4,05412936184135,0,0,0,0,0,0,0,0,0,0,0,0,00972991046841924,0,0,0,0,0,11,8815493176217,12,138063309353,0,0,43407,1785203094,41000,5782890301,0,
580-600C*,0,00459458671831042,873,150024,601,810736742206,980,703043427459,0,169091347767493,370,18909535555,52,3331859452781,94,828716082596,2,0928693743391,1451,3283764371,9,91878306747742,309,401449835366,13,7471825712441,0,0343732428072696,62,9744751858281,444,901129982781,355,957342736457,-26,5562740795299,-17,7991828795299,1,22027832574824,5,17128391740401,33,9946231332736,3587,91252870832,0,0,46,4465357289737,1,33719253391659E-14,295,683031548285,1,55445832822463,0,184064057075606,-15,4222688284079,-6,66517762840794,1,33419575891129,0,891165294748279,0,0,4,8841076376234E-16,30,2905079218916,16,7487361108004,-8,03391777599614,12211,8294561077,3807,07648721556,1633,97274428581,5,95972247223982,0,0,0,0,0,0,0,0,0,0,0,0,0,0,0,0,0,0,0,0,0,0,0,0,0,0,0,0,0,0,0,0,0,0,0,0,0,0,0,0,0,0,0,0,0,0,0,0,0,0,0,0,0,0,0,0,0,0,0,0,0,0,0,0,0,0,0,0,0,0,0,0,0,0,0,0,0,0,0,0,0,0,0,0,0,0,0,0,0,0,0,0,0,0,0,0,1,33719253391659E-14,46,4465357289737,0,0,0,0,0,0,0,0,0,0,0,0,0,0,863,15,120,474329242217,11,6010221806246,86,4989190452766,0,12,5532997733472,6,56841736093428,0,0,0,0,0,0,0,0,0,0,0,0,0157642016662423,0,0,0,0,0,13,7471825712441,19,6658415786372,0,0,43242,9437333713,40867,7022520355,0,
600-625C*,0,00526621088349004,898,150024,633,104478389308,991,780567370173,0,126817539972423,371,840647564968,53,6779854342263,97,143561174754,2,22996308634011,1680,46219629957,10,181106887573,304,580135955808,15,7017367875534,0,0366244281074007,62,5309104849145,444,642476882759,358,401674699843,-30,2972598758335,-21,5401686758335,0,761575159194805,2,85643882524603,42,8322805827862,3986,93490864009,0,0,45,5604394065789,1,33566645520366E-14,291,066767347639,1,56556917197419,0,125242521934207,-18,5976156139486,-9,8405244139486,0,693699688445653,0,944828274030263,0,0,1,01130060428898E-17,38,1651983379593,19,9685111563112,-9,94766231774762,40929,719355037,11308,9551980844,4435,53215678719,5,49445434714284,0,0,0,0,0,0,0,0,0,0,0,0,0,0,0,0,0,0,0,0,0,0,0,0,0,0,0,0,0,0,0,0,0,0,0,0,0,0,0,0,0,0,0,0,0,0,0,0,0,0,0,0,0,0,0,0,0,0,0,0,0,0,0,0,0,0,0,0,0,0,0,0,0,0,0,0,0,0,0,0,0,0,0,0,0,0,0,0,0,0,0,0,0,0,0,0,1,33566645520366E-14,45,5604394065789,0,0,0,0,0,0,0,0,0,0,0,0,0,0,885,65,244,25485410394,11,3505675480173,86,4993124633174,0,14,5729992616581,9,39699135991383,0,0,0,0,0,0,0,0,0,0,0,0,0225527792637932,0,0,0,0,0,15,7017367875534,28,134592131582,0,0,43063,935622066,40723,0497206489,0,
625-650C*,0,00451002174416659,923,150024,672,619883956152,1003,46429714115,0,0969691490229996,373,679393801379,55,1200320668083,99,4206299714497,2,81252834875077,1963,66706844105,10,4718062450692,299,635364807483,17,0944972808341,0,0469943805077913,62,1892626184351,443,902909838266,361,043496012583,-34,4539107606154,-25,6968195606154,0,367121089787659,0,579370028550259,52,6518999711335,4140,68064881509,0,0,44,5128468434041,1,33306547513868E-14,286,663258813535,1,57799546814467,0,0817974709981389,-22,1257787089938,-13,3686875089938,0,212307030503722,1,0044538065658,0,0,1,38605125770891E-19,46,9148543558125,23,8523620700878,-11,3916369176764,187112,997968387,44622,5672819854,15675,1010788077,4,97436521074657,0,0,0,0,0,0,0,0,0,0,0,0,0,0,0,0,0,0,0,0,0,0,0,0,0,0,0,0,0,0,0,0,0,0,0,0,0,0,0,0,0,0,0,0,0,0,0,0,0,0,0,0,0,0,0,0,0,0,0,0,0,0,0,0,0,0,0,0,0,0,0,0,0,0,0,0,0,0,0,0,0,0,0,0,0,0,0,0,0,0,0,0,0,0,0,0,1,33306547513868E-14,44,5128468434041,0,0,0,0,0,0,0,0,0,0,0,0,0,0,910,65,601,903122347372,11,0670541819086,86,4997218367697,0,16,0294381692633,12,53985135878,0,0,0,0,0,0,0,0,0,0,0,0,030095643261072,0,0,0,0,0,17,0944972808341,37,5443149681873,0,0,42876,3184195098,40571,5550449955,0,
650-675C*,0,00368313039041876,948,150024,719,00426487626,1014,13847338512,0,0851444492321599,375,503423407123,56,5537019935684,100,3,45016509547875,2278,78818474932,10,7036772671827,295,622320836021,18,154870132346,0,0583715347562412,62,1006906576372,442,743732994451,363,559722067846,-38,6105616453972,-29,8534704453972,0,0,62,4715193594809,4833,94309982299,0,0,43,4462980064316,0,283,899870344385,1,59011246285388,0,0509252397328929,-25,6539418040389,-16,8968506040389,0,00135188158470207,1,05270099393331,0,0,1,17292580372822E-21,55,6645103736655,28,0586583369502,-12,0259322073185,1054214,16879077,213804,471556067,66503,8782094145,4,43863875797025,0,0,0,0,0,0,0,0,0,0,0,0,0,0,0,0,0,0,0,0,0,0,0,0,0,0,0,0,0,0,0,0,0,0,0,0,0,0,0,0,0,0,0,0,0,0,0,0,0,0,0,0,0,0,0,0,0,0,0,0,0,0,0,0,0,0,0,0,0,0,0,0,0,0,0,0,0,0,0,0,0,0,0,0,0,0,0,0,0,0,0,0,0,0,0,0,0,43,4462980064316,0,0,0,0,0,0,0,0,0,0,0,0,0,0,935,65,1709,84643452938,10,7780350884428,86,5001019915862,0,17,1465034370488,16,7039477462782,0,0,0,0,0,0,0,0,0,0,0,0,0400894745910676,0,0,0,0,0,18,154870132346,50,0116195523569,0,0,42709,7911620253,40437,7283946472,0,
675-700C*,0,00282020320322252,973,150024,778,026769178048,1022,59724369354,0,0816735633522333,377,318173939642,57,9762190118248,100,3,95194865935029,2627,70781283414,10,8050679277535,293,640427550294,19,2152429838578,0,0672640714474568,62,5938134233244,441,215787687061,366,113818245613,-42,767212530179,-34,010121330179,0,1,4210854715202E-14,72,2911387478282,5617,9586816846,0,0,42,0237809881752,0,281,580198593537,1,60063689944647,0,0299651685984856,-29,1821048990841,-20,4250136990841,0,0012176594263415,1,22098104630805,0,0,5,622719383272E-24,64,4141663915186,31,4695297472468,-12,0263360782062,7524122,75749693,1277193,04743525,347476,430042224,3,90096213064053,0,0,0,0,0,0,0,0,0,0,0,0,0,0,0,0,0,0,0,0,0,0,0,0,0,0,0,0,0,0,0,0,0,0,0,0,0,0,0,0,0,0,0,0,0,0,0,0,0,0,0,0,0,0,0,0,0,0,0,0,0,0,0,0,0,0,0,0,0,0,0,0,0,0,0,0,0,0,0,0,0,0,0,0,0,0,0,0,0,0,0,0,0,0,0,0,0,42,0237809881752,0,0,0,0,0,0,0,0,0,0,0,0,0,0,960,65,5727,85276776129,10,4739415903115,86,5004529277668,0,18,2698204021167,25,925595772716,0,0,0,0,0,0,0,0,0,0,0,0,0622214298545184,0,0,0,0,0,19,2152429838578,77,6212337435118,0,0,42524,5393900619,40281,178128866,0,
700-725C*,0,00210545622938825,998,150024,850,856105229038,1029,88438578025,0,0779268227759428,379,125967146245,59,3866614506557,100,4,428635655507,3012,20179525012,10,8304056917342,289,922497273621,21,0347977133832,0,075697617252633,63,3533261629187,439,365611027999,368,540358668614,-46,9238634149609,-38,1667722149609,0,0,82,1107581361756,6500,76938412861,0,0,40,6133385493443,0,279,260526842689,1,61041667546499,0,0164867603273676,-32,7102679941293,-23,9531767941293,0,00111269173491465,1,41007450460411,0,0,1,37064635256234E-26,73,1638224093717,34,7334599276428,-12,0266519234457,96807017,5675566,12343644,2606957,2722087,76201444,3,37168149173223,0,0,0,0,0,0,0,0,0,0,0,0,0,0,0,0,0,0,0,0,0,0,0,0,0,0,0,0,0,0,0,0,0,0,0,0,0,0,0,0,0,0,0,0,0,0,0,0,0,0,0,0,0,0,0,0,0,0,0,0,0,0,0,0,0,0,0,0,0,0,0,0,0,0,0,0,0,0,0,0,0,0,0,0,0,0,0,0,0,0,0,0,0,0,0,0,0,40,6133385493443,0,0,0,0,0,0,0,0,0,0,0,0,0,0,985,65,23140,0132260105,10,1708398483418,86,5007746453115,0,20,2100089909762,35,1472437991539,0,0,0,0,0,0,0,0,0,0,0,0,0843533851179692,0,0,0,0,0,21,0347977133832,100,0,0,42347,8292267786,40130,0357948586,0,
725-750C*,0,0015687722137657,1023,150024,936,78834804293,1036,16990218262,0,0747687259740022,380,924209890435,60,7940161533028,100,4,90532265166372,3434,09247214044,10,8845577201929,284,777980475071,21,3359886868816,0,0841311630578092,64,3258776477719,437,235577770466,370,653062026098,-51,0805142997427,-42,3234230997427,0,0,91,9303775245229,7485,34458137214,0,0,39,2059838466972,0,277,533110621336,1,61953676566224,0,00836709399700471,-36,2384310891744,-27,4813398891744,0,00103697851042152,1,61398821903454,0,0,1,48132469721263E-29,81,9134784272248,37,9973901080388,-12,0268797428455,1859481598,31824,170283047,099909,29451793,4241401,2,85587293892265,0,0,0,0,0,0,0,0,0,0,0,0,0,0,0,0,0,0,0,0,0,0,0,0,0,0,0,0,0,0,0,0,0,0,0,0,0,0,0,0,0,0,0,0,0,0,0,0,0,0,0,0,0,0,0,0,0,0,0,0,0,0,0,0,0,0,0,0,0,0,0,0,0,0,0,0,0,0,0,0,0,0,0,0,0,0,0,0,0,0,0,0,0,0,0,0,0,39,2059838466972,0,0,0,0,0,0,0,0,0,0,0,0,0,0,1010,65,116362,528128465,9,87466203172803,86,5010671442202,0,20,5325341969813,42,4208782182113,0,0,0,0,0,0,0,0,0,0,0,0,101810107723707,0,0,0,0,0,21,3359886868816,100,0,0,42179,4652808321,39984,5033901192,0,
750-775C*,0,00115577882008534,1048,150024,1030,72541168217,1040,22386043424,0,0654599492427309,382,710309035715,62,2072699630077,100,5,38200964782043,3895,29528370899,10,9389805087939,273,99027145917,22,3963615383935,0,0925647088629854,65,8480528462839,434,864093543517,372,309618635175,-55,2371651845245,-46,4800739845245,0,0,101,74999691287,8573,74596852343,0,0,37,7927300369923,0,265,483471752591,1,62664819021053,0,0038486236942814,-39,7665941842196,-31,0095029842196,0,00102659331786518,1,82856102745029,0,0,5,94693471596448E-33,90,6631344450779,41,2613202884348,-12,026910991667,56675695407,761,3539647815,71657,462271023,910438,2,36640671879202,0,0,0,0,0,0,0,0,0,0,0,0,0,0,0,0,0,0,0,0,0,0,0,0,0,0,0,0,0,0,0,0,0,0,0,0,0,0,0,0,0,0,0,0,0,0,0,0,0,0,0,0,0,0,0,0,0,0,0,0,0,0,0,0,0,0,0,0,0,0,0,0,0,0,0,0,0,0,0,0,0,0,0,0,0,0,0,0,0,0,0,0,0,0,0,0,0,37,7927300369923,0,0,0,0,0,0,0,0,0,0,0,0,0,0,1035,65,753076,948831099,9,58952696259043,86,5009184974926,0,21,6707476156877,62,3523612989826,0,0,0,0,0,0,0,0,0,0,0,0,149645667117558,0,0,0,0,0,22,3963615383935,100,0,0,42036,7768696857,39858,2766556946,0,
775-800C*,0,000842815913410095,1073,150024,1132,01353323218,1045,73919407045,0,0540289326386328,384,481671445588,63,6354097230122,100,5,85869664397715,4397,55404824289,10,9936754113378,262,215029507309,23,4567343899053,0,100998254668162,66,8999056190713,432,285821973532,373,571538179565,-59,3938160693064,-50,6367248693064,0,0,111,569616301218,9768,03524069074,0,0,36,3645902769878,0,252,048073026344,1,63554387652555,0,00156788145918478,-43,2947572792648,-34,5376660792648,0,00102661975012051,2,04963176770231,0,0,7,03082695798661E-37,99,412790462931,44,5252504688308,-12,0269109121329,2939735596979,05,117975656055,397,11136325261,4377,1,89893260517234,0,0,0,0,0,0,0,0,0,0,0,0,0,0,0,0,0,0,0,0,0,0,0,0,0,0,0,0,0,0,0,0,0,0,0,0,0,0,0,0,0,0,0,0,0,0,0,0,0,0,0,0,0,0,0,0,0,0,0,0,0,0,0,0,0,0,0,0,0,0,0,0,0,0,0,0,0,0,0,0,0,0,0,0,0,0,0,0,0,0,0,0,0,0,0,0,0,36,3645902769878,0,0,0,0,0,0,0,0,0,0,0,0,0,0,1060,65,6517126,37296053,9,3195534630493,86,5006780823649,0,22,812830695466,85,8907110361281,0,0,0,0,0,0,0,0,0,0,0,0,206137706486707,0,0,0,0,0,23,4567343899053,100,0,0,41873,1670870096,39715,4267897054,0,
800-825C*,0,000609510375137171,1098,150024,1239,60521517574,1049,02453762396,0,0415766652628039,386,235703983557,65,087422276558,100,6,33538364013386,4942,55661936186,11,0486437883945,250,439787555448,24,5171072414172,0,109431800473338,68,5002303782315,429,531931791022,374,508109811875,-63,5504669540882,-54,7933757540882,0,0,121,389235689565,11070,2740929823,0,0,34,912577723442,0,238,612674300098,1,64233015914855,0,00054851308845292,-46,8229203743099,-38,0658291743099,0,00102664618237585,2,27303927764153,0,0,1,79365614365673E-41,108,162446480784,47,7891806492267,-12,0269108325989,281169078042452,6770293036049,77,439260415970,244,1,45273772648103,0,0,0,0,0,0,0,0,0,0,0,0,0,0,0,0,0,0,0,0,0,0,0,0,0,0,0,0,0,0,0,0,0,0,0,0,0,0,0,0,0,0,0,0,0,0,0,0,0,0,0,0,0,0,0,0,0,0,0,0,0,0,0,0,0,0,0,0,0,0,0,0,0,0,0,0,0,0,0,0,0,0,0,0,0,0,0,0,0,0,0,0,0,0,0,0,0,34,912577723442,0,0,0,0,0,0,0,0,0,0,0,0,0,0,1085,65,78796415,7725382,9,06886035522494,86,5004376672373,0,23,9583138050148,100,0,0,0,0,0,0,0,0,0,0,0,0,24300896478256,0,0,0,0,0,24,5171072414172,100,0,0,41737,9911968636,39594,5278986534,0,
825-850C*,0,00115310105915593,1123,150024,1352,04507077275,1051,31167986419,0,0289245363842532,387,969813513126,66,5722944668866,100,6,81207063629058,5532,05095239592,11,1038870073365,238,664826781354,25,5774800929291,0,117865346278514,70,3110572354288,426,630353116244,375,187706774696,-67,70711783887,-58,95002663887,0,1,4210854715202E-14,131,208855077912,12482,5242205063,0,0,33,4277055331134,0,225,177673030596,1,64825736180476,0,000157959588149606,-50,3510834693551,-41,5939922693551,0,00102667261463118,2,4946223951189,0,0,6,44754093073519E-47,116,912102498637,51,0531108296227,-12,0269107530648,5,43626952334552E+16,725871198196537,30549846664450,5,1,02888236649168,0,0,0,0,0,0,0,0,0,0,0,0,0,0,0,0,0,0,0,0,0,0,0,0,0,0,0,0,0,0,0,0,0,0,0,0,0,0,0,0,0,0,0,0,0,0,0,0,0,0,0,0,0,0,0,0,0,0,0,0,0,0,0,0,0,0,0,0,0,0,0,0,0,0,0,0,0,0,0,0,0,0,0,0,0,0,0,0,0,0,0,0,0,0,0,0,0,33,4277055331134,0,0,0,0,0,0,0,0,0,0,0,0,0,0,1110,65,1399621927,07552,8,84156646123764,86,5001972521097,0,25,1067662883228,100,0,0,0,0,0,0,0,0,0,0,0,0,323199343904267,0,0,0,0,0,25,5774800929291,100,0,0,41616,6900700784,39484,5399142534,0,
850-875C*,0,000541566226518115,1148,150024,1470,13795900385,1055,00761967417,0,0168939352719896,389,729810711148,68,018505521488,100,7,28875763244729,6167,7850026751,11,1594064423732,226,889303651727,26,637852944441,0,12629889208369,71,6772673131985,423,606034728143,375,680967173817,-71,8637687236519,-63,1066775236519,0,0,141,02847446626,13741,3234077653,0,0,31,981494478512,0,211,741876847604,1,65591688968963,3,52778816246649E-05,-53,8792465644003,-45,1221553644003,0,00102669904688652,2,7152136434238,0,0,1,79175042785312E-53,125,66175851649,54,3170410100187,-12,0269106735307,2,36066917335008E+19,1,59644390986307E+17,4,07801181356964E+15,0,628426808977866,0,0,0,0,0,0,0,0,0,0,0,0,0,0,0,0,0,0,0,0,0,0,0,0,0,0,0,0,0,0,0,0,0,0,0,0,0,0,0,0,0,0,0,0,0,0,0,0,0,0,0,0,0,0,0,0,0,0,0,0,0,0,0,0,0,0,0,0,0,0,0,0,0,0,0,0,0,0,0,0,0,0,0,0,0,0,0,0,0,0,0,0,0,0,0,0,0,31,981494478512,0,0,0,0,0,0,0,0,0,0,0,0,0,0,1135,65,38686465032,8367,8,58478768354992,86,499956836982,0,26,2577922202489,100,0,0,0,0,0,0,0,0,0,0,0,0,452504931117371,0,0,0,0,0,26,637852944441,100,0,0,41478,3343316669,39361,4746527893,0,
875-900C*,1,15354940752376E-05,1173,150024,1594,34000809734,1058,70355948416,0,00630625119502197,391,489809441235,69,4647141521185,100,7,76544462860401,6851,50672552942,11,215203474585,215,114061699866,27,6982257959528,0,134732437888866,72,9882250980834,420,481196278073,376,037139612912,-76,0204196084337,-67,2633284084337,0,1,4210854715202E-14,150,848093854607,15000,1138674204,0,0,30,5352858478815,0,198,306478121357,1,6638043628986,5,60265164623494E-06,-57,4074096594455,-48,6503184594455,0,00102672547914185,2,93580494629051,0,0,1,60737721426156E-61,134,411414534343,57,5809711904147,-12,0269105939966,2,59722205753613E+22,8,01616403563724E+19,1,15136840157516E+18,0,252431337713182,0,0,0,0,0,0,0,0,0,0,0,0,0,0,0,0,0,0,0,0,0,0,0,0,0,0,0,0,0,0,0,0,0,0,0,0,0,0,0,0,0,0,0,0,0,0,0,0,0,0,0,0,0,0,0,0,0,0,0,0,0,0,0,0,0,0,0,0,0,0,0,0,0,0,0,0,0,0,0,0,0,0,0,0,0,0,0,0,0,0,0,0,0,0,0,0,0,30,5352858478815,0,0,0,0,0,0,0,0,0,0,0,0,0,0,1160,65,1777277458553,59,8,32800712992982,86,4997164218544,0,27,411026754103,100,0,0,0,0,0,0,0,0,0,0,0,0,541464258378365,0,0,0,0,0,27,6982257959528,100,0,0,41340,5136971267,39238,880546177,0,
900-925C*,1,64602327648349E-07,1198,150024,1724,72402683622,1062,39949929414,0,393,249808171322,70,910922782749,100,8,24213162476072,7584,96407628891,11,271279491958,203,338819748005,28,7585986474647,0,143165983694043,74,2468658255442,417,275571158095,376,292036329439,-80,1770704932156,-71,4199792932156,0,0,160,667713242954,16258,9043270754,0,0,29,089077217251,0,184,87107939511,1,67192022209672,5,54916058949547E-07,-60,9355727544906,-52,1784815544906,0,00102675191139719,3,15639624915722,0,0,1,24163910207317E-71,143,161070552197,60,8449013708107,-12,0269105144625,8,30989925759105E+25,1,03864036018817E+23,7,68335768288464E+20,0,0,0,0,0,0,0,0,0,0,0,0,0,0,0,0,0,0,0,0,0,0,0,0,0,0,0,0,0,0,0,0,0,0,0,0,0,0,0,0,0,0,0,0,0,0,0,0,0,0,0,0,0,0,0,0,0,0,0,0,0,0,0,0,0,0,0,0,0,0,0,0,0,0,0,0,0,0,0,0,0,0,0,0,0,0,0,0,0,0,0,0,0,0,0,0,0,0,29,089077217251,0,0,0,0,0,0,0,0,0,0,0,0,0,0,1185,65,146325644334779,8,07122657630973,86,4994760067267,0,28,5661329607044,100,0,0,0,0,0,0,0,0,0,0,0,0,690351696414082,0,0,0,0,0,28,7585986474647,100,0,0,41203,2263983834,39116,7560246112,0,
925-950C*,0,1223,150024,1861,27196283979,1066,09543910412,0,395,009806901409,72,3571314133795,100,8,71881862091744,8318,61995553392,11,3276358894177,191,563577796144,29,8189714989766,0,151599529499219,,,376,472782755963,-84,3337213779974,,0,0,170,487332631302,17517,6947867305,,,27,6428685866205,0,171,435680668863,,,-64,4637358495358,,0,00102677834365252,3,37698755202393,0,,,151,91072657005,64,1088315512066,,,,,0,0,0,0,0,0,0,0,0,0,0,0,0,0,0,0,0,0,0,0,0,0,0,0,0,0,0,0,0,0,0,0,0,0,0,0,0,0,0,0,0,0,0,0,0,0,0,0,0,0,0,0,0,0,0,0,0,0,0,0,0,0,0,0,0,0,0,0,0,0,0,0,0,0,0,0,0,0,0,0,0,0,0,0,0,0,0,0,0,0,0,0,0,0,0,0,0,0,,0,,0,0,0,0,0,0,0,0,0,0,0,0,1210,65,,7,81444602268964,86,4992355915991,,,100,,,,,,,,,,,,0,840421692756683,,,,,,29,8189714989766,100,,,41066,4705770916,,,
950-975C*,0,1248,150024,2004,01594665811,1069,79137891411,0,396,769805631496,73,80334004401,100,9,19550561707415,9014,0801702543,11,3842740688648,179,788335844283,30,8793443504885,0,160033075304395,,,376,599883844641,-88,4903722627792,,0,0,180,306952019649,18776,4852463856,,,26,19665995599,0,158,000281942616,,,-67,991898944581,,0,00102680477590786,3,59757885489065,0,,,160,660382587903,67,3727617316026,,,,,0,0,0,0,0,0,0,0,0,0,0,0,0,0,0,0,0,0,0,0,0,0,0,0,0,0,0,0,0,0,0,0,0,0,0,0,0,0,0,0,0,0,0,0,0,0,0,0,0,0,0,0,0,0,0,0,0,0,0,0,0,0,0,0,0,0,0,0,0,0,0,0,0,0,0,0,0,0,0,0,0,0,0,0,0,0,0,0,0,0,0,0,0,0,0,0,0,0,,0,,0,0,0,0,0,0,0,0,0,0,0,0,1235,65,,7,55766546906955,86,4989951764715,,,100,,,,,,,,,,,,0,969727279969787,,,,,,30,8793443504885,100,,,40930,2443110394,,,
975-1000C*,0,1273,150024,2153,03488732649,1073,48731872409,0,398,529804361584,75,2495486746405,100,9,67219261323087,9709,54038497468,11,4411954392092,168,013093892422,31,9397172020003,0,168466621109571,,,376,688570210602,-92,6470231475611,,0,0,190,126571407996,20035,2757060407,,,24,7504513253595,0,144,56488321637,,,-71,5200620396261,,0,00102683120816319,3,81817015775736,0,,,169,410038605756,70,6366919119986,,,,,0,0,0,0,0,0,0,0,0,0,0,0,0,0,0,0,0,0,0,0,0,0,0,0,0,0,0,0,0,0,0,0,0,0,0,0,0,0,0,0,0,0,0,0,0,0,0,0,0,0,0,0,0,0,0,0,0,0,0,0,0,0,0,0,0,0,0,0,0,0,0,0,0,0,0,0,0,0,0,0,0,0,0,0,0,0,0,0,0,0,0,0,0,0,0,0,0,0,,0,,0,0,0,0,0,0,0,0,0,0,0,0,1260,65,,7,30088491544946,86,4987547613438,,,100,,,,,,,,,,,,1,09903286718289,,,,,,31,9397172020003,100,,,40794,5456177074,,,
1000-1050C*,0,1323,150024,2388,60410485966,1079,03122843907,0,401,169802456714,77,4188616205863,100,18,8845559731933,10752,7307070553,11,4984014164052,150,350230964631,33,5302764792681,0,181116939817335,,,376,773105399992,-98,8819994747338,,0,0,204,856000490517,21923,4613955233,,,22,5811383794137,0,124,411785126999,,,-76,8123066821939,,0,00102687085654619,4,14905711205743,0,,,182,534522632535,75,5325871825926,,,,,0,0,0,0,0,0,0,0,0,0,0,0,0,0,0,0,0,0,0,0,0,0,0,0,0,0,0,0,0,0,0,0,0,0,0,0,0,0,0,0,0,0,0,0,0,0,0,0,0,0,0,0,0,0,0,0,0,0,0,0,0,0,0,0,0,0,0,0,0,0,0,0,0,0,0,0,0,0,0,0,0,0,0,0,0,0,0,0,0,0,0,0,0,0,0,0,0,0,,0,,0,0,0,0,0,0,0,0,0,0,0,0,1298,15,,6,91571408501932,86,4983941386523,,,100,,,,,,,,,,,,1,29299124800255,,,,,,33,5302764792681,100,,,40591,9823005796,,,
1050-1100C*,0,1373,150024,2726,08973613033,1086,42310805903,0,404,689799916888,80,3112788818473,100,21,9221169648035,12143,651136496,11,5558934234872,126,79974706091,35,6510221822919,0,197984031427688,,,376,831794637122,-107,195301244297,,0,0,224,495239267212,24441,0423148334,,,19,6887211181527,0,97,5409876745055,,,-83,8686328722842,,0,00102692372105686,4,59023971779086,0,,,200,033834668242,144,015594591927,,,,,0,0,0,0,0,0,0,0,0,0,0,0,0,0,0,0,0,0,0,0,0,0,0,0,0,0,0,0,0,0,0,0,0,0,0,0,0,0,0,0,0,0,0,0,0,0,0,0,0,0,0,0,0,0,0,0,0,0,0,0,0,0,0,0,0,0,0,0,0,0,0,0,0,0,0,0,0,0,0,0,0,0,0,0,0,0,0,0,0,0,0,0,0,0,0,0,0,0,,0,,0,0,0,0,0,0,0,0,0,0,0,0,1348,15,,6,40215297777914,86,4979133083971,,,100,,,,,,,,,,,,1,55160242242875,,,,,,35,6510221822919,100,,,40323,7249065765,,,
1100-1150C*,0,1423,150024,3091,94027064346,1093,814987679,0,408,209797377063,83,2036961431083,100,25,179963893683,13534,5715659368,11,6136728906047,103,249263157188,37,7717678853156,0,21485112303804,,,376,858587595065,-115,508603013861,,0,1,4210854715202E-14,244,134478043907,26958,6232341436,,,16,7963038568917,0,70,6701902220117,,,-90,9249590623746,,0,00102697658556753,5,03142232352428,0,,,217,533146703948,164,036219836737,,,,,0,0,0,0,0,0,0,0,0,0,0,0,0,0,0,0,0,0,0,0,0,0,0,0,0,0,0,0,0,0,0,0,0,0,0,0,0,0,0,0,0,0,0,0,0,0,0,0,0,0,0,0,0,0,0,0,0,0,0,0,0,0,0,0,0,0,0,0,0,0,0,0,0,0,0,0,0,0,0,0,0,0,0,0,0,0,0,0,0,0,0,0,0,0,0,0,0,0,,0,,0,0,0,0,0,0,0,0,0,0,0,0,1398,15,,5,88859187053895,86,4974324781418,,,100,,,,,,,,,,,,1,81021359685496,,,,,,37,7717678853156,100,,,40057,5394419437,,,
1150+C*,0,1623,150024,4145,38951709409,1112,29468672892,0,417,009791027498,90,4347392962608,100,34,2883321914348,17011,8726395387,11,6717412550577,44,3730533978836,43,073632142875,0,257018852063921,,,376,876813490334,-136,29185743777,,0,1,4210854715202E-14,293,232574985643,33252,5755324189,,,9,56526070373924,0,3,49319659077742,,,-108,5657745376,,0,0010271087468442,6,13437883785785,0,,,261,281426793213,219,730576627761,,,,,0,0,0,0,0,0,0,0,0,0,0,0,0,0,0,0,0,0,0,0,0,0,0,0,0,0,0,0,0,0,0,0,0,0,0,0,0,0,0,0,0,0,0,0,0,0,0,0,0,0,0,0,0,0,0,0,0,0,0,0,0,0,0,0,0,0,0,0,0,0,0,0,0,0,0,0,0,0,0,0,0,0,0,0,0,0,0,0,0,0,0,0,0,0,0,0,0,0,,0,,0,0,0,0,0,0,0,0,0,0,0,0,1523,15,,4,6046891024385,86,4962304025036,,,100,,,,,,,,,,,,4,66027278648609,,,,,,43,073632142875,100,,,39401,0194687595,,,
