Name,Bonga-2010
Created,26/03/2026 11:02:30
Cpt,Composition,Boiling Temperature,Molecular Weight,Standard Liquid Density,Acidity,Aniline Point,Assay - Aromatics Vol Pct,Assay - Aromatics Wt Pct,Asphaltene Content,Basic Nitrogen Content,C to H Ratio,Cloud Point,Conradson Carbon Content,Copper Content,Cetane Number,Flash Point,Freeze Point,MON (Clear),MON (Leaded),Assay - Naphthenes Vol Pct,Assay - Naphthenes Wt Pct,Nickel Content,Nitrogen Content,Assay - Olefins Vol Pct,Assay - Olefins Wt Pct,Assay - Paraffins Vol Pct,Assay - Paraffins Wt Pct,Pour Point,Refractive Index,Reid Vapour Pressure,RON (Clear),RON (Leaded),Smoke Point,Sulfur Content,Mercaptan Sulfur Content,Sodium Content,True Vapour Pressure,Vanadium Content,Iron Content,Luminometer Number,Viscosity @ 38C,Viscosity @ 50C,Viscosity @ 60C,Wax Content,Pi C6 22DMB Wt Pct,Pi C6 22DMB Vol Pct,Pi C6 23DMB Wt Pct,Pi C6 23DMB Vol Pct,Pi C6 2MP Wt Pct,Pi C6 2MP Vol Pct,Pi C6 3MP Wt Pct,Pi C6 3MP Vol Pct,Pi C7 22-mPentane Wt Pct,Pi C7 22-mPentane Vol Pct,Pi C7 24-mPentane Wt Pct,Pi C7 24-mPentane Vol Pct,Pi C7 223-mButane Wt Pct,Pi C7 223-mButane Vol Pct,Pi C7 33-mPentane Wt Pct,Pi C7 33-mPentane Vol Pct,Pi C7 23-mPentane Wt Pct,Pi C7 23-mPentane Vol Pct,Pi C7 2-mHexane Wt Pct,Pi C7 2-mHexane Vol Pct,Pi C7 3-mHexane Wt Pct,Pi C7 3-mHexane Vol Pct,Pi C7 3-ePentane Wt Pct,Pi C7 3-ePentane Vol Pct,Pi C6 Wt Pct,Pi C6 Vol Pct,Pi C7 Wt Pct,Pi C7 Vol Pct,Pi C8 Wt Pct,Pi C8 Vol Pct,Pi C9 Wt Pct,Pi C9 Vol Pct,Pi C10  Wt Pct,Pi C10  Vol Pct,Pi C11  Wt Pct,Pi C11  Vol Pct,Pn C6 Hexane Wt Pct,Pn C6 Hexane Vol Pct,Pn C7 Heptane Wt Pct,Pn C7 Heptane Vol Pct,Pn C8 Octane Wt Pct,Pn C8 Octane Vol Pct,Pn C9 Nonane Wt Pct,Pn C9 Nonane Vol Pct,Pn C10 Decane Wt Pct,Pn C10 Decane Vol Pct,Pn C11 n-C11 Wt Pct,Pn C11 n-C11 Vol Pct,On C6 Wt Pct,On C6 Vol Pct,On C7 Wt Pct,On C7 Vol Pct,On C8 Wt Pct,On C8 Vol Pct,On C9 Wt Pct,On C9 Vol Pct,On C10 Wt Pct,On C10 Vol Pct,On C11 Wt Pct,On C11 Vol Pct,A C6 Benzene Wt Pct,A C6 Benzene Vol Pct,A C7 Toluene Wt Pct,A C7 Toluene Vol Pct,A C8 m-Xylene Wt Pct,A C8 m-Xylene Vol Pct,A C8 o-Xylene Wt Pct,A C8 o-Xylene Vol Pct,A C8 p-Xylene Wt Pct,A C8 p-Xylene Vol Pct,A C8 EthBenz Wt Pct,A C8 EthBenz Vol Pct,N C6 cyc-C5 Wt Pct,N C6 cyc-C5 Vol Pct,N C6 cyc-C6 Wt Pct,N C6 cyc-C6 Vol Pct,A C8 Wt Pct,A C8 Vol Pct,A C9 Wt Pct,A C9 Vol Pct,A C10 Wt Pct,A C10 Vol Pct,A C11 Wt Pct,A C11 Vol Pct,N C6 Wt Pct,N C6 Vol Pct,N C7 Wt Pct,N C7 Vol Pct,N C8 Wt Pct,N C8 Vol Pct,N C9 Wt Pct,N C9 Vol Pct,N C10 Wt Pct,N C10 Vol Pct,N C11 Wt Pct,N C11 Vol Pct,Pi Wt Pct,Pi Vol Pct,Pn Wt Pct,Pn Vol Pct,Oi C6 Wt Pct,Oi C6 Vol Pct,Oi C7 Wt Pct,Oi C7 Vol Pct,Oi C8 Wt Pct,Oi C8 Vol Pct,Oi C9 Wt Pct,Oi C9 Vol Pct,Oi C10 Wt Pct,Oi C10 Vol Pct,Oi C11 Wt Pct,Oi C11 Vol Pct,Centroid Boiling Temperature,Viscosity @ 100C,Hydrogen,CarbonByWt,PValue,RamsCarbonResidueByWt,SulfideByWt,ZincByWt,TinByWt,ChromiumByWt,LeadByWt,AluminiumByWt,MagnesiumByWt,MetalByWt,ArsenicByWt,CadmiumByWt,MercuryByWt,NaClByWt,SaltByWt,MudByWt,ChloridesByWt,MolybdenumByWt,AshByWt,GumByWt,MicroCarbonResidueByWt,nC5InsolublesByWt,NaphthenicAcidByWt,NaphthenicAcidByVol,Gross Heating Value,Net Heating Value,Oxygen Content,
Hydrogen,0,20,5548,2,016000032,69,85910034,0,,0,0,0,0,0,13,9,0,0,,,13,9,10,,0,0,0,0,0,0,0,0,13,9,,,130,,,0,0,0,,0,0,,,,,0,,,,,,,,,,,,,,,,,,,,,,,,,,,,,,,,,,,,,,,,,,,,,,,,,,,,,,,,,,,,,,,,,,,,,,,,,,,,,,,,,,,,,,,,,,,,,,,,,0,0,0,0,,,,,,,,,,,,,,,100,0,,,,,,,,,,,,,,,,,,,,,0,,,,,,,
Nitrogen,0,77,3498,28,0135,806,3740234,0,,0,0,0,0,0,63,1,0,0,,,63,1,,,0,0,0,0,0,0,0,0,63,1,,,,,,0,0,0,,0,0,,,,,0,,,,,,,,,,,,,,,,,,,,,,,,,,,,,,,,,,,,,,,,,,,,,,,,,,,,,,,,,,,,,,,,,,,,,,,,,,,,,,,,,,,,,,,,,,,,,,,,,0,0,0,0,,,,,,,,,,,,,,,0,0,,,,,,,,,,,,,,,,,,,,,0,,,,,,,
CO,0,81,6996,28,0109005,799,3880005,0,,0,0,0,0,0,68,2,0,0,,,68,2,,,0,0,0,0,0,0,0,0,68,2,,,120,,,0,0,0,,0,0,,,,,0,,,,,,,,,,,,,,,,,,,,,,,,,,,,,,,,,,,,,,,,,,,,,,,,,,,,,,,,,,,,,,,,,,,,,,,,,,,,,,,,,,,,,,,,,,,,,,,,,0,0,0,0,,,,,,,,,,,,,,,0,0,,,,,,,,,,,,,,,,,,,,,0,,,,,,,
Oxygen,0,90,1996,32,1137,680054,0,,0,0,0,0,0,54,4,0,0,,,54,4,,,0,0,0,0,0,0,0,0,54,4,,,120,,,0,0,0,,0,0,,,,,0,,,,,,,,,,,,,,,,,,,,,,,,,,,,,,,,,,,,,,,,,,,,,,,,,,,,,,,,,,,,,,,,,,,,,,,,,,,,,,,,,,,,,,,,,,,,,,,,,0,0,0,0,,,,,,,,,,,,,,,0,0,,,,,,,,,,,,,,,,,,,,,0,,,,,,,
Methane,0,111,625,16,04290009,299,3940125,0,,0,0,0,0,3,90,4,0,0,,85,15,90,4,,,0,0,0,0,0,0,100,100,90,4,,,120,,,0,0,0,,0,0,,,,,0,,,,,,,,,,,,,,,,,,,,,,,,,,,,,,,,,,,,,,,,,,,,,,,,,,,,,,,,,,,,,,,,,,,,,,,,,,,,,,,,,,,,,,,,,,,,,,,,,0,0,100,100,,,,,,,,,,,,,,,25,13516209,75,,,,,,,,,,,,,,,,,,,,,0,,,,,,,
Ethylene,0,169,399,28,05380058,383,2260132,0,,0,0,0,0,6,104,0,0,,137,15,104,75,6,,0,0,0,0,100,100,0,0,104,,,100,51,,,0,0,0,,0,0,,,,,0,,,,,,,,,,,,,,,,,,,,,,,,,,,,,,,,,,,,,,,,,,,,,,,,,,,,,,,,,,,,,,,,,,,,,,,,,,,,,,,,,,,,,,,,,,,,,,,,,0,0,0,0,,,,,,,,,,,,,,,14,34761566,85,71428571,,,,,,,,,,,,,,,,,,,,,0,,,,,,,
Ethane,6,60299734577429E-05,184,55,30,06990051,355,6830139,0,,0,0,0,0,4,90,4,0,0,,138,15,90,4,100,79,,0,0,0,0,0,0,100,100,90,4,,,111,38,,,0,0,0,,0,0,,,,,0,,,,,,,,,,,,,,,,,,,,,,,,,,,,,,,,,,,,,,,,,,,,,,,,,,,,,,,,,,,,,,,,,,,,,,,,,,,,,,,,,,,,,,,,,,,,,,,,,0,0,100,100,,,,,,,,,,,,,,,20,11147323,80,,,,,,,,,,,,,,,,,,,,,0,,,,,,,
CO2,0,194,598,44,00970078,825,335022,0,,0,0,0,0,0,217,0,0,,,217,,,0,0,0,0,0,0,0,0,217,,,,,,0,0,0,,0,0,,,,,0,,,,,,,,,,,,,,,,,,,,,,,,,,,,,,,,,,,,,,,,,,,,,,,,,,,,,,,,,,,,,,,,,,,,,,,,,,,,,,,,,,,,,,,,,,,,,,,,,0,0,0,0,,,,,,,,,,,,,,,0,0,,,,,,,,,,,,,,,,,,,,,0,,,,,,,
H2S,0,213,498,34,07600021,788,40802,0,,0,0,0,0,0,188,0,0,,,188,,,0,0,0,0,0,0,0,0,188,,2759,,,,94,1177,0,0,,0,0,,,,,0,,,,,,,,,,,,,,,,,,,,,,,,,,,,,,,,,,,,,,,,,,,,,,,,,,,,,,,,,,,,,,,,,,,,,,,,,,,,,,,,,,,,,,,,,,,,,,,,,0,0,0,0,,,,,,,,,,,,,,,5,911554252,0,,,,,,,,,,,,,,,,,,,,,0,,,,,,,
Propene,0,225,399,42,08060074,520,9550171,0,,0,0,0,0,6,87,9,0,0,,165,87,9,84,9,,0,0,0,0,100,100,0,0,87,9,,1565,102,54,,,0,0,0,,0,0,,,,,0,,,,,,,,,,,,,,,,,,,,,,,,,,,,,,,,,,,,,,,,,,,,,,,,,,,,,,,,,,,,,,,,,,,,,,,,,,,,,,,,,,,,,,,,,,,,,,,,,0,0,0,0,,,,,,,,,,,,,,,14,36465558,85,71428571,,,,,,,,,,,,,,,,,,,,,0,,,,,,,
Propane,0,00141109741063662,231,048,44,09700012,506,678009,0,,0,0,0,0,4,5,85,5,0,0,,169,15,85,5,97,1,,0,0,0,0,0,0,100,100,85,5,,1303,112,14,,,0,0,0,,0,0,,,,,0,,,,,,,,,,,,,,,,,,,,,,,,,,,,,,,,,,,,,,,,,,,,,,,,,,,,,,,,,,,,,,,,,,,,,,,,,,,,,,,,,,,,,,,,,,,,,,,,,0,0,100,100,,,,,,,,,,,,,,,18,28426304,81,81818182,,,,,,,,,,,,,,,,,,,,,0,,,,,,,
i-Butane,0,00965342052595862,261,42,58,12400055,561,9660034,0,380,85,0,0,0,0,4,8,114,0,0,,190,15,114,97,6,,0,0,0,0,0,0,100,100,114,,489,6,101,426,,,0,0,0,,0,0,,,,,0,,,,,,,,,,,,,,,,,,,,,,,,,,,,,,,,,,,,,,,,,,,,,,,,,,,,,,,,,,,,,,,,,,,,,,,,,,,,,,,,,,,,,,,,,,,,,,,,,100,100,0,0,,,,,,,,,,,,,,,17,34802065,82,75862069,,,,,,,,,,,,,,,,,,,,,0,,,,,,,
i-Butene,0,266,299,56,10770035,592,7930298,0,286,7055556,0,0,0,0,6,133,0,0,,193,15,133,88,1,,0,0,0,0,100,100,0,0,133,,442,7,105,2096138,,,0,0,0,,0,0,,,,,0,,,,,,,,,,,,,,,,,,,,,,,,,,,,,,,,,,,,,,,,,,,,,,,,,,,,,,,,,,,,,,,,,,,,,,,,,,,,,,,,,,,,,,,,,,,,,,,,,0,0,0,0,,,,,,,,,,,,,,,14,37319073,85,71428571,,,,,,,,,,,,,,,,,,,,,0,,,,,,,
1-Butene,0,266,898,56,10770035,593,7890015,0,,0,0,0,0,6,87,8,0,0,,193,15,87,8,80,8,,0,0,0,0,100,100,0,0,87,8,,432,97,4,,,0,0,0,,0,0,,0,236064836133691,0,219972008704656,0,208210021632581,0,,,,,,,,,,,,,,,,,,,,,,,,,,,,,,,,,,,,,,,,,,,,,,,,,,,,,,,,,,,,,,,,,,,,,,,,,,,,,,,,,,,,,,,,,,,,,,,,,0,0,0,0,,,,,,,,,,,,,,,14,37319073,85,71428571,,,,,,,,,,,,,,,,,,,,,0,,,,,,,
13-Butadiene,0,268,7,54,1,619,7440186,0,,0,0,0,0,8,164,0,0,,197,15,164,73,94513286,,0,0,0,0,100,100,0,0,164,,409,6,102,9723045,,,0,0,0,,0,0,,,,,0,,,,,,,,,,,,,,,,,,,,,,,,,,,,,,,,,,,,,,,,,,,,,,,,,,,,,,,,,,,,,,,,,,,,,,,,,,,,,,,,,,,,,,,,,,,,,,,,,0,0,0,0,,,,,,,,,,,,,,,11,17841035,88,88888889,,,,,,,,,,,,,,,,,,,,,0,,,,,,,
n-Butane,0,0130985202331815,272,648,58,12400055,583,2230225,0,356,35,0,0,0,0,4,8,135,0,0,,213,15,135,89,6,,0,0,0,0,0,0,100,100,135,,358,5,93,8,,,0,0,0,,0,0,,0,241514675581771,0,217701202498228,,0,,,,,,,,,,,,,,,,,,,,,,,,,,,,,,,,,,,,,,,,,,,,,,,,,,,,,,,,,,,,,,,,,,,,,,,,,,,,,,,,,,,,,,,,,,,,,,,,,0,0,100,100,,,,,,,,,,,,,,,17,34802065,82,75862069,,,,,,,,,,,,,,,,,,,,,0,,,,,,,
tr2-Butene,0,274,027,56,1,608,684021,0,,0,0,0,0,6,168,0,0,,201,168,83,84306902,,0,0,0,0,100,100,0,0,168,,343,9,105,0089318,,,0,0,0,,0,0,,,,,0,,,,,,,,,,,,,,,,,,,,,,,,,,,,,,,,,,,,,,,,,,,,,,,,,,,,,,,,,,,,,,,,,,,,,,,,,,,,,,,,,,,,,,,,,,,,,,,,,0,0,0,0,,,,,,,,,,,,,,,14,37319073,85,71428571,,,,,,,,,,,,,,,,,,,,,0,,,,,,,
i-Pentane,0,00772345058529871,301,028,72,15100098,623,4420166,0,343,95,0,0,0,0,5,113,0,0,,217,113,90,3,,0,0,0,0,0,0,100,100,113,,133,8,92,3,,,0,0,0,,0,0,,,,,0,,,,,,,,,,,,,,,,,,,,,,,,,,,,,,,,,,,,,,,,,,,,,,,,,,,,,,,,,,,,,,,,,,,,,,,,,,,,,,,,,,,,,,,,,,,,,,,,,100,100,0,0,,,,,,,,,,,,,,,16,75213296,83,33333333,,,,,,,,,,,,,,,,,,,,,0,,,,,,,
1-Pentene,0,303,096,70,13500214,638,7230225,0,292,25,0,0,0,0,6,108,0,0,,245,108,77,1,,0,0,0,0,100,100,0,0,108,,131,8,90,9,,,0,0,0,,0,0,,,,,0,,,,,,,,,,,,,,,,,,,,,,,,,,,,,,,,,,,,,,,,,,,,,,,,,,,,,,,,,,,,,,,,,,,,,,,,,,,,,,,,,,,,,,,,,,,,,,,,,0,0,0,0,,,,,,,,,,,,,,,14,37831669,85,71428571,,,,,,,,,,,,,,,,,,,,,0,,,,,,,
2M-1-butene,0,304,303,70,1,654,3800049,0,,0,0,0,0,6,136,0,0,,221,136,81,9,,0,0,0,0,100,100,0,0,136,,127,2,102,54,,,0,0,0,,0,0,,,,,0,,,,,,,,,,,,,,,,,,,,,,,,,,,,,,,,,,,,,,,,,,,,,,,,,,,,,,,,,,,,,,,,,,,,,,,,,,,,,,,,,,,,,,,,,,,,,,,,,0,0,0,0,,,,,,,,,,,,,,,14,37831669,85,71428571,,,,,,,,,,,,,,,,,,,,,0,,,,,,,
n-Pentane,0,309,209,72,15100098,629,7290039,0,343,95,0,0,0,0,5,143,0,0,,233,143,61,9,,0,0,0,0,0,0,100,100,143,,101,35,61,7,,,0,0,0,,0,0,,0,317713556013358,0,28795065870348,0,265338970196147,0,,,,,,,,,,,,,,,,,,,,,,,,,,,,,,,,,,,,,,,,,,,,,,,,,,,,,,,,,,,,,,,,,,,,,,,,,,,,,,,,,,,,,,,,,,,,,,,,,0,0,100,100,,,,,,,,,,,,,,,16,75213296,83,33333333,,,,,,,,,,,,,,,,,,,,,0,,,,,,,
cis2-Butene,0,276,867,56,1,625,9530029,0,,0,0,0,0,6,134,0,0,,203,134,83,5,,0,0,0,0,100,100,0,0,134,,314,4,100,,,0,0,0,,0,0,,,,,0,,,,,,,,,,,,,,,,,,,,,,,,,,,,,,,,,,,,,,,,,,,,,,,,,,,,,,,,,,,,,,,,,,,,,,,,,,,,,,,,,,,,,,,,,,,,,,,,,0,0,0,0,,,,,,,,,,,,,,,14,37319073,85,71428571,,,,,,,,,,,,,,,,,,,,,0,,,,,,,
3M-1-butene,0,293,204,70,1,631,2700195,0,,0,0,0,0,6,105,0,0,,217,105,85,26729455,,0,0,0,0,100,100,0,0,105,,190,101,6748769,,,0,0,0,,0,0,,,,,0,,,,,,,,,,,,,,,,,,,,,,,,,,,,,,,,,,,,,,,,,,,,,,,,,,,,,,,,,,,,,,,,,,,,,,,,,,,,,,,,,,,,,,,,,,,,,,,,,0,0,0,0,,,,,,,,,,,,,,,14,37831669,85,71428571,,,,,,,,,,,,,,,,,,,,,0,,,,,,,
2M-2-butene,0,311,704,70,1,666,1090088,0,406,15,0,0,0,0,6,139,0,0,,228,139,84,7,,0,0,0,0,100,100,0,0,139,,98,11,97,3,,,0,0,0,,0,0,,,,,0,,,,,,,,,,,,,,,,,,,,,,,,,,,,,,,,,,,,,,,,,,,,,,,,,,,,,,,,,,,,,,,,,,,,,,,,,,,,,,,,,,,,,,,,,,,,,,,,,0,0,0,0,,,,,,,,,,,,,,,14,37831669,85,71428571,,,,,,,,,,,,,,,,,,,,,0,,,,,,,
2M-13-C4==,0,307,204,68,1,684,8460083,0,,0,0,0,0,7,5,127,0,0,,219,127,81,,0,0,0,0,100,100,0,0,127,,118,6,99,1,,,0,0,0,,0,0,,,,,0,,,,,,,,,,,,,,,,,,,,,,,,,,,,,,,,,,,,,,,,,,,,,,,,,,,,,,,,,,,,,,,,,,,,,,,,,,,,,,,,,,,,,,,,,,,,,,,,,0,0,0,0,,,,,,,,,,,,,,,11,8404699,88,23529412,,,,,,,,,,,,,,,,,,,,,0,,,,,,,
tr2-Pentene,0,309,493,70,1,652,2630005,0,404,4833333,0,0,0,0,6,133,0,0,,225,133,85,14880659,,0,0,0,0,100,100,0,0,133,,106,7,100,3776273,,,0,0,0,,0,0,,,,,0,,,,,,,,,,,,,,,,,,,,,,,,,,,,,,,,,,,,,,,,,,,,,,,,,,,,,,,,,,,,,,,,,,,,,,,,,,,,,,,,,,,,,,,,,,,,,,,,,0,0,0,0,,,,,,,,,,,,,,,14,37831669,85,71428571,,,,,,,,,,,,,,,,,,,,,0,,,,,,,
cis2-Pentene,0,310,083,70,1,659,5750122,0,403,9277778,0,0,0,0,6,122,0,0,,226,122,85,14880659,,0,0,0,0,100,100,0,0,122,,104,4,100,3776273,,,0,0,0,,0,0,,,,,0,,,,,,,,,,,,,,,,,,,,,,,,,,,,,,,,,,,,,,,,,,,,,,,,,,,,,,,,,,,,,,,,,,,,,,,,,,,,,,,,,,,,,,,,,,,,,,,,,0,0,0,0,,,,,,,,,,,,,,,14,37831669,85,71428571,,,,,,,,,,,,,,,,,,,,,0,,,,,,,
Cyclopentane,0,322,398,70,13500214,748,8740234,0,289,95,0,0,0,0,6,179,0,0,,233,179,84,9,,100,100,0,0,0,0,0,0,179,,41,7,101,426,,,0,0,0,,0,0,,0,483269667509962,0,429891392256475,,0,,,,,,,,,,,,,,,,,,,,,,,,,,,,,,,,,,,,,,,,,,,,,,,,,,,,,,,,,,,,,,,,,,,,,,,,,,,,,,,,,,,,,,,,,,,,,,,,,0,0,0,0,,,,,,,,,,,,,,,14,37831669,85,71428571,,,,,,,,,,,,,,,,,,,,,0,,,,,,,
Cyclopentene,0,317,38,68,1,776,5159912,0,458,3722222,0,0,0,0,7,5,138,0,0,,244,138,69,7,,100,100,0,0,0,0,0,0,138,,81,04,93,3,,,0,0,0,,0,0,,,,,0,,,,,,,,,,,,,,,,,,,,,,,,,,,,,,,,,,,,,,,,,,,,,,,,,,,,,,,,,,,,,,,,,,,,,,,,,,,,,,,,,,,,,,,,,,,,,,,,,0,0,0,0,,,,,,,,,,,,,,,11,8404699,88,23529412,,,,,,,,,,,,,,,,,,,,,0,,,,,,,
22-Mpropane,0,282,648,72,2,595,5930176,0,291,7055556,0,0,0,0,5,257,0,0,,225,257,80,2,,0,0,0,0,0,0,100,100,257,,251,8,85,5,,,0,0,0,,0,0,,,,,0,,,,,,,,,,,,,,,,,,,,,,,,,,,,,,,,,,,,,,,,,,,,,,,,,,,,,,,,,,,,,,,,,,,,,,,,,,,,,,,,,,,,,,,,,,,,,,,,,100,100,0,0,,,,,,,,,,,,,,,16,75213296,83,33333333,,,,,,,,,,,,,,,,,,,,,0,,,,,,,
33M-1-butene,0,314,397,84,16,657,1190186,0,,0,0,0,0,6,,0,0,,241,15,157,95,93,3,,0,0,0,0,100,100,0,0,,,91,82,111,77,,,0,0,0,,0,0,,,,,0,,,,,,,,,,,,,,,,,,,,,,,,,,,,,,,,,,,,,,,,,,,,,,,,,,,,,,,,,,,,,,,,,,,,,,,,,,,,,,,,,,,,,,,,,,,,,,,,,0,0,0,0,,,,,,,,,,,,,,,14,3716,85,71428571,,,,,,,,,,,,,,,,,,,,,0,,,,,,,
H2O,0,373,148,18,01510048,997,9860229,0,,0,0,0,0,0,,0,0,,,,,,0,0,0,0,0,0,0,0,,,,,,,0,0,0,,0,0,,0,698140124178851,0,560124358458913,0,474686748589316,0,,,,,,,,,,,,,,,,,,,,,,,,,,,,,,,,,,,,,,,,,,,,,,,,,,,,,,,,,,,,,,,,,,,,,,,,,,,,,,,,,,,,,,,,,,,,,,,,,0,0,0,0,,,,,,,,,,,,,,0,279783740086422,11,18972388,0,,,,,,,,,,,,,,,,,,,,,0,,,,,,,
36-40C*,0,0061740522248758,313,149994,71,9262582360207,655,477921597182,0,0227454698492627,222,200777182488,3,83304116076478,3,41013473973938,0,000393940053493359,31,8162805330423,5,21550302471472,189,452064886474,0,0,23,3459988120298,237,452880911821,192,452064886474,66,9096294461742,75,6667206461742,18,4240184459748,41,6272296517085,0,0258552563592457,32,1376571040831,0,0,77,7429403932605,54,9626356085521,126,935915157516,1,3668588862888,69,771486719745,69,3002263591781,78,0573175591781,57,6696953535747,0,00327866442844064,0,0,94,1972145768408,0,2,64740850644805E-08,126,909858192295,3,79146863652168,1,47222939149136,0,832316322294646,0,0151174361321689,0,0,0,0,0,0,0,0,0,0,0,0,0,0,0,0,0,0,0,0,0,0,0,0,0,0,0,0,0,0,0,0,0,0,0,0,0,0,0,0,0,0,0,0,0,0,0,0,0,0,0,0,0,0,0,0,0,0,0,0,0,0,0,0,0,0,0,0,0,0,0,0,0,0,0,0,0,0,0,0,0,0,0,0,0,0,0,0,0,0,0,0,0,0,0,0,0,0,54,9626356085521,77,7429403932605,0,0,0,0,0,0,0,0,0,0,0,0,311,149997,0,264224326352836,16,0661493827859,83,7930507014386,0,0,0,0,0,0,0,0,0,0,0,0,0,2,92416977036869E-11,0,0,0,0,1,04778780672001E-11,0,0,0,0,0,48144,6264707407,44660,680640602,0,
40-50C*,0,0169912801476428,323,149994,74,7826664602319,667,275327819176,0,02733635969477,223,571637614667,4,05497647372472,3,53780364926823,0,000469098817650175,37,8864231949137,5,1820057978403,192,752590397189,0,0,24,6532060955725,241,95145889631,195,752590397189,65,2708371954386,74,0279283954386,21,946114790883,43,3447762118555,0,0307881112382719,38,2691143382967,0,0,73,9989087353923,53,1174201388762,131,002391402795,1,37260318478348,53,8534496241554,67,6100527130387,76,3671439130386,54,4252686733542,0,00346559481596227,0,0,66,689087343625,0,1,19133382790162E-07,120,929690788388,4,21089583090375,1,53153712309061,0,840534371659373,0,0180016511461991,86,7341758794481,88,2395897645093,0,0,0,0,0,0,0,0,0,0,0,0,0,0,0,0,0,0,0,0,0,0,86,7341758794481,88,2395897645093,0,0,0,0,0,0,0,0,0,0,0,0,0,0,0,0,0,0,0,0,0,0,0,0,0,0,0,0,0,0,0,0,0,0,0,0,0,0,0,0,0,0,0,0,0,0,0,0,0,0,0,0,0,0,0,0,0,0,0,0,0,0,0,0,0,0,0,0,0,0,53,1174201388762,73,9989087353923,0,0,0,0,0,0,0,0,0,0,0,0,0,0,318,15,0,259591971557591,16,1204929485494,83,5364879234267,0,0,0,0,0,0,0,0,0,0,0,0,0,1,31587639666591E-10,0,0,0,0,4,71504513024005E-11,0,0,0,0,0,47974,2774222683,44542,4156267139,0,
50-60C*,0,0193312774838772,333,149994,78,9298454857628,683,383143536087,0,0340534945746351,225,630900589215,5,39581532745925,3,71516407677109,0,000576468480731339,46,5580555690159,5,19231494530407,195,924613068507,0,0,25,893872283778,246,919469649669,198,924613068507,62,9446178435349,71,7017090435349,27,1152793261413,45,7520678128407,0,0378350467797378,47,0283389586019,0,0,67,4889053463994,50,5327681103882,136,327205654456,1,38066586577848,40,4588243352976,65,1955189328394,73,9526101328394,50,1923653179023,0,00373263822670746,0,0,46,9073840140768,0,2,51503808112565E-07,112,798382465028,4,33295220543809,1,62329632875343,0,899943093514253,0,0221219583090993,46,7161271796628,47,0469516287976,18,1423380103126,17,9246350440548,33,9308909883863,33,9659937637149,3,03260585763735E-09,2,98492499021447E-09,0,0,0,0,0,0,0,0,0,0,0,0,0,0,0,0,98,7893561813943,98,9375804395523,0,0,0,0,0,0,0,0,0,0,0,0,0,0,0,0,0,0,0,0,0,0,0,0,0,0,0,0,0,0,0,0,0,0,0,0,0,0,0,0,0,0,0,0,0,0,0,0,0,0,0,0,0,0,0,0,0,0,0,0,0,0,0,0,0,0,0,0,0,0,50,5327681103882,67,4889053463994,0,0,0,0,0,0,0,0,0,0,0,0,0,0,328,15,0,270917268407973,16,0918856096818,83,5541381492742,0,0,0,0,0,0,0,0,0,0,0,0,0,2,77796128185025E-10,0,0,0,0,9,95398416384011E-11,0,0,0,0,0,47751,1856074683,44387,533889409,0,
60-70C*,0,021817803618026,343,149994,83,1563743529098,698,630438048078,0,0410215691210178,227,796689645727,6,85316647451983,3,88709960305385,0,000683838143812503,55,229687943118,5,24153287083239,199,069231694453,0,0,26,6833031068116,252,357995291657,202,069231694453,60,6356089157297,69,3927001157297,32,4463242475722,48,1091847091314,0,0448819823212037,55,7875635789071,0,0,60,700509277908,48,0037156878147,141,134614515482,1,38852655818379,29,583538417411,62,7809851526401,71,5380763526401,46,3839066861312,0,00385993264191249,0,0,32,7730229688828,0,3,83874233434968E-07,105,163920504104,4,48785574002009,1,72429210552667,0,964279686057224,0,0262422654719995,0,0,0,00011144289993283,0,000111024572899304,18,5944959322682,18,7690853862216,23,2474885930451,23,0729505013597,0,0,0,0,0,0,0,0,0,0,0,0,0,0,0,0,41,8420959682132,41,8421469121542,0,0,0,0,0,0,0,0,0,0,58,1521862169694,58,1528149182746,0,0,0,0,0,0,0,0,0,0,0,0,0,0,0,0,0,0,0,0,0,0,0,0,0,0,0,0,0,0,0,0,0,0,0,00571781481741691,0,00503816957124636,0,0,0,0,0,0,0,0,0,0,0,00571781481741691,0,00503816957124636,0,0,0,0,0,0,0,0,0,0,20,086909318681,25,3996759472328,27,9168063691337,35,3008333306752,0,0,0,0,0,0,0,0,0,0,0,0,338,15,0,283546274557011,15,9632263085998,83,671775421062,0,0,0,0,0,0,0,0,0,0,0,0,0,4,2400461670346E-10,0,0,0,0,1,51929231974402E-10,0,0,0,0,0,47549,4895833949,44247,5062033014,0,
70-80C*,0,0244270509735723,353,149994,87,4635631558008,713,035745628217,0,0483119269962513,230,057388671504,8,38990324434162,5,19785532683198,0,000791207806893667,63,9013203172201,5,32155594004322,202,183274853342,0,0,27,2244795217073,261,223747297896,205,183274853342,57,1025267864822,65,8596179864822,37,9392495551755,49,2930507667232,0,0519289178626696,64,5467881992123,0,0,53,6708472004828,45,5090939064448,145,482974777082,1,39615149540093,21,0531384732705,58,87137554102,67,62846674102,42,9536092984135,0,00389121736949416,0,0,22,7403242732689,0,5,1624465875737E-07,98,0292798406143,4,67401235746323,1,8357532009964,1,03449221780867,0,0303625726348998,0,0,0,0,0,0,0,0,1,44376589770874,1,63573099835254,0,66247372964599,0,751636344570363,0,0,0,0,0,0,0,0,0,0,0,0,0,0,2,10623962735473,2,38736734292291,0,0,0,0,0,0,0,0,0,653833728106646,0,75675605622629,0,0,0,0,0,0,0,0,0,0,0,0,0,0,0,0,0,0,0,0,0,0,13,9167575152783,12,0992344539075,0,0,0,0,0,0,0,0,0,0,77,6916699755487,79,2320771413636,5,63149915371154,5,52456500557974,0,0,0,0,0,0,0,0,83,3231691292603,84,7566421469433,0,0,0,0,0,0,0,0,0,0,34,728445460008,40,752862278914,10,7806484464368,12,9179849215689,0,0,0,0,0,0,0,0,0,0,0,0,348,15,0,297704433481464,15,7594313531782,83,8646955292088,0,0,0,0,0,0,0,0,0,0,0,0,0,5,70213105221894E-10,0,0,0,0,2,04318622310402E-10,0,0,0,0,0,47366,8562508505,44120,7128117123,0,
80-90C*,0,022359045994245,363,149994,91,8539817770699,726,617600549574,0,0559959118626692,232,403087726883,9,9688989663598,9,43152264304136,0,000898577469974831,72,5729526913223,5,42581173486305,205,263961384508,0,0,27,6449227312122,268,141955218325,208,263961384508,54,9154632890668,63,6725544890668,43,5940552489514,47,4607554453701,0,0589758534041355,73,3060128195175,0,0,46,4370457846888,43,1077219115885,149,430643230459,1,4035102235675,14,4139823059403,56,5636328916365,65,3207240916364,39,8619877862348,0,00392250209707583,0,0,15,6673092791443,0,6,48615084079773E-07,91,3893493179732,4,89331111122649,1,95911384551955,1,11142279873585,0,0344828797978,0,0,0,0,0,0,0,0,0,0457140029169614,0,0518041422034875,1,94434489428143,2,20654376308732,0,0,0,0,3,32372666536679,3,65277852018254,8,843841620338,9,95479537440307,0,00173512954850456,0,00192858612352189,1,91849606483212E-12,2,09904090194923E-12,0,0,14,1593623124536,15,867850386002,0,0,0,0,0,0,0,0,0,0,0,0,0,0,0,0,0,0,0,0,0,0,0,0,0,0,0,0,0,0,0,0,10,4994022505529,9,13028927361354,0,0,0,0,0,0,0,0,0,0,0,0,41,1136638817006,40,3422741744182,0,0,0,0,0,0,0,0,41,1136638817006,40,3422741744182,34,2275715552929,34,6595861659662,0,0,0,0,0,0,0,0,43,1077219115885,46,4370457846888,0,0,0,0,0,0,0,0,0,0,0,0,0,0,358,15,0,313559069107057,15,5021022171446,84,1114881248295,0,0,0,0,0,0,0,0,0,0,0,0,0,7,16421593740328E-10,0,0,0,0,2,56708012646403E-10,0,0,0,0,0,47201,2951959266,44005,7718676008,0,
90-100C*,0,0246821321435431,373,149994,96,5235485360484,739,394537085217,0,0641448673826048,234,825282471757,11,5530269700095,13,5178543122023,0,001005947133056,81,2445850654244,5,54876618915066,208,308864616629,0,0,28,0263949142981,275,043226968107,211,308864616629,53,311772646259,62,068863846259,49,4107413288997,45,7584245311265,0,0660227889456014,82,0652374398227,0,0,39,0362317010908,40,7237211566712,153,035976666822,1,41057554947261,9,13786851802737,54,9393534794739,63,6964446794739,37,0751572810298,0,0039537868246575,0,0,10,7156648150324,0,7,80985509402175E-07,85,2336484695225,5,14995362659471,2,09605518512675,1,19589261760982,0,0386031869607002,0,0,0,0,0,0,0,0,0,0,0,0,0,0,0,0,2,45317482421941,2,42406902853394,15,6012676518729,15,7895485574189,23,7125191484575,23,697540339493,1,51868021520035,1,49397994798349,0,0,43,2856418397502,43,4051378734294,0,0,0,0,0,0,0,0,0,0,53,4530952074365,53,6826102030992,0,0,0,0,0,0,0,0,0,0,0,0,0,0,0,0,0,0,0,0,0,0,0,0,0,0,0,0,0,0,0,0,0,0,0,0,0,0,0,0,0,0,0,0,0,0,3,26126295281339,2,91225192347138,0,0,0,0,0,0,0,0,18,2217843872585,17,4519756881106,22,5019367694128,21,5842560129802,0,0,0,0,0,0,0,0,0,0,0,0,368,15,0,331226988176657,15,2095157446193,84,3940467170981,0,0,0,0,0,0,0,0,0,0,0,0,0,8,62630082258763E-10,0,0,0,0,3,09097402982403E-10,0,0,0,0,0,47051,0983197442,43901,4975214454,0,
100-110C*,0,0267932686100398,383,149994,101,384306355623,751,385089508215,0,0728301372183916,237,316634886624,13,1051605847259,17,4698821272863,0,00111331679613716,89,9162174395266,5,6856068265254,211,31587884636,0,0,28,4220457018797,281,929104575811,214,31587884636,52,1492655508742,60,9063567508742,55,3893077950206,44,1621384674048,0,0730697244870673,90,8244620601279,0,0,31,5055316202535,38,3679794053089,156,357331877374,1,4173235058163,6,76320973666146,53,8276714952271,62,5847626952271,34,5638800261611,0,00398507155223917,0,0,7,27405367643317,0,9,13355934724578E-07,79,548232253105,5,44992541607959,2,2485564971808,1,2887677788614,0,0427234941236005,0,0,0,0,0,0,0,0,0,0,0,0,0,0,0,0,0,0,0,0,0,0,0,0,0,0,0,0,0,0,0,0,0,0,0,0,0,0,0,0399571857120537,0,04510504706809,0,0,0,0,0,0,0,0,0,0,0,0,0,0,0,0,0,0,0,0,0,0,3,59135707264542,3,20027566390915,0,0,0,0,0,0,0,0,0,0,0,0,0,0,0,0,0,0,0,0,0,0,96,3686857416425,96,7546192890228,0,0,0,0,0,0,0,0,38,3280222195969,31,4604265731854,0,0399571857120537,0,04510504706809,0,0,0,0,0,0,0,0,0,0,0,0,378,15,0,350783596025266,14,8968067895935,84,6973863763426,0,0,0,0,0,0,0,0,0,0,0,0,0,1,0088385707772E-09,0,0,0,0,3,61486793318404E-10,0,0,0,0,0,46914,7917792151,43806,8665560642,0,
110-120C*,0,0285872225097311,393,149994,106,417747106217,762,607792091636,0,0821230650323631,239,870781167224,14,5881731399442,21,2985085679217,0,00122068645921832,98,5878498136287,5,83204220037,214,2831880608,0,0,28,8667056397487,288,800875057926,217,2831880608,51,2857526957276,60,0428438957276,61,5297546473139,42,6695674354647,0,0801166600285332,99,5836866804331,0,0,23,8820722127419,36,0319239966136,159,453065653323,1,42373332208254,6,50296821002538,53,0577211295907,61,8148123295907,32,3027999483437,0,00401635627982084,0,0,4,89968911879822,0,3,37895402370277E-05,74,3170278457381,5,80086258301524,2,41895883876701,1,39101338096669,0,0468438012865007,0,0,0,0,0,0,0,0,0,0,0,0,0,0,0,0,0,0,0,0,0,0,0,0,0,0,0,0,22,370165087343,24,8483860187845,0,0,0,0,0,0,0,0,0,0,0,0,0,0,0,0,0,0,0,0,0,0,0,0,0,0,0,0,0,0,0,0,25,5120627300923,23,0221780365682,0,0,0,0,0,0,0,0,0,0,0,0,0,0,0,0,0,0,0,0,0,0,0,0,52,1177721825647,52,1294359446473,0,0,0,0,0,0,36,0319239966136,23,8820722127419,0,0,0,0,0,0,0,0,0,0,0,0,0,0,388,15,0,372272472774841,14,5762584003015,85,009354114056,0,0,0,0,0,0,0,0,0,0,0,0,0,3,73219138168965E-08,0,0,0,0,1,3373179155692E-08,0,0,0,0,0,46839,9081348186,43750,1218343213,0,
120-130C*,0,0300257250594768,403,149994,111,382904879735,773,022502936334,0,0920949944868526,242,485263637776,15,8091913394106,25,0147296396437,0,00132805612229949,107,259482187731,5,9829556782793,217,210919013782,0,0,29,4087408246234,295,659628714321,220,210919013782,50,5802182970788,59,3373094970788,66,1000592016896,41,2784833333637,0,0871635955699991,108,342911300738,0,0,18,0907494588998,33,7067870269925,162,381534785874,1,42975481360265,6,24778515459541,52,4586365732596,61,2157277732596,30,2821246333794,0,00515641797859005,0,0,3,27410946973025,0,9,81254672838813E-05,69,5520394697987,6,21219862315025,2,61004458928441,1,50374068213913,0,050964108449401,0,0,0,0,0,0,0,0,0,0,0,0,0,0,0,0,0,0,0,0,0,0,0,0,0,0,0,0,7,45883148495219E-05,7,84973812854459E-05,0,0,0,0,0,0,0,0,0,0,53,4126706848922,56,0473371350935,0,0,0,0,0,0,0,0,0,0,0,0,0,0,0,0,0,0,0,0,0,0,0,0,0,0,0,0,0,0,0,0,0,0,0,0,0,0,0,0,0,0,0,0,0,0,46,5872547267929,43,9525843675252,0,0,0,0,0,0,0,0,33,7067870269925,18,0907494588998,0,0,0,0,0,0,0,0,0,0,0,0,398,15,0,395714504097334,14,2595775753827,85,3144206245003,0,0,0,0,0,0,0,0,0,0,0,0,0,1,08383547320319E-07,0,0,0,0,3,88359665304156E-08,0,0,0,0,0,46714,0224881678,43659,2011235232,0,
130-140C*,0,0309577258070972,413,149994,116,506526657952,782,478217364574,0,105327432789231,245,163706642735,16,3552868967942,28,7321662153711,0,00143542578538065,115,931114561833,6,1306072717864,220,102916301976,0,0,30,1336258606131,302,506300924676,223,102916301976,49,8938638267592,58,6509550267592,62,8966784149291,39,9275655773327,0,0942105311114651,117,102135921043,0,0,20,7480346882767,31,3402682072961,165,120468768564,1,435276205374,5,99771301597607,51,8595520169285,60,6166432169285,28,5162949942567,0,0107352713750751,0,0,2,16992315290012,0,0,000162461394330735,65,3184692036439,6,69548312508762,2,82513743800725,1,62825803289088,0,0550844156123012,0,0,0,0,0,0,0,0,0,0,0,0,0,0,0,0,0,0,0,0,0,0,0,0,0,0,0,0,0,0,3,78438427222456E-16,4,21353516656947E-16,0,0,0,0,0,0,0,0,0,0,0,0,0,0,0,0,0,0,0,0,0,0,0,0,0,0,0,0,0,0,0,0,10,3268038427699,9,604388012437,4,45406654281716E-18,4,06619723878009E-18,10,7565106084851,10,034744905544,10,7624169808059,9,97327611934063,0,0,0,0,31,8457314320609,29,6124090373216,0,0,0,0,0,0,0,0,0,0,68,1542685679391,70,3875909626784,0,0,0,0,0,0,31,3402682072961,20,7480346882767,0,0,0,0,0,0,0,0,0,0,0,0,0,0,408,15,0,421119649651871,13,9626785906771,85,5996989016215,0,0,0,0,0,0,0,0,0,0,0,0,0,1,79445180823741E-07,0,0,0,0,6,42987539051393E-08,0,0,0,0,0,46589,3554664625,43566,3058827744,0,
140-150C*,0,0313070802386277,423,149994,121,815813175683,791,259026071205,0,119839033544454,247,887755266604,16,9013824541778,32,3291698777749,0,00154279544846182,124,602746935935,6,27705067074981,222,95058180625,0,0,30,9351117993062,309,341702896494,225,95058180625,49,0791888491484,57,8362800491484,60,2719333745272,38,6893551234717,0,101257466652931,125,861360541349,0,0,22,826684171295,28,9814749987533,167,794157487916,1,44043275324881,5,75280214706209,51,0896016512922,59,8466928512922,26,9321773261319,0,0163141247715602,0,0,1,42597351899186,0,0,000226797321377589,61,4653629488583,7,26495516269834,3,06822883988886,1,76611850848569,0,0592047227752014,0,0,0,0,0,0,0,0,0,0,0,0,0,0,0,0,0,0,0,0,0,0,0,0,0,0,0,0,0,0,71,3030296820647,74,8812312027626,0,0,0,0,0,0,0,0,0,0,2,00896862478412,2,12113863140234,0,0,0,0,0,0,0,0,0,0,0,0,0,0,0,0,0,0,0,0,1,03763639434718,0,910253933159715,25,6362230045895,22,0749322726456,0,0140690588590214,0,0123797983968777,4,00260600034916E-13,3,49852087551213E-13,0,0,0,0,26,6879284577961,22,9975660042025,7,32353550402382E-05,6,416163258292E-05,0,0,0,0,0,0,0,0,0,0,0,0,0,0,0,0,26,9725063739692,20,7055455398927,2,00896862478412,2,12113863140234,0,0,0,0,0,0,0,0,0,0,0,0,418,15,0,448495078619563,13,6802277378614,85,8714826979533,0,0,0,0,0,0,0,0,0,0,0,0,0,2,50506814327164E-07,0,0,0,0,8,97615412798629E-08,0,0,0,0,0,46465,6994590861,43472,1747754732,0,
150-160C*,0,0310295352759574,433,149994,127,325513968179,799,422083160003,0,135146332596099,250,651964704747,17,9694452796286,35,7862358813215,0,00165016511154298,133,274379310037,6,42059614659804,225,751672162206,0,0,31,8052269878659,316,166544788216,228,751672162206,48,1882322653172,56,9453234653172,58,0362591082955,37,5814860043249,0,108304402194397,134,620585161654,0,0,23,9942956120758,26,6322781143537,170,478778348954,1,4452400920776,5,51310065825743,50,2128601548401,58,9699513548401,25,5080772368315,0,0218929781680452,0,0,0,928922263560238,0,0,000291133248424442,57,9569195606963,7,9384415623758,3,34413896797707,1,91916164030539,0,0633250299381017,0,0,0,0,0,0,0,0,0,0,0,0,0,0,0,0,0,0,0,0,0,0,0,0,0,0,0,0,0,0,0,0,0,0,0,0,0,0,0,0,0,0,9,56493383886204,10,7107066443843,0,0,0,0,0,0,0,0,0,0,0,0,0,0,0,0,0,0,0,0,0,0,0,0,0,0,0,0,0,0,0,0,0,0,26,1748803641372,24,3208962310044,0,0,0,0,0,0,0,0,0,0,64,2601857970008,64,9683971246114,0,0,0,0,17,0673442754916,13,2835889676916,9,56493383886204,10,7107066443843,0,0,0,0,0,0,0,0,0,0,0,0,428,15,0,477845367800201,13,4142755865504,86,1276461404098,0,0,0,0,0,0,0,0,0,0,0,0,0,3,21568447830586E-07,0,0,0,0,1,15224328654587E-07,0,0,0,0,0,46344,623126022,43378,562058587,0,
160-170C*,0,0258473018068889,443,149994,133,050170433823,807,024542734742,0,151029654980432,253,451424649292,18,4641444574543,39,1024671662975,0,00175753477462415,141,946011684139,6,56005829037598,228,503981229196,0,0,32,7341709259248,322,981453432259,231,503981229196,47,4148515980597,56,1719427980597,56,1896556162342,36,6128353753291,0,115351337735863,143,379809781959,0,0,25,3461999263115,24,2846974583735,173,242035759072,1,44971743360268,5,27865426312549,49,4642680153669,58,2213592153669,24,2244299941381,0,0274718315645303,0,0,0,599691777132532,0,0,000355469175471296,54,7583505635363,8,73846353730953,3,65872294199314,2,08957441622292,0,0674453371010019,0,0,0,0,0,0,0,0,0,0,0,0,0,0,0,0,0,0,0,0,0,0,0,0,0,0,0,0,0,0,0,0,4,97340947225009E-05,5,39279487781025E-05,0,0,0,0,0,0,0,0,0,0,8,29353086179433E-06,9,02938648745953E-06,0,0,0,0,0,0,0,0,0,0,0,0,0,0,0,0,0,0,0,0,0,0,0,0,0,0,0,0,0,0,0,0,0,0,0,0,0,0,0,0,0,0,0,0,99,9999419723744,99,9999370426647,0,0,0,0,24,2846891648426,25,3461908969251,8,29353086179433E-06,9,02938648745953E-06,0,0,0,0,0,0,0,0,0,0,0,0,438,15,0,509177091844081,13,1656286871827,86,3672916173647,0,0,0,0,0,0,0,0,0,0,0,0,0,3,92630081334009E-07,0,0,0,0,1,4068711602931E-07,0,0,0,0,0,46227,0717531691,43286,5997823781,0,
170-180C*,0,0246524728451886,453,149994,139,003852702504,814,123558899199,0,16726932573372,256,281670298956,18,8896106237598,42,205498490908,0,00186490443770531,150,617644058242,6,69471847020993,231,20532669946,0,0,33,7108264992068,329,786986146791,234,20532669946,46,6515397990078,55,4086309990078,54,8574257237519,35,9211720958544,0,122398273277329,152,139034402264,0,0,26,2529636524883,21,8733294132376,176,151634125666,1,4538870951025,5,04950611959061,48,7156758758937,57,4727670758937,23,0634459514935,0,0330506849610154,0,0,0,383559308039418,0,0,000419805102518149,51,8359144608063,9,69145910033508,4,01913691757029,2,28023294508724,0,0715656442639021,0,0,0,0,0,0,0,0,0,0,0,0,0,0,0,0,0,0,0,0,0,0,0,0,0,0,0,0,0,0,0,0,84,2102867513696,84,385513312271,0,0,0,0,0,0,0,0,0,0,12,6945311443377,12,7725763915716,0,0,0,0,0,0,0,0,0,0,0,0,0,0,0,0,0,0,0,0,0,0,0,0,0,0,0,0,0,0,0,0,0,0,9,36387801793339E-10,7,97590897493326E-10,0,0,0,0,0,0,0,0,0,0,3,09518210335634,2,84191029535992,0,0,9,17879826889996,13,4803872609168,12,6945311443377,12,7725763915716,0,0,0,0,0,0,0,0,0,0,0,0,448,15,0,54265530621303,12,934653063608,86,593860770694,0,0,0,0,0,0,0,0,0,0,0,0,0,4,63691714837431E-07,0,0,0,0,1,66149903404034E-07,0,0,0,0,0,46113,5190011574,43196,9495475795,0,
180-190C*,0,0235041498322738,463,149994,145,199860244379,820,776285757149,0,183645669892231,259,138609638983,19,2648374999322,44,6432626118037,0,00197227410078647,159,289276432344,6,82428804760927,233,853538641846,0,0,34,7230904055026,336,583641658298,236,853538641846,45,897153786086,54,654244986086,54,5765462466785,36,2655796307341,0,129445208818795,160,898259022569,0,0,26,1586162533893,19,0911577574622,179,27527785613,1,45777404742153,4,82569666684509,47,9670837364205,56,7241749364205,22,0088208006887,0,0355208440180905,0,0,0,242975333809528,0,000772266708282858,0,00075158524384228,49,1569045816892,10,7715951270692,4,43418392669582,2,50148569624899,0,0756859514268024,0,0,0,0,0,0,0,0,0,0,0,0,0,0,0,0,0,0,0,0,0,0,0,0,0,0,0,0,0,0,0,0,0,0,0,0,0,0,0,0,0,0,0,0,0,0,0,0,0,0,0,0,0,0,0,0,0,0,0,0,0,0,0,0,0,0,0,0,0,0,0,0,0,0,0,0,0,0,0,0,28,6540828064638,27,1444162556797,0,0,0,0,0,0,0,0,0,0,71,3459083123833,72,8555740830785,8,88115295355346E-06,9,66124187142711E-06,19,0911577574622,26,1586162533893,0,0,0,0,0,0,0,0,0,0,0,0,0,0,458,15,0,582379955214239,12,7191305073366,86,7990102971999,0,0,0,0,0,0,0,0,0,0,0,0,0,8,30156299847902E-07,0,0,0,0,2,97461405102606E-07,0,0,0,0,0,46004,0795965976,43109,9150684216,0,
190-200C*,0,0224551738797333,473,149994,151,64337456183,827,091903859951,0,199939012492232,262,016072360207,19,625280638726,46,9672083873435,0,00207964376386764,167,960908806446,6,95050389343939,236,444651558156,0,0,35,7377112967226,343,371868852483,239,444651558156,45,1495099482672,53,9066011482672,54,295666769605,36,6903282959475,0,136492144360261,169,657483642875,0,0,26,0790525916689,16,3424633167091,182,680671357859,1,46143661425986,4,60726345815307,47,2184915969473,55,9755827969473,21,0359694343065,0,0448884126514407,0,0,0,152398580138068,0,0394784843496206,0,00304462295653324,46,6651071234011,12,0547097100845,4,91476682345405,2,75346865597457,0,0798062585897026,0,0,0,0,0,0,0,0,0,0,0,0,0,0,0,0,0,0,0,0,0,0,0,0,0,0,0,0,0,0,0,0,0,0,31,6430080429938,31,9047637216746,0,0,0,0,0,0,0,0,0,0,3,51588978255487,3,55099456863011,0,0,0,0,0,0,0,0,0,0,0,0,0,0,0,0,0,0,0,0,0,0,0,0,0,0,0,0,0,0,0,0,0,0,0,0,0,0,0,0,0,0,0,0,0,0,64,8411021744513,64,5442417096953,12,8265735341542,22,5280580230388,3,51588978255487,3,55099456863011,0,0,0,0,0,0,0,0,0,0,0,0,468,15,0,626175127390872,12,515670964367,86,990219766839,0,0,0,0,0,0,0,0,0,0,0,0,0,3,3629091959102E-06,0,0,0,0,1,20499681184278E-06,0,0,0,0,0,45897,7079216074,43024,8158231583,0,
200-210C*,0,0215510685690812,483,149994,158,291062445173,833,512658322952,0,21592967856999,264,893209689179,20,1112102704876,49,187569357061,0,0021870134269488,176,632541180548,7,08656821427794,238,96276315383,0,0,36,592544003326,350,152073867354,241,96276315383,44,3997633832445,53,1568545832445,54,0147872925316,37,1591475192468,0,143539079901726,178,41670826318,0,0,25,8740024369808,13,6532831236921,186,435519038249,1,46513608558457,4,39424098978377,46,4698994574741,55,2269906574741,20,0618215683023,0,0573731269469087,0,0,0,0946120787502722,0,0781847019909586,0,0053376606692242,44,1502635787823,13,5899949799614,5,47448628265166,3,04177488298997,0,333966317792578,0,0,0,0,0,0,0,0,0,0,0,0,0,0,0,0,0,0,0,0,0,0,0,0,0,0,0,0,0,0,0,0,0,0,2,9799254770657E-14,3,45104507544509E-14,0,0,0,0,0,0,0,0,0,0,1,65551415392539E-15,1,92050353763911E-15,0,0,0,0,0,0,0,0,0,0,0,0,0,0,0,0,0,0,0,0,0,0,0,0,0,0,0,0,0,0,0,0,0,0,86,2799684467605,86,2550291761869,0,0,0,0,0,0,0,0,0,0,0,0,13,6532831236921,25,8740024369808,0,0,0,0,0,0,0,0,0,0,0,0,0,0,478,15,0,674467297682203,12,3032006997849,87,1874710129777,0,0,0,0,0,0,0,0,0,0,0,0,0,5,8956620919725E-06,0,0,0,0,2,11253221858296E-06,0,0,0,0,0,45787,299981403,42936,0354802434,0,
210-220C*,0,0208103140460136,493,149994,165,202387675844,839,655958085883,0,231397993161771,267,787195086248,20,5971399022491,51,3036334825698,0,00229438309002997,185,30417355465,7,21992790409348,241,420573586163,0,0,37,4473010603397,356,924625903101,244,420573586163,43,6555659122231,52,4126571122231,53,7339078154582,37,6347755636871,0,150586015443192,187,175932883485,0,0,25,6689522822928,11,0615909537431,190,607525304695,1,46864084201149,4,18666052635124,45,7213073180009,54,4783985180009,19,1548034932038,0,070971879654472,0,0,0,0581180077396885,0,116890919632296,0,00763069838191516,41,7909761436724,15,4396032879513,6,13043697737681,3,37346396195889,0,588126376995454,0,0,0,0,0,0,0,0,0,0,0,0,0,0,0,0,0,0,0,0,0,0,0,0,0,0,0,0,0,0,0,0,0,0,0,0,0,0,0,0,0,0,0,0,0,0,0,0,0,0,0,0,0,0,0,0,0,0,0,0,0,0,0,0,0,0,0,0,0,0,0,0,0,0,0,0,0,0,0,0,0,0,0,0,0,0,0,0,0,0,0,0,0,0,0,0,11,0615909537431,25,6689522822928,0,0,0,0,0,0,0,0,0,0,0,0,0,0,488,15,0,727849288076665,12,101653260536,87,3730640614078,0,0,0,0,0,0,0,0,0,0,0,0,0,8,4284149880348E-06,0,0,0,0,3,02006762532313E-06,0,0,0,0,0,45679,7048036425,42849,1326190319,0,
220-230C*,0,020249170360523,503,149994,172,389040582028,845,539778353399,0,246124281303844,270,696598989673,21,0830695340106,53,3050368817958,0,00240175275311113,193,975805928752,7,35020050410075,243,817358896898,0,0,38,302107464554,363,689862026194,246,817358896898,42,91655803111,51,67364923111,53,5081043864831,38,078430483364,0,157632950984658,195,93515750379,0,0,25,4088260795063,8,6165326348402,195,264394564592,1,47195805405959,3,98454992288707,44,9727151785277,53,7298063785277,18,3092192336434,0,0855061980513679,0,0,0,0353116644106493,0,155597137273634,0,00992373609460612,39,5760745809986,17,6861461734662,6,90427702502691,3,75714007064717,0,84228643619833,0,0,0,0,0,0,0,0,0,0,0,0,0,0,0,0,0,0,0,0,0,0,0,0,0,0,0,0,0,0,0,0,0,0,0,0,0,0,0,0,0,0,0,0,0,0,0,0,0,0,0,0,0,0,0,0,0,0,0,0,0,0,0,0,0,0,0,0,0,0,0,0,0,0,0,0,0,0,0,0,0,0,0,0,0,0,0,0,0,0,0,0,0,0,0,0,8,6165326348402,25,4088260795063,0,0,0,0,0,0,0,0,0,0,0,0,0,0,498,15,0,78693739955652,11,9108720490284,87,5472977390483,0,0,0,0,0,0,0,0,0,0,0,0,0,1,09611678840971E-05,0,0,0,0,3,92760303206331E-06,0,0,0,0,0,45575,0107374233,42764,2546597354,0,
230-240C*,0,0265679409921809,513,150024,179,861344923704,851,182094330157,0,255927925211689,273,620083163063,21,5689991657721,55,6705747119154,0,0025091224161923,202,647438302854,7,47711575232931,246,152488235507,0,0,39,1563597270968,370,448091176164,249,152488235507,42,1823802358121,50,9394714358121,52,3948312289108,37,7214594354343,0,164679886526124,204,694382124095,0,0,26,0361696053171,6,6079658526503,202,079419686441,1,47509557653888,3,78793344402562,44,2241230390545,52,9812142390545,17,519736692884,0,100797609414833,0,0,0,021213230353765,0,194303354914972,0,0122167738072971,37,4946995014928,20,4392468532947,7,82367790267516,4,20349567219177,1,09644649540121,0,0,0,0,0,0,0,0,0,0,0,0,0,0,0,0,0,0,0,0,0,0,0,0,0,0,0,0,0,0,0,0,0,0,0,0,0,0,0,0,0,0,0,0,0,0,0,0,0,0,0,0,0,0,0,0,0,0,0,0,0,0,0,0,0,0,0,0,0,0,0,0,0,0,0,0,0,0,0,0,0,0,0,0,0,0,0,0,0,0,0,0,0,0,0,0,6,6079658526503,26,0361696053171,0,0,0,0,0,0,0,0,0,0,0,0,0,0,508,15,0,852432278655697,11,7305425097495,87,7106241830168,0,0,0,0,0,0,0,0,0,0,0,0,0,1,34939207801594E-05,0,0,0,0,4,83513843880348E-06,0,0,0,0,0,45559,4966638581,42762,4431854765,0,
240-250C*,0,0269958083428553,523,150024,187,627757018188,856,600881220811,0,264812085090103,276,556390540921,22,0549287975336,58,0038467128984,0,00261649207927346,211,319070676957,7,60051104816054,248,42541392651,0,0,40,0088610183753,377,199597533784,251,42541392651,41,4526730222363,50,2097642222363,51,1739771641745,37,1493989259915,0,17172682206759,213,453606744401,0,0,26,7710940382919,4,84675436111001,209,542223660083,1,47806186624949,3,59683158073947,43,4755308995813,52,2326220995813,16,7813471931563,0,116667641022106,0,0,0,0125952540633132,0,23300957255631,0,014509811519988,35,5362921225879,23,8459743069885,8,924309490914,4,72591881404461,1,35060655460408,0,0,0,0,0,0,0,0,0,0,0,0,0,0,0,0,0,0,0,0,0,0,0,0,0,0,0,0,0,0,0,0,0,0,0,0,0,0,0,0,0,0,0,0,0,0,0,0,0,0,0,0,0,0,0,0,0,0,0,0,0,0,0,0,0,0,0,0,0,0,0,0,0,0,0,0,0,0,0,0,0,0,0,0,0,0,0,0,0,0,0,0,0,0,0,0,4,84675436111001,26,7710940382919,0,0,0,0,0,0,0,0,0,0,0,0,0,0,518,15,0,925133913112212,11,5602248407828,87,8636166215898,0,0,0,0,0,0,0,0,0,0,0,0,0,1,60266736762217E-05,0,0,0,0,5,74267384554366E-06,0,0,0,0,0,45466,0448410439,42686,9224329962,0,
250-260C*,0,0271665961253703,533,150024,195,694319937958,861,814114230017,0,273696244968516,279,504336365797,22,089571043303,60,1806806461918,0,00272386174235462,219,990703051059,7,7203264003695,250,635662447923,0,0,40,8579269669373,383,944643372887,253,635662447923,40,7270768862894,49,4841680862894,49,9531230994382,36,5274310447424,0,178773757609056,222,212831364706,0,0,27,9573058572587,3,29188830906577,217,190438371613,1,4808659023604,3,41126086512508,42,7269387601081,51,4840299601081,16,089330162385,0,132937820150423,0,0,0,00738824050957575,0,271715790197648,0,016802849232679,33,6905823898446,28,1059715893053,10,2525858447619,5,34130481073038,1,60476661380696,0,0,0,0,0,0,0,0,0,0,0,0,0,0,0,0,0,0,0,0,0,0,0,0,0,0,0,0,0,0,0,0,0,0,0,0,0,0,0,0,0,0,0,0,0,0,0,0,0,0,0,0,0,0,0,0,0,0,0,0,0,0,0,0,0,0,0,0,0,0,0,0,0,0,0,0,0,0,0,0,0,0,0,0,0,0,0,0,0,0,0,0,0,0,0,0,3,29188830906577,27,9573058572587,0,0,0,0,0,0,0,0,0,0,0,0,0,0,528,15,1,00595979649071,11,3993810829234,88,0069427223659,0,0,0,0,0,0,0,0,0,0,0,0,0,1,8559426572284E-05,0,0,0,0,6,65020925228384E-06,0,0,0,0,0,45375,8479341758,42613,9310527925,0,
260-270C*,0,0270728989985658,543,150024,204,063802259594,866,839768562433,0,28258040484693,282,46280045224,22,743131972199,61,9872858562013,0,00283123140543579,228,662335425161,7,83659893063933,252,782826258269,0,0,41,7014693940441,377,071287725423,255,782826258269,40,0052323238783,48,7623235238783,48,7322690347019,36,0676995456568,0,185820693150522,230,972055985011,0,0,28,5245989930991,1,94501459814191,224,916796478461,1,48351711003068,3,2312336838066,41,9783466206349,50,7354378206349,15,4392223104891,0,149429674077021,0,0,0,00427979722025108,0,310422007838986,0,037503654637389,31,9475762425135,33,4936893848562,11,8695045969315,6,07115096171156,1,85892667300983,0,0,0,0,0,0,0,0,0,0,0,0,0,0,0,0,0,0,0,0,0,0,0,0,0,0,0,0,0,0,0,0,0,0,0,0,0,0,0,0,0,0,0,0,0,0,0,0,0,0,0,0,0,0,0,0,0,0,0,0,0,0,0,0,0,0,0,0,0,0,0,0,0,0,0,0,0,0,0,0,0,0,0,0,0,0,0,0,0,0,0,0,0,0,0,0,1,94501459814191,28,5245989930991,0,0,0,0,0,0,0,0,0,0,0,0,0,0,538,15,1,09596701806112,11,2473974296749,88,1413426698662,0,0,0,0,0,0,0,0,0,0,0,0,0,4,14243033902378E-05,0,0,0,0,1,48431463979908E-05,0,0,0,0,0,45288,7140511831,42543,3402842794,0,
270-280C*,0,0267154676395763,553,150024,212,735110923462,871,695819422713,0,291464564725344,285,430720438781,23,5168838085211,63,9926383323256,0,00293860106851695,237,333967799263,7,94945704807418,254,866556412805,0,0,42,5370634190763,381,92947140677,257,866556412805,39,28677983091,48,04387103091,47,5114149699656,35,1724475945491,0,192867628691988,239,731280605316,0,0,28,9717012215133,0,834914073125248,232,614030638056,1,48602528776533,3,05675809059807,41,2297544811617,49,9868456811617,14,8267907424739,0,165964730079138,0,0,0,00244713928527653,0,349128225480324,0,0650128124761336,30,2975426174045,40,3915357762295,13,8560772547981,6,94304706965209,2,11308673221271,0,0,0,0,0,0,0,0,0,0,0,0,0,0,0,0,0,0,0,0,0,0,0,0,0,0,0,0,0,0,0,0,0,0,0,0,0,0,0,0,0,0,0,0,0,0,0,0,0,0,0,0,0,0,0,0,0,0,0,0,0,0,0,0,0,0,0,0,0,0,0,0,0,0,0,0,0,0,0,0,0,0,0,0,0,0,0,0,0,0,0,0,0,0,0,0,0,834914073125248,28,9717012215133,0,0,0,0,0,0,0,0,0,0,0,0,0,0,548,15,1,1963792508625,11,10360250927,88,2676112263306,0,0,0,0,0,0,0,0,0,0,0,0,0,7,18092808368366E-05,0,0,0,0,2,57306841868774E-05,0,0,0,0,0,45204,4454750701,42475,0138138755,0,
280-290C*,0,0261036105261998,563,150024,221,702201063156,876,400242015513,0,300348724603757,288,407085910838,24,6789858334569,65,5138617959167,0,00649454854390249,246,005600173365,8,05911443889804,256,886555912735,0,0,43,3620020266829,386,57928779754,259,886555912735,38,5713599032912,47,3284511032912,46,2905609052293,33,8868885098325,0,199914564233454,248,490505225621,0,0,29,0304532613137,0,599249694250756,240,174873507827,1,48840053892316,2,88783761914226,40,4811623416886,49,2382535416886,14,2480095415798,0,18236451543401,0,0,0,00138052215698748,0,387834443121661,0,0925219703148783,28,7310006412853,49,3400632716692,16,321102709772,7,99272517057343,2,31489091198052,0,0,0,0,0,0,0,0,0,0,0,0,0,0,0,0,0,0,0,0,0,0,0,0,0,0,0,0,0,0,0,0,0,0,0,0,0,0,0,0,0,0,0,0,0,0,0,0,0,0,0,0,0,0,0,0,0,0,0,0,0,0,0,0,0,0,0,0,0,0,0,0,0,0,0,0,0,0,0,0,0,0,0,0,0,0,0,0,0,0,0,0,0,0,0,0,0,599249694250756,29,0304532613137,0,0,0,0,0,0,0,0,0,0,0,0,0,0,558,15,1,30861989465028,10,9672822977189,88,3865831210177,0,0,0,0,0,0,0,0,0,0,0,0,0,0,000102194258283435,0,0,0,0,3,66182219757639E-05,0,0,0,0,0,45122,8406683568,42408,8100258921,0,
290-300C*,0,0252549691369756,573,150024,230,953004295461,880,971011545489,0,307519853948995,291,390933295271,25,9119843701977,67,0496569285306,0,010050496019288,254,677232547467,8,16586403191728,258,842573734477,0,0,44,1733411984093,391,021760414127,261,842573734477,37,858613036929,46,615704236929,46,1270228339662,32,5510544558877,0,20696149977492,257,249729845927,0,0,27,960992795836,0,399288615581744,247,492057745202,1,49065320771856,2,724471096327,39,7325702022153,48,4896614022154,13,6990394270642,0,198450557418876,0,0,0,000768003459251162,0,426540660762999,0,120031128153623,27,238707351304,61,1151924873696,19,4124375838252,9,26690794589351,2,94734853351226,0,0,0,0,0,0,0,0,0,0,0,0,0,0,0,0,0,0,0,0,0,0,0,0,0,0,0,0,0,0,0,0,0,0,0,0,0,0,0,0,0,0,0,0,0,0,0,0,0,0,0,0,0,0,0,0,0,0,0,0,0,0,0,0,0,0,0,0,0,0,0,0,0,0,0,0,0,0,0,0,0,0,0,0,0,0,0,0,0,0,0,0,0,0,0,0,0,399288615581744,27,960992795836,0,0,0,0,0,0,0,0,0,0,0,0,0,0,568,15,1,43435300393215,10,837816830118,88,5001386375685,0,0,0,0,0,0,0,0,0,0,0,0,0,0,000132579235730034,0,0,0,0,4,75057597646504E-05,0,0,0,0,0,45043,6958295505,42344,5837635111,0,
300-310C*,0,0181464636848066,583,150024,240,436901429239,885,508831826076,0,370620307204585,294,378023609936,27,192896548445,68,592051978378,0,0136064434946736,263,348864921569,8,27360519328692,260,730924038942,0,0,44,9385040729579,395,258380814762,263,730924038942,37,1465251555545,45,9036163555545,44,6444734254249,31,1747688650376,0,214008435316386,266,008954466232,0,0,28,1626300261301,0,233179156584434,253,465494222389,1,49284474069578,2,5666524573687,38,9839780627422,47,7410692627422,13,162990510819,0,213238116661765,0,0,0,000421107916783318,0,465246878404337,0,147540285992368,25,7754895275002,61,9252914704306,20,4776279009662,9,96022749268805,3,61339377173621,0,0,0,0,0,0,0,0,0,0,0,0,0,0,0,0,0,0,0,0,0,0,0,0,0,0,0,0,0,0,0,0,0,0,0,0,0,0,0,0,0,0,0,0,0,0,0,0,0,0,0,0,0,0,0,0,0,0,0,0,0,0,0,0,0,0,0,0,0,0,0,0,0,0,0,0,0,0,0,0,0,0,0,0,0,0,0,0,0,0,0,0,0,0,0,0,0,233179156584434,28,1626300261301,0,0,0,0,0,0,0,0,0,0,0,0,0,0,578,15,1,5775184223307,10,7103764113859,88,6134258992999,0,0,0,0,0,0,0,0,0,0,0,0,0,0,000162964213176633,0,0,0,0,5,8393297553537E-05,0,0,0,0,0,44965,8716135785,42281,4926191782,0,
310-320C*,0,0224175520618774,593,150024,250,153579289397,889,950835779717,0,438421519573455,297,370782706725,28,4987394979002,70,0808361371712,0,0171623909700591,272,020497295672,8,37944917983407,262,554734866438,0,0,45,6833531177142,399,291076094282,265,554734866438,36,4363536007189,45,1934448007189,43,0709895330147,29,7497689203064,0,221055370857852,274,768179086537,0,0,28,4302709690851,0,169394942522411,258,888701530381,1,49493594717762,2,41437056354536,38,235385923269,46,992477123269,12,6495284072871,0,227336722934058,1,58681248662853E-11,0,0,000227456403777024,0,503953096045675,0,175049443831112,24,3683210606886,61,1899746557699,21,2698411492438,10,6040821316141,4,30219265263685,0,0,0,0,0,0,0,0,0,0,0,0,0,0,0,0,0,0,0,0,0,0,0,0,0,0,0,0,0,0,0,0,0,0,0,0,0,0,0,0,0,0,0,0,0,0,0,0,0,0,0,0,0,0,0,0,0,0,0,0,0,0,0,0,0,0,0,0,0,0,0,0,0,0,0,0,0,0,0,0,0,0,0,0,0,0,0,0,0,0,0,0,0,0,0,0,0,169394942522411,28,4302709690851,0,0,0,0,0,0,0,0,0,0,0,0,0,0,588,15,1,73937150425441,10,5880213413283,88,7217867446594,0,0,0,0,0,0,0,0,0,0,0,0,0,0,000193349190623232,0,0,0,0,6,92808353424235E-05,0,0,0,0,0,44890,0828317783,42220,0727963828,0,
320-330C*,0,0276911460233987,603,150024,260,070209585059,894,298335626793,0,506222731942325,300,369017552472,29,8065303482649,71,6454808586498,0,0207183384454446,280,692129669774,8,48315267959281,266,880753763861,0,0,46,4102889831689,403,122175907082,269,880753763861,35,7280721280146,44,4851633280146,41,4118425882896,28,3528657053389,0,228102306399317,283,527403706842,0,0,28,7816270634455,0,00165343601124373,263,880753763861,1,49692725825987,2,26760902366051,37,4867937837958,46,2438849837958,12,1578839911294,0,240730161375617,4,2993124637713E-11,0,0,000120956611860094,0,542659313687013,0,202558601669857,23,015805840634,60,4869639713636,22,0900868410045,11,2926527484743,5,00291120219872,0,0,0,0,0,0,0,0,0,0,0,0,0,0,0,0,0,0,0,0,0,0,0,0,0,0,0,0,0,0,0,0,0,0,0,0,0,0,0,0,0,0,0,0,0,0,0,0,0,0,0,0,0,0,0,0,0,0,0,0,0,0,0,0,0,0,0,0,0,0,0,0,0,0,0,0,0,0,0,0,0,0,0,0,0,0,0,0,0,0,0,0,0,0,0,0,0,00165343601124373,28,7816270634455,0,0,0,0,0,0,0,0,0,0,0,0,0,0,598,15,1,92262798439958,10,4707740212903,88,8251746961193,0,0,0,0,0,0,0,0,0,0,0,0,0,0,000223734168069831,0,0,0,0,8,01683731313101E-05,0,0,0,0,0,44816,3127061124,42160,3153286644,0,
330-340C*,0,0200814126655262,613,150024,270,139940424168,898,563008420179,0,574023944311195,303,372139707256,30,4335592735351,72,9624308366908,0,0242742859208302,289,363762043876,8,58494957271679,267,279398311187,0,0,47,1178367131503,406,754379347841,270,279398311187,35,0214471963842,43,7785383963842,39,5336826219852,27,0375691633092,0,235149241940783,292,286628327147,0,0,30,0327581044797,0,264,279398311187,1,49882556558488,2,12634602042223,36,7382016443226,45,4952928443226,11,685712670154,0,253301332477352,7,01181244091407E-11,0,6,32888462072036E-05,0,581365531328351,0,282528243656708,21,7121282661558,59,8121304885764,22,9390032708979,12,0293019887862,5,7047154464063,0,0,0,0,0,0,0,0,0,0,0,0,0,0,0,0,0,0,0,0,0,0,0,0,0,0,0,0,0,0,0,0,0,0,0,0,0,0,0,0,0,0,0,0,0,0,0,0,0,0,0,0,0,0,0,0,0,0,0,0,0,0,0,0,0,0,0,0,0,0,0,0,0,0,0,0,0,0,0,0,0,0,0,0,0,0,0,0,0,0,0,0,0,0,0,0,0,30,0327581044797,0,0,0,0,0,0,0,0,0,0,0,0,0,0,608,15,2,13078286526287,10,3581308789659,88,924031263523,0,0,0,0,0,0,0,0,0,0,0,0,0,0,000312063872033387,0,0,0,0,0,000111818651347726,0,0,0,0,0,44744,4269271847,42102,1231842737,0,
340-350C*,0,0185154128660151,623,150024,280,302814953018,902,756531212748,0,641825156680065,306,379583424701,31,0539232294218,74,2662550827417,0,0278302333962157,298,035394417978,8,68511392921647,271,393885310876,0,602405138973455,0,47,8043840784702,410,190721987614,274,393885310876,34,31624526477,43,07333646477,37,5809077760622,25,7337449172583,0,242196177482249,301,045852947453,0,0,31,365168994516,0,268,393885310876,1,50063781061877,1,990554143029,35,9896095048494,44,7467007048494,11,2307602728072,0,264933136730174,9,72431241805684E-11,0,3,25624266988254E-05,0,620071748969689,0,464332943107534,20,4516059073022,59,1615800137789,23,8172111664815,12,8176749528433,6,3967714112441,0,0,0,0,0,0,0,0,0,0,0,0,0,0,0,0,0,0,0,0,0,0,0,0,0,0,0,0,0,0,0,0,0,0,0,0,0,0,0,0,0,0,0,0,0,0,0,0,0,0,0,0,0,0,0,0,0,0,0,0,0,0,0,0,0,0,0,0,0,0,0,0,0,0,0,0,0,0,0,0,0,0,0,0,0,0,0,0,0,0,0,0,0,0,0,0,0,31,365168994516,0,0,0,0,0,0,0,0,0,0,0,0,0,0,618,15,2,36803512978871,10,2495835953166,89,0188012523525,0,0,0,0,0,0,0,0,0,0,0,0,0,0,000512874515706334,0,0,0,0,0,000183773072746995,0,0,602405138973455,0,0,0,44674,2916150929,42045,3992172602,0,
350-360C*,0,0169122812443174,633,150024,290,483567694406,906,890581057376,0,644514482967116,309,390804043792,31,6742871853085,75,5691069010728,0,0313861808716013,306,70702679208,8,78395745632072,275,508372310564,0,631956468027699,0,48,4682031233474,413,434543330691,278,508372310564,33,6122327921147,42,3693239921147,35,5671844004981,24,4308930989272,0,249243113023715,309,805077567758,0,0,32,7585284141934,0,272,508372310564,1,50237095831996,1,86020022736592,35,2410173653762,43,9981085653762,10,7908566404779,0,275508474624991,1,24368123951996E-10,0,1,64630325732032E-05,0,658777966611026,0,646137642558359,19,2286847260303,58,5316107777197,24,7253103912559,13,6617295887808,6,97852923197235,0,0,0,0,0,0,0,0,0,0,0,0,0,0,0,0,0,0,0,0,0,0,0,0,0,0,0,0,0,0,0,0,0,0,0,0,0,0,0,0,0,0,0,0,0,0,0,0,0,0,0,0,0,0,0,0,0,0,0,0,0,0,0,0,0,0,0,0,0,0,0,0,0,0,0,0,0,0,0,0,0,0,0,0,0,0,0,0,0,0,0,0,0,0,0,0,0,32,7585284141934,0,0,0,0,0,0,0,0,0,0,0,0,0,0,628,15,2,63945719620992,10,144622196917,89,1099297881662,0,0,0,0,0,0,0,0,0,0,0,0,0,0,000713685159379281,0,0,0,0,0,000255727494146263,0,0,631956468027699,0,0,0,44605,7736657595,41990,0465736589,0,
360-370C*,0,0153035859402812,643,150024,300,589910368866,910,976835006936,0,726977870966646,312,405276592684,33,1705283052536,76,8803738330133,0,0349421283469868,315,378659166182,8,88182718368656,279,622859310253,0,661507797081942,0,49,107469342486,416,489454925612,282,622859310253,32,9091762373608,41,6662674373608,33,5048217459282,23,1196261669867,0,256290048565181,318,564302188063,0,0,33,3246499488182,0,276,622859310253,1,49530503457733,1,73524520532905,34,492425225903,43,249516425903,10,3639100644847,0,284910246652716,1,51493123723424E-10,0,8,17339486242815E-06,0,697484184252364,0,827942342009184,18,0379348130574,57,918680244046,25,663876460236,14,565771102643,7,51340573836146,0,0,0,0,0,0,0,0,0,0,0,0,0,0,0,0,0,0,0,0,0,0,0,0,0,0,0,0,0,0,0,0,0,0,0,0,0,0,0,0,0,0,0,0,0,0,0,0,0,0,0,0,0,0,0,0,0,0,0,0,0,0,0,0,0,0,0,0,0,0,0,0,0,0,0,0,0,0,0,0,0,0,0,0,0,0,0,0,0,0,0,0,0,0,0,0,0,33,3246499488182,0,0,0,0,0,0,0,0,0,0,0,0,0,0,638,15,2,95121181448863,10,042737606285,89,1978598701339,0,0,0,0,0,0,0,0,0,0,0,0,0,0,000914495803052228,0,0,0,0,0,000327681915545532,0,0,661507797081942,0,0,0,44538,7410318326,41935,9690242285,0,
370-380C*,0,0130035021514714,653,150024,310,510676671958,915,026970114302,0,816904376410732,315,422494586464,33,8346736168742,78,2282526899068,0,0384980758223723,324,050291540284,8,97910343973489,285,373688813587,0,691059126136186,0,49,7202789916601,419,359309332442,288,373688813587,32,2068420594507,40,9639332594507,31,4061290629879,21,7717473100932,0,263336984106647,327,323526808368,0,0,34,7591973201379,1,30465676710623E-14,282,373688813587,1,49787904783209,1,61564396491305,33,7438330864298,42,5009242864298,9,9479024958753,0,293021353304258,1,78618123494851E-10,0,3,98175321496617E-06,0,736190401893702,1,00974704146001,16,8740466637874,57,3193795524749,26,6334568702391,15,5344909862429,8,01456199220918,0,0,0,0,0,0,0,0,0,0,0,0,0,0,0,0,0,0,0,0,0,0,0,0,0,0,0,0,0,0,0,0,0,0,0,0,0,0,0,0,0,0,0,0,0,0,0,0,0,0,0,0,0,0,0,0,0,0,0,0,0,0,0,0,0,0,0,0,0,0,0,0,0,0,0,0,0,0,0,0,0,0,0,0,0,0,0,0,0,0,0,0,0,0,0,0,1,30465676710623E-14,34,7591973201379,0,0,0,0,0,0,0,0,0,0,0,0,0,0,648,15,3,31083160590697,9,94342374586359,89,2830303592253,0,0,0,0,0,0,0,0,0,0,0,0,0,0,00111530644672517,0,0,0,0,0,0003996363369448,0,0,691059126136186,0,0,0,44473,0629529774,41883,0712398142,0,
380-390C*,0,0121417674796136,663,150024,320,107448353701,919,063791012369,0,909143463648462,318,441554756518,34,4417905681415,79,6894189137771,0,0420540232977579,332,721923914387,9,07673636118722,287,709929245796,0,720610455190429,0,50,3009141704389,422,048170118079,290,709929245796,31,5047741657266,40,2618653657266,29,2834156023127,20,3105810862229,0,270383919648113,336,082751428673,0,0,36,2747938295458,1,30708309195422E-14,284,709929245796,1,50052811657068,1,50134522281533,32,9952409469566,41,7523321469566,9,53923493250366,0,299550049019981,6,30787979039369E-09,0,1,90189923734545E-06,0,77489661953504,1,19155174091083,15,7271890796895,56,6062431441528,27,5941345973598,16,5564061324148,8,48199799351552,0,0,0,0,0,0,0,0,0,0,0,0,0,0,0,0,0,0,0,0,0,0,0,0,0,0,0,0,0,0,0,0,0,0,0,0,0,0,0,0,0,0,0,0,0,0,0,0,0,0,0,0,0,0,0,0,0,0,0,0,0,0,0,0,0,0,0,0,0,0,0,0,0,0,0,0,0,0,0,0,0,0,0,0,0,0,0,0,0,0,0,0,0,0,0,0,1,30708309195422E-14,36,2747938295458,0,0,0,0,0,0,0,0,0,0,0,0,0,0,658,15,3,72775697039495,9,84564948583047,89,3663646875416,0,0,0,0,0,0,0,0,0,0,0,0,0,0,00131611709039812,0,0,0,0,0,000471590758344069,0,0,720610455190429,0,0,0,44408,517642543,41831,1964676071,0,
390-400C*,0,0113640473900095,673,150024,329,74204890256,923,373580378633,0,868446568381587,321,451865069106,34,9985899565248,81,1766513094179,0,0456099707731434,341,393556288489,9,18866682514788,288,099660677987,0,750161784244673,0,50,755543985686,424,56028302246,291,099660677987,30,7972469026386,39,5543381026386,27,1489906145378,18,8233486905821,0,277430855189579,344,841976048979,0,0,37,8524194289374,1,30937395499305E-14,285,099660677987,1,5034451411632,1,39229141142832,32,2466488074834,41,0037400074834,9,0957042561192,0,30095531309833,3,76280133395366E-08,0,8,89990331363295E-07,0,813602837176378,1,37335644036166,14,4785630131489,52,9238602810871,27,5426719218282,17,2042798294439,8,91571374228046,0,0,0,0,0,0,0,0,0,0,0,0,0,0,0,0,0,0,0,0,0,0,0,0,0,0,0,0,0,0,0,0,0,0,0,0,0,0,0,0,0,0,0,0,0,0,0,0,0,0,0,0,0,0,0,0,0,0,0,0,0,0,0,0,0,0,0,0,0,0,0,0,0,0,0,0,0,0,0,0,0,0,0,0,0,0,0,0,0,0,0,0,0,0,0,0,1,30937395499305E-14,37,8524194289374,0,0,0,0,0,0,0,0,0,0,0,0,0,0,668,15,4,21889081039823,9,7359385788869,89,4602958314955,0,0,0,0,0,0,0,0,0,0,0,0,0,0,00151692773407107,0,0,0,0,0,000543545179743337,0,0,750161784244673,0,0,0,44342,317886937,41778,3526679243,0,
400-410C*,0,0110066751520645,683,150024,342,946172447029,927,679880735298,0,830948100051247,324,463786621721,35,5117825794935,82,68039482055,0,049165918248529,350,065188662591,9,30162887581374,288,489392110179,0,779713113298916,0,51,1799257548203,426,900048411183,294,981120351683,30,0897894197425,38,8468806197425,25,0151633502988,17,31960517945,0,284477790731045,353,601200669284,0,0,39,4730540702077,1,31153414815189E-14,285,489392110179,1,50644825351516,1,28841858220791,31,4980566680102,40,2551478680102,8,65859343781472,0,30236057717668,6,89481468886795E-08,0,4,07653247615336E-07,0,852309054817716,1,54322707105109,13,2440067550423,49,53285105233,27,4785609493619,17,8714556508113,9,31570923850402,0,0,0,0,0,0,0,0,0,0,0,0,0,0,0,0,0,0,0,0,0,0,0,0,0,0,0,0,0,0,0,0,0,0,0,0,0,0,0,0,0,0,0,0,0,0,0,0,0,0,0,0,0,0,0,0,0,0,0,0,0,0,0,0,0,0,0,0,0,0,0,0,0,0,0,0,0,0,0,0,0,0,0,0,0,0,0,0,0,0,0,0,0,0,0,0,1,31153414815189E-14,39,4730540702077,0,0,0,0,0,0,0,0,0,0,0,0,0,0,678,15,4,79565595351986,9,62760992993076,89,5524545293151,0,0,0,0,0,0,0,0,0,0,0,0,0,0,00170455671612112,0,0,0,0,0,000610776351329708,0,0,779713113298916,0,0,0,44276,4325420583,41725,7844384804,0,
410-420C*,0,010371999442658,693,150024,355,969995995381,931,977242734685,0,79635481251503,327,477492580877,35,9880792345169,84,19111747967,0,0527218657239145,358,736821036693,9,41525451915128,288,87912354237,0,80926444235316,0,51,5776264472148,429,07199510456,299,371027581645,29,382510703992,38,139601903992,22,8942430602311,15,8088825203299,0,291524726272511,362,360425289589,0,0,41,117677705252,1,31356771927374E-14,285,87912354237,1,50953318189089,1,18965632751904,30,749464528537,39,506555728537,8,22859244582855,0,303765841255029,1,00268280437822E-07,0,1,82602213192908E-07,0,891015272459054,2,35012960386611,12,0256534396468,46,4057041702446,27,4019138204349,18,5581510342809,9,68198448218618,0,0,0,0,0,0,0,0,0,0,0,0,0,0,0,0,0,0,0,0,0,0,0,0,0,0,0,0,0,0,0,0,0,0,0,0,0,0,0,0,0,0,0,0,0,0,0,0,0,0,0,0,0,0,0,0,0,0,0,0,0,0,0,0,0,0,0,0,0,0,0,0,0,0,0,0,0,0,0,0,0,0,0,0,0,0,0,0,0,0,0,0,0,0,0,0,1,31356771927374E-14,41,117677705252,0,0,0,0,0,0,0,0,0,0,0,0,0,0,688,15,5,47671704508472,9,52098616049986,89,6425079744231,0,0,0,0,0,0,0,0,0,0,0,0,0,0,00259581319895886,0,0,0,0,0,000930131159262013,0,0,80926444235316,0,0,0,44210,9488362569,41673,5630460416,0,
420-430C*,0,00974995459616722,703,150024,368,817852742899,936,260217029112,0,764666705772936,330,49314937522,36,4341907190643,85,6993096805871,0,0562778131993,367,408453410795,9,52915745835377,289,268854974561,0,838815771407403,0,51,9520359759808,431,080755649549,303,408307577616,28,6755197423407,37,4326109423407,20,79853899497,14,3006903194129,0,298571661813977,371,119649909894,0,0,42,7672702859657,1,3154780846398E-14,286,268854974561,1,51269547663651,1,09592772316663,30,0008723890638,38,7579635890638,7,80636440190114,0,305171105333378,1,31588413986965E-07,0,7,99114963384254E-08,0,929721490100392,3,1773698450041,10,8255815034977,43,51813988273,27,3128641850051,19,2645026567263,10,014539473327,0,0,0,0,0,0,0,0,0,0,0,0,0,0,0,0,0,0,0,0,0,0,0,0,0,0,0,0,0,0,0,0,0,0,0,0,0,0,0,0,0,0,0,0,0,0,0,0,0,0,0,0,0,0,0,0,0,0,0,0,0,0,0,0,0,0,0,0,0,0,0,0,0,0,0,0,0,0,0,0,0,0,0,0,0,0,0,0,0,0,0,0,0,0,0,0,1,3154780846398E-14,42,7672702859657,0,0,0,0,0,0,0,0,0,0,0,0,0,0,698,15,6,28554287365768,9,41637667377999,89,7301360116191,0,0,0,0,0,0,0,0,0,0,0,0,0,0,00350953350320224,0,0,0,0,0,00125753519826143,0,0,838815771407403,0,0,0,44145,9521595163,41621,758010396,0,
430-440C*,0,00914104760058856,713,150024,381,499969553643,940,523354270899,0,735883779824965,333,510916978112,36,8568278306051,87,1954837952785,0,0598337606746856,376,080085784897,9,64293329944323,289,658586406753,0,868367100461647,0,52,3063778396374,432,931043079548,307,131235617641,27,9689255217422,36,7260167217422,18,740360405151,12,8045162047215,0,305768233905891,379,878874530199,0,0,44,4028117642439,1,3172681419924E-14,286,658586406753,1,51593049945623,1,00714929391811,29,2522802495906,38,0093714495906,7,39254670720267,0,306576369411728,1,62908547536108E-07,0,3,41314212017786E-08,0,968427707741729,4,00461008614209,9,64581567506384,40,8486384189775,27,211566746445,19,990555567712,10,3133742119264,0,0,0,0,0,0,0,0,0,0,0,0,0,0,0,0,0,0,0,0,0,0,0,0,0,0,0,0,0,0,0,0,0,0,0,0,0,0,0,0,0,0,0,0,0,0,0,0,0,0,0,0,0,0,0,0,0,0,0,0,0,0,0,0,0,0,0,0,0,0,0,0,0,0,0,0,0,0,0,0,0,0,0,0,0,0,0,0,0,0,0,0,0,0,0,0,1,3172681419924E-14,44,4028117642439,0,0,0,0,0,0,0,0,0,0,0,0,0,0,708,15,7,25181513721908,9,31407780629165,89,8150310318949,0,0,0,0,0,0,0,0,0,0,0,0,0,0,00442325380744561,0,0,0,0,0,00158493923726085,0,0,868367100461647,0,0,0,44081,5260401282,41570,4370740657,0,
440-450C*,0,00854608902623117,723,150024,394,032347115737,944,761205112365,0,708723578530032,336,530949199879,37,2627013666087,88,6701742699282,0,0633897081500711,384,751718158999,9,75616000188393,290,048317838944,0,89791842951589,0,52,6437193051978,434,62762918757,310,57442862786,27,2628370291501,36,0199282291502,16,7320165414095,11,3298257300718,0,312081136089616,388,638099150505,0,0,46,0052820919818,1,31894038385724E-14,287,048317838944,1,51923341369987,0,923231004410816,28,5036881101174,37,2607793101174,6,98775220677374,0,318062891919886,1,94228681085251E-07,0,1,4212435536791E-08,1,00713392538307,4,83185032728008,8,48832810878816,38,3780466234933,27,0981967359843,20,7362528177844,10,4297394316895,0,0,0,0,0,0,0,0,0,0,0,0,0,0,0,0,0,0,0,0,0,0,0,0,0,0,0,0,0,0,0,0,0,0,0,0,0,0,0,0,0,0,0,0,0,0,0,0,0,0,0,0,0,0,0,0,0,0,0,0,0,0,0,0,0,0,0,0,0,0,0,0,0,0,0,0,0,0,0,0,0,0,0,0,0,0,0,0,0,0,0,0,0,0,0,0,1,31894038385724E-14,46,0052820919818,0,0,0,0,0,0,0,0,0,0,0,0,0,0,718,15,8,41329820796993,9,21437304982219,89,8968977911125,0,0,118666835379981,0,0,0,0,0,0,0,0,0,0,0,0,00533697411168898,0,0,0,0,0,00191234327626027,0,0,89791842951589,0,0,0,44013,3500024823,41515,513905436,0,
450-460C*,0,00796612243059986,733,150024,406,436661430347,948,96832020583,0,684517167659107,339,553393988261,37,7525862542822,90,0052950121167,0,0669456556254566,752,16381074789,9,86839858677108,290,438049271136,0,927469758570133,0,52,9669811647721,436,175324321093,313,764412697744,26,5573632515181,35,3144544515181,14,7858166543808,9,99470498788328,0,750290537455226,887,596603510632,0,0,47,461597091337,0,287,438049271136,1,52259917570052,0,8440762779087,27,7550959706442,36,5121871706442,6,5925703866542,0,333664107502446,2,25548814634394E-07,0,5,76302027866878E-09,1,04584014302441,5,65909056841807,7,35503965669139,36,0892494051894,26,9729493204933,21,5014257142478,10,4563635437043,0,0,0,0,0,0,0,0,0,0,0,0,0,0,0,0,0,0,0,0,0,0,0,0,0,0,0,0,0,0,0,0,0,0,0,0,0,0,0,0,0,0,0,0,0,0,0,0,0,0,0,0,0,0,0,0,0,0,0,0,0,0,0,0,0,0,0,0,0,0,0,0,0,0,0,0,0,0,0,0,0,0,0,0,0,0,0,0,0,0,0,0,0,0,0,0,0,47,461597091337,0,0,0,0,0,0,0,0,0,0,0,0,0,0,728,15,9,81833544175259,9,11753334271023,89,9754531540399,0,0,287943646316178,0,0,0,0,0,0,0,0,0,0,0,0,00625069441593236,0,0,0,0,0,00223974731525968,0,0,927469758570133,0,0,0,43944,1294551099,41459,5270140459,0,
460-480C*,0,0142504270843761,753,150024,424,863054300148,955,209442870474,0,656081605791436,344,091894774776,38,4685617240318,91,9313419151506,0,0722795768385349,892,451311890558,9,97571217719765,291,022646419423,2,36260092267206,0,53,4315287129093,438,019598392475,318,144021436749,25,5005435845811,34,2576347845811,12,0099632659394,8,06865808484936,1,51090452393537,1636,03436005082,0,0,49,5214750100289,0,288,022646419423,1,52775409555822,0,699638827753997,26,6322077614344,35,3892989614344,6,01905676796834,0,356658435835775,2,67067134653263E-06,0,8,70669017649523E-10,1,10389946948641,6,26499047728939,5,70455975330608,32,9637610684107,26,7632822620935,22,6850336298263,10,4962997117266,0,0,0,0,0,0,0,0,0,0,0,0,0,0,0,0,0,0,0,0,0,0,0,0,0,0,0,0,0,0,0,0,0,0,0,0,0,0,0,0,0,0,0,0,0,0,0,0,0,0,0,0,0,0,0,0,0,0,0,0,0,0,0,0,0,0,0,0,0,0,0,0,0,0,0,0,0,0,0,0,0,0,0,0,0,0,0,0,0,0,0,0,0,0,0,0,0,49,5214750100289,0,0,0,0,0,0,0,0,0,0,0,0,0,0,743,15,12,5236755840788,8,97761528569103,89,5581061276637,0,0,48023800102035,0,0,0,0,0,0,0,0,0,0,0,0,00691993537103067,0,0,0,0,0,00247954957284928,0,2,36260092267206,0,0,0,43842,0619551689,41377,0378065089,0,
480-500C*,0,0121436078999142,773,150024,449,276339042451,963,372504060309,0,637515127300936,350,152959060329,39,3901057961421,94,362836162971,0,153358449765613,1075,56852177829,10,1860033352392,291,0488689012,4,27277417750228,0,54,0265773058002,440,323947877575,323,355290886812,24,0946194092589,32,8517106092589,8,64121567244301,5,63716383702896,3,0848081623632,2088,30209287364,0,0,51,9686785314149,0,288,0488689012,1,53479634513142,0,572936211814186,25,135023482488,33,892114682488,5,29313997188241,0,3863610012771,6,4086255317528E-06,0,1,1643634649436E-10,1,13351106855897,10,7709132822662,3,60567793546999,29,3017681565786,26,444310288757,24,3275380391569,10,5495479357562,0,0,0,0,0,0,0,0,0,0,0,0,0,0,0,0,0,0,0,0,0,0,0,0,0,0,0,0,0,0,0,0,0,0,0,0,0,0,0,0,0,0,0,0,0,0,0,0,0,0,0,0,0,0,0,0,0,0,0,0,0,0,0,0,0,0,0,0,0,0,0,0,0,0,0,0,0,0,0,0,0,0,0,0,0,0,0,0,0,0,0,0,0,0,0,0,0,51,9686785314149,0,0,0,0,0,0,0,0,0,0,0,0,0,0,763,15,17,7368122206087,8,80416314312639,89,6792351398756,0,1,03764511214335,0,0,0,0,0,0,0,0,0,0,0,0,0118969093521281,0,0,0,0,0,00426289768915894,0,4,27277417750228,0,0,0,43709,7382902936,41270,2252730998,0,
500-520C*,0,0102031370115164,793,150024,473,818263025864,971,314533999886,0,624995094337139,356,226075813829,40,2857838438033,96,6373105666545,0,292737822900918,1260,11633648527,10,3837413665333,294,122789013437,6,16687571662339,0,54,6115022629539,442,116291793549,327,998346538113,22,6931158589418,31,4502070589418,5,74261049723552,3,36268943334549,6,28011390287089,2601,50993444428,0,0,53,9716056589612,0,291,122789013437,1,54198802028242,0,462969824847525,23,6378392035416,32,3949304035416,4,61524527830193,0,416284707936232,1,0146579716973E-05,0,1,36162812895303E-11,1,32463622282014,16,6074350284387,1,63574795703007,26,1351211930251,26,0822683798798,26,0383276159722,10,6027961597859,0,0,0,0,0,0,0,0,0,0,0,0,0,0,0,0,0,0,0,0,0,0,0,0,0,0,0,0,0,0,0,0,0,0,0,0,0,0,0,0,0,0,0,0,0,0,0,0,0,0,0,0,0,0,0,0,0,0,0,0,0,0,0,0,0,0,0,0,0,0,0,0,0,0,0,0,0,0,0,0,0,0,0,0,0,0,0,0,0,0,0,0,0,0,0,0,0,53,9716056589612,0,0,0,0,0,0,0,0,0,0,0,0,0,0,783,15,25,8634983092713,8,64691872564111,89,7873676644907,0,2,18004439893693,0,0,0,0,0,0,0,0,0,0,0,0,0183435836801317,0,0,0,0,0,00657286847923569,0,6,16687571662339,0,0,0,43581,6743039991,41166,9143476277,0,
520-540C*,0,00841834940085655,813,150024,498,882688667009,978,991937907763,0,605900772129649,362,312201178307,41,1686333105432,98,7536723565075,0,447548006421145,1459,17294910972,10,5649064337326,296,864107199841,8,04490554003541,0,55,2041371941969,443,434260082625,332,204192109446,21,2969048292588,30,0539960292588,3,41262174540012,1,24632764349252,10,5791393758588,3520,36649262676,0,0,55,4187449440567,0,293,864107199841,1,54927791142981,0,368650173084783,22,1406549245952,30,8977461245953,3,98918236328737,0,448104132863008,1,38845339021931E-05,0,1,37320032233685E-12,1,71009169244349,22,4439567746112,-0,19205145851497,38,9850074076869,38,8977044300376,38,8251379662849,10,6560443838155,0,0,0,0,0,0,0,0,0,0,0,0,0,0,0,0,0,0,0,0,0,0,0,0,0,0,0,0,0,0,0,0,0,0,0,0,0,0,0,0,0,0,0,0,0,0,0,0,0,0,0,0,0,0,0,0,0,0,0,0,0,0,0,0,0,0,0,0,0,0,0,0,0,0,0,0,0,0,0,0,0,0,0,0,0,0,0,0,0,0,0,0,0,0,0,0,0,55,4187449440567,0,0,0,0,0,0,0,0,0,0,0,0,0,0,803,15,38,536553717435,8,507258672268,89,8783918800714,0,3,74999596907954,0,0,0,0,0,0,0,0,0,0,0,0,0247902580081353,0,0,0,0,0,00888283926931245,0,8,04490554003541,0,0,0,43457,7005038547,41066,8532952663,0,
540-560C*,0,00683597352082464,833,150024,524,919268782966,986,361121002492,0,586806449922158,368,412236007094,42,0516916398895,100,0,617789000326292,1679,69530161669,10,725441194989,300,573709713541,9,93833101786401,0,55,8209658738746,444,314445340833,336,03900312481,19,9068582158387,28,6639494158387,1,18208361321737,0,14,8781648488467,4439,22305080923,0,0,56,7662247468931,0,297,573709713541,1,55661111061173,0,288806715618069,20,6434706456489,29,4005618456489,3,41854060547964,0,483271036789476,7,63950833539359E-05,0,1,17550415132813E-13,2,09554716206685,27,5857892595143,-1,86515008477343,60,0300942384144,59,8812428095371,59,7575458224858,10,494599158691,0,0,0,0,0,0,0,0,0,0,0,0,0,0,0,0,0,0,0,0,0,0,0,0,0,0,0,0,0,0,0,0,0,0,0,0,0,0,0,0,0,0,0,0,0,0,0,0,0,0,0,0,0,0,0,0,0,0,0,0,0,0,0,0,0,0,0,0,0,0,0,0,0,0,0,0,0,0,0,0,0,0,0,0,0,0,0,0,0,0,0,0,0,0,0,0,0,56,7662247468931,0,0,0,0,0,0,0,0,0,0,0,0,0,0,823,15,59,2658831377635,8,38671216421827,89,9511881366218,0,5,31994753922215,0,0,0,0,0,0,0,0,0,0,0,0,0304696199502129,0,0,0,0,0,0109178668703632,0,9,93833101786401,0,0,0,43337,7273540914,40969,8642604909,0,
560-580C*,0,00554257415914086,853,150024,552,426507154879,993,378488502631,0,579652772112847,374,527036492247,42,94799627537,100,0,803460804616362,1928,64033597128,10,8613520231494,304,681595988862,11,8815493176217,0,56,4773473555159,444,792138347168,339,556650581726,18,5238479143104,27,2809391143104,0,0,17,3996857625059,5358,0796089917,0,0,57,05200372463,0,301,681595988862,1,56392914265112,0,222200775091261,19,1462863667025,27,9033775667025,2,90673143421314,0,523237180447685,0,000141514338078605,0,8,38721298380265E-15,2,4810026316902,43,5431112198108,-3,37151562581135,95,5577835022899,95,2956304186711,95,0778334190409,10,2469455619018,0,0,0,0,0,0,0,0,0,0,0,0,0,0,0,0,0,0,0,0,0,0,0,0,0,0,0,0,0,0,0,0,0,0,0,0,0,0,0,0,0,0,0,0,0,0,0,0,0,0,0,0,0,0,0,0,0,0,0,0,0,0,0,0,0,0,0,0,0,0,0,0,0,0,0,0,0,0,0,0,0,0,0,0,0,0,0,0,0,0,0,0,0,0,0,0,0,57,05200372463,0,0,0,0,0,0,0,0,0,0,0,0,0,0,843,15,94,2126414846883,8,28669895324954,90,0047544411069,0,6,20527275839074,0,0,0,0,0,0,0,0,0,0,0,0,0480951274526212,0,0,0,0,0,0172334344668188,0,11,8815493176217,0,0,0,43221,6501302029,40875,7536272352,0,
580-600C*,0,00443435218663856,873,150024,581,946819612159,1000,00044562673,0,555297679286628,380,65742487641,43,8705846605123,100,1,00456341929135,2212,96499413855,10,968823766062,309,125022455257,13,7471825712441,0,57,187728526966,444,901129982781,342,868602615262,17,1487458203029,25,9058370203029,0,0,22,5930532857416,6276,93616717418,0,0,56,1294153394876,0,306,125022455257,1,57117022006334,0,167541627730274,17,6491020877561,26,4061932877561,2,45703101008667,0,569454324569682,0,000206633592803275,0,4,8841076376234E-16,2,86645810131355,60,6683885981447,-4,69957850504831,157,39245743002,156,915439392954,156,519239784698,9,99929196511269,0,0,0,0,0,0,0,0,0,0,0,0,0,0,0,0,0,0,0,0,0,0,0,0,0,0,0,0,0,0,0,0,0,0,0,0,0,0,0,0,0,0,0,0,0,0,0,0,0,0,0,0,0,0,0,0,0,0,0,0,0,0,0,0,0,0,0,0,0,0,0,0,0,0,0,0,0,0,0,0,0,0,0,0,0,0,0,0,0,0,0,0,0,0,0,0,0,56,1294153394876,0,0,0,0,0,0,0,0,0,0,0,0,0,0,863,15,154,94631542029,8,20855253718949,90,0381661548925,0,8,11969046853301,0,0,0,0,0,0,0,0,0,0,0,0,0670106889524555,0,0,0,0,0,0240112539004319,0,13,7471825712441,0,0,0,43109,3507414364,40784,3139434977,0,
600-625C*,0,00424994896076321,898,150024,617,548535091045,1007,40900895231,0,507830051110841,387,558680116812,44,9561470333326,100,1,23050664802993,2539,90408808981,11,0433021199145,314,446829516498,15,7017367875534,0,57,9285924147595,444,642476882759,346,320651785797,15,6025787333251,24,3596699333251,0,0,28,9553654911957,7310,64979512946,0,0,55,0438529666674,0,311,446829516498,1,57959496529636,0,114000181889301,15,9647697739414,24,7218609739414,1,96932009467026,0,622946571765033,0,000477931388407882,0,1,01130060428898E-17,3,30009550463983,73,9070238834356,-6,14464934014403,290,045434698954,289,063117588984,288,247500368298,9,72068166872491,0,0,0,0,0,0,0,0,0,0,0,0,0,0,0,0,0,0,0,0,0,0,0,0,0,0,0,0,0,0,0,0,0,0,0,0,0,0,0,0,0,0,0,0,0,0,0,0,0,0,0,0,0,0,0,0,0,0,0,0,0,0,0,0,0,0,0,0,0,0,0,0,0,0,0,0,0,0,0,0,0,0,0,0,0,0,0,0,0,0,0,0,0,0,0,0,0,55,0438529666674,0,0,0,0,0,0,0,0,0,0,0,0,0,0,885,65,285,011917529621,8,12839468757551,89,7643182848044,0,10,4736072348774,0,0,0,0,0,0,0,0,0,0,0,0,0816332970644626,0,0,0,0,0,0292508233117094,0,15,7017367875534,0,0,0,42983,9709441895,40682,2352173812,0,
625-650C*,0,00310092643789204,923,150024,659,960735758889,1016,30492735698,0,428119711009163,395,210464917892,46,2432727081607,100,1,45485196748738,2845,16844785926,11,1954572852987,320,656223471569,17,0944972808341,0,58,4833928713474,443,902909838266,349,788530247306,13,8713316758248,22,6284228758248,0,1,4210854715202E-14,33,6864012931689,8459,22049285755,0,0,53,7567272918393,0,317,656223471569,1,58998710955295,0,0744549568937233,14,0932894252584,22,8503806252584,1,36256634700563,0,672237621476895,0,00119816476016647,0,1,38605125770891E-19,3,78191484166902,115,033312921235,-7,94934636717998,621,637807589828,619,254132286097,617,275791256456,9,4111146727385,0,0,0,0,0,0,0,0,0,0,0,0,0,0,0,0,0,0,0,0,0,0,0,0,0,0,0,0,0,0,0,0,0,0,0,0,0,0,0,0,0,0,0,0,0,0,0,0,0,0,0,0,0,0,0,0,0,0,0,0,0,0,0,0,0,0,0,0,0,0,0,0,0,0,0,0,0,0,0,0,0,0,0,0,0,0,0,0,0,0,0,0,0,0,0,0,0,53,7567272918393,0,0,0,0,0,0,0,0,0,0,0,0,0,0,910,65,609,435034370781,8,02113661826331,89,8002923893122,0,12,1884856585961,0,0,0,0,0,0,0,0,0,0,0,0,127058946668168,0,0,0,0,0,0455277311196637,0,17,0944972808341,0,0,0,42841,1623195695,40566,9637082798,0,
650-675C*,0,00221332997331326,948,150024,707,040837473026,1025,20084576166,0,417392230056095,402,866991229139,47,4571107978596,100,1,67919728694482,3150,43280762872,11,3366642565357,327,059024677376,18,154870132346,0,58,9671621748723,442,743732994451,352,970270867359,12,1400846183245,20,8971758183245,0,1,4210854715202E-14,39,0601831344038,9607,79119058564,0,0,52,5428892021404,0,324,059024677376,1,60083948437031,0,0463539579261727,12,2218090765754,20,9789002765754,1,20751351337049,0,721528671188757,0,00191839813192507,0,1,17292580372822E-21,4,26373417869821,169,673867288684,-8,41175596267191,1474,39159886691,1467,98617255096,1462,67246980064,9,18635921732432,0,0,0,0,0,0,0,0,0,0,0,0,0,0,0,0,0,0,0,0,0,0,0,0,0,0,0,0,0,0,0,0,0,0,0,0,0,0,0,0,0,0,0,0,0,0,0,0,0,0,0,0,0,0,0,0,0,0,0,0,0,0,0,0,0,0,0,0,0,0,0,0,0,0,0,0,0,0,0,0,0,0,0,0,0,0,0,0,0,0,0,0,0,0,0,0,0,52,5428892021404,0,0,0,0,0,0,0,0,0,0,0,0,0,0,935,65,1441,63517097687,7,92341157447018,89,8250567861171,0,14,1509251212744,0,0,0,0,0,0,0,0,0,0,0,0,18741164891579,0,0,0,0,0,0671532968301284,0,18,154870132346,0,0,0,42699,8635974377,40453,0963207288,0,
675-700C*,0,00154505044154096,973,150024,759,595150176289,1034,09676416633,0,347264860212841,410,528136682639,48,652439975489,100,1,90354260640226,3455,69716739817,11,4657497632432,328,62650582497,19,2152429838578,0,59,3868280876062,441,215787687061,355,860320124634,10,4088375608241,19,1659287608241,0,0,44,4339649756387,10756,3618883137,0,0,51,347560024511,0,325,62650582497,1,6121600794284,0,027275358383197,10,3503287278924,19,1074199278924,1,20751351337049,0,77081972090062,0,00385682667167661,0,5,622719383272E-24,4,7455535157274,211,941572520217,-8,41175596267191,3924,41827871791,3905,09428301351,3889,07239004229,7,87484543113819,0,0,0,0,0,0,0,0,0,0,0,0,0,0,0,0,0,0,0,0,0,0,0,0,0,0,0,0,0,0,0,0,0,0,0,0,0,0,0,0,0,0,0,0,0,0,0,0,0,0,0,0,0,0,0,0,0,0,0,0,0,0,0,0,0,0,0,0,0,0,0,0,0,0,0,0,0,0,0,0,0,0,0,0,0,0,0,0,0,0,0,0,0,0,0,0,0,51,347560024511,0,0,0,0,0,0,0,0,0,0,0,0,0,0,960,65,3825,71747569163,7,83538789266799,89,8385968752765,0,16,1133645839526,0,0,0,0,0,0,0,0,0,0,0,0,234098038870293,0,0,0,0,0,0838819528164517,0,19,2152429838578,0,0,0,42560,0746140286,40340,634814808,0,
700-725C*,0,00179246277948125,998,150024,822,480044631699,1042,992682571,0,263134361107719,418,193783085294,49,8477691531183,100,2,12788792585971,3760,96152716762,11,5815859840016,333,48618424913,21,0347977133832,0,59,7485611944972,439,365611027999,358,603921851085,8,67759050332382,17,4346817033238,0,0,49,8077468168736,11904,9325860418,0,0,50,1522308468817,0,330,48618424913,1,62395818169686,0,0150068335183521,8,47884837920942,17,2359395792094,1,20751351337049,0,820110770612482,0,00801828933155092,0,1,37064635256234E-26,5,22737285275659,300,495911329867,-8,41175596267191,11908,4256089148,11841,9544604287,11786,8753915734,6,52217413529408,0,0,0,0,0,0,0,0,0,0,0,0,0,0,0,0,0,0,0,0,0,0,0,0,0,0,0,0,0,0,0,0,0,0,0,0,0,0,0,0,0,0,0,0,0,0,0,0,0,0,0,0,0,0,0,0,0,0,0,0,0,0,0,0,0,0,0,0,0,0,0,0,0,0,0,0,0,0,0,0,0,0,0,0,0,0,0,0,0,0,0,0,0,0,0,0,0,50,1522308468817,0,0,0,0,0,0,0,0,0,0,0,0,0,0,985,65,11569,3768205579,7,75721910978912,89,8409001167633,0,18,0758040466309,0,0,0,0,0,0,0,0,0,0,0,0,33190988768451,0,0,0,0,0,118929870888375,0,21,0347977133832,0,0,0,42421,7929048154,40229,5784155084,0,
725-750C*,0,00151594883056835,1023,150024,895,117875694676,1051,88860097567,0,16351491314879,425,863816242283,51,0430983307477,100,2,35223324531715,4066,22588693708,11,6830993810021,338,345862673289,21,3359886868816,0,60,0578726779152,437,235577770466,361,039367881478,6,94634344582349,15,7034346458235,0,0,55,1815286581085,13053,5032837699,0,0,48,9569016692523,0,335,345862673289,1,63624436795379,0,00761602547451487,6,60736803052643,15,3644592305264,1,20751351337049,0,869401820324344,0,0121797519914252,0,1,48132469721263E-29,5,70919218978578,417,568296514079,-8,41175596267191,41931,9312520298,41666,5928502853,41446,8803918893,5,49483344177448,0,0,0,0,0,0,0,0,0,0,0,0,0,0,0,0,0,0,0,0,0,0,0,0,0,0,0,0,0,0,0,0,0,0,0,0,0,0,0,0,0,0,0,0,0,0,0,0,0,0,0,0,0,0,0,0,0,0,0,0,0,0,0,0,0,0,0,0,0,0,0,0,0,0,0,0,0,0,0,0,0,0,0,0,0,0,0,0,0,0,0,0,0,0,0,0,0,48,9569016692523,0,0,0,0,0,0,0,0,0,0,0,0,0,0,1010,65,40580,6208905555,7,68905129181982,89,8319503879536,0,20,0382435093092,0,0,0,0,0,0,0,0,0,0,0,0,461221072137844,0,0,0,0,0,165264623307912,0,21,3359886868816,0,0,0,42285,0139696734,40119,9240996546,0,
750-775C*,1,21896408753822E-05,1048,150024,972,68535828441,1060,78451938034,0,0295680105007684,433,538125789416,52,2384275083771,100,2,57657856477459,4371,49024670653,11,76927971504,343,205541097449,22,3963615383935,0,60,3196973067539,434,864093543517,362,999395264538,5,21509638832317,13,9721875883232,0,1,4210854715202E-14,60,5553104993434,14202,073981498,0,0,47,7615724916229,0,340,205541097449,1,64903051102061,0,00350315367652875,4,73588768184344,13,4929788818434,1,20751351337049,0,918692870036206,0,0218344922896952,0,5,94693471596448E-33,6,19101152681497,551,713412962837,-8,41175596267191,174800,128930198,173546,219480692,172508,734472986,4,61750656231226,0,0,0,0,0,0,0,0,0,0,0,0,0,0,0,0,0,0,0,0,0,0,0,0,0,0,0,0,0,0,0,0,0,0,0,0,0,0,0,0,0,0,0,0,0,0,0,0,0,0,0,0,0,0,0,0,0,0,0,0,0,0,0,0,0,0,0,0,0,0,0,0,0,0,0,0,0,0,0,0,0,0,0,0,0,0,0,0,0,0,0,0,0,0,0,0,0,47,7615724916229,0,0,0,0,0,0,0,0,0,0,0,0,0,0,1035,65,168425,463610463,7,63102967884186,89,8117228040616,0,22,0006829719874,0,0,0,0,0,0,0,0,0,0,0,0,609389778783095,0,0,0,0,0,218356398530249,0,22,3963615383935,0,0,0,42149,7315107258,40011,6668536597,0,
775-800C*,0,1073,150024,1054,94542358303,1069,68043778502,0,441,216605033843,53,4337566860065,100,2,80092388423204,4676,75460647598,11,8391890800765,348,065219521608,23,4567343899053,,,,364,552826374086,,,0,0,65,9290923405783,15350,6446792261,,,46,5662433139935,0,345,065219521608,,,,,1,20751351337049,0,967983919748068,0,0397981600711663,,,6,67283086384416,698,293611835716,,,,,3,83483784596377,0,0,0,0,0,0,0,0,0,0,0,0,0,0,0,0,0,0,0,0,0,0,0,0,0,0,0,0,0,0,0,0,0,0,0,0,0,0,0,0,0,0,0,0,0,0,0,0,0,0,0,0,0,0,0,0,0,0,0,0,0,0,0,0,0,0,0,0,0,0,0,0,0,0,0,0,0,0,0,0,0,0,0,0,0,0,0,0,0,0,0,0,0,0,0,0,0,,0,,0,0,0,0,0,0,0,0,0,0,0,0,1060,65,,7,58330476170502,89,7801789256699,,23,9631224346657,,,,,,,,,,,,0,771293536905327,,,,,0,276369714084507,,23,4567343899053,,,,42015,9376457394,,,
800-825C*,0,1098,150024,1141,631629487,1078,57635618969,0,448,899150802654,54,6290858636359,100,3,02526920368948,4982,01896624543,11,8919707970443,362,674806148933,24,5171072414172,,,,365,767745068585,,,0,0,71,3028741818132,16499,2153769542,,,45,3709141363641,0,359,674806148933,,,,,1,20751351337049,1,01727496945993,0,0577618278526374,,,7,15465020087335,852,671244292294,,,,,3,09147164178529,0,0,0,0,0,0,0,0,0,0,0,0,0,0,0,0,0,0,0,0,0,0,0,0,0,0,0,0,0,0,0,0,0,0,0,0,0,0,0,0,0,0,0,0,0,0,0,0,0,0,0,0,0,0,0,0,0,0,0,0,0,0,0,0,0,0,0,0,0,0,0,0,0,0,0,0,0,0,0,0,0,0,0,0,0,0,0,0,0,0,0,0,0,0,0,0,0,,0,,0,0,0,0,0,0,0,0,0,0,0,0,1085,65,,7,54603789500754,89,7372622808195,,25,925561897344,,,,,,,,,,,,0,941809875789604,,,,,0,337469087499805,,24,5171072414172,,,,41883,6230996204,,,
825-850C*,0,1123,150024,1232,48382284869,1087,47227459436,0,456,585663298909,55,8244150412653,100,3,24961452314692,5287,28332601489,11,9268580081735,367,000169095518,25,5774800929291,,,,370,000169095518,,,0,0,76,6766560230481,17647,7860746823,,,44,1755849587347,0,364,000169095518,,,,,1,20751351337049,1,06656601917179,0,0955256933087322,,,7,63646953790254,1010,20866149215,,,,,2,33205229883314,0,0,0,0,0,0,0,0,0,0,0,0,0,0,0,0,0,0,0,0,0,0,0,0,0,0,0,0,0,0,0,0,0,0,0,0,0,0,0,0,0,0,0,0,0,0,0,0,0,0,0,0,0,0,0,0,0,0,0,0,0,0,0,0,0,0,0,0,0,0,0,0,0,0,0,0,0,0,0,0,0,0,0,0,0,0,0,0,0,0,0,0,0,0,0,0,0,,0,,0,0,0,0,0,0,0,0,0,0,0,0,1110,65,,7,51940654202855,89,6828941325054,,27,8880013600222,,,,,,,,,,,,1,11581632472099,,,,,0,399819036305263,,25,5774800929291,,,,41752,7773762854,,,
850-875C*,0,1148,150024,1325,03529830306,1096,36819299903,0,464,276045964669,57,0197442188946,100,3,47395984260437,5592,54768578434,11,9431818162683,370,538571003016,26,637852944441,,,,373,538571003016,,,0,1,4210854715202E-14,82,050437864283,18796,3567724104,,,42,9802557811054,0,367,538571003016,,,,,1,20751351337049,1,11585706888366,0,158286188408356,,,8,11828887493173,1166,26821459485,,,,,1,50122416616363,0,0,0,0,0,0,0,0,0,0,0,0,0,0,0,0,0,0,0,0,0,0,0,0,0,0,0,0,0,0,0,0,0,0,0,0,0,0,0,0,0,0,0,0,0,0,0,0,0,0,0,0,0,0,0,0,0,0,0,0,0,0,0,0,0,0,0,0,0,0,0,0,0,0,0,0,0,0,0,0,0,0,0,0,0,0,0,0,0,0,0,0,0,0,0,0,0,,0,,0,0,0,0,0,0,0,0,0,0,0,0,1135,65,,7,50360923951282,89,616969425732,,29,8504408227005,,,,,,,,,,,,1,28819041298455,,,,,0,46158407803,,26,637852944441,,,,41623,3889129346,,,
875-900C*,0,1173,150024,1421,07805599664,1105,26411140371,0,471,970205350654,58,215073396524,100,3,69830516206181,5897,81204555379,12,0028977253496,373,1674658352,27,6982257959528,,,,376,1674658352,,,0,1,4210854715202E-14,87,4242197055179,19944,9274701385,,,41,784926603476,0,370,1674658352,,,,,1,20751351337049,1,16514811859552,0,201293763665519,,,8,60010821196093,1316,21225475998,,,,,0,543631592833073,0,0,0,0,0,0,0,0,0,0,0,0,0,0,0,0,0,0,0,0,0,0,0,0,0,0,0,0,0,0,0,0,0,0,0,0,0,0,0,0,0,0,0,0,0,0,0,0,0,0,0,0,0,0,0,0,0,0,0,0,0,0,0,0,0,0,0,0,0,0,0,0,0,0,0,0,0,0,0,0,0,0,0,0,0,0,0,0,0,0,0,0,0,0,0,0,0,,0,,0,0,0,0,0,0,0,0,0,0,0,0,1160,65,,7,49887036359991,90,0081740299448,,31,8128802853788,,,,,,,,,,,,1,45380966986535,,,,,0,520928730203136,,27,6982257959528,,,,41495,4452185356,,,
900-925C*,0,1198,150024,1520,61509274408,1114,16002980838,0,479,668050992136,59,4104025741534,100,3,92265048151925,6203,07640532325,12,0629122139763,374,764307555842,28,7585986474647,,,,377,764307555842,,,0,0,92,7980015467528,21093,4981678666,,,40,5895974258466,0,371,764307555842,,,,,1,20751351337049,1,21443916830738,0,344094362207647,,,9,08192754899012,1455,40313314712,,,,,0,0,0,0,0,0,0,0,0,0,0,0,0,0,0,0,0,0,0,0,0,0,0,0,0,0,0,0,0,0,0,0,0,0,0,0,0,0,0,0,0,0,0,0,0,0,0,0,0,0,0,0,0,0,0,0,0,0,0,0,0,0,0,0,0,0,0,0,0,0,0,0,0,0,0,0,0,0,0,0,0,0,0,0,0,0,0,0,0,0,0,0,0,0,0,0,0,0,,0,,0,0,0,0,0,0,0,0,0,0,0,0,1185,65,,7,50544477258864,90,5375214185844,,33,775319748057,,,,,,,,,,,,1,60755162464845,,,,,0,576017510353792,,28,7585986474647,,,,41368,932998135,,,
925-950C*,0,1223,150024,1623,59774798075,1123,05594821305,0,487,369495290731,60,6057317517828,100,4,1469958009767,6508,3407650927,12,1232267750462,377,223290066566,29,8189714989766,,,,380,223290066566,,,0,0,98,1717833879877,22242,0688655946,,,39,3942682482172,0,374,223290066566,,,,,1,20751351337049,1,26373021801924,0,530902560188017,,,9,56374688601931,1579,20320091584,,,,,0,0,0,0,0,0,0,0,0,0,0,0,0,0,0,0,0,0,0,0,0,0,0,0,0,0,0,0,0,0,0,0,0,0,0,0,0,0,0,0,0,0,0,0,0,0,0,0,0,0,0,0,0,0,0,0,0,0,0,0,0,0,0,0,0,0,0,0,0,0,0,0,0,0,0,0,0,0,0,0,0,0,0,0,0,0,0,0,0,0,0,0,0,0,0,0,0,0,,0,,0,0,0,0,0,0,0,0,0,0,0,0,1210,65,,7,52362239751416,91,2105804948811,,35,7377592107353,,,,,,,,,,,,1,74429380661892,,,,,0,625014936011085,,29,8189714989766,,,,41243,8382644394,,,
950-975C*,0,1248,150024,1730,03286626983,1131,95186661772,0,495,074453401772,61,8010609294122,100,4,37134112043414,6813,60512486215,12,1838429089215,382,082968490725,30,8793443504885,,,,385,082968490725,,,0,0,103,545565229223,23390,6395633227,,,38,1989390705878,0,379,082968490725,,,,,1,20751351337049,1,3130212677311,0,671409508194646,,,10,0455662230485,1682,97480922572,,,,,0,0,0,0,0,0,0,0,0,0,0,0,0,0,0,0,0,0,0,0,0,0,0,0,0,0,0,0,0,0,0,0,0,0,0,0,0,0,0,0,0,0,0,0,0,0,0,0,0,0,0,0,0,0,0,0,0,0,0,0,0,0,0,0,0,0,0,0,0,0,0,0,0,0,0,0,0,0,0,0,0,0,0,0,0,0,0,0,0,0,0,0,0,0,0,0,0,0,,0,,0,0,0,0,0,0,0,0,0,0,0,0,1235,65,,7,55373284757754,92,0334943908447,,37,7001986734136,,,,,,,,,,,,1,85891374506182,,,,,0,666085524704137,,30,8793443504885,,,,41120,1464379591,,,
975-1000C*,0,1273,150024,1839,97661893788,1140,84778502239,0,502,782843126944,62,9963901070415,100,8,20252716838504,7118,8694846316,12,2447621234661,386,942646914885,31,9397172020003,,,,389,942646914885,,,0,0,108,919347070458,24539,2102610508,,,37,0036098929585,0,383,942646914885,,,,,1,20751351337049,1,36231231744297,1,0654642229439,,,10,5273855600777,1762,08030923633,,,,,0,0,0,0,0,0,0,0,0,0,0,0,0,0,0,0,0,0,0,0,0,0,0,0,0,0,0,0,0,0,0,0,0,0,0,0,0,0,0,0,0,0,0,0,0,0,0,0,0,0,0,0,0,0,0,0,0,0,0,0,0,0,0,0,0,0,0,0,0,0,0,0,0,0,0,0,0,0,0,0,0,0,0,0,0,0,0,0,0,0,0,0,0,0,0,0,0,0,,0,,0,0,0,0,0,0,0,0,0,0,0,0,1260,65,,7,59615009420514,93,0130509576863,,39,6626381360918,,,,,,,,,,,,1,94628896926221,,,,,0,697393793962067,,31,9397172020003,,,,40997,8424368683,,,
1000-1050C*,0,1323,150024,2011,69722644907,1154,1916626294,0,514,351688418814,64,7893838734856,100,9,19622422026684,7576,76602428578,12,3059859340834,394,232164551124,33,5302764792681,,,,397,232164551124,,,0,0,116,98001983231,26262,066307643,,,35,2106161265144,0,391,232164551124,,,,,1,20751351337049,1,43624889201076,1,67251548340716,,,11,2501145656215,1874,41589799981,,,,,0,0,0,0,0,0,0,0,0,0,0,0,0,0,0,0,0,0,0,0,0,0,0,0,0,0,0,0,0,0,0,0,0,0,0,0,0,0,0,0,0,0,0,0,0,0,0,0,0,0,0,0,0,0,0,0,0,0,0,0,0,0,0,0,0,0,0,0,0,0,0,0,0,0,0,0,0,0,0,0,0,0,0,0,0,0,0,0,0,0,0,0,0,0,0,0,0,0,,0,,0,0,0,0,0,0,0,0,0,0,0,0,1298,15,,7,68261411927379,94,5421412887737,,42,6062973301092,,,,,,,,,,,,2,07036817048811,,,,,0,741853823413662,,33,5302764792681,,,,40816,9545964507,,,
1050-1100C*,0,1373,150024,2254,14989706663,1171,98349943875,0,529,788102939575,67,1800422287444,100,10,6055408670684,15125,1195454573,12,3675158637538,403,951521399443,35,6510221822919,,,,407,620442140425,,,0,0,127,72758351478,28559,2077030991,,,32,8199577712556,0,400,951521399443,,,,,1,20751351337049,1,53483099143448,2,78213901735255,,,12,2137532396799,2124,55128157001,,,,,0,0,0,0,0,0,0,0,0,0,0,0,0,0,0,0,0,0,0,0,0,0,0,0,0,0,0,0,0,0,0,0,0,0,0,0,0,0,0,0,0,0,0,0,0,0,0,0,0,0,0,0,0,0,0,0,0,0,0,0,0,0,0,0,0,0,0,0,0,0,0,0,0,0,0,0,0,0,0,0,0,0,0,0,0,0,0,0,0,0,0,0,0,0,0,0,0,0,,0,,0,0,0,0,0,0,0,0,0,0,0,0,1348,15,,7,84693596891618,97,0471050774312,,46,5311762554658,,,,,,,,,,,,2,34665281841988,,,,,0,840852071812331,,35,6510221822919,,,,40580,4807462431,,,
1100-1150C*,0,1423,150024,2513,44166872201,1189,77533624809,0,545,236886930654,69,5707005840031,100,12,1113000787758,17139,3331901267,12,4293534430726,413,670878247762,37,7717678853156,,,,419,18489635307,,,0,0,138,47514719725,30856,3490985553,,,30,4292994159969,0,410,670878247762,,,,,1,20751351337049,2,91329871771265,3,76309604272893,,,13,1773919137382,2374,68666514022,,,,,0,0,0,0,0,0,0,0,0,0,0,0,0,0,0,0,0,0,0,0,0,0,0,0,0,0,0,0,0,0,0,0,0,0,0,0,0,0,0,0,0,0,0,0,0,0,0,0,0,0,0,0,0,0,0,0,0,0,0,0,0,0,0,0,0,0,0,0,0,0,0,0,0,0,0,0,0,0,0,0,0,0,0,0,0,0,0,0,0,0,0,0,0,0,0,0,0,0,,0,,0,0,0,0,0,0,0,0,0,0,0,0,1398,15,,8,07001614749811,100,305082988557,,50,4560551808223,,,,,,,,,,,,2,62293746635165,,,,,0,939850320211,,37,7717678853156,,,,39848,8160516029,,,
1150+C*,0,1623,150024,3248,11879653635,1234,25492827145,0,583,909452933034,75,5473464721501,100,16,2976343295069,22735,1578342008,12,4915002102879,437,96927036856,43,073632142875,,,,448,096031884683,,,0,0,165,344056403424,36599,2025871958,,,24,4526535278499,0,434,96927036856,,,,,1,20751351337049,3,78416110246913,6,21548860616987,,,15,5864885988842,3000,02512406573,,,,,0,0,0,0,0,0,0,0,0,0,0,0,0,0,0,0,0,0,0,0,0,0,0,0,0,0,0,0,0,0,0,0,0,0,0,0,0,0,0,0,0,0,0,0,0,0,0,0,0,0,0,0,0,0,0,0,0,0,0,0,0,0,0,0,0,0,0,0,0,0,0,0,0,0,0,0,0,0,0,0,0,0,0,0,0,0,0,0,0,0,0,0,0,0,0,0,0,0,,0,,0,0,0,0,0,0,0,0,0,0,0,0,1523,15,,8,91960265484423,111,419218438671,,60,2682524942137,,,,,,,,,,,,3,31364908618107,,,,,1,18734594120767,,43,073632142875,,,,39062,6054533824,,,
