Name,Bonny light-2010
Created,26/03/2026 11:02:39
Cpt,Composition,Boiling Temperature,Molecular Weight,Standard Liquid Density,Acidity,Aniline Point,Assay - Aromatics Vol Pct,Assay - Aromatics Wt Pct,Asphaltene Content,Basic Nitrogen Content,C to H Ratio,Cloud Point,Conradson Carbon Content,Copper Content,Cetane Number,Flash Point,Freeze Point,MON (Clear),MON (Leaded),Assay - Naphthenes Vol Pct,Assay - Naphthenes Wt Pct,Nickel Content,Nitrogen Content,Assay - Olefins Vol Pct,Assay - Olefins Wt Pct,Assay - Paraffins Vol Pct,Assay - Paraffins Wt Pct,Pour Point,Refractive Index,Reid Vapour Pressure,RON (Clear),RON (Leaded),Smoke Point,Sulfur Content,Mercaptan Sulfur Content,Sodium Content,True Vapour Pressure,Vanadium Content,Iron Content,Luminometer Number,Viscosity @ 38C,Viscosity @ 50C,Viscosity @ 60C,Wax Content,Pi C6 22DMB Wt Pct,Pi C6 22DMB Vol Pct,Pi C6 23DMB Wt Pct,Pi C6 23DMB Vol Pct,Pi C6 2MP Wt Pct,Pi C6 2MP Vol Pct,Pi C6 3MP Wt Pct,Pi C6 3MP Vol Pct,Pi C7 22-mPentane Wt Pct,Pi C7 22-mPentane Vol Pct,Pi C7 24-mPentane Wt Pct,Pi C7 24-mPentane Vol Pct,Pi C7 223-mButane Wt Pct,Pi C7 223-mButane Vol Pct,Pi C7 33-mPentane Wt Pct,Pi C7 33-mPentane Vol Pct,Pi C7 23-mPentane Wt Pct,Pi C7 23-mPentane Vol Pct,Pi C7 2-mHexane Wt Pct,Pi C7 2-mHexane Vol Pct,Pi C7 3-mHexane Wt Pct,Pi C7 3-mHexane Vol Pct,Pi C7 3-ePentane Wt Pct,Pi C7 3-ePentane Vol Pct,Pi C6 Wt Pct,Pi C6 Vol Pct,Pi C7 Wt Pct,Pi C7 Vol Pct,Pi C8 Wt Pct,Pi C8 Vol Pct,Pi C9 Wt Pct,Pi C9 Vol Pct,Pi C10  Wt Pct,Pi C10  Vol Pct,Pi C11  Wt Pct,Pi C11  Vol Pct,Pn C6 Hexane Wt Pct,Pn C6 Hexane Vol Pct,Pn C7 Heptane Wt Pct,Pn C7 Heptane Vol Pct,Pn C8 Octane Wt Pct,Pn C8 Octane Vol Pct,Pn C9 Nonane Wt Pct,Pn C9 Nonane Vol Pct,Pn C10 Decane Wt Pct,Pn C10 Decane Vol Pct,Pn C11 n-C11 Wt Pct,Pn C11 n-C11 Vol Pct,On C6 Wt Pct,On C6 Vol Pct,On C7 Wt Pct,On C7 Vol Pct,On C8 Wt Pct,On C8 Vol Pct,On C9 Wt Pct,On C9 Vol Pct,On C10 Wt Pct,On C10 Vol Pct,On C11 Wt Pct,On C11 Vol Pct,A C6 Benzene Wt Pct,A C6 Benzene Vol Pct,A C7 Toluene Wt Pct,A C7 Toluene Vol Pct,A C8 m-Xylene Wt Pct,A C8 m-Xylene Vol Pct,A C8 o-Xylene Wt Pct,A C8 o-Xylene Vol Pct,A C8 p-Xylene Wt Pct,A C8 p-Xylene Vol Pct,A C8 EthBenz Wt Pct,A C8 EthBenz Vol Pct,N C6 cyc-C5 Wt Pct,N C6 cyc-C5 Vol Pct,N C6 cyc-C6 Wt Pct,N C6 cyc-C6 Vol Pct,A C8 Wt Pct,A C8 Vol Pct,A C9 Wt Pct,A C9 Vol Pct,A C10 Wt Pct,A C10 Vol Pct,A C11 Wt Pct,A C11 Vol Pct,N C6 Wt Pct,N C6 Vol Pct,N C7 Wt Pct,N C7 Vol Pct,N C8 Wt Pct,N C8 Vol Pct,N C9 Wt Pct,N C9 Vol Pct,N C10 Wt Pct,N C10 Vol Pct,N C11 Wt Pct,N C11 Vol Pct,Pi Wt Pct,Pi Vol Pct,Pn Wt Pct,Pn Vol Pct,Oi C6 Wt Pct,Oi C6 Vol Pct,Oi C7 Wt Pct,Oi C7 Vol Pct,Oi C8 Wt Pct,Oi C8 Vol Pct,Oi C9 Wt Pct,Oi C9 Vol Pct,Oi C10 Wt Pct,Oi C10 Vol Pct,Oi C11 Wt Pct,Oi C11 Vol Pct,Centroid Boiling Temperature,Viscosity @ 100C,Hydrogen,CarbonByWt,PValue,RamsCarbonResidueByWt,SulfideByWt,ZincByWt,TinByWt,ChromiumByWt,LeadByWt,AluminiumByWt,MagnesiumByWt,MetalByWt,ArsenicByWt,CadmiumByWt,MercuryByWt,NaClByWt,SaltByWt,MudByWt,ChloridesByWt,MolybdenumByWt,AshByWt,GumByWt,MicroCarbonResidueByWt,nC5InsolublesByWt,NaphthenicAcidByWt,NaphthenicAcidByVol,Gross Heating Value,Net Heating Value,Oxygen Content,
Hydrogen,0,20,5548,2,016000032,69,85910034,0,,0,0,0,0,0,13,9,0,0,,,13,9,10,,0,0,0,0,0,0,0,0,13,9,,,130,,,0,0,0,,0,0,,,,,0,,,,,,,,,,,,,,,,,,,,,,,,,,,,,,,,,,,,,,,,,,,,,,,,,,,,,,,,,,,,,,,,,,,,,,,,,,,,,,,,,,,,,,,,,,,,,,,,,0,0,0,0,,,,,,,,,,,,,,,100,0,,,,,,,,,,,,,,,,,,,,,0,,,,,,,
Nitrogen,0,77,3498,28,0135,806,3740234,0,,0,0,0,0,0,63,1,0,0,,,63,1,,,0,0,0,0,0,0,0,0,63,1,,,,,,0,0,0,,0,0,,,,,0,,,,,,,,,,,,,,,,,,,,,,,,,,,,,,,,,,,,,,,,,,,,,,,,,,,,,,,,,,,,,,,,,,,,,,,,,,,,,,,,,,,,,,,,,,,,,,,,,0,0,0,0,,,,,,,,,,,,,,,0,0,,,,,,,,,,,,,,,,,,,,,0,,,,,,,
CO,0,81,6996,28,0109005,799,3880005,0,,0,0,0,0,0,68,2,0,0,,,68,2,,,0,0,0,0,0,0,0,0,68,2,,,120,,,0,0,0,,0,0,,,,,0,,,,,,,,,,,,,,,,,,,,,,,,,,,,,,,,,,,,,,,,,,,,,,,,,,,,,,,,,,,,,,,,,,,,,,,,,,,,,,,,,,,,,,,,,,,,,,,,,0,0,0,0,,,,,,,,,,,,,,,0,0,,,,,,,,,,,,,,,,,,,,,0,,,,,,,
Oxygen,0,90,1996,32,1137,680054,0,,0,0,0,0,0,54,4,0,0,,,54,4,,,0,0,0,0,0,0,0,0,54,4,,,120,,,0,0,0,,0,0,,,,,0,,,,,,,,,,,,,,,,,,,,,,,,,,,,,,,,,,,,,,,,,,,,,,,,,,,,,,,,,,,,,,,,,,,,,,,,,,,,,,,,,,,,,,,,,,,,,,,,,0,0,0,0,,,,,,,,,,,,,,,0,0,,,,,,,,,,,,,,,,,,,,,0,,,,,,,
Methane,0,111,625,16,04290009,299,3940125,0,,0,0,0,0,3,90,4,0,0,,85,15,90,4,,,0,0,0,0,0,0,100,100,90,4,,,120,,,0,0,0,,0,0,,,,,0,,,,,,,,,,,,,,,,,,,,,,,,,,,,,,,,,,,,,,,,,,,,,,,,,,,,,,,,,,,,,,,,,,,,,,,,,,,,,,,,,,,,,,,,,,,,,,,,,0,0,100,100,,,,,,,,,,,,,,,25,13516209,75,,,,,,,,,,,,,,,,,,,,,0,,,,,,,
Ethylene,0,169,399,28,05380058,383,2260132,0,,0,0,0,0,6,104,0,0,,137,15,104,75,6,,0,0,0,0,100,100,0,0,104,,,100,51,,,0,0,0,,0,0,,,,,0,,,,,,,,,,,,,,,,,,,,,,,,,,,,,,,,,,,,,,,,,,,,,,,,,,,,,,,,,,,,,,,,,,,,,,,,,,,,,,,,,,,,,,,,,,,,,,,,,0,0,0,0,,,,,,,,,,,,,,,14,34761566,85,71428571,,,,,,,,,,,,,,,,,,,,,0,,,,,,,
Ethane,3,92252616296073E-05,184,55,30,06990051,355,6830139,0,,0,0,0,0,4,90,4,0,0,,138,15,90,4,100,79,,0,0,0,0,0,0,100,100,90,4,,,111,38,,,0,0,0,,0,0,,,,,0,,,,,,,,,,,,,,,,,,,,,,,,,,,,,,,,,,,,,,,,,,,,,,,,,,,,,,,,,,,,,,,,,,,,,,,,,,,,,,,,,,,,,,,,,,,,,,,,,0,0,100,100,,,,,,,,,,,,,,,20,11147323,80,,,,,,,,,,,,,,,,,,,,,0,,,,,,,
CO2,0,194,598,44,00970078,825,335022,0,,0,0,0,0,0,217,0,0,,,217,,,0,0,0,0,0,0,0,0,217,,,,,,0,0,0,,0,0,,,,,0,,,,,,,,,,,,,,,,,,,,,,,,,,,,,,,,,,,,,,,,,,,,,,,,,,,,,,,,,,,,,,,,,,,,,,,,,,,,,,,,,,,,,,,,,,,,,,,,,0,0,0,0,,,,,,,,,,,,,,,0,0,,,,,,,,,,,,,,,,,,,,,0,,,,,,,
H2S,0,213,498,34,07600021,788,40802,0,,0,0,0,0,0,188,0,0,,,188,,,0,0,0,0,0,0,0,0,188,,2759,,,,94,1177,0,0,,0,0,,,,,0,,,,,,,,,,,,,,,,,,,,,,,,,,,,,,,,,,,,,,,,,,,,,,,,,,,,,,,,,,,,,,,,,,,,,,,,,,,,,,,,,,,,,,,,,,,,,,,,,0,0,0,0,,,,,,,,,,,,,,,5,911554252,0,,,,,,,,,,,,,,,,,,,,,0,,,,,,,
Propene,0,225,399,42,08060074,520,9550171,0,,0,0,0,0,6,87,9,0,0,,165,87,9,84,9,,0,0,0,0,100,100,0,0,87,9,,1565,102,54,,,0,0,0,,0,0,,,,,0,,,,,,,,,,,,,,,,,,,,,,,,,,,,,,,,,,,,,,,,,,,,,,,,,,,,,,,,,,,,,,,,,,,,,,,,,,,,,,,,,,,,,,,,,,,,,,,,,0,0,0,0,,,,,,,,,,,,,,,14,36465558,85,71428571,,,,,,,,,,,,,,,,,,,,,0,,,,,,,
Propane,0,00123928430881908,231,048,44,09700012,506,678009,0,,0,0,0,0,4,5,85,5,0,0,,169,15,85,5,97,1,,0,0,0,0,0,0,100,100,85,5,,1303,112,14,,,0,0,0,,0,0,,,,,0,,,,,,,,,,,,,,,,,,,,,,,,,,,,,,,,,,,,,,,,,,,,,,,,,,,,,,,,,,,,,,,,,,,,,,,,,,,,,,,,,,,,,,,,,,,,,,,,,0,0,100,100,,,,,,,,,,,,,,,18,28426304,81,81818182,,,,,,,,,,,,,,,,,,,,,0,,,,,,,
i-Butane,0,0110425639979134,261,42,58,12400055,561,9660034,0,380,85,0,0,0,0,4,8,114,0,0,,190,15,114,97,6,,0,0,0,0,0,0,100,100,114,,489,6,101,426,,,0,0,0,,0,0,,,,,0,,,,,,,,,,,,,,,,,,,,,,,,,,,,,,,,,,,,,,,,,,,,,,,,,,,,,,,,,,,,,,,,,,,,,,,,,,,,,,,,,,,,,,,,,,,,,,,,,100,100,0,0,,,,,,,,,,,,,,,17,34802065,82,75862069,,,,,,,,,,,,,,,,,,,,,0,,,,,,,
i-Butene,0,266,299,56,10770035,592,7930298,0,286,7055556,0,0,0,0,6,133,0,0,,193,15,133,88,1,,0,0,0,0,100,100,0,0,133,,442,7,105,2096138,,,0,0,0,,0,0,,,,,0,,,,,,,,,,,,,,,,,,,,,,,,,,,,,,,,,,,,,,,,,,,,,,,,,,,,,,,,,,,,,,,,,,,,,,,,,,,,,,,,,,,,,,,,,,,,,,,,,0,0,0,0,,,,,,,,,,,,,,,14,37319073,85,71428571,,,,,,,,,,,,,,,,,,,,,0,,,,,,,
1-Butene,0,266,898,56,10770035,593,7890015,0,,0,0,0,0,6,87,8,0,0,,193,15,87,8,80,8,,0,0,0,0,100,100,0,0,87,8,,432,97,4,,,0,0,0,,0,0,,0,236064836133691,0,219972008704656,0,208210021632581,0,,,,,,,,,,,,,,,,,,,,,,,,,,,,,,,,,,,,,,,,,,,,,,,,,,,,,,,,,,,,,,,,,,,,,,,,,,,,,,,,,,,,,,,,,,,,,,,,,0,0,0,0,,,,,,,,,,,,,,,14,37319073,85,71428571,,,,,,,,,,,,,,,,,,,,,0,,,,,,,
13-Butadiene,0,268,7,54,1,619,7440186,0,,0,0,0,0,8,164,0,0,,197,15,164,73,94513286,,0,0,0,0,100,100,0,0,164,,409,6,102,9723045,,,0,0,0,,0,0,,,,,0,,,,,,,,,,,,,,,,,,,,,,,,,,,,,,,,,,,,,,,,,,,,,,,,,,,,,,,,,,,,,,,,,,,,,,,,,,,,,,,,,,,,,,,,,,,,,,,,,0,0,0,0,,,,,,,,,,,,,,,11,17841035,88,88888889,,,,,,,,,,,,,,,,,,,,,0,,,,,,,
n-Butane,0,0149464973454136,272,648,58,12400055,583,2230225,0,356,35,0,0,0,0,4,8,135,0,0,,213,15,135,89,6,,0,0,0,0,0,0,100,100,135,,358,5,93,8,,,0,0,0,,0,0,,0,241514675581771,0,217701202498228,,0,,,,,,,,,,,,,,,,,,,,,,,,,,,,,,,,,,,,,,,,,,,,,,,,,,,,,,,,,,,,,,,,,,,,,,,,,,,,,,,,,,,,,,,,,,,,,,,,,0,0,100,100,,,,,,,,,,,,,,,17,34802065,82,75862069,,,,,,,,,,,,,,,,,,,,,0,,,,,,,
tr2-Butene,0,274,027,56,1,608,684021,0,,0,0,0,0,6,168,0,0,,201,168,83,84306902,,0,0,0,0,100,100,0,0,168,,343,9,105,0089318,,,0,0,0,,0,0,,,,,0,,,,,,,,,,,,,,,,,,,,,,,,,,,,,,,,,,,,,,,,,,,,,,,,,,,,,,,,,,,,,,,,,,,,,,,,,,,,,,,,,,,,,,,,,,,,,,,,,0,0,0,0,,,,,,,,,,,,,,,14,37319073,85,71428571,,,,,,,,,,,,,,,,,,,,,0,,,,,,,
i-Pentane,0,0173963979953506,301,028,72,15100098,623,4420166,0,343,95,0,0,0,0,5,113,0,0,,217,113,90,3,,0,0,0,0,0,0,100,100,113,,133,8,92,3,,,0,0,0,,0,0,,,,,0,,,,,,,,,,,,,,,,,,,,,,,,,,,,,,,,,,,,,,,,,,,,,,,,,,,,,,,,,,,,,,,,,,,,,,,,,,,,,,,,,,,,,,,,,,,,,,,,,100,100,0,0,,,,,,,,,,,,,,,16,75213296,83,33333333,,,,,,,,,,,,,,,,,,,,,0,,,,,,,
1-Pentene,0,303,096,70,13500214,638,7230225,0,292,25,0,0,0,0,6,108,0,0,,245,108,77,1,,0,0,0,0,100,100,0,0,108,,131,8,90,9,,,0,0,0,,0,0,,,,,0,,,,,,,,,,,,,,,,,,,,,,,,,,,,,,,,,,,,,,,,,,,,,,,,,,,,,,,,,,,,,,,,,,,,,,,,,,,,,,,,,,,,,,,,,,,,,,,,,0,0,0,0,,,,,,,,,,,,,,,14,37831669,85,71428571,,,,,,,,,,,,,,,,,,,,,0,,,,,,,
2M-1-butene,0,304,303,70,1,654,3800049,0,,0,0,0,0,6,136,0,0,,221,136,81,9,,0,0,0,0,100,100,0,0,136,,127,2,102,54,,,0,0,0,,0,0,,,,,0,,,,,,,,,,,,,,,,,,,,,,,,,,,,,,,,,,,,,,,,,,,,,,,,,,,,,,,,,,,,,,,,,,,,,,,,,,,,,,,,,,,,,,,,,,,,,,,,,0,0,0,0,,,,,,,,,,,,,,,14,37831669,85,71428571,,,,,,,,,,,,,,,,,,,,,0,,,,,,,
n-Pentane,0,309,209,72,15100098,629,7290039,0,343,95,0,0,0,0,5,143,0,0,,233,143,61,9,,0,0,0,0,0,0,100,100,143,,101,35,61,7,,,0,0,0,,0,0,,0,317713556013358,0,28795065870348,0,265338970196147,0,,,,,,,,,,,,,,,,,,,,,,,,,,,,,,,,,,,,,,,,,,,,,,,,,,,,,,,,,,,,,,,,,,,,,,,,,,,,,,,,,,,,,,,,,,,,,,,,,0,0,100,100,,,,,,,,,,,,,,,16,75213296,83,33333333,,,,,,,,,,,,,,,,,,,,,0,,,,,,,
cis2-Butene,0,276,867,56,1,625,9530029,0,,0,0,0,0,6,134,0,0,,203,134,83,5,,0,0,0,0,100,100,0,0,134,,314,4,100,,,0,0,0,,0,0,,,,,0,,,,,,,,,,,,,,,,,,,,,,,,,,,,,,,,,,,,,,,,,,,,,,,,,,,,,,,,,,,,,,,,,,,,,,,,,,,,,,,,,,,,,,,,,,,,,,,,,0,0,0,0,,,,,,,,,,,,,,,14,37319073,85,71428571,,,,,,,,,,,,,,,,,,,,,0,,,,,,,
3M-1-butene,0,293,204,70,1,631,2700195,0,,0,0,0,0,6,105,0,0,,217,105,85,26729455,,0,0,0,0,100,100,0,0,105,,190,101,6748769,,,0,0,0,,0,0,,,,,0,,,,,,,,,,,,,,,,,,,,,,,,,,,,,,,,,,,,,,,,,,,,,,,,,,,,,,,,,,,,,,,,,,,,,,,,,,,,,,,,,,,,,,,,,,,,,,,,,0,0,0,0,,,,,,,,,,,,,,,14,37831669,85,71428571,,,,,,,,,,,,,,,,,,,,,0,,,,,,,
2M-2-butene,0,311,704,70,1,666,1090088,0,406,15,0,0,0,0,6,139,0,0,,228,139,84,7,,0,0,0,0,100,100,0,0,139,,98,11,97,3,,,0,0,0,,0,0,,,,,0,,,,,,,,,,,,,,,,,,,,,,,,,,,,,,,,,,,,,,,,,,,,,,,,,,,,,,,,,,,,,,,,,,,,,,,,,,,,,,,,,,,,,,,,,,,,,,,,,0,0,0,0,,,,,,,,,,,,,,,14,37831669,85,71428571,,,,,,,,,,,,,,,,,,,,,0,,,,,,,
2M-13-C4==,0,307,204,68,1,684,8460083,0,,0,0,0,0,7,5,127,0,0,,219,127,81,,0,0,0,0,100,100,0,0,127,,118,6,99,1,,,0,0,0,,0,0,,,,,0,,,,,,,,,,,,,,,,,,,,,,,,,,,,,,,,,,,,,,,,,,,,,,,,,,,,,,,,,,,,,,,,,,,,,,,,,,,,,,,,,,,,,,,,,,,,,,,,,0,0,0,0,,,,,,,,,,,,,,,11,8404699,88,23529412,,,,,,,,,,,,,,,,,,,,,0,,,,,,,
tr2-Pentene,0,309,493,70,1,652,2630005,0,404,4833333,0,0,0,0,6,133,0,0,,225,133,85,14880659,,0,0,0,0,100,100,0,0,133,,106,7,100,3776273,,,0,0,0,,0,0,,,,,0,,,,,,,,,,,,,,,,,,,,,,,,,,,,,,,,,,,,,,,,,,,,,,,,,,,,,,,,,,,,,,,,,,,,,,,,,,,,,,,,,,,,,,,,,,,,,,,,,0,0,0,0,,,,,,,,,,,,,,,14,37831669,85,71428571,,,,,,,,,,,,,,,,,,,,,0,,,,,,,
cis2-Pentene,0,310,083,70,1,659,5750122,0,403,9277778,0,0,0,0,6,122,0,0,,226,122,85,14880659,,0,0,0,0,100,100,0,0,122,,104,4,100,3776273,,,0,0,0,,0,0,,,,,0,,,,,,,,,,,,,,,,,,,,,,,,,,,,,,,,,,,,,,,,,,,,,,,,,,,,,,,,,,,,,,,,,,,,,,,,,,,,,,,,,,,,,,,,,,,,,,,,,0,0,0,0,,,,,,,,,,,,,,,14,37831669,85,71428571,,,,,,,,,,,,,,,,,,,,,0,,,,,,,
Cyclopentane,0,322,398,70,13500214,748,8740234,0,289,95,0,0,0,0,6,179,0,0,,233,179,84,9,,100,100,0,0,0,0,0,0,179,,41,7,101,426,,,0,0,0,,0,0,,0,483269667509962,0,429891392256475,,0,,,,,,,,,,,,,,,,,,,,,,,,,,,,,,,,,,,,,,,,,,,,,,,,,,,,,,,,,,,,,,,,,,,,,,,,,,,,,,,,,,,,,,,,,,,,,,,,,0,0,0,0,,,,,,,,,,,,,,,14,37831669,85,71428571,,,,,,,,,,,,,,,,,,,,,0,,,,,,,
Cyclopentene,0,317,38,68,1,776,5159912,0,458,3722222,0,0,0,0,7,5,138,0,0,,244,138,69,7,,100,100,0,0,0,0,0,0,138,,81,04,93,3,,,0,0,0,,0,0,,,,,0,,,,,,,,,,,,,,,,,,,,,,,,,,,,,,,,,,,,,,,,,,,,,,,,,,,,,,,,,,,,,,,,,,,,,,,,,,,,,,,,,,,,,,,,,,,,,,,,,0,0,0,0,,,,,,,,,,,,,,,11,8404699,88,23529412,,,,,,,,,,,,,,,,,,,,,0,,,,,,,
22-Mpropane,0,282,648,72,2,595,5930176,0,291,7055556,0,0,0,0,5,257,0,0,,225,257,80,2,,0,0,0,0,0,0,100,100,257,,251,8,85,5,,,0,0,0,,0,0,,,,,0,,,,,,,,,,,,,,,,,,,,,,,,,,,,,,,,,,,,,,,,,,,,,,,,,,,,,,,,,,,,,,,,,,,,,,,,,,,,,,,,,,,,,,,,,,,,,,,,,100,100,0,0,,,,,,,,,,,,,,,16,75213296,83,33333333,,,,,,,,,,,,,,,,,,,,,0,,,,,,,
33M-1-butene,0,314,397,84,16,657,1190186,0,,0,0,0,0,6,,0,0,,241,15,157,95,93,3,,0,0,0,0,100,100,0,0,,,91,82,111,77,,,0,0,0,,0,0,,,,,0,,,,,,,,,,,,,,,,,,,,,,,,,,,,,,,,,,,,,,,,,,,,,,,,,,,,,,,,,,,,,,,,,,,,,,,,,,,,,,,,,,,,,,,,,,,,,,,,,0,0,0,0,,,,,,,,,,,,,,,14,3716,85,71428571,,,,,,,,,,,,,,,,,,,,,0,,,,,,,
H2O,0,373,148,18,01510048,997,9860229,0,,0,0,0,0,0,,0,0,,,,,,0,0,0,0,0,0,0,0,,,,,,,0,0,0,,0,0,,0,698140124178851,0,560124358458913,0,474686748589316,0,,,,,,,,,,,,,,,,,,,,,,,,,,,,,,,,,,,,,,,,,,,,,,,,,,,,,,,,,,,,,,,,,,,,,,,,,,,,,,,,,,,,,,,,,,,,,,,,,0,0,0,0,,,,,,,,,,,,,,0,279783740086422,11,18972388,0,,,,,,,,,,,,,,,,,,,,,0,,,,,,,
36-40C*,0,00552206060226351,313,149994,100,42876239388,621,031097959594,0,350,898637621102,0,817522626027904,0,0,0,5,37077039643731,135,502844594492,0,00195403180751011,0,45,8402088501002,237,452880911821,155,393684660497,77,6941096131746,86,4512008131746,0,9,83658690618333,0,00679663237394821,0,0,0,99,1891066109009,90,1634130938167,133,502844594492,1,3527834454766,69,771486719745,77,8412504861174,86,5983416861174,36,1093541084703,0,4,27617089573676E-06,0,94,1972145768408,0,0,00169915809348705,83,0626377894258,0,370520970841868,0,355410275095304,0,335481984936826,0,799124430441106,0,0,0,0,0,0,0,0,0,0,0,0,0,0,0,0,0,0,0,0,0,0,0,0,0,0,0,0,0,0,0,0,0,0,0,0,0,0,0,0,0,0,0,0,0,0,0,0,0,0,0,0,0,0,0,0,0,0,0,0,0,0,0,0,0,0,0,0,0,0,0,0,0,0,0,0,0,0,0,0,0,0,0,0,0,0,0,0,0,0,0,0,0,0,0,0,0,0,90,1634130938167,99,1891066109009,0,0,0,0,0,0,0,0,0,0,0,0,311,149997,0,279009189003504,16,9563380268412,89,8625132751614,0,0,00274330723930463,0,0,0,0,0,0,0,0,0,0,0,4,04583752094424E-11,0,0,0,0,1,44970352452594E-11,0,0,00195403180751011,0,0,0,50982,8906002421,45031,7120313899,0,
40-50C*,0,0157365164242201,323,149994,101,422371257347,633,929987895354,0,348,7387262122,1,01019470752105,1,2734230640504,0,0,5,2482525202751,138,307090215909,0,00239481455178113,0,45,6731014143212,241,95145889631,159,692834606471,76,2411490035367,84,9982402035367,1,41516625735231,10,5905353262571,0,00832978974532566,0,0,0,97,5746390351266,88,1360416096925,136,307090215909,1,35853469973024,53,8534496241554,76,9612100001844,85,7183012001843,35,7627315512175,0,5,24077256452764E-06,0,66,689087343625,0,0,00208244743633141,82,2787403703672,0,384695428371138,0,367481677952995,0,346229283115143,0,96144435288415,98,4906443763477,98,682197213966,0,0,0,0,0,0,0,0,0,0,0,0,0,0,0,0,0,0,0,0,0,0,98,4906443763477,98,682197213966,0,0,0,0,0,0,0,0,0,0,0,0,0,0,0,0,0,0,0,0,0,0,0,0,0,0,0,0,0,0,0,0,0,0,0,0,0,0,0,0,0,0,0,0,0,0,0,0,0,0,0,0,0,0,0,0,0,0,0,0,0,0,0,0,0,0,0,0,0,0,88,1360416096925,97,5746390351266,0,0,0,0,0,0,0,0,0,0,0,0,0,0,318,15,0,285837967360466,16,683893398043,86,0899529626343,0,0,00335494850249888,0,0,0,0,0,0,0,0,0,0,0,1,82062688442491E-10,0,0,0,0,6,52366586036673E-11,0,0,00239481455178113,0,0,0,50587,9482115464,44888,0537782208,0,
50-60C*,0,0188097434612359,333,149994,102,84181249087,652,356973517869,0,345,653138485197,1,27581407911469,1,61915758898224,0,0,5,14852913675379,144,161044084834,0,003024504186454,0,44,4614308892407,246,919469649669,165,834477386435,74,1654909897682,82,9225821897682,9,6102147068386,14,2703850027611,0,0105200145615791,0,0,0,89,1139712140467,84,1104574082566,140,313155389362,1,366996846917,40,4588243352976,75,7040093059943,84,4611005059943,35,2675564694277,0,6,6187749485146E-06,0,46,9073840140768,0,0,00263000364039479,81,1545518075356,0,407095572513472,0,386441021247535,0,363110512226541,1,19332995637421,47,5080674131437,47,7792786090623,18,3363619053315,18,0916345904033,34,0322120476508,34,0209790604095,3,03328964811621E-09,2,9815280732209E-09,0,0,0,0,0,0,0,0,0,0,0,0,0,0,0,0,99,8766413691593,99,8918922628566,0,0,0,0,0,0,0,0,0,0,0,0,0,0,0,0,0,0,0,0,0,0,0,0,0,0,0,0,0,0,0,0,0,0,0,0,0,0,0,0,0,0,0,0,0,0,0,0,0,0,0,0,0,0,0,0,0,0,0,0,0,0,0,0,0,0,0,0,0,0,84,1104574082566,89,1139712140467,0,0,0,0,0,0,0,0,0,0,0,0,0,0,328,15,0,296584701211293,16,2946867854741,82,7642487798774,0,0,0041639716831683,0,0,0,0,0,0,0,0,0,0,0,3,84354564489703E-10,0,0,0,0,1,37721834829964E-10,0,0,003024504186454,0,0,0,50023,7447991239,44692,6825620696,0,
60-70C*,0,0222923864679687,343,149994,104,261253724393,670,783959140383,0,342,567550758194,1,54143345070833,1,94912631328738,0,0,5,11557701125281,150,29037096781,0,00365419382112689,0,42,4984638245266,252,357995291657,171,9761201664,71,8680700171456,80,6251612171456,17,8052631563249,21,4805783992343,0,0127102393778327,0,0,0,80,6533033929667,76,5702952874783,144,319220562816,1,37574892706596,29,583538417411,74,4468086118042,83,2038998118042,34,7723813876379,0,7,89060286583351E-06,0,32,7730229688828,0,0,00317755984445816,80,0252631187821,0,432343264566516,0,407653315564378,0,381995051601321,1,43281264900016,0,0,0,000112559119597597,0,000112135734358585,18,6375014109916,18,8123490016017,23,2371211160558,23,0624822997875,0,0,0,0,0,0,0,0,0,0,0,0,0,0,0,0,41,874735086167,41,8749434371236,0,0,0,0,0,0,0,0,0,0,58,1220117016532,58,1221900643563,0,0,0,0,0,0,0,0,0,0,0,0,0,0,0,0,0,0,0,0,0,0,0,0,0,0,0,0,0,0,0,0,0,0,0,00325321217981523,0,00286649852010711,0,0,0,0,0,0,0,0,0,0,0,00325321217981523,0,00286649852010711,0,0,0,0,0,0,0,0,0,0,32,0646514374733,33,7744933213277,44,505643850005,46,878810071639,0,0,0,0,0,0,0,0,0,0,0,0,338,15,0,308622342650469,15,9054801729053,80,5554615809371,0,0,00489681833152568,0,0,0,0,0,0,0,0,0,0,0,5,86646440536915E-10,0,0,0,0,2,10207011056261E-10,0,0,00365419382112689,0,0,0,49459,5413867014,44508,0453610719,0,
70-80C*,0,026188361364184,353,149994,105,680694957917,699,47171678027,0,339,481963031191,4,22128048677852,5,47254097399051,0,0,5,20610230146676,155,815485108866,0,00428388345579977,0,34,3316830700551,261,223747297896,178,117762946364,69,3286613960415,78,0857525960415,29,87129185846,29,7825755364285,0,0149004641940861,0,0,0,65,9074276547615,64,744883489581,146,875008458746,1,38959245940969,21,0531384732705,73,1896079176141,81,9466991176141,34,2772063058482,0,2,22579908115374E-05,0,22,7403242732689,0,0,00372511604852154,78,8908743041069,0,460844953688194,0,431418081351246,0,403142884496366,1,65961365574577,0,0,0,0,0,0,0,0,2,79092361586118,3,13590440768795,1,18151005064814,1,3294631115947,0,0,0,0,0,0,0,0,0,0,0,0,0,0,3,97243366650933,4,46536751928265,0,0,0,0,0,0,0,0,1,1717760417028,1,34503306213664,0,0,0,0,0,0,0,0,0,0,0,0,0,0,0,0,0,0,0,0,0,0,10,3710733086177,8,94217771583858,0,0,0,0,0,0,0,0,0,0,79,2609847289405,80,1651868031099,5,22373225422964,5,08223489963225,0,0,0,0,0,0,0,0,84,4847169831702,85,2474217027421,0,0,0,0,0,0,0,0,0,0,49,9969420954309,50,650705163112,14,7479413941501,15,2567224916495,0,0,0,0,0,0,0,0,0,0,0,0,348,15,0,322105657960451,15,5162735603365,80,2721875253787,0,0,00552450970191801,0,0,0,0,0,0,0,0,0,0,0,7,88938316584128E-10,0,0,0,0,2,82692187282558E-10,0,0,00428388345579977,0,0,0,48895,3379742789,44239,9577992859,0,
80-90C*,0,0275214666212396,363,149994,107,10013619144,719,967067506543,0,336,396375304188,6,90112752284872,8,81753996513166,0,0,5,34865018383908,161,588137177162,0,00491357309047264,0,30,941778158044,268,141955218325,190,890859775265,67,2158429795355,75,9729341795354,36,932017818722,36,3139725627953,0,0170906890103396,0,0,0,56,1668546584293,54,868487472073,150,603651137285,1,40016707277405,14,4139823059403,71,932407223424,80,689498423424,34,0315641988401,0,3,74433821983673E-05,0,15,6673092791443,0,0,00427267225258491,78,3262441113841,0,493076884412567,0,458082438594697,0,426853719147826,1,87327427268589,0,0,0,0,0,0,0,0,0,0791663373987737,0,0883087103418753,3,10657750709465,3,47031733054392,0,0,0,0,5,20873824351318,5,63479767193842,13,8359131370897,15,3301696860374,0,00270540202936119,0,00295996583057357,2,99130357515647E-12,3,22157489994349E-12,0,0,22,2331006271286,24,5265533646954,0,0,0,0,0,0,0,0,0,0,0,0,0,0,0,0,0,0,0,0,0,0,0,0,0,0,0,0,0,0,0,0,7,0095534007309,6,00009415857985,0,0,0,0,0,0,0,0,0,0,0,0,34,1651393776893,32,9993318474574,0,0,0,0,0,0,0,0,34,1651393776893,32,9993318474574,36,5922065944512,36,4740206292673,0,0,0,0,0,0,0,0,54,868487472073,56,1668546584293,0,0,0,0,0,0,0,0,0,0,0,0,0,0,358,15,0,337209512634765,15,1270669477676,80,7145418415621,0,0,00613398203130434,0,0,0,0,0,0,0,0,0,0,0,9,9123019263134E-10,0,0,0,0,3,55177363508855E-10,0,0,00491357309047264,0,0,0,48331,1345618564,44061,5123597974,0,
90-100C*,0,0317602413853891,373,149994,108,519577424963,737,403958908984,0,333,310787577185,9,58097455891891,11,9534501837313,0,0,5,52015316616116,167,380505962832,0,00554326272514553,0,28,9691734365684,275,043226968107,196,41694766279,65,4106212831392,74,1677124831392,42,1225047008182,41,5743784267263,0,0192809138265931,0,0,0,48,2965207402629,46,4721713895424,154,762275661009,1,40954160161805,9,13786851802737,70,6752065292339,79,4322977292339,33,5275787090765,0,5,34394036514012E-05,0,10,7156648150324,0,0,00482022845664829,77,1638595810406,0,529599833025848,0,488050381006244,0,453474413413014,2,07821020067927,0,0,0,0,0,0,0,0,0,0,0,0,0,0,0,0,2,48986480929872,2,45755770181492,15,8076311651169,15,9804164355915,23,9451541102265,23,9031251804931,1,53357827851801,1,50693963149265,0,0,43,7762283631602,43,8480389493922,0,0,0,0,0,0,0,0,0,0,53,9776061505707,54,1484287591632,0,0,0,0,0,0,0,0,0,0,0,0,0,0,0,0,0,0,0,0,0,0,0,0,0,0,0,0,0,0,0,0,0,0,0,0,0,0,0,0,0,0,0,0,0,0,2,24616548626915,2,00353229144462,0,0,0,0,0,0,0,0,20,8112182749698,21,6100413826885,25,6609531145726,26,6864793575745,0,0,0,0,0,0,0,0,0,0,0,0,368,15,0,354131983633416,14,7378603351988,81,4907670587271,0,0,00663829908272563,0,0,0,0,0,0,0,0,0,0,0,1,19352206867855E-09,0,0,0,0,4,27662539735153E-10,0,0,00554326272514553,0,0,0,47766,9311494339,43917,5052762905,0,
100-110C*,0,0356465954648745,383,149994,109,939018658487,752,119237061805,0,326,739489504222,12,2608215949891,14,8305144915333,0,0,5,69798926513938,173,183878314492,0,00617295235981841,0,28,0870270105892,281,929104575811,200,534730147513,64,1293878968629,72,8864790968629,45,6396252396639,45,5619994633311,0,0214711386428466,0,0,0,42,099553165347,39,6074860451355,159,292470156834,1,41771544102783,6,76320973666146,69,4180058350438,78,1750970350438,32,962034121553,0,7,02386817957171E-05,0,7,27405367643317,0,0,00536778466071166,75,8532054600767,0,571077567766267,0,521794216028565,0,483408066081237,2,27883714058465,0,0,0,0,0,0,0,0,0,0,0,0,0,0,0,0,0,0,0,0,0,0,0,0,0,0,0,0,0,0,0,0,0,0,0,0,0,0,0,0586365307970834,0,0661815076201959,0,0,0,0,0,0,0,0,0,0,0,0,0,0,0,0,0,0,0,0,0,0,3,48585643801038,3,10582112283473,0,0,0,0,0,0,0,0,0,0,0,0,0,0,0,0,0,0,0,0,0,0,96,4555070311925,96,8279973695451,0,0,0,0,0,0,0,0,39,5488495143384,42,0333716577268,0,0586365307970834,0,0661815076201959,0,0,0,0,0,0,0,0,0,0,0,0,378,15,0,373098060043072,14,34865372263,82,2458217724395,0,0,00706643960183489,0,0,0,0,0,0,0,0,0,0,0,1,39581394472576E-09,0,0,0,0,5,0014771596145E-10,0,0,00617295235981841,0,0,0,46552,1986366629,43801,170595484,0,
110-120C*,0,0389815667481323,393,149994,110,944271233667,764,449748039213,0,326,516105375974,14,9406686310593,17,4338379282938,0,0,5,86721804763593,178,987731388696,0,00680264199449129,0,28,0509720284958,288,800875057926,203,491143963737,63,1893610847792,71,9464522847792,47,6802521701745,48,3620309342589,0,0236613634591001,0,0,0,37,3790791987662,34,2041311374474,164,135822751676,1,42473931750146,6,50296821002538,68,6686004341215,77,4256916341215,32,33334075942,0,8,78338432563926E-05,0,4,89968911879822,0,0,00591534086477503,74,3883951285812,0,618300122717251,0,559868757389726,0,517125208471082,2,47957079326079,0,0,0,0,0,0,0,0,0,0,0,0,0,0,0,0,0,0,0,0,0,0,0,0,0,0,0,0,36,4357124560393,39,6116417303608,0,0,0,0,0,0,0,0,0,0,0,0,0,0,0,0,0,0,0,0,0,0,0,0,0,0,0,0,0,0,0,0,19,2015920876235,16,9591723457938,0,0,0,0,0,0,0,0,0,0,0,0,0,0,0,0,0,0,0,0,0,0,0,0,44,3626954563372,43,4291859238454,0,0,0,0,0,0,34,2041311374474,37,3790791987662,0,0,0,0,0,0,0,0,0,0,0,0,0,0,388,15,0,394364061052236,13,9594471100612,83,2551007920055,0,0,00741840358863211,0,0,0,0,0,0,0,0,0,0,0,2,71086611462715E-08,0,0,0,0,9,7135689225002E-09,0,0,00680264199449129,0,0,0,46524,8664516128,43734,9742005758,0,
120-130C*,0,0402032334380335,403,149994,114,996786667141,772,31190009742,0,326,57386736254,15,2363517501632,17,5545880582406,0,0,5,96820338284646,184,916829593615,0,00743233162916417,0,29,717882534418,295,659628714321,204,898596995683,61,7156268916542,70,4727180916542,49,2641884819564,50,114423198515,0,0258515882753536,0,0347364614530531,0,0,35,4994597678804,32,3309887432444,169,233921572452,1,42936065966439,6,24778515459541,63,0615686021601,71,8186598021601,31,6399089458278,0,000854516184413774,0,000106217514658506,0,3,27410946973025,0,0,00646289706883841,72,763214101753,0,671715126378338,0,602150561267307,0,554108632003524,2,68482685956642,0,0,0,0,0,0,0,0,0,0,0,0,0,0,0,0,0,0,0,0,0,0,0,0,0,0,0,0,9,39052222728032E-05,9,7205817191647E-05,0,0,0,0,0,0,0,0,0,0,69,1523161204862,71,3732639622363,0,0,0,0,0,0,0,0,0,0,0,0,0,0,0,0,0,0,0,0,0,0,0,0,0,0,0,0,0,0,0,0,0,0,0,0,0,0,0,0,0,0,0,0,0,0,30,8475899742916,28,6266388319465,0,0,0,0,0,0,0,0,32,3309887432444,35,4994597678804,0,0,0,0,0,0,0,0,0,0,0,0,398,15,0,416681164224634,13,9081344183368,84,4772029967499,0,0,0076941910431173,0,0,0,0,0,0,0,0,0,0,0,1,25428473505007E-07,0,0,0,0,4,49435003691595E-08,0,0,00743233162916417,0,0,0,46476,0706862342,43665,7996807629,0,
130-140C*,0,0399672289948928,413,149994,119,529647697704,783,303852764631,0,326,692065194194,14,8849186514754,17,0531217152284,0,0,6,14941216224387,190,545405592013,0,00806202126383705,0,29,7830230714221,302,506300924676,206,046879865385,60,913570367174,69,670661567174,50,94340040561,51,7600571800562,0,0280418130916071,0,0789011872108374,0,0,34,1716809429145,31,1868211047155,174,528354746079,1,4357424576671,5,99771301597607,59,8724377258885,68,6295289258885,30,8801490039267,0,00194096746245279,0,000125382322627135,0,2,16992315290012,0,0,00701045327290178,70,9710988867663,0,732759500109182,0,649900524982858,0,595650945061416,2,89902104036031,0,0,0,0,0,0,0,0,0,0,0,0,0,0,0,0,0,0,0,0,0,0,0,0,0,0,0,0,0,0,4,58509983057624E-16,5,10288826408441E-16,0,0,0,0,0,0,0,0,0,0,0,0,0,0,0,0,0,0,0,0,0,0,0,0,0,0,0,0,0,0,0,0,10,2092900163905,9,49107006080972,4,66397568991001E-18,4,25602222392887E-18,10,6094404554936,9,89334776593606,10,6149276396581,9,83243163714037,0,0,0,0,31,4336581115422,29,2168494638861,0,0,0,0,0,0,0,0,0,0,68,5663418884578,70,7831505361139,0,0,0,0,0,0,31,1868211047155,34,1716809429145,0,0,0,0,0,0,0,0,0,0,0,0,0,0,408,15,0,441292647416428,13,948533808368,86,8248611269763,0,0,0266682547629876,0,0,0,0,0,0,0,0,0,0,0,2,23748285863742E-07,0,0,0,0,8,01734318158188E-08,0,0,00806202126383705,0,0,0,46422,6610580013,43557,7643533183,0,
140-150C*,0,0382260692203841,423,149994,124,467112198709,790,50113866106,0,326,810263025848,14,5334855527877,16,5598041621294,0,0,6,25865876609472,196,268680657677,0,00869171089850992,0,31,2523631136904,309,341702896494,207,861540744454,60,3822337727182,69,1393249727182,52,6226123292637,53,4037392164762,0,0302320379078606,0,123065912968622,0,0,32,8439021179486,30,0364566213944,179,960710399473,1,43999964931747,5,75280214706209,54,1944043609222,62,9514955609222,30,052471256867,0,00302741874049181,0,000145320893787357,0,1,42597351899186,0,0,00755800947696515,69,0051153140068,0,802944562538184,0,704254973345775,0,642796691283437,3,12656903650119,0,0,0,0,0,0,0,0,0,0,0,0,0,0,0,0,0,0,0,0,0,0,0,0,0,0,0,0,0,0,73,520661427498,76,7796049501607,0,0,0,0,0,0,0,0,0,0,2,74890985195036,2,88620963397814,0,0,0,0,0,0,0,0,0,0,0,0,0,0,0,0,0,0,0,0,0,873016926746513,0,761572944949344,22,8455423610752,19,5622266594994,0,0118095669167704,0,0103336553284222,3,35968005114056E-13,2,92018941874859E-13,0,0,0,0,23,7303688547388,20,3341332597775,5,98658128554398E-05,5,21560836380037E-05,0,0,0,0,0,0,0,0,0,0,0,0,0,0,0,0,27,2875467694441,29,9576924839705,2,74890985195036,2,88620963397814,0,0,0,0,0,0,0,0,0,0,0,0,418,15,0,468972822618009,13,9889331983993,88,1462076553318,0,0,0466564668312937,0,0,0,0,0,0,0,0,0,0,0,3,22068098222477E-07,0,0,0,0,1,15403363262478E-07,0,0,00869171089850992,0,0,0,46398,7181421431,43480,5775537936,0,
150-160C*,0,0281429467648614,433,149994,129,733438043508,796,661041678915,0,326,928460857502,14,1820524541,16,403676054719,0,0,6,34998001180264,201,931304201479,0,00932140053318281,0,32,9478417480401,316,166544788216,208,641847229722,59,7908901761049,68,5479813761049,56,4932828284128,56,1737310520005,0,0324222627241141,0,167230638726406,0,0,29,3246647174872,27,4225928932805,185,47257665955,1,44364722717742,5,51310065825743,47,6630696553894,56,4201608553894,29,1552860277992,0,00411387001853082,0,000166025854764251,0,0,928922263560238,0,0,00810556568102853,66,8579363426748,0,883964442493466,0,76634272995425,0,696469742096659,3,37188654884781,0,0,0,0,0,0,0,0,0,0,0,0,0,0,0,0,0,0,0,0,0,0,0,0,0,0,0,0,0,0,0,0,0,0,0,0,0,0,0,0,0,0,13,1076028651087,14,5650426508205,0,0,0,0,0,0,0,0,0,0,0,0,0,0,0,0,0,0,0,0,0,0,0,0,0,0,0,0,0,0,0,0,0,0,21,4287460664445,19,7580445194868,0,0,0,0,0,0,0,0,0,0,65,4636510684469,65,6769128296927,0,0,0,0,14,3149900281718,14,7596220666667,13,1076028651087,14,5650426508205,0,0,0,0,0,0,0,0,0,0,0,0,428,15,0,500168475132267,14,0293325884305,89,2080091466631,0,0,066815129162846,0,0,0,0,0,0,0,0,0,0,0,4,20387910581213E-07,0,0,0,0,1,50633294709137E-07,0,0,00932140053318281,0,0,0,46341,9514542133,43410,8458055341,0,
160-170C*,0,0255608652203869,443,149994,135,252883105453,802,120407892405,0,327,046658689157,13,8306193554123,15,5369588463151,0,0,6,42891313301422,207,513137176412,0,00995109016785569,0,34,7445083114488,322,981453432259,209,513137176412,58,9960852626814,67,7531764626814,57,135812875736,57,9066713567,0,0346124875403676,0,21139536448419,0,0,29,0335677688517,26,5563697969849,191,005541653227,1,44686652480998,5,27865426312549,40,2784336092901,49,0355248092901,28,1870036398735,0,00520032129656984,0,000187489832182895,0,0,599691777132532,0,0,0086531218850919,64,5218193407592,0,977908770756391,0,837535401302484,0,757784920283534,3,63938927825892,0,0,0,0,0,0,0,0,0,0,0,0,0,0,0,0,0,0,0,0,0,0,0,0,0,0,0,0,0,0,0,0,4,46397570774904E-05,4,84040286393051E-05,0,0,0,0,0,0,0,0,0,0,7,44401210177596E-06,8,10449297696658E-06,0,0,0,0,0,0,0,0,0,0,0,0,0,0,0,0,0,0,0,0,0,0,0,0,0,0,0,0,0,0,0,0,0,0,0,0,0,0,0,0,0,0,0,0,99,9999479162308,99,9999434914784,0,0,0,0,26,5563623529728,29,0335596643588,7,44401210177596E-06,8,10449297696658E-06,0,0,0,0,0,0,0,0,0,0,0,0,438,15,0,535406082151257,14,0697319784618,90,169501745775,0,0,0871442417576446,0,0,0,0,0,0,0,0,0,0,0,5,18707722939948E-07,0,0,0,0,1,85863226155797E-07,0,0,00995109016785569,0,0,0,46277,8261405636,43346,4258912051,0,
170-180C*,0,0234440804565218,453,149994,140,8954119663,807,483928130204,0,327,233464836225,13,6365819703948,15,3055218097368,0,0,6,50979790667359,212,974640826549,0,0105807798025286,0,36,4082141542942,329,786986146791,214,974640826549,58,2033060574982,66,9603972574982,57,4220602220002,58,0637100034796,0,0368027123566211,0,340687173312503,0,0,28,941357807605,26,6307681867836,196,44564885307,1,45000157769652,5,04950611959061,33,1001995311799,41,8572907311799,27,1291755597215,0,00707119865536964,0,00020970050990535,0,0,383559308039418,0,0,00920067808915527,61,9473707270801,1,08695334762648,0,919912532662473,0,828295706625655,3,93349292559326,0,0,0,0,0,0,0,0,0,0,0,0,0,0,0,0,0,0,0,0,0,0,0,0,0,0,0,0,0,0,0,0,84,1720216629926,84,3503049536324,0,0,0,0,0,0,0,0,0,0,12,6887627593234,12,7672472606262,0,0,0,0,0,0,0,0,0,0,0,0,0,0,0,0,0,0,0,0,0,0,0,0,0,0,0,0,0,0,0,0,0,0,7,1440354113798E-10,6,08533075592349E-10,0,0,0,0,0,0,0,0,0,0,3,13921557696963,2,8824477851329,0,0,13,9420054274602,16,1741105469788,12,6887627593234,12,7672472606262,0,0,0,0,0,0,0,0,0,0,0,0,448,15,0,575105259255817,14,0891806390088,90,7692850625962,0,0,107643804615689,0,0,0,0,0,0,0,0,0,0,0,6,17027535298683E-07,0,0,0,0,2,21093157602456E-07,0,0,0105807798025286,0,0,0,46204,7268146359,43280,90503299,0,
180-190C*,0,0219157053757467,463,149994,146,299609427117,814,588101772387,0,327,89662998012,14,5681384615798,16,2915195785561,0,0,6,64366560825018,218,190265027568,0,0112104694372014,0,37,2056726996085,336,583641658298,220,190265027568,57,3737380782492,66,1308292782492,57,1193089026127,57,5780464307009,0,0389929371728746,1,06103054271668,0,0,28,3125526358075,26,1304339907431,201,424049415878,1,45412351876879,4,82569666684509,32,9067248231688,41,6638160231688,25,8859885997247,0,0143884773528121,0,000232622889641346,0,0,242975333809528,0,0,00974823429321865,58,8920618764068,1,20889825888481,1,01728265725271,0,910252568564323,4,3105216024964,0,0,0,0,0,0,0,0,0,0,0,0,0,0,0,0,0,0,0,0,0,0,0,0,0,0,0,0,0,0,0,0,0,0,0,0,0,0,0,0,0,0,0,0,0,0,0,0,0,0,0,0,0,0,0,0,0,0,0,0,0,0,0,0,0,0,0,0,0,0,0,0,0,0,0,0,0,0,0,0,23,2017859057533,21,8912381410185,0,0,0,0,0,0,0,0,0,0,76,7982031385868,78,1087499888082,1,09556598155084E-05,1,18701732912774E-05,26,1304339907431,28,3125526358075,0,0,0,0,0,0,0,0,0,0,0,0,0,0,458,15,0,618448513668703,13,9414218806169,91,9802994335037,0,0,12831381773698,0,0,0,0,0,0,0,0,0,0,0,7,15347347657418E-07,0,0,0,0,2,56323089049115E-07,0,0,0112104694372014,0,0,0,46113,6251421197,43190,9639322234,0,
190-200C*,0,0209470601221145,473,149994,151,818615476245,821,549648392787,0,328,559795124015,15,4823453684798,17,2477560848735,0,0,6,78151135973419,223,278054055682,0,0118401590718743,0,37,9344756625846,343,371868852483,225,278054055682,56,5471845263794,65,3042757263794,56,7698863883375,57,075893603109,0,0411831619891281,1,78137391212086,0,0,27,7477682431826,25,6763503120175,206,341978022101,1,45814354666049,4,60726345815307,32,7132501151577,41,4703413151577,24,5953645335233,0,0217057560502546,0,000256290500673678,0,0,152398580138068,0,0,010295790497282,55,6861595333879,1,34672082695339,1,1283775992689,1,00343295559074,4,76604582282222,0,0,0,0,0,0,0,0,0,0,0,0,0,0,0,0,0,0,0,0,0,0,0,0,0,0,0,0,0,0,0,0,0,0,32,6305760754872,32,8958006978838,0,0,0,0,0,0,0,0,0,0,3,62561956394302,3,66129680908958,0,0,0,0,0,0,0,0,0,0,0,0,0,0,0,0,0,0,0,0,0,0,0,0,0,0,0,0,0,0,0,0,0,0,0,0,0,0,0,0,0,0,0,0,0,0,63,7438043605698,63,4429024930266,22,0507307480744,24,086471434093,3,62561956394302,3,66129680908958,0,0,0,0,0,0,0,0,0,0,0,0,468,15,0,667344691001875,13,8051749314585,93,1671579630636,0,0,149154281121517,0,0,0,0,0,0,0,0,0,0,0,2,9253618519926E-06,0,0,0,0,1,04821495311993E-06,0,0,0118401590718743,0,0,0,46017,8888696091,43099,6197096081,0,
200-210C*,0,0231528201936309,483,149994,157,453968138732,828,305702286323,0,328,831890230464,16,3836772889549,18,1867665370249,0,0,6,92088638345052,228,24102227227,0,0124698487065472,0,38,6311121081862,350,152073867354,230,24102227227,55,7249740708904,64,4820652708904,56,4224303935368,56,5820651748478,0,0433733868053816,2,50171728152503,0,0,27,1938923175082,25,2311682881273,211,223881628861,1,46202104982054,4,39424098978377,32,5197754071466,41,2768666071466,23,280862911427,0,029023034747697,0,000280703343002348,0,0,0946120787502722,0,0,0108433467013454,52,3853312903171,1,50237298598273,1,25537164477785,1,10958843903776,5,24306666142745,0,0,0,0,0,0,0,0,0,0,0,0,0,0,0,0,0,0,0,0,0,0,0,0,0,0,0,0,0,0,0,0,0,0,4,56259338367754E-14,5,28431195633997E-14,0,0,0,0,0,0,0,0,0,0,2,53477410204308E-15,2,94071493830914E-15,0,0,0,0,0,0,0,0,0,0,0,0,0,0,0,0,0,0,0,0,0,0,0,0,0,0,0,0,0,0,0,0,0,0,89,7174826029204,89,6980457188117,0,0,0,0,0,0,0,0,0,0,0,0,25,2311682881273,27,1938923175082,0,0,0,0,0,0,0,0,0,0,0,0,0,0,478,15,0,72264476448714,13,6774708029909,94,312464309657,0,0,170165194769301,0,0,0,0,0,0,0,0,0,0,0,6,42964084495855E-06,0,0,0,0,2,30386735654104E-06,0,0,0124698487065472,0,0,0,45919,9277526801,43008,2015444548,0,
210-220C*,0,023000223679699,493,149994,163,207205439629,834,793397747914,0,329,573665841142,17,272134223005,19,1187372056058,0,0,7,05899936341925,233,082932615782,0,0130995383412201,0,39,329073372165,356,924625903101,235,082932615782,54,9084353807837,63,6655265807837,56,1300532304327,56,1236746631109,0,0455636116216351,3,22206065092921,0,0,26,5978125465622,24,7575881312833,216,09420719328,1,46571457527947,4,18666052635124,32,4593949992765,41,2164861992765,21,9660432837457,0,0333978017484294,0,000305861416627355,0,0,0581180077396885,0,0,0113909029054088,49,0477508423395,1,67799543362866,1,40083618922019,1,23079347511737,5,73813043571455,0,0,0,0,0,0,0,0,0,0,0,0,0,0,0,0,0,0,0,0,0,0,0,0,0,0,0,0,0,0,0,0,0,0,0,0,0,0,0,0,0,0,0,0,0,0,0,0,0,0,0,0,0,0,0,0,0,0,0,0,0,0,0,0,0,0,0,0,0,0,0,0,0,0,0,0,0,0,0,0,0,0,0,0,0,0,0,0,0,0,0,0,0,0,0,0,24,7575881312833,26,5978125465622,0,0,0,0,0,0,0,0,0,0,0,0,0,0,488,15,0,785361744811233,13,5583094952143,95,3968372571414,0,0,19134655868033,0,0,0,0,0,0,0,0,0,0,0,9,93391983792449E-06,0,0,0,0,3,55951975996214E-06,0,0,0130995383412201,0,0,0,45822,1515469083,42918,0705798288,0,
220-230C*,0,0228811269023765,503,149994,169,079865403985,840,949869072478,0,330,415858189339,18,1477161706301,20,055763130921,0,0,7,19274048817062,237,808242661351,0,013729227975893,0,40,0593415022046,363,689862026194,239,808242661351,54,0988971250608,62,8559883250608,55,9458672112473,55,7273936979176,0,0477538364378886,3,94240402033339,0,0,25,9064166181226,24,2168431711614,220,977401672479,1,46918212867191,3,98454992288707,32,1349510296088,40,8920422296088,20,6744652007889,0,0424275492464945,0,000331764721548699,0,0,0353116644106493,0,0,0119384591094721,45,734157271252,1,87591208060186,1,56781983050433,1,36951346995465,6,24778346308597,0,0,0,0,0,0,0,0,0,0,0,0,0,0,0,0,0,0,0,0,0,0,0,0,0,0,0,0,0,0,0,0,0,0,0,0,0,0,0,0,0,0,0,0,0,0,0,0,0,0,0,0,0,0,0,0,0,0,0,0,0,0,0,0,0,0,0,0,0,0,0,0,0,0,0,0,0,0,0,0,0,0,0,0,0,0,0,0,0,0,0,0,0,0,0,0,24,2168431711614,25,9064166181226,0,0,0,0,0,0,0,0,0,0,0,0,0,0,498,15,0,856708340176291,13,4476910081286,96,3995144038354,0,0,212698372854606,0,0,0,0,0,0,0,0,0,0,0,1,34381988308904E-05,0,0,0,0,4,81517216338325E-06,0,0,013729227975893,0,0,0,45726,9700078698,42830,6003059317,0,
230-240C*,0,0228092058846477,513,150024,174,942560707335,846,256676474049,0,0062612344128313,331,397359418911,19,0194458160839,20,9466840174086,0,0,7,30298158726646,242,455911563897,0,0143589176105658,0,41,0252998491573,370,448091176164,244,455911563897,53,3073165477684,62,0644077477684,56,6612141299181,56,2696357514077,0,0499440612541421,6,75587760601898,0,0,24,319340053998,22,7836802311836,226,079004724826,1,47210658549784,3,78793344402562,31,729181335848,40,486272535848,19,5197356288485,0,052607317273019,0,000323252229409015,0,0,021213230353765,0,0,0124860153135355,42,7422756853956,2,08607031468692,1,74273159191831,1,5116838107453,6,76857206094418,0,0,0,0,0,0,0,0,0,0,0,0,0,0,0,0,0,0,0,0,0,0,0,0,0,0,0,0,0,0,0,0,0,0,0,0,0,0,0,0,0,0,0,0,0,0,0,0,0,0,0,0,0,0,0,0,0,0,0,0,0,0,0,0,0,0,0,0,0,0,0,0,0,0,0,0,0,0,0,0,0,0,0,0,0,0,0,0,0,0,0,0,0,0,0,0,22,7836802311836,24,319340053998,0,0,0,0,0,0,0,0,0,0,0,0,0,0,508,15,0,92415509386052,13,3476282911729,97,2389943898246,0,0,234220637292128,0,0,0,0,0,0,0,0,0,0,0,1,69424778238564E-05,0,0,0,0,6,07082456680436E-06,0,0,0143589176105658,0,0,0,45649,3023282824,42753,8095098681,0,
240-250C*,0,0227769862695166,523,150024,180,800215821578,850,637150780164,0,019337277947606,332,520273157207,19,8890280705475,21,761895312538,0,0,7,38451594759603,247,034584013262,0,0149886072452387,0,42,2560214339296,377,199597533784,249,034584013262,52,5353140547015,61,2924052547015,58,2377232396962,57,7674277817667,0,0521342860703956,11,8475413936395,0,0,21,8732486897563,20,4706769056952,231,428852781394,1,4744362913581,3,59683158073947,31,2639553672547,40,0210465672547,18,5280940064882,0,0638958387913689,0,000278843820725916,0,0,0125952540633132,0,00651678575879945,0,0130335715175989,40,1508160833851,2,3168333041065,1,92479351256287,1,65563544846296,7,29704254669163,0,0,0,0,0,0,0,0,0,0,0,0,0,0,0,0,0,0,0,0,0,0,0,0,0,0,0,0,0,0,0,0,0,0,0,0,0,0,0,0,0,0,0,0,0,0,0,0,0,0,0,0,0,0,0,0,0,0,0,0,0,0,0,0,0,0,0,0,0,0,0,0,0,0,0,0,0,0,0,0,0,0,0,0,0,0,0,0,0,0,0,0,0,0,0,0,20,4706769056952,21,8732486897563,0,0,0,0,0,0,0,0,0,0,0,0,0,0,518,15,0,985405073092466,13,2581812514475,97,7210426466865,0,0,255913351992896,0,0,0,0,0,0,0,0,0,0,0,2,04467568168223E-05,0,0,0,0,7,32647697022547E-06,0,0,0149886072452387,0,0,0,45591,9305552897,42785,1122504365,0,
250-260C*,0,0227553088192656,533,150024,186,826173460672,854,654604189141,0,0288654115126044,333,733481999176,20,7452489957276,22,5607446867391,0,0,7,45547418818062,251,504116809883,0,0433349980075671,0,43,5388618464747,383,944643372887,253,504116809883,51,7709840217192,60,5280752217192,59,8275936787578,59,2723204603145,0,150730427852407,16,93920518126,0,0,19,4271573255146,18,1669348529463,236,802596781666,1,47650944661445,3,41126086512508,30,7987293986615,39,5558205986615,17,5993873415402,0,0758216631750834,0,000237383155939195,0,0,00738824050957575,0,0188413034815509,0,0376826069631019,37,7052767887997,2,59235070026323,2,13663743889275,1,82253932916968,7,82974123773077,0,0,0,0,0,0,0,0,0,0,0,0,0,0,0,0,0,0,0,0,0,0,0,0,0,0,0,0,0,0,0,0,0,0,0,0,0,0,0,0,0,0,0,0,0,0,0,0,0,0,0,0,0,0,0,0,0,0,0,0,0,0,0,0,0,0,0,0,0,0,0,0,0,0,0,0,0,0,0,0,0,0,0,0,0,0,0,0,0,0,0,0,0,0,0,0,18,1669348529463,19,4271573255146,0,0,0,0,0,0,0,0,0,0,0,0,0,0,528,15,1,05634575953167,13,1765843782456,98,0873983628507,0,0,27777651695691,0,0,0,0,0,0,0,0,0,0,0,2,39510358097883E-05,0,0,0,0,8,58212937364658E-06,0,0,0433349980075671,0,0,0,45540,0782292169,42729,0195135139,0,
260-270C*,0,0242299338440312,543,150024,193,062837557346,858,392202393686,0,0416461232038383,335,025810814181,21,5860351466992,23,3426008702073,0,0,7,51818518394327,255,859101517341,0,0716813887698955,0,44,8467601856258,377,071287725423,257,859101517341,51,0125687388307,59,7696599388307,61,4328988920279,60,7864498584242,0,249326569634419,22,0308689688805,0,0,16,9810659612728,15,8709492713685,242,166653349278,1,47837616137862,3,2312336838066,30,3335034300682,39,0905946300682,16,7283198989103,0,0882361916894879,0,000198870235048852,0,0,00427979722025108,0,0311658212043024,0,0623316424086048,35,3952130347622,2,92441503796625,2,3847363606514,2,01730483684166,8,32040501921884,0,0,0,0,0,0,0,0,0,0,0,0,0,0,0,0,0,0,0,0,0,0,0,0,0,0,0,0,0,0,0,0,0,0,0,0,0,0,0,0,0,0,0,0,0,0,0,0,0,0,0,0,0,0,0,0,0,0,0,0,0,0,0,0,0,0,0,0,0,0,0,0,0,0,0,0,0,0,0,0,0,0,0,0,0,0,0,0,0,0,0,0,0,0,0,0,15,8709492713685,16,9810659612728,0,0,0,0,0,0,0,0,0,0,0,0,0,0,538,15,1,1389394955073,13,1021926310633,98,3700534661822,0,0,299810132184171,0,0,0,0,0,0,0,0,0,0,0,2,74553148027542E-05,0,0,0,0,9,83778177706769E-06,0,0,0716813887698955,0,0,0,45492,1465133326,42676,3129991825,0,
270-280C*,0,0240927767700632,553,150024,199,55261204433,861,933111086505,0,0550798992945062,336,386084471586,22,4093130785376,24,1068602617092,0,0,7,57522246460308,260,093871922764,0,100027779532224,0,46,152698231621,381,92947140677,262,296830556782,50,2583104960455,59,0154016960455,63,0557123244313,62,3120284106338,0,347922711416431,27,122532756501,0,0,14,5349745970311,13,581111327657,247,487439107866,1,48008688108415,3,05675809059807,29,868277461475,38,625368661475,15,9095959435046,0,100990825599907,0,000163305058054888,0,0,00244713928527653,0,0434903389270539,0,0869806778541078,33,2095756659154,3,32881888404516,2,67734020702191,2,24618084540628,8,7876467650974,0,0,0,0,0,0,0,0,0,0,0,0,0,0,0,0,0,0,0,0,0,0,0,0,0,0,0,0,0,0,0,0,0,0,0,0,0,0,0,0,0,0,0,0,0,0,0,0,0,0,0,0,0,0,0,0,0,0,0,0,0,0,0,0,0,0,0,0,0,0,0,0,0,0,0,0,0,0,0,0,0,0,0,0,0,0,0,0,0,0,0,0,0,0,0,0,13,581111327657,14,5349745970311,0,0,0,0,0,0,0,0,0,0,0,0,0,0,548,15,1,2356726637617,13,034360969397,98,6031886930469,0,0,322014197674677,0,0,0,0,0,0,0,0,0,0,0,6,87247963310827E-05,0,0,0,0,2,46254524428469E-05,0,0,100027779532224,0,0,0,45446,5365709056,42626,0068678657,0,
280-290C*,0,0237401481859003,563,150024,206,337900854352,865,360495960306,0,0691667397846081,337,803127840755,23,2130093463178,24,8529408776386,0,0,7,62933976683087,264,202514399584,0,128374170294552,0,47,4296147725442,386,57928779754,268,863285151719,49,5064515833731,58,2635427833731,64,6981074208928,63,8513535739292,0,446518853198443,29,5658023085226,0,0,12,0888832327894,11,2957055484322,252,731370681067,1,48169200251942,2,88783761914226,29,4030514928817,38,1601426928817,15,1379197402292,0,113936966171667,0,000130687624957302,0,0,00138052215698748,0,0558148566498054,0,111629713299611,31,1367717121088,3,82702749184773,3,02506714824686,2,51720290953959,9,25187773238503,0,0,0,0,0,0,0,0,0,0,0,0,0,0,0,0,0,0,0,0,0,0,0,0,0,0,0,0,0,0,0,0,0,0,0,0,0,0,0,0,0,0,0,0,0,0,0,0,0,0,0,0,0,0,0,0,0,0,0,0,0,0,0,0,0,0,0,0,0,0,0,0,0,0,0,0,0,0,0,0,0,0,0,0,0,0,0,0,0,0,0,0,0,0,0,0,11,2957055484322,12,0888832327894,0,0,0,0,0,0,0,0,0,0,0,0,0,0,558,15,1,34972957743219,12,9724443527428,98,8223851133794,0,0,34438871342843,0,0,0,0,0,0,0,0,0,0,0,0,0001107649962785,0,0,0,0,3,96892867466334E-05,0,0,128374170294552,0,0,0,45401,6495652047,42577,1148868595,0,
290-300C*,0,0231782571197239,573,150024,213,461107920142,868,757522707795,0,0839066446741441,339,26576579105,23,995050505115,25,0474166448757,0,0,7,68342789765475,268,178880894119,0,156720561056881,0,48,6504011281982,391,021760414127,275,335984194739,48,7552342908228,57,5123254908228,64,0860753978252,64,0443356387609,0,545114994980455,36,4381016944922,0,0,11,9188740970599,10,9082477163634,257,864864692517,1,48324159814955,2,724471096327,28,9378255242885,37,6949167242885,14,4079955539899,0,126926014670093,0,000101017935756095,0,0,000768003459251162,0,0681393743725569,0,136278748745114,29,1647191287643,4,44868997454693,3,44172685108423,2,84081790084038,9,71405601037775,0,0,0,0,0,0,0,0,0,0,0,0,0,0,0,0,0,0,0,0,0,0,0,0,0,0,0,0,0,0,0,0,0,0,0,0,0,0,0,0,0,0,0,0,0,0,0,0,0,0,0,0,0,0,0,0,0,0,0,0,0,0,0,0,0,0,0,0,0,0,0,0,0,0,0,0,0,0,0,0,0,0,0,0,0,0,0,0,0,0,0,0,0,0,0,0,10,9082477163634,11,9188740970599,0,0,0,0,0,0,0,0,0,0,0,0,0,0,568,15,1,48523651309902,12,9157977405969,99,0666818842763,0,0,366933679445429,0,0,0,0,0,0,0,0,0,0,0,0,000152805196225918,0,0,0,0,5,475312105042E-05,0,0,156720561056881,0,0,0,45355,8866594985,42528,6531026179,0,
300-310C*,0,0223301111291406,583,150024,221,854298805595,872,928547657131,0,0992996139631141,340,836458901628,24,7533631100043,25,8717096041947,0,0,7,76766034467131,271,95647332397,0,185066951819209,0,49,5189232781114,395,258380814762,281,092961902849,47,9876585176563,56,7447497176563,66,3282122024581,65,9194456913492,0,643711136762467,72,5409912405905,0,0,8,91842468753759,8,20884470445614,262,669943386815,1,48521568800761,2,5666524573687,28,4725995556952,37,2296907556952,13,7264103408125,0,138072156337258,7,42959904512656E-05,0,0,000421107916783318,0,0804638920953083,0,160927784190617,27,3132595707235,5,25963446353783,3,98261360106981,3,26184169663306,10,1751396883716,0,0,0,0,0,0,0,0,0,0,0,0,0,0,0,0,0,0,0,0,0,0,0,0,0,0,0,0,0,0,0,0,0,0,0,0,0,0,0,0,0,0,0,0,0,0,0,0,0,0,0,0,0,0,0,0,0,0,0,0,0,0,0,0,0,0,0,0,0,0,0,0,0,0,0,0,0,0,0,0,0,0,0,0,0,0,0,0,0,0,0,0,0,0,0,0,8,20884470445614,8,91842468753759,0,0,0,0,0,0,0,0,0,0,0,0,0,0,578,15,1,66415521370709,12,8638272808009,99,7392937457608,0,0,389649095725675,0,0,0,0,0,0,0,0,0,0,0,0,000194845396173336,0,0,0,0,6,98169553542065E-05,0,0,185066951819209,0,0,0,45291,8162699166,42471,2824956913,0,
310-320C*,0,0212707874631844,593,150024,231,186662505303,877,673241922952,0,115345647651518,342,475104907927,25,4858737160609,26,7448558589765,0,0,7,87565068523112,275,550261436637,0,213413342581538,0,50,1186065707143,399,291076094282,284,653827920099,47,2079582222733,55,9650494222733,68,8383461884004,67,9874366434646,0,742307278544478,126,509873126572,0,0,5,67578009553866,5,26770749755883,267,18546108002,1,48749268160535,2,41437056354536,28,0073735871019,36,7644647871019,13,0832003560412,0,147909242308285,5,05217890428147E-05,0,0,000227456403777024,0,0927884098180598,0,18557681963612,25,5571805031422,6,31709200062921,4,68395188874955,3,80172819766194,10,6360868556625,0,0,0,0,0,0,0,0,0,0,0,0,0,0,0,0,0,0,0,0,0,0,0,0,0,0,0,0,0,0,0,0,0,0,0,0,0,0,0,0,0,0,0,0,0,0,0,0,0,0,0,0,0,0,0,0,0,0,0,0,0,0,0,0,0,0,0,0,0,0,0,0,0,0,0,0,0,0,0,0,0,0,0,0,0,0,0,0,0,0,0,0,0,0,0,0,5,26770749755883,5,67578009553866,0,0,0,0,0,0,0,0,0,0,0,0,0,0,588,15,1,88567199312744,12,8158678239647,,0,0,412534962269166,0,0,0,0,0,0,0,0,0,0,0,0,000236885596120753,0,0,0,0,8,48807896579931E-05,0,0,213413342581538,0,0,0,45214,0593136784,42407,3651763542,0,
320-330C*,0,0200929038160054,603,150024,240,844031235277,882,523855142661,0,132044745739356,344,114258055861,26,1818201990432,27,6339232125892,0,0,7,99025149290122,278,999328591891,0,241759733343866,0,50,6297295378931,403,122175907082,291,146785700909,46,4260193258833,55,1831105258833,71,2931610629842,69,9993727380815,0,84090342032649,180,478755012554,0,0,2,52501873797263,2,36670404932926,269,981005102783,1,48979244132038,2,26760902366051,27,5421476185087,36,2992388185087,12,4639894002331,0,157616212198728,3,13789934917471E-05,0,0,000120956611860094,0,105112927540811,0,210225855081623,23,8584933749025,7,69543760194435,5,57588555711315,4,4758840314447,11,0978556015466,0,0,0,0,0,0,0,0,0,0,0,0,0,0,0,0,0,0,0,0,0,0,0,0,0,0,0,0,0,0,0,0,0,0,0,0,0,0,0,0,0,0,0,0,0,0,0,0,0,0,0,0,0,0,0,0,0,0,0,0,0,0,0,0,0,0,0,0,0,0,0,0,0,0,0,0,0,0,0,0,0,0,0,0,0,0,0,0,0,0,0,0,0,0,0,0,2,36670404932926,2,52501873797263,0,0,0,0,0,0,0,0,0,0,0,0,0,0,598,15,2,14595444879818,12,7712352126923,,0,0,435591279075904,0,0,0,0,0,0,0,0,0,0,0,0,000278925796068171,0,0,0,0,9,99446239617797E-05,0,0,241759733343866,0,0,0,45133,1159554061,42342,3403348696,0,
330-340C*,0,0188312611702714,613,150024,250,728693052391,887,448399019175,0,149396908226628,345,730983913067,26,7677546970905,28,174120025897,0,0,8,11039336237484,282,307249676523,0,270106124106194,0,51,0683843584807,406,754379347841,295,761782713128,45,642517902328,54,399609102328,70,9248380886944,69,6606180212247,0,939499562108502,234,447636898535,0,0,2,30740721421508,2,16526195287828,273,873252406035,1,49209523724708,2,12634602042223,27,0769216499154,35,8340128499154,11,8615841243433,0,167321893096778,2,88964023328971E-05,0,6,32888462072036E-05,0,117437445263563,0,234874890527126,22,1982559795848,9,52444309766614,6,72798441059688,5,32871912919403,11,5614040153198,0,0,0,0,0,0,0,0,0,0,0,0,0,0,0,0,0,0,0,0,0,0,0,0,0,0,0,0,0,0,0,0,0,0,0,0,0,0,0,0,0,0,0,0,0,0,0,0,0,0,0,0,0,0,0,0,0,0,0,0,0,0,0,0,0,0,0,0,0,0,0,0,0,0,0,0,0,0,0,0,0,0,0,0,0,0,0,0,0,0,0,0,0,0,0,0,2,16526195287828,2,30740721421508,0,0,0,0,0,0,0,0,0,0,0,0,0,0,608,15,2,45318426579283,12,7292762319243,,0,0,458818046145888,0,0,0,0,0,0,0,0,0,0,0,0,000320965996015589,0,0,0,0,0,000115008458265566,0,0,270106124106194,0,0,0,45049,9157790394,42276,5841405073,0,
340-350C*,0,017173471021002,623,150024,260,742936013517,892,41488525541,0,167402135113334,347,302348047182,27,3233243390874,28,6524048697569,0,0,8,23490176656091,285,477889484228,0,298452514868523,0,51,4499729850477,410,190721987614,300,09897417193,44,858130025449,53,615221225449,70,586879970455,69,3863987844446,1,03809570389051,288,416518784517,0,0,2,08979569045753,1,96119634579848,277,765499709286,1,49438129753543,1,990554143029,26,6116956813222,35,3687868813222,11,2687911793267,0,177155112090628,2,64138111740471E-05,0,3,25624266988254E-05,0,129761962986314,0,259523925972628,20,5571418503041,11,9999008514391,8,24195667303113,6,42310675214423,12,0276901862781,0,0,0,0,0,0,0,0,0,0,0,0,0,0,0,0,0,0,0,0,0,0,0,0,0,0,0,0,0,0,0,0,0,0,0,0,0,0,0,0,0,0,0,0,0,0,0,0,0,0,0,0,0,0,0,0,0,0,0,0,0,0,0,0,0,0,0,0,0,0,0,0,0,0,0,0,0,0,0,0,0,0,0,0,0,0,0,0,0,0,0,0,0,0,0,0,1,96119634579848,2,08979569045753,0,0,0,0,0,0,0,0,0,0,0,0,0,0,618,15,2,81758224906764,12,6893376666016,,0,0,482215263479118,0,0,0,0,0,0,0,0,0,0,0,0,000443177652168712,0,0,0,0,0,000158799309417193,0,0,298452514868523,0,0,0,44965,3883685181,42210,4687040455,0,
350-360C*,0,0158716829342044,633,150024,270,789048175527,897,391325554283,0,186060426399474,348,805416025842,27,8512702225984,29,1360854701496,0,0,8,36248581819067,288,515375825655,0,326798905630851,0,51,7892036778002,413,434543330691,304,155963355658,44,0735317690882,52,8306229690882,70,2765456107016,69,1047840934755,1,13669184567253,342,385400670499,0,0,1,87218416669998,1,75913043637495,283,383821217757,1,49663082131674,1,86020022736592,26,1464697127289,34,9035609127289,10,6784172161383,0,187244696268472,2,39312200151972E-05,0,1,64630325732032E-05,0,142086480709066,0,284172961418131,18,9154600232442,15,4244163605021,10,2697488901168,7,84967450365203,12,4976722037176,0,0,0,0,0,0,0,0,0,0,0,0,0,0,0,0,0,0,0,0,0,0,0,0,0,0,0,0,0,0,0,0,0,0,0,0,0,0,0,0,0,0,0,0,0,0,0,0,0,0,0,0,0,0,0,0,0,0,0,0,0,0,0,0,0,0,0,0,0,0,0,0,0,0,0,0,0,0,0,0,0,0,0,0,0,0,0,0,0,0,0,0,0,0,0,0,1,75913043637495,1,87218416669998,0,0,0,0,0,0,0,0,0,0,0,0,0,0,628,15,3,25198424444561,12,6507663016646,,0,0,505782931075594,0,0,0,0,0,0,0,0,0,0,0,0,000721016252721148,0,0,0,0,0,000258354369744039,0,0,326798905630851,0,0,0,44880,463307782,42144,3607013948,0,
360-370C*,0,0145926297435331,643,150024,280,769317595294,902,34573161871,0,205371782085049,350,217253416684,28,354333445188,29,6058640273421,0,0,8,49173063448781,291,424073963004,0,35514529639318,0,52,1001036785237,416,489454925612,307,930353542655,43,2893992070871,52,0464904070871,69,9910939118696,68,8370468280966,1,23528798745454,396,35428255648,0,0,1,65457264294243,1,55708914456129,286,946801602521,1,49882400680379,1,73524520532905,25,6812437441357,34,4383349441357,10,083268885733,0,1977194727185,2,14486288563472E-05,0,8,17339486242815E-06,0,154410998431817,0,308821996863634,17,2531640383818,20,2781428412632,13,0437828231596,9,74161990298175,12,9723081569342,0,0,0,0,0,0,0,0,0,0,0,0,0,0,0,0,0,0,0,0,0,0,0,0,0,0,0,0,0,0,0,0,0,0,0,0,0,0,0,0,0,0,0,0,0,0,0,0,0,0,0,0,0,0,0,0,0,0,0,0,0,0,0,0,0,0,0,0,0,0,0,0,0,0,0,0,0,0,0,0,0,0,0,0,0,0,0,0,0,0,0,0,0,0,0,0,1,55708914456129,1,65457264294243,0,0,0,0,0,0,0,0,0,0,0,0,0,0,638,15,3,77259597183299,12,612908922054,,0,0,529521048935316,0,0,0,0,0,0,0,0,0,0,0,0,000998854853273583,0,0,0,0,0,000357909430070885,0,0,35514529639318,0,0,0,44796,0701807708,42078,6201843047,0,
370-380C*,0,013352060333882,653,150024,290,58603232969,907,246115151608,0,225336202170057,351,514925787345,28,8352551044206,30,0644707733756,0,0,8,62109381755106,294,208562390843,0,383491687155508,0,52,3960456970064,419,359309332442,311,419748011263,42,5064084132875,51,2634996132875,69,7277837763945,68,580703417553,1,33388412923655,450,323164442462,0,0,1,43696111918487,1,3548258090714,290,306865331056,1,50094109412755,1,61564396491305,25,2160177755424,33,9731089755424,9,47615283906566,0,208708268528905,1,89660376974972E-05,0,3,98175321496617E-06,0,166735516154569,0,333471032309137,15,5498501774035,27,3451811002272,16,9288671431289,12,2988696109996,13,4646903656691,0,0,0,0,0,0,0,0,0,0,0,0,0,0,0,0,0,0,0,0,0,0,0,0,0,0,0,0,0,0,0,0,0,0,0,0,0,0,0,0,0,0,0,0,0,0,0,0,0,0,0,0,0,0,0,0,0,0,0,0,0,0,0,0,0,0,0,0,0,0,0,0,0,0,0,0,0,0,0,0,0,0,0,0,0,0,0,0,0,0,0,0,0,0,0,0,1,3548258090714,1,43696111918487,0,0,0,0,0,0,0,0,0,0,0,0,0,0,648,15,4,39998663860913,12,5751123127106,,0,0,553429617058285,0,0,0,0,0,0,0,0,0,0,0,0,00127669345382602,0,0,0,0,0,00045746449039773,0,0,383491687155508,0,0,0,44713,1385714245,42013,5996194205,0,
380-390C*,0,0121623489375572,663,150024,300,141480435587,912,060487855893,0,245953686654499,352,675498705462,29,2967762978609,30,514529860684,0,0,8,74890660804607,296,873609976496,0,411838077917836,0,52,689786187853,422,048170118079,314,621750039826,41,725235461531,50,482326661531,69,4838741067118,68,3333516753224,1,43248027101856,479,2722705757,0,0,1,21934959542732,1,15211846399361,293,459876005183,1,49594292147625,1,50134522281533,24,7507918069492,33,5078830069492,8,84987572709133,0,220339910787881,1,64834465386473E-05,0,1,90189923734545E-06,0,17906003387732,0,35812006775464,13,7847449388142,37,9469658474849,22,5140085598662,15,8284353915764,13,962598970436,0,0,0,0,0,0,0,0,0,0,0,0,0,0,0,0,0,0,0,0,0,0,0,0,0,0,0,0,0,0,0,0,0,0,0,0,0,0,0,0,0,0,0,0,0,0,0,0,0,0,0,0,0,0,0,0,0,0,0,0,0,0,0,0,0,0,0,0,0,0,0,0,0,0,0,0,0,0,0,0,0,0,0,0,0,0,0,0,0,0,0,0,0,0,0,0,1,15211846399361,1,21934959542732,0,0,0,0,0,0,0,0,0,0,0,0,0,0,658,15,5,1604023830986,12,5367232585749,,0,0,5775086354445,0,0,0,0,0,0,0,0,0,0,0,0,00155453205437845,0,0,0,0,0,000557019550724576,0,0,411838077917836,0,0,0,44632,5980636827,41949,6431838832,0,
390-400C*,0,011110613296379,673,150024,307,169783055351,915,949748448023,0,236564327240607,353,404047137326,29,7416381230733,30,9585744513566,0,0,8,83624241871286,299,498247441956,0,440184468680165,0,53,2699304630204,424,56028302246,316,15824163758,40,9636147884729,49,7207059884729,69,256623805257,68,0926566925534,1,53107641280057,802,618702007685,0,0,1,00173807166977,0,948768856089998,295,352073666193,1,49850673779793,1,39229141142832,24,2855658383559,33,0426570383559,8,15040913863775,0,236163444552821,1,40008553797973E-05,0,8,89990331363295E-07,0,191384551600072,0,382769103200143,11,8037177392382,48,3565615145291,27,8303474358571,19,1594671869519,14,465251890737,0,0,0,0,0,0,0,0,0,0,0,0,0,0,0,0,0,0,0,0,0,0,0,0,0,0,0,0,0,0,0,0,0,0,0,0,0,0,0,0,0,0,0,0,0,0,0,0,0,0,0,0,0,0,0,0,0,0,0,0,0,0,0,0,0,0,0,0,0,0,0,0,0,0,0,0,0,0,0,0,0,0,0,0,0,0,0,0,0,0,0,0,0,0,0,0,0,948768856089998,1,00173807166977,0,0,0,0,0,0,0,0,0,0,0,0,0,0,668,15,5,8799359329056,12,4852270134036,,0,0,601758104093961,0,0,0,0,0,0,0,0,0,0,0,0,00183237065493089,0,0,0,0,0,000656574611051422,0,0,440184468680165,0,0,0,44556,7847178834,41895,5046277721,0,
400-410C*,0,0100982839496217,683,150024,314,025289814296,919,549132814309,0,221986291686587,353,978832448286,30,1725816776223,31,399059589894,0,0,8,91079270330859,302,027646482507,0,468530859442493,0,53,9153355728237,426,900048411183,317,438575104128,40,2081206601667,48,9652118601667,69,0432917744655,67,8563386643456,1,62967255458258,1142,67844729663,0,0,0,784126547912218,0,744601745760391,297,049490733973,1,50095722309582,1,28841858220791,23,8203398697626,32,5774310697626,7,42242373697705,0,252520230453551,1,15182642209473E-05,0,4,07653247615336E-07,0,203709069322823,0,407418138645646,9,73111233359904,61,1948060001215,34,1934906867123,23,0818492350883,14,9726491265721,0,0,0,0,0,0,0,0,0,0,0,0,0,0,0,0,0,0,0,0,0,0,0,0,0,0,0,0,0,0,0,0,0,0,0,0,0,0,0,0,0,0,0,0,0,0,0,0,0,0,0,0,0,0,0,0,0,0,0,0,0,0,0,0,0,0,0,0,0,0,0,0,0,0,0,0,0,0,0,0,0,0,0,0,0,0,0,0,0,0,0,0,0,0,0,0,0,744601745760391,0,784126547912218,0,0,0,0,0,0,0,0,0,0,0,0,0,0,678,15,6,69095591323718,12,4297766013399,,0,0,626178023006668,0,0,0,0,0,0,0,0,0,0,0,0,00211020925548333,0,0,0,0,0,000756129671378268,0,0,468530859442493,0,0,0,44485,0706201022,41844,8653429357,0,
410-420C*,0,00911723687018554,693,150024,321,240671401762,923,016629561206,0,207408256132568,354,469068466653,30,5923480590725,31,8383730686283,0,0,8,97947048102184,304,449527909601,0,496877250204822,0,54,5725123778219,429,07199510456,318,718908570676,39,4554139815732,48,2125051815732,68,8411369167728,67,622162471662,1,7282686963646,1326,16480845393,0,0,0,566515024154666,0,539464459709666,298,746907801754,1,50339184223716,1,18965632751904,23,3551139011694,32,1122051011694,6,67459352102426,0,268380352829736,9,03567306209735E-06,0,1,82602213192908E-07,0,216033587045575,0,432067174091149,7,59052983858464,78,3873359708744,42,4459098075484,28,0547091227083,15,4847906779413,0,0,0,0,0,0,0,0,0,0,0,0,0,0,0,0,0,0,0,0,0,0,0,0,0,0,0,0,0,0,0,0,0,0,0,0,0,0,0,0,0,0,0,0,0,0,0,0,0,0,0,0,0,0,0,0,0,0,0,0,0,0,0,0,0,0,0,0,0,0,0,0,0,0,0,0,0,0,0,0,0,0,0,0,0,0,0,0,0,0,0,0,0,0,0,0,0,539464459709666,0,566515024154666,0,0,0,0,0,0,0,0,0,0,0,0,0,0,688,15,7,6499635689908,12,3725101598175,,0,0,650768392182622,0,0,0,0,0,0,0,0,0,0,0,0,0022833727348336,0,0,0,0,0,000818177567526771,0,0,496877250204822,0,0,0,44417,9088512189,41796,2056605141,0,
420-430C*,0,00817277659282198,703,150024,329,03470107448,926,375172772003,0,192830220578548,354,893595516912,31,0036783649883,32,2788444518832,0,0,9,0431310927197,306,763864556909,0,52522364096715,0,55,2346759469993,431,080755649549,319,999242037223,38,7050100399939,47,4621012399939,68,6474181346146,67,3879288809059,1,82686483814661,1688,08283337801,0,0,0,348903500397115,0,333226667210955,300,444324869535,1,5058221556343,1,09592772316663,22,8898879325761,31,6469791325761,5,90691849077937,0,283347331007709,6,55308190324737E-06,0,7,99114963384254E-08,0,228358104768326,0,456716209536652,5,38104420376532,101,707486467411,53,2676268631245,34,4205684786489,16,0016765448446,0,0,0,0,0,0,0,0,0,0,0,0,0,0,0,0,0,0,0,0,0,0,0,0,0,0,0,0,0,0,0,0,0,0,0,0,0,0,0,0,0,0,0,0,0,0,0,0,0,0,0,0,0,0,0,0,0,0,0,0,0,0,0,0,0,0,0,0,0,0,0,0,0,0,0,0,0,0,0,0,0,0,0,0,0,0,0,0,0,0,0,0,0,0,0,0,0,333226667210955,0,348903500397115,0,0,0,0,0,0,0,0,0,0,0,0,0,0,698,15,8,79015196087423,12,3135815998853,,0,0,675529211621822,0,0,0,0,0,0,0,0,0,0,0,0,00335634625071671,0,0,0,0,0,00120264517890423,0,0,52522364096715,0,0,0,44356,0129759093,41749,3983970281,0,
430-440C*,0,00727038925421548,713,150024,337,626152089183,929,647696529986,0,178252185024528,355,271253923553,31,4093136929343,32,7227523891309,0,0,9,10268012807327,308,970591566201,0,553570031729478,0,55,8951231386532,432,931043079548,321,279575503771,37,9564241227306,46,7135153227306,68,4593943304261,67,1514672561581,1,92546097992862,2089,8111144511,0,0,0,131291976639563,0,125780354710971,302,141741937316,1,50826060687418,1,00714929391811,22,4246619639829,31,1817531639829,5,11939864624239,0,2970246843138,4,0704907443974E-06,0,3,41314212017786E-08,0,240682622491078,0,481365244982155,3,10170480455221,133,767230018179,67,6244928444334,42,6526176905264,16,5233067272819,0,0,0,0,0,0,0,0,0,0,0,0,0,0,0,0,0,0,0,0,0,0,0,0,0,0,0,0,0,0,0,0,0,0,0,0,0,0,0,0,0,0,0,0,0,0,0,0,0,0,0,0,0,0,0,0,0,0,0,0,0,0,0,0,0,0,0,0,0,0,0,0,0,0,0,0,0,0,0,0,0,0,0,0,0,0,0,0,0,0,0,0,0,0,0,0,0,125780354710971,0,131291976639563,0,0,0,0,0,0,0,0,0,0,0,0,0,0,708,15,10,1534670641725,12,2531448325922,,0,0,700460481324268,0,0,0,0,0,0,0,0,0,0,0,0,00462055598573847,0,0,0,0,0,00165563650619147,0,0,553570031729478,0,0,0,44300,096558849,41704,3192764776,0,
440-450C*,0,00640990312683617,723,150024,347,525224642415,932,857134918444,0,168747319767861,355,644814784304,31,844650924945,33,1708347207164,0,00116247887351174,0,9,1590631727543,311,06960768019,0,762642741512555,0,56,547222851763,434,62762918757,322,559908970319,37,2091715170849,45,9662627170849,68,1432222817196,66,8175229325661,2,66221124553196,2422,05588012334,0,0,0,0121267933353616,0,0116423467174718,306,389421374906,1,5107204696614,0,923231004410816,21,9594359953896,30,7165271953896,4,49308696867095,0,307051096752152,2,60895011516893E-06,0,1,4212435536791E-08,0,312648183175954,0,677533297600061,1,27974525144725,178,468262185449,86,9053053493568,53,4116345783065,16,9947101857062,0,0,0,0,0,0,0,0,0,0,0,0,0,0,0,0,0,0,0,0,0,0,0,0,0,0,0,0,0,0,0,0,0,0,0,0,0,0,0,0,0,0,0,0,0,0,0,0,0,0,0,0,0,0,0,0,0,0,0,0,0,0,0,0,0,0,0,0,0,0,0,0,0,0,0,0,0,0,0,0,0,0,0,0,0,0,0,0,0,0,0,0,0,0,0,0,0,0116423467174718,0,0121267933353616,0,0,0,0,0,0,0,0,0,0,0,0,0,0,718,15,11,7932410501703,12,191353768987,,0,0,864167680944312,0,0,0,0,0,0,0,0,0,0,0,0,00588476572076023,0,0,0,0,0,00210862783347871,0,0,762642741512555,0,0,0,44256,9690437788,41661,6601205179,0,
450-460C*,0,00494966467224201,733,150024,360,141684301263,936,026422020664,0,176155388203488,356,079268121268,32,3158362936164,33,6207004686003,0,00592680326817532,0,9,21325743588617,313,060776887163,1,53168113974955,0,57,1844112732718,436,175324321093,326,437058507734,36,4627675103585,45,2198587103585,67,6740746719191,66,3696045868078,5,37622976526433,2430,71119641774,0,0,0,0100890344645742,0,00969494459191274,307,931033826282,1,5132158116392,0,8440762779087,21,4942100267964,30,2513012267964,4,41739934837916,0,310264552896627,2,37035138327174E-06,0,5,76302027866878E-09,0,569406627727194,1,40513896845916,1,05901510244107,241,725161732329,113,132848391089,67,6307554494125,16,9384355655599,0,0,0,0,0,0,0,0,0,0,0,0,0,0,0,0,0,0,0,0,0,0,0,0,0,0,0,0,0,0,0,0,0,0,0,0,0,0,0,0,0,0,0,0,0,0,0,0,0,0,0,0,0,0,0,0,0,0,0,0,0,0,0,0,0,0,0,0,0,0,0,0,0,0,0,0,0,0,0,0,0,0,0,0,0,0,0,0,0,0,0,0,0,0,0,0,0,00969494459191274,0,0100890344645742,0,0,0,0,0,0,0,0,0,0,0,0,0,0,728,15,13,7777119970047,12,1283623201186,,0,1,45739703065386,0,0,0,0,0,0,0,0,0,0,0,0,00714897545578199,0,0,0,0,0,00256161916076595,0,1,53168113974955,0,0,0,44225,1799460674,41622,4426014174,0,
460-480C*,0,00845734466706745,753,150024,381,102708477202,940,755237319487,0,186081738812127,356,712613463583,33,0135534606561,34,2968323059603,0,0130732898601707,0,9,24366399026152,316,872409926731,2,68523873710504,0,58,09804328394,438,019598392475,327,751380676181,35,3436923142152,44,1007835142152,66,9787706268988,65,695780557649,9,44725754486288,2443,69417085933,0,0,0,00767591244508469,0,00738713639073864,309,988203720098,1,51705802828199,0,699638827753997,20,7963710739065,29,5534622739065,4,29526944083105,0,31508473711334,2,01245328542596E-06,0,8,70669017649523E-10,0,954544294554053,2,49654747474781,0,702592615939516,392,647544763876,172,417091463521,98,5190463180845,16,8540236353405,0,0,0,0,0,0,0,0,0,0,0,0,0,0,0,0,0,0,0,0,0,0,0,0,0,0,0,0,0,0,0,0,0,0,0,0,0,0,0,0,0,0,0,0,0,0,0,0,0,0,0,0,0,0,0,0,0,0,0,0,0,0,0,0,0,0,0,0,0,0,0,0,0,0,0,0,0,0,0,0,0,0,0,0,0,0,0,0,0,0,0,0,0,0,0,0,0,00738713639073864,0,00767591244508469,0,0,0,0,0,0,0,0,0,0,0,0,0,0,743,15,17,5998664514239,12,0319611048668,,0,2,34724105521818,0,0,0,0,0,0,0,0,0,0,0,0,00904529005831463,0,0,0,0,0,00324110615169681,0,2,68523873710504,0,0,0,44191,3955849458,41564,1742388353,0,
480-500C*,0,00703581386835831,773,150024,412,299415689567,947,13384632677,0,197897775978332,357,529739494626,33,9220115226799,35,1945074166076,0,0226019386494979,0,9,3502072166632,320,102769615485,4,22331553357903,0,59,204018971737,440,323947877575,329,154903203176,33,850038163724,42,607129363724,66,0730950367089,64,8007731803409,14,8752945843276,2461,00480344812,0,0,0,00489344061119095,0,00471940305149369,312,323344863368,1,5224502439046,0,572936211814186,19,86591913672,28,62301033672,4,11637907349407,0,323249455733481,1,53525582163159E-06,0,1,1643634649436E-10,1,46806118365653,3,95175881646601,0,179961034705971,796,438848957894,318,51672014176,170,116344323269,16,7414743950478,0,0,0,0,0,0,0,0,0,0,0,0,0,0,0,0,0,0,0,0,0,0,0,0,0,0,0,0,0,0,0,0,0,0,0,0,0,0,0,0,0,0,0,0,0,0,0,0,0,0,0,0,0,0,0,0,0,0,0,0,0,0,0,0,0,0,0,0,0,0,0,0,0,0,0,0,0,0,0,0,0,0,0,0,0,0,0,0,0,0,0,0,0,0,0,0,0,00471940305149369,0,00489344061119095,0,0,0,0,0,0,0,0,0,0,0,0,0,0,763,15,24,9661180482101,11,9006613058994,,0,3,53369975463728,0,0,0,0,0,0,0,0,0,0,0,0,0110726455804187,0,0,0,0,0,00396754769331745,0,4,22331553357903,0,0,0,44155,5530762781,41485,3924933536,0,
500-520C*,0,00658751007421179,793,150024,446,437171871526,954,854268325481,0,205966484214095,358,325250699273,34,7986499416914,36,0782954561296,0,032130587438825,0,9,51927099226485,322,793801806198,5,76139233005302,0,59,7842791468273,442,116291793548,330,9095095733,32,3280247460426,41,0851159460426,65,1987419190261,63,9191836764272,20,3033316237924,2872,86001997427,0,0,0,00260813928254549,0,00252086744320294,314,288462816747,1,52909565385917,0,462969824847525,18,9354671995335,27,6925583995335,3,91914528832148,0,340398875128873,1,05805835783721E-06,0,1,36162812895303E-11,1,98157807275901,5,4069701581842,-0,397032705266787,1786,37148888612,635,00039656926,315,010370608339,16,6289251547552,0,0,0,0,0,0,0,0,0,0,0,0,0,0,0,0,0,0,0,0,0,0,0,0,0,0,0,0,0,0,0,0,0,0,0,0,0,0,0,0,0,0,0,0,0,0,0,0,0,0,0,0,0,0,0,0,0,0,0,0,0,0,0,0,0,0,0,0,0,0,0,0,0,0,0,0,0,0,0,0,0,0,0,0,0,0,0,0,0,0,0,0,0,0,0,0,0,00252086744320294,0,00260813928254549,0,0,0,0,0,0,0,0,0,0,0,0,0,0,783,15,37,172309022108,11,7673303647587,,0,4,72015845405638,0,0,0,0,0,0,0,0,0,0,0,0,0190871890472576,0,0,0,0,0,00683931697500404,0,5,76139233005302,0,0,0,44059,8138694567,41387,8489648706,0,
520-540C*,0,00569453917565971,813,150024,482,674098004622,964,44201627522,0,21010317945687,359,109646550494,35,6359748659214,36,9371508426836,0,0416592362281522,0,9,78048904980058,324,906850779688,7,29946912652701,0,59,6993310788696,443,434260082625,333,54189579783,30,7665453253381,39,5236365253381,64,3625500297873,63,0614204178106,25,7313686632571,3921,64316237907,0,0,0,00147510429134285,0,00142873950577358,315,98826210886,1,53749391165304,0,368650173084783,18,0050152623469,26,7621064623469,3,70356808531328,0,37940124605509,5,8086089404284E-07,0,1,37320032233685E-12,2,49509496186149,6,8621814999024,-1,02861436354288,4608,78628264184,1397,83898492087,641,56058158529,16,5163759144626,0,0,0,0,0,0,0,0,0,0,0,0,0,0,0,0,0,0,0,0,0,0,0,0,0,0,0,0,0,0,0,0,0,0,0,0,0,0,0,0,0,0,0,0,0,0,0,0,0,0,0,0,0,0,0,0,0,0,0,0,0,0,0,0,0,0,0,0,0,0,0,0,0,0,0,0,0,0,0,0,0,0,0,0,0,0,0,0,0,0,0,0,0,0,0,0,0,00142873950577358,0,00147510429134285,0,0,0,0,0,0,0,0,0,0,0,0,0,0,803,15,59,7538223416473,11,6331995698357,,0,5,90661715347547,0,0,0,0,0,0,0,0,0,0,0,0,0280067111440394,0,0,0,0,0,0100353579810635,0,7,29946912652701,0,0,0,43867,5182093765,41260,7439485766,0,
540-560C*,0,00442419894356785,833,150024,520,168315070398,968,516814139158,0,214239874699646,359,893426521261,36,4264924436007,37,7603166290722,0,0511878850174793,0,9,82939149504959,327,195374516169,8,837545923001,0,61,2885680384904,444,314445340833,336,17428202236,29,3215823085496,38,0786735085496,63,5735075562818,62,2396833708137,31,1594057027218,4970,42630478387,0,0,1,17514575190091E-10,1,140385415857E-10,317,527447268328,1,54186804473695,0,288806715618069,17,0745633251604,25,8316545251604,3,46964746446947,0,418403616981306,2,77861946495555E-07,0,1,17550415132813E-13,3,00861185096397,8,3173928416206,-1,71503069609945,13398,7746473055,3384,98439795744,1424,90202018986,15,5778729262182,0,0,0,0,0,0,0,0,0,0,0,0,0,0,0,0,0,0,0,0,0,0,0,0,0,0,0,0,0,0,0,0,0,0,0,0,0,0,0,0,0,0,0,0,0,0,0,0,0,0,0,0,0,0,0,0,0,0,0,0,0,0,0,0,0,0,0,0,0,0,0,0,0,0,0,0,0,0,0,0,0,0,0,0,0,0,0,0,0,0,0,0,0,0,0,0,1,140385415857E-10,1,17514575190091E-10,0,0,0,0,0,0,0,0,0,0,0,0,0,0,823,15,101,74882362896,11,4995002095213,,0,7,09307585289457,0,0,0,0,0,0,0,0,0,0,0,0,0369262332408213,0,0,0,0,0,0132313989871229,0,8,837545923001,0,0,0,43675,2225492963,41198,0254968945,0,
560-580C*,0,00322686968649886,853,150024,558,077944050399,977,005092561137,0,218376569942421,360,687090084545,37,1627088229601,38,5353914100311,0,0607165338068065,0,9,96423234500396,328,685021615581,10,375622719475,0,61,4216625061478,444,792138347168,338,806668246889,27,7833402169695,36,5404314169695,62,8372911768829,61,4646085898162,36,5874427421866,6019,20944718867,0,0,1,57050795272619E-10,1,5264699382036E-10,319,010722823776,1,54999727726433,0,222200775091261,16,1441113879739,24,9012025879739,3,21738342579005,0,430783194618572,2,240552460982E-07,0,8,38721298380265E-15,3,52212874006645,9,77260418333879,-2,45654945532666,44563,8872705928,9123,47135970683,3489,12375073813,14,5178246011959,0,0,0,0,0,0,0,0,0,0,0,0,0,0,0,0,0,0,0,0,0,0,0,0,0,0,0,0,0,0,0,0,0,0,0,0,0,0,0,0,0,0,0,0,0,0,0,0,0,0,0,0,0,0,0,0,0,0,0,0,0,0,0,0,0,0,0,0,0,0,0,0,0,0,0,0,0,0,0,0,0,0,0,0,0,0,0,0,0,0,0,0,0,0,0,0,1,5264699382036E-10,1,57050795272619E-10,0,0,0,0,0,0,0,0,0,0,0,0,0,0,843,15,185,0715864888,11,3674635722065,,0,8,27953455231366,0,0,0,0,0,0,0,0,0,0,0,0,0455767294412664,0,0,0,0,0,0163310426989042,0,10,375622719475,0,0,0,43482,9268892162,41096,3482396975,0,
580-600C*,0,00259738031692616,873,150024,595,561105926167,986,479470002541,0,222513265185197,361,501136713317,37,8371301522304,39,2507702798942,0,0702451825961336,0,10,214639929979,329,732988903415,11,913699515949,0,61,2078668965179,444,901129982781,341,439054471419,26,2242568861507,34,9813480861507,62,162869847573,60,7492297199145,42,0154797816513,7067,99258959347,0,0,1,96587015355146E-10,1,9129519124508E-10,320,542793303825,1,55930548547882,0,167541627730274,15,2136594507874,23,9707506507874,2,94677596927501,0,473110803374018,1,70248545700844E-07,0,4,8841076376234E-16,3,53089299405632,11,227815525057,-3,25345939002769,172471,658959637,27728,5918277039,9534,75979271039,13,478368295302,0,0,0,0,0,0,0,0,0,0,0,0,0,0,0,0,0,0,0,0,0,0,0,0,0,0,0,0,0,0,0,0,0,0,0,0,0,0,0,0,0,0,0,0,0,0,0,0,0,0,0,0,0,0,0,0,0,0,0,0,0,0,0,0,0,0,0,0,0,0,0,0,0,0,0,0,0,0,0,0,0,0,0,0,0,0,0,0,0,0,0,0,0,0,0,0,1,9129519124508E-10,1,96587015355146E-10,0,0,0,0,0,0,0,0,0,0,0,0,0,0,863,15,362,95256158337,11,2383209462822,,0,9,46599325173276,0,0,0,0,0,0,0,0,0,0,0,0,0713269724468939,0,0,0,0,0,0255578635609405,0,11,913699515949,0,0,0,43290,631229136,40972,6578731973,0,
600-625C*,0,00276210447472257,898,150024,636,171663540202,998,545286078524,0,227167047333319,362,454376377907,38,5126590282114,39,9686961820169,0,0809649124841267,0,10,5399337262743,330,564296291445,13,6440359119822,0,60,5132622211398,444,642476882759,344,400488974015,24,4405481523087,33,1976393523087,61,4873409715475,60,0313038177484,48,1220214510491,8247,87362479887,0,0,2,4106526294799E-10,2,34725394636244E-10,322,45506718539,1,57151733275526,0,114000181889301,14,1669010214526,22,9239922214526,2,62041646406397,0,52447490923018,1,09716007753819E-07,0,1,01130060428898E-17,4,26102027335605,12,86492828449,-4,21657931706093,970403,013772078,113837,059590002,34260,9681244939,12,3335938490359,0,0,0,0,0,0,0,0,0,0,0,0,0,0,0,0,0,0,0,0,0,0,0,0,0,0,0,0,0,0,0,0,0,0,0,0,0,0,0,0,0,0,0,0,0,0,0,0,0,0,0,0,0,0,0,0,0,0,0,0,0,0,0,0,0,0,0,0,0,0,0,0,0,0,0,0,0,0,0,0,0,0,0,0,0,0,0,0,0,0,0,0,0,0,0,0,2,34725394636244E-10,2,4106526294799E-10,0,0,0,0,0,0,0,0,0,0,0,0,0,0,885,65,858,326941402787,11,0980278384458,,0,10,8007592885792,0,0,0,0,0,0,0,0,0,0,0,0,100769671148557,0,0,0,0,0,036107764257248,0,13,6440359119822,0,0,0,43074,2986115458,40818,3745473681,0,
625-650C*,0,00219153532216316,923,150024,677,953862528351,1014,00556396839,0,232337916386789,363,577555509868,39,1474183205712,40,6373262871935,0,0928757234707857,0,11,0598985098032,330,574966102496,15,5666319075747,0,59,1370655618068,443,902909838266,346,300017503655,22,4152420908557,31,1723332908557,60,8525816791384,59,3626737125238,54,9070677503801,9558,85255280486,0,0,2,90485538051149E-10,2,82758534485721E-10,324,988990942352,1,58778822671464,0,0744549568937233,13,0038360999694,21,7609272999695,2,23056628075753,0,584400176029112,4,24576322571243E-08,0,1,38605125770891E-19,5,14353191824293,14,6839424616377,-5,36997049090226,8849500,00386235,687024,32746245,174995,676840038,11,0921885204674,0,0,0,0,0,0,0,0,0,0,0,0,0,0,0,0,0,0,0,0,0,0,0,0,0,0,0,0,0,0,0,0,0,0,0,0,0,0,0,0,0,0,0,0,0,0,0,0,0,0,0,0,0,0,0,0,0,0,0,0,0,0,0,0,0,0,0,0,0,0,0,0,0,0,0,0,0,0,0,0,0,0,0,0,0,0,0,0,0,0,0,0,0,0,0,0,2,82758534485721E-10,2,90485538051149E-10,0,0,0,0,0,0,0,0,0,0,0,0,0,0,910,65,2588,56124013914,10,9504024087024,,0,12,2838326628531,0,0,0,0,0,0,0,0,0,0,0,0,126741068612699,0,0,0,0,0,0454138291315099,0,15,5666319075747,0,0,0,42951,5733597602,40626,7010470911,0,
650-675C*,0,00165919021701752,948,150024,720,392248953331,1027,96084644224,0,209558126860714,364,66975831016,39,8888581763449,41,4449838967418,0,104786534457445,0,11,5041773464479,330,293720915625,17,4892279031672,0,58,2004484267458,442,743732994451,350,981454535339,20,4217441631703,29,1788353631703,60,1111418233152,58,5550161029275,61,692114049711,10869,8314808109,0,0,3,39905813154308E-10,3,30713132913009E-10,327,450408128474,1,60359992408748,0,0463539579261727,11,8407711784863,20,5978623784863,1,8687883994676,0,637791953441274,0,0,1,17292580372822E-21,5,89714435216541,16,5029566387855,-6,44313635485464,114921900,697894,5463292,91154359,1151919,39349108,9,88295822178707,0,0,0,0,0,0,0,0,0,0,0,0,0,0,0,0,0,0,0,0,0,0,0,0,0,0,0,0,0,0,0,0,0,0,0,0,0,0,0,0,0,0,0,0,0,0,0,0,0,0,0,0,0,0,0,0,0,0,0,0,0,0,0,0,0,0,0,0,0,0,0,0,0,0,0,0,0,0,0,0,0,0,0,0,0,0,0,0,0,0,0,0,0,0,0,0,3,30713132913009E-10,3,39905813154308E-10,0,0,0,0,0,0,0,0,0,0,0,0,0,0,935,65,9351,18204810491,10,7938423914241,,0,13,766906037127,0,0,0,0,0,0,0,0,0,0,0,0,197280749741309,0,0,0,0,0,0706895906572014,0,17,4892279031672,0,0,0,42593,5594613454,40457,4930963323,0,
675-700C*,0,00117982378498754,973,150024,765,248651679295,1039,94553137942,0,169501033561272,365,707364666497,40,6719082730289,42,3171433015038,0,116697345444104,0,11,8274136628658,331,616591779571,19,4118238987597,0,57,7945908429933,441,215787687061,354,271937316001,18,4698948872896,27,2269860872896,59,3280917265817,57,6828566981177,68,4771603490419,12180,8104088169,0,0,3,89326088257468E-10,3,78489247765062E-10,329,616591779571,1,61825192253056,0,027275358383197,10,6777062570032,19,4347974570032,1,53660533615791,0,686544917099045,0,0,5,622719383272E-24,6,53904046354351,18,3219708159332,-7,43091056547559,2465568961,91355,70864443,2926987,11553699,5150359,8,70590295299501,0,0,0,0,0,0,0,0,0,0,0,0,0,0,0,0,0,0,0,0,0,0,0,0,0,0,0,0,0,0,0,0,0,0,0,0,0,0,0,0,0,0,0,0,0,0,0,0,0,0,0,0,0,0,0,0,0,0,0,0,0,0,0,0,0,0,0,0,0,0,0,0,0,0,0,0,0,0,0,0,0,0,0,0,0,0,0,0,0,0,0,0,0,0,0,0,3,78489247765062E-10,3,89326088257468E-10,0,0,0,0,0,0,0,0,0,0,0,0,0,0,960,65,42350,3615572908,10,633891007835,,0,15,2499794114009,0,0,0,0,0,0,0,0,0,0,0,0,280783845121787,0,0,0,0,0,100610399650454,0,19,4118238987597,0,0,0,42353,1898862451,40313,7058423088,0,
700-725C*,0,000866923091458209,998,150024,810,105054405259,1051,93021631659,0,12944394026183,366,744971022835,41,454958369713,43,2036101961614,0,128608156430763,0,12,1435514540318,333,782775430668,21,3344198943522,0,57,3639758156589,439,365611027999,357,562420096663,16,5180456114089,25,2751368114089,58,5450416298482,56,7963898034127,75,2622066483728,13491,7893368229,0,0,4,38746363360627E-10,4,25953427328301E-10,331,782775430668,1,63365437179267,0,0150068335183521,9,51464133552003,18,27173253552,1,20442227284822,0,735297880756816,0,0,1,37064635256234E-26,7,18093657492161,20,140984993081,-8,42097996431757,88270426613,7098,1410218006,99257,170314783,324499,7,56102271409118,0,0,0,0,0,0,0,0,0,0,0,0,0,0,0,0,0,0,0,0,0,0,0,0,0,0,0,0,0,0,0,0,0,0,0,0,0,0,0,0,0,0,0,0,0,0,0,0,0,0,0,0,0,0,0,0,0,0,0,0,0,0,0,0,0,0,0,0,0,0,0,0,0,0,0,0,0,0,0,0,0,0,0,0,0,0,0,0,0,0,0,0,0,0,0,0,4,25953427328301E-10,4,38746363360627E-10,0,0,0,0,0,0,0,0,0,0,0,0,0,0,985,65,246820,618426925,10,4739396242459,,0,16,7330527856747,0,0,0,0,0,0,0,0,0,0,0,0,347982187372645,0,0,0,0,0,124688893435501,0,21,3344198943522,0,0,0,42112,8203111449,40172,3997470578,0,
725-750C*,0,00214072726672726,1023,150024,854,961457131222,1063,91490125377,0,0893868469623875,367,782577379172,42,2380084663971,44,1045870186942,0,140518967417421,0,12,4504632092825,335,948959081764,23,2570158899446,0,56,9129049543845,437,235577770466,360,852902877325,14,5661963355282,23,3232875355282,57,7619915331147,55,8954129808327,82,0472529477037,14802,7682648289,0,0,4,88166638463787E-10,4,73019250760508E-10,333,948959081764,1,64983731694292,0,00761602547451487,8,35157641403689,17,1086676140369,0,872239209538529,0,784050844414587,0,0,1,48132469721263E-29,7,82283268629971,21,9599991702287,-9,41334455138059,5749593525635,65,46281439166,6071,3937733441,11964,6,4483175050756,0,0,0,0,0,0,0,0,0,0,0,0,0,0,0,0,0,0,0,0,0,0,0,0,0,0,0,0,0,0,0,0,0,0,0,0,0,0,0,0,0,0,0,0,0,0,0,0,0,0,0,0,0,0,0,0,0,0,0,0,0,0,0,0,0,0,0,0,0,0,0,0,0,0,0,0,0,0,0,0,0,0,0,0,0,0,0,0,0,0,0,0,0,0,0,0,4,73019250760508E-10,4,88166638463787E-10,0,0,0,0,0,0,0,0,0,0,0,0,0,0,1010,65,1931745,59326724,10,3139882406567,,0,18,2161261599486,0,0,0,0,0,0,0,0,0,0,0,0,48900485837114,0,0,0,0,0,175220102888734,0,23,2570158899446,0,0,0,41872,4507360447,40033,5644530135,0,
750-775C*,0,000220488407516311,1048,150024,899,817859857186,1075,89958619094,0,0493297536629452,368,82018373551,43,0210585630812,45,0202556008204,0,15242977840408,0,12,7459768520386,338,115142732861,25,1796118855371,0,56,4451187396195,434,864093543517,364,143385657987,12,6143470596475,21,3714382596475,56,9789414363812,54,97974439866,88,8322992470347,16113,7471928349,0,0,5,37586913566946E-10,5,19596797775843E-10,336,115142732861,1,6668339764532,0,00350315367652875,7,18851149255375,15,9456026925538,0,540056146228839,0,832803808072357,0,0,5,94693471596448E-33,8,4647287976778,23,7790133473764,-10,4080043266646,753921752217856,2725970525719,87,154080757474,871,5,36778732594824,0,0,0,0,0,0,0,0,0,0,0,0,0,0,0,0,0,0,0,0,0,0,0,0,0,0,0,0,0,0,0,0,0,0,0,0,0,0,0,0,0,0,0,0,0,0,0,0,0,0,0,0,0,0,0,0,0,0,0,0,0,0,0,0,0,0,0,0,0,0,0,0,0,0,0,0,0,0,0,0,0,0,0,0,0,0,0,0,0,0,0,0,0,0,0,0,5,19596797775843E-10,5,37586913566946E-10,0,0,0,0,0,0,0,0,0,0,0,0,0,0,1035,65,21341036,8439099,10,1540368570676,,0,19,6991995342225,0,0,0,0,0,0,0,0,0,0,0,0,670206178231294,0,0,0,0,0,240148116109766,0,25,1796118855371,0,0,0,41632,0811609445,39897,1838645936,0,
775-800C*,2,54168160427331E-06,1073,150024,944,67426258315,1087,88427112811,0,00927266036350297,369,857790091847,43,8041086597652,45,950775661865,0,164340589390739,0,13,0278938710781,340,281326383958,27,1022078811296,0,55,9638743036916,432,285821973532,367,433868438649,10,6624977837668,19,4195889837668,56,1958913396477,54,0492243375694,95,6173455463656,17424,7261208409,0,0,5,87007188670105E-10,5,65592430468775E-10,338,281326383958,1,68468097508409,0,00142714126773831,6,02544657107061,14,7825377710706,0,20787308291915,0,881556771730128,0,0,7,03082695798661E-37,9,1066249090559,25,5980275245242,-11,4049592901697,2,24043599155191E+17,318151987116578,11154470497826,6,4,31943217670912,0,0,0,0,0,0,0,0,0,0,0,0,0,0,0,0,0,0,0,0,0,0,0,0,0,0,0,0,0,0,0,0,0,0,0,0,0,0,0,0,0,0,0,0,0,0,0,0,0,0,0,0,0,0,0,0,0,0,0,0,0,0,0,0,0,0,0,0,0,0,0,0,0,0,0,0,0,0,0,0,0,0,0,0,0,0,0,0,0,0,0,0,0,0,0,0,5,65592430468775E-10,5,87007188670105E-10,0,0,0,0,0,0,0,0,0,0,0,0,0,0,1060,65,352797557,04226,9,99408547347847,,0,21,1822729084963,0,0,0,0,0,0,0,0,0,0,0,0,875747414505857,0,0,0,0,0,313797602308883,0,27,1022078811296,0,0,0,41391,7115858443,39763,237043789,0,
800-825C*,0,1098,150024,989,530665309113,1099,86895606529,0,370,895396448185,44,5871587564493,46,8962831537736,0,176251400377398,,13,2940093758738,342,447510035054,29,0248038767221,,,,370,724351219311,,,55,4128412429142,53,1037168456155,102,402391845697,18735,7050488469,,,6,36427463773265E-10,6,10908582040551E-10,340,447510035054,,,4,86238164958748,,1E-06,0,930309735387899,0,,,9,748521020434,27,4170417016719,,,,,3,30325205735824,0,0,0,0,0,0,0,0,0,0,0,0,0,0,0,0,0,0,0,0,0,0,0,0,0,0,0,0,0,0,0,0,0,0,0,0,0,0,0,0,0,0,0,0,0,0,0,0,0,0,0,0,0,0,0,0,0,0,0,0,0,0,0,0,0,0,0,0,0,0,0,0,0,0,0,0,0,0,0,0,0,0,0,0,0,0,0,0,0,0,0,0,0,0,0,0,,,,,0,0,0,0,0,0,0,0,0,0,0,0,1085,65,,9,83413408988935,130,961207593283,,22,6653462827702,,,,,,,,,,,,1,09863701709494,,,,,0,393663350940867,,29,0248038767221,,,,41151,3420107441,,,
825-850C*,0,1123,150024,1034,38706803508,1111,85364100246,0,371,933002804522,45,3702088531334,47,8568884569024,0,188162211364057,,13,5421338422519,344,613693686151,30,9473998723146,,,,374,014833999973,,,54,6297911461808,52,1431115424422,109,187438145027,20046,6839768528,,,6,85847738876424E-10,6,55443553039176E-10,342,613693686151,,,3,69931672810434,,1E-06,0,979062699045669,0,,,10,3904171318121,29,2360558788197,,,,,2,31924696789559,0,0,0,0,0,0,0,0,0,0,0,0,0,0,0,0,0,0,0,0,0,0,0,0,0,0,0,0,0,0,0,0,0,0,0,0,0,0,0,0,0,0,0,0,0,0,0,0,0,0,0,0,0,0,0,0,0,0,0,0,0,0,0,0,0,0,0,0,0,0,0,0,0,0,0,0,0,0,0,0,0,0,0,0,0,0,0,0,0,0,0,0,0,0,0,0,,,,,0,0,0,0,0,0,0,0,0,0,0,0,1110,65,,9,67418270630022,131,360604219878,,24,1484196570441,,,,,,,,,,,,1,33188343589866,,,,,0,477240151460501,,30,9473998723146,,,,40910,9724356439,,,
850-875C*,0,1148,150024,1079,24347076104,1123,83832593964,0,372,970609160859,46,1532589498175,48,8326744263745,0,200073022350716,,13,7701162681282,346,779877337247,32,8699958679071,,,,377,305316780635,,,53,8467410494473,51,1673255729264,115,972484444358,21357,6629048589,,,7,35268013979583E-10,6,99091315941001E-10,344,779877337247,,,2,5362518066212,,1E-06,1,02781566270344,0,,,11,0323132431902,31,0550700559674,,,,,1,36741690832117,0,0,0,0,0,0,0,0,0,0,0,0,0,0,0,0,0,0,0,0,0,0,0,0,0,0,0,0,0,0,0,0,0,0,0,0,0,0,0,0,0,0,0,0,0,0,0,0,0,0,0,0,0,0,0,0,0,0,0,0,0,0,0,0,0,0,0,0,0,0,0,0,0,0,0,0,0,0,0,0,0,0,0,0,0,0,0,0,0,0,0,0,0,0,0,0,,,,,0,0,0,0,0,0,0,0,0,0,0,0,1135,65,,9,5142313227111,131,492726280084,,25,6314930313179,,,,,,,,,,,,1,56849512081712,,,,,0,562022793322565,,32,8699958679071,,,,40670,6028605437,,,
875-900C*,0,1173,150024,1124,099873487,1135,82301087681,0,374,008215517197,46,9363090465016,49,8236942891074,0,211983833337375,,13,9758684143029,348,946060988344,34,7925918634996,,,,380,595799561297,,,53,0636909527138,50,1763057101509,122,757530743689,22668,6418328648,,,7,84688289082743E-10,7,41741329121327E-10,346,946060988344,,,1,37318688513806,,1E-06,1,07656862636121,0,,,11,6742093545683,32,8740842331152,,,,,0,447761878634997,0,0,0,0,0,0,0,0,0,0,0,0,0,0,0,0,0,0,0,0,0,0,0,0,0,0,0,0,0,0,0,0,0,0,0,0,0,0,0,0,0,0,0,0,0,0,0,0,0,0,0,0,0,0,0,0,0,0,0,0,0,0,0,0,0,0,0,0,0,0,0,0,0,0,0,0,0,0,0,0,0,0,0,0,0,0,0,0,0,0,0,0,0,0,0,0,,,,,0,0,0,0,0,0,0,0,0,0,0,0,1160,65,,9,35427993912197,131,347072796308,,27,1145664055918,,,,,,,,,,,,1,80148052175045,,,,,0,645506065981844,,34,7925918634996,,,,40430,2332854434,,,
900-925C*,0,1198,150024,1168,95627621297,1147,80769581398,0,375,045821873534,47,7193591431856,50,8299693921108,0,223894644324034,,14,1573897638325,351,112244639441,36,715187859092,,,,383,886282341959,,,52,2806408559803,49,1700306071059,129,54257704302,23979,6207608708,,,8,34108564185902E-10,7,83278361483891E-10,349,112244639441,,,0,210121963654917,,1E-06,1,12532159001898,0,,,12,3161054659464,34,6930984102629,,,,,0,0,0,0,0,0,0,0,0,0,0,0,0,0,0,0,0,0,0,0,0,0,0,0,0,0,0,0,0,0,0,0,0,0,0,0,0,0,0,0,0,0,0,0,0,0,0,0,0,0,0,0,0,0,0,0,0,0,0,0,0,0,0,0,0,0,0,0,0,0,0,0,0,0,0,0,0,0,0,0,0,0,0,0,0,0,0,0,0,0,0,0,0,0,0,0,0,,,,,0,0,0,0,0,0,0,0,0,0,0,0,1185,65,,9,19432855553285,130,915215298035,,28,5976397798657,,,,,,,,,,,,2,02384808859874,,,,,0,725184758893118,,36,715187859092,,,,40189,8637103432,,,
925-950C*,0,1223,150024,1213,81267893893,1159,79238075116,0,376,083428229872,48,5024092398697,51,8514868033297,0,235805455310693,,14,3127927969354,353,278428290537,38,6377838546845,,,,387,176765122621,,,51,4975907592468,48,1485131958467,136,327623342351,25290,5996888768,,,8,83528839289062E-10,8,23582329245549E-10,351,278428290537,,,-0,95294295782822,,1E-06,1,17407455367675,0,,,12,9580015773245,36,5121125874107,,,,,0,0,0,0,0,0,0,0,0,0,0,0,0,0,0,0,0,0,0,0,0,0,0,0,0,0,0,0,0,0,0,0,0,0,0,0,0,0,0,0,0,0,0,0,0,0,0,0,0,0,0,0,0,0,0,0,0,0,0,0,0,0,0,0,0,0,0,0,0,0,0,0,0,0,0,0,0,0,0,0,0,0,0,0,0,0,0,0,0,0,0,0,0,0,0,0,0,,,,,0,0,0,0,0,0,0,0,0,0,0,0,1210,65,,9,03437717194372,130,190961493582,,30,0807131541396,,,,,,,,,,,,2,22860627126212,,,,,0,798553661511171,,38,6377838546845,,,,39949,494135243,,,
950-975C*,0,1248,150024,1258,6690816649,1171,77706568833,0,377,121034586209,49,2854593365538,52,8881967671674,0,247716266297352,,14,440328148239,355,444611941634,40,560379850277,,,,390,467247903283,,,50,7145406625133,47,1118032319701,143,112669641682,26601,5786168828,,,9,32949114392221E-10,8,62528146602942E-10,353,444611941634,,,-2,11600787931136,,1E-06,1,22282751733452,0,,,13,5998976887026,38,3311267645584,,,,,0,0,0,0,0,0,0,0,0,0,0,0,0,0,0,0,0,0,0,0,0,0,0,0,0,0,0,0,0,0,0,0,0,0,0,0,0,0,0,0,0,0,0,0,0,0,0,0,0,0,0,0,0,0,0,0,0,0,0,0,0,0,0,0,0,0,0,0,0,0,0,0,0,0,0,0,0,0,0,0,0,0,0,0,0,0,0,0,0,0,0,0,0,0,0,0,0,,,,,0,0,0,0,0,0,0,0,0,0,0,0,1235,65,,8,87442578835459,129,170494989754,,31,5637865284134,,,,,,,,,,,,2,40876351964069,,,,,0,863107563290785,,40,560379850277,,,,39709,1245601428,,,
975-1000C*,0,1273,150024,1303,52548439086,1183,76175062551,0,378,158640942547,50,0685094332379,53,9400100178928,0,259627077284011,,14,5384091908734,357,610795592731,42,4829758458695,,,,393,757730683945,,,49,9314905657798,46,0599899812072,149,897715941013,27912,5575448888,,,9,8236938949538E-10,8,99985592242367E-10,355,610795592731,,,-3,2790728007945,,1E-06,1,27158048099229,0,,,25,3747020991018,40,1501409417062,,,,,0,0,0,0,0,0,0,0,0,0,0,0,0,0,0,0,0,0,0,0,0,0,0,0,0,0,0,0,0,0,0,0,0,0,0,0,0,0,0,0,0,0,0,0,0,0,0,0,0,0,0,0,0,0,0,0,0,0,0,0,0,0,0,0,0,0,0,0,0,0,0,0,0,0,0,0,0,0,0,0,0,0,0,0,0,0,0,0,0,0,0,0,0,0,0,0,0,,,,,0,0,0,0,0,0,0,0,0,0,0,0,1260,65,,8,71447440476547,127,852487178069,,33,0468599026873,,,,,,,,,,,,2,55732828363457,,,,,0,916341253686741,,42,4829758458695,,,,39468,7549850426,,,
1000-1050C*,0,1323,150024,1370,8100884798,1201,73877803127,0,379,715050477053,51,243084578264,55,5457483810483,0,277493293763999,,14,6111012368277,360,860071069376,45,3668698392582,,,,398,693454854938,,,48,7569154206795,44,4542516179986,160,075285390009,29879,0259368978,,,1,05649980215012E-09,9,53083258492479E-10,358,860071069376,,,-5,02367018301921,,1E-06,1,34470992647895,0,,,28,4143139817857,42,8786622074278,,,,,0,0,0,0,0,0,0,0,0,0,0,0,0,0,0,0,0,0,0,0,0,0,0,0,0,0,0,0,0,0,0,0,0,0,0,0,0,0,0,0,0,0,0,0,0,0,0,0,0,0,0,0,0,0,0,0,0,0,0,0,0,0,0,0,0,0,0,0,0,0,0,0,0,0,0,0,0,0,0,0,0,0,0,0,0,0,0,0,0,0,0,0,0,0,0,0,0,,,,,0,0,0,0,0,0,0,0,0,0,0,0,1298,15,,8,47454732938178,124,079086686575,,35,2714699640981,,,,,,,,,,,,2,70564550556058,,,,,0,969486244868654,,45,3668698392582,,,,39108,2006223923,,,
1050-1100C*,0,1373,150024,1460,52289393173,1225,70814790562,0,381,790263189728,52,8091847716321,57,7379777665479,0,301314915737317,,14,6841567430119,365,192438371569,49,2120618304432,,,,405,274420416263,,,47,1908152272125,42,2620222324348,173,645377988671,32500,9837929098,,,1,15534035235644E-09,1,01736141658183E-09,363,192438371569,,,-7,34980002598549,,1E-06,1,44221585379449,0,,,32,7296633971123,46,5166905617233,,,,,0,0,0,0,0,0,0,0,0,0,0,0,0,0,0,0,0,0,0,0,0,0,0,0,0,0,0,0,0,0,0,0,0,0,0,0,0,0,0,0,0,0,0,0,0,0,0,0,0,0,0,0,0,0,0,0,0,0,0,0,0,0,0,0,0,0,0,0,0,0,0,0,0,0,0,0,0,0,0,0,0,0,0,0,0,0,0,0,0,0,0,0,0,0,0,0,0,,,,,0,0,0,0,0,0,0,0,0,0,0,0,1348,15,,8,15464456220353,120,264755877986,,38,2376167126459,,,,,,,,,,,,3,08790880859797,,,,,1,1064587393995,,49,2120618304432,,,,38627,4614721918,,,
1100-1150C*,0,1423,150024,1550,23569938366,1249,67751777996,0,383,865475902402,54,3752849650003,59,9866863544446,0,325136537710635,,14,7575775267269,369,524805673762,53,0572538216282,,,,411,855385977587,,,45,6247150337455,40,0133136444824,187,215470587333,35122,9416489218,,,1,25418090256276E-09,1,07307208874516E-09,367,524805673762,,,-9,67592986895176,,1E-06,1,53972178111003,0,,,37,345051180151,50,1547189160188,,,,,0,0,0,0,0,0,0,0,0,0,0,0,0,0,0,0,0,0,0,0,0,0,0,0,0,0,0,0,0,0,0,0,0,0,0,0,0,0,0,0,0,0,0,0,0,0,0,0,0,0,0,0,0,0,0,0,0,0,0,0,0,0,0,0,0,0,0,0,0,0,0,0,0,0,0,0,0,0,0,0,0,0,0,0,0,0,0,0,0,0,0,0,0,0,0,0,0,,,,,0,0,0,0,0,0,0,0,0,0,0,0,1398,15,,7,83474179502528,116,409179784145,,41,2037634611936,,,,,,,,,,,,3,47017211163535,,,,,1,24343123393035,,53,0572538216282,,,,38146,7223219914,,,
1150+C*,0,1623,150024,1774,51771301348,1309,60094246584,0,389,05350768409,58,2905354484207,65,8324883164831,0,38469059264393,,14,8313654143605,380,355723929245,62,6702337995906,,,,428,307799880897,,,41,7094645500781,34,1675116823508,221,140702083988,41677,8362889518,,,1,50128227807855E-09,1,16611865891476E-09,378,355723929245,,,-15,4912544763675,,1E-06,1,78348659939889,0,,,50,1961884964882,59,2497898017575,,,,,0,0,0,0,0,0,0,0,0,0,0,0,0,0,0,0,0,0,0,0,0,0,0,0,0,0,0,0,0,0,0,0,0,0,0,0,0,0,0,0,0,0,0,0,0,0,0,0,0,0,0,0,0,0,0,0,0,0,0,0,0,0,0,0,0,0,0,0,0,0,0,0,0,0,0,0,0,0,0,0,0,0,0,0,0,0,0,0,0,0,0,0,0,0,0,0,0,,,,,0,0,0,0,0,0,0,0,0,0,0,0,1523,15,,7,03498487707965,99,0744881926757,,48,6191303325629,,,,,,,,,,,,4,42583036922883,,,,,1,58586247025746,,62,6702337995906,,,,36944,8744464903,,,
