Name,Brae-1983
Created,26/03/2026 11:28:40
Cpt,Composition,Boiling Temperature,Molecular Weight,Standard Liquid Density,Acidity,Aniline Point,Assay - Aromatics Vol Pct,Assay - Aromatics Wt Pct,Asphaltene Content,Basic Nitrogen Content,C to H Ratio,Cloud Point,Conradson Carbon Content,Copper Content,Cetane Number,Flash Point,Freeze Point,MON (Clear),MON (Leaded),Assay - Naphthenes Vol Pct,Assay - Naphthenes Wt Pct,Nickel Content,Nitrogen Content,Assay - Olefins Vol Pct,Assay - Olefins Wt Pct,Assay - Paraffins Vol Pct,Assay - Paraffins Wt Pct,Pour Point,Refractive Index,Reid Vapour Pressure,RON (Clear),RON (Leaded),Smoke Point,Sulfur Content,Mercaptan Sulfur Content,Sodium Content,True Vapour Pressure,Vanadium Content,Iron Content,Luminometer Number,Viscosity @ 38C,Viscosity @ 50C,Viscosity @ 60C,Wax Content,Pi C6 22DMB Wt Pct,Pi C6 22DMB Vol Pct,Pi C6 23DMB Wt Pct,Pi C6 23DMB Vol Pct,Pi C6 2MP Wt Pct,Pi C6 2MP Vol Pct,Pi C6 3MP Wt Pct,Pi C6 3MP Vol Pct,Pi C7 22-mPentane Wt Pct,Pi C7 22-mPentane Vol Pct,Pi C7 24-mPentane Wt Pct,Pi C7 24-mPentane Vol Pct,Pi C7 223-mButane Wt Pct,Pi C7 223-mButane Vol Pct,Pi C7 33-mPentane Wt Pct,Pi C7 33-mPentane Vol Pct,Pi C7 23-mPentane Wt Pct,Pi C7 23-mPentane Vol Pct,Pi C7 2-mHexane Wt Pct,Pi C7 2-mHexane Vol Pct,Pi C7 3-mHexane Wt Pct,Pi C7 3-mHexane Vol Pct,Pi C7 3-ePentane Wt Pct,Pi C7 3-ePentane Vol Pct,Pi C6 Wt Pct,Pi C6 Vol Pct,Pi C7 Wt Pct,Pi C7 Vol Pct,Pi C8 Wt Pct,Pi C8 Vol Pct,Pi C9 Wt Pct,Pi C9 Vol Pct,Pi C10  Wt Pct,Pi C10  Vol Pct,Pi C11  Wt Pct,Pi C11  Vol Pct,Pn C6 Hexane Wt Pct,Pn C6 Hexane Vol Pct,Pn C7 Heptane Wt Pct,Pn C7 Heptane Vol Pct,Pn C8 Octane Wt Pct,Pn C8 Octane Vol Pct,Pn C9 Nonane Wt Pct,Pn C9 Nonane Vol Pct,Pn C10 Decane Wt Pct,Pn C10 Decane Vol Pct,Pn C11 n-C11 Wt Pct,Pn C11 n-C11 Vol Pct,On C6 Wt Pct,On C6 Vol Pct,On C7 Wt Pct,On C7 Vol Pct,On C8 Wt Pct,On C8 Vol Pct,On C9 Wt Pct,On C9 Vol Pct,On C10 Wt Pct,On C10 Vol Pct,On C11 Wt Pct,On C11 Vol Pct,A C6 Benzene Wt Pct,A C6 Benzene Vol Pct,A C7 Toluene Wt Pct,A C7 Toluene Vol Pct,A C8 m-Xylene Wt Pct,A C8 m-Xylene Vol Pct,A C8 o-Xylene Wt Pct,A C8 o-Xylene Vol Pct,A C8 p-Xylene Wt Pct,A C8 p-Xylene Vol Pct,A C8 EthBenz Wt Pct,A C8 EthBenz Vol Pct,N C6 cyc-C5 Wt Pct,N C6 cyc-C5 Vol Pct,N C6 cyc-C6 Wt Pct,N C6 cyc-C6 Vol Pct,A C8 Wt Pct,A C8 Vol Pct,A C9 Wt Pct,A C9 Vol Pct,A C10 Wt Pct,A C10 Vol Pct,A C11 Wt Pct,A C11 Vol Pct,N C6 Wt Pct,N C6 Vol Pct,N C7 Wt Pct,N C7 Vol Pct,N C8 Wt Pct,N C8 Vol Pct,N C9 Wt Pct,N C9 Vol Pct,N C10 Wt Pct,N C10 Vol Pct,N C11 Wt Pct,N C11 Vol Pct,Pi Wt Pct,Pi Vol Pct,Pn Wt Pct,Pn Vol Pct,Oi C6 Wt Pct,Oi C6 Vol Pct,Oi C7 Wt Pct,Oi C7 Vol Pct,Oi C8 Wt Pct,Oi C8 Vol Pct,Oi C9 Wt Pct,Oi C9 Vol Pct,Oi C10 Wt Pct,Oi C10 Vol Pct,Oi C11 Wt Pct,Oi C11 Vol Pct,Centroid Boiling Temperature,Viscosity @ 100C,Hydrogen,CarbonByWt,PValue,RamsCarbonResidueByWt,SulfideByWt,ZincByWt,TinByWt,ChromiumByWt,LeadByWt,AluminiumByWt,MagnesiumByWt,MetalByWt,ArsenicByWt,CadmiumByWt,MercuryByWt,NaClByWt,SaltByWt,MudByWt,ChloridesByWt,MolybdenumByWt,AshByWt,GumByWt,MicroCarbonResidueByWt,nC5InsolublesByWt,NaphthenicAcidByWt,NaphthenicAcidByVol,Gross Heating Value,Net Heating Value,Oxygen Content,
Hydrogen,0,20,5548,2,016000032,69,85910034,0,,0,0,0,0,0,13,9,0,0,,,13,9,10,,0,0,0,0,0,0,0,0,13,9,,,130,,,0,0,0,,0,0,,,,,0,,,,,,,,,,,,,,,,,,,,,,,,,,,,,,,,,,,,,,,,,,,,,,,,,,,,,,,,,,,,,,,,,,,,,,,,,,,,,,,,,,,,,,,,,,,,,,,,,0,0,0,0,,,,,,,,,,,,,,,100,0,,,,,,,,,,,,,,,,,,,,,0,,,,,,,
Nitrogen,0,77,3498,28,0135,806,3740234,0,,0,0,0,0,0,63,1,0,0,,,63,1,,,0,0,0,0,0,0,0,0,63,1,,,,,,0,0,0,,0,0,,,,,0,,,,,,,,,,,,,,,,,,,,,,,,,,,,,,,,,,,,,,,,,,,,,,,,,,,,,,,,,,,,,,,,,,,,,,,,,,,,,,,,,,,,,,,,,,,,,,,,,0,0,0,0,,,,,,,,,,,,,,,0,0,,,,,,,,,,,,,,,,,,,,,0,,,,,,,
CO,0,81,6996,28,0109005,799,3880005,0,,0,0,0,0,0,68,2,0,0,,,68,2,,,0,0,0,0,0,0,0,0,68,2,,,120,,,0,0,0,,0,0,,,,,0,,,,,,,,,,,,,,,,,,,,,,,,,,,,,,,,,,,,,,,,,,,,,,,,,,,,,,,,,,,,,,,,,,,,,,,,,,,,,,,,,,,,,,,,,,,,,,,,,0,0,0,0,,,,,,,,,,,,,,,0,0,,,,,,,,,,,,,,,,,,,,,0,,,,,,,
Oxygen,0,90,1996,32,1137,680054,0,,0,0,0,0,0,54,4,0,0,,,54,4,,,0,0,0,0,0,0,0,0,54,4,,,120,,,0,0,0,,0,0,,,,,0,,,,,,,,,,,,,,,,,,,,,,,,,,,,,,,,,,,,,,,,,,,,,,,,,,,,,,,,,,,,,,,,,,,,,,,,,,,,,,,,,,,,,,,,,,,,,,,,,0,0,0,0,,,,,,,,,,,,,,,0,0,,,,,,,,,,,,,,,,,,,,,0,,,,,,,
Methane,0,111,625,16,04290009,299,3940125,0,,0,0,0,0,3,90,4,0,0,,85,15,90,4,,,0,0,0,0,0,0,100,100,90,4,,,120,,,0,0,0,,0,0,,,,,0,,,,,,,,,,,,,,,,,,,,,,,,,,,,,,,,,,,,,,,,,,,,,,,,,,,,,,,,,,,,,,,,,,,,,,,,,,,,,,,,,,,,,,,,,,,,,,,,,0,0,100,100,,,,,,,,,,,,,,,25,13516209,75,,,,,,,,,,,,,,,,,,,,,0,,,,,,,
Ethylene,0,169,399,28,05380058,383,2260132,0,,0,0,0,0,6,104,0,0,,137,15,104,75,6,,0,0,0,0,100,100,0,0,104,,,100,51,,,0,0,0,,0,0,,,,,0,,,,,,,,,,,,,,,,,,,,,,,,,,,,,,,,,,,,,,,,,,,,,,,,,,,,,,,,,,,,,,,,,,,,,,,,,,,,,,,,,,,,,,,,,,,,,,,,,0,0,0,0,,,,,,,,,,,,,,,14,34761566,85,71428571,,,,,,,,,,,,,,,,,,,,,0,,,,,,,
Ethane,0,000391495523113595,184,55,30,06990051,355,6830139,0,,0,0,0,0,4,90,4,0,0,,138,15,90,4,100,79,,0,0,0,0,0,0,100,100,90,4,,,111,38,,,0,0,0,,0,0,,,,,0,,,,,,,,,,,,,,,,,,,,,,,,,,,,,,,,,,,,,,,,,,,,,,,,,,,,,,,,,,,,,,,,,,,,,,,,,,,,,,,,,,,,,,,,,,,,,,,,,0,0,100,100,,,,,,,,,,,,,,,20,11147323,80,,,,,,,,,,,,,,,,,,,,,0,,,,,,,
CO2,0,194,598,44,00970078,825,335022,0,,0,0,0,0,0,217,0,0,,,217,,,0,0,0,0,0,0,0,0,217,,,,,,0,0,0,,0,0,,,,,0,,,,,,,,,,,,,,,,,,,,,,,,,,,,,,,,,,,,,,,,,,,,,,,,,,,,,,,,,,,,,,,,,,,,,,,,,,,,,,,,,,,,,,,,,,,,,,,,,0,0,0,0,,,,,,,,,,,,,,,0,0,,,,,,,,,,,,,,,,,,,,,0,,,,,,,
H2S,0,213,498,34,07600021,788,40802,0,,0,0,0,0,0,188,0,0,,,188,,,0,0,0,0,0,0,0,0,188,,2759,,,,94,1177,0,0,,0,0,,,,,0,,,,,,,,,,,,,,,,,,,,,,,,,,,,,,,,,,,,,,,,,,,,,,,,,,,,,,,,,,,,,,,,,,,,,,,,,,,,,,,,,,,,,,,,,,,,,,,,,0,0,0,0,,,,,,,,,,,,,,,5,911554252,0,,,,,,,,,,,,,,,,,,,,,0,,,,,,,
Propene,0,225,399,42,08060074,520,9550171,0,,0,0,0,0,6,87,9,0,0,,165,87,9,84,9,,0,0,0,0,100,100,0,0,87,9,,1565,102,54,,,0,0,0,,0,0,,,,,0,,,,,,,,,,,,,,,,,,,,,,,,,,,,,,,,,,,,,,,,,,,,,,,,,,,,,,,,,,,,,,,,,,,,,,,,,,,,,,,,,,,,,,,,,,,,,,,,,0,0,0,0,,,,,,,,,,,,,,,14,36465558,85,71428571,,,,,,,,,,,,,,,,,,,,,0,,,,,,,
Propane,0,00549298284368929,231,048,44,09700012,506,678009,0,,0,0,0,0,4,5,85,5,0,0,,169,15,85,5,97,1,,0,0,0,0,0,0,100,100,85,5,,1303,112,14,,,0,0,0,,0,0,,,,,0,,,,,,,,,,,,,,,,,,,,,,,,,,,,,,,,,,,,,,,,,,,,,,,,,,,,,,,,,,,,,,,,,,,,,,,,,,,,,,,,,,,,,,,,,,,,,,,,,0,0,100,100,,,,,,,,,,,,,,,18,28426304,81,81818182,,,,,,,,,,,,,,,,,,,,,0,,,,,,,
i-Butane,0,0211706988716629,261,42,58,12400055,561,9660034,0,380,85,0,0,0,0,4,8,114,0,0,,190,15,114,97,6,,0,0,0,0,0,0,100,100,114,,489,6,101,426,,,0,0,0,,0,0,,,,,0,,,,,,,,,,,,,,,,,,,,,,,,,,,,,,,,,,,,,,,,,,,,,,,,,,,,,,,,,,,,,,,,,,,,,,,,,,,,,,,,,,,,,,,,,,,,,,,,,100,100,0,0,,,,,,,,,,,,,,,17,34802065,82,75862069,,,,,,,,,,,,,,,,,,,,,0,,,,,,,
i-Butene,0,266,299,56,10770035,592,7930298,0,286,7055556,0,0,0,0,6,133,0,0,,193,15,133,88,1,,0,0,0,0,100,100,0,0,133,,442,7,105,2096138,,,0,0,0,,0,0,,,,,0,,,,,,,,,,,,,,,,,,,,,,,,,,,,,,,,,,,,,,,,,,,,,,,,,,,,,,,,,,,,,,,,,,,,,,,,,,,,,,,,,,,,,,,,,,,,,,,,,0,0,0,0,,,,,,,,,,,,,,,14,37319073,85,71428571,,,,,,,,,,,,,,,,,,,,,0,,,,,,,
1-Butene,0,266,898,56,10770035,593,7890015,0,,0,0,0,0,6,87,8,0,0,,193,15,87,8,80,8,,0,0,0,0,100,100,0,0,87,8,,432,97,4,,,0,0,0,,0,0,,0,236064836133691,0,219972008704656,0,208210021632581,0,,,,,,,,,,,,,,,,,,,,,,,,,,,,,,,,,,,,,,,,,,,,,,,,,,,,,,,,,,,,,,,,,,,,,,,,,,,,,,,,,,,,,,,,,,,,,,,,,0,0,0,0,,,,,,,,,,,,,,,14,37319073,85,71428571,,,,,,,,,,,,,,,,,,,,,0,,,,,,,
13-Butadiene,0,268,7,54,1,619,7440186,0,,0,0,0,0,8,164,0,0,,197,15,164,73,94513286,,0,0,0,0,100,100,0,0,164,,409,6,102,9723045,,,0,0,0,,0,0,,,,,0,,,,,,,,,,,,,,,,,,,,,,,,,,,,,,,,,,,,,,,,,,,,,,,,,,,,,,,,,,,,,,,,,,,,,,,,,,,,,,,,,,,,,,,,,,,,,,,,,0,0,0,0,,,,,,,,,,,,,,,11,17841035,88,88888889,,,,,,,,,,,,,,,,,,,,,0,,,,,,,
n-Butane,0,0187380293426591,272,648,58,12400055,583,2230225,0,356,35,0,0,0,0,4,8,135,0,0,,213,15,135,89,6,,0,0,0,0,0,0,100,100,135,,358,5,93,8,,,0,0,0,,0,0,,0,241514675581771,0,217701202498228,,0,,,,,,,,,,,,,,,,,,,,,,,,,,,,,,,,,,,,,,,,,,,,,,,,,,,,,,,,,,,,,,,,,,,,,,,,,,,,,,,,,,,,,,,,,,,,,,,,,0,0,100,100,,,,,,,,,,,,,,,17,34802065,82,75862069,,,,,,,,,,,,,,,,,,,,,0,,,,,,,
tr2-Butene,0,274,027,56,1,608,684021,0,,0,0,0,0,6,168,0,0,,201,168,83,84306902,,0,0,0,0,100,100,0,0,168,,343,9,105,0089318,,,0,0,0,,0,0,,,,,0,,,,,,,,,,,,,,,,,,,,,,,,,,,,,,,,,,,,,,,,,,,,,,,,,,,,,,,,,,,,,,,,,,,,,,,,,,,,,,,,,,,,,,,,,,,,,,,,,0,0,0,0,,,,,,,,,,,,,,,14,37319073,85,71428571,,,,,,,,,,,,,,,,,,,,,0,,,,,,,
i-Pentane,0,0196762440722836,301,028,72,15100098,623,4420166,0,343,95,0,0,0,0,5,113,0,0,,217,113,90,3,,0,0,0,0,0,0,100,100,113,,133,8,92,3,,,0,0,0,,0,0,,,,,0,,,,,,,,,,,,,,,,,,,,,,,,,,,,,,,,,,,,,,,,,,,,,,,,,,,,,,,,,,,,,,,,,,,,,,,,,,,,,,,,,,,,,,,,,,,,,,,,,100,100,0,0,,,,,,,,,,,,,,,16,75213296,83,33333333,,,,,,,,,,,,,,,,,,,,,0,,,,,,,
1-Pentene,0,303,096,70,13500214,638,7230225,0,292,25,0,0,0,0,6,108,0,0,,245,108,77,1,,0,0,0,0,100,100,0,0,108,,131,8,90,9,,,0,0,0,,0,0,,,,,0,,,,,,,,,,,,,,,,,,,,,,,,,,,,,,,,,,,,,,,,,,,,,,,,,,,,,,,,,,,,,,,,,,,,,,,,,,,,,,,,,,,,,,,,,,,,,,,,,0,0,0,0,,,,,,,,,,,,,,,14,37831669,85,71428571,,,,,,,,,,,,,,,,,,,,,0,,,,,,,
2M-1-butene,0,304,303,70,1,654,3800049,0,,0,0,0,0,6,136,0,0,,221,136,81,9,,0,0,0,0,100,100,0,0,136,,127,2,102,54,,,0,0,0,,0,0,,,,,0,,,,,,,,,,,,,,,,,,,,,,,,,,,,,,,,,,,,,,,,,,,,,,,,,,,,,,,,,,,,,,,,,,,,,,,,,,,,,,,,,,,,,,,,,,,,,,,,,0,0,0,0,,,,,,,,,,,,,,,14,37831669,85,71428571,,,,,,,,,,,,,,,,,,,,,0,,,,,,,
n-Pentane,0,309,209,72,15100098,629,7290039,0,343,95,0,0,0,0,5,143,0,0,,233,143,61,9,,0,0,0,0,0,0,100,100,143,,101,35,61,7,,,0,0,0,,0,0,,0,317713556013358,0,28795065870348,0,265338970196147,0,,,,,,,,,,,,,,,,,,,,,,,,,,,,,,,,,,,,,,,,,,,,,,,,,,,,,,,,,,,,,,,,,,,,,,,,,,,,,,,,,,,,,,,,,,,,,,,,,0,0,100,100,,,,,,,,,,,,,,,16,75213296,83,33333333,,,,,,,,,,,,,,,,,,,,,0,,,,,,,
cis2-Butene,0,276,867,56,1,625,9530029,0,,0,0,0,0,6,134,0,0,,203,134,83,5,,0,0,0,0,100,100,0,0,134,,314,4,100,,,0,0,0,,0,0,,,,,0,,,,,,,,,,,,,,,,,,,,,,,,,,,,,,,,,,,,,,,,,,,,,,,,,,,,,,,,,,,,,,,,,,,,,,,,,,,,,,,,,,,,,,,,,,,,,,,,,0,0,0,0,,,,,,,,,,,,,,,14,37319073,85,71428571,,,,,,,,,,,,,,,,,,,,,0,,,,,,,
3M-1-butene,0,293,204,70,1,631,2700195,0,,0,0,0,0,6,105,0,0,,217,105,85,26729455,,0,0,0,0,100,100,0,0,105,,190,101,6748769,,,0,0,0,,0,0,,,,,0,,,,,,,,,,,,,,,,,,,,,,,,,,,,,,,,,,,,,,,,,,,,,,,,,,,,,,,,,,,,,,,,,,,,,,,,,,,,,,,,,,,,,,,,,,,,,,,,,0,0,0,0,,,,,,,,,,,,,,,14,37831669,85,71428571,,,,,,,,,,,,,,,,,,,,,0,,,,,,,
2M-2-butene,0,311,704,70,1,666,1090088,0,406,15,0,0,0,0,6,139,0,0,,228,139,84,7,,0,0,0,0,100,100,0,0,139,,98,11,97,3,,,0,0,0,,0,0,,,,,0,,,,,,,,,,,,,,,,,,,,,,,,,,,,,,,,,,,,,,,,,,,,,,,,,,,,,,,,,,,,,,,,,,,,,,,,,,,,,,,,,,,,,,,,,,,,,,,,,0,0,0,0,,,,,,,,,,,,,,,14,37831669,85,71428571,,,,,,,,,,,,,,,,,,,,,0,,,,,,,
2M-13-C4==,0,307,204,68,1,684,8460083,0,,0,0,0,0,7,5,127,0,0,,219,127,81,,0,0,0,0,100,100,0,0,127,,118,6,99,1,,,0,0,0,,0,0,,,,,0,,,,,,,,,,,,,,,,,,,,,,,,,,,,,,,,,,,,,,,,,,,,,,,,,,,,,,,,,,,,,,,,,,,,,,,,,,,,,,,,,,,,,,,,,,,,,,,,,0,0,0,0,,,,,,,,,,,,,,,11,8404699,88,23529412,,,,,,,,,,,,,,,,,,,,,0,,,,,,,
tr2-Pentene,0,309,493,70,1,652,2630005,0,404,4833333,0,0,0,0,6,133,0,0,,225,133,85,14880659,,0,0,0,0,100,100,0,0,133,,106,7,100,3776273,,,0,0,0,,0,0,,,,,0,,,,,,,,,,,,,,,,,,,,,,,,,,,,,,,,,,,,,,,,,,,,,,,,,,,,,,,,,,,,,,,,,,,,,,,,,,,,,,,,,,,,,,,,,,,,,,,,,0,0,0,0,,,,,,,,,,,,,,,14,37831669,85,71428571,,,,,,,,,,,,,,,,,,,,,0,,,,,,,
cis2-Pentene,0,310,083,70,1,659,5750122,0,403,9277778,0,0,0,0,6,122,0,0,,226,122,85,14880659,,0,0,0,0,100,100,0,0,122,,104,4,100,3776273,,,0,0,0,,0,0,,,,,0,,,,,,,,,,,,,,,,,,,,,,,,,,,,,,,,,,,,,,,,,,,,,,,,,,,,,,,,,,,,,,,,,,,,,,,,,,,,,,,,,,,,,,,,,,,,,,,,,0,0,0,0,,,,,,,,,,,,,,,14,37831669,85,71428571,,,,,,,,,,,,,,,,,,,,,0,,,,,,,
Cyclopentane,0,322,398,70,13500214,748,8740234,0,289,95,0,0,0,0,6,179,0,0,,233,179,84,9,,100,100,0,0,0,0,0,0,179,,41,7,101,426,,,0,0,0,,0,0,,0,483269667509962,0,429891392256475,,0,,,,,,,,,,,,,,,,,,,,,,,,,,,,,,,,,,,,,,,,,,,,,,,,,,,,,,,,,,,,,,,,,,,,,,,,,,,,,,,,,,,,,,,,,,,,,,,,,0,0,0,0,,,,,,,,,,,,,,,14,37831669,85,71428571,,,,,,,,,,,,,,,,,,,,,0,,,,,,,
Cyclopentene,0,317,38,68,1,776,5159912,0,458,3722222,0,0,0,0,7,5,138,0,0,,244,138,69,7,,100,100,0,0,0,0,0,0,138,,81,04,93,3,,,0,0,0,,0,0,,,,,0,,,,,,,,,,,,,,,,,,,,,,,,,,,,,,,,,,,,,,,,,,,,,,,,,,,,,,,,,,,,,,,,,,,,,,,,,,,,,,,,,,,,,,,,,,,,,,,,,0,0,0,0,,,,,,,,,,,,,,,11,8404699,88,23529412,,,,,,,,,,,,,,,,,,,,,0,,,,,,,
22-Mpropane,0,282,648,72,2,595,5930176,0,291,7055556,0,0,0,0,5,257,0,0,,225,257,80,2,,0,0,0,0,0,0,100,100,257,,251,8,85,5,,,0,0,0,,0,0,,,,,0,,,,,,,,,,,,,,,,,,,,,,,,,,,,,,,,,,,,,,,,,,,,,,,,,,,,,,,,,,,,,,,,,,,,,,,,,,,,,,,,,,,,,,,,,,,,,,,,,100,100,0,0,,,,,,,,,,,,,,,16,75213296,83,33333333,,,,,,,,,,,,,,,,,,,,,0,,,,,,,
33M-1-butene,0,314,397,84,16,657,1190186,0,,0,0,0,0,6,,0,0,,241,15,157,95,93,3,,0,0,0,0,100,100,0,0,,,91,82,111,77,,,0,0,0,,0,0,,,,,0,,,,,,,,,,,,,,,,,,,,,,,,,,,,,,,,,,,,,,,,,,,,,,,,,,,,,,,,,,,,,,,,,,,,,,,,,,,,,,,,,,,,,,,,,,,,,,,,,0,0,0,0,,,,,,,,,,,,,,,14,3716,85,71428571,,,,,,,,,,,,,,,,,,,,,0,,,,,,,
H2O,0,373,148,18,01510048,997,9860229,0,,0,0,0,0,0,,0,0,,,,,,0,0,0,0,0,0,0,0,,,,,,,0,0,0,,0,0,,0,698140124178851,0,560124358458913,0,474686748589316,0,,,,,,,,,,,,,,,,,,,,,,,,,,,,,,,,,,,,,,,,,,,,,,,,,,,,,,,,,,,,,,,,,,,,,,,,,,,,,,,,,,,,,,,,,,,,,,,,,0,0,0,0,,,,,,,,,,,,,,0,279783740086422,11,18972388,0,,,,,,,,,,,,,,,,,,,,,0,,,,,,,
36-40C*,0,00988291282526742,313,149994,71,522534920735,649,519731577267,0,00418064513000007,289,515608549756,7,36016087583187,9,17066948558997,0,0,0117084692731566,5,22233752794607,183,204695430416,0,0,26,8912453264477,237,452880911821,186,204695430416,66,9568857174565,75,7139769174565,13,958458788934,19,1316257531182,0,0,0526400613073002,0,0,78,6813803352341,71,6977047612918,180,204695430416,1,36431875943908,69,771486719745,69,2135907819299,77,9706819819299,55,3630807477611,4,5330837538876E-05,4,15597097785351E-11,3,38763020635995E-12,94,1972145768408,0,5,59234296218544E-09,122,680774587229,0,370169223527155,0,341638833383087,0,321743245444111,0,799124430441106,0,0,0,0,0,0,0,0,0,0,0,0,0,0,0,0,0,0,0,0,0,0,0,0,0,0,0,0,0,0,0,0,0,0,0,0,0,0,0,0,0,0,0,0,0,0,0,0,0,0,0,0,0,0,0,0,0,0,0,0,0,0,0,0,0,0,0,0,0,0,0,0,0,0,0,0,0,0,0,0,0,0,0,0,0,0,0,0,0,0,0,0,0,0,0,0,0,0,71,6977047612918,78,6813803352341,0,0,0,0,0,0,0,0,0,0,0,0,311,149997,0,267156043987054,16,0507100598775,83,8222254958796,0,0,0,0,0,0,0,0,0,0,0,0,0,4,00600714879074E-12,0,8,60350528599353E-11,0,2,15087632149838E-14,2,50935578011066E-11,0,0,0,0,0,48233,0118126656,44722,0422612508,0,
40-50C*,0,0263107042140409,323,149994,74,7136019736079,661,970606333517,0,00452427654073984,290,494225788124,8,69114244267275,10,6775129185155,0,0,0526881117292046,5,17602729818665,186,177172756053,0,0,27,7143710709839,241,95145889631,189,177172756053,65,4244913974366,74,1815825974366,16,3719817418519,21,5192521156879,0,0,236880275882851,0,0,74,9368758154753,67,8032349657965,183,177172756053,1,37027158374483,53,8534496241554,67,6673536435023,76,4244448435023,52,0454141667556,5,50447127730326E-05,1,87018694003408E-10,1,52443359286198E-11,66,689087343625,0,2,51655433298345E-08,116,403909815561,0,364787221266947,0,336016200501282,0,316108225416893,0,96144435288415,58,8550259871532,62,1433104405351,0,0,0,0,0,0,0,0,0,0,0,0,0,0,0,0,0,0,0,0,0,0,58,8550259871532,62,1433104405351,0,0,0,0,0,0,0,0,0,0,0,0,0,0,0,0,0,0,0,0,0,0,0,0,0,0,0,0,0,0,0,0,0,0,0,0,0,0,0,0,0,0,0,0,0,0,0,0,0,0,0,0,0,0,0,0,0,0,0,0,0,0,0,0,0,0,0,0,0,0,67,8032349657965,74,9368758154753,0,0,0,0,0,0,0,0,0,0,0,0,0,0,318,15,0,262335883630348,16,1397492637742,83,539782775183,0,0,0,0,0,0,0,0,0,0,0,0,0,1,80270321695583E-11,0,3,87157737869709E-10,0,9,67894344674272E-14,1,1292101010498E-10,0,0,0,0,0,48050,123849402,44595,0720920054,0,
50-60C*,0,0284833359952179,333,149994,79,2803332125097,679,966579386745,0,00499507350399899,291,924894223995,10,6001100794525,12,8475121150671,0,0,111230458094987,5,17757697280666,191,0267039796,0,0,27,7750456441668,246,919469649669,194,0267039796,63,2311764722364,71,9882676722364,19,776830184758,24,3951903393476,0,0,500080582419352,0,0,69,6230597357896,62,7572975455853,188,0267039796,1,37910029428613,40,4588243352976,65,4584434457486,74,2155346457486,47,4710550889248,6,89216773932563E-05,3,94817242896083E-10,3,21824869604195E-11,46,9073840140768,0,5,31272581407617E-08,107,373993621515,0,391237108229999,0,358736183026954,0,336154165729676,1,19332995637421,43,2698298954117,43,793688732002,17,5534649743989,17,4293667116869,34,0513495255009,34,256664376715,3,08491928854982E-09,3,05156721978905E-09,0,0,0,0,0,0,0,0,0,0,0,0,0,0,0,0,94,8746443983964,95,4797198234554,0,0,0,0,0,0,0,0,0,0,0,0,0,0,0,0,0,0,0,0,0,0,0,0,0,0,0,0,0,0,0,0,0,0,0,0,0,0,0,0,0,0,0,0,0,0,0,0,0,0,0,0,0,0,0,0,0,0,0,0,0,0,0,0,0,0,0,0,0,0,62,7572975455853,69,6230597357896,0,0,0,0,0,0,0,0,0,0,0,0,0,0,328,15,0,274582546978879,16,1329663117978,83,5296748790301,0,0,0,0,0,0,0,0,0,0,0,0,0,3,8057067913512E-11,0,8,17333002169385E-10,0,2,04333250542346E-13,2,38388799110512E-10,0,0,0,0,0,47797,6215284263,44419,7720785052,0,
60-70C*,0,0306627657516092,343,149994,83,3042736839476,697,959897029343,0,00544753494248713,293,404178171984,12,4983500293094,15,0554970567199,0,0,16977280446077,5,23662679537046,195,754252381784,0,0,27,0351947879602,252,357995291657,198,754252381784,60,8409434260111,69,5980346260111,23,0696824156596,26,6715849974327,0,0,763280888955852,0,0,64,431967555031,58,2729179458474,192,754252381784,1,38820699376911,29,583538417411,63,0122185139734,71,7693097139734,43,1426710414771,8,279864201348E-05,6,02615791788759E-10,4,91206379922193E-11,32,7730229688828,0,8,10889729516889E-08,98,4288804920363,0,420601328807193,0,383856396604033,0,358258387685062,1,43281264900016,0,0,0,000106242746182009,0,000105846296668909,18,3865714922942,18,559622059888,23,3013541171014,23,1269267207792,0,0,0,0,0,0,0,0,0,0,0,0,0,0,0,0,41,6880318521418,41,6866546269638,0,0,0,0,0,0,0,0,0,0,58,3073244380129,58,3092535443401,0,0,0,0,0,0,0,0,0,0,0,0,0,0,0,0,0,0,0,0,0,0,0,0,0,0,0,0,0,0,0,0,0,0,0,00464370984529006,0,00409182869607692,0,0,0,0,0,0,0,0,0,0,0,00464370984529006,0,00409182869607692,0,0,0,0,0,0,0,0,0,0,24,2939607354838,26,8606308750253,33,9789572103636,37,5713366800057,0,0,0,0,0,0,0,0,0,0,0,0,338,15,0,288015298449499,15,9770423813049,83,6658082447108,0,0,0,0,0,0,0,0,0,0,0,0,0,5,80871036574657E-11,0,1,24750826646906E-09,0,3,11877066617265E-13,3,63856588116045E-10,0,0,0,0,0,47558,1744607611,44253,535688946,0,
70-80C*,0,032582172847532,353,149994,87,3610289052099,715,674394274697,0,00588756916473763,294,941078103377,14,368017499229,17,3209738381045,0,0,228315150826553,5,34846188731809,200,431259042636,0,0,25,9035281546729,261,223747297896,203,431259042636,58,4339698504279,67,1910610504278,26,1921227896511,28,3815662197123,0,1,02648119549235,0,0,59,4398597111199,54,2974599421832,197,431259042636,1,39745602685438,21,0531384732705,60,5391057059299,69,2961969059299,39,105800806196,9,66756066337037E-05,8,10414340681434E-10,6,6058789024019E-11,22,7403242732689,0,1,09050687762616E-07,89,7350125962273,0,4531320343914,0,411653863297092,0,382706227754402,1,65961365574577,0,0,0,0,0,0,0,0,2,03872032663526,2,37281077133685,0,842166306302656,0,98158366025453,0,0,0,0,0,0,0,0,0,0,0,0,0,0,2,88088663293791,3,35439443159138,0,0,0,0,0,0,0,0,0,624012139143627,0,741945441967935,0,0,0,0,0,0,0,0,0,0,0,0,0,0,0,0,0,0,0,0,0,0,32,5906296268157,29,1073675954957,0,0,0,0,0,0,0,0,0,0,60,0590001908045,62,920915156214,3,84547141029825,3,87537737473099,0,0,0,0,0,0,0,0,63,9044716011027,66,796292530945,0,0,0,0,0,0,0,0,0,0,44,6303407664517,48,6738748697402,9,66711917573148,10,7659848413797,0,0,0,0,0,0,0,0,0,0,0,0,348,15,0,302893315616725,15,6921770807479,83,9290110454268,0,0,0,0,0,0,0,0,0,0,0,0,0,7,81171394014194E-11,0,1,67768353076874E-09,0,4,19420882692184E-13,4,89324377121578E-10,0,0,0,0,0,47334,199641053,44098,0409245143,0,
80-90C*,0,0341802531664449,363,149994,91,460903071876,732,833906136189,0,00632108447928383,296,542555045574,16,1964431263811,19,6634485538514,0,0,286857497192336,5,50656217591369,204,983192925435,0,0,24,6696458064245,268,141955218325,207,983192925435,56,2632059587936,65,0202971587936,29,0991249529835,29,5582641359551,0,1,28968150202885,0,0,54,7044319206355,50,7782873101935,201,983192925435,1,40668973832388,14,4139823059403,58,3372097367679,67,0943009367679,35,3956643952093,0,000110552571253927,1,01821288957411E-09,8,29969400558188E-11,15,6673092791443,0,1,37012402573543E-07,81,4458823622106,0,489034689564294,0,442358237298313,0,409737531959373,1,87327427268589,0,0,0,0,0,0,0,0,0,0730215378330653,0,083989663575356,2,79603983634193,3,22064033430988,0,0,0,0,4,80899251989398,5,36428411801508,13,0080119873548,14,8614758779846,0,00263903785461517,0,00297722997799648,2,91795065871797E-12,3,24039209509183E-12,0,0,20,6887049192813,23,5333672238661,0,0,0,0,0,0,0,0,0,0,0,0,0,0,0,0,0,0,0,0,0,0,0,0,0,0,0,0,0,0,0,0,27,8137863890579,24,5493336985052,0,0,0,0,0,0,0,0,0,0,0,0,31,7579597862327,31,6290699379596,0,0,0,0,0,0,0,0,31,7579597862327,31,6290699379596,19,7395489054282,20,288229139669,0,0,0,0,0,0,0,0,50,7782873101935,54,7044319206355,0,0,0,0,0,0,0,0,0,0,0,0,0,0,358,15,0,319447173491499,15,3074259039554,84,291292493322,0,0,0,0,0,0,0,0,0,0,0,0,0,9,8147175145373E-11,0,2,10785879506841E-09,0,5,26964698767104E-13,6,14792166127111E-10,0,0,0,0,0,47127,5663898553,43954,5855630563,0,
90-100C*,0,0351558518073975,373,149994,96,2967723994642,749,162267627205,0,0067539891946591,298,214031902531,17,9764620794302,22,1024272985912,0,0,345399843558119,5,70219363671815,209,499940261051,0,0,23,5421738202869,275,043226968107,212,499940261051,54,3248601552707,63,0819513552707,31,7603599834323,30,2348088759301,0,1,55288180856535,0,0,50,2631779371375,47,6627638254787,206,499940261051,1,41572915655971,9,13786851802737,56,3953078407408,65,1523990407408,32,039699531737,0,000124429535874151,1,22601143846679E-09,9,99350910876186E-11,10,7156648150324,0,1,6497411738447E-07,73,701415491723,0,528436971126497,0,476119611358993,0,43951370689485,2,07821020067927,0,0,0,0,0,0,0,0,0,0,0,0,0,0,0,0,2,39238271695049,2,35939196431009,15,4668978273898,15,6230563128306,24,308869700893,24,2461785111759,1,55688567734107,1,52857978751854,0,0,43,7250359225744,43,7572065758352,0,0,0,0,0,0,0,0,0,0,54,8016170228273,54,929683346175,0,0,0,0,0,0,0,0,0,0,0,0,0,0,0,0,0,0,0,0,0,0,0,0,0,0,0,0,0,0,0,0,0,0,0,0,0,0,0,0,0,0,0,0,0,0,1,47334705459834,1,31311007798979,0,0,0,0,0,0,0,0,21,1522060085925,22,2864076666252,26,5105578168861,27,9767702705123,0,0,0,0,0,0,0,0,0,0,0,0,368,15,0,337845245188859,14,8573080186103,84,7192472424814,0,0,0,0,0,0,0,0,0,0,0,0,0,1,18177210889327E-10,0,2,53803405936809E-09,0,6,34508514842023E-13,7,40259955132644E-10,0,0,0,0,0,46939,7309786699,43824,1806226605,0,
100-110C*,0,0352228959200015,383,149994,101,513466570424,755,758519531023,0,0071921916193968,300,310979479836,20,6190547782468,24,6574161669545,0,0,403942189923902,5,76124746063257,212,291572684099,0,0,26,4449486082532,281,929104575811,215,291572684099,52,9954753360265,61,7525665360265,31,1098130002998,30,444330569406,0,1,81608211510186,0,0,48,2711322214533,44,8982532636395,209,291572684099,1,41966955167903,6,76320973666146,54,9525852128277,63,7096764128277,30,8364461960011,0,00100495619446716,1,43380998735946E-09,1,16873242119418E-10,7,27405367643317,0,1,92935832195398E-07,70,8676478981791,0,569192662143015,0,511511861986426,0,47106174702078,2,27883714058465,0,0,0,0,0,0,0,0,0,0,0,0,0,0,0,0,0,0,0,0,0,0,0,0,0,0,0,0,0,0,0,0,0,0,0,0,0,0,0,0823013833645106,0,0938366008601004,0,0,0,0,0,0,0,0,0,0,0,0,0,0,0,0,0,0,0,0,0,0,12,4356048143668,11,1925900776883,0,0,0,0,0,0,0,0,0,0,0,0,0,0,0,0,0,0,0,0,0,0,87,4820938022687,88,7135733214515,0,0,0,0,0,0,0,0,44,8159518802749,48,1772956205932,0,0823013833645106,0,0938366008601004,0,0,0,0,0,0,0,0,0,0,0,0,378,15,0,358107285328096,14,7282541696046,84,8531169341857,0,0,0,0,0,0,0,0,0,0,0,0,0,1,3820724663328E-10,0,2,96820932366777E-09,0,7,42052330916942E-13,8,65727744138176E-10,0,0,0,0,0,46866,1518570564,43773,0982367152,0,
110-120C*,0,0349303660685146,393,149994,106,911018041869,762,331794012454,0,00764160006203028,302,413598376186,23,4254835239723,27,3479212535719,0,0,462484536289685,5,82684310431298,215,079210930826,0,0,28,9895885143924,288,800875057926,218,079210930826,51,4480381399869,60,2051293399869,30,2264123297546,30,2199593461517,0,2,07928242163836,0,0,46,3481041462731,42,4321194002764,212,079210930826,1,42358300063703,6,50296821002538,53,2465952051036,62,0036864051036,29,6618874643914,0,00189935330232461,1,64160853625214E-09,1,33811393151218E-10,4,89968911879822,0,2,20897547006325E-07,68,0724126736715,0,614861008574934,0,550969772123678,0,506108116598682,2,47957079326079,0,0,0,0,0,0,0,0,0,0,0,0,0,0,0,0,0,0,0,0,0,0,0,0,0,0,0,0,37,799692952932,41,9384221973094,0,0,0,0,0,0,0,0,0,0,0,0,0,0,0,0,0,0,0,0,0,0,0,0,0,0,0,0,0,0,0,0,41,7610380212251,37,64150144394,0,0,0,0,0,0,0,0,0,0,0,0,0,0,0,0,0,0,0,0,0,0,0,0,20,4392690258428,20,4200763587506,0,0,0,0,0,0,42,4321194002764,46,3481041462731,0,0,0,0,0,0,0,0,0,0,0,0,0,0,388,15,0,380404972828872,14,5872271763066,84,9974840833092,0,0,0,0,0,0,0,0,0,0,0,0,0,1,58237282377234E-10,0,3,39838458796744E-09,0,8,49596146991861E-13,9,91195533143709E-10,0,0,0,0,0,46843,068039331,43752,3555660227,0,
120-130C*,0,0343829265680515,403,149994,112,246017541364,768,905068493886,0,0081081228310929,304,520805020998,26,0461596868347,30,1934486530739,0,1,10919889787961,5,89925090340377,217,805351798384,0,0,31,2150735238481,295,659628714321,220,805351798384,50,2962899453422,59,0533811453422,30,0708611972509,29,5948253359361,0,4,98684299579931,0,0,43,8829791159144,40,2117260109901,214,805351798384,1,42748103820396,6,24778515459541,52,0173389339999,60,7744301339999,28,510540903507,0,00279375041018207,7,8448605577394E-08,6,39453132172871E-09,3,27410946973025,0,1,05561735063075E-05,65,304567775503,0,665628018341016,0,594627552615456,0,544754079897223,2,68482685956642,0,0,0,0,0,0,0,0,0,0,0,0,0,0,0,0,0,0,0,0,0,0,0,0,0,0,0,0,0,000110257632315076,0,000112408654965101,0,0,0,0,0,0,0,0,0,0,83,8846137463907,85,2706777620829,0,0,0,0,0,0,0,0,0,0,0,0,0,0,0,0,0,0,0,0,0,0,0,0,0,0,0,0,0,0,0,0,0,0,0,0,0,0,0,0,0,0,0,0,0,0,16,115275995977,14,7292098292621,0,0,0,0,0,0,0,0,40,2117260109901,43,8829791159144,0,0,0,0,0,0,0,0,0,0,0,0,398,15,0,40476408434304,14,4344097243931,85,1522046067265,0,0,0,0,0,0,0,0,0,0,0,0,0,7,56178703918713E-09,0,1,62400795472475E-07,0,4,06001988681188E-11,4,73669000328119E-08,0,0,0,0,0,46765,2998503178,43696,651442268,0,
130-140C*,0,03394125602973,413,149994,116,338832023125,775,478342975317,0,00859766823511803,306,632482751324,29,0789085176359,33,213504460091,0,1,94165179059295,5,97838049673914,220,221198461105,0,0,33,162583139195,302,506300924676,223,221198461105,49,3230772491199,58,0801684491199,28,9546205729899,28,6020586685279,0,8,72946470710485,0,0,41,9664709093741,38,1844368713811,217,221198461105,1,43136286400725,5,99771301597607,51,0031856730437,59,7602768730437,27,3818162455312,0,00368814751803952,1,79444823195036E-07,1,46269718116365E-08,2,16992315290012,0,2,41463908059741E-05,62,5643409294014,0,721685710822243,0,642626635802297,0,587109387068548,2,89902104036031,0,0,0,0,0,0,0,0,0,0,0,0,0,0,0,0,0,0,0,0,0,0,0,0,0,0,0,0,0,0,4,83339305269374E-16,5,58700824703207E-16,0,0,0,0,0,0,0,0,0,0,0,0,0,0,0,0,0,0,0,0,0,0,0,0,0,0,0,0,0,0,0,0,21,9479264341803,21,1920548844653,9,93465033222575E-18,9,41586299976632E-18,22,8164477795809,22,09829481003,22,8283620236767,21,9623386913416,0,0,0,0,67,5927362374379,65,2526883858369,0,0,0,0,0,0,0,0,0,0,32,4072637625621,34,7473116141631,0,0,0,0,0,0,38,1844368713811,41,9664709093741,0,0,0,0,0,0,0,0,0,0,0,0,0,0,408,15,0,431223054551241,14,2708158360542,85,3163670668226,0,0,0,0,0,0,0,0,0,0,0,0,0,1,72969746026495E-08,0,3,71478649184418E-07,0,9,28696622961046E-11,1,08347942441111E-07,0,0,0,0,0,46682,5452251939,43635,9732732823,0,
140-150C*,0,0331002705302503,423,149994,121,86987011067,794,466699320718,0,00911614458263901,308,278576733731,32,3065394019502,36,4275947692539,0,2,77410468330629,6,35667025724913,224,881692175626,0,0,29,604848698843,309,341702896494,227,881692175626,48,2707835184708,57,0278747184708,27,5855990962928,27,2747894736962,0,12,4720864184104,0,0,40,107861501757,36,29761575705,221,881692175626,1,44227514359205,5,75280214706209,50,1929126564882,58,9500038564882,23,8974241976749,0,00458254462589698,2,80441040812678E-07,2,28594123015442E-08,1,42597351899186,0,3,77366081056407E-05,53,9380458246542,0,78246650070592,0,694506769123824,0,632786902152136,3,12656903650119,0,0,0,0,0,0,0,0,0,0,0,0,0,0,0,0,0,0,0,0,0,0,0,0,0,0,0,0,0,0,59,283887579371,63,699048872753,0,0,0,0,0,0,0,0,0,0,2,03704494439867,2,20053251626436,0,0,0,0,0,0,0,0,0,0,0,0,0,0,0,0,0,0,0,0,1,43563676301797,1,28852609701602,37,2238879841379,32,7942989485941,0,0194273460001558,0,017490139784106,5,52687428020452E-13,4,94256617879522E-13,0,0,0,0,38,6789520931566,34,1003151853947,0,000115383073731954,0,000103425587943192,0,0,0,0,0,0,0,0,0,0,0,0,0,0,0,0,34,2605708126513,37,9073289854927,2,03704494439867,2,20053251626436,0,0,0,0,0,0,0,0,0,0,0,0,418,15,0,459586258708186,13,5312063666049,86,0134170552972,0,0,0,0,0,0,0,0,0,0,0,0,0,2,70321621661118E-08,0,5,80556502896361E-07,0,1,4513912572409E-10,1,6932898484941E-07,0,0,0,0,0,46418,7915461606,43436,056999475,0,
150-160C*,0,0265039707340059,433,149994,127,689357165529,799,382410577963,0,0096694601821892,310,467482314368,35,7494097071535,39,855225675193,0,3,60655757601962,6,41956601136192,227,215504046963,0,0,31,8215421829318,316,166544788216,230,215504046963,47,4271700679453,56,1842612679453,25,9758685222733,25,6461478812096,0,16,2147081297159,0,0,38,2747217705732,34,4986264435974,224,215504046963,1,44521712530343,5,51310065825743,49,2949617825356,58,0520529825356,23,1594415477327,0,00547694173375443,3,8143725843032E-07,3,1091852791452E-08,0,928922263560238,0,5,13268254053072E-05,52,0786183959782,0,848223029452667,0,750569111673866,0,682112162054221,3,37188654884781,0,0,0,0,0,0,0,0,0,0,0,0,0,0,0,0,0,0,0,0,0,0,0,0,0,0,0,0,0,0,0,0,0,0,0,0,0,0,0,0,0,0,13,7681401248403,15,7629622481094,0,0,0,0,0,0,0,0,0,0,0,0,0,0,0,0,0,0,0,0,0,0,0,0,0,0,0,0,0,0,0,0,0,0,58,5425813566045,55,6151536476692,0,0,0,0,0,0,0,0,0,0,27,6892785185552,28,6218841042213,0,0,0,0,20,7304863187571,22,5117595224638,13,7681401248403,15,7629622481094,0,0,0,0,0,0,0,0,0,0,0,0,428,15,0,490193741054087,13,4170000163901,86,1313172796602,0,0,0,0,0,0,0,0,0,0,0,0,0,3,67673497295742E-08,0,7,89634356608304E-07,0,1,97408589152076E-10,2,30310027257708E-07,0,0,0,0,0,46345,224850212,43379,0302761215,0,
160-170C*,0,0252839556332077,443,149994,133,809927112093,803,428462084104,0,010263523342302,312,690264313315,39,4320207499587,43,515903272539,0,4,43901046873296,6,46320464529406,229,414147606942,0,0,34,203945704337,322,981453432259,232,414147606942,46,407083548394,55,164174748394,24,137302180362,23,7492640208371,0,19,9573298410214,0,0,36,4306770696793,32,7348327066239,226,414147606942,1,44762347100491,5,27865426312549,48,1634370964772,56,9205282964772,22,5928600136086,0,00637133884161189,4,82433476047963E-07,3,93242932813597E-08,0,599691777132532,0,6,49170427049738E-05,50,6433676155654,0,920171305702747,0,811629301250429,0,735651271417172,3,63938927825892,0,0,0,0,0,0,0,0,0,0,0,0,0,0,0,0,0,0,0,0,0,0,0,0,0,0,0,0,0,0,0,0,0,000103130459046264,0,000111826984075618,0,0,0,0,0,0,0,0,0,0,1,71977724670284E-05,1,8723668929083E-05,0,0,0,0,0,0,0,0,0,0,0,0,0,0,0,0,0,0,0,0,0,0,0,0,0,0,0,0,0,0,0,0,0,0,0,0,0,0,0,0,0,0,0,0,99,9998796717685,99,999869449347,0,0,0,0,32,7348155088514,36,4306583460104,1,71977724670284E-05,1,8723668929083E-05,0,0,0,0,0,0,0,0,0,0,0,0,438,15,0,523070565247234,13,3392970782959,86,2146068413995,0,0,0,0,0,0,0,0,0,0,0,0,0,4,65025372930365E-08,0,9,98712210320247E-07,0,2,49678052580062E-10,2,91291069666007E-07,0,0,0,0,0,46283,2221002089,43330,6448513801,0,
170-180C*,0,024060514001536,453,149994,140,239876512059,806,82415330008,0,0110680999213615,314,938008630354,43,4160155063046,47,4674160263529,0,5,2714633614463,6,49213984196905,231,522402204287,0,0,36,6806012246646,329,786986146791,234,522402204287,45,400004234646,54,157095434646,22,0791939286802,21,6049140779867,0,23,699951552327,0,0,34,5047905650152,30,9276698956604,228,522402204287,1,44961902109235,5,04950611959061,47,0319124104188,55,7890036104188,22,1525778165371,0,00726573594946934,5,83429693665605E-07,4,75567337712675E-08,0,383559308039418,0,7,85072600046404E-05,49,5234449292157,1,00000999478031,0,878916043495095,0,794337350496649,3,93349292559326,0,0,0,0,0,0,0,0,0,0,0,0,0,0,0,0,0,0,0,0,0,0,0,0,0,0,0,0,0,0,0,0,85,789551662649,85,8363413704992,0,0,0,0,0,0,0,0,0,0,12,9326021493752,12,9921734702334,0,0,0,0,0,0,0,0,0,0,0,0,0,0,0,0,0,0,0,0,0,0,0,0,0,0,0,0,0,0,0,0,0,0,2,22420839518542E-09,1,8916203033648E-09,0,0,0,0,0,0,0,0,0,0,1,27784618575168,1,17148515737574,0,0,17,9950677462853,21,5126170947818,12,9326021493752,12,9921734702334,0,0,0,0,0,0,0,0,0,0,0,0,448,15,0,558485666150331,13,2886877230982,86,2720190146109,0,0,0,0,0,0,0,0,0,0,0,0,0,5,62377248564988E-08,0,1,20779006403219E-06,0,3,01947516008047E-10,3,52272112074306E-07,0,0,0,0,0,46230,2257172837,43289,0791330636,0,
180-190C*,0,0228695446713906,463,149994,146,982477820143,809,788783686834,0,0119494598393022,317,202237091451,48,1291900731097,52,1955871426534,0,6,10391625415964,6,51160149275754,233,691068383075,0,0,39,177490249955,336,583641658298,236,691068383075,44,4015461374824,53,1586373374824,19,794991527436,19,095744929071,0,27,4425732636325,0,0,32,0758183994543,28,7086679282756,230,691068383075,1,45133113085519,4,82569666684509,45,9003877243604,54,6574789243604,21,7956987897478,0,0081601330573268,6,84425911283247E-07,5,57891742611752E-08,0,242975333809528,0,9,20974773043069E-05,48,6127118067237,1,11413781141534,0,971335955347457,0,872374209753342,4,3105216024964,0,0,0,0,0,0,0,0,0,0,0,0,0,0,0,0,0,0,0,0,0,0,0,0,0,0,0,0,0,0,0,0,0,0,0,0,0,0,0,0,0,0,0,0,0,0,0,0,0,0,0,0,0,0,0,0,0,0,0,0,0,0,0,0,0,0,0,0,0,0,0,0,0,0,0,0,0,0,0,0,69,7949645511975,68,1894005546844,0,0,0,0,0,0,0,0,0,0,30,2050318551291,31,8105954134969,3,5936734284654E-06,4,03181875198064E-06,28,7086679282756,32,0758183994543,0,0,0,0,0,0,0,0,0,0,0,0,0,0,458,15,0,600132350729862,13,2543915383923,86,3073157269883,0,0,0,0,0,0,0,0,0,0,0,0,0,6,59729124199612E-08,0,1,41686791774413E-06,0,3,54216979436033E-10,4,13253154482605E-07,0,0,0,0,0,46183,2716641225,43252,1061463091,0,
190-200C*,0,0218295789407634,473,149994,153,776018525757,814,536725723046,0,0128539895579154,319,403891584322,53,0296622523895,57,0315364830396,0,6,4713666410501,6,58140215031873,236,06434008802,0,0,40,7896209499179,343,371868852483,239,06434008802,43,3674218073297,52,1245130073297,17,3152087781484,16,4770329588051,0,29,094592023903,0,0,29,6551289694621,26,4914305581553,233,06434008802,1,45404153971636,4,60726345815307,44,7688630383019,53,5259542383019,21,1222205322804,0,0441037374111527,7,85422128900889E-07,6,4021614751083E-08,0,152398580138068,0,0,000105687694603974,46,8868202994031,1,24325632369517,1,07502500963817,0,959389569801381,4,76604582282222,0,0,0,0,0,0,0,0,0,0,0,0,0,0,0,0,0,0,0,0,0,0,0,0,0,0,0,0,0,0,0,0,0,0,51,6422025044227,51,9191618293172,0,0,0,0,0,0,0,0,0,0,5,73802250049141,5,77859354396298,0,0,0,0,0,0,0,0,0,0,0,0,0,0,0,0,0,0,0,0,0,0,0,0,0,0,0,0,0,0,0,0,0,0,0,0,0,0,0,0,0,0,0,0,0,0,42,6197749950859,42,3022446267199,20,7534080576639,23,8765354254992,5,73802250049141,5,77859354396298,0,0,0,0,0,0,0,0,0,0,0,0,468,15,0,64571097712811,13,1255146069995,86,3842900585466,0,0,0,0,0,0,0,0,0,0,0,0,0,7,57080999834235E-08,0,1,62594577145608E-06,0,4,06486442864019E-10,4,74234196890903E-07,0,0,0,0,0,46106,8047283194,43191,6266068249,0,
200-210C*,0,0209128806940604,483,149994,160,68255295626,820,403532852506,0,0137735194837709,321,568359162569,58,0915353519699,61,9035550581872,0,9,36050316166097,6,68605327147533,238,536926277935,0,0,41,8112333208056,350,152073867354,241,536926277935,42,310920175312,51,068011375312,14,6428496348508,13,811343936898,0,42,0838496306845,0,0,27,2656150131793,24,2851010049148,235,536926277935,1,45737008939802,4,39424098978377,43,6373383522435,52,3944295522435,20,2605913728545,0,100923326595228,3,05559637418515E-06,2,49068885004095E-07,0,0946120787502722,0,0,000411166078144253,44,6650071880303,1,39087847961145,1,19241313180992,1,05718095508617,5,24306666142745,0,0,0,0,0,0,0,0,0,0,0,0,0,0,0,0,0,0,0,0,0,0,0,0,0,0,0,0,0,0,0,0,0,0,1,32593674826723E-14,1,53574912269419E-14,0,0,0,0,0,0,0,0,0,0,7,36631526815127E-16,8,54643030902737E-16,0,0,0,0,0,0,0,0,0,0,0,0,0,0,0,0,0,0,0,0,0,0,0,0,0,0,0,0,0,0,0,0,0,0,91,9891627529872,91,9736358274806,0,0,0,0,0,0,0,0,0,0,0,0,24,2851010049148,27,2656150131793,0,0,0,0,0,0,0,0,0,0,0,0,0,0,478,15,0,695761998613268,12,9395158070819,86,5142919932467,0,0,0,0,0,0,0,0,0,0,0,0,0,2,94533840203256E-07,0,6,325558984231E-06,0,1,58138974605775E-09,1,84495475644703E-06,0,0,0,0,0,46010,2844403407,43114,8644647389,0,
210-220C*,0,0200712680030902,493,149994,167,85701807766,826,161820670673,0,0146998800234387,323,739497586306,63,3006234866265,66,7399338787723,0,12,7601836706238,6,79251526551002,240,958835675064,0,0,42,7639789299606,356,924625903101,243,958835675064,41,2565889295202,50,0136801295202,11,7739765656903,11,1612436330583,0,57,368459962056,0,0,24,9253999476832,22,0988224881694,237,958835675064,1,460606201427,4,18666052635124,42,5058136661851,51,2629048661851,19,4327140212458,0,15703995730895,6,65526682997478E-06,5,42486534789337E-07,0,0581180077396885,0,0,000895543660348139,42,5156805979207,1,56104541122031,1,32627402235946,1,16779825731476,5,73813043571455,0,0,0,0,0,0,0,0,0,0,0,0,0,0,0,0,0,0,0,0,0,0,0,0,0,0,0,0,0,0,0,0,0,0,0,0,0,0,0,0,0,0,0,0,0,0,0,0,0,0,0,0,0,0,0,0,0,0,0,0,0,0,0,0,0,0,0,0,0,0,0,0,0,0,0,0,0,0,0,0,0,0,0,0,0,0,0,0,0,0,0,0,0,0,0,0,22,0988224881694,24,9253999476832,0,0,0,0,0,0,0,0,0,0,0,0,0,0,488,15,0,750946418652718,12,755564384781,86,6423658038208,0,0,0,0,0,0,0,0,0,0,0,0,0,6,41511854631835E-07,0,1,37774358041736E-05,0,3,44435895104341E-09,4,01841889102927E-06,0,0,0,0,0,45913,516442829,43037,4915080603,0,
220-230C*,0,0193101158271048,503,149994,175,309561101235,831,814845591508,0,0156249015834887,325,916979430149,68,6558650355481,71,4689639554707,0,16,1598641795866,6,90053415110997,243,327631855693,0,0,43,6558914440835,363,689862026194,246,327631855693,40,204362941675,48,961454141675,8,69611716775658,8,58929781699506,0,72,6530702934276,0,0,22,6480177966953,19,9417382275343,240,327631855693,1,46375004449819,3,98454992288707,41,3742889801267,50,1313801801267,18,6369318360862,0,21245362955232,1,02549372857644E-05,8,35904184574578E-07,0,0353116644106493,0,0,00137992124255203,40,436241520849,1,75791406426037,1,47937701003275,1,29324301946107,6,24778346308597,0,0,0,0,0,0,0,0,0,0,0,0,0,0,0,0,0,0,0,0,0,0,0,0,0,0,0,0,0,0,0,0,0,0,0,0,0,0,0,0,0,0,0,0,0,0,0,0,0,0,0,0,0,0,0,0,0,0,0,0,0,0,0,0,0,0,0,0,0,0,0,0,0,0,0,0,0,0,0,0,0,0,0,0,0,0,0,0,0,0,0,0,0,0,0,0,19,9417382275343,22,6480177966953,0,0,0,0,0,0,0,0,0,0,0,0,0,0,498,15,0,811874997554224,12,5741128194637,86,7680949306186,0,0,0,0,0,0,0,0,0,0,0,0,0,9,88489869060413E-07,0,2,12293126241163E-05,0,5,30732815602907E-09,6,19188302561152E-06,0,0,0,0,0,45816,7056798589,42959,7222844895,0,
230-240C*,0,019852244601833,513,150024,183,048954080082,837,365864028974,0,016540414570491,328,100494038542,71,2288020003571,74,0547605361998,0,19,5595446885494,7,00986990615583,245,640717973196,0,0,44,4938488659125,370,448091176164,248,640717973196,39,1541770834972,47,9112682834972,8,52557267671382,8,03987335129376,0,87,9376806247992,0,0,20,245625322929,17,9053661125064,242,640717973196,1,46680192214727,3,78793344402562,40,2427642940683,48,9998554940683,17,8716730246098,0,267164343325338,1,38546077415541E-05,1,12932183435982E-06,0,021213230353765,0,0,00186429882475591,38,4241384853857,1,98656824998418,1,65505663115621,1,43589729024043,6,76857206094418,0,0,0,0,0,0,0,0,0,0,0,0,0,0,0,0,0,0,0,0,0,0,0,0,0,0,0,0,0,0,0,0,0,0,0,0,0,0,0,0,0,0,0,0,0,0,0,0,0,0,0,0,0,0,0,0,0,0,0,0,0,0,0,0,0,0,0,0,0,0,0,0,0,0,0,0,0,0,0,0,0,0,0,0,0,0,0,0,0,0,0,0,0,0,0,0,17,9053661125064,20,245625322929,0,0,0,0,0,0,0,0,0,0,0,0,0,0,508,15,0,879248364394973,12,3955412380441,86,8911314950789,0,0,0,0,0,0,0,0,0,0,0,0,0,1,33546788348899E-06,0,2,86811894440589E-05,0,7,17029736101472E-09,8,36534716019376E-06,0,0,0,0,0,45720,0271593482,42881,7414988985,0,
240-250C*,0,0196457416312476,523,150024,191,082085657147,842,818132397032,0,0174382493910154,330,289746341947,73,7326730698786,76,6350176063218,0,22,9592251975122,7,12029592414827,247,895287792069,0,0,45,2837532789044,377,199597533784,250,895287792069,38,1059662267076,46,8630574267076,8,3569103252405,7,44257515448191,0,103,222290956171,0,0,17,9104166048809,15,9224072391963,244,895287792069,1,4697622673374,3,59683158073947,39,1112396080099,47,8683308080099,17,1354446530805,0,321172098628003,1,74542781973437E-05,1,42273948414506E-06,0,0125952540633132,0,0,0023486764069598,36,4768689411477,2,25326154949588,1,85734928504495,1,5986099929348,7,29704254669163,0,0,0,0,0,0,0,0,0,0,0,0,0,0,0,0,0,0,0,0,0,0,0,0,0,0,0,0,0,0,0,0,0,0,0,0,0,0,0,0,0,0,0,0,0,0,0,0,0,0,0,0,0,0,0,0,0,0,0,0,0,0,0,0,0,0,0,0,0,0,0,0,0,0,0,0,0,0,0,0,0,0,0,0,0,0,0,0,0,0,0,0,0,0,0,0,15,9224072391963,17,9104166048809,0,0,0,0,0,0,0,0,0,0,0,0,0,0,518,15,0,953873487927287,12,2201647577044,87,0111893167031,0,0,0,0,0,0,0,0,0,0,0,0,0,1,68244589791757E-06,0,3,61330662640015E-05,0,9,03326656600038E-09,1,0538811294776E-05,0,0,0,0,0,45623,6293988775,42803,7074616388,0,
250-260C*,0,0190089053273412,533,150024,199,413409108429,848,174907109644,0,0182065289422343,332,484455771368,76,1701142620172,79,2152746764437,0,26,358905706475,7,23159859806293,250,088279395017,0,0,46,0306787238099,383,944643372887,253,088279395017,37,0596652430268,45,8167564430268,8,1826284324908,6,79206884597173,0,118,506901287542,0,0,15,647257305492,13,9926564775846,247,088279395017,1,47263163682527,3,41126086512508,37,9797149219515,46,7368061219515,16,4268271546891,0,374476895460317,2,10539486531333E-05,1,7161571339303E-06,0,00738824050957575,0,0,00283305398916368,34,5919801446111,2,56573218538465,2,09116717991506,1,78480535493478,7,82974123773077,0,0,0,0,0,0,0,0,0,0,0,0,0,0,0,0,0,0,0,0,0,0,0,0,0,0,0,0,0,0,0,0,0,0,0,0,0,0,0,0,0,0,0,0,0,0,0,0,0,0,0,0,0,0,0,0,0,0,0,0,0,0,0,0,0,0,0,0,0,0,0,0,0,0,0,0,0,0,0,0,0,0,0,0,0,0,0,0,0,0,0,0,0,0,0,0,13,9926564775846,15,647257305492,0,0,0,0,0,0,0,0,0,0,0,0,0,0,528,15,1,03668341484745,12,0482402699485,87,1280374452848,0,0,0,0,0,0,0,0,0,0,0,0,0,2,02942391234615E-06,0,4,35849430839442E-05,0,1,0896235770986E-08,1,27122754293582E-05,0,0,0,0,0,45527,6374558114,42725,7551183489,0,
260-270C*,0,0183541208293536,543,150024,208,044071521565,853,439444580773,0,0186832601205693,334,684355262017,79,2364744012064,85,3056986969407,0,27,1849256040058,7,3435770033964,252,21629661045,0,0,46,7389935606026,377,071287725423,255,367321773536,36,0152090041758,44,7723002041758,7,74239023664987,2,57818747538821,0,122,220600920915,0,0,13,0211353621438,12,1161138276711,249,21629661045,1,47541070533935,3,2312336838066,36,8481902358931,45,6052814358931,15,7444692885128,0,427078733822277,2,4653619108923E-05,2,00957478371554E-06,0,00427979722025108,0,0,00331743157136757,32,7670696320949,2,93361394803861,2,36252112589705,1,9986198309169,8,32040501921884,0,0,0,0,0,0,0,0,0,0,0,0,0,0,0,0,0,0,0,0,0,0,0,0,0,0,0,0,0,0,0,0,0,0,0,0,0,0,0,0,0,0,0,0,0,0,0,0,0,0,0,0,0,0,0,0,0,0,0,0,0,0,0,0,0,0,0,0,0,0,0,0,0,0,0,0,0,0,0,0,0,0,0,0,0,0,0,0,0,0,0,0,0,0,0,0,12,1161138276711,13,0211353621438,0,0,0,0,0,0,0,0,0,0,0,0,0,0,538,15,1,12876103651209,11,879972683205,87,2414941973616,0,0,0,0,0,0,0,0,0,0,0,0,0,2,37640192677473E-06,0,5,10368199038868E-05,0,1,27592049759717E-08,1,48857395639405E-05,0,0,0,0,0,45375,3277573776,42594,6536910413,0,
270-280C*,0,0176864776503919,553,150024,216,971328306668,858,615001224379,0,0195590064894841,336,889190337938,81,476037942937,88,0252650660822,0,32,1184739127099,7,4560426566524,254,275584341857,0,0,47,4124622664392,381,92947140677,260,569811936496,34,9725323818752,43,7296235818752,7,55548592380074,1,68195564446172,0,144,401321506493,0,0,10,9684761332622,10,2927792894561,251,275584341857,1,47810025960186,3,05675809059807,35,7166655498346,44,4737567498346,15,0870835080836,0,478977613713886,2,82532895647126E-05,2,30299243350078E-06,0,00244713928527653,0,0,00380180915357146,30,9997853525128,3,36897622499895,2,67880771040631,2,2450760317963,8,7876467650974,0,0,0,0,0,0,0,0,0,0,0,0,0,0,0,0,0,0,0,0,0,0,0,0,0,0,0,0,0,0,0,0,0,0,0,0,0,0,0,0,0,0,0,0,0,0,0,0,0,0,0,0,0,0,0,0,0,0,0,0,0,0,0,0,0,0,0,0,0,0,0,0,0,0,0,0,0,0,0,0,0,0,0,0,0,0,0,0,0,0,0,0,0,0,0,0,10,2927792894561,10,9684761332622,0,0,0,0,0,0,0,0,0,0,0,0,0,0,548,15,1,23136783327993,11,7155206458362,87,3514216802468,0,0,0,0,0,0,0,0,0,0,0,0,0,2,72337994120331E-06,0,5,84886967238294E-05,0,1,46221741809574E-08,1,70592036985227E-05,0,0,0,0,0,45269,7793283528,42507,1628416727,0,
280-290C*,0,0170126203846733,563,150024,226,167681177103,863,715510258915,0,020145505895949,339,098381672597,83,5894008030464,90,4491453893312,0,39,0582370167712,7,56920643668899,256,26024794712,0,0,48,0502895370397,386,57928779754,265,661742015019,33,931356711756,42,688447911756,7,38573440589522,1,02820174772951,0,175,601775360307,0,0,9,02486479105839,8,52265286293931,253,26024794712,1,48070756896335,2,88783761914226,34,5851408637762,43,3422320637762,14,4517386530453,0,530252912693075,5,08537233398374E-05,4,14520722617947E-06,0,00138052215698748,0,0,00684296072652915,29,2832130060157,3,88712589460391,3,04923700732815,2,53034288754701,9,25187773238503,0,0,0,0,0,0,0,0,0,0,0,0,0,0,0,0,0,0,0,0,0,0,0,0,0,0,0,0,0,0,0,0,0,0,0,0,0,0,0,0,0,0,0,0,0,0,0,0,0,0,0,0,0,0,0,0,0,0,0,0,0,0,0,0,0,0,0,0,0,0,0,0,0,0,0,0,0,0,0,0,0,0,0,0,0,0,0,0,0,0,0,0,0,0,0,0,8,52265286293931,9,02486479105839,0,0,0,0,0,0,0,0,0,0,0,0,0,0,558,15,1,34598663528889,11,5544754914195,87,4582102622179,0,0,0,0,0,0,0,0,0,0,0,0,0,4,90187203730747E-06,0,0,000105275104156939,0,2,63187760392347E-08,3,07052395897331E-05,0,0,0,0,0,45165,9413173678,42421,0436840057,0,
290-300C*,0,0163583155004709,573,150024,235,379192858633,868,99729776637,0,020693757397921,341,303825341312,85,5912103238179,92,5773396666875,0,47,6668545745002,7,6923542591029,258,151411522355,0,0,48,5605388598971,391,021760414127,270,493878591917,32,8865554721784,41,6436466721784,7,23215252649554,0,616925785191594,0,214,305225438866,0,0,7,17663714968656,6,80573454812091,255,151411522355,1,48338502358481,2,724471096327,33,4536161777178,42,2107073777178,13,7974321085354,0,582777637316075,9,40383173775757E-05,7,66528559032609E-06,0,000768003459251162,0,0,0126539507894702,27,5066342335707,4,51037132957342,3,48707233470236,2,86321563659413,9,71405601037775,0,0,0,0,0,0,0,0,0,0,0,0,0,0,0,0,0,0,0,0,0,0,0,0,0,0,0,0,0,0,0,0,0,0,0,0,0,0,0,0,0,0,0,0,0,0,0,0,0,0,0,0,0,0,0,0,0,0,0,0,0,0,0,0,0,0,0,0,0,0,0,0,0,0,0,0,0,0,0,0,0,0,0,0,0,0,0,0,0,0,0,0,0,0,0,0,6,80573454812091,7,17663714968656,0,0,0,0,0,0,0,0,0,0,0,0,0,0,568,15,1,47461312346052,11,3844692462895,87,5733704943211,0,0,0,0,0,0,0,0,0,0,0,0,0,9,06450438856021E-06,0,0,000194673919754313,0,4,86684799385783E-08,5,67798948839574E-05,0,0,0,0,0,45058,9509219197,42332,3047815295,0,
300-310C*,0,015705819097685,583,150024,244,789407873074,874,217102955972,0,0212052538364372,343,513175916156,87,4948352475116,94,4098478981512,0,56,2754721322293,7,81667763389368,261,297472162978,0,0,49,0399787599227,395,258380814762,275,1767502948,31,8429938789579,40,6000850789579,7,09393127177012,0,44812775684793,0,253,008675517425,0,0,5,41123348071827,5,14202434500086,256,950880887986,1,48598661123851,2,5666524573687,32,3220914916594,41,0791826916594,13,1628929450862,0,634727068325412,0,000137222911415314,1,11853639544727E-05,0,000421107916783318,0,0,0184649408524112,25,7752226646529,5,26302101627966,4,00626883133364,3,25272402713578,10,1751396883716,0,0,0,0,0,0,0,0,0,0,0,0,0,0,0,0,0,0,0,0,0,0,0,0,0,0,0,0,0,0,0,0,0,0,0,0,0,0,0,0,0,0,0,0,0,0,0,0,0,0,0,0,0,0,0,0,0,0,0,0,0,0,0,0,0,0,0,0,0,0,0,0,0,0,0,0,0,0,0,0,0,0,0,0,0,0,0,0,0,0,0,0,0,0,0,0,5,14202434500086,5,41123348071827,0,0,0,0,0,0,0,0,0,0,0,0,0,0,578,15,1,61922883580897,11,2177479128502,87,685519213034,0,0,0,0,0,0,0,0,0,0,0,0,0,1,3227136739813E-05,0,0,000284072735351688,0,7,10181838379219E-08,8,28545501781817E-05,0,0,0,0,0,44953,5036109842,42244,8172601369,0,
310-320C*,0,0150585328941742,593,150024,254,373465343062,879,369338918412,0,0216814880525347,345,726499570876,89,3126025676343,95,9466700837223,1,72052981385692E-07,64,8840896899583,7,9417294250124,264,883789909044,0,0,49,4940539006449,399,291076094282,279,696089098584,30,8007836702806,39,5578748702806,6,97042423765424,0,52180766269859,1,97317119525795E-07,291,712125595984,0,0,3,71697319471143,3,53152225357914,258,65259431478,1,48850804374392,2,41437056354536,31,190566805601,39,947658005601,12,5484559753772,0,686035787221285,0,000180407505453052,1,47054423186193E-05,0,000227456403777024,1,18380100293136E-06,0,0242759309153522,24,0906810573038,6,17827561111788,4,62558915768092,3,71086194393761,10,6360868556625,0,0,0,0,0,0,0,0,0,0,0,0,0,0,0,0,0,0,0,0,0,0,0,0,0,0,0,0,0,0,0,0,0,0,0,0,0,0,0,0,0,0,0,0,0,0,0,0,0,0,0,0,0,0,0,0,0,0,0,0,0,0,0,0,0,0,0,0,0,0,0,0,0,0,0,0,0,0,0,0,0,0,0,0,0,0,0,0,0,0,0,0,0,0,0,0,3,53152225357914,3,71697319471143,0,0,0,0,0,0,0,0,0,0,0,0,0,0,588,15,1,78232489139115,11,0547978538897,87,7942134037995,0,0,0,0,0,0,0,0,0,0,0,0,0,1,73897690910657E-05,0,0,000373471550949062,0,9,33678877372655E-08,0,000108929205472406,0,0,0,0,0,44849,7305192313,42158,6980482108,0,
320-330C*,0,014419621371753,603,150024,264,098941186553,884,448418744381,0,0221239528872508,347,943858716364,90,9717410734532,97,1307579044525,4,66160641874054E-07,73,4927072476874,8,06703768902313,268,338855316671,0,0,49,9277825715208,403,122175907082,284,052847690139,29,7600365843327,38,5171277843327,6,85881651817731,0,81223857708118,5,3461134093741E-07,330,415575674543,0,0,2,16944240836946,2,0570035184663,260,250308969426,1,49094508166788,2,26760902366051,30,0590421195426,38,8161333195426,11,9544369735367,0,736638375503892,0,00022359209949079,1,82255206827659E-05,0,000120956611860094,3,20739246093368E-06,0,0300869209782933,22,4546517944875,7,29937611842271,5,36891866532847,4,25264145835151,11,0978556015466,0,0,0,0,0,0,0,0,0,0,0,0,0,0,0,0,0,0,0,0,0,0,0,0,0,0,0,0,0,0,0,0,0,0,0,0,0,0,0,0,0,0,0,0,0,0,0,0,0,0,0,0,0,0,0,0,0,0,0,0,0,0,0,0,0,0,0,0,0,0,0,0,0,0,0,0,0,0,0,0,0,0,0,0,0,0,0,0,0,0,0,0,0,0,0,0,2,0570035184663,2,16944240836946,0,0,0,0,0,0,0,0,0,0,0,0,0,0,598,15,1,96685929940665,10,8960740532896,87,8990400502739,0,0,0,0,0,0,0,0,0,0,0,0,0,2,15524014423184E-05,0,0,000462870366546436,0,1,15717591636609E-07,0,00013500386076663,0,0,0,0,0,44747,7576832435,42074,0589520165,0,
330-340C*,0,0137920773475889,613,150024,273,924427950647,889,448755524569,0,0225341411816225,350,165312410415,91,2874525000015,97,2884149398392,7,60268302362416E-07,75,8194887425257,8,19210650638847,271,664567667621,0,0,50,3458019665894,406,754379347841,288,437997300018,28,7208643593005,37,4779555593005,6,717898810323,0,8163449547588,8,71905562349024E-07,340,876543515812,0,0,1,99464868967554,1,89524010540204,261,737578594703,1,49329354816225,2,12634602042223,28,9275174334842,37,6846086334842,11,3811347483619,0,786469414673435,0,000266776693528529,2,17455990469125E-05,6,32888462072036E-05,5,23098391893601E-06,0,0358979110412343,20,8687200849531,8,68305975293639,6,26685876220778,4,89695820158738,11,5614040153198,0,0,0,0,0,0,0,0,0,0,0,0,0,0,0,0,0,0,0,0,0,0,0,0,0,0,0,0,0,0,0,0,0,0,0,0,0,0,0,0,0,0,0,0,0,0,0,0,0,0,0,0,0,0,0,0,0,0,0,0,0,0,0,0,0,0,0,0,0,0,0,0,0,0,0,0,0,0,0,0,0,0,0,0,0,0,0,0,0,0,0,0,0,0,0,0,1,89524010540204,1,99464868967554,0,0,0,0,0,0,0,0,0,0,0,0,0,0,608,15,2,17635543232062,10,74200089954,87,999615460752,0,0,0,0,0,0,0,0,0,0,0,0,0,2,57150337935712E-05,0,0,000552269182143811,0,1,38067295535953E-07,0,000161078516060855,0,0,0,0,0,44647,7062803316,41991,0068900515,0,
340-350C*,0,0132312516674831,623,150024,283,798177902734,894,364762349667,0,022913545776687,352,390916756917,91,6016966841331,97,4460719752258,1,05437596285078E-06,85,9866696150333,8,31641720484621,274,862969634059,0,528359591899072,0,50,752408516961,410,190721987614,292,584037670569,27,68337873337,36,4404699333701,6,57748135468411,0,820451332436405,1,20919978376064E-06,386,587132318248,0,0,1,82082196118282,1,73347669233779,263,107757442219,1,49554934303272,1,990554143029,27,7959927474258,36,5530839474258,10,8288331630678,0,835463486230112,0,000309961287566267,2,52656774110592E-05,3,25624266988254E-05,7,25457537693833E-06,0,0417089011041753,19,334417259866,10,4043417724871,7,35887265058076,5,66773306673128,12,0276901862781,0,0,0,0,0,0,0,0,0,0,0,0,0,0,0,0,0,0,0,0,0,0,0,0,0,0,0,0,0,0,0,0,0,0,0,0,0,0,0,0,0,0,0,0,0,0,0,0,0,0,0,0,0,0,0,0,0,0,0,0,0,0,0,0,0,0,0,0,0,0,0,0,0,0,0,0,0,0,0,0,0,0,0,0,0,0,0,0,0,0,0,0,0,0,0,0,1,73347669233779,1,82082196118282,0,0,0,0,0,0,0,0,0,0,0,0,0,0,618,15,2,41502328566834,10,5929731762568,88,0955843734963,0,0,458595233547269,0,0,0,0,0,0,0,0,0,0,0,2,98776661448239E-05,0,0,000641667997741185,0,1,60416999435296E-07,0,000187153171355079,0,0,528359591899072,0,0,0,44549,6928803251,41909,6441410914,0,
350-360C*,0,0126255180717581,633,150024,293,656159186738,899,190852310365,0,0232636595134814,354,620725294913,91,9145739655624,97,6037290106124,1,34848362333914E-06,97,1105989644388,8,43942999216059,277,936232292721,0,554278574240063,0,51,1515939661917,413,434543330691,296,481882384178,26,6476914447276,35,4047826447276,6,43753682000468,0,824557710114025,1,54649400517225E-06,436,599162863801,0,0,1,64788921443289,1,57171327927353,264,353964447777,1,49770845698395,1,86020022736592,26,6644680613673,35,4215592613673,10,2978031037861,0,883555171674123,0,000353145881604005,2,87857557752058E-05,1,64630325732032E-05,9,27816683494065E-06,0,0475198911671164,17,853224152143,12,5631812945819,8,696193125964,6,59542665728746,12,4976722037176,0,0,0,0,0,0,0,0,0,0,0,0,0,0,0,0,0,0,0,0,0,0,0,0,0,0,0,0,0,0,0,0,0,0,0,0,0,0,0,0,0,0,0,0,0,0,0,0,0,0,0,0,0,0,0,0,0,0,0,0,0,0,0,0,0,0,0,0,0,0,0,0,0,0,0,0,0,0,0,0,0,0,0,0,0,0,0,0,0,0,0,0,0,0,0,0,1,57171327927353,1,64788921443289,0,0,0,0,0,0,0,0,0,0,0,0,0,0,628,15,2,6879091872597,10,4493572370847,88,1866188654533,0,0,477132788479763,0,0,0,0,0,0,0,0,0,0,0,3,40402984960767E-05,0,0,000731066813338559,0,1,8276670333464E-07,0,000213227826649303,0,0,554278574240063,0,0,0,44453,8297076422,41830,0686030454,0,
360-370C*,0,0120473102773471,643,150024,303,420538078809,903,921438497354,0,023585975233043,356,854789378068,92,2261837050706,97,7613860459991,1,6425912838275E-06,110,799701892003,8,56058601127647,280,886641093091,0,580197556581054,0,51,5470777690983,416,489454925612,300,121779728049,25,6139142315593,34,3710054315593,6,2980376603679,0,828664087791631,1,88378822658387E-06,498,143947287585,0,0,1,47577863456147,1,40994986620928,265,469107811684,1,49082877564353,1,73524520532905,25,5329433753089,34,2900345753089,9,78830439950379,0,930679052505667,0,000478684313016163,3,90186901382489E-05,8,17339486242815E-06,1,1301758292943E-05,0,0644125491556516,16,4265745467265,15,293843154232,10,3457879456647,7,71905903008558,12,9723081569342,0,0,0,0,0,0,0,0,0,0,0,0,0,0,0,0,0,0,0,0,0,0,0,0,0,0,0,0,0,0,0,0,0,0,0,0,0,0,0,0,0,0,0,0,0,0,0,0,0,0,0,0,0,0,0,0,0,0,0,0,0,0,0,0,0,0,0,0,0,0,0,0,0,0,0,0,0,0,0,0,0,0,0,0,0,0,0,0,0,0,0,0,0,0,0,0,1,40994986620928,1,47577863456147,0,0,0,0,0,0,0,0,0,0,0,0,0,0,638,15,3,00108108689845,10,3114923410185,88,2724170899075,0,0,495682271027185,0,0,0,0,0,0,0,0,0,0,0,4,61411494491991E-05,0,0,000990950860653941,0,2,47737715163485E-07,0,000289027342615323,0,0,580197556581054,0,0,0,44360,2249112936,41752,3740600994,0,
370-380C*,0,0114887169713901,653,150024,312,997903984092,908,550934001325,0,0238718260484989,359,093158545151,92,5366244024152,97,9190430813857,1,93669894431586E-06,127,856920665613,8,67930982578542,283,716582734162,0,606116538922045,0,51,9423363055527,419,359309332442,303,493158155626,24,5821588320514,33,3392500320514,6,15895610940387,0,83277046546925,2,22108244799548E-06,574,831430597928,0,0,1,30441948818091,1,24818645314503,266,44589479397,1,49369899118744,1,61564396491305,24,4014186892505,33,1585098892505,9,30058769655637,0,976769710224944,0,000764086075802195,6,22824626167972E-05,3,98175321496617E-06,1,33253497509453E-05,0,102816680176223,15,0558586913242,18,7781455231669,12,3958014529825,9,08891773169431,13,4646903656691,0,0,0,0,0,0,0,0,0,0,0,0,0,0,0,0,0,0,0,0,0,0,0,0,0,0,0,0,0,0,0,0,0,0,0,0,0,0,0,0,0,0,0,0,0,0,0,0,0,0,0,0,0,0,0,0,0,0,0,0,0,0,0,0,0,0,0,0,0,0,0,0,0,0,0,0,0,0,0,0,0,0,0,0,0,0,0,0,0,0,0,0,0,0,0,0,1,24818645314503,1,30441948818091,0,0,0,0,0,0,0,0,0,0,0,0,0,0,648,15,3,36185841144954,10,1796921233111,88,3527018693248,0,0,514246838859566,0,0,0,0,0,0,0,0,0,0,0,7,3651483570657E-05,0,0,0015817768283631,0,3,95444207090776E-07,0,000461351588120712,0,0,606116538922045,0,0,0,44268,9828407953,41676,6504559635,0,
380-390C*,0,0109520395099423,663,150024,322,277673403578,913,073751912968,0,0241033964596612,361,335880882227,92,8459938121671,98,0767001167724,2,23080660480423E-06,144,914139439223,8,7950123376517,286,428532905652,0,632035521263036,0,52,3406293275254,422,048170118079,306,584451013206,23,5525369843901,32,3096281843901,6,02026417294607,0,83687684314687,2,5583766694071E-06,651,518913908271,0,0,1,13374201488681,1,08642304008077,267,276862612434,1,49659607219717,1,50134522281533,23,2698940031921,32,0269852031921,8,83489629118227,1,02176172633215,0,00104948783858823,8,55462350953455E-05,1,90189923734545E-06,1,53489412089476E-05,0,141220811196794,13,7424268584176,23,264347842071,14,9630687358129,10,7702078083591,13,962598970436,0,0,0,0,0,0,0,0,0,0,0,0,0,0,0,0,0,0,0,0,0,0,0,0,0,0,0,0,0,0,0,0,0,0,0,0,0,0,0,0,0,0,0,0,0,0,0,0,0,0,0,0,0,0,0,0,0,0,0,0,0,0,0,0,0,0,0,0,0,0,0,0,0,0,0,0,0,0,0,0,0,0,0,0,0,0,0,0,0,0,0,0,0,0,0,0,1,08642304008077,1,13374201488681,0,0,0,0,0,0,0,0,0,0,0,0,0,0,658,15,3,7790978062476,10,0542461766987,88,4272191698524,0,0,532829205363759,0,0,0,0,0,0,0,0,0,0,0,0,000101161817692115,0,0,00217260279607227,0,5,43150699018067E-07,0,000633675833626101,0,0,632035521263036,0,0,0,44180,2043262653,41602,9841713522,0,
390-400C*,0,0104176992385586,673,150024,331,819964554192,917,484305322975,0,0243185982997454,363,583003377325,93,1543890577976,98,234357152159,6,51035134773096E-05,151,972833133833,8,90709413241602,289,025044850641,0,657954503604027,0,52,7450239970574,424,56028302246,309,596219492236,22,5251604267615,31,2822516267615,5,88193362019595,0,840983220824476,7,53309558510277E-05,683,25406733995,0,0,0,963677322006434,0,924659627016517,268,472272071049,1,49951216189562,1,39229141142832,22,1383693171337,30,8954605171337,8,39146792401039,1,06558968232749,0,00133488960137426,0,000108810007573894,8,89990331363295E-07,0,000471548974171538,0,179624942217366,12,4875929505824,29,0942832616803,18,2035557113831,12,8479967760229,14,465251890737,0,0,0,0,0,0,0,0,0,0,0,0,0,0,0,0,0,0,0,0,0,0,0,0,0,0,0,0,0,0,0,0,0,0,0,0,0,0,0,0,0,0,0,0,0,0,0,0,0,0,0,0,0,0,0,0,0,0,0,0,0,0,0,0,0,0,0,0,0,0,0,0,0,0,0,0,0,0,0,0,0,0,0,0,0,0,0,0,0,0,0,0,0,0,0,0,0,924659627016517,0,963677322006434,0,0,0,0,0,0,0,0,0,0,0,0,0,0,668,15,4,26354902046788,9,93542171759361,88,4957364838568,0,0,551431709576623,0,0,0,0,0,0,0,0,0,0,0,0,000128672151813573,0,0,00276342876378143,0,6,90857190945358E-07,0,00080600007913149,0,0,657954503604027,0,0,0,44093,9869612481,41531,4583041153,0,
400-410C*,0,00979002907196446,683,150024,345,046805477418,921,777007322035,0,0245216150896764,365,834572268424,93,2738182166035,98,3920141875456,0,00020602368678278,168,592750914307,9,01494923967573,291,508738707964,0,683873485945018,0,53,1584168225808,426,900048411183,313,516580426925,21,5001408973518,30,2572320973518,5,93363626509051,0,845089598502096,0,000238444171331336,757,97549082203,0,0,0,792545518305948,0,762896213952263,270,172747509452,1,50243925929065,1,28841858220791,21,0068446310753,29,7639358310753,7,97053654069364,1,10818815971116,0,00162029136416029,0,000132073780052442,4,07653247615336E-07,0,00149419378249379,0,218029073237937,11,2926381423832,36,7426248083789,22,3269521589228,15,4339473926666,14,9726491265721,0,0,0,0,0,0,0,0,0,0,0,0,0,0,0,0,0,0,0,0,0,0,0,0,0,0,0,0,0,0,0,0,0,0,0,0,0,0,0,0,0,0,0,0,0,0,0,0,0,0,0,0,0,0,0,0,0,0,0,0,0,0,0,0,0,0,0,0,0,0,0,0,0,0,0,0,0,0,0,0,0,0,0,0,0,0,0,0,0,0,0,0,0,0,0,0,0,762896213952263,0,792545518305948,0,0,0,0,0,0,0,0,0,0,0,0,0,0,678,15,4,82829887215434,9,82346531212405,88,5580411465136,0,0,570056373161613,0,0,0,0,0,0,0,0,0,0,0,0,000156182485935031,0,0,00335425473149059,0,8,38563682872648E-07,0,000978324324636879,0,0,683873485945018,0,0,0,44010,4253870619,41462,1529506956,0,
410-420C*,0,00919537898327385,693,150024,358,195015731237,925,946271000839,0,0247166303503792,368,09063338563,93,2251440669721,98,5496712229323,0,000346943860088251,186,488081178545,9,11796928865118,293,88229159414,0,709792468286009,0,53,5835537591958,429,07199510456,317,136199558471,20,4775901343472,29,2346813343472,6,15338878266751,0,849195976179701,0,000401557386811645,838,431036311956,0,0,0,621467150360426,0,601132800888009,271,82070779368,1,50536922773626,1,18965632751904,19,8753199450169,28,6324111450169,7,57233402322726,1,14949173998337,0,00190569312694632,0,00015533755253099,1,82602213192908E-07,0,00251683859081603,0,256433204258509,10,1588145532739,46,8741276943655,27,6171894112921,18,6755283813178,15,4847906779413,0,0,0,0,0,0,0,0,0,0,0,0,0,0,0,0,0,0,0,0,0,0,0,0,0,0,0,0,0,0,0,0,0,0,0,0,0,0,0,0,0,0,0,0,0,0,0,0,0,0,0,0,0,0,0,0,0,0,0,0,0,0,0,0,0,0,0,0,0,0,0,0,0,0,0,0,0,0,0,0,0,0,0,0,0,0,0,0,0,0,0,0,0,0,0,0,0,601132800888009,0,621467150360426,0,0,0,0,0,0,0,0,0,0,0,0,0,0,688,15,5,48932581254228,9,71860463734531,88,6139386118575,0,0,588704947197028,0,0,0,0,0,0,0,0,0,0,0,0,000183692820056489,0,0,00394508069919976,0,9,86270174799939E-07,0,00115064857014227,0,0,709792468286009,0,0,0,43929,6115776849,41395,145487829,0,
420-430C*,0,00863061644554556,703,150024,371,290849338646,929,986509450079,0,0249078276027787,370,351232488531,93,1868979300748,98,7073282583189,0,000487864033393722,205,713547610066,9,21554803024319,296,148428385985,0,735711450627,0,54,0230487035472,431,080755649549,320,489973241149,19,4576198759339,28,2147110759339,6,36094877551538,0,853302353857321,0,000564670602291953,924,866735804884,0,0,0,452153294409803,0,439369387823755,273,423023857109,1,50829380593049,1,09592772316663,18,7437952589585,27,5008864589585,7,19709189680484,1,1894350046443,0,00219109488973235,0,000178601325009539,7,99114963384254E-08,0,00353948339913828,0,29483733527908,9,08734894706682,60,4276722319972,34,4614505076929,22,7686718850479,16,0016765448446,0,0,0,0,0,0,0,0,0,0,0,0,0,0,0,0,0,0,0,0,0,0,0,0,0,0,0,0,0,0,0,0,0,0,0,0,0,0,0,0,0,0,0,0,0,0,0,0,0,0,0,0,0,0,0,0,0,0,0,0,0,0,0,0,0,0,0,0,0,0,0,0,0,0,0,0,0,0,0,0,0,0,0,0,0,0,0,0,0,0,0,0,0,0,0,0,0,439369387823755,0,452153294409803,0,0,0,0,0,0,0,0,0,0,0,0,0,0,698,15,6,26619328439389,9,62105025355265,88,6632507129978,0,0,607378950877197,0,0,0,0,0,0,0,0,0,0,0,0,000211203154177947,0,0,00453590666690892,0,1,13397666672723E-06,0,00132297281564766,0,0,735711450627,0,0,0,43851,6351244028,41330,5108536174,0,
430-440C*,0,00809311587411344,713,150024,384,367222426323,933,892135760444,0,0250993903677997,372,616415599728,93,1597108327362,98,8649852937056,0,000628784206699193,226,323873892393,9,3070861883272,298,309913166554,0,761630432967991,0,54,4794005847094,432,931043079548,323,609312522617,18,4403418602982,27,1974330602982,6,55583386244365,0,857408731534941,0,000727783817772262,1017,52862129597,0,0,0,284455304820153,0,2776059747595,274,986468919927,1,51120462140958,1,00714929391811,17,6122705729,26,3693617729,6,84504301737415,1,22795253519416,0,00221284747103938,0,00018037442934291,3,41314212017786E-08,0,00456212820746053,0,297764398428221,8,07944645461791,78,7405017698009,43,3914061796285,27,9752399471269,16,5233067272819,0,0,0,0,0,0,0,0,0,0,0,0,0,0,0,0,0,0,0,0,0,0,0,0,0,0,0,0,0,0,0,0,0,0,0,0,0,0,0,0,0,0,0,0,0,0,0,0,0,0,0,0,0,0,0,0,0,0,0,0,0,0,0,0,0,0,0,0,0,0,0,0,0,0,0,0,0,0,0,0,0,0,0,0,0,0,0,0,0,0,0,0,0,0,0,0,0,2776059747595,0,284455304820153,0,0,0,0,0,0,0,0,0,0,0,0,0,0,708,15,7,18291703326529,9,5309973643117,88,7058139303684,0,0,626079703738844,0,0,0,0,0,0,0,0,0,0,0,0,000213299920413442,0,0,00458093788807392,0,1,14523447201848E-06,0,00133610692219604,0,0,761630432967991,0,0,0,43776,5835196209,41268,3218272969,0,
440-450C*,0,00758068763050462,723,150024,397,463611136687,937,657563022625,0,0252955021663672,374,886229335644,93,1442135985463,99,0226423290922,0,000769704380004664,248,366824348643,9,39199659433683,300,369541298537,0,787549415308982,0,54,9550092279088,434,62762918757,326,522419980999,17,425867825626,26,182959025626,6,73756233132928,0,861515109212547,0,00089089703325257,1116,6314362191,0,0,0,118224070124432,0,115842561695246,276,517694583009,1,51409320659065,0,923231004410816,16,4807458868416,25,2378370868416,6,51642324536408,1,26497891313315,0,00296454272749074,0,000241646886978004,1,4212435536791E-08,0,00558477301578278,0,398913749555188,7,13629431740821,103,733073999599,55,1421179040994,34,6472174834273,16,9947101857062,0,0,0,0,0,0,0,0,0,0,0,0,0,0,0,0,0,0,0,0,0,0,0,0,0,0,0,0,0,0,0,0,0,0,0,0,0,0,0,0,0,0,0,0,0,0,0,0,0,0,0,0,0,0,0,0,0,0,0,0,0,0,0,0,0,0,0,0,0,0,0,0,0,0,0,0,0,0,0,0,0,0,0,0,0,0,0,0,0,0,0,0,0,0,0,0,0,115842561695246,0,118224070124432,0,0,0,0,0,0,0,0,0,0,0,0,0,0,718,15,8,26904997716097,9,44862754152254,88,7414776911368,0,0,644808352661911,0,0,0,0,0,0,0,0,0,0,0,0,000285757033013672,0,0,00613706379626678,0,1,53426594906669E-06,0,00178997699172001,0,0,787549415308982,0,0,0,43704,5424394046,41208,6493071986,0,
450-460C*,0,00709151613256332,733,150024,410,626053701144,941,277204327314,0,0255112722476682,377,16072123573,92,9830251661009,99,0439915171606,0,000910624553310135,271,877127380591,9,4697095506685,302,330132090694,0,813468397649973,0,55,4521901472341,436,175324321093,329,264460009663,16,4143095101038,25,1714007101038,6,9188265408547,0,85944329922442,0,00105401024873288,1222,33131586027,0,0,0,0981482930444005,0,0965651836149317,278,023214015066,1,51695101740448,0,8440762779087,15,3492212007832,24,1063124007832,6,21147311137046,1,30044871996147,0,00426316605120841,0,000347500744513403,5,76302027866878E-09,0,00660741782410502,0,573658641750592,6,25906565069562,138,185760068136,70,7365506815051,43,2603305647855,16,9384355655599,0,0,0,0,0,0,0,0,0,0,0,0,0,0,0,0,0,0,0,0,0,0,0,0,0,0,0,0,0,0,0,0,0,0,0,0,0,0,0,0,0,0,0,0,0,0,0,0,0,0,0,0,0,0,0,0,0,0,0,0,0,0,0,0,0,0,0,0,0,0,0,0,0,0,0,0,0,0,0,0,0,0,0,0,0,0,0,0,0,0,0,0,0,0,0,0,0,0965651836149317,0,0981482930444005,0,0,0,0,0,0,0,0,0,0,0,0,0,0,728,15,9,56103832485062,9,37411039347444,88,7701027221057,0,0,663565894621823,0,0,0,0,0,0,0,0,0,0,0,0,000410933420099183,0,0,00882541573367373,0,2,20635393341843E-06,0,0025740796625333,0,0,813468397649973,0,0,0,43635,5960244633,41151,5625865503,0,
460-480C*,0,0127914315491473,753,150024,430,761002974379,946,421096249933,0,025908363652979,380,581337798087,92,757196869575,99,0628321833375,0,00112200481326834,310,072195211201,9,51916141239316,306,125393133756,2,07219822435543,0,56,2433045829605,438,019598392476,333,112807024158,14,9026834375087,23,6597746375087,7,161625150536,0,856853131305538,0,00129868007195334,1394,05237224544,0,0,0,0811779798889686,0,0803146853569707,280,256434529877,1,5211612114304,0,699638827753997,13,6519341716956,22,4090253716956,5,79897064008427,1,35059175640313,0,00621110103678493,0,000506281530816501,8,70669017649523E-10,0,00814138503658839,0,835775980043699,5,06937082697416,216,974551724334,104,622775557088,61,2956603159247,16,8540236353405,0,0,0,0,0,0,0,0,0,0,0,0,0,0,0,0,0,0,0,0,0,0,0,0,0,0,0,0,0,0,0,0,0,0,0,0,0,0,0,0,0,0,0,0,0,0,0,0,0,0,0,0,0,0,0,0,0,0,0,0,0,0,0,0,0,0,0,0,0,0,0,0,0,0,0,0,0,0,0,0,0,0,0,0,0,0,0,0,0,0,0,0,0,0,0,0,0,0803146853569707,0,0811779798889686,0,0,0,0,0,0,0,0,0,0,0,0,0,0,743,15,11,9863646339415,9,27499138657537,88,2901401073672,0,1,61435670770649,0,0,0,0,0,0,0,0,0,0,0,0,000598698000727449,0,0,0128579436397841,0,3,21448590994604E-06,0,00375023366875324,0,2,07219822435543,0,0,0,43538,1599344063,41070,9292480553,0,
480-500C*,0,0110568567765551,773,150024,459,143243875051,952,439028347796,0,0264799990438113,385,166213338591,92,5412097906924,99,085916271362,0,0101382880857195,366,771415608133,9,60983767323885,309,411464005701,3,74757961817698,0,57,483567255017,440,323947877575,337,908664562669,12,9039938166945,21,6610850166945,7,3998673200024,0,85543637429162,0,0117925818008233,1648,96617593226,0,0,0,0589228893051771,0,0586473543463561,283,22390575263,1,526377880386,0,572936211814186,11,3888847995788,20,1459759995788,5,37066821060676,1,39774872921329,0,00880834768422029,0,000717989245887298,1,1643634649436E-10,0,0756833094854498,1,18526576443451,3,83036224462014,409,074619693355,181,318828119773,99,9734299911295,16,7414743950478,0,0,0,0,0,0,0,0,0,0,0,0,0,0,0,0,0,0,0,0,0,0,0,0,0,0,0,0,0,0,0,0,0,0,0,0,0,0,0,0,0,0,0,0,0,0,0,0,0,0,0,0,0,0,0,0,0,0,0,0,0,0,0,0,0,0,0,0,0,0,0,0,0,0,0,0,0,0,0,0,0,0,0,0,0,0,0,0,0,0,0,0,0,0,0,0,0,0586473543463561,0,0589228893051771,0,0,0,0,0,0,0,0,0,0,0,0,0,0,763,15,16,4248816023382,9,18615786197359,88,2774858943131,0,2,98845290090796,0,0,0,0,0,0,0,0,0,0,0,0,000849050774898471,0,0,018234647514598,0,4,55866187864951E-06,0,00531843901037982,0,3,74757961817698,0,0,0,43429,8214447023,40981,9012449652,0,
500-520C*,0,00949177324353266,793,150024,488,432428592946,957,944327443102,0,027099840358931,389,766191611096,92,3774559594551,99,1066725877166,0,0200981815357546,430,492164858125,9,67192826595268,312,34019215059,5,40886477575518,0,58,7930927734276,442,116291793548,342,197018643837,10,9155568559314,19,6726480559314,7,58557069854708,0,856347388947699,0,0233849304455339,1935,44804378469,0,0,0,0369733419977982,0,0369800233357415,286,170874661767,1,53143930592057,0,462969824847525,9,12583542746195,17,882926627462,5,01877955938938,1,44583164146649,0,0114055943316556,0,000929696960958095,1,36162812895303E-11,0,150301047669648,1,53475554882532,2,80955095223891,805,452188180989,326,205715860213,168,494642475325,16,6289251547552,0,0,0,0,0,0,0,0,0,0,0,0,0,0,0,0,0,0,0,0,0,0,0,0,0,0,0,0,0,0,0,0,0,0,0,0,0,0,0,0,0,0,0,0,0,0,0,0,0,0,0,0,0,0,0,0,0,0,0,0,0,0,0,0,0,0,0,0,0,0,0,0,0,0,0,0,0,0,0,0,0,0,0,0,0,0,0,0,0,0,0,0,0,0,0,0,0,0369800233357415,0,0369733419977982,0,0,0,0,0,0,0,0,0,0,0,0,0,0,783,15,22,9232900417281,9,12339739244409,88,240845121499,0,4,44352087357677,0,0,0,0,0,0,0,0,0,0,0,0,00109940354906949,0,0,0236113513894119,0,5,90283784735298E-06,0,00688664435200641,0,5,40886477575518,0,0,0,43329,160744251,40898,9701964588,0,
520-540C*,0,00808607726827199,813,150024,518,926810409229,962,953198438126,0,0277678875983379,394,380375931345,92,2636381880907,99,1251011324011,0,0300580749857897,501,69172639084,9,70584023536222,314,927646395216,7,05605369709004,0,60,1706168248615,443,434260082625,346,060495548643,8,93704845717393,17,6941396571739,7,7211093429564,0,85958617527376,0,0349772790902445,2255,55387458938,0,0,0,0152524689529219,0,0153126923251269,289,132133603357,1,53633319798328,0,368650173084783,6,86278605534513,15,6198772553451,4,73876782302554,1,49741922344338,0,0158410626898735,0,00129124247390133,1,37320032233685E-12,0,224918785853846,2,13159947264615,1,99541080648621,1659,88884667329,610,221954129003,293,828118420886,16,5163759144626,0,0,0,0,0,0,0,0,0,0,0,0,0,0,0,0,0,0,0,0,0,0,0,0,0,0,0,0,0,0,0,0,0,0,0,0,0,0,0,0,0,0,0,0,0,0,0,0,0,0,0,0,0,0,0,0,0,0,0,0,0,0,0,0,0,0,0,0,0,0,0,0,0,0,0,0,0,0,0,0,0,0,0,0,0,0,0,0,0,0,0,0,0,0,0,0,0,0153126923251269,0,0152524689529219,0,0,0,0,0,0,0,0,0,0,0,0,0,0,803,15,32,5929856547371,9,08540793553078,88,1815178953538,0,5,95511266573604,0,0,0,0,0,0,0,0,0,0,0,0,00152694546516904,0,0,0327934596546371,0,8,19836491365927E-06,0,00956475933921465,0,7,05605369709004,0,0,0,43234,6900203108,40820,7727002029,0,
540-560C*,0,00684379252847609,833,150024,550,820419628037,967,428133798955,0,0277532916473715,399,009291546189,92,1946782581145,99,1367210740387,0,0400179684358248,580,826588084288,9,70977404503782,317,194993126318,8,71674589248133,0,61,6317166382129,444,314445340833,349,548761739757,6,96921877110039,15,7263099711004,7,80532174188551,0,86327892596133,0,0465696277349551,2611,33599041543,0,0,8,34576566009823E-15,8,40110727569335E-15,292,125004825405,1,54100796046084,0,288806715618069,4,5997366832283,13,3568278832283,4,53329054033886,1,55885823135265,0,0250033868758179,0,00203808518137371,1,17550415132813E-13,0,299536524038044,3,36449689785847,1,39694371539912,3571,95309720841,1184,71619496837,529,345920656726,15,5778729262182,0,0,0,0,0,0,0,0,0,0,0,0,0,0,0,0,0,0,0,0,0,0,0,0,0,0,0,0,0,0,0,0,0,0,0,0,0,0,0,0,0,0,0,0,0,0,0,0,0,0,0,0,0,0,0,0,0,0,0,0,0,0,0,0,0,0,0,0,0,0,0,0,0,0,0,0,0,0,0,0,0,0,0,0,0,0,0,0,0,0,0,0,0,0,0,0,8,40110727569335E-15,8,34576566009823E-15,0,0,0,0,0,0,0,0,0,0,0,0,0,0,823,15,47,1818218049966,9,07321213274803,88,0988396716791,0,7,53366111074845,0,0,0,0,0,0,0,0,0,0,0,0,0024101166033705,0,0,0517608934952054,0,1,29402233738013E-05,0,0150969277007757,0,8,71674589248133,0,0,0,43144,0820482852,40745,0325551726,0,
560-580C*,0,00574478799074204,853,150024,584,258730209317,971,315290945211,0,0275826039361288,403,653890676845,92,1626143192772,99,1367210740387,0,140546197386189,668,381546692522,9,75832291526301,319,164797818151,10,4211105490983,0,63,1967651933797,444,792138347168,352,696734685347,5,0131446493183,13,7702358493183,7,83738568072277,0,86327892596133,0,164036406005437,3004,97398709721,0,0,8,33222638936645E-15,8,40110727569335E-15,295,160103546707,1,5453997635498,0,222200775091261,2,33668731111148,11,0937785111115,4,40716556949852,1,63774238835273,0,0341657110617622,0,00278492788884609,8,38721298380265E-15,1,06996656070987,4,59739432307079,1,02916087170854,7992,3052183849,2378,58069911999,982,192795674506,14,5178246011959,0,0,0,0,0,0,0,0,0,0,0,0,0,0,0,0,0,0,0,0,0,0,0,0,0,0,0,0,0,0,0,0,0,0,0,0,0,0,0,0,0,0,0,0,0,0,0,0,0,0,0,0,0,0,0,0,0,0,0,0,0,0,0,0,0,0,0,0,0,0,0,0,0,0,0,0,0,0,0,0,0,0,0,0,0,0,0,0,0,0,0,0,0,0,0,0,8,40110727569335E-15,8,33222638936645E-15,0,0,0,0,0,0,0,0,0,0,0,0,0,0,843,149999999999,69,4328986643022,9,08845088055244,88,6880384919372,0,9,1995273061889,0,0,0,0,0,0,0,0,0,0,0,0,00329328774157196,0,0,0707283273357737,0,1,76820818339434E-05,0,0206290960623367,0,10,4211105490983,0,0,0,43054,7188150096,40669,1606204431,0,
580-600C*,0,00474901737378188,873,150024,620,014548305792,974,804768123725,0,027411916224886,408,309103847923,92,1679411578279,99,1367210740387,0,259296884230013,764,827060722207,9,80711452983932,320,834361502105,12,0574266439394,0,64,8094059789593,444,901129982781,355,579195840899,3,06502412689106,11,8221153268911,7,83205884217212,0,86327892596133,0,302805246693116,3438,58299719866,0,0,8,32650289610614E-15,8,40110727569335E-15,298,286293360247,1,54964216690249,0,167541627730274,0,0736379389946507,8,83072913899465,4,33474339435612,1,72360852812009,0,0391003715377705,0,00318716373158266,4,8841076376234E-16,1,98039486764798,5,26141036001705,0,817826870550463,18625,5925698791,4946,11296384061,1879,71977361279,13,478368295302,0,0,0,0,0,0,0,0,0,0,0,0,0,0,0,0,0,0,0,0,0,0,0,0,0,0,0,0,0,0,0,0,0,0,0,0,0,0,0,0,0,0,0,0,0,0,0,0,0,0,0,0,0,0,0,0,0,0,0,0,0,0,0,0,0,0,0,0,0,0,0,0,0,0,0,0,0,0,0,0,0,0,0,0,0,0,0,0,0,0,0,0,0,0,0,0,8,40110727569335E-15,8,32650289610614E-15,0,0,0,0,0,0,0,0,0,0,0,0,0,0,863,15,104,004373077079,9,12258665751847,89,4662521586677,0,10,8345708875374,0,0,0,0,0,0,0,0,0,0,0,0,00376894758734774,0,0,0809438408020992,0,2,02359602005248E-05,0,0236086209084776,0,12,0574266439394,0,0,0,42968,3272551289,40595,2063358832,0,
600-625C*,0,00473186917236647,898,150024,663,6970071403,978,347312744683,0,027219892549738,413,556367236171,92,2097938822337,99,1367210740387,0,392891406929315,884,547583976099,9,85615010248852,322,550149689063,13,7717338456237,0,66,6562476531989,444,642476882759,358,540665510015,0,881050883257821,9,63814208325782,7,79020611776632,0,86327892596133,0,458920192466755,3976,8340304294,0,0,8,3285627786488E-15,8,40110727569335E-15,301,943848998473,1,5542956008873,0,114000181889301,-2,47229260463678,6,28479859536322,4,30461615299716,1,8262023845337,0,0595723133483349,0,00485588011169872,1,01130060428898E-17,3,00462671295336,8,01614855036192,0,729880914032143,50633,01652942,11750,4079916577,4047,7778887574,12,3335938490359,0,0,0,0,0,0,0,0,0,0,0,0,0,0,0,0,0,0,0,0,0,0,0,0,0,0,0,0,0,0,0,0,0,0,0,0,0,0,0,0,0,0,0,0,0,0,0,0,0,0,0,0,0,0,0,0,0,0,0,0,0,0,0,0,0,0,0,0,0,0,0,0,0,0,0,0,0,0,0,0,0,0,0,0,0,0,0,0,0,0,0,0,0,0,0,0,8,40110727569335E-15,8,3285627786488E-15,0,0,0,0,0,0,0,0,0,0,0,0,0,0,885,65,167,417366353398,9,17825901044723,90,4622984864857,0,12,5784720067437,0,0,0,0,0,0,0,0,0,0,0,0,00574227092573897,0,0,123323939344729,0,3,08309848361824E-05,0,0359694833365789,0,13,7717338456237,0,0,0,42874,3148940671,40514,1513591245,0,
625-650C*,0,00361650883540178,923,150024,717,507536215812,981,93140988871,0,0270065329106846,419,395983292352,92,2892619762658,99,1367210740387,0,632392804061943,1032,29301463958,9,90543085300096,323,783830643842,14,9933010571799,0,68,716152238235,443,902909838266,361,508179079334,-1,53854478319393,7,21854641680607,7,71073802373419,0,86327892596133,0,739188320244251,4641,08213550234,0,0,8,34034365740107E-15,8,40110727569335E-15,306,219569896265,1,55940349445791,0,0744549568937233,-5,30110431978281,3,45598688021719,4,31831412520043,1,94448626860206,0,0931769476533068,0,00759507330750874,1,38605125770891E-19,4,8557986453275,12,5380434614108,0,769869699135467,163417,163338671,32382,8538086854,9941,5468151015,11,0921885204674,0,0,0,0,0,0,0,0,0,0,0,0,0,0,0,0,0,0,0,0,0,0,0,0,0,0,0,0,0,0,0,0,0,0,0,0,0,0,0,0,0,0,0,0,0,0,0,0,0,0,0,0,0,0,0,0,0,0,0,0,0,0,0,0,0,0,0,0,0,0,0,0,0,0,0,0,0,0,0,0,0,0,0,0,0,0,0,0,0,0,0,0,0,0,0,0,8,40110727569335E-15,8,34034365740107E-15,0,0,0,0,0,0,0,0,0,0,0,0,0,0,910,65,292,042234191908,9,25870081952028,91,7114207563814,0,13,8374339873239,0,0,0,0,0,0,0,0,0,0,0,0,008981475577927,0,0,192890750666889,0,4,82226876667222E-05,0,0562598038852655,0,14,9933010571799,0,0,0,42773,3362494446,40426,5849364098,0,
650-675C*,0,00271581010346381,948,150024,778,053943728539,985,593771749978,0,0257869521053381,425,234342544383,92,3616244659362,99,1367210740387,1,60867696786989,1196,39320759477,9,95495800726596,324,560080404401,15,9233365612601,0,70,6507822656507,442,743732994451,364,147596968812,-3,9597057439905,4,79738545600951,7,63837553406379,0,863278925961331,1,88362279763018,5378,85955253033,0,0,7,51238923757132E-15,7,550810110263E-15,310,863536233984,1,56480401842254,0,0463539579261727,-8,12991603492884,0,627175165071162,4,32565317150966,2,05107178500471,0,126781581958279,0,0103342665033188,1,17292580372822E-21,12,4768935626501,17,0599383724596,0,791293129326579,598686,477222345,99582,9354025351,26907,1185903669,9,88295822178707,0,0,0,0,0,0,0,0,0,0,0,0,0,0,0,0,0,0,0,0,0,0,0,0,0,0,0,0,0,0,0,0,0,0,0,0,0,0,0,0,0,0,0,0,0,0,0,0,0,0,0,0,0,0,0,0,0,0,0,0,0,0,0,0,0,0,0,0,0,0,0,0,0,0,0,0,0,0,0,0,0,0,0,0,0,0,0,0,0,0,0,0,0,0,0,0,7,550810110263E-15,7,51238923757132E-15,0,0,0,0,0,0,0,0,0,0,0,0,0,0,935,65,540,501063302357,9,33946525677147,92,9739844414794,0,14,8038441210487,0,0,0,0,0,0,0,0,0,0,0,0,012220680230115,0,0,262457561989048,0,6,5614390497262E-05,0,076550124433952,0,15,9233365612601,0,0,0,42676,6647647987,40343,240704406,0,
675-700C*,0,00200311665459623,973,150024,846,51324016999,989,151723192419,0,0237530996800968,431,075870220945,92,444606351607,99,1367210740387,2,58496113167783,1377,75387963081,10,0047327973023,324,925521356472,16,8533720653402,0,72,5238053275934,441,215787687061,366,456653503935,-6,37877849641051,2,37831270358949,7,55539364839294,0,863278925961331,3,02805727501611,6194,23829009066,0,0,7,53567791820197E-15,7,550810110263E-15,315,93402873025,1,5703417007089,0,027275358383197,-10,9587277500749,-2,20163655007487,4,3490231776182,2,1556719043529,0,161012274673715,0,0131244912003962,5,62271938327199E-24,20,0979884799728,21,6660767338197,0,859505114418787,2524031,62373297,345796,003506552,81102,9993301741,8,70590295299501,0,0,0,0,0,0,0,0,0,0,0,0,0,0,0,0,0,0,0,0,0,0,0,0,0,0,0,0,0,0,0,0,0,0,0,0,0,0,0,0,0,0,0,0,0,0,0,0,0,0,0,0,0,0,0,0,0,0,0,0,0,0,0,0,0,0,0,0,0,0,0,0,0,0,0,0,0,0,0,0,0,0,0,0,0,0,0,0,0,0,0,0,0,0,0,0,7,550810110263E-15,7,53567791820197E-15,0,0,0,0,0,0,0,0,0,0,0,0,0,0,960,65,1068,50898821711,9,42820457939872,94,326667575186,0,15,7763708342447,0,0,0,0,0,0,0,0,0,0,0,0,0155202316576114,0,0,333320411438633,0,8,33301028596583E-05,0,0972184561139381,0,16,8533720653402,0,0,0,42582,6582910447,40262,1678655696,0,
700-725C*,0,00144351120421432,998,150024,928,856461798468,992,537618059427,0,0215591146469339,436,922119990451,92,5450461357748,99,1367210740387,3,38443620872712,1577,33728370229,10,0547564612888,324,914054509362,18,4492734482008,0,74,362017501527,439,365611027999,368,536587921438,-8,79441011732188,-0,0373189173218792,7,45495386422517,0,863278925961331,3,96461284086958,7091,54453748622,0,0,7,56671092459473E-15,7,550810110263E-15,321,642279188916,1,57595293824755,0,0150068335183521,-13,7875394652209,-5,0304482652209,4,39628508375272,2,26329054775139,0,246788443184113,0,0201163095018253,1,37064635256234E-26,26,3150480061312,33,2082591708132,0,997417662620609,12433173,6168796,1373824,26925743,275441,787876756,7,56102271409118,0,0,0,0,0,0,0,0,0,0,0,0,0,0,0,0,0,0,0,0,0,0,0,0,0,0,0,0,0,0,0,0,0,0,0,0,0,0,0,0,0,0,0,0,0,0,0,0,0,0,0,0,0,0,0,0,0,0,0,0,0,0,0,0,0,0,0,0,0,0,0,0,0,0,0,0,0,0,0,0,0,0,0,0,0,0,0,0,0,0,0,0,0,0,0,0,7,550810110263E-15,7,56671092459473E-15,0,0,0,0,0,0,0,0,0,0,0,0,0,0,985,65,2272,9792312038,9,52769015161641,95,7986041131228,0,17,4577862742095,0,0,0,0,0,0,0,0,0,0,0,0,0237883342521585,0,0,510890400046356,0,0,000127722600011589,0,149009704270941,0,18,4492734482008,0,0,0,42490,0781593876,40182,0483679998,0,
725-750C*,0,00101964064334715,1023,150024,1025,01119464188,995,758380259298,0,0192049970058492,442,772837408125,92,6628232446181,99,1367210740387,7,48250597371833,1795,95286977871,10,1050302435952,330,984482736398,18,7134430735006,0,76,1683802810182,437,235577770466,370,282680296889,-11,2067390848905,-2,44964788489052,7,33717675538191,0,863278925961331,8,78048011883147,8074,41749767563,0,0,7,60561142790888E-15,7,550810110263E-15,327,984482736398,1,58163620338096,0,00761602547451487,-16,6163511803669,-7,85925998036693,4,4661515012052,2,37587966761995,0,33256461169451,0,0271081278032544,1,48132469721263E-29,58,76760061253,44,7504416078067,1,20120617111658,72773367,4101808,6336435,94536991,1067715,5064181,6,4483175050756,0,0,0,0,0,0,0,0,0,0,0,0,0,0,0,0,0,0,0,0,0,0,0,0,0,0,0,0,0,0,0,0,0,0,0,0,0,0,0,0,0,0,0,0,0,0,0,0,0,0,0,0,0,0,0,0,0,0,0,0,0,0,0,0,0,0,0,0,0,0,0,0,0,0,0,0,0,0,0,0,0,0,0,0,0,0,0,0,0,0,0,0,0,0,0,0,7,550810110263E-15,7,60561142790888E-15,0,0,0,0,0,0,0,0,0,0,0,0,0,0,1010,65,5245,26096573655,9,63770581169278,97,3893087060292,0,17,7374993265475,0,0,0,0,0,0,0,0,0,0,0,0,0320564368467056,0,0,68846038865408,0,0,00017211509716352,0,200800952427943,0,18,7134430735006,0,0,0,42397,9635938258,40101,989657894,0,
750-775C*,0,0012614685628405,1048,150024,1129,77578277471,998,820933700329,0,0166907467568429,448,62777801758,92,7978700415141,99,1367210740387,11,907240388609,2034,46863361945,10,1555553948132,337,842645449883,19,6434785775808,0,77,9453931239498,434,864093543518,371,612320451458,-13,6159038772823,-4,85881267728235,7,20212995848586,0,863278925961332,13,9805983070412,9146,75958940569,0,0,6,82821712646245E-15,6,73743795317894E-15,334,842645449883,1,58739077302931,0,00350315367652875,-19,445162895513,-10,688071695513,4,55738557850876,2,49539121637837,0,408224504331828,0,033275344539703,5,94693471596448E-33,93,8212743330285,54,9313613101994,1,46716766729637,515665709,193256,34480332,7882399,4792123,13290033,5,36778732594824,0,0,0,0,0,0,0,0,0,0,0,0,0,0,0,0,0,0,0,0,0,0,0,0,0,0,0,0,0,0,0,0,0,0,0,0,0,0,0,0,0,0,0,0,0,0,0,0,0,0,0,0,0,0,0,0,0,0,0,0,0,0,0,0,0,0,0,0,0,0,0,0,0,0,0,0,0,0,0,0,0,0,0,0,0,0,0,0,0,0,0,0,0,0,0,0,6,73743795317894E-15,6,82821712646245E-15,0,0,0,0,0,0,0,0,0,0,0,0,0,0,1035,65,13248,4629577949,9,75803659226875,99,0982811573997,0,18,7250905159999,0,0,0,0,0,0,0,0,0,0,0,0,039349415368379,0,0,845088115294045,0,0,000211272028823511,0,246484040669831,0,19,6434785775808,0,0,0,42305,3612208899,40021,1055678538,0,
775-800C*,0,00123778230845434,1073,150024,1243,18857426364,1001,73220229082,0,0140163638999148,454,486706495011,92,950175305902,99,1367210740387,14,8775985515804,2293,75257098388,10,2063331717873,345,292486080919,20,573514081661,0,79,695150992424,432,285821973533,372,602096144119,-16,0220429726633,-7,26495177266327,7,049824694098,0,863278925961332,17,4669261047963,10312,4732314232,0,0,6,87746314470811E-15,6,73743795317894E-15,342,292486080919,1,59321667208494,0,00142714126773831,-22,273974610659,-13,516883410659,4,668796671423,2,62377714644643,0,587699067858166,0,0479047405560608,7,0308269579866E-37,117,175405851385,79,081754024111,1,79171349577725,4515935050,65284,225360693,554566,25300670,8769679,4,31943217670912,0,0,0,0,0,0,0,0,0,0,0,0,0,0,0,0,0,0,0,0,0,0,0,0,0,0,0,0,0,0,0,0,0,0,0,0,0,0,0,0,0,0,0,0,0,0,0,0,0,0,0,0,0,0,0,0,0,0,0,0,0,0,0,0,0,0,0,0,0,0,0,0,0,0,0,0,0,0,0,0,0,0,0,0,0,0,0,0,0,0,0,0,0,0,0,0,6,73743795317894E-15,6,87746314470811E-15,0,0,0,0,0,0,0,0,0,0,0,0,0,0,1060,65,36988,1057317679,9,88846901149483,,0,19,7167648087763,0,0,0,0,0,0,0,0,0,0,0,0,05664925668931,0,1,2166283315825,0,0,000304157082895624,0,354849940183465,0,20,573514081661,0,0,0,42211,3243867693,39938,5157481979,0,
800-825C*,2,10150758133485E-05,1098,150024,1365,22681207637,1004,49910993905,0,0111818484350651,460,349395864155,93,1197884500528,99,1367210740387,27,4139180274276,2574,67267763137,10,2573648376462,353,427456291012,21,5035495857411,0,81,4193931709184,429,531931791022,373,323579902357,-18,4252948491992,-9,66820364919922,6,88021154994721,0,863278925961332,32,2282901820566,11575,460842475,0,0,6,93431426160289E-15,6,73743795317894E-15,350,427456291012,1,59911462254004,0,000499276051668326,-25,102786325805,-16,345695125805,4,79923637090334,2,76298941024391,0,7271967641867,0,0592755276072314,1,79365614365673E-41,217,591961129053,97,85279367913,2,17136247471261,50010391554,4364,1804567404,84934,159917881,882787,3,30325205735824,0,0,0,0,0,0,0,0,0,0,0,0,0,0,0,0,0,0,0,0,0,0,0,0,0,0,0,0,0,0,0,0,0,0,0,0,0,0,0,0,0,0,0,0,0,0,0,0,0,0,0,0,0,0,0,0,0,0,0,0,0,0,0,0,0,0,0,0,0,0,0,0,0,0,0,0,0,0,0,0,0,0,0,0,0,0,0,0,0,0,0,0,0,0,0,0,6,73743795317894E-15,6,93431426160289E-15,0,0,0,0,0,0,0,0,0,0,0,0,0,0,1085,65,115392,380933139,10,028791274767,,0,20,7121176692697,0,0,0,0,0,0,0,0,0,0,0,0,0700956635990276,0,1,50541022494556,0,0,00037635255623639,0,439077994820873,0,21,5035495857411,0,0,0,42114,9125247445,39853,3451368171,0,
825-850C*,1,93315412535192E-07,1123,150024,1495,25621641448,1007,37333815816,0,00818720036229368,466,209953071543,92,9221761826771,99,1367208271356,42,9711086447217,2878,09694932131,10,3086516618345,362,3195515572,22,4335850898213,0,83,0445053667839,426,630353116244,373,837683173385,-20,8306931371525,-12,0736019371525,7,07782381732291,0,863279172864345,50,5512436521992,12939,6248413079,0,0,7,85597928719087E-15,7,5936296465022E-15,359,3195515572,1,60530191925751,0,000143780415006924,-27,9315980409511,-19,1745068409511,4,91888818540942,2,89444753665205,0,94936857541951,0,0773852772360098,6,44754093073519E-47,342,383660526855,127,748598331392,2,51930175569912,718342604822,774,18096525962,3502,1233892480,90825,2,31924696789559,0,0,0,0,0,0,0,0,0,0,0,0,0,0,0,0,0,0,0,0,0,0,0,0,0,0,0,0,0,0,0,0,0,0,0,0,0,0,0,0,0,0,0,0,0,0,0,0,0,0,0,0,0,0,0,0,0,0,0,0,0,0,0,0,0,0,0,0,0,0,0,0,0,0,0,0,0,0,0,0,0,0,0,0,0,0,0,0,0,0,0,0,0,0,0,0,7,5936296465022E-15,7,85597928719087E-15,0,0,0,0,0,0,0,0,0,0,0,0,0,0,1110,65,407130,430408752,10,1703751702814,,0,21,7107768678945,0,0,0,0,0,0,0,0,0,0,0,0,0915111611759164,0,1,96534037424787,0,0,000491335093561967,0,573224292200132,0,22,4335850898213,0,0,0,42020,6372046582,39770,413592422,0,
850-875C*,0,1148,150024,1629,71936699502,1010,24784091629,0,00503241968160055,472,070884063663,92,7226166114308,99,1367208060951,52,644055205716,3183,28815625706,10,3601949201436,318,200382586164,23,3636205939015,,,,374,19113223724,,,7,27738338856921,0,863279193904908,61,9269013045179,14311,7327974161,,,8,1595317896673E-15,7,83960544582874E-15,,,,,,5,04043120103031,3,02588425202164,1,17670264935309,0,095915815103,,419,307139601456,158,339045550637,,,,,1,36741690832117,0,0,0,0,0,0,0,0,0,0,0,0,0,0,0,0,0,0,0,0,0,0,0,0,0,0,0,0,0,0,0,0,0,0,0,0,0,0,0,0,0,0,0,0,0,0,0,0,0,0,0,0,0,0,0,0,0,0,0,0,0,0,0,0,0,0,0,0,0,0,0,0,0,0,0,0,0,0,0,0,0,0,0,0,0,0,0,0,0,0,0,0,0,0,0,0,,,,,0,0,0,0,0,0,0,0,0,0,0,0,1135,65,,10,3174291964832,106,890577550347,,,,,,,,,,,,,,0,113424257542436,,2,43595720896508,,0,00060898930224127,0,710487539581125,,23,3636205939015,,,,41926,6527241449,,,
875-900C*,0,1173,150024,1771,46513952871,1013,12234367442,0,00171750639298572,477,932192003444,92,5217028332763,99,1367207850545,84,3313480326596,3472,82567730716,10,4119958947443,316,144557868667,24,2936560979817,,,,374,437864707896,,,7,47829716672374,0,863279214945456,99,2987932391235,15613,463408247,,,8,47406903135647E-15,8,08558124515528E-15,,,,,,5,16388142092756,3,15732096739122,1,37303717651807,0,111919506618646,,675,505420158896,184,758142726145,,,,,0,447761878634997,0,0,0,0,0,0,0,0,0,0,0,0,0,0,0,0,0,0,0,0,0,0,0,0,0,0,0,0,0,0,0,0,0,0,0,0,0,0,0,0,0,0,0,0,0,0,0,0,0,0,0,0,0,0,0,0,0,0,0,0,0,0,0,0,0,0,0,0,0,0,0,0,0,0,0,0,0,0,0,0,0,0,0,0,0,0,0,0,0,0,0,0,0,0,0,0,,,,,0,0,0,0,0,0,0,0,0,0,0,0,1160,65,,10,470327637549,109,017008378788,,,,,,,,,,,,,,0,132349257826812,,2,84240016809261,,0,000710600042023151,0,829033406047011,,24,2936560979817,,,,41832,9534451174,,,
900-925C*,0,1198,150024,1920,61277364038,1015,99684643255,2,07076878618284E-11,483,793873691457,92,3194463423564,99,136720764014,84,5940746693086,3762,36319835726,10,4640558742181,313,872072262104,25,2236916020618,,,,374,608336085311,,,7,68055365764363,0,863279235986005,153,006666728678,16915,194019078,,,8,80068569600349E-15,8,33155704448183E-15,,,,,,5,28922265726366,3,28875768276081,1,56937170368304,0,127923198134293,,1044,56133252873,211,177239901654,,,,,0,0,0,0,0,0,0,0,0,0,0,0,0,0,0,0,0,0,0,0,0,0,0,0,0,0,0,0,0,0,0,0,0,0,0,0,0,0,0,0,0,0,0,0,0,0,0,0,0,0,0,0,0,0,0,0,0,0,0,0,0,0,0,0,0,0,0,0,0,0,0,0,0,0,0,0,0,0,0,0,0,0,0,0,0,0,0,0,0,0,0,0,0,0,0,0,0,,,,,0,0,0,0,0,0,0,0,0,0,0,0,1185,65,,10,629438694609,111,227040411964,,,,,,,,,,,,,,0,151274258111187,,3,24884312722013,,0,000812210781805034,0,947579272512898,,25,2236916020618,,,,41739,5391010015,,,
925-950C*,0,1223,150024,2077,16005908388,1018,87134919068,2,07076878618284E-11,489,655925964377,92,115858503102,99,1367207429734,84,7560151657879,4051,90071940737,10,5163761535891,311,40071489161,26,153727106142,,,,374,724865272011,,,7,88414149689796,0,863279257026568,186,064155960442,18216,9246299089,,,9,14058216467846E-15,8,57753284380837E-15,,,,,,5,41643890488166,3,4201943981304,1,76570623084802,0,143926889649939,,1413,61724489857,237,596337077163,,,,,0,0,0,0,0,0,0,0,0,0,0,0,0,0,0,0,0,0,0,0,0,0,0,0,0,0,0,0,0,0,0,0,0,0,0,0,0,0,0,0,0,0,0,0,0,0,0,0,0,0,0,0,0,0,0,0,0,0,0,0,0,0,0,0,0,0,0,0,0,0,0,0,0,0,0,0,0,0,0,0,0,0,0,0,0,0,0,0,0,0,0,0,0,0,0,0,0,,,,,0,0,0,0,0,0,0,0,0,0,0,0,1210,65,,10,7951354264997,113,525704774007,,,,,,,,,,,,,,0,170199258395563,,3,65528608634766,,0,000913821521586915,1,06612513897878,,26,153727106142,,,,41646,4093849871,,,
950-975C*,0,1248,150024,2241,15913468413,1021,74585194881,2,07076878618284E-11,495,518345694476,91,9109505520568,99,1367207219329,85,154459955738,4341,43824045747,10,5689580343571,308,747339236237,27,0837626102222,,,,374,80374457332,,,8,08904944794322,0,863279278067116,267,58273418676,19518,6552407398,,,9,49508060891662E-15,8,82350864313491E-15,,,,,,5,54551433873534,3,55163111349998,1,96204075801299,0,159930581165586,,1832,51193515461,264,015434252671,,,,,0,0,0,0,0,0,0,0,0,0,0,0,0,0,0,0,0,0,0,0,0,0,0,0,0,0,0,0,0,0,0,0,0,0,0,0,0,0,0,0,0,0,0,0,0,0,0,0,0,0,0,0,0,0,0,0,0,0,0,0,0,0,0,0,0,0,0,0,0,0,0,0,0,0,0,0,0,0,0,0,0,0,0,0,0,0,0,0,0,0,0,0,0,0,0,0,0,,,,,0,0,0,0,0,0,0,0,0,0,0,0,1235,65,,10,9677969776904,115,918185986558,,,,,,,,,,,,,,0,189124258679938,,4,06172904547519,,0,0010154322613688,1,18467100544467,,27,0837626102222,,,,41553,5639515972,,,
975-1000C*,0,1273,150024,2412,71329074308,1024,62035470694,2,07076878618284E-11,501,381129789127,91,7047335996708,99,1367207008923,85,823372791589,4630,97576150757,10,6218028245289,305,92789045406,28,0137981143024,,,,374,856650132904,,,8,29526640032923,0,863279299107665,404,550148129474,20820,3858515707,,,9,86564376586028E-15,9,06948444246145E-15,,,,,,5,67643331136286,3,68306782886957,2,15837528517797,0,175934272681232,,2781,08852061989,290,43453142818,,,,,0,0,0,0,0,0,0,0,0,0,0,0,0,0,0,0,0,0,0,0,0,0,0,0,0,0,0,0,0,0,0,0,0,0,0,0,0,0,0,0,0,0,0,0,0,0,0,0,0,0,0,0,0,0,0,0,0,0,0,0,0,0,0,0,0,0,0,0,0,0,0,0,0,0,0,0,0,0,0,0,0,0,0,0,0,0,0,0,0,0,0,0,0,0,0,0,0,,,,,0,0,0,0,0,0,0,0,0,0,0,0,1260,65,,11,1478097532522,118,409837124405,,,,,,,,,,,,,,0,208049258964314,,4,46817200460271,,0,00111704300115068,1,30321687191056,,28,0137981143024,,,,41461,0024182029,,,
1000-1050C*,0,1323,150024,2684,54946058445,1028,93210884414,2,07076878618284E-11,510,175982434561,91,3929777921473,99,1367206693315,86,6466611329023,5065,28204308273,10,6749118386515,299,987935757475,29,4088513704227,,,,374,904631546767,,,8,60702220785271,0,863279330668495,573,045137035651,22772,9817678171,,,1,04552160195055E-14,9,43844814145127E-15,,,,,,5,8762346069914,3,88022290192395,2,45287707592543,0,199939809954701,,3945,27915811361,330,063177191443,,,,,0,0,0,0,0,0,0,0,0,0,0,0,0,0,0,0,0,0,0,0,0,0,0,0,0,0,0,0,0,0,0,0,0,0,0,0,0,0,0,0,0,0,0,0,0,0,0,0,0,0,0,0,0,0,0,0,0,0,0,0,0,0,0,0,0,0,0,0,0,0,0,0,0,0,0,0,0,0,0,0,0,0,0,0,0,0,0,0,0,0,0,0,0,0,0,0,0,,,,,0,0,0,0,0,0,0,0,0,0,0,0,1298,15,,11,4255769354918,121,967026492105,,,,,,,,,,,,,,0,236436759390877,,5,07783644329401,,0,0012694591108235,1,48103567160939,,29,4088513704227,,,,41322,6915061275,,,
1050-1100C*,0,1373,150024,3075,17289025281,1034,6811143604,2,07076878618284E-11,521,903699647711,90,9728233912534,99,1367206272504,89,3066501221729,5644,35708518294,10,7282863978448,293,413012605121,31,268922378583,,,,374,935599419819,,,9,02717660874659,0,863279372749607,1118,40122390909,25376,4429894789,,,1,13143768741382E-14,9,93039974010435E-15,,,,,,6,14894575265927,4,14309633266313,2,84554613025538,0,231947192985994,,7745,15236497638,382,90137154246,,,,,0,0,0,0,0,0,0,0,0,0,0,0,0,0,0,0,0,0,0,0,0,0,0,0,0,0,0,0,0,0,0,0,0,0,0,0,0,0,0,0,0,0,0,0,0,0,0,0,0,0,0,0,0,0,0,0,0,0,0,0,0,0,0,0,0,0,0,0,0,0,0,0,0,0,0,0,0,0,0,0,0,0,0,0,0,0,0,0,0,0,0,0,0,0,0,0,0,,,,,0,0,0,0,0,0,0,0,0,0,0,0,1348,15,,11,8343673888695,126,962482685107,,,,,,,,,,,,,,0,274286759959628,,5,89072236154906,,0,00147268059038726,1,71812740454116,,31,268922378583,,,,41139,2664187856,,,
1100-1150C*,0,1423,150024,3499,92292720227,1040,43011987666,2,07076878618284E-11,533,632820369738,90,5476268011459,99,1367205851693,92,3618929444092,6223,43212728314,10,781927829834,286,441603645677,33,1289933867434,,,,374,948505222993,,,9,45237319885411,0,863279414830718,1744,91519011049,27979,9042111408,,,1,22741900641383E-14,1,04223513387574E-14,,,,,,6,42875809141229,4,4059697634023,5,90057998353746,0,480970225581276,,12114,5548520393,793,99175594799,,,,,0,0,0,0,0,0,0,0,0,0,0,0,0,0,0,0,0,0,0,0,0,0,0,0,0,0,0,0,0,0,0,0,0,0,0,0,0,0,0,0,0,0,0,0,0,0,0,0,0,0,0,0,0,0,0,0,0,0,0,0,0,0,0,0,0,0,0,0,0,0,0,0,0,0,0,0,0,0,0,0,0,0,0,0,0,0,0,0,0,0,0,0,0,0,0,0,0,,,,,0,0,0,0,0,0,0,0,0,0,0,0,1398,15,,12,2799829148644,132,401889539662,,,,,,,,,,,,,,0,568766377869922,,12,2151168401594,,0,00305377921003985,3,5627425135058,,33,1289933867434,,,,40956,9683279156,,,
1150+C*,0,1623,150024,4728,35229638419,1054,80263366732,2,07076878618284E-11,562,961611925347,89,4631167902993,99,1367204799665,100,7671,11973253366,10,8358374689832,256,883099206624,37,7791709071443,,,,374,956162235452,,,10,5368832097007,0,863279520033475,3311,200105614,34488,5572652954,,,1,52890456326169E-14,1,16522303353901E-14,,,,,,7,1585946783231,5,06315334025024,9,45062923135013,0,770343133381681,,23038,0610696966,1271,69222672151,,,,,0,0,0,0,0,0,0,0,0,0,0,0,0,0,0,0,0,0,0,0,0,0,0,0,0,0,0,0,0,0,0,0,0,0,0,0,0,0,0,0,0,0,0,0,0,0,0,0,0,0,0,0,0,0,0,0,0,0,0,0,0,0,0,0,0,0,0,0,0,0,0,0,0,0,0,0,0,0,0,0,0,0,0,0,0,0,0,0,0,0,0,0,0,0,0,0,0,,,,,0,0,0,0,0,0,0,0,0,0,0,0,1523,15,,13,52967847398,146,605396951648,,,,,,,,,,,,,,0,910961324395797,,19,5642700541379,,0,00489106751353448,5,70624559549248,,37,7791709071443,,,,40506,1224029792,,,
