Name,Burgan-1983
Created,26/03/2026 08:53:30
Cpt,Composition,Boiling Temperature,Molecular Weight,Standard Liquid Density,Acidity,Aniline Point,Assay - Aromatics Vol Pct,Assay - Aromatics Wt Pct,Asphaltene Content,Basic Nitrogen Content,C to H Ratio,Cloud Point,Conradson Carbon Content,Copper Content,Cetane Number,Flash Point,Freeze Point,MON (Clear),MON (Leaded),Assay - Naphthenes Vol Pct,Assay - Naphthenes Wt Pct,Nickel Content,Nitrogen Content,Assay - Olefins Vol Pct,Assay - Olefins Wt Pct,Assay - Paraffins Vol Pct,Assay - Paraffins Wt Pct,Pour Point,Refractive Index,Reid Vapour Pressure,RON (Clear),RON (Leaded),Smoke Point,Sulfur Content,Mercaptan Sulfur Content,Sodium Content,True Vapour Pressure,Vanadium Content,Iron Content,Luminometer Number,Viscosity @ 38C,Viscosity @ 50C,Viscosity @ 60C,Wax Content,Pi C6 22DMB Wt Pct,Pi C6 22DMB Vol Pct,Pi C6 23DMB Wt Pct,Pi C6 23DMB Vol Pct,Pi C6 2MP Wt Pct,Pi C6 2MP Vol Pct,Pi C6 3MP Wt Pct,Pi C6 3MP Vol Pct,Pi C7 22-mPentane Wt Pct,Pi C7 22-mPentane Vol Pct,Pi C7 24-mPentane Wt Pct,Pi C7 24-mPentane Vol Pct,Pi C7 223-mButane Wt Pct,Pi C7 223-mButane Vol Pct,Pi C7 33-mPentane Wt Pct,Pi C7 33-mPentane Vol Pct,Pi C7 23-mPentane Wt Pct,Pi C7 23-mPentane Vol Pct,Pi C7 2-mHexane Wt Pct,Pi C7 2-mHexane Vol Pct,Pi C7 3-mHexane Wt Pct,Pi C7 3-mHexane Vol Pct,Pi C7 3-ePentane Wt Pct,Pi C7 3-ePentane Vol Pct,Pi C6 Wt Pct,Pi C6 Vol Pct,Pi C7 Wt Pct,Pi C7 Vol Pct,Pi C8 Wt Pct,Pi C8 Vol Pct,Pi C9 Wt Pct,Pi C9 Vol Pct,Pi C10  Wt Pct,Pi C10  Vol Pct,Pi C11  Wt Pct,Pi C11  Vol Pct,Pn C6 Hexane Wt Pct,Pn C6 Hexane Vol Pct,Pn C7 Heptane Wt Pct,Pn C7 Heptane Vol Pct,Pn C8 Octane Wt Pct,Pn C8 Octane Vol Pct,Pn C9 Nonane Wt Pct,Pn C9 Nonane Vol Pct,Pn C10 Decane Wt Pct,Pn C10 Decane Vol Pct,Pn C11 n-C11 Wt Pct,Pn C11 n-C11 Vol Pct,On C6 Wt Pct,On C6 Vol Pct,On C7 Wt Pct,On C7 Vol Pct,On C8 Wt Pct,On C8 Vol Pct,On C9 Wt Pct,On C9 Vol Pct,On C10 Wt Pct,On C10 Vol Pct,On C11 Wt Pct,On C11 Vol Pct,A C6 Benzene Wt Pct,A C6 Benzene Vol Pct,A C7 Toluene Wt Pct,A C7 Toluene Vol Pct,A C8 m-Xylene Wt Pct,A C8 m-Xylene Vol Pct,A C8 o-Xylene Wt Pct,A C8 o-Xylene Vol Pct,A C8 p-Xylene Wt Pct,A C8 p-Xylene Vol Pct,A C8 EthBenz Wt Pct,A C8 EthBenz Vol Pct,N C6 cyc-C5 Wt Pct,N C6 cyc-C5 Vol Pct,N C6 cyc-C6 Wt Pct,N C6 cyc-C6 Vol Pct,A C8 Wt Pct,A C8 Vol Pct,A C9 Wt Pct,A C9 Vol Pct,A C10 Wt Pct,A C10 Vol Pct,A C11 Wt Pct,A C11 Vol Pct,N C6 Wt Pct,N C6 Vol Pct,N C7 Wt Pct,N C7 Vol Pct,N C8 Wt Pct,N C8 Vol Pct,N C9 Wt Pct,N C9 Vol Pct,N C10 Wt Pct,N C10 Vol Pct,N C11 Wt Pct,N C11 Vol Pct,Pi Wt Pct,Pi Vol Pct,Pn Wt Pct,Pn Vol Pct,Oi C6 Wt Pct,Oi C6 Vol Pct,Oi C7 Wt Pct,Oi C7 Vol Pct,Oi C8 Wt Pct,Oi C8 Vol Pct,Oi C9 Wt Pct,Oi C9 Vol Pct,Oi C10 Wt Pct,Oi C10 Vol Pct,Oi C11 Wt Pct,Oi C11 Vol Pct,Centroid Boiling Temperature,Viscosity @ 100C,Hydrogen,CarbonByWt,PValue,RamsCarbonResidueByWt,SulfideByWt,ZincByWt,TinByWt,ChromiumByWt,LeadByWt,AluminiumByWt,MagnesiumByWt,MetalByWt,ArsenicByWt,CadmiumByWt,MercuryByWt,NaClByWt,SaltByWt,MudByWt,ChloridesByWt,MolybdenumByWt,AshByWt,GumByWt,MicroCarbonResidueByWt,nC5InsolublesByWt,NaphthenicAcidByWt,NaphthenicAcidByVol,Gross Heating Value,Net Heating Value,Oxygen Content,
Hydrogen,0,20,5548,2,016000032,69,85910034,0,,0,0,0,0,0,13,9,0,0,,,13,9,10,,0,0,0,0,0,0,0,0,13,9,,,130,,,0,0,0,,0,0,,,,,0,,,,,,,,,,,,,,,,,,,,,,,,,,,,,,,,,,,,,,,,,,,,,,,,,,,,,,,,,,,,,,,,,,,,,,,,,,,,,,,,,,,,,,,,,,,,,,,,,0,0,0,0,,,,,,,,,,,,,,,100,0,,,,,,,,,,,,,,,,,,,,,0,,,,,,,
Nitrogen,0,77,3498,28,0135,806,3740234,0,,0,0,0,0,0,63,1,0,0,,,63,1,,,0,0,0,0,0,0,0,0,63,1,,,,,,0,0,0,,0,0,,,,,0,,,,,,,,,,,,,,,,,,,,,,,,,,,,,,,,,,,,,,,,,,,,,,,,,,,,,,,,,,,,,,,,,,,,,,,,,,,,,,,,,,,,,,,,,,,,,,,,,0,0,0,0,,,,,,,,,,,,,,,0,0,,,,,,,,,,,,,,,,,,,,,0,,,,,,,
CO,0,81,6996,28,0109005,799,3880005,0,,0,0,0,0,0,68,2,0,0,,,68,2,,,0,0,0,0,0,0,0,0,68,2,,,120,,,0,0,0,,0,0,,,,,0,,,,,,,,,,,,,,,,,,,,,,,,,,,,,,,,,,,,,,,,,,,,,,,,,,,,,,,,,,,,,,,,,,,,,,,,,,,,,,,,,,,,,,,,,,,,,,,,,0,0,0,0,,,,,,,,,,,,,,,0,0,,,,,,,,,,,,,,,,,,,,,0,,,,,,,
Oxygen,0,90,1996,32,1137,680054,0,,0,0,0,0,0,54,4,0,0,,,54,4,,,0,0,0,0,0,0,0,0,54,4,,,120,,,0,0,0,,0,0,,,,,0,,,,,,,,,,,,,,,,,,,,,,,,,,,,,,,,,,,,,,,,,,,,,,,,,,,,,,,,,,,,,,,,,,,,,,,,,,,,,,,,,,,,,,,,,,,,,,,,,0,0,0,0,,,,,,,,,,,,,,,0,0,,,,,,,,,,,,,,,,,,,,,0,,,,,,,
Methane,0,111,625,16,04290009,299,3940125,0,,0,0,0,0,3,90,4,0,0,,85,15,90,4,,,0,0,0,0,0,0,100,100,90,4,,,120,,,0,0,0,,0,0,,,,,0,,,,,,,,,,,,,,,,,,,,,,,,,,,,,,,,,,,,,,,,,,,,,,,,,,,,,,,,,,,,,,,,,,,,,,,,,,,,,,,,,,,,,,,,,,,,,,,,,0,0,100,100,,,,,,,,,,,,,,,25,13516209,75,,,,,,,,,,,,,,,,,,,,,0,,,,,,,
Ethylene,0,169,399,28,05380058,383,2260132,0,,0,0,0,0,6,104,0,0,,137,15,104,75,6,,0,0,0,0,100,100,0,0,104,,,100,51,,,0,0,0,,0,0,,,,,0,,,,,,,,,,,,,,,,,,,,,,,,,,,,,,,,,,,,,,,,,,,,,,,,,,,,,,,,,,,,,,,,,,,,,,,,,,,,,,,,,,,,,,,,,,,,,,,,,0,0,0,0,,,,,,,,,,,,,,,14,34761566,85,71428571,,,,,,,,,,,,,,,,,,,,,0,,,,,,,
Ethane,0,184,55,30,06990051,355,6830139,0,,0,0,0,0,4,90,4,0,0,,138,15,90,4,100,79,,0,0,0,0,0,0,100,100,90,4,,,111,38,,,0,0,0,,0,0,,,,,0,,,,,,,,,,,,,,,,,,,,,,,,,,,,,,,,,,,,,,,,,,,,,,,,,,,,,,,,,,,,,,,,,,,,,,,,,,,,,,,,,,,,,,,,,,,,,,,,,0,0,100,100,,,,,,,,,,,,,,,20,11147323,80,,,,,,,,,,,,,,,,,,,,,0,,,,,,,
CO2,0,194,598,44,00970078,825,335022,0,,0,0,0,0,0,217,0,0,,,217,,,0,0,0,0,0,0,0,0,217,,,,,,0,0,0,,0,0,,,,,0,,,,,,,,,,,,,,,,,,,,,,,,,,,,,,,,,,,,,,,,,,,,,,,,,,,,,,,,,,,,,,,,,,,,,,,,,,,,,,,,,,,,,,,,,,,,,,,,,0,0,0,0,,,,,,,,,,,,,,,0,0,,,,,,,,,,,,,,,,,,,,,0,,,,,,,
H2S,0,213,498,34,07600021,788,40802,0,,0,0,0,0,0,188,0,0,,,188,,,0,0,0,0,0,0,0,0,188,,2759,,,,94,1177,0,0,,0,0,,,,,0,,,,,,,,,,,,,,,,,,,,,,,,,,,,,,,,,,,,,,,,,,,,,,,,,,,,,,,,,,,,,,,,,,,,,,,,,,,,,,,,,,,,,,,,,,,,,,,,,0,0,0,0,,,,,,,,,,,,,,,5,911554252,0,,,,,,,,,,,,,,,,,,,,,0,,,,,,,
Propene,0,225,399,42,08060074,520,9550171,0,,0,0,0,0,6,87,9,0,0,,165,87,9,84,9,,0,0,0,0,100,100,0,0,87,9,,1565,102,54,,,0,0,0,,0,0,,,,,0,,,,,,,,,,,,,,,,,,,,,,,,,,,,,,,,,,,,,,,,,,,,,,,,,,,,,,,,,,,,,,,,,,,,,,,,,,,,,,,,,,,,,,,,,,,,,,,,,0,0,0,0,,,,,,,,,,,,,,,14,36465558,85,71428571,,,,,,,,,,,,,,,,,,,,,0,,,,,,,
Propane,0,231,048,44,09700012,506,678009,0,,0,0,0,0,4,5,85,5,0,0,,169,15,85,5,97,1,,0,0,0,0,0,0,100,100,85,5,,1303,112,14,,,0,0,0,,0,0,,,,,0,,,,,,,,,,,,,,,,,,,,,,,,,,,,,,,,,,,,,,,,,,,,,,,,,,,,,,,,,,,,,,,,,,,,,,,,,,,,,,,,,,,,,,,,,,,,,,,,,0,0,100,100,,,,,,,,,,,,,,,18,28426304,81,81818182,,,,,,,,,,,,,,,,,,,,,0,,,,,,,
i-Butane,0,261,42,58,12400055,561,9660034,0,380,85,0,0,0,0,4,8,114,0,0,,190,15,114,97,6,,0,0,0,0,0,0,100,100,114,,489,6,101,426,,,0,0,0,,0,0,,,,,0,,,,,,,,,,,,,,,,,,,,,,,,,,,,,,,,,,,,,,,,,,,,,,,,,,,,,,,,,,,,,,,,,,,,,,,,,,,,,,,,,,,,,,,,,,,,,,,,,100,100,0,0,,,,,,,,,,,,,,,17,34802065,82,75862069,,,,,,,,,,,,,,,,,,,,,0,,,,,,,
i-Butene,0,266,299,56,10770035,592,7930298,0,286,7055556,0,0,0,0,6,133,0,0,,193,15,133,88,1,,0,0,0,0,100,100,0,0,133,,442,7,105,2096138,,,0,0,0,,0,0,,,,,0,,,,,,,,,,,,,,,,,,,,,,,,,,,,,,,,,,,,,,,,,,,,,,,,,,,,,,,,,,,,,,,,,,,,,,,,,,,,,,,,,,,,,,,,,,,,,,,,,0,0,0,0,,,,,,,,,,,,,,,14,37319073,85,71428571,,,,,,,,,,,,,,,,,,,,,0,,,,,,,
1-Butene,0,266,898,56,10770035,593,7890015,0,,0,0,0,0,6,87,8,0,0,,193,15,87,8,80,8,,0,0,0,0,100,100,0,0,87,8,,432,97,4,,,0,0,0,,0,0,,0,236064836133691,0,219972008704656,0,208210021632581,0,,,,,,,,,,,,,,,,,,,,,,,,,,,,,,,,,,,,,,,,,,,,,,,,,,,,,,,,,,,,,,,,,,,,,,,,,,,,,,,,,,,,,,,,,,,,,,,,,0,0,0,0,,,,,,,,,,,,,,,14,37319073,85,71428571,,,,,,,,,,,,,,,,,,,,,0,,,,,,,
13-Butadiene,0,268,7,54,1,619,7440186,0,,0,0,0,0,8,164,0,0,,197,15,164,73,94513286,,0,0,0,0,100,100,0,0,164,,409,6,102,9723045,,,0,0,0,,0,0,,,,,0,,,,,,,,,,,,,,,,,,,,,,,,,,,,,,,,,,,,,,,,,,,,,,,,,,,,,,,,,,,,,,,,,,,,,,,,,,,,,,,,,,,,,,,,,,,,,,,,,0,0,0,0,,,,,,,,,,,,,,,11,17841035,88,88888889,,,,,,,,,,,,,,,,,,,,,0,,,,,,,
n-Butane,0,272,648,58,12400055,583,2230225,0,356,35,0,0,0,0,4,8,135,0,0,,213,15,135,89,6,,0,0,0,0,0,0,100,100,135,,358,5,93,8,,,0,0,0,,0,0,,0,241514675581771,0,217701202498228,,0,,,,,,,,,,,,,,,,,,,,,,,,,,,,,,,,,,,,,,,,,,,,,,,,,,,,,,,,,,,,,,,,,,,,,,,,,,,,,,,,,,,,,,,,,,,,,,,,,0,0,100,100,,,,,,,,,,,,,,,17,34802065,82,75862069,,,,,,,,,,,,,,,,,,,,,0,,,,,,,
tr2-Butene,0,274,027,56,1,608,684021,0,,0,0,0,0,6,168,0,0,,201,168,83,84306902,,0,0,0,0,100,100,0,0,168,,343,9,105,0089318,,,0,0,0,,0,0,,,,,0,,,,,,,,,,,,,,,,,,,,,,,,,,,,,,,,,,,,,,,,,,,,,,,,,,,,,,,,,,,,,,,,,,,,,,,,,,,,,,,,,,,,,,,,,,,,,,,,,0,0,0,0,,,,,,,,,,,,,,,14,37319073,85,71428571,,,,,,,,,,,,,,,,,,,,,0,,,,,,,
i-Pentane,0,301,028,72,15100098,623,4420166,0,343,95,0,0,0,0,5,113,0,0,,217,113,90,3,,0,0,0,0,0,0,100,100,113,,133,8,92,3,,,0,0,0,,0,0,,,,,0,,,,,,,,,,,,,,,,,,,,,,,,,,,,,,,,,,,,,,,,,,,,,,,,,,,,,,,,,,,,,,,,,,,,,,,,,,,,,,,,,,,,,,,,,,,,,,,,,100,100,0,0,,,,,,,,,,,,,,,16,75213296,83,33333333,,,,,,,,,,,,,,,,,,,,,0,,,,,,,
1-Pentene,0,303,096,70,13500214,638,7230225,0,292,25,0,0,0,0,6,108,0,0,,245,108,77,1,,0,0,0,0,100,100,0,0,108,,131,8,90,9,,,0,0,0,,0,0,,,,,0,,,,,,,,,,,,,,,,,,,,,,,,,,,,,,,,,,,,,,,,,,,,,,,,,,,,,,,,,,,,,,,,,,,,,,,,,,,,,,,,,,,,,,,,,,,,,,,,,0,0,0,0,,,,,,,,,,,,,,,14,37831669,85,71428571,,,,,,,,,,,,,,,,,,,,,0,,,,,,,
2M-1-butene,0,304,303,70,1,654,3800049,0,,0,0,0,0,6,136,0,0,,221,136,81,9,,0,0,0,0,100,100,0,0,136,,127,2,102,54,,,0,0,0,,0,0,,,,,0,,,,,,,,,,,,,,,,,,,,,,,,,,,,,,,,,,,,,,,,,,,,,,,,,,,,,,,,,,,,,,,,,,,,,,,,,,,,,,,,,,,,,,,,,,,,,,,,,0,0,0,0,,,,,,,,,,,,,,,14,37831669,85,71428571,,,,,,,,,,,,,,,,,,,,,0,,,,,,,
n-Pentane,0,309,209,72,15100098,629,7290039,0,343,95,0,0,0,0,5,143,0,0,,233,143,61,9,,0,0,0,0,0,0,100,100,143,,101,35,61,7,,,0,0,0,,0,0,,0,317713556013358,0,28795065870348,0,265338970196147,0,,,,,,,,,,,,,,,,,,,,,,,,,,,,,,,,,,,,,,,,,,,,,,,,,,,,,,,,,,,,,,,,,,,,,,,,,,,,,,,,,,,,,,,,,,,,,,,,,0,0,100,100,,,,,,,,,,,,,,,16,75213296,83,33333333,,,,,,,,,,,,,,,,,,,,,0,,,,,,,
cis2-Butene,0,276,867,56,1,625,9530029,0,,0,0,0,0,6,134,0,0,,203,134,83,5,,0,0,0,0,100,100,0,0,134,,314,4,100,,,0,0,0,,0,0,,,,,0,,,,,,,,,,,,,,,,,,,,,,,,,,,,,,,,,,,,,,,,,,,,,,,,,,,,,,,,,,,,,,,,,,,,,,,,,,,,,,,,,,,,,,,,,,,,,,,,,0,0,0,0,,,,,,,,,,,,,,,14,37319073,85,71428571,,,,,,,,,,,,,,,,,,,,,0,,,,,,,
3M-1-butene,0,293,204,70,1,631,2700195,0,,0,0,0,0,6,105,0,0,,217,105,85,26729455,,0,0,0,0,100,100,0,0,105,,190,101,6748769,,,0,0,0,,0,0,,,,,0,,,,,,,,,,,,,,,,,,,,,,,,,,,,,,,,,,,,,,,,,,,,,,,,,,,,,,,,,,,,,,,,,,,,,,,,,,,,,,,,,,,,,,,,,,,,,,,,,0,0,0,0,,,,,,,,,,,,,,,14,37831669,85,71428571,,,,,,,,,,,,,,,,,,,,,0,,,,,,,
2M-2-butene,0,311,704,70,1,666,1090088,0,406,15,0,0,0,0,6,139,0,0,,228,139,84,7,,0,0,0,0,100,100,0,0,139,,98,11,97,3,,,0,0,0,,0,0,,,,,0,,,,,,,,,,,,,,,,,,,,,,,,,,,,,,,,,,,,,,,,,,,,,,,,,,,,,,,,,,,,,,,,,,,,,,,,,,,,,,,,,,,,,,,,,,,,,,,,,0,0,0,0,,,,,,,,,,,,,,,14,37831669,85,71428571,,,,,,,,,,,,,,,,,,,,,0,,,,,,,
2M-13-C4==,0,307,204,68,1,684,8460083,0,,0,0,0,0,7,5,127,0,0,,219,127,81,,0,0,0,0,100,100,0,0,127,,118,6,99,1,,,0,0,0,,0,0,,,,,0,,,,,,,,,,,,,,,,,,,,,,,,,,,,,,,,,,,,,,,,,,,,,,,,,,,,,,,,,,,,,,,,,,,,,,,,,,,,,,,,,,,,,,,,,,,,,,,,,0,0,0,0,,,,,,,,,,,,,,,11,8404699,88,23529412,,,,,,,,,,,,,,,,,,,,,0,,,,,,,
tr2-Pentene,0,309,493,70,1,652,2630005,0,404,4833333,0,0,0,0,6,133,0,0,,225,133,85,14880659,,0,0,0,0,100,100,0,0,133,,106,7,100,3776273,,,0,0,0,,0,0,,,,,0,,,,,,,,,,,,,,,,,,,,,,,,,,,,,,,,,,,,,,,,,,,,,,,,,,,,,,,,,,,,,,,,,,,,,,,,,,,,,,,,,,,,,,,,,,,,,,,,,0,0,0,0,,,,,,,,,,,,,,,14,37831669,85,71428571,,,,,,,,,,,,,,,,,,,,,0,,,,,,,
cis2-Pentene,0,310,083,70,1,659,5750122,0,403,9277778,0,0,0,0,6,122,0,0,,226,122,85,14880659,,0,0,0,0,100,100,0,0,122,,104,4,100,3776273,,,0,0,0,,0,0,,,,,0,,,,,,,,,,,,,,,,,,,,,,,,,,,,,,,,,,,,,,,,,,,,,,,,,,,,,,,,,,,,,,,,,,,,,,,,,,,,,,,,,,,,,,,,,,,,,,,,,0,0,0,0,,,,,,,,,,,,,,,14,37831669,85,71428571,,,,,,,,,,,,,,,,,,,,,0,,,,,,,
Cyclopentane,0,322,398,70,13500214,748,8740234,0,289,95,0,0,0,0,6,179,0,0,,233,179,84,9,,100,100,0,0,0,0,0,0,179,,41,7,101,426,,,0,0,0,,0,0,,0,483269667509962,0,429891392256475,,0,,,,,,,,,,,,,,,,,,,,,,,,,,,,,,,,,,,,,,,,,,,,,,,,,,,,,,,,,,,,,,,,,,,,,,,,,,,,,,,,,,,,,,,,,,,,,,,,,0,0,0,0,,,,,,,,,,,,,,,14,37831669,85,71428571,,,,,,,,,,,,,,,,,,,,,0,,,,,,,
Cyclopentene,0,317,38,68,1,776,5159912,0,458,3722222,0,0,0,0,7,5,138,0,0,,244,138,69,7,,100,100,0,0,0,0,0,0,138,,81,04,93,3,,,0,0,0,,0,0,,,,,0,,,,,,,,,,,,,,,,,,,,,,,,,,,,,,,,,,,,,,,,,,,,,,,,,,,,,,,,,,,,,,,,,,,,,,,,,,,,,,,,,,,,,,,,,,,,,,,,,0,0,0,0,,,,,,,,,,,,,,,11,8404699,88,23529412,,,,,,,,,,,,,,,,,,,,,0,,,,,,,
22-Mpropane,0,282,648,72,2,595,5930176,0,291,7055556,0,0,0,0,5,257,0,0,,225,257,80,2,,0,0,0,0,0,0,100,100,257,,251,8,85,5,,,0,0,0,,0,0,,,,,0,,,,,,,,,,,,,,,,,,,,,,,,,,,,,,,,,,,,,,,,,,,,,,,,,,,,,,,,,,,,,,,,,,,,,,,,,,,,,,,,,,,,,,,,,,,,,,,,,100,100,0,0,,,,,,,,,,,,,,,16,75213296,83,33333333,,,,,,,,,,,,,,,,,,,,,0,,,,,,,
33M-1-butene,0,314,397,84,16,657,1190186,0,,0,0,0,0,6,,0,0,,241,15,157,95,93,3,,0,0,0,0,100,100,0,0,,,91,82,111,77,,,0,0,0,,0,0,,,,,0,,,,,,,,,,,,,,,,,,,,,,,,,,,,,,,,,,,,,,,,,,,,,,,,,,,,,,,,,,,,,,,,,,,,,,,,,,,,,,,,,,,,,,,,,,,,,,,,,0,0,0,0,,,,,,,,,,,,,,,14,3716,85,71428571,,,,,,,,,,,,,,,,,,,,,0,,,,,,,
H2O,0,373,148,18,01510048,997,9860229,0,,0,0,0,0,0,,0,0,,,,,,0,0,0,0,0,0,0,0,,,,,,,0,0,0,,0,0,,0,698140124178851,0,560124358458913,0,474686748589316,0,,,,,,,,,,,,,,,,,,,,,,,,,,,,,,,,,,,,,,,,,,,,,,,,,,,,,,,,,,,,,,,,,,,,,,,,,,,,,,,,,,,,,,,,,,,,,,,,,0,0,0,0,,,,,,,,,,,,,,0,279783740086422,11,18972388,0,,,,,,,,,,,,,,,,,,,,,0,,,,,,,
36-40C*,0,313,149994,73,0037092528271,629,849372125288,0,0163635547509007,294,403135857465,0,430567519423471,0,53460603382206,0,,5,30338500481496,131,026435124202,0,,,,136,026435124202,,,12,4875926067051,20,3902965623602,0,,,,87,0818398738714,79,0750974038177,,,309,906994710832,79,2316365238804,,57,9543229864569,0,00224778992611408,,,,0,0,,,,,0,0398490470818231,0,0,0,0,0,0,0,0,0,0,0,0,0,0,0,0,0,0,0,0,0,0,0,0,0,0,0,0,0,0,0,0,0,0,0,0,0,0,0,0,0,0,0,0,0,0,0,0,0,0,0,0,0,0,0,0,0,0,0,0,0,0,0,0,0,0,0,0,0,0,0,0,0,0,0,0,0,0,0,0,0,0,0,0,0,0,0,0,0,0,0,0,0,0,0,0,,,,,0,0,0,0,0,0,0,0,0,0,0,0,311,15,,15,8479701648067,84,0478873287906,,,,,,,,,,,,,,,,,,,,,0,,,,48536,68018389,,,
40-50C*,0,323,149994,75,9175346895723,637,880575943804,0,0184055350210906,295,509063027698,0,449816905570457,0,561061687828932,0,,5,22706165755343,137,761547073959,0,,,,142,761547073959,,,14,7770165716792,21,5645156131429,0,,,,84,7731665227504,77,8744226990282,,,181,729918625194,78,1631320488865,,55,8166238526232,0,00234828189151595,,,,0,0,,,,,0,0416305788051044,0,0,0,0,0,0,0,0,0,0,0,0,0,0,0,0,0,0,0,0,0,0,0,0,0,0,0,0,0,0,0,0,0,0,0,0,0,0,0,0,0,0,0,0,0,0,0,0,0,0,0,0,0,0,0,0,0,0,0,0,0,0,0,0,0,0,0,0,0,0,0,0,0,0,0,0,0,0,0,0,0,0,0,0,0,0,0,0,0,0,0,0,0,0,0,0,,,,,0,0,0,0,0,0,0,0,0,0,0,0,318,15,,16,018697149466,83,7307176739343,,,,,,,,,,,,,,,,,,,,,0,,,,48410,4332373758,,,
50-60C*,1,25295844389617E-05,333,149994,80,1829243570906,649,353724255971,0,0213226496927905,297,107713704991,0,477316028637579,0,599595934273767,0,0,5,15529862617318,231,220970761582,0,0,46,4431181303524,229,538502549381,236,220970761582,54,4063948512626,63,1634860512626,18,0476222359278,23,2837259093962,0,0,0,0,81,4750617354346,76,1166781563301,226,220970761582,1,36573820779142,110,036669302227,76,6366970846096,85,3937882846096,52,859718094842,0,00249184184209006,0,0,46,9073840140768,0,0,117,965733857891,0,373522505363738,0,3451160384823,0,325550983347344,0,0441756241240776,87,1734600322364,87,3688205138361,11,3259286654918,11,1362358917609,1,50061130217145,1,49494359430462,1,0036996746608E-10,9,83170338471461E-11,0,0,0,0,0,0,0,0,0,0,0,0,0,0,0,0,100,100,0,0,0,0,0,0,0,0,0,0,0,0,0,0,0,0,0,0,0,0,0,0,0,0,0,0,0,0,0,0,0,0,0,0,0,0,0,0,0,0,0,0,0,0,0,0,0,0,0,0,0,0,0,0,0,0,0,0,0,0,0,0,0,0,0,0,0,0,0,0,76,1166781563301,81,4750617354346,0,0,0,0,0,0,0,0,0,0,0,0,0,0,328,15,0,27105244101313,16,2056165250692,83,5447926079788,0,0,0,0,0,0,0,0,0,0,0,0,0,0,0,0,0,0,0,0,0,0,0,0,48235,4976337695,44723,7680452809,0,
60-70C*,0,000266571279749972,343,149994,84,5722318490189,660,826872568137,0,0242397643644904,298,727394449473,0,504815151704702,0,639076499540879,3,20689170439654E-08,0,5,10952259074823,232,438963314546,0,0,48,7810586530434,237,746088620794,237,438963314546,51,5901830266005,60,3472742266005,21,3182279001765,25,0552141341271,0,0,0,0,78,1769569481188,74,3057093663321,227,438963314546,1,37142096333881,68,6037387583041,75,1102621203326,83,8673533203326,50,0115246046904,0,00263540179266417,0,0,32,7730229688828,0,2,63322485991505E-08,112,442690565344,0,400972435096286,0,369080066024797,0,347014643895423,0,0467206694430508,0,0,0,00294759970941491,0,00293410788863448,34,8411829062604,35,1392476837312,32,5986330750764,32,3271447753689,0,0,0,0,0,0,0,0,0,0,0,0,0,0,0,0,67,4427635810462,67,4693265669887,0,0,0,0,0,0,0,0,0,0,32,5572098979631,32,5306500837413,0,0,0,0,0,0,0,0,0,0,0,0,0,0,0,0,0,0,0,0,0,0,0,0,0,0,0,0,0,0,0,0,0,0,2,65209907404499E-05,2,33492699473356E-05,0,0,0,0,0,0,0,0,0,0,2,65209907404499E-05,2,33492699473356E-05,0,0,0,0,0,0,0,0,0,0,50,1138371858407,52,7454786991447,24,1918721804913,25,4314782489741,0,0,0,0,0,0,0,0,0,0,0,0,338,15,0,284934789486869,16,3267955388061,83,4221306400574,0,0,0,0,0,0,0,0,0,0,0,0,0,0,0,0,0,0,0,0,0,0,0,0,48066,6364263737,44606,5359666933,0,
70-80C*,0,0690606658649891,353,149994,89,0867162430704,672,300020880303,0,0271568790361903,300,367028594155,0,532314274771824,0,679590738179563,9,62067511318962E-08,0,5,08779558052661,233,674554725641,0,0,50,2593651822038,261,223747297896,238,674554725641,48,7295404497992,57,4866316497992,24,5888335644252,26,8826850386779,0,0,0,0,74,878852160803,72,4377242231426,228,674554725641,1,37717635123989,43,9317669225433,73,5838271560557,82,3409183560557,47,2664776885892,0,00277896174323827,0,0,22,7403242732689,0,7,89967457974514E-08,106,959984268872,0,43188419874074,0,395868911366731,0,370886209734525,0,049265714762024,0,0,0,0,0,0,0,0,0,849212832252653,0,897017230946448,1,15681845860496,1,22369575489462,0,0,0,0,0,0,0,0,0,0,0,0,0,0,2,00603129085761,2,12071298584107,0,0,0,0,0,0,0,0,42,2570191626795,45,5991320878666,0,0,0,0,0,0,0,0,0,0,0,0,0,0,0,0,0,0,0,0,0,0,1,95757725177326,1,58674768998431,0,0,0,0,0,0,0,0,0,0,41,5991560919298,39,5530736616695,12,1802162027598,11,1403335746386,0,0,0,0,0,0,0,0,53,7793722946896,50,6934072363081,0,0,0,0,0,0,0,0,0,0,3,28292650283271,3,32768377384739,69,1547977203098,71,5511683869556,0,0,0,0,0,0,0,0,0,0,0,0,348,15,0,300163834060827,16,3844665381785,83,3608164422308,0,0,0,0,0,0,0,0,0,0,0,0,0,0,0,0,0,0,0,0,0,0,0,0,47903,5386270292,44493,3051404717,0,
80-90C*,0,011785593050903,363,149994,93,6713642164321,686,148939277711,0,0300739937078903,301,914891291127,2,51467247030411,3,1692836518974,1,60344585219827E-07,0,5,09757889792895,235,071854572571,0,0,49,6424830571827,268,141955218325,240,071854572571,46,2695535363488,55,0266447363488,26,2039792792798,28,1442634971148,0,0,0,0,71,2813482504161,68,6864528509878,230,071854572571,1,38407761280044,28,8316911370522,72,0573921917788,80,8144833917788,44,0470299018504,0,00292252169381238,0,0,15,6673092791443,0,1,31661242995752E-07,100,330048205653,0,467652592779316,0,42650365943154,0,397947129601963,0,0518107600809972,0,0,0,0,0,0,0,0,0,0161975361374674,0,0179871566503891,2,04526595830731,2,27450740739235,0,0,0,0,6,04877402605171,6,51423952619218,16,0960305716762,17,7545019252912,0,00315849946623596,0,00344022037742103,3,49228622403683E-12,3,74427849547549E-12,0,0,24,2094265916424,26,5646762359073,0,0,0,0,0,0,0,0,0,0,0,0,0,0,0,0,0,0,0,0,0,0,0,0,0,0,0,0,0,0,0,0,0,889662656057009,0,758129940353541,0,0,0,0,0,0,0,0,0,0,0,0,53,5669713558253,51,5073981091248,0,0,0,0,0,0,0,0,53,5669713558253,51,5073981091248,21,3339393964753,21,1697957146145,0,0,0,0,0,0,0,0,68,6864528509878,71,2813482504161,0,0,0,0,0,0,0,0,0,0,0,0,0,0,358,15,0,316947809078219,16,3539245761135,83,3654208175176,0,0,0,0,0,0,0,0,0,0,0,0,0,0,0,0,0,0,0,0,0,0,0,0,47713,9332502633,44361,6713995288,0,
90-100C*,0,0129922213401734,373,149994,98,5322272319291,700,001005167138,0,0329911083795902,303,488587447818,3,98039025922495,4,98911783169894,2,24482419307758E-07,0,5,13893582716141,236,487951108365,0,0,48,6287337242119,275,043226968107,241,487951108365,44,2391297285251,52,9962209285251,28,3536064916732,29,5981691166422,0,0,0,0,67,6660032491018,65,4127130516589,231,487951108365,1,39111092216387,19,3537465650057,70,5309572275019,79,2880484275018,40,9611249117847,0,00676230680506761,0,0,10,7156648150324,0,1,84325740194053E-07,93,7727618175563,0,507537272388303,0,460514397981023,0,427896006610883,0,0543558053999704,0,0,0,0,0,0,0,0,0,0,0,0,0,0,0,0,2,50652073966242,2,47097495373709,15,9418406570461,16,0964033681641,24,2341248669845,24,162033108783,1,55208677275642,1,52326333344488,0,0,44,2345730364495,44,2526747641291,0,0,0,0,0,0,0,0,0,0,54,6286746196135,54,7346048799892,0,0,0,0,0,0,0,0,0,0,0,0,0,0,0,0,0,0,0,0,0,0,0,0,0,0,0,0,0,0,0,0,0,0,0,0,0,0,0,0,0,0,0,0,0,0,1,13675234393695,1,01272035588167,0,0,0,0,0,0,0,0,29,2677360050134,30,2503679779519,36,1449770466454,37,4156352711499,0,0,0,0,0,0,0,0,0,0,0,0,368,15,0,335354094380737,16,2392791570729,83,4526134675575,0,0,0,0,0,0,0,0,0,0,0,0,0,0,0,0,0,0,0,0,0,0,0,0,47531,7896979607,44235,2180384102,0,
100-110C*,0,0141517955680698,383,149994,103,602378087914,713,045867805638,0,0359082230512901,305,121431116178,5,7939210673703,7,18972208015121,2,88620253395689E-07,0,5,20393296404371,237,859285671964,0,0,47,7760306053914,281,929104575811,242,859285671964,43,0497165580422,51,8068077580422,30,0660672531663,30,9044251698375,0,0,0,0,64,1400116794634,61,9058527500113,232,859285671964,1,39788490970252,13,264652369126,69,0045222632249,77,7616134632249,38,1809754887574,0,0106020919163228,0,0,7,27405367643317,0,2,36990237392354E-07,87,6955715972307,0,551575363593908,0,497987813676917,0,460848853691854,0,0569008507189437,0,0,0,0,0,0,0,0,0,0,0,0,0,0,0,0,0,0,0,0,0,0,0,0,0,0,0,0,0,0,0,0,0,0,0,0,0,0,0,117770134552615,0,132842723313319,0,0,0,0,0,0,0,0,0,0,0,0,0,0,0,0,0,0,0,0,0,0,3,00887406950856,2,67920018223256,0,0,0,0,0,0,0,0,0,0,0,0,0,0,0,0,0,0,0,0,0,0,96,8733557959388,97,1879570944541,0,0,0,0,0,0,0,0,61,7880826154587,64,0071689561501,0,117770134552615,0,132842723313319,0,0,0,0,0,0,0,0,0,0,0,0,378,15,0,355549666462821,16,0648224935224,83,6002593355521,0,0,0,0,0,0,0,0,0,0,0,0,0,0,0,0,0,0,0,0,0,0,0,0,47366,7305143152,44120,6255189846,0,
110-120C*,0,0154062641055684,393,149994,108,860852651957,725,32266495309,0,03882533772299,306,806696144739,7,69148724865685,9,43731347491118,3,52758087483619E-07,0,5,28727443700977,239,181450152965,0,0,47,0910563451579,288,800875057926,244,181450152965,42,389902359095,51,146993559095,31,6019897126464,32,1509107332652,0,0,0,0,60,7065230386968,58,4117757918236,234,181450152965,1,40438552032647,9,26772389205123,67,478087298948,76,235178498948,35,6718116450095,0,0144418770275781,0,0,4,89968911879822,0,2,89654734590655E-07,82,0727085210485,0,600127302788901,0,539218534102359,0,497058283558144,0,0594458960379169,0,0,0,0,0,0,0,0,0,0,0,0,0,0,0,0,0,0,0,0,0,0,0,0,0,0,0,0,59,0633374442993,62,1577033293084,0,0,0,0,0,0,0,0,0,0,0,0,0,0,0,0,0,0,0,0,0,0,0,0,0,0,0,0,0,0,0,0,10,2622163291001,8,77384542930637,0,0,0,0,0,0,0,0,0,0,0,0,0,0,0,0,0,0,0,0,0,0,0,0,30,6744462266006,29,0684512413853,0,0,0,0,0,0,58,4117757918236,60,7065230386968,0,0,0,0,0,0,0,0,0,0,0,0,0,0,388,15,0,377682919615446,15,8477186492143,83,7912376989136,0,0,0,0,0,0,0,0,0,0,0,0,0,0,0,0,0,0,0,0,0,0,0,0,47216,812894835,44016,5450471012,0,
120-130C*,0,0166934776821809,403,149994,114,173668821059,736,870534369372,0,0417424523946899,308,538563050029,9,6681682334969,11,7153306480946,4,1689592157155E-07,0,5,38466071846733,240,442844388419,0,0,46,5717046959717,295,659628714321,245,442844388419,41,7446667147712,50,5017579147712,32,9631449425053,33,3340172473171,0,0,0,0,57,3686868239978,54,9506521045883,235,442844388419,1,41060279275751,6,59136866458286,65,9516523346711,74,708743534671,33,40355029813,0,0182816621388333,0,0,3,27410946973025,0,3,42319231788956E-07,76,8769922528683,0,653500297029322,0,584448875432481,0,536726330457826,0,0619909413568901,0,0,0,0,0,0,0,0,0,0,0,0,0,0,0,0,0,0,0,0,0,0,0,0,0,0,0,0,0,000120333957186658,0,000122749382599721,0,0,0,0,0,0,0,0,0,0,83,3566865876973,84,7808716928317,0,0,0,0,0,0,0,0,0,0,0,0,0,0,0,0,0,0,0,0,0,0,0,0,0,0,0,0,0,0,0,0,0,0,0,0,0,0,0,0,0,0,0,0,0,0,16,6431930783455,15,2190055577857,0,0,0,0,0,0,0,0,54,9506521045883,57,3686868239978,0,0,0,0,0,0,0,0,0,0,0,0,398,15,0,401862112882407,15,602011105162,84,0115363270569,0,0,0,0,0,0,0,0,0,0,0,0,0,0,0,0,0,0,0,0,0,0,0,0,47080,3559201006,43921,8096426079,0,
130-140C*,0,0179973552856408,413,149994,119,584027516437,747,728613814359,0,0446595670663898,310,311960177275,11,7190434523028,13,6729273022555,4,81033755659481E-07,0,5,49254620041618,241,646010721507,0,0,46,2107549492319,302,506300924676,246,646010721507,41,1132268698733,49,8703180698733,34,1513040151349,36,0173504759052,0,0,0,0,54,1296525325624,50,3097222218393,236,646010721507,1,41653059515906,4,76587300597537,64,4252173703941,73,1823085703941,31,3499741713806,0,0221214472500885,0,0,2,16992315290012,0,3,94983728987257E-07,72,0807351240033,0,711957414477271,0,633879196270796,0,580015305346667,0,0645359866758633,0,0,0,0,0,0,0,0,0,0,0,0,0,0,0,0,0,0,0,0,0,0,0,0,0,0,0,0,0,0,1,13966554283061E-15,1,27932423472701E-15,0,0,0,0,0,0,0,0,0,0,0,0,0,0,0,0,0,0,0,0,0,0,0,0,0,0,0,0,0,0,0,0,12,8721868956347,12,0700180970191,5,24420523198064E-18,4,82684368557559E-18,13,4406256754384,12,6417217772731,13,4484583233516,12,5647064094088,0,0,0,0,39,7612708944247,37,276446283701,0,0,0,0,0,0,0,0,0,0,60,2387291055753,62,723553716299,0,0,0,0,0,0,50,3097222218393,54,1296525325624,0,0,0,0,0,0,0,0,0,0,0,0,0,0,408,15,0,428165568607644,15,3389549170937,84,249918548238,0,0,0,0,0,0,0,0,0,0,0,0,0,0,0,0,0,0,0,0,0,0,0,0,46955,8946760785,43835,4022873288,0,
140-150C*,0,0192969305685171,423,149994,125,156573759667,757,936041047931,0,0475766817380897,312,122436317377,13,8391923354867,15,9986184916257,5,45171589747412E-07,0,5,60797963529754,242,79537413425,0,0,45,9980740965577,309,341702896494,247,79537413425,40,4948000692037,49,2518912692037,35,1682380029268,36,6876533310543,0,0,0,0,50,9925696615865,47,31372817732,237,79537413425,1,42216636341254,3,49917566302509,62,8987824061172,71,6558736061172,29,4880733033353,0,0259612323613438,0,0,1,42597351899186,0,4,47648226185558E-07,67,65632931145,0,775725203146757,0,687676637862877,0,627056988660202,0,0670810319948365,0,0,0,0,0,0,0,0,0,0,0,0,0,0,0,0,0,0,0,0,0,0,0,0,0,0,0,0,0,0,85,2561811843608,87,2021772765427,0,0,0,0,0,0,0,0,0,0,2,23896130043548,2,30239029738959,0,0,0,0,0,0,0,0,0,0,0,0,0,0,0,0,0,0,0,0,0,513531760090507,0,438754048130617,11,9843013918878,10,0506586067716,0,00697989397995095,0,00598182649065316,1,98582618238613E-13,1,69051613373508E-13,0,0,0,0,12,5048130459584,10,495394481393,4,44692453306525E-05,3,79446746867641E-05,0,0,0,0,0,0,0,0,0,0,0,0,0,0,0,0,45,0747668768845,48,6901793641969,2,23896130043548,2,30239029738959,0,0,0,0,0,0,0,0,0,0,0,0,418,15,0,456650410907794,15,0673799317893,84,4975598147654,0,0,0,0,0,0,0,0,0,0,0,0,0,0,0,0,0,0,0,0,0,0,0,0,46842,143460377,43756,4303809673,0,
150-160C*,0,0205771748102912,433,149994,130,908947061757,767,531953829965,0,0504937964097897,313,966057751531,16,0236943134611,18,3602160288565,6,09309423835343E-07,0,5,7284981796646,243,892465320874,0,0,45,9219415182204,316,166544788216,248,892465320874,39,8886035575649,48,6456947575649,36,0157179782729,37,2101233240545,0,0,0,0,47,960587708266,44,429660647089,238,892465320874,1,42751083882646,2,60606004248297,61,3723474418403,70,1294386418403,27,7975128330792,0,029801017472599,0,0,0,928922263560238,0,5,00312723383859E-07,63,5766182298011,0,844999572782448,0,745982070734545,0,677960017662325,0,0696260773138097,0,0,0,0,0,0,0,0,0,0,0,0,0,0,0,0,0,0,0,0,0,0,0,0,0,0,0,0,0,0,0,0,0,0,0,0,0,0,0,0,0,0,21,3403234244852,23,7025551334025,0,0,0,0,0,0,0,0,0,0,0,0,0,0,0,0,0,0,0,0,0,0,0,0,0,0,0,0,0,0,0,0,0,0,31,8177354983322,29,3239284189343,0,0,0,0,0,0,0,0,0,0,46,8419410771826,46,9735164476632,0,0,0,0,23,0893372226038,24,2580325748636,21,3403234244852,23,7025551334025,0,0,0,0,0,0,0,0,0,0,0,0,428,15,0,487359701046079,14,796300826672,84,7605823513605,0,0,0,0,0,0,0,0,0,0,0,0,0,0,0,0,0,0,0,0,0,0,0,0,46781,9699983628,43708,7115181307,0,
160-170C*,0,0218226468167239,443,149994,136,858969454586,776,555489920338,0,0514008690776874,315,839324445701,18,2676288166381,20,7530978651641,6,73447257923273E-07,0,5,85205603701368,244,939293374669,0,0,45,9698418329912,322,981453432259,249,939293374669,39,2938545797593,48,0509457797593,36,6955150135649,37,5875284681829,0,0,0,0,45,036856169797,41,6593736666531,239,939293374669,1,43256780424953,1,96688546980272,60,8797826367877,69,6368738367877,26,2601997781438,0,0325277175563525,0,0,0,599691777132532,0,5,5297722058216E-07,59,8151209715993,0,919949829468525,0,808915200777673,0,732815452356332,0,072171122632783,0,0,0,0,0,0,0,0,0,0,0,0,0,0,0,0,0,0,0,0,0,0,0,0,0,0,0,0,0,0,0,0,0,000101673474599622,0,000110247138881485,0,0,0,0,0,0,0,0,0,0,1,6954809454616E-05,1,8459148709579E-05,0,0,0,0,0,0,0,0,0,0,0,0,0,0,0,0,0,0,0,0,0,0,0,0,0,0,0,0,0,0,0,0,0,0,0,0,0,0,0,0,0,0,0,0,99,999881371716,99,9998712937124,0,0,0,0,41,6593567118436,45,0368377106483,1,6954809454616E-05,1,8459148709579E-05,0,0,0,0,0,0,0,0,0,0,0,0,438,15,0,520327972451728,14,5225563676554,84,9868136642092,0,0,0,0,0,0,0,0,0,0,0,0,0,0,0,0,0,0,0,0,0,0,0,0,46668,5348784272,43625,5817017845,0,
170-180C*,0,0230178880077809,453,149994,143,02436852282,785,045787078928,0,0562688399673963,317,739101394011,20,5660752754302,23,2286364432295,7,37585092011204E-07,0,5,97697516522938,245,939726753669,0,0,46,1289318118291,329,786986146791,250,939726753669,38,7097703805893,47,4668615805893,37,2094001811946,37,6729404303884,0,0,0,0,42,2245245433752,39,0984231263821,240,939726753669,1,43734381910096,1,5030288616853,54,7782577643331,63,5353489643331,24,8599281228922,0,0948005867772837,0,0,0,383559308039418,0,6,05641717780461E-07,56,3461570485189,1,00150322458351,0,877133511772116,0,792116143973692,0,0747161679517562,0,0,0,0,0,0,0,0,0,0,0,0,0,0,0,0,0,0,0,0,0,0,0,0,0,0,0,0,0,0,0,0,85,6671416882674,85,7240456001513,0,0,0,0,0,0,0,0,0,0,12,9141490922475,12,9751764022662,0,0,0,0,0,0,0,0,0,0,0,0,0,0,0,0,0,0,0,0,0,0,0,0,0,0,0,0,0,0,0,0,0,0,8,13426978239229E-10,6,91876604097304E-10,0,0,0,0,0,0,0,0,0,0,1,41870921867171,1,3007779968906,0,0,26,1842740341347,29,249348141109,12,9141490922475,12,9751764022662,0,0,0,0,0,0,0,0,0,0,0,0,448,15,0,555685590591249,14,2497145285086,85,1701898485038,0,0,0,0,0,0,0,0,0,0,0,0,0,0,0,0,0,0,0,0,0,0,0,0,46553,9456552,43539,5273793757,0,
180-190C*,0,0241478322347443,463,149994,149,422493436252,793,041983065612,0,0614489090022577,319,662562051481,22,9141131202495,25,7414333141545,8,01722926099135E-07,0,6,10190972675722,246,930210547284,0,0,46,3863065512681,336,583641658298,251,930210547284,38,1355682048575,46,8926594048575,37,5591445535538,37,6122139921037,0,0,0,0,39,5267423261966,36,6463526937419,241,930210547284,1,44184795487757,1,16198306358388,50,8879863012803,59,6450775012803,23,5820864011941,0,187367926043072,0,0,0,242975333809528,0,6,58306214978762E-07,53,1449040712458,1,10995097666187,0,965058704723146,0,86668097077575,0,0772612132707294,0,0,0,0,0,0,0,0,0,0,0,0,0,0,0,0,0,0,0,0,0,0,0,0,0,0,0,0,0,0,0,0,0,0,0,0,0,0,0,0,0,0,0,0,0,0,0,0,0,0,0,0,0,0,0,0,0,0,0,0,0,0,0,0,0,0,0,0,0,0,0,0,0,0,0,0,0,0,0,0,43,219075783715,41,3871842927117,0,0,0,0,0,0,0,0,0,0,56,7809161899926,58,6128068810634,8,02629236000163E-06,8,8262249258322E-06,36,6463526937419,39,5267423261966,0,0,0,0,0,0,0,0,0,0,0,0,0,0,458,15,0,596218441515326,13,986531751494,85,3445541380398,0,0,0,0,0,0,0,0,0,0,0,0,0,0,0,0,0,0,0,0,0,0,0,0,46439,7358642232,43452,2085011387,0,
190-200C*,0,0251982143499326,473,149994,156,070008902523,800,583215640268,0,0669260440004905,321,607141497546,25,3068217815085,28,2442321369339,1,95311043857959E-05,0,6,22581878697311,247,884453377749,0,0,46,7291423221919,343,371868852483,252,884453377749,37,5704652973662,46,3275564973662,37,7465192030343,37,5044945601887,0,0,0,0,36,9466590154572,34,2512733028774,242,884453377749,1,44609153335784,0,908148096986624,44,8919679151394,53,6490591151395,22,4134155811945,0,279935265308861,0,0,0,152398580138068,0,1,60372704634101E-05,50,1874110244547,1,23415015182253,1,06476093094055,0,950610271342279,0,0798062585897026,0,0,0,0,0,0,0,0,0,0,0,0,0,0,0,0,0,0,0,0,0,0,0,0,0,0,0,0,0,0,0,0,0,0,47,5374187231441,47,8206827554909,0,0,0,0,0,0,0,0,0,0,5,28193541368268,5,32243354673617,0,0,0,0,0,0,0,0,0,0,0,0,0,0,0,0,0,0,0,0,0,0,0,0,0,0,0,0,0,0,0,0,0,0,0,0,0,0,0,0,0,0,0,0,0,0,47,1806458631732,46,8568836977729,28,9693378891948,31,6242254687211,5,28193541368268,5,32243354673617,0,0,0,0,0,0,0,0,0,0,0,0,468,15,0,640740254414235,13,7344797164709,85,5083818481055,0,0,0,0,0,0,0,0,0,0,0,0,0,0,0,0,0,0,0,0,0,0,0,0,46326,9566380155,43364,8031604025,0,
200-210C*,0,0261559613178606,483,149994,162,982551873232,807,708622562774,0,0726852127803138,323,57049749885,27,7392806896193,30,7228578958972,5,07039815958985E-05,0,6,34794371283118,248,804830794683,0,0,47,1447646290526,350,152073867354,253,804830794683,37,0136789029179,45,7707701029179,37,7732952020278,37,3508079554242,0,0,0,0,34,4874241083529,31,9263341486785,243,804830794683,1,45008787008237,0,717042021248516,38,2292027167405,46,9862939167405,21,3418077843362,0,37250260457465,0,0,0,0946120787502722,0,4,16337678793302E-05,47,4505829242308,1,37674548859759,1,17805297773369,1,04525112434933,0,333966317792578,0,0,0,0,0,0,0,0,0,0,0,0,0,0,0,0,0,0,0,0,0,0,0,0,0,0,0,0,0,0,0,0,0,0,3,09959252343792E-14,3,58979634611395E-14,0,0,0,0,0,0,0,0,0,0,1,7219958463544E-15,1,99771849726612E-15,0,0,0,0,0,0,0,0,0,0,0,0,0,0,0,0,0,0,0,0,0,0,0,0,0,0,0,0,0,0,0,0,0,0,88,463390703597,88,4418886272158,0,0,0,0,0,0,0,0,0,0,0,0,31,9263341486785,34,4874241083529,0,0,0,0,0,0,0,0,0,0,0,0,0,0,478,15,0,689705929439281,13,4942745459778,85,6608952633578,0,0,0,0,0,0,0,0,0,0,0,0,0,0,0,0,0,0,0,0,0,0,0,0,46216,2830594593,43278,1140972852,0,
210-220C*,0,0270095502960045,493,149994,170,174335707755,814,457341593007,0,0787113831599465,325,550478039419,30,2065692749944,33,1636414374465,8,18768588060012E-05,0,6,46778808812266,249,693590187505,0,0,47,6206722494345,356,924625903101,254,693590187505,36,4644262663151,45,2215174663151,37,6412436229261,37,1524871294295,0,0,0,0,32,1521871020795,29,683871433124,244,693590187505,1,45385202581646,0,571602386464379,30,8996907060834,39,6567819060834,20,3561384367267,0,465069943840439,0,0,0,0581180077396885,0,6,72302652952502E-05,44,9121478867368,1,54089855007365,1,30706941336951,1,15217192860089,0,588126376995454,0,0,0,0,0,0,0,0,0,0,0,0,0,0,0,0,0,0,0,0,0,0,0,0,0,0,0,0,0,0,0,0,0,0,0,0,0,0,0,0,0,0,0,0,0,0,0,0,0,0,0,0,0,0,0,0,0,0,0,0,0,0,0,0,0,0,0,0,0,0,0,0,0,0,0,0,0,0,0,0,0,0,0,0,0,0,0,0,0,0,0,0,0,0,0,0,29,683871433124,32,1521871020795,0,0,0,0,0,0,0,0,0,0,0,0,0,0,488,15,0,743626226166898,13,2660354350532,85,80190596345,0,0,0,0,0,0,0,0,0,0,0,0,0,0,0,0,0,0,0,0,0,0,0,0,46108,0956515683,43192,6502039582,0,
220-230C*,0,0281934098939569,503,149994,177,657686260756,820,868510490844,0,0849895229576076,327,545094191824,32,7037669680459,35,5535653249843,0,000113049736016104,0,6,58509892480984,250,552787008728,0,0,48,1445369329823,363,689862026194,255,552787008728,35,9219246323602,44,6790158323602,37,352135538121,36,9111495790014,0,0,0,0,29,9440974938331,27,5352850960144,245,552787008728,1,45740056864898,0,459787148083482,22,9034318831682,31,6605230831682,19,4461260300306,0,557637283106228,0,0,0,0353116644106493,0,9,28267627111703E-05,42,5506143215734,1,73041094167557,1,45433783285536,1,27320869266805,0,84228643619833,0,0,0,0,0,0,0,0,0,0,0,0,0,0,0,0,0,0,0,0,0,0,0,0,0,0,0,0,0,0,0,0,0,0,0,0,0,0,0,0,0,0,0,0,0,0,0,0,0,0,0,0,0,0,0,0,0,0,0,0,0,0,0,0,0,0,0,0,0,0,0,0,0,0,0,0,0,0,0,0,0,0,0,0,0,0,0,0,0,0,0,0,0,0,0,0,27,5352850960144,29,9440974938331,0,0,0,0,0,0,0,0,0,0,0,0,0,0,498,15,0,803077126674729,13,0568679864018,85,9807673386385,0,0,0,0,0,0,0,0,0,0,0,0,0,0,0,0,0,0,0,0,0,0,0,0,46002,5431275582,43108,6892176298,0,
230-240C*,0,0290012180923793,513,150024,185,442494032521,826,981267016164,0,0915045999915161,329,552497438055,35,2259531991863,38,2184913642881,0,000144222613226206,0,6,69984862625136,251,384223690457,0,0,48,7041914263685,370,448091176164,256,384223690457,35,3853912458556,44,1424824458556,36,7727698259789,35,9384869712438,0,0,0,0,28,0012769748348,25,8430216644681,246,384223690457,1,4607513492009,0,372996026959413,14,2404262479949,22,9975174479949,18,6022148846301,0,599733499824819,0,0,0,021213230353765,0,0,00011842326012709,40,3452236422668,1,94988420482402,1,62287042393389,1,41052419247592,1,09644649540121,0,0,0,0,0,0,0,0,0,0,0,0,0,0,0,0,0,0,0,0,0,0,0,0,0,0,0,0,0,0,0,0,0,0,0,0,0,0,0,0,0,0,0,0,0,0,0,0,0,0,0,0,0,0,0,0,0,0,0,0,0,0,0,0,0,0,0,0,0,0,0,0,0,0,0,0,0,0,0,0,0,0,0,0,0,0,0,0,0,0,0,0,0,0,0,0,25,8430216644681,28,0012769748348,0,0,0,0,0,0,0,0,0,0,0,0,0,0,508,15,0,868711796663399,12,8450551837891,86,059925327232,0,0,0,0,0,0,0,0,0,0,0,0,0,0,0,0,0,0,0,0,0,0,0,0,45899,5909275407,43026,3261653129,0,
240-250C*,0,0289956397088926,523,150024,193,524609592973,832,884831251524,0,0982415820798909,331,569382049448,37,7422661472682,40,8630840001362,0,000175395490436309,0,6,81368505886765,252,190670552845,0,0,49,267134361798,377,199597533784,257,190670552845,34,8530417051503,43,6101329051503,36,0478497205123,34,8650019474973,0,0,0,0,26,2098841322195,24,2719140523665,247,190670552845,1,46395222650411,0,305017583070329,7,87051572824014,16,6276069282401,17,8073164550554,0,774393241282274,0,0,0,0125952540633132,0,0,00014401975754301,38,2543698122248,2,20502485201147,1,81634526116896,1,56672815262463,1,35060655460408,0,0,0,0,0,0,0,0,0,0,0,0,0,0,0,0,0,0,0,0,0,0,0,0,0,0,0,0,0,0,0,0,0,0,0,0,0,0,0,0,0,0,0,0,0,0,0,0,0,0,0,0,0,0,0,0,0,0,0,0,0,0,0,0,0,0,0,0,0,0,0,0,0,0,0,0,0,0,0,0,0,0,0,0,0,0,0,0,0,0,0,0,0,0,0,0,24,2719140523665,26,2098841322195,0,0,0,0,0,0,0,0,0,0,0,0,0,0,518,15,0,941283969990586,12,6368683894701,86,1036413362094,0,0,0,0,0,0,0,0,0,0,0,0,0,0,0,0,0,0,0,0,0,0,0,0,45798,1909923654,42944,811729703,0,
250-260C*,0,0287063941261859,533,150024,201,896679025427,838,652924060901,0,105185437040951,333,593115510824,40,2196444164196,43,4347552323377,0,000206568367646412,0,6,92817965783501,252,973571294274,0,0,49,8082021910891,383,944643372887,257,973571294274,34,3234015929646,43,0804927929646,35,2339424077768,33,7710206176612,0,0,0,0,24,5464131758035,22,7942241500011,247,973571294274,1,4670433882464,0,251317885283253,1,50060520848542,10,2576964084854,17,0478222876566,0,978943962372275,0,0,0,00738824050957575,0,0,00016961625495893,36,2443635181429,2,50297861898749,2,03929755407754,1,74500157339046,1,60476661380696,0,0,0,0,0,0,0,0,0,0,0,0,0,0,0,0,0,0,0,0,0,0,0,0,0,0,0,0,0,0,0,0,0,0,0,0,0,0,0,0,0,0,0,0,0,0,0,0,0,0,0,0,0,0,0,0,0,0,0,0,0,0,0,0,0,0,0,0,0,0,0,0,0,0,0,0,0,0,0,0,0,0,0,0,0,0,0,0,0,0,0,0,0,0,0,0,22,7942241500011,24,5464131758035,0,0,0,0,0,0,0,0,0,0,0,0,0,0,528,15,1,0216762046433,12,4311315671674,86,1251128475202,0,0,0,0,0,0,0,0,0,0,0,0,0,0,0,0,0,0,0,0,0,0,0,0,45697,3959303023,42863,4453703344,0,
260-270C*,0,0276765870405553,543,150024,210,587010263962,844,185602910554,0,11219795055864,335,626536567669,42,7157680469936,45,5100783724038,0,000237741244856514,0,7,03976961315591,256,97580837083,0,0,50,372309101145,377,071287725423,261,97580837083,33,7984697599734,42,5555609599734,34,2852670313056,33,3117118960085,0,0,0,0,22,9989649217008,21,1782097315877,248,730068229261,1,46996482937636,0,208554095522998,-4,8693053112693,3,8877858887307,16,3384069175247,1,20088746537721,0,0,0,00427979722025108,0,0,00019521275237485,34,3560535925646,2,8521009537254,2,29692952179103,1,94894600770763,1,85892667300983,0,0,0,0,0,0,0,0,0,0,0,0,0,0,0,0,0,0,0,0,0,0,0,0,0,0,0,0,0,0,0,0,0,0,0,0,0,0,0,0,0,0,0,0,0,0,0,0,0,0,0,0,0,0,0,0,0,0,0,0,0,0,0,0,0,0,0,0,0,0,0,0,0,0,0,0,0,0,0,0,0,0,0,0,0,0,0,0,0,0,0,0,0,0,0,0,21,1782097315877,22,9989649217008,0,0,0,0,0,0,0,0,0,0,0,0,0,0,538,15,1,11086490156607,12,233780667523,86,1229973972429,0,0,0,0,0,0,0,0,0,0,0,0,0,0,0,0,0,0,0,0,0,0,0,0,45599,2414815008,42783,9249505754,0,
270-280C*,0,0268097667187505,553,150024,219,597908313015,849,495858880568,0,119326262775754,337,668920249919,45,2338788170414,47,9603392410862,0,000268914122066617,0,7,14815823906816,261,087410822546,0,0,50,9573804654317,381,92947140677,266,087410822546,33,2779863845749,42,0350775845749,33,2104809969335,32,1883920711121,0,0,0,0,21,5556401860251,19,8512686878018,249,460431366899,1,47272199210491,0,174238008725974,-11,239215831024,-2,48212463102402,15,675322703776,1,43787420747179,0,0,0,00244713928527653,0,0,000220809249790771,32,5816023002398,3,26284687445621,2,59564308464286,2,18293809824303,2,11308673221271,0,0,0,0,0,0,0,0,0,0,0,0,0,0,0,0,0,0,0,0,0,0,0,0,0,0,0,0,0,0,0,0,0,0,0,0,0,0,0,0,0,0,0,0,0,0,0,0,0,0,0,0,0,0,0,0,0,0,0,0,0,0,0,0,0,0,0,0,0,0,0,0,0,0,0,0,0,0,0,0,0,0,0,0,0,0,0,0,0,0,0,0,0,0,0,0,19,8512686878018,21,5556401860251,0,0,0,0,0,0,0,0,0,0,0,0,0,0,548,15,1,20998231564979,12,0448468126691,86,0984709822947,0,0,0,0,0,0,0,0,0,0,0,0,0,0,0,0,0,0,0,0,0,0,0,0,45503,7824840722,42706,348102646,0,
280-290C*,0,0257893933775769,563,150024,228,927017514687,854,59668305103,0,126637140827614,339,719584119553,47,7772185046147,50,4133178685912,0,00030008699927672,0,7,25312246413769,265,075730913432,0,0,51,5611491083105,386,57928779754,270,075730913432,32,7616916451675,41,5187828451676,32,0182417104951,30,9806305469272,0,0,0,0,20,2045397848902,18,6060515844816,250,164772243172,1,47532075992912,0,146500767717898,-17,6091263507787,-8,85203515077874,15,0550418695325,1,68755464583071,0,0,0,00138052215698748,0,0,000246405747206691,30,9134164142121,3,74815852594533,2,94322253593135,2,45223057230181,2,31489091198052,0,0,0,0,0,0,0,0,0,0,0,0,0,0,0,0,0,0,0,0,0,0,0,0,0,0,0,0,0,0,0,0,0,0,0,0,0,0,0,0,0,0,0,0,0,0,0,0,0,0,0,0,0,0,0,0,0,0,0,0,0,0,0,0,0,0,0,0,0,0,0,0,0,0,0,0,0,0,0,0,0,0,0,0,0,0,0,0,0,0,0,0,0,0,0,0,18,6060515844816,20,2045397848902,0,0,0,0,0,0,0,0,0,0,0,0,0,0,558,15,1,32033328926822,11,8642450828541,86,0528225304842,0,0,0,0,0,0,0,0,0,0,0,0,0,0,0,0,0,0,0,0,0,0,0,0,44784,6331367251,42042,7258547667,0,
290-300C*,0,0246461766005461,573,150024,238,538346187426,859,564070325225,0,134130584714219,341,776019291266,50,3490288877646,52,8755324920267,0,000331259876486822,0,7,35664793715478,268,935744237013,0,0,52,1567480319603,391,021760414127,273,935744237013,32,2480656436855,41,0051568436855,30,7172065778253,29,6911871125333,0,0,0,0,18,9337645344101,17,43328039544,250,843235771129,1,47780425359464,0,123926616066361,-23,9790368705335,-15,2219456705335,14,4645950501078,1,89856425995885,0,0,0,000768003459251162,0,0,000272002244622611,29,3180316021528,4,32486533334782,3,3496329008313,2,76346909003697,2,94734853351226,0,0,0,0,0,0,0,0,0,0,0,0,0,0,0,0,0,0,0,0,0,0,0,0,0,0,0,0,0,0,0,0,0,0,0,0,0,0,0,0,0,0,0,0,0,0,0,0,0,0,0,0,0,0,0,0,0,0,0,0,0,0,0,0,0,0,0,0,0,0,0,0,0,0,0,0,0,0,0,0,0,0,0,0,0,0,0,0,0,0,0,0,0,0,0,0,17,43328039544,18,9337645344101,0,0,0,0,0,0,0,0,0,0,0,0,0,0,568,15,1,44349572678714,11,7032101722158,86,09639697152,0,0,0,0,0,0,0,0,0,0,0,0,0,0,0,0,0,0,0,0,0,0,0,0,44611,4667221532,41891,1204090416,0,
300-310C*,0,02341543040541,583,150024,248,349739350789,864,552376710835,0,14180659443557,343,833541602965,52,9525517445426,55,3540970975851,0,000362432753696925,0,7,46371583377103,272,655678719931,0,0,52,6879577632158,395,258380814762,277,655678719931,31,7340212599751,40,4911124599751,29,3160330047588,28,3225543656991,0,0,0,0,17,7314152506985,16,3233485367158,251,494940536746,1,48026189133363,0,105434268624023,-30,3489473902882,-21,5918561902882,13,8797680630935,1,98618406837026,0,0,0,000421107916783318,0,0,000297598742038531,27,7306833024014,5,01612711370287,3,82839477434973,3,12557395316375,3,61339377173621,0,0,0,0,0,0,0,0,0,0,0,0,0,0,0,0,0,0,0,0,0,0,0,0,0,0,0,0,0,0,0,0,0,0,0,0,0,0,0,0,0,0,0,0,0,0,0,0,0,0,0,0,0,0,0,0,0,0,0,0,0,0,0,0,0,0,0,0,0,0,0,0,0,0,0,0,0,0,0,0,0,0,0,0,0,0,0,0,0,0,0,0,0,0,0,0,16,3233485367158,17,7314152506985,0,0,0,0,0,0,0,0,0,0,0,0,0,0,578,15,1,58149267948407,11,5451147638765,86,1694558658488,0,0,0,0,0,0,0,0,0,0,0,0,0,0,0,0,0,0,0,0,0,0,0,0,44494,3142391587,41792,0761789698,0,
310-320C*,0,0221111254878603,593,150024,258,388622408789,869,428145654669,0,149665169991666,345,896002692611,55,5910288530002,57,8567393469972,0,000393605630907028,0,7,56957009060337,276,247606398614,0,0,53,2099595246639,399,291076094282,281,247606398614,31,2222276251003,39,9793188251003,27,8233783971305,26,8768972551342,0,0,0,0,16,5855927498693,15,2663633978685,252,117333938278,1,48261483250495,0,0901914630867595,-36,7188579100429,-27,9617667100429,13,3204714628843,2,07380387678166,0,0,0,000227456403777024,0,0,000323195239454451,26,2059750478864,5,84788633630269,4,39417059900711,3,54799983657882,4,30219265263685,0,0,0,0,0,0,0,0,0,0,0,0,0,0,0,0,0,0,0,0,0,0,0,0,0,0,0,0,0,0,0,0,0,0,0,0,0,0,0,0,0,0,0,0,0,0,0,0,0,0,0,0,0,0,0,0,0,0,0,0,0,0,0,0,0,0,0,0,0,0,0,0,0,0,0,0,0,0,0,0,0,0,0,0,0,0,0,0,0,0,0,0,0,0,0,0,15,2663633978685,16,5855927498693,0,0,0,0,0,0,0,0,0,0,0,0,0,0,588,15,1,7363743655584,11,3925757861452,86,2369009257373,0,0,0,0,0,0,0,0,0,0,0,0,0,0,0,0,0,0,0,0,0,0,0,0,44379,2395632073,41694,672022569,0,
320-330C*,0,0201891077467627,603,150024,268,619939222681,874,194955437759,0,157706311382508,347,963162767883,58,2842083671276,60,4161848842245,0,00118069414038674,0,7,67400511044946,279,712587954162,0,232981130550602,0,53,7239913697892,403,122175907082,284,712587954162,30,7126131734403,39,4697043734403,26,2394438841429,25,3373370789203,0,0,0,0,15,4763477487295,14,2464780368552,252,708829589275,1,48486442167444,0,0775528591854806,-43,0887684297976,-34,3316772297976,12,7854656734625,2,16142368519307,0,0,0,000120956611860094,0,0,000969484924657737,24,7413976335809,6,85483345796117,5,06626084782568,4,04304804068928,5,00291120219872,0,0,0,0,0,0,0,0,0,0,0,0,0,0,0,0,0,0,0,0,0,0,0,0,0,0,0,0,0,0,0,0,0,0,0,0,0,0,0,0,0,0,0,0,0,0,0,0,0,0,0,0,0,0,0,0,0,0,0,0,0,0,0,0,0,0,0,0,0,0,0,0,0,0,0,0,0,0,0,0,0,0,0,0,0,0,0,0,0,0,0,0,0,0,0,0,14,2464780368552,15,4763477487295,0,0,0,0,0,0,0,0,0,0,0,0,0,0,598,15,1,91068552515632,11,2455935738138,86,298742555485,0,0,246153870055375,0,0,0,0,0,0,0,0,0,0,0,0,0,0,0,0,0,0,0,232981130550602,0,0,0,44266,1920574854,41598,8752249574,0,
330-340C*,0,0175267810454635,613,150024,278,997593883246,878,856384341137,0,165930018608095,350,034793067333,61,0887657736188,63,1200612568969,0,00229174649226772,0,7,77683207930526,283,051795195001,0,24565344900085,0,54,2310621933422,406,754379347841,288,051795195001,30,2051063393746,38,9621975393746,24,5446441581211,23,6454386104407,7,58430587016827E-08,0,0,0,14,3665900682602,13,2345001326624,253,267636971357,1,4870121300552,0,0670145197056785,-49,4586789495523,-40,7015877495523,12,2735681415144,2,24904349360447,0,0,6,32888462072036E-05,3,99489085020696E-07,0,00188178597605561,23,334505598603,8,08170658202989,5,86901920498485,4,62599585624637,5,7047154464063,0,0,0,0,0,0,0,0,0,0,0,0,0,0,0,0,0,0,0,0,0,0,0,0,0,0,0,0,0,0,0,0,0,0,0,0,0,0,0,0,0,0,0,0,0,0,0,0,0,0,0,0,0,0,0,0,0,0,0,0,0,0,0,0,0,0,0,0,0,0,0,0,0,0,0,0,0,0,0,0,0,0,0,0,0,0,0,0,0,0,0,0,0,0,0,0,13,2345001326624,14,3665900682602,0,0,0,0,0,0,0,0,0,0,0,0,0,0,608,15,2,10743258970276,11,1041383998899,86,3550197213093,0,0,255440960358952,0,0,0,0,0,0,0,0,0,0,0,0,0,0,0,0,0,0,0,24565344900085,0,0,0,44155,1178052042,41504,6491460248,0,
340-350C*,0,0161043319945489,623,150024,289,462813589901,883,416010645834,0,174336291668427,352,110675099342,63,9056649765562,65,8276380440727,0,0034027988441487,0,7,87787894350775,286,266498950348,0,258325767451098,0,54,7319822980688,410,190721987614,291,266498950348,29,6996355572825,38,4567267572825,22,8002463396993,21,9172526257299,4,85805538170233E-07,0,0,0,13,2940886837445,12,2551093301974,253,791747652867,1,48905954644251,0,0581802731151158,-55,828589469307,-47,071498269307,11,7836494022923,2,33666330201588,0,0,3,25624266988254E-05,2,558889544592E-06,0,00279408702745348,21,9829153618415,9,58661763655981,6,83337038362545,5,31592469606686,6,3967714112441,0,0,0,0,0,0,0,0,0,0,0,0,0,0,0,0,0,0,0,0,0,0,0,0,0,0,0,0,0,0,0,0,0,0,0,0,0,0,0,0,0,0,0,0,0,0,0,0,0,0,0,0,0,0,0,0,0,0,0,0,0,0,0,0,0,0,0,0,0,0,0,0,0,0,0,0,0,0,0,0,0,0,0,0,0,0,0,0,0,0,0,0,0,0,0,0,12,2551093301974,13,2940886837445,0,0,0,0,0,0,0,0,0,0,0,0,0,0,618,15,2,33018011601037,10,9681547996116,86,4057957449935,0,0,264694763725638,0,0,0,0,0,0,0,0,0,0,0,0,0,0,0,0,0,0,0,258325767451098,0,0,0,44045,9602741588,41411,9539485159,0,
350-360C*,0,0148152874449364,633,150024,299,941935923215,887,877412632882,0,177847817778112,354,190599941645,66,7234751287215,68,5281427741009,0,00451385119602968,0,7,97699033749291,289,358057876762,0,270998085901346,0,55,2273893840103,413,434543330691,294,358057876762,29,1961292615434,37,9532204615434,21,0235779792933,20,1688466241078,8,95768017638783E-07,0,0,0,12,2529468919851,11,3030106017912,254,278906729219,1,49100836815432,0,0507366623682642,-62,1984999890618,-53,4414087890618,11,3146294586239,2,42428311042728,0,0,1,64630325732032E-05,4,7182900041633E-06,0,00370638807885135,20,6843033072253,11,4456174756906,7,99884205349512,6,13680842184629,6,97852923197235,0,0,0,0,0,0,0,0,0,0,0,0,0,0,0,0,0,0,0,0,0,0,0,0,0,0,0,0,0,0,0,0,0,0,0,0,0,0,0,0,0,0,0,0,0,0,0,0,0,0,0,0,0,0,0,0,0,0,0,0,0,0,0,0,0,0,0,0,0,0,0,0,0,0,0,0,0,0,0,0,0,0,0,0,0,0,0,0,0,0,0,0,0,0,0,0,11,3030106017912,12,2529468919851,0,0,0,0,0,0,0,0,0,0,0,0,0,0,628,15,2,58316990884385,10,8375654115456,86,4511545698464,0,0,273919428979435,0,0,0,0,0,0,0,0,0,0,0,0,0,0,0,0,0,0,0,270998085901346,0,0,0,43938,6608797142,41320,7472169151,0,
360-370C*,0,0136634506431287,643,150024,310,344675644569,892,244168583313,0,176648920649705,356,274367596123,69,5307653828966,71,2109106253501,0,00562490354791066,0,8,07402745621988,292,32790811929,0,283670404351593,0,55,7177707197413,416,489454925612,297,32790811929,28,6945158865366,37,4516070865366,19,2319666273187,18,4162033173726,1,30573049710733E-06,0,0,0,11,2372679897848,10,3728860572773,254,726604570845,1,48378138674033,0,0444341489692191,-68,5684105088165,-59,8113193088165,10,8654744455744,2,51190291883869,0,0,8,17339486242815E-06,6,8776904637346E-06,0,00461868913024923,19,436403843488,13,7590132291543,9,41630480839161,7,11895296003661,7,51340573836146,0,0,0,0,0,0,0,0,0,0,0,0,0,0,0,0,0,0,0,0,0,0,0,0,0,0,0,0,0,0,0,0,0,0,0,0,0,0,0,0,0,0,0,0,0,0,0,0,0,0,0,0,0,0,0,0,0,0,0,0,0,0,0,0,0,0,0,0,0,0,0,0,0,0,0,0,0,0,0,0,0,0,0,0,0,0,0,0,0,0,0,0,0,0,0,0,10,3728860572773,11,2372679897848,0,0,0,0,0,0,0,0,0,0,0,0,0,0,638,15,2,87146878592674,10,7122743792543,86,49119745666,0,0,283118575832535,0,0,0,0,0,0,0,0,0,0,0,0,0,0,0,0,0,0,0,283670404351593,0,0,0,43833,1594615746,41230,9844834894,0,
370-380C*,0,0126495646271281,653,150024,320,562199780571,896,519856778159,0,175582387657224,358,361786394075,72,3249993869324,73,8802684703309,0,00673595589979164,0,8,16886786857783,295,17755377164,0,296342722801841,0,56,2034821177665,419,359309332442,300,17755377164,28,1947238666416,36,9518150666416,17,4470811336316,16,6718159253344,1,71569297657588E-06,0,0,0,10,227919479436,9,44791560433467,255,132062705935,1,48630349408567,0,0390729096529423,-74,9383210285712,-66,1812298285712,10,4351935560828,2,59952272725009,0,0,3,98175321496617E-06,9,0370909233059E-06,0,0055309901816471,18,2370074589028,16,6601857193873,11,1516947911385,8,30091347949997,8,01456199220918,0,0,0,0,0,0,0,0,0,0,0,0,0,0,0,0,0,0,0,0,0,0,0,0,0,0,0,0,0,0,0,0,0,0,0,0,0,0,0,0,0,0,0,0,0,0,0,0,0,0,0,0,0,0,0,0,0,0,0,0,0,0,0,0,0,0,0,0,0,0,0,0,0,0,0,0,0,0,0,0,0,0,0,0,0,0,0,0,0,0,0,0,0,0,0,0,9,44791560433467,10,227919479436,0,0,0,0,0,0,0,0,0,0,0,0,0,0,648,15,3,20115266067643,10,5921703547545,86,5260400694567,0,0,292295380323879,0,0,0,0,0,0,0,0,0,0,0,0,0,0,0,0,0,0,0,296342722801841,0,0,0,43729,3946873054,41142,6196753184,0,
380-390C*,0,0117722443565462,663,150024,330,465488726789,900,708055498452,0,174551810771174,360,452672447689,75,1498697039838,76,6199954616894,0,00784700825167262,0,8,26140527007202,297,908558082905,0,309015041252089,0,56,6847642262234,422,048170118079,302,908558082905,27,6966816362376,36,4537728362376,15,7131541431761,14,929192711788,2,12565545604443E-06,0,0,0,9,13697615284009,8,45081182652261,255,492226707212,1,4888587946448,0,0344920301243498,-81,3082315483259,-72,5511403483259,10,0228362053988,2,6871425356615,0,0,1,90189923734545E-06,1,11964913828772E-05,0,00644329123304497,17,0839587878023,20,3280065615635,13,291111046978,9,73206545915379,8,48199799351552,0,0,0,0,0,0,0,0,0,0,0,0,0,0,0,0,0,0,0,0,0,0,0,0,0,0,0,0,0,0,0,0,0,0,0,0,0,0,0,0,0,0,0,0,0,0,0,0,0,0,0,0,0,0,0,0,0,0,0,0,0,0,0,0,0,0,0,0,0,0,0,0,0,0,0,0,0,0,0,0,0,0,0,0,0,0,0,0,0,0,0,0,0,0,0,0,8,45081182652261,9,13697615284009,0,0,0,0,0,0,0,0,0,0,0,0,0,0,658,15,3,57953688286588,10,4771291425103,86,5558099131597,0,0,301452643550648,0,0,0,0,0,0,0,0,0,0,0,0,0,0,0,0,0,0,0,309015041252089,0,0,0,43627,3043935855,41055,6054940265,0,
390-400C*,0,0110056749411008,673,150024,340,617866313094,904,812343025223,0,173557189991557,362,546849143841,77,9274037127646,79,3096096153145,0,0089580606035536,0,8,35154917480582,300,522535361165,0,321687359702337,0,57,1617565601575,424,56028302246,305,522535361165,27,200317629704,35,957408829704,14,0150349415206,13,228834487836,2,53561793551298E-06,0,0,0,8,05756134571484,7,46155589684949,255,823557536829,1,4914461520586,0,0305612294887737,-87,6781420680806,-78,9210508680806,9,62748941436195,2,7747623440729,0,0,8,89990331363295E-07,1,33558918424485E-05,0,00735559228444284,15,9751547026091,25,0044875590286,15,9478521335626,11,476077753474,8,91571374228046,0,0,0,0,0,0,0,0,0,0,0,0,0,0,0,0,0,0,0,0,0,0,0,0,0,0,0,0,0,0,0,0,0,0,0,0,0,0,0,0,0,0,0,0,0,0,0,0,0,0,0,0,0,0,0,0,0,0,0,0,0,0,0,0,0,0,0,0,0,0,0,0,0,0,0,0,0,0,0,0,0,0,0,0,0,0,0,0,0,0,0,0,0,0,0,0,7,46155589684949,8,05756134571484,0,0,0,0,0,0,0,0,0,0,0,0,0,0,668,15,4,01546577246864,10,3670160200927,86,5806440878043,0,0,310592847496485,0,0,0,0,0,0,0,0,0,0,0,0,0,0,0,0,0,0,0,321687359702337,0,0,0,43526,8258744931,40969,893738155,0,
400-410C*,0,0102441129583066,683,150024,354,551954167557,908,836297639504,0,172598525318371,364,644146676759,80,6354484743908,81,9197699295285,0,0100691129554346,0,8,43922454824485,303,021143527137,0,334359678152584,0,57,6345096235977,426,900048411183,308,021143527137,26,7055602814202,35,4626514814202,12,364817751029,11,5912272409557,2,94558041498153E-06,0,0,0,6,99973377458014,6,48900282951585,256,219319271033,1,49406466827063,0,0271744828867412,-94,0480525878353,-85,2909613878354,9,24827539354608,2,86238215248431,0,0,4,07653247615336E-07,1,55152923020198E-05,0,00826789333584071,14,9085424425295,31,0201108424708,19,2722120198472,13,6156395281073,9,31570923850402,0,0,0,0,0,0,0,0,0,0,0,0,0,0,0,0,0,0,0,0,0,0,0,0,0,0,0,0,0,0,0,0,0,0,0,0,0,0,0,0,0,0,0,0,0,0,0,0,0,0,0,0,0,0,0,0,0,0,0,0,0,0,0,0,0,0,0,0,0,0,0,0,0,0,0,0,0,0,0,0,0,0,0,0,0,0,0,0,0,0,0,0,0,0,0,0,6,48900282951585,6,99973377458014,0,0,0,0,0,0,0,0,0,0,0,0,0,0,678,15,4,51967826280967,10,2616877689916,86,6006873264975,0,0,319718200780268,0,0,0,0,0,0,0,0,0,0,0,0,0,0,0,0,0,0,0,334359678152584,0,0,0,43427,8961247246,40885,4355766257,0,
410-420C*,0,00961531740396942,693,150024,368,354260834476,912,783497622327,0,171675816751618,366,744401616399,83,2518510499786,84,4201802824085,0,0111801653073156,0,8,52437138349023,305,406077273789,0,347031996602832,0,58,1029954149757,429,07199510456,310,406077273789,26,2123380257656,34,9694292257656,10,7745967940655,10,0374130629074,3,35554289445008E-06,0,0,0,5,97355215595589,5,54240665468409,256,567536476799,1,49671367304804,0,0242450772907461,,-91,6608719075901,8,88434931204775,2,95000196089571,0,0,1,82602213192908E-07,1,76746927615911E-05,0,00918019438723858,13,8821177878875,38,8305503208977,23,4652373917387,16,2589441960389,9,68198448218618,0,0,0,0,0,0,0,0,0,0,0,0,0,0,0,0,0,0,0,0,0,0,0,0,0,0,0,0,0,0,0,0,0,0,0,0,0,0,0,0,0,0,0,0,0,0,0,0,0,0,0,0,0,0,0,0,0,0,0,0,0,0,0,0,0,0,0,0,0,0,0,0,0,0,0,0,0,0,0,0,0,0,0,0,0,0,0,0,0,0,0,0,0,0,0,0,5,54240665468409,5,97355215595589,0,0,0,0,0,0,0,0,0,0,0,0,0,0,688,15,5,10527188817373,10,1609944464167,86,6160902868381,0,0,328830676449038,0,0,0,0,0,0,0,0,0,0,0,0,0,0,0,0,0,0,0,347031996602832,0,0,0,43330,4520444655,40802,181780485,0,
420-430C*,0,00609270669004994,703,150024,382,027739093549,916,657521254724,0,170789064291297,368,847456509709,85,7544585006439,86,7797114658429,0,0122912176591965,0,8,60694422481285,307,679061790401,0,35970431505308,0,58,5671165604002,431,080755649549,312,679061790401,25,7205792971195,34,4776704971195,9,25646629299405,8,58890006263013,3,76550537391863E-06,0,0,0,4,989075206362,4,63138847152694,257,000438177378,1,49939271440884,0,0217017561915325,,-98,0307824273448,8,53489723626896,3,03762176930712,0,0,7,99114963384254E-08,1,98340932211624E-05,0,0100924954386365,12,8939232872631,49,0704692702683,28,7982254137252,19,5486558903561,10,014539473327,0,0,0,0,0,0,0,0,0,0,0,0,0,0,0,0,0,0,0,0,0,0,0,0,0,0,0,0,0,0,0,0,0,0,0,0,0,0,0,0,0,0,0,0,0,0,0,0,0,0,0,0,0,0,0,0,0,0,0,0,0,0,0,0,0,0,0,0,0,0,0,0,0,0,0,0,0,0,0,0,0,0,0,0,0,0,0,0,0,0,0,0,0,0,0,0,4,63138847152694,4,989075206362,0,0,0,0,0,0,0,0,0,0,0,0,0,0,698,15,5,78829449658738,10,0647809263539,86,6270080680884,0,0,337932043431157,0,0,0,0,0,0,0,0,0,0,0,0,0,0,0,0,0,0,0,35970431505308,0,0,0,43234,4306116336,40720,0829190623,0,
430-440C*,0,0105723295443038,713,150024,395,580261899432,920,461946817726,0,169938267937408,370,953159512216,88,1211178875029,88,9665906528237,0,0134022700110775,0,8,68691164302265,309,841847012072,0,372376633503328,0,59,0267142798766,432,931043079548,314,841847012072,25,2302125298613,33,9873037298613,7,82252047017874,7,26752596922502,4,17546785338718E-06,0,0,0,4,05636164231837,3,76588337795124,257,537800401231,1,50210154988369,0,0194856966274703,,-104,4006929471,8,19913422544474,3,12524157771853,0,0,3,41314212017786E-08,2,19934936807337E-05,0,0110047964900343,11,9420465430759,62,6332028674355,35,6406209321417,23,6744139749513,10,3133742119264,0,0,0,0,0,0,0,0,0,0,0,0,0,0,0,0,0,0,0,0,0,0,0,0,0,0,0,0,0,0,0,0,0,0,0,0,0,0,0,0,0,0,0,0,0,0,0,0,0,0,0,0,0,0,0,0,0,0,0,0,0,0,0,0,0,0,0,0,0,0,0,0,0,0,0,0,0,0,0,0,0,0,0,0,0,0,0,0,0,0,0,0,0,0,0,0,3,76588337795124,4,05636164231837,0,0,0,0,0,0,0,0,0,0,0,0,0,0,708,15,6,58850272147044,9,9728882356407,86,6335989287508,0,0,347023892892954,0,0,0,0,0,0,0,0,0,0,0,0,0,0,0,0,0,0,0,372376633503328,0,0,0,43139,7690263741,40639,0895257762,0,
440-450C*,0,0102731885320058,723,150024,409,024549700613,924,200352592366,0,169123427689951,373,061364047612,90,3296762716716,90,9486596691321,0,0145133223629585,0,8,76425566788864,311,896202358061,0,385048951953575,0,59,481575359028,434,62762918757,316,896202358061,24,7411661583703,33,4982573583703,6,48485354798352,6,09527493279062,4,58543033285573E-06,0,0,0,3,18547018034491,2,9560653980773,258,062086958936,1,50484013855145,0,0175481261705436,,-110,770603466854,7,8763025719192,3,21286138612993,0,0,1,4212435536791E-08,2,4152894140305E-05,0,0119170975414322,11,0246185599789,80,7901373682377,44,5003282733754,28,8904252155769,10,4297394316895,0,0,0,0,0,0,0,0,0,0,0,0,0,0,0,0,0,0,0,0,0,0,0,0,0,0,0,0,0,0,0,0,0,0,0,0,0,0,0,0,0,0,0,0,0,0,0,0,0,0,0,0,0,0,0,0,0,0,0,0,0,0,0,0,0,0,0,0,0,0,0,0,0,0,0,0,0,0,0,0,0,0,0,0,0,0,0,0,0,0,0,0,0,0,0,0,2,9560653980773,3,18547018034491,0,0,0,0,0,0,0,0,0,0,0,0,0,0,718,15,7,53033936123072,9,88515470846087,86,6360231815842,0,0,356107660464993,0,0,0,0,0,0,0,0,0,0,0,0,0,0,0,0,0,0,0,385048951953575,0,0,0,43046,4048319745,40559,1522380656,0,
450-460C*,0,00998623407345663,733,150024,422,378134690668,927,876316859674,0,168344543548926,375,171928493235,91,8448138764671,92,2852282742287,0,0253988077880704,0,8,83897118328957,313,843911924626,0,397721270403823,0,59,9314382719481,436,175324321093,318,843911924626,24,253368617026,33,010459817026,5,55480649433506,5,30143081371142,4,99539281232428E-06,0,0,0,2,60037962919785,2,41334091205985,258,575256158053,1,50760863379751,0,0158484347163046,,-117,140513986609,7,56567017529397,3,30048119454134,0,0,5,76302027866878E-09,2,63122945998763E-05,0,0208553260429903,10,1398121593657,105,371710222461,56,0825657492116,35,540440362396,10,4563635437043,0,0,0,0,0,0,0,0,0,0,0,0,0,0,0,0,0,0,0,0,0,0,0,0,0,0,0,0,0,0,0,0,0,0,0,0,0,0,0,0,0,0,0,0,0,0,0,0,0,0,0,0,0,0,0,0,0,0,0,0,0,0,0,0,0,0,0,0,0,0,0,0,0,0,0,0,0,0,0,0,0,0,0,0,0,0,0,0,0,0,0,0,0,0,0,0,2,41334091205985,2,60037962919785,0,0,0,0,0,0,0,0,0,0,0,0,0,0,728,15,8,64419974147059,9,80141698041101,86,634442245258,0,0,365184645095719,0,0,0,0,0,0,0,0,0,0,0,0,0,0,0,0,0,0,0,397721270403823,0,0,0,42954,2760157609,40480,2219152767,0,
460-480C*,0,0191037994827893,753,150024,442,287437202634,933,281012924149,0,167609384915398,378,341901602972,92,9374617555642,93,4979160201994,0,0453924483281997,0,8,90142867073832,317,599269196957,1,01313992368984,0,60,596184569035,438,019598392475,322,599269196957,23,5238573117393,32,2809485117393,4,84911620116014,4,43927163103153,0,000197372688351698,0,0,0,2,21342204327569,2,06281234876909,259,328370490147,1,51181824759149,0,0130323391964502,,-126,695379766241,7,12105269580722,3,43191090715844,0,0,8,70669017649523E-10,0,00101392238992694,0,0372723915891376,8,86986989012072,160,455794650406,80,8333346136219,49,2769432784623,10,4962997117266,0,0,0,0,0,0,0,0,0,0,0,0,0,0,0,0,0,0,0,0,0,0,0,0,0,0,0,0,0,0,0,0,0,0,0,0,0,0,0,0,0,0,0,0,0,0,0,0,0,0,0,0,0,0,0,0,0,0,0,0,0,0,0,0,0,0,0,0,0,0,0,0,0,0,0,0,0,0,0,0,0,0,0,0,0,0,0,0,0,0,0,0,0,0,0,0,2,06281234876909,2,21342204327569,0,0,0,0,0,0,0,0,0,0,0,0,0,0,743,15,10,7232531502125,9,67885515763961,86,1556388001367,0,0,809112426598304,0,0,0,0,0,0,0,0,0,0,0,0,0,0,0,0,0,0,1,01313992368984,0,0,0,42818,2647894915,40363,6078059475,0,
480-500C*,0,0179919470289691,773,150024,468,756433935867,940,30212635742,0,166714520051479,382,575549983266,94,3943255943603,94,7695291812816,0,0720506357150388,0,9,03381006858844,320,773852987048,1,83226801555746,0,61,4618698024347,440,323947877575,325,773852987048,22,5548785310776,31,3119697310776,3,90819581026025,3,64628327193564,0,000686759114763297,0,0,0,1,69747859537946,1,58418754678278,260,311382868715,1,51754043304188,0,0108256531029059,,-139,43520080575,6,56450581484914,3,99940854514309,0,0,1,1643634649436E-10,0,00352619276954087,0,0591618123173339,7,2744335363119,293,896046018855,136,630687034261,78,6924851857816,10,5495479357562,0,0,0,0,0,0,0,0,0,0,0,0,0,0,0,0,0,0,0,0,0,0,0,0,0,0,0,0,0,0,0,0,0,0,0,0,0,0,0,0,0,0,0,0,0,0,0,0,0,0,0,0,0,0,0,0,0,0,0,0,0,0,0,0,0,0,0,0,0,0,0,0,0,0,0,0,0,0,0,0,0,0,0,0,0,0,0,0,0,0,0,0,0,0,0,0,1,58418754678278,1,69747859537946,0,0,0,0,0,0,0,0,0,0,0,0,0,0,763,15,14,5420330862256,9,53339818761738,86,1229085351607,0,1,42712053835516,0,0,0,0,0,0,0,0,0,0,0,0,0,0,0,0,0,0,1,83226801555746,0,0,0,42469,0399791923,40049,342732959,0,
500-520C*,0,016913667255353,793,150024,495,391882504013,947,13788281994,0,165761552524189,386,816308468198,95,8511894331564,96,0481574168893,0,098708823101878,0,9,15617255419583,323,558262225259,2,64450417037773,0,62,3009629497552,442,116291793549,328,558262225259,21,5896068898309,30,3466980898309,2,96727541936037,2,84808477178103,0,0011761455411749,0,0,0,1,18153514748324,1,10375781132969,261,283763343872,1,52339414532285,0,00907714018359695,,-152,17502184526,6,04471371890255,4,08264782704546,0,0,1,36162812895303E-11,0,0060384631491548,0,0810512330455303,5,77854251516548,569,270927032562,242,068060538222,130,878590860331,10,6027961597859,0,0,0,0,0,0,0,0,0,0,0,0,0,0,0,0,0,0,0,0,0,0,0,0,0,0,0,0,0,0,0,0,0,0,0,0,0,0,0,0,0,0,0,0,0,0,0,0,0,0,0,0,0,0,0,0,0,0,0,0,0,0,0,0,0,0,0,0,0,0,0,0,0,0,0,0,0,0,0,0,0,0,0,0,0,0,0,0,0,0,0,0,0,0,0,0,1,10375781132969,1,18153514748324,0,0,0,0,0,0,0,0,0,0,0,0,0,0,783,15,20,1494167683167,9,40097658190104,86,07696376184,0,2,07132172829208,0,0,0,0,0,0,0,0,0,0,0,0,0,0,0,0,0,0,2,64450417037773,0,0,0,42335,9635701992,39938,3928014896,0,
520-540C*,0,0158571529104559,813,150024,522,521874781198,953,816908559962,0,164633671445119,391,063238319175,97,3080532719525,97,4219428750765,0,125367010488717,0,9,26897368834046,325,966840919468,3,44984838815064,0,63,1098168805684,443,434260082625,330,966840919468,20,6274698630341,29,3845610630341,2,02635502846048,1,95536771814461,0,0016655319675865,0,0,0,0,665591699587018,0,622689406778865,262,259885746451,1,52938900053213,0,0076772798399276,,-164,914842884769,5,55682371775871,4,15538991910139,0,0,1,37320032233685E-12,0,00855073352876873,0,102940653773727,4,3693483525014,1173,25383178086,451,799112724907,227,673261034162,10,6560443838155,0,0,0,0,0,0,0,0,0,0,0,0,0,0,0,0,0,0,0,0,0,0,0,0,0,0,0,0,0,0,0,0,0,0,0,0,0,0,0,0,0,0,0,0,0,0,0,0,0,0,0,0,0,0,0,0,0,0,0,0,0,0,0,0,0,0,0,0,0,0,0,0,0,0,0,0,0,0,0,0,0,0,0,0,0,0,0,0,0,0,0,0,0,0,0,0,0,622689406778865,0,665591699587018,0,0,0,0,0,0,0,0,0,0,0,0,0,0,803,15,28,584979760355,9,28031579017541,86,0190028786265,0,2,73659653691302,0,0,0,0,0,0,0,0,0,0,0,0,0,0,0,0,0,0,3,44984838815064,0,0,0,42210,5884094977,39834,3329145514,0,
540-560C*,0,0148151188153861,833,150024,550,519923833475,960,367829825742,0,163214065925857,395,315452959401,98,623797103245,98,7153715620352,0,152025197875556,0,9,37279354138155,328,013755154916,4,26179463167876,0,63,8844693367179,444,314445340833,333,013755154916,19,6678949257222,28,4249861257222,1,22655464506425,1,14440637265382,0,0021549183939981,0,0,0,0,149648251690795,0,14022206531094,263,253759169204,1,5355371764187,0,00654572970983654,,-177,654663924279,5,09625276500198,4,22108776882,0,0,1,17550415132813E-13,0,0110630039083827,0,124830074501923,3,03451793054514,2590,64992460608,893,298755321146,416,20256966696,10,494599158691,0,0,0,0,0,0,0,0,0,0,0,0,0,0,0,0,0,0,0,0,0,0,0,0,0,0,0,0,0,0,0,0,0,0,0,0,0,0,0,0,0,0,0,0,0,0,0,0,0,0,0,0,0,0,0,0,0,0,0,0,0,0,0,0,0,0,0,0,0,0,0,0,0,0,0,0,0,0,0,0,0,0,0,0,0,0,0,0,0,0,0,0,0,0,0,0,0,14022206531094,0,149648251690795,0,0,0,0,0,0,0,0,0,0,0,0,0,0,823,15,41,6118856378052,9,17017719599438,85,9501775959404,0,3,4302369518965,0,0,0,0,0,0,0,0,0,0,0,0,0,0,0,0,0,0,4,26179463167876,0,0,0,42090,9343615739,39735,3641478419,0,
560-580C*,0,0136775222472456,853,150024,578,926269142283,967,022036132004,0,16053245971854,399,567371163339,98,8378591767189,98,9973119035423,0,157298183173015,0,9,47775421187622,329,692440976241,5,09509323113187,0,64,5560913309894,444,792138347168,334,692440976241,18,7062542876007,27,4633454876007,1,16214082328105,1,00268809645769,0,0026443048204097,0,0,0,0,0,264,271007104842,1,54201166159975,0,00562283738772567,,-190,394484963788,4,63414942241581,4,29493069379188,0,0,8,38721298380265E-15,0,0135752742879966,0,129159798499836,1,69081206700869,6229,10452481199,1895,62151216276,808,286974130578,10,2469455619018,0,0,0,0,0,0,0,0,0,0,0,0,0,0,0,0,0,0,0,0,0,0,0,0,0,0,0,0,0,0,0,0,0,0,0,0,0,0,0,0,0,0,0,0,0,0,0,0,0,0,0,0,0,0,0,0,0,0,0,0,0,0,0,0,0,0,0,0,0,0,0,0,0,0,0,0,0,0,0,0,0,0,0,0,0,0,0,0,0,0,0,0,0,0,0,0,0,0,0,0,0,0,0,0,0,0,0,0,0,0,0,0,843,149999999999,62,4734652239151,9,06106201508953,85,8785186775864,0,4,16280753340315,0,0,0,0,0,0,0,0,0,0,0,0,0,0,0,0,0,0,5,09509323113187,0,0,0,41967,193784237,39632,7251526722,0,
580-600C*,0,0126593914631106,873,150024,608,779040511746,974,260068099829,0,156804658965345,403,807973739513,99,0177122814976,99,1227424148151,0,310007358485064,0,9,60607101152839,330,970440306423,5,89512150254659,0,64,9804605724919,444,901129982781,335,970440306423,17,7329371362478,26,4900283362479,0,982287718502391,0,87725758518485,0,00313369124682129,0,0,0,0,0,265,137156488775,1,54920410277859,0,00486381033987533,,-203,134306003298,4,11355137589794,4,40701045773725,0,0,4,8841076376234E-16,0,0160875446676105,0,254551496703279,0,171694518886535,11874,1854296271,3477,87579504153,1436,03836926546,9,99929196511269,0,0,0,0,0,0,0,0,0,0,0,0,0,0,0,0,0,0,0,0,0,0,0,0,0,0,0,0,0,0,0,0,0,0,0,0,0,0,0,0,0,0,0,0,0,0,0,0,0,0,0,0,0,0,0,0,0,0,0,0,0,0,0,0,0,0,0,0,0,0,0,0,0,0,0,0,0,0,0,0,0,0,0,0,0,0,0,0,0,0,0,0,0,0,0,0,0,0,0,0,0,0,0,0,0,0,0,0,0,0,0,0,863,15,98,0592729975088,8,9339244468627,85,8199126481926,0,4,88337819184846,0,0,0,0,0,0,0,0,0,0,0,0,0,0,0,0,0,0,5,89512150254659,0,0,0,41819,9431535458,39509,0897454018,0,
600-625C*,0,014454802738665,898,150024,645,073356701785,982,193824003877,0,152610883118,408,586347067286,99,1876863764051,99,2425367177909,0,508210689388556,0,9,70756619544514,332,225426199432,6,73328121481814,0,65,4586125535966,444,642476882759,337,225426199432,16,642135942171,25,399227142171,0,812313623594875,0,757463282209088,0,0242132024281361,0,0,0,0,0,266,029335340401,1,55745185123436,0,00409446633631826,,-217,466604672746,3,56765912168735,4,52791827227819,0,0,1,01130060428898E-17,0,122652343795982,0,41729909979119,-1,42728689557178,21813,0282742352,6427,25433029729,2644,58347846208,9,72068166872491,0,0,0,0,0,0,0,0,0,0,0,0,0,0,0,0,0,0,0,0,0,0,0,0,0,0,0,0,0,0,0,0,0,0,0,0,0,0,0,0,0,0,0,0,0,0,0,0,0,0,0,0,0,0,0,0,0,0,0,0,0,0,0,0,0,0,0,0,0,0,0,0,0,0,0,0,0,0,0,0,0,0,0,0,0,0,0,0,0,0,0,0,0,0,0,0,0,0,0,0,0,0,0,0,0,0,0,0,0,0,0,0,885,65,170,196081584718,8,8049241826584,85,4743843490321,0,5,654275872221,0,0,0,0,0,0,0,0,0,0,0,0,0,0,0,0,0,0,6,73328121481814,0,0,0,41660,7180308514,39375,576715351,0,
625-650C*,0,012970635571853,923,150024,689,692205746517,990,720047012364,0,147951132176506,413,905492555262,99,3363600562762,99,3491928785928,0,728436612614658,0,9,82888449128039,332,943114709388,7,33053030853504,0,66,0038386331367,443,902909838266,339,955831090051,15,4359158420059,24,1930070420059,0,663639943723837,0,65080712140724,0,0488635202990917,0,0,0,0,0,267,05224828127,1,56676876816815,0,00347911035253126,,-233,391380972133,3,01198806124823,4,65708314634732,0,0,1,38605125770891E-19,0,247266329254465,0,598129769888869,-3,06127747334755,45547,9824869152,13480,155832843,5519,88399709703,9,4111146727385,0,0,0,0,0,0,0,0,0,0,0,0,0,0,0,0,0,0,0,0,0,0,0,0,0,0,0,0,0,0,0,0,0,0,0,0,0,0,0,0,0,0,0,0,0,0,0,0,0,0,0,0,0,0,0,0,0,0,0,0,0,0,0,0,0,0,0,0,0,0,0,0,0,0,0,0,0,0,0,0,0,0,0,0,0,0,0,0,0,0,0,0,0,0,0,0,0,0,0,0,0,0,0,0,0,0,0,0,0,0,0,0,910,65,332,246762181715,8,68431552338377,85,3571341651722,0,6,21255891802863,0,0,0,0,0,0,0,0,0,0,0,0,0,0,0,0,0,0,7,33053030853504,0,0,0,41491,500714688,39233,8293844761,0,
650-675C*,0,0115353676657063,948,150024,739,898451268283,998,908663008258,0,146592189510492,419,235302997918,99,3993448807675,99,399874020634,0,94866253584076,0,9,92499029115124,333,248442615249,7,78524361180781,0,66,5772461455297,442,743732994451,342,644654679553,14,2364478820926,22,9935390820926,0,600655119232471,0,600125979366027,0,0735138381700473,0,0,0,0,0,268,111611446479,1,57619686417328,0,00298173436858639,,-249,316157271519,2,511448132681,4,78222060899073,0,0,1,17292580372822E-21,0,371880314712947,0,778960439986548,-4,53864923468361,100411,150881268,30096,5703321564,12339,4585041529,9,18635921732432,0,0,0,0,0,0,0,0,0,0,0,0,0,0,0,0,0,0,0,0,0,0,0,0,0,0,0,0,0,0,0,0,0,0,0,0,0,0,0,0,0,0,0,0,0,0,0,0,0,0,0,0,0,0,0,0,0,0,0,0,0,0,0,0,0,0,0,0,0,0,0,0,0,0,0,0,0,0,0,0,0,0,0,0,0,0,0,0,0,0,0,0,0,0,0,0,0,0,0,0,0,0,0,0,0,0,0,0,0,0,0,0,935,65,706,43220206499,8,58627377381577,85,218683842288,0,6,64219055973335,0,0,0,0,0,0,0,0,0,0,0,0,0,0,0,0,0,0,7,78524361180781,0,0,0,41330,0524343102,39098,6508697353,0,
675-700C*,0,0101633013084168,973,150024,796,794466662183,1006,72519068562,0,126244033087671,424,576080027462,99,4267341934706,99,4275100956416,1,16888845906686,0,9,99322205950733,333,174284355086,8,23995691508058,0,67,1916816683185,441,215787687061,345,095449163101,13,04442168855,21,80151288855,0,573265806529434,0,572489904358406,0,098164156041003,0,0,0,0,0,269,216995380703,1,58568165250842,0,00257579970452167,,-265,240933570906,2,067598585458,4,90480191381974,0,0,5,622719383272E-24,0,49649430017143,0,959791110084227,-5,853055481027,234635,027956718,71910,5952677126,29734,1514569312,7,87484543113819,0,0,0,0,0,0,0,0,0,0,0,0,0,0,0,0,0,0,0,0,0,0,0,0,0,0,0,0,0,0,0,0,0,0,0,0,0,0,0,0,0,0,0,0,0,0,0,0,0,0,0,0,0,0,0,0,0,0,0,0,0,0,0,0,0,0,0,0,0,0,0,0,0,0,0,0,0,0,0,0,0,0,0,0,0,0,0,0,0,0,0,0,0,0,0,0,0,0,0,0,0,0,0,0,0,0,0,0,0,0,0,0,960,65,1655,05982806718,8,51163271753751,85,0586358353201,0,7,07553053640439,0,0,0,0,0,0,0,0,0,0,0,0,0,0,0,0,0,0,8,23995691508058,0,0,0,41176,0170124434,38969,6387718926,0,
700-725C*,0,00882438730424662,998,150024,865,874863958679,1014,13514873852,0,101521334223971,429,928116057893,99,4541235061736,99,4820388197238,1,62366547774929,0,10,0313048964994,332,752239872671,9,0202256105384,0,67,8590564495916,439,365611027999,347,419941675198,11,8605268874966,20,6176180874966,0,545876493826398,0,517961180276174,0,122814473911959,0,0,0,0,0,270,420916623306,1,59516553558086,0,00224150111848453,,-281,165709870293,1,68195101670464,5,02629831444563,0,0,1,37064635256234E-26,0,621108285629912,1,3332150550434,-6,99843056665071,583670,122950853,184933,113341089,77778,8982858377,6,52217413529408,0,0,0,0,0,0,0,0,0,0,0,0,0,0,0,0,0,0,0,0,0,0,0,0,0,0,0,0,0,0,0,0,0,0,0,0,0,0,0,0,0,0,0,0,0,0,0,0,0,0,0,0,0,0,0,0,0,0,0,0,0,0,0,0,0,0,0,0,0,0,0,0,0,0,0,0,0,0,0,0,0,0,0,0,0,0,0,0,0,0,0,0,0,0,0,0,0,0,0,0,0,0,0,0,0,0,0,0,0,0,0,0,985,65,4328,2026755151,8,46117498036893,84,8766260107134,0,7,82716393968737,0,0,0,0,0,0,0,0,0,0,0,0,0,0,0,0,0,0,9,0202256105384,0,0,0,41029,0314882458,38846,382625127,0,
725-750C*,0,0075668866221041,1023,150024,947,423398229559,1021,10405586101,0,0806506236321379,435,29169950384,99,4815128188766,99,4915156540743,2,62572838582979,0,10,0374357945005,332,012571675963,9,14938352162613,0,68,5905429663496,437,235577770466,349,478662414908,10,6854531050514,19,4425443050514,0,518487181123376,0,508484345925709,0,35467068028764,0,0,0,0,0,271,711742134585,1,60458805237407,0,00196388560350062,,-297,09048616968,1,35599634929427,5,14818106447972,0,0,1,48132469721263E-29,1,78066088489825,2,15602330801273,-7,96892973640624,1552774,16232864,515089,825346984,222560,662067991,5,49483344177448,0,0,0,0,0,0,0,0,0,0,0,0,0,0,0,0,0,0,0,0,0,0,0,0,0,0,0,0,0,0,0,0,0,0,0,0,0,0,0,0,0,0,0,0,0,0,0,0,0,0,0,0,0,0,0,0,0,0,0,0,0,0,0,0,0,0,0,0,0,0,0,0,0,0,0,0,0,0,0,0,0,0,0,0,0,0,0,0,0,0,0,0,0,0,0,0,0,0,0,0,0,0,0,0,0,0,0,0,0,0,0,0,1010,65,12818,5420541699,8,43565101924879,84,6723054905224,0,7,95250736888512,0,0,0,0,0,0,0,0,0,0,0,0,0,0,0,0,0,0,9,14938352162613,0,0,0,40888,7283407762,38728,4662549426,0,
750-775C*,0,00640865605306104,1048,150024,1041,98856520247,1025,9668963538,0,0663473673012952,440,700936347122,99,5104648171133,99,5125096057191,3,6277912939103,0,10,087622973473,331,149646136755,9,6040968248989,0,69,8638079577157,434,864093543517,351,207427331117,9,55250065520021,18,3095918552002,0,489535182886669,0,48749039428094,0,677888560845521,0,0,0,0,0,273,128874388754,1,61229038709387,0,00173154051270371,,-313,015262469066,1,26604113469787,5,27192141753329,0,0,5,94693471596448E-33,3,39654088449198,2,97883156098206,-8,23715197130348,4439817,20118705,1564318,70943414,702517,690423992,4,61750656231226,0,0,0,0,0,0,0,0,0,0,0,0,0,0,0,0,0,0,0,0,0,0,0,0,0,0,0,0,0,0,0,0,0,0,0,0,0,0,0,0,0,0,0,0,0,0,0,0,0,0,0,0,0,0,0,0,0,0,0,0,0,0,0,0,0,0,0,0,0,0,0,0,0,0,0,0,0,0,0,0,0,0,0,0,0,0,0,0,0,0,0,0,0,0,0,0,0,0,0,0,0,0,0,0,0,0,0,0,0,0,0,0,1035,65,43698,3856018084,8,49451896229756,85,6895046326749,0,8,3957691919456,0,0,0,0,0,0,0,0,0,0,0,0,0,0,0,0,0,0,9,6040968248989,0,0,0,40775,2172893768,38631,3736451464,0,
775-800C*,0,0054239397563658,1073,150024,1143,83821248821,1033,58079209104,0,0547277619049056,446,05467324666,99,54024774562,99,54261809618,4,6298542019908,0,10,1380610883404,329,694508893779,10,0588101281717,0,70,2879061649288,432,285821973532,352,52276023041,8,36452710046006,17,1216183004601,0,459752254379978,0,457381903820021,1,0011064414034,0,0,0,0,0,274,490141500261,1,62299517625921,0,00153566657770742,,-328,940038768453,0,889185993274129,5,39899062721766,0,0,7,03082695798661E-37,5,0124208840857,3,80163981395139,-9,36266212423675,13716579,9187231,5218138,57833815,2468701,82947272,3,83483784596377,0,0,0,0,0,0,0,0,0,0,0,0,0,0,0,0,0,0,0,0,0,0,0,0,0,0,0,0,0,0,0,0,0,0,0,0,0,0,0,0,0,0,0,0,0,0,0,0,0,0,0,0,0,0,0,0,0,0,0,0,0,0,0,0,0,0,0,0,0,0,0,0,0,0,0,0,0,0,0,0,0,0,0,0,0,0,0,0,0,0,0,0,0,0,0,0,0,0,0,0,0,0,0,0,0,0,0,0,0,0,0,0,1060,65,174636,289667084,8,46232597907082,85,7915777252696,0,8,84198588150624,0,0,0,0,0,0,0,0,0,0,0,0,0,0,0,0,0,0,10,0588101281717,0,0,0,40626,6883215012,38506,9725892326,0,
800-825C*,0,00456662920403463,1098,150024,1252,85747499835,1039,0196585867,0,0444622142332718,451,454666794698,99,5700306741267,99,5726592050857,5,63191711007131,0,10,1887513937821,328,169689911971,10,5135234314444,0,71,2739760223457,429,531931791022,353,50508154552,7,22005413055148,15,9771453305515,0,429969325873273,0,427340794914286,1,32432432196128,0,0,0,0,0,275,94053164087,1,63184853425542,0,00136941476327589,,-344,86481506784,0,751448735125532,5,53085994714412,0,0,1,79365614365673E-41,6,62830088367942,4,62444806692072,-9,7747633781031,46049883,9055733,19270633,5403054,9755142,21593386,3,09147164178529,0,0,0,0,0,0,0,0,0,0,0,0,0,0,0,0,0,0,0,0,0,0,0,0,0,0,0,0,0,0,0,0,0,0,0,0,0,0,0,0,0,0,0,0,0,0,0,0,0,0,0,0,0,0,0,0,0,0,0,0,0,0,0,0,0,0,0,0,0,0,0,0,0,0,0,0,0,0,0,0,0,0,0,0,0,0,0,0,0,0,0,0,0,0,0,0,0,0,0,0,0,0,0,0,0,0,0,0,0,0,0,0,1085,65,835234,02729289,8,51596518057143,86,7670521029467,0,9,29100171677192,0,0,0,0,0,0,0,0,0,0,0,0,0,0,0,0,0,0,10,5135234314444,0,0,0,40504,2110226965,38402,553316742,0,
825-850C*,0,00383516091744762,1123,150024,1368,91303435117,1043,87954892821,0,0342211310766965,456,867424728792,99,5998136026334,99,6025852306712,6,98858896432608,0,10,239695150751,326,434403896696,10,9682367347172,0,72,3648432328754,426,630353116244,354,226853821365,6,08716068372594,14,8442518837259,0,400186397366568,0,397414769328762,1,64754220251916,0,0,0,0,0,277,449246539412,1,64037944434756,0,00122740634173099,,-360,789591367227,0,679695353332138,5,66900063092397,0,0,6,44754093073519E-47,8,24418088327315,5,73843082114752,-9,98960133386634,169033883,561531,79469208,3629862,43823705,7046901,2,33205229883314,0,0,0,0,0,0,0,0,0,0,0,0,0,0,0,0,0,0,0,0,0,0,0,0,0,0,0,0,0,0,0,0,0,0,0,0,0,0,0,0,0,0,0,0,0,0,0,0,0,0,0,0,0,0,0,0,0,0,0,0,0,0,0,0,0,0,0,0,0,0,0,0,0,0,0,0,0,0,0,0,0,0,0,0,0,0,0,0,0,0,0,0,0,0,0,0,0,0,0,0,0,0,0,0,0,0,0,0,0,0,0,0,1110,65,4893323,15854364,8,59741491852348,88,034907850199,0,9,74267141069022,0,0,0,0,0,0,0,0,0,0,0,0,0,0,0,0,0,0,10,9682367347172,0,0,0,40386,9384472371,38301,7934691652,0,
850-875C*,0,0032719177788467,1148,150024,1469,58516236723,1048,12598180963,0,0226749192254822,462,2932934183,99,6295965311401,99,6323485366454,10,5235729165086,0,10,2908936265047,324,511975062327,11,42295003799,0,73,5704316054376,423,606034728143,354,669418887746,4,96653638610218,13,7236275861022,0,370403468859877,0,367651463354591,3,02091806601208,0,0,0,0,0,278,902631794058,1,64852137061907,0,0011053817661974,,-376,714367666614,0,675716360392112,5,81488393216851,0,0,1,79175042785312E-53,15,057243764382,8,64105694024165,-10,001518034617,682870198,416222,369378819,277372,226514497,371211,1,50122416616363,0,0,0,0,0,0,0,0,0,0,0,0,0,0,0,0,0,0,0,0,0,0,0,0,0,0,0,0,0,0,0,0,0,0,0,0,0,0,0,0,0,0,0,0,0,0,0,0,0,0,0,0,0,0,0,0,0,0,0,0,0,0,0,0,0,0,0,0,0,0,0,0,0,0,0,0,0,0,0,0,0,0,0,0,0,0,0,0,0,0,0,0,0,0,0,0,0,0,0,0,0,0,0,0,0,0,0,0,0,0,0,0,1135,65,36053569,3947479,8,70735078890216,89,6064207372542,0,10,1968590997229,0,0,0,0,0,0,0,0,0,0,0,0,0,0,0,0,0,0,11,42295003799,0,0,0,40274,5073191919,38204,2780775586,0,
875-900C*,0,00271197502085852,1173,150024,1599,29024661265,1051,72447592502,0,00849398546993168,467,73264715257,99,6593794596468,99,6619015404797,14,0585568686911,0,10,3423480946373,322,424385288069,11,8776633412628,0,74,9008453852256,420,481196278073,355,069474504176,3,85887086379894,12,6159620637989,0,340620540353171,0,33809845952031,5,31072392959437,0,0,0,0,0,280,588681248775,1,65620917162234,0,000999941132382341,,-392,639143966,0,741446597667257,5,96998110448904,0,0,1,60737721426156E-61,26,4056759765507,11,5436830593358,-9,80470451541402,3057657643,26441,1954811374,7212,1364836671,36192,0,543631592833073,0,0,0,0,0,0,0,0,0,0,0,0,0,0,0,0,0,0,0,0,0,0,0,0,0,0,0,0,0,0,0,0,0,0,0,0,0,0,0,0,0,0,0,0,0,0,0,0,0,0,0,0,0,0,0,0,0,0,0,0,0,0,0,0,0,0,0,0,0,0,0,0,0,0,0,0,0,0,0,0,0,0,0,0,0,0,0,0,0,0,0,0,0,0,0,0,0,0,0,0,0,0,0,0,0,0,0,0,0,0,0,0,1160,65,344150647,55608,8,84639344187777,91,492480358016,0,10,653437462047,0,0,0,0,0,0,0,0,0,0,0,0,0,0,0,0,0,0,11,8776633412628,0,0,0,40166,5595155808,38109,5973759961,0,
900-925C*,0,00223251223551053,1198,150024,1740,1417530608,1054,64054996845,0,473,185894169477,99,6891623881535,99,6911967022233,17,5935408208736,0,10,3940598351104,320,192310157831,12,3323766445355,0,76,3665046589557,417,275571158095,355,359344672712,2,76485374293496,11,521944942935,0,310837611846466,0,30880329777672,7,60052979317665,0,0,0,0,0,282,410490938812,1,66338027616825,0,000908350477804958,,-408,563920265387,0,878996399128768,6,13576340149687,0,0,1,24163910207317E-71,37,7541081887194,14,4463091784299,-9,39313523558622,15290406832,7228,11908520269,1695,9724792330,30329,0,0,0,0,0,0,0,0,0,0,0,0,0,0,0,0,0,0,0,0,0,0,0,0,0,0,0,0,0,0,0,0,0,0,0,0,0,0,0,0,0,0,0,0,0,0,0,0,0,0,0,0,0,0,0,0,0,0,0,0,0,0,0,0,0,0,0,0,0,0,0,0,0,0,0,0,0,0,0,0,0,0,0,0,0,0,0,0,0,0,0,0,0,0,0,0,0,0,0,0,0,0,0,0,0,0,0,0,0,0,0,0,0,1185,65,4401345480,96425,9,01506849049806,93,7031613078556,0,11,1122869442352,0,0,0,0,0,0,0,0,0,0,0,0,0,0,0,0,0,0,12,3323766445355,0,0,0,40062,743203544,38017,3481960218,0,
925-950C*,0,00183347401486317,1223,150024,1886,24350432961,1057,77427651076,0,478,635203965657,99,7189453166602,99,7201865138356,19,0339686206654,0,10,446030134286,317,744117528806,12,7870899478083,0,77,7209647286299,414,00663712532,355,557782287839,1,66648357209335,10,4235747720933,0,281054683339775,0,279813486164429,9,89033565675894,0,0,0,0,0,284,303217667177,1,67099564857237,0,000828395893796833,,-424,488696564774,0,996193236922587,6,30029569766076,0,0,1,01179546585337E-84,49,1025404008882,15,6290651430683,-9,04277552013895,86092353838,7633,84507098653,1772,83232426971,3577,0,0,0,0,0,0,0,0,0,0,0,0,0,0,0,0,0,0,0,0,0,0,0,0,0,0,0,0,0,0,0,0,0,0,0,0,0,0,0,0,0,0,0,0,0,0,0,0,0,0,0,0,0,0,0,0,0,0,0,0,0,0,0,0,0,0,0,0,0,0,0,0,0,0,0,0,0,0,0,0,0,0,0,0,0,0,0,0,0,0,0,0,0,0,0,0,0,0,0,0,0,0,0,0,0,0,0,0,0,0,0,0,0,1210,65,78330315255,1078,9,18354030212795,95,9315387354585,0,11,5732950800753,0,0,0,0,0,0,0,0,0,0,0,0,0,0,0,0,0,0,12,7870899478083,0,0,0,39957,1833933119,37923,8892010432,0,
950-975C*,0,00150785023691378,1248,150024,2031,32760476417,1062,31818796175,0,484,057517781358,99,7487282451669,99,7488234890273,24,6097489964105,0,10,4982602849574,314,981694055687,13,2418032510811,0,78,6409997030993,410,689832872001,355,688779384394,0,539909703078088,9,29700090307809,0,25127175483307,0,25117651097267,12,1801415203412,0,0,0,0,0,286,172487841645,1,68038648561875,0,000758272697418127,,-440,413472864161,0,973837774275299,6,44473990452546,0,0,2,50092970122616E-102,60,4509726130569,20,2074185307769,-9,10958508131592,550581898468,068,707635210176,804,870461428179,46,0,0,0,0,0,0,0,0,0,0,0,0,0,0,0,0,0,0,0,0,0,0,0,0,0,0,0,0,0,0,0,0,0,0,0,0,0,0,0,0,0,0,0,0,0,0,0,0,0,0,0,0,0,0,0,0,0,0,0,0,0,0,0,0,0,0,0,0,0,0,0,0,0,0,0,0,0,0,0,0,0,0,0,0,0,0,0,0,0,0,0,0,0,0,0,0,0,0,0,0,0,0,0,0,0,0,0,0,0,0,0,0,0,1235,65,2024829161839,47,9,31465594750261,97,7876826017091,0,12,0363558880608,0,0,0,0,0,0,0,0,0,0,0,0,0,0,0,0,0,0,13,2418032510811,0,0,0,39843,692060141,37825,8989914813,0,
975-1000C*,0,00123496809308823,1273,150024,2182,81509578978,1066,86209941275,0,489,480584757789,99,7785111736736,99,7770601536028,34,8989660587548,0,10,5507515863822,312,059373903067,13,6965165543539,0,79,5187537912597,407,338759566125,355,780231219204,-0,586664165937183,8,17042703406282,0,221488826326365,0,222939846397239,17,7381623110369,0,0,0,0,0,288,149200869102,1,69003501604682,0,000696500548124605,,-456,338249163548,0,955375680583214,6,58918411139015,0,0,2,79050048688521E-127,87,8519675090642,28,6560425115875,-9,16476710111202,4037079588489,76,7090515126826,01,11333844829675,4,0,0,0,0,0,0,0,0,0,0,0,0,0,0,0,0,0,0,0,0,0,0,0,0,0,0,0,0,0,0,0,0,0,0,0,0,0,0,0,0,0,0,0,0,0,0,0,0,0,0,0,0,0,0,0,0,0,0,0,0,0,0,0,0,0,0,0,0,0,0,0,0,0,0,0,0,0,0,0,0,0,0,0,0,0,0,0,0,0,0,0,0,0,0,0,0,0,0,0,0,0,0,0,0,0,0,0,0,0,0,0,0,0,1260,65,79795792133152,2,9,45524124087951,99,7599015218359,0,12,5013693363884,0,0,0,0,0,0,0,0,0,0,0,0,0,0,0,0,0,0,13,6965165543539,0,0,0,39730,7769187677,37728,4265388405,0,
1000-1050C*,0,00182005764233783,1323,150024,2422,3325453956,1073,67796658924,0,497,616576481155,99,8231855664337,99,8185607233199,50,4572685911108,0,10,6035053443141,306,007213445855,14,378586509263,0,80,7610775021185,403,021771717758,355,867714633353,-2,27652496946008,6,48056623053992,0,176814433566321,0,181439276680095,34,280684985207,0,0,0,0,0,291,353044692153,1,70499795310123,0,000593331215520711,,-480,225413612628,0,934874475717377,6,8058504216872,0,0,9,04794078109171E-231,169,256551725064,41,4311882859561,-9,22605220153403,105913027681753,325607162995089,840279617834076,0,0,0,0,0,0,0,0,0,0,0,0,0,0,0,0,0,0,0,0,0,0,0,0,0,0,0,0,0,0,0,0,0,0,0,0,0,0,0,0,0,0,0,0,0,0,0,0,0,0,0,0,0,0,0,0,0,0,0,0,0,0,0,0,0,0,0,0,0,0,0,0,0,0,0,0,0,0,0,0,0,0,0,0,0,0,0,0,0,0,0,0,0,0,0,0,0,0,0,0,0,0,0,0,0,0,0,0,0,0,0,0,0,1298,15,4,9148882487556E+16,9,67419773361693,,0,13,2023452525606,0,0,0,0,0,0,0,0,0,0,0,0,0,0,0,0,0,0,14,378586509263,0,0,0,39562,4787704781,37583,1834123151,0,
1050-1100C*,0,00119054250764441,1373,150024,2765,55482534329,1082,76578949123,0,508,467113418302,99,8827514234471,99,8720505931496,67,4800605993031,0,10,6565228710357,301,176251164389,15,2880131158086,0,82,2896369298524,395,268476101325,355,929302874485,-4,52967270749061,4,22741849250939,0,11724857655291,0,127949406850377,56,3373818841006,0,0,0,0,0,296,176251164389,1,72588275478792,0,000511379527153338,,,0,920710957704548,7,09473883541659,0,0,0,277,795997346398,55,4088474129175,-9,26839689841044,1,47322692968711E+16,1,16894275551756E+17,6,93443286930276E+17,0,0,0,0,0,0,0,0,0,0,0,0,0,0,0,0,0,0,0,0,0,0,0,0,0,0,0,0,0,0,0,0,0,0,0,0,0,0,0,0,0,0,0,0,0,0,0,0,0,0,0,0,0,0,0,0,0,0,0,0,0,0,0,0,0,0,0,0,0,0,0,0,0,0,0,0,0,0,0,0,0,0,0,0,0,0,0,0,0,0,0,0,0,0,0,0,0,0,0,0,0,0,0,0,0,0,0,0,0,0,0,0,0,1348,15,1,99711135118845E+21,10,0178375226612,,0,14,1429727639389,0,0,0,0,0,0,0,0,0,0,0,0,0,0,0,0,0,0,15,2880131158086,0,0,0,39340,072512511,37391,3149617449,0,
1100-1150C*,0,000764651969176376,1423,150024,3137,7063053998,1091,85361239322,0,519,320495671948,99,9423172804605,100,100,0,10,7098054853909,306,810430320494,16,1974397223541,0,83,6856092957379,389,503413793244,355,962709793604,-6,78282044552114,1,97427075447886,0,057682719539514,0,99,6637012422976,0,0,0,0,0,301,810430320494,1,74786638157368,0,000445374616445765,,,0,921255942802622,7,38362724914598,0,0,0,490,142492139266,92,9517614001419,-9,26676747823326,4,35648597647147E+18,1,18233986323349E+20,2,12602568756322E+21,0,0,0,0,0,0,0,0,0,0,0,0,0,0,0,0,0,0,0,0,0,0,0,0,0,0,0,0,0,0,0,0,0,0,0,0,0,0,0,0,0,0,0,0,0,0,0,0,0,0,0,0,0,0,0,0,0,0,0,0,0,0,0,0,0,0,0,0,0,0,0,0,0,0,0,0,0,0,0,0,0,0,0,0,0,0,0,0,0,0,0,0,0,0,0,0,0,0,0,0,0,0,0,0,0,0,0,0,0,0,0,0,0,1398,15,1,52021474748778E+27,10,4087455397137,,0,15,0898619354609,0,0,0,0,0,0,0,0,0,0,0,0,0,0,0,0,0,0,16,1974397223541,0,0,0,39119,9206441879,37201,4714620892,0,
1150+C*,0,00121553853815877,1623,150024,4209,59305940677,1114,57316964819,0,546,465942822192,100,100,100,0,10,7633545128178,326,308192517136,18,471006238718,0,86,6773493626454,379,290600981301,355,980500457674,-12,4156897905975,-3,65859859059747,0,0,350,300802876486,0,0,0,0,0,321,308192517136,1,80790500361535,0,000279016657111959,,,0,984607028744502,8,10584828346946,0,0,0,1714,36713701775,234,150506608363,-9,07739974091874,3,95296041246047E+26,1,25101055836811E+28,2,44225008706252E+29,0,0,0,0,0,0,0,0,0,0,0,0,0,0,0,0,0,0,0,0,0,0,0,0,0,0,0,0,0,0,0,0,0,0,0,0,0,0,0,0,0,0,0,0,0,0,0,0,0,0,0,0,0,0,0,0,0,0,0,0,0,0,0,0,0,0,0,0,0,0,0,0,0,0,0,0,0,0,0,0,0,0,0,0,0,0,0,0,0,0,0,0,0,0,0,0,0,0,0,0,0,0,0,0,0,0,0,0,0,0,0,0,0,1523,15,,11,5475461068002,,0,17,4807837713015,0,0,0,0,0,0,0,0,0,0,0,0,0,0,0,0,0,0,18,471006238718,0,0,0,38579,2415439214,36735,5704627803,0,
