Name,Dalia-2011
Created,26/03/2026 11:03:01
Cpt,Composition,Boiling Temperature,Molecular Weight,Standard Liquid Density,Acidity,Aniline Point,Assay - Aromatics Vol Pct,Assay - Aromatics Wt Pct,Asphaltene Content,Basic Nitrogen Content,C to H Ratio,Cloud Point,Conradson Carbon Content,Copper Content,Cetane Number,Flash Point,Freeze Point,MON (Clear),MON (Leaded),Assay - Naphthenes Vol Pct,Assay - Naphthenes Wt Pct,Nickel Content,Nitrogen Content,Assay - Olefins Vol Pct,Assay - Olefins Wt Pct,Assay - Paraffins Vol Pct,Assay - Paraffins Wt Pct,Pour Point,Refractive Index,Reid Vapour Pressure,RON (Clear),RON (Leaded),Smoke Point,Sulfur Content,Mercaptan Sulfur Content,Sodium Content,True Vapour Pressure,Vanadium Content,Iron Content,Luminometer Number,Viscosity @ 38C,Viscosity @ 50C,Viscosity @ 60C,Wax Content,Pi C6 22DMB Wt Pct,Pi C6 22DMB Vol Pct,Pi C6 23DMB Wt Pct,Pi C6 23DMB Vol Pct,Pi C6 2MP Wt Pct,Pi C6 2MP Vol Pct,Pi C6 3MP Wt Pct,Pi C6 3MP Vol Pct,Pi C7 22-mPentane Wt Pct,Pi C7 22-mPentane Vol Pct,Pi C7 24-mPentane Wt Pct,Pi C7 24-mPentane Vol Pct,Pi C7 223-mButane Wt Pct,Pi C7 223-mButane Vol Pct,Pi C7 33-mPentane Wt Pct,Pi C7 33-mPentane Vol Pct,Pi C7 23-mPentane Wt Pct,Pi C7 23-mPentane Vol Pct,Pi C7 2-mHexane Wt Pct,Pi C7 2-mHexane Vol Pct,Pi C7 3-mHexane Wt Pct,Pi C7 3-mHexane Vol Pct,Pi C7 3-ePentane Wt Pct,Pi C7 3-ePentane Vol Pct,Pi C6 Wt Pct,Pi C6 Vol Pct,Pi C7 Wt Pct,Pi C7 Vol Pct,Pi C8 Wt Pct,Pi C8 Vol Pct,Pi C9 Wt Pct,Pi C9 Vol Pct,Pi C10  Wt Pct,Pi C10  Vol Pct,Pi C11  Wt Pct,Pi C11  Vol Pct,Pn C6 Hexane Wt Pct,Pn C6 Hexane Vol Pct,Pn C7 Heptane Wt Pct,Pn C7 Heptane Vol Pct,Pn C8 Octane Wt Pct,Pn C8 Octane Vol Pct,Pn C9 Nonane Wt Pct,Pn C9 Nonane Vol Pct,Pn C10 Decane Wt Pct,Pn C10 Decane Vol Pct,Pn C11 n-C11 Wt Pct,Pn C11 n-C11 Vol Pct,On C6 Wt Pct,On C6 Vol Pct,On C7 Wt Pct,On C7 Vol Pct,On C8 Wt Pct,On C8 Vol Pct,On C9 Wt Pct,On C9 Vol Pct,On C10 Wt Pct,On C10 Vol Pct,On C11 Wt Pct,On C11 Vol Pct,A C6 Benzene Wt Pct,A C6 Benzene Vol Pct,A C7 Toluene Wt Pct,A C7 Toluene Vol Pct,A C8 m-Xylene Wt Pct,A C8 m-Xylene Vol Pct,A C8 o-Xylene Wt Pct,A C8 o-Xylene Vol Pct,A C8 p-Xylene Wt Pct,A C8 p-Xylene Vol Pct,A C8 EthBenz Wt Pct,A C8 EthBenz Vol Pct,N C6 cyc-C5 Wt Pct,N C6 cyc-C5 Vol Pct,N C6 cyc-C6 Wt Pct,N C6 cyc-C6 Vol Pct,A C8 Wt Pct,A C8 Vol Pct,A C9 Wt Pct,A C9 Vol Pct,A C10 Wt Pct,A C10 Vol Pct,A C11 Wt Pct,A C11 Vol Pct,N C6 Wt Pct,N C6 Vol Pct,N C7 Wt Pct,N C7 Vol Pct,N C8 Wt Pct,N C8 Vol Pct,N C9 Wt Pct,N C9 Vol Pct,N C10 Wt Pct,N C10 Vol Pct,N C11 Wt Pct,N C11 Vol Pct,Pi Wt Pct,Pi Vol Pct,Pn Wt Pct,Pn Vol Pct,Oi C6 Wt Pct,Oi C6 Vol Pct,Oi C7 Wt Pct,Oi C7 Vol Pct,Oi C8 Wt Pct,Oi C8 Vol Pct,Oi C9 Wt Pct,Oi C9 Vol Pct,Oi C10 Wt Pct,Oi C10 Vol Pct,Oi C11 Wt Pct,Oi C11 Vol Pct,Centroid Boiling Temperature,Viscosity @ 100C,Hydrogen,CarbonByWt,PValue,RamsCarbonResidueByWt,SulfideByWt,ZincByWt,TinByWt,ChromiumByWt,LeadByWt,AluminiumByWt,MagnesiumByWt,MetalByWt,ArsenicByWt,CadmiumByWt,MercuryByWt,NaClByWt,SaltByWt,MudByWt,ChloridesByWt,MolybdenumByWt,AshByWt,GumByWt,MicroCarbonResidueByWt,nC5InsolublesByWt,NaphthenicAcidByWt,NaphthenicAcidByVol,Gross Heating Value,Net Heating Value,Oxygen Content,
Hydrogen,0,20,5548,2,016000032,69,85910034,0,,0,0,0,0,0,13,9,0,0,,,13,9,10,,0,0,0,0,0,0,0,0,13,9,,,130,,,0,0,0,,0,0,,,,,0,,,,,,,,,,,,,,,,,,,,,,,,,,,,,,,,,,,,,,,,,,,,,,,,,,,,,,,,,,,,,,,,,,,,,,,,,,,,,,,,,,,,,,,,,,,,,,,,,0,0,0,0,,,,,,,,,,,,,,,100,0,,,,,,,,,,,,,,,,,,,,,0,,,,,,,
Nitrogen,0,77,3498,28,0135,806,3740234,0,,0,0,0,0,0,63,1,0,0,,,63,1,,,0,0,0,0,0,0,0,0,63,1,,,,,,0,0,0,,0,0,,,,,0,,,,,,,,,,,,,,,,,,,,,,,,,,,,,,,,,,,,,,,,,,,,,,,,,,,,,,,,,,,,,,,,,,,,,,,,,,,,,,,,,,,,,,,,,,,,,,,,,0,0,0,0,,,,,,,,,,,,,,,0,0,,,,,,,,,,,,,,,,,,,,,0,,,,,,,
CO,0,81,6996,28,0109005,799,3880005,0,,0,0,0,0,0,68,2,0,0,,,68,2,,,0,0,0,0,0,0,0,0,68,2,,,120,,,0,0,0,,0,0,,,,,0,,,,,,,,,,,,,,,,,,,,,,,,,,,,,,,,,,,,,,,,,,,,,,,,,,,,,,,,,,,,,,,,,,,,,,,,,,,,,,,,,,,,,,,,,,,,,,,,,0,0,0,0,,,,,,,,,,,,,,,0,0,,,,,,,,,,,,,,,,,,,,,0,,,,,,,
Oxygen,0,90,1996,32,1137,680054,0,,0,0,0,0,0,54,4,0,0,,,54,4,,,0,0,0,0,0,0,0,0,54,4,,,120,,,0,0,0,,0,0,,,,,0,,,,,,,,,,,,,,,,,,,,,,,,,,,,,,,,,,,,,,,,,,,,,,,,,,,,,,,,,,,,,,,,,,,,,,,,,,,,,,,,,,,,,,,,,,,,,,,,,0,0,0,0,,,,,,,,,,,,,,,0,0,,,,,,,,,,,,,,,,,,,,,0,,,,,,,
Methane,0,111,625,16,04290009,299,3940125,0,,0,0,0,0,3,90,4,0,0,,85,15,90,4,,,0,0,0,0,0,0,100,100,90,4,,,120,,,0,0,0,,0,0,,,,,0,,,,,,,,,,,,,,,,,,,,,,,,,,,,,,,,,,,,,,,,,,,,,,,,,,,,,,,,,,,,,,,,,,,,,,,,,,,,,,,,,,,,,,,,,,,,,,,,,0,0,100,100,,,,,,,,,,,,,,,25,13516209,75,,,,,,,,,,,,,,,,,,,,,0,,,,,,,
Ethylene,0,169,399,28,05380058,383,2260132,0,,0,0,0,0,6,104,0,0,,137,15,104,75,6,,0,0,0,0,100,100,0,0,104,,,100,51,,,0,0,0,,0,0,,,,,0,,,,,,,,,,,,,,,,,,,,,,,,,,,,,,,,,,,,,,,,,,,,,,,,,,,,,,,,,,,,,,,,,,,,,,,,,,,,,,,,,,,,,,,,,,,,,,,,,0,0,0,0,,,,,,,,,,,,,,,14,34761566,85,71428571,,,,,,,,,,,,,,,,,,,,,0,,,,,,,
Ethane,0,000997906329615311,184,55,30,06990051,355,6830139,0,,0,0,0,0,4,90,4,0,0,,138,15,90,4,100,79,,0,0,0,0,0,0,100,100,90,4,,,111,38,,,0,0,0,,0,0,,,,,0,,,,,,,,,,,,,,,,,,,,,,,,,,,,,,,,,,,,,,,,,,,,,,,,,,,,,,,,,,,,,,,,,,,,,,,,,,,,,,,,,,,,,,,,,,,,,,,,,0,0,100,100,,,,,,,,,,,,,,,20,11147323,80,,,,,,,,,,,,,,,,,,,,,0,,,,,,,
CO2,0,194,598,44,00970078,825,335022,0,,0,0,0,0,0,217,0,0,,,217,,,0,0,0,0,0,0,0,0,217,,,,,,0,0,0,,0,0,,,,,0,,,,,,,,,,,,,,,,,,,,,,,,,,,,,,,,,,,,,,,,,,,,,,,,,,,,,,,,,,,,,,,,,,,,,,,,,,,,,,,,,,,,,,,,,,,,,,,,,0,0,0,0,,,,,,,,,,,,,,,0,0,,,,,,,,,,,,,,,,,,,,,0,,,,,,,
H2S,0,213,498,34,07600021,788,40802,0,,0,0,0,0,0,188,0,0,,,188,,,0,0,0,0,0,0,0,0,188,,2759,,,,94,1177,0,0,,0,0,,,,,0,,,,,,,,,,,,,,,,,,,,,,,,,,,,,,,,,,,,,,,,,,,,,,,,,,,,,,,,,,,,,,,,,,,,,,,,,,,,,,,,,,,,,,,,,,,,,,,,,0,0,0,0,,,,,,,,,,,,,,,5,911554252,0,,,,,,,,,,,,,,,,,,,,,0,,,,,,,
Propene,0,225,399,42,08060074,520,9550171,0,,0,0,0,0,6,87,9,0,0,,165,87,9,84,9,,0,0,0,0,100,100,0,0,87,9,,1565,102,54,,,0,0,0,,0,0,,,,,0,,,,,,,,,,,,,,,,,,,,,,,,,,,,,,,,,,,,,,,,,,,,,,,,,,,,,,,,,,,,,,,,,,,,,,,,,,,,,,,,,,,,,,,,,,,,,,,,,0,0,0,0,,,,,,,,,,,,,,,14,36465558,85,71428571,,,,,,,,,,,,,,,,,,,,,0,,,,,,,
Propane,0,00204142757794235,231,048,44,09700012,506,678009,0,,0,0,0,0,4,5,85,5,0,0,,169,15,85,5,97,1,,0,0,0,0,0,0,100,100,85,5,,1303,112,14,,,0,0,0,,0,0,,,,,0,,,,,,,,,,,,,,,,,,,,,,,,,,,,,,,,,,,,,,,,,,,,,,,,,,,,,,,,,,,,,,,,,,,,,,,,,,,,,,,,,,,,,,,,,,,,,,,,,0,0,100,100,,,,,,,,,,,,,,,18,28426304,81,81818182,,,,,,,,,,,,,,,,,,,,,0,,,,,,,
i-Butane,0,00103251475348875,261,42,58,12400055,561,9660034,0,380,85,0,0,0,0,4,8,114,0,0,,190,15,114,97,6,,0,0,0,0,0,0,100,100,114,,489,6,101,426,,,0,0,0,,0,0,,,,,0,,,,,,,,,,,,,,,,,,,,,,,,,,,,,,,,,,,,,,,,,,,,,,,,,,,,,,,,,,,,,,,,,,,,,,,,,,,,,,,,,,,,,,,,,,,,,,,,,100,100,0,0,,,,,,,,,,,,,,,17,34802065,82,75862069,,,,,,,,,,,,,,,,,,,,,0,,,,,,,
i-Butene,0,266,299,56,10770035,592,7930298,0,286,7055556,0,0,0,0,6,133,0,0,,193,15,133,88,1,,0,0,0,0,100,100,0,0,133,,442,7,105,2096138,,,0,0,0,,0,0,,,,,0,,,,,,,,,,,,,,,,,,,,,,,,,,,,,,,,,,,,,,,,,,,,,,,,,,,,,,,,,,,,,,,,,,,,,,,,,,,,,,,,,,,,,,,,,,,,,,,,,0,0,0,0,,,,,,,,,,,,,,,14,37319073,85,71428571,,,,,,,,,,,,,,,,,,,,,0,,,,,,,
1-Butene,0,266,898,56,10770035,593,7890015,0,,0,0,0,0,6,87,8,0,0,,193,15,87,8,80,8,,0,0,0,0,100,100,0,0,87,8,,432,97,4,,,0,0,0,,0,0,,0,236064836133691,0,219972008704656,0,208210021632581,0,,,,,,,,,,,,,,,,,,,,,,,,,,,,,,,,,,,,,,,,,,,,,,,,,,,,,,,,,,,,,,,,,,,,,,,,,,,,,,,,,,,,,,,,,,,,,,,,,0,0,0,0,,,,,,,,,,,,,,,14,37319073,85,71428571,,,,,,,,,,,,,,,,,,,,,0,,,,,,,
13-Butadiene,0,268,7,54,1,619,7440186,0,,0,0,0,0,8,164,0,0,,197,15,164,73,94513286,,0,0,0,0,100,100,0,0,164,,409,6,102,9723045,,,0,0,0,,0,0,,,,,0,,,,,,,,,,,,,,,,,,,,,,,,,,,,,,,,,,,,,,,,,,,,,,,,,,,,,,,,,,,,,,,,,,,,,,,,,,,,,,,,,,,,,,,,,,,,,,,,,0,0,0,0,,,,,,,,,,,,,,,11,17841035,88,88888889,,,,,,,,,,,,,,,,,,,,,0,,,,,,,
n-Butane,0,00309754426046626,272,648,58,12400055,583,2230225,0,356,35,0,0,0,0,4,8,135,0,0,,213,15,135,89,6,,0,0,0,0,0,0,100,100,135,,358,5,93,8,,,0,0,0,,0,0,,0,241514675581771,0,217701202498228,,0,,,,,,,,,,,,,,,,,,,,,,,,,,,,,,,,,,,,,,,,,,,,,,,,,,,,,,,,,,,,,,,,,,,,,,,,,,,,,,,,,,,,,,,,,,,,,,,,,0,0,100,100,,,,,,,,,,,,,,,17,34802065,82,75862069,,,,,,,,,,,,,,,,,,,,,0,,,,,,,
tr2-Butene,0,274,027,56,1,608,684021,0,,0,0,0,0,6,168,0,0,,201,168,83,84306902,,0,0,0,0,100,100,0,0,168,,343,9,105,0089318,,,0,0,0,,0,0,,,,,0,,,,,,,,,,,,,,,,,,,,,,,,,,,,,,,,,,,,,,,,,,,,,,,,,,,,,,,,,,,,,,,,,,,,,,,,,,,,,,,,,,,,,,,,,,,,,,,,,0,0,0,0,,,,,,,,,,,,,,,14,37319073,85,71428571,,,,,,,,,,,,,,,,,,,,,0,,,,,,,
i-Pentane,0,00207945445262426,301,028,72,15100098,623,4420166,0,343,95,0,0,0,0,5,113,0,0,,217,113,90,3,,0,0,0,0,0,0,100,100,113,,133,8,92,3,,,0,0,0,,0,0,,,,,0,,,,,,,,,,,,,,,,,,,,,,,,,,,,,,,,,,,,,,,,,,,,,,,,,,,,,,,,,,,,,,,,,,,,,,,,,,,,,,,,,,,,,,,,,,,,,,,,,100,100,0,0,,,,,,,,,,,,,,,16,75213296,83,33333333,,,,,,,,,,,,,,,,,,,,,0,,,,,,,
1-Pentene,0,303,096,70,13500214,638,7230225,0,292,25,0,0,0,0,6,108,0,0,,245,108,77,1,,0,0,0,0,100,100,0,0,108,,131,8,90,9,,,0,0,0,,0,0,,,,,0,,,,,,,,,,,,,,,,,,,,,,,,,,,,,,,,,,,,,,,,,,,,,,,,,,,,,,,,,,,,,,,,,,,,,,,,,,,,,,,,,,,,,,,,,,,,,,,,,0,0,0,0,,,,,,,,,,,,,,,14,37831669,85,71428571,,,,,,,,,,,,,,,,,,,,,0,,,,,,,
2M-1-butene,0,304,303,70,1,654,3800049,0,,0,0,0,0,6,136,0,0,,221,136,81,9,,0,0,0,0,100,100,0,0,136,,127,2,102,54,,,0,0,0,,0,0,,,,,0,,,,,,,,,,,,,,,,,,,,,,,,,,,,,,,,,,,,,,,,,,,,,,,,,,,,,,,,,,,,,,,,,,,,,,,,,,,,,,,,,,,,,,,,,,,,,,,,,0,0,0,0,,,,,,,,,,,,,,,14,37831669,85,71428571,,,,,,,,,,,,,,,,,,,,,0,,,,,,,
n-Pentane,0,309,209,72,15100098,629,7290039,0,343,95,0,0,0,0,5,143,0,0,,233,143,61,9,,0,0,0,0,0,0,100,100,143,,101,35,61,7,,,0,0,0,,0,0,,0,317713556013358,0,28795065870348,0,265338970196147,0,,,,,,,,,,,,,,,,,,,,,,,,,,,,,,,,,,,,,,,,,,,,,,,,,,,,,,,,,,,,,,,,,,,,,,,,,,,,,,,,,,,,,,,,,,,,,,,,,0,0,100,100,,,,,,,,,,,,,,,16,75213296,83,33333333,,,,,,,,,,,,,,,,,,,,,0,,,,,,,
cis2-Butene,0,276,867,56,1,625,9530029,0,,0,0,0,0,6,134,0,0,,203,134,83,5,,0,0,0,0,100,100,0,0,134,,314,4,100,,,0,0,0,,0,0,,,,,0,,,,,,,,,,,,,,,,,,,,,,,,,,,,,,,,,,,,,,,,,,,,,,,,,,,,,,,,,,,,,,,,,,,,,,,,,,,,,,,,,,,,,,,,,,,,,,,,,0,0,0,0,,,,,,,,,,,,,,,14,37319073,85,71428571,,,,,,,,,,,,,,,,,,,,,0,,,,,,,
3M-1-butene,0,293,204,70,1,631,2700195,0,,0,0,0,0,6,105,0,0,,217,105,85,26729455,,0,0,0,0,100,100,0,0,105,,190,101,6748769,,,0,0,0,,0,0,,,,,0,,,,,,,,,,,,,,,,,,,,,,,,,,,,,,,,,,,,,,,,,,,,,,,,,,,,,,,,,,,,,,,,,,,,,,,,,,,,,,,,,,,,,,,,,,,,,,,,,0,0,0,0,,,,,,,,,,,,,,,14,37831669,85,71428571,,,,,,,,,,,,,,,,,,,,,0,,,,,,,
2M-2-butene,0,311,704,70,1,666,1090088,0,406,15,0,0,0,0,6,139,0,0,,228,139,84,7,,0,0,0,0,100,100,0,0,139,,98,11,97,3,,,0,0,0,,0,0,,,,,0,,,,,,,,,,,,,,,,,,,,,,,,,,,,,,,,,,,,,,,,,,,,,,,,,,,,,,,,,,,,,,,,,,,,,,,,,,,,,,,,,,,,,,,,,,,,,,,,,0,0,0,0,,,,,,,,,,,,,,,14,37831669,85,71428571,,,,,,,,,,,,,,,,,,,,,0,,,,,,,
2M-13-C4==,0,307,204,68,1,684,8460083,0,,0,0,0,0,7,5,127,0,0,,219,127,81,,0,0,0,0,100,100,0,0,127,,118,6,99,1,,,0,0,0,,0,0,,,,,0,,,,,,,,,,,,,,,,,,,,,,,,,,,,,,,,,,,,,,,,,,,,,,,,,,,,,,,,,,,,,,,,,,,,,,,,,,,,,,,,,,,,,,,,,,,,,,,,,0,0,0,0,,,,,,,,,,,,,,,11,8404699,88,23529412,,,,,,,,,,,,,,,,,,,,,0,,,,,,,
tr2-Pentene,0,309,493,70,1,652,2630005,0,404,4833333,0,0,0,0,6,133,0,0,,225,133,85,14880659,,0,0,0,0,100,100,0,0,133,,106,7,100,3776273,,,0,0,0,,0,0,,,,,0,,,,,,,,,,,,,,,,,,,,,,,,,,,,,,,,,,,,,,,,,,,,,,,,,,,,,,,,,,,,,,,,,,,,,,,,,,,,,,,,,,,,,,,,,,,,,,,,,0,0,0,0,,,,,,,,,,,,,,,14,37831669,85,71428571,,,,,,,,,,,,,,,,,,,,,0,,,,,,,
cis2-Pentene,0,310,083,70,1,659,5750122,0,403,9277778,0,0,0,0,6,122,0,0,,226,122,85,14880659,,0,0,0,0,100,100,0,0,122,,104,4,100,3776273,,,0,0,0,,0,0,,,,,0,,,,,,,,,,,,,,,,,,,,,,,,,,,,,,,,,,,,,,,,,,,,,,,,,,,,,,,,,,,,,,,,,,,,,,,,,,,,,,,,,,,,,,,,,,,,,,,,,0,0,0,0,,,,,,,,,,,,,,,14,37831669,85,71428571,,,,,,,,,,,,,,,,,,,,,0,,,,,,,
Cyclopentane,0,322,398,70,13500214,748,8740234,0,289,95,0,0,0,0,6,179,0,0,,233,179,84,9,,100,100,0,0,0,0,0,0,179,,41,7,101,426,,,0,0,0,,0,0,,0,483269667509962,0,429891392256475,,0,,,,,,,,,,,,,,,,,,,,,,,,,,,,,,,,,,,,,,,,,,,,,,,,,,,,,,,,,,,,,,,,,,,,,,,,,,,,,,,,,,,,,,,,,,,,,,,,,0,0,0,0,,,,,,,,,,,,,,,14,37831669,85,71428571,,,,,,,,,,,,,,,,,,,,,0,,,,,,,
Cyclopentene,0,317,38,68,1,776,5159912,0,458,3722222,0,0,0,0,7,5,138,0,0,,244,138,69,7,,100,100,0,0,0,0,0,0,138,,81,04,93,3,,,0,0,0,,0,0,,,,,0,,,,,,,,,,,,,,,,,,,,,,,,,,,,,,,,,,,,,,,,,,,,,,,,,,,,,,,,,,,,,,,,,,,,,,,,,,,,,,,,,,,,,,,,,,,,,,,,,0,0,0,0,,,,,,,,,,,,,,,11,8404699,88,23529412,,,,,,,,,,,,,,,,,,,,,0,,,,,,,
22-Mpropane,0,282,648,72,2,595,5930176,0,291,7055556,0,0,0,0,5,257,0,0,,225,257,80,2,,0,0,0,0,0,0,100,100,257,,251,8,85,5,,,0,0,0,,0,0,,,,,0,,,,,,,,,,,,,,,,,,,,,,,,,,,,,,,,,,,,,,,,,,,,,,,,,,,,,,,,,,,,,,,,,,,,,,,,,,,,,,,,,,,,,,,,,,,,,,,,,100,100,0,0,,,,,,,,,,,,,,,16,75213296,83,33333333,,,,,,,,,,,,,,,,,,,,,0,,,,,,,
33M-1-butene,0,314,397,84,16,657,1190186,0,,0,0,0,0,6,,0,0,,241,15,157,95,93,3,,0,0,0,0,100,100,0,0,,,91,82,111,77,,,0,0,0,,0,0,,,,,0,,,,,,,,,,,,,,,,,,,,,,,,,,,,,,,,,,,,,,,,,,,,,,,,,,,,,,,,,,,,,,,,,,,,,,,,,,,,,,,,,,,,,,,,,,,,,,,,,0,0,0,0,,,,,,,,,,,,,,,14,3716,85,71428571,,,,,,,,,,,,,,,,,,,,,0,,,,,,,
H2O,0,373,148,18,01510048,997,9860229,0,,0,0,0,0,0,,0,0,,,,,,0,0,0,0,0,0,0,0,,,,,,,0,0,0,,0,0,,0,698140124178851,0,560124358458913,0,474686748589316,0,,,,,,,,,,,,,,,,,,,,,,,,,,,,,,,,,,,,,,,,,,,,,,,,,,,,,,,,,,,,,,,,,,,,,,,,,,,,,,,,,,,,,,,,,,,,,,,,,0,0,0,0,,,,,,,,,,,,,,0,279783740086422,11,18972388,0,,,,,,,,,,,,,,,,,,,,,0,,,,,,,
36-40C*,0,0059518940684607,313,149994,70,9202550183925,673,423641640082,0,0752498437598223,288,08648372983,0,320751559039918,0,427586533833076,0,000942107047492645,0,5,24201418353119,146,533130986562,0,3,40835098344523E-11,13,477095020913,237,452880911821,165,882508864808,67,5596950729678,76,3167862729678,34,5886222709756,36,11341100357,0,046213448426078,0,0,0,65,0906261699845,63,4590024625969,145,533130986562,1,37478221647166,69,771486719745,141,342526078317,150,099617278317,55,9658559930204,0,00361918739704044,0,00194111052609433,0,94,1972145768408,0,0195638237780526,0,00252421768993016,123,796619497871,0,408194475642781,0,386395311156142,0,367602131384283,0,0,0,0,0,0,0,0,0,0,0,0,0,0,0,0,0,0,0,0,0,0,0,0,0,0,0,0,0,0,0,0,0,0,0,0,0,0,0,0,0,0,0,0,0,0,0,0,0,0,0,0,0,0,0,0,0,0,0,0,0,0,0,0,0,0,0,0,0,0,0,0,0,0,0,0,0,0,0,0,0,0,0,0,0,0,0,0,0,0,0,0,0,0,0,0,0,44,4720980721063,0,18,9869043904906,65,0906261699845,0,0,0,0,0,0,0,0,0,0,0,0,311,149997,0,297103504851348,15,9949275237488,83,8456369440449,0,0,0,0,0,0,1,27813161879196E-15,0,0,0,0,0,0,2,59176689366148E-12,0,0,0,0,1,04935315975942E-11,0,0,0,0,0,47887,8644558876,44482,4233299517,0,
40-50C*,0,00374729670567454,323,149994,73,8265962670813,684,977711346871,0,0872310779694813,291,462870821732,0,369057875497888,0,486165829263464,0,00107117558145089,0,5,2451377222935,149,361526147789,0,1,53375794255035E-10,15,1574857926597,241,95145889631,167,934263493075,65,7819278438636,74,5390190438636,38,146988569573,39,8634378617677,0,0525446844075766,0,0,0,61,4839535549291,59,6503963089689,148,361526147789,1,38064602275207,53,8534496241554,129,080247989134,137,837339189134,52,6938044156676,0,00407323373141679,0,00199422391234813,0,66,689087343625,0,0222440649039108,0,00287003516098915,117,648632439259,0,424335253396787,0,400099538888218,0,37955711403032,0,100,100,0,0,0,0,0,0,0,0,0,0,0,0,0,0,0,0,0,0,0,0,0,0,100,100,0,0,0,0,0,0,0,0,0,0,0,0,0,0,0,0,0,0,0,0,0,0,0,0,0,0,0,0,0,0,0,0,0,0,0,0,0,0,0,0,0,0,0,0,0,0,0,0,0,0,0,0,0,0,0,0,0,0,0,0,0,0,0,0,0,0,0,0,0,0,41,8904711244656,61,4839535549291,17,7599251845033,0,0,0,0,0,0,0,0,0,0,0,0,0,318,15,0,30414422070345,15,9491044479436,83,6552493767082,0,0,0,0,0,0,5,75159228456383E-15,0,0,0,0,0,0,1,16629510214767E-11,0,0,0,0,4,72208921891737E-11,0,0,0,0,0,47729,6717342964,44372,5978593444,0,
50-60C*,0,00416947428663947,333,149994,78,0527712555894,700,023956509664,0,104347126840423,300,209254605939,0,440648724106726,0,569850537021162,0,00125555920139124,0,5,29875638209852,153,200046938582,0,3,23793343427297E-10,17,2721661517093,246,919469649669,170,718776387938,63,2714517477956,72,0285429477956,42,924632077663,44,9606149011107,0,0615893072382889,0,0,0,56,6347191982303,54,4695345618681,152,200046938582,1,38850982872742,40,4588243352976,111,562707861729,120,319799061729,48,6205448961037,0,00472291458648549,0,00207010017842499,0,46,9073840140768,0,0260729807979941,0,00336406011964484,109,684062778038,0,449622492126093,0,421489026211737,0,398175896438268,0,47,667604824254,47,9347099618019,18,7748562808964,18,5223380394213,33,5575388918977,33,5429519958755,2,95189099517443E-09,2,9012148084139E-09,0,0,0,0,0,0,0,0,0,0,0,0,0,0,0,0,100,100,0,0,0,0,0,0,0,0,0,0,0,0,0,0,0,0,0,0,0,0,0,0,0,0,0,0,0,0,0,0,0,0,0,0,0,0,0,0,0,0,0,0,0,0,0,0,0,0,0,0,0,0,0,0,0,0,0,0,0,0,0,0,0,0,0,0,0,0,0,0,38,5515900202662,56,6347191982303,15,9179445416019,0,0,0,0,0,0,0,0,0,0,0,0,0,328,15,0,315089436052989,15,8118606031343,83,7831972837098,0,0,0,0,0,0,1,21422503785236E-14,0,0,0,0,0,0,2,4621785489784E-11,0,0,0,0,9,96885501771446E-11,0,0,0,0,0,47531,4938879675,44235,0126719977,0,
60-70C*,0,00499464933730797,343,149994,82,3700370011715,713,516877715423,0,121463175711364,303,465514739673,0,515518654858124,0,653535244778859,0,00143994282133159,0,5,37458464803376,156,827580724421,0,4,94210892599559E-10,19,2175260699885,252,357995291657,173,350236565893,60,7920421308683,69,5491333308683,47,3865588458281,49,7594469289311,0,0706339300690011,0,0,0,52,0979224993138,49,58701782629,155,827580724421,1,39577554085189,29,583538417411,94,0451677343243,102,802258934324,45,1431079801737,0,00540827967406339,0,00214597644450185,0,32,7730229688828,0,0299018966920773,0,00385808507830053,102,611449852003,0,477826007843832,0,4452404543222,0,418797344478821,0,0,0,0,000118199122582039,0,000117752797979845,18,8476725939084,19,0242132463782,23,1920356994452,23,0173985751552,0,0,0,0,0,0,0,0,0,0,0,0,0,0,0,0,42,0398264924762,42,0417295743314,0,0,0,0,0,0,0,0,0,0,57,9498096048814,57,9491386276792,0,0,0,0,0,0,0,0,0,0,0,0,0,0,0,0,0,0,0,0,0,0,0,0,0,0,0,0,0,0,0,0,0,0,0,010363902642357,0,00913179798945789,0,0,0,0,0,0,0,0,0,0,0,010363902642357,0,00913179798945789,0,0,0,0,0,0,0,0,0,0,35,6159400520328,21,9048679993018,13,9710777742572,30,193054500012,0,0,0,0,0,0,0,0,0,0,0,0,338,15,0,327179639105964,15,6226719457006,83,9653728006298,0,0,0,0,0,0,1,85329084724835E-14,0,0,0,0,0,0,3,75806199580914E-11,0,0,0,0,1,52156208165115E-10,0,0,0,0,0,47360,8836281279,44116,5663118312,0,
70-80C*,0,00652311691222571,353,149994,86,7829783134479,725,638492402799,0,121130601650201,306,096873794072,0,586038186493167,0,727456763914397,0,00162432644127194,0,00768784482836434,5,46344066949857,160,273806944568,0,6,6462844177182E-10,21,0898756560352,261,223747297896,175,850173878107,57,0160111680397,65,7731023680397,51,5783261892369,54,2780774303991,0,0796785528997134,0,00776549982663064,0,0,47,8356356242699,44,9944658056865,159,273806944568,1,40246743674016,21,0531384732705,66,0304484188646,74,7875396188645,42,1573648136147,0,00654218017470092,0,00184800320851882,0,22,7403242732689,0,0337308125861605,0,00435211003695622,96,3381792806733,0,509317059295438,0,471643237073903,0,441660347039658,0,0,0,0,0,0,0,0,0,2,00008385423147,2,22337223070446,1,05257790932511,1,17176961037738,0,0,0,0,0,0,0,0,0,0,0,0,0,0,3,05266176355659,3,39514184108184,0,0,0,0,0,0,0,0,0,406560211851275,0,461702608136388,0,0,0,0,0,0,0,0,0,0,0,0,0,0,0,0,0,0,0,0,0,0,1,17462764743446,1,00200276388937,0,0,0,0,0,0,0,0,0,0,87,8697281295994,87,925477614019,7,49642224755831,7,21567517287339,0,0,0,0,0,0,0,0,95,3661503771577,95,1411527868924,0,0,0,0,0,0,0,0,0,0,33,0751409232172,42,109234671267,11,9193248824693,5,72640095300294,0,0,0,0,0,0,0,0,0,0,0,0,348,15,0,340540091546876,15,4071400068844,84,1759953142706,0,0,0,0,0,0,2,49235665664433E-14,0,0,0,0,0,0,5,05394544263988E-11,0,0,0,0,2,04623866153086E-10,0,0,0,0,0,47213,0231093679,44013,9139843807,0,
80-90C*,0,00499173292880952,363,149994,91,2968953757774,736,570818010443,0,119198814347664,307,442678416263,1,27751753154639,1,56140452058279,0,00180871006121228,0,0160803013212131,5,55920732350258,163,568405038282,0,8,35045990944082E-10,22,9293840978475,268,141955218325,178,24011817575,54,6823882828082,63,4394794828082,55,1859109928925,57,7550972759078,0,0887231757304257,0,0162427286072859,0,0,43,5365714755611,40,6834982035094,162,568405038282,1,40862675980882,14,4139823059403,49,2627068048922,58,0197980048923,39,5753745554478,0,00771409650132226,0,00151576565974148,0,15,6673092791443,0,0375597284802438,0,00484613499561192,90,763715216821,0,544523376604024,0,501029168986334,0,467037721311706,0,0,0,0,0,0,0,0,0,0,0450923570583524,0,0504653438507554,2,19968835204822,2,46533227167621,0,0,0,0,2,95423392875174,3,20640210437533,6,88907951774608,7,65821655313177,0,0010851676590218,0,00119118451283613,1,19979389776393E-12,1,29640799786881E-12,0,0,12,0891793232646,13,3816074575482,0,0,0,0,0,0,0,0,0,0,0,0,0,0,0,0,0,0,0,0,0,0,0,0,0,0,0,0,0,0,0,0,0,63099946950729,0,541906076929821,0,0,0,0,0,0,0,0,0,0,0,0,38,9689280738476,37,7631070368431,0,0,0,0,0,0,0,0,38,9689280738476,37,7631070368431,48,3108931333805,48,3133794286789,0,0,0,0,0,0,0,0,30,9208123372712,43,5365714755611,9,76268586623813,0,0,0,0,0,0,0,0,0,0,0,0,0,358,15,0,355311526466868,15,1817019098874,84,3982284406793,0,0,0,0,0,0,3,13142246604031E-14,0,0,0,0,0,0,6,34982888947062E-11,0,0,0,0,2,57091524141057E-10,0,0,0,0,0,47083,8434750767,43924,2308814782,0,
90-100C*,0,0102740491185524,373,149994,96,1095425238957,746,495871977006,0,117267027045127,308,719508624977,2,02732049801532,2,440549989726,0,00199309368115263,0,0244727578140618,5,65813081679955,166,741054444826,0,1,00546354011634E-09,24,7431607899894,275,043226968107,180,541599309992,52,9741896766926,61,7312808766926,58,5029085113295,60,9137152870635,0,0977677985611379,0,0247199573879412,0,0,39,4697709906551,36,6457347232105,165,741054444826,1,41430905278076,9,13786851802737,37,2936756768881,46,0507668768881,37,3214504031243,0,0088860128279436,0,00118352811096415,0,10,7156648150324,0,041388644374327,0,00534015995426761,85,7841813969952,0,583939646491496,0,533780016016785,0,495242104038511,0,0,0,0,0,0,0,0,0,0,0,0,0,0,0,0,0,3,31521322901469,3,27585295941538,18,4775129866461,18,700352414847,22,5478957604194,22,5334683933631,1,44402748194907,1,42052977489355,0,0,45,7846494580293,45,9302035425191,0,0,0,0,0,0,0,0,0,0,50,8203534664365,51,0381468062298,0,0,0,0,0,0,0,0,0,0,0,0,0,0,0,0,0,0,0,0,0,0,0,0,0,0,0,0,0,0,0,0,0,0,0,0,0,0,0,0,0,0,0,0,0,0,3,39499707553423,3,03164965125112,0,0,0,0,0,0,0,0,29,1445739976468,18,6953228435612,7,50116072556373,20,774448147094,0,0,0,0,0,0,0,0,0,0,0,0,368,15,0,371652450119591,14,9558509911819,84,6221613846686,0,0,0,0,0,0,3,77048827543629E-14,0,0,0,0,0,0,7,64571233630136E-11,0,0,0,0,3,09559182129028E-10,0,0,0,0,0,46969,8428398566,43845,0858153421,0,
100-110C*,0,0123199649121453,383,149994,101,132121027445,755,595671741138,0,115335239742589,311,044377568206,2,83859510181121,3,36863318760506,0,00217747730109298,0,0328652143069106,5,75834955098859,169,821434603461,0,1,17588108928861E-09,26,5177670686766,281,929104575811,182,776147132,51,7364552893465,60,4935464893465,61,5472034180774,63,7585717441531,0,10681242139185,0,0331971861685966,0,0,35,6142014801114,32,8727950682418,168,821434603461,1,41958171021288,6,76320973666146,28,9236774133599,37,6807686133599,35,3292767672053,0,00927229118872841,0,00085129056218682,0,7,27405367643317,0,0452175602684102,0,0058341849129233,81,2949527048252,0,6281402923729,0,570336720147099,0,526633061987324,0,0,0,0,0,0,0,0,0,0,0,0,0,0,0,0,0,0,0,0,0,0,0,0,0,0,0,0,0,0,0,0,0,0,0,0,0,0,0,0,0376043944161651,0,0423101574126743,0,0,0,0,0,0,0,0,0,0,0,0,0,0,0,0,0,0,0,0,0,0,0,678710158210382,0,602821793559232,0,0,0,0,0,0,0,0,0,0,0,0,0,0,0,0,0,0,0,0,0,0,99,2836854473734,99,3548680490281,0,0,0,0,0,0,0,0,27,7380456077957,35,5718913226988,5,13474946044609,0,0423101574126743,0,0,0,0,0,0,0,0,0,0,0,0,378,15,0,389741857148256,14,7339104196431,84,8430064492578,0,0,0,0,0,0,4,40955408483227E-14,0,0,0,0,0,0,8,9415957831321E-11,0,0,0,0,3,62026840116999E-10,0,0,0,0,0,46867,95290664,43774,3486173655,0,
110-120C*,0,0154389246638766,393,149994,106,344240043618,764,052234741492,0,113403452440052,311,978965392211,3,71275229916627,4,34939413048101,0,00236186092103333,0,0412576707997593,5,8595561126397,172,839224953448,0,1,34629863846087E-09,28,2263752890934,288,800875057926,184,965291492944,50,8142250604231,59,5713162604231,64,3320491939091,66,2943069274638,0,115857044222562,0,0416744149492519,0,0,31,9551985069246,29,3562989420552,171,839224953448,1,42452180354653,6,50296821002538,22,9530343928158,31,7101255928158,33,5397916317052,0,0107103590682984,0,000519053013409488,0,4,89968911879822,0,0490464761624935,0,00632820987157899,77,1920897437395,0,677795121273376,0,611210611353088,0,561625712290392,0,0,0,0,0,0,0,0,0,0,0,0,0,0,0,0,0,0,0,0,0,0,0,0,0,0,0,0,0,29,3190515710972,31,702049352203,0,0,0,0,0,0,0,0,0,0,0,0,0,0,0,0,0,0,0,0,0,0,0,0,0,0,0,0,0,0,0,0,5,47131285718369,4,8061885823518,0,0,0,0,0,0,0,0,0,0,0,0,0,0,0,0,0,0,0,0,0,0,0,0,65,2096355717191,63,4917620654452,0,0,0,0,0,0,26,69284687117,31,9551985069246,2,66345207088522,0,0,0,0,0,0,0,0,0,0,0,0,0,388,15,0,409782445484915,14,5164128219828,85,0597354846506,0,0,0,0,0,0,5,04861989422825E-14,0,0,0,0,0,0,1,02374792299628E-10,0,0,0,0,4,14494498104969E-10,0,0,0,0,0,46823,2171222422,43738,2783288915,0,
120-130C*,0,0167686785732387,403,149994,111,481759631571,772,053541612139,0,112102272507357,312,690068680353,4,64885030037331,5,38657283461488,0,00254624454097368,0,0500887999780034,5,96287167583838,175,824104934047,0,1,51671618763313E-09,29,8305471725077,295,659628714321,187,130562243993,50,0524196656674,58,8095108656674,66,8685656602,68,5258376324135,0,124901667053275,0,0505947474525286,0,0,28,4825840394266,26,0875895329716,174,824104934047,1,42921753454837,6,24778515459541,18,1820689937636,26,9391601937636,31,8982757533613,0,0124178253998608,0,000193381545404928,0,3,27410946973025,0,0528753920565767,0,00682223483023468,73,3699117830744,0,733688569318491,0,656997128690886,0,600701221580336,0,0,0,0,0,0,0,0,0,0,0,0,0,0,0,0,0,0,0,0,0,0,0,0,0,0,0,0,0,7,7842113674161E-05,8,1887304397225E-05,0,0,0,0,0,0,0,0,0,0,53,8198553831948,56,450890632526,0,0,0,0,0,0,0,0,0,0,0,0,0,0,0,0,0,0,0,0,0,0,0,0,0,0,0,0,0,0,0,0,0,0,0,0,0,0,0,0,0,0,0,0,0,0,46,1800667746915,43,5490274801696,0,0,0,0,0,0,25,9388470094867,0,0,148742523484916,28,4825840394266,0,0,0,0,0,0,0,0,0,0,0,0,398,15,0,432004437366031,14,3008260395793,85,2739905324991,0,0,0,0,0,0,5,68768570362423E-14,0,0,0,0,0,0,1,15333626767936E-10,0,0,0,0,4,6696215609294E-10,0,0,0,0,0,46726,2606853001,43668,1849497371,0,
130-140C*,0,0177340246538465,413,149994,116,746015901174,780,041061343852,0,145422868855551,313,829617828755,5,63357614542733,6,48390931626772,0,00273062816091403,0,0830040555090775,6,07615474588268,179,141562379892,0,4,38424754445679E-08,31,1767065022301,302,506300924676,189,537089012918,49,2908900136904,58,0479812136904,69,2308599928003,70,4704526930964,0,133946289883987,0,0838424803121995,0,0,25,1355638617723,23,0456379906358,178,141562379892,1,43390566591246,5,99771301597607,13,4111035947115,22,1681947947115,30,2978359093285,0,0146160182107498,0,000228202818889043,0,2,16992315290012,0,05670430795066,0,00731625978889038,69,5894160989679,0,796743486949122,0,70839269357312,0,644419654686835,0,0,0,0,0,0,0,0,0,0,0,0,0,0,0,0,0,0,0,0,0,0,0,0,0,0,0,0,0,0,0,3,35119730736708E-16,3,66066310592619E-16,0,0,0,0,0,0,0,0,0,0,0,0,0,0,0,0,0,0,0,0,0,0,0,0,0,0,0,0,0,0,0,0,4,24782774914405,3,87595777122202,1,76755146303047E-18,1,58311395505977E-18,4,43132078029121,4,05579958143435,4,43384680795796,4,0310397646221,0,0,0,0,13,1129953373932,11,9627971172785,0,0,0,0,0,0,0,0,0,0,86,8870046626068,88,0372028827215,0,0,0,0,0,0,21,9335451722741,25,1355638617723,1,11209281836175,0,0,0,0,0,0,0,0,0,0,0,0,0,408,15,0,456670138447015,14,0714529498876,85,5003256229245,0,0,0,0,0,0,1,6440928291713E-12,0,0,0,0,0,0,3,33385490359735E-09,0,0,0,0,1,34980934659869E-08,0,0,0,0,0,46622,368349308,43591,1274530412,0,
140-150C*,0,0186001364913376,423,149994,122,184377097453,787,782331189001,0,178743465203745,315,110793472429,6,67359466905523,7,64514359170055,0,00291501178085438,0,115919311040152,6,1939803536267,182,605625916136,0,1,26670425754059E-07,32,3997988427804,309,341702896494,192,049965746172,48,3829656478711,57,1400568478711,71,3111248775187,72,1126159718786,0,142990912714699,0,11709021317187,0,0,22,0152804534261,20,2422404364208,181,605625916136,1,43845285273469,5,75280214706209,7,44046057416736,16,1975517741674,28,7882428768981,0,0170512414440084,0,000263024092373158,0,1,42597351899186,0,0605332238447432,0,00781028474754607,65,9746883660179,0,868050680955385,0,76621556407168,0,693435776937652,0,0,0,0,0,0,0,0,0,0,0,0,0,0,0,0,0,0,0,0,0,0,0,0,0,0,0,0,0,0,0,83,4302714922875,85,5702774909665,0,0,0,0,0,0,0,0,0,0,2,55553438721426,2,63518991160218,0,0,0,0,0,0,0,0,0,0,0,0,0,0,0,0,0,0,0,0,0,563971385691025,0,483179754115893,13,4425082256025,11,3047233952691,0,00765839442816014,0,00658143423922704,2,17883636660361E-13,1,85994684808126E-13,0,0,0,0,14,0141380057219,11,7944845836244,5,6114776365867E-05,4,80138069145644E-05,0,0,0,0,0,0,0,0,0,0,0,0,0,0,0,0,18,281226562482,19,3800905418239,1,96101387393883,2,63518991160218,0,0,0,0,0,0,0,0,0,0,0,0,418,15,0,484079399366821,13,8406261234626,85,7285662906199,0,0,0,0,0,0,4,75014096577722E-12,0,0,0,0,0,0,9,63223029171493E-09,0,0,0,0,3,89989212257513E-08,0,0,0,0,0,46515,5152942978,43510,298191895,0,
150-160C*,0,0168691008106756,433,149994,127,796251914246,795,37315419266,0,212064061551939,316,392764936177,7,76701305183552,8,87401567717443,0,00309939540079473,0,148834566571226,6,3177809921478,186,116083771611,0,2,09498376063551E-07,33,485799542983,316,166544788216,194,596497521873,47,3834753991481,56,1405665991482,73,1003060804218,73,452777964908,0,152035535545411,0,150337946031541,0,0,19,1326808677426,17,6732063579176,185,116083771611,1,44290805854672,5,51310065825743,0,720019040190719,9,47711024019072,27,3445723871503,0,0197011483987742,0,000297845365857273,0,0,928922263560238,0,0643621397388264,0,00830430970620176,62,4734716669598,0,948905796173338,0,831431744712974,0,748518589565863,0,0,0,0,0,0,0,0,0,0,0,0,0,0,0,0,0,0,0,0,0,0,0,0,0,0,0,0,0,0,0,0,0,0,0,0,0,0,0,0,0,0,0,7,44629750054069,8,26330336273812,0,0,0,0,0,0,0,0,0,0,0,0,0,0,0,0,0,0,0,0,0,0,0,0,0,0,0,0,0,0,0,0,0,0,12,2741376280124,11,3022007552066,0,0,0,0,0,0,0,0,0,0,80,2795648714469,80,4344958820553,0,0,0,0,14,9739950755166,10,8693775050045,2,69921128240097,8,26330336273812,0,0,0,0,0,0,0,0,0,0,0,0,428,15,0,514576185333816,13,6058172278115,85,9585734645045,0,0,0,0,0,0,7,85618910238316E-12,0,0,0,0,0,0,1,59306056798325E-08,0,0,0,0,6,44997489855158E-08,0,0,0,0,0,46405,3762660951,43425,6913072271,0,
160-170C*,0,0164470761853159,443,149994,133,559557424064,803,049735235619,0,298676042588137,317,675410484766,9,0002449568119,10,2265544149296,0,00328377902073508,0,204511649744306,6,45322510156474,189,655382242306,0,2,92326326373042E-07,34,3601297106127,322,981453432259,197,163950654877,46,4957597733193,55,2528509733194,74,4212822258824,74,4356325531762,0,161080158376124,0,206577423984148,0,0,16,5784728173057,15,3378130318942,188,655382242306,1,44740405064285,5,27865426312549,-5,10066427766695,3,65642692233305,25,9140137217865,0,022617299721496,0,000311832230250842,0,0,599691777132532,0,0681910556329096,0,00879833466485745,58,9612917742571,1,04085560738252,0,905187353052961,0,810575610159451,0,0,0,0,0,0,0,0,0,0,0,0,0,0,0,0,0,0,0,0,0,0,0,0,0,0,0,0,0,0,0,0,0,1,768547984342E-05,1,9176817970272E-05,0,0,0,0,0,0,0,0,0,0,2,94918553771697E-06,3,2108564293021E-06,0,0,0,0,0,0,0,0,0,0,0,0,0,0,0,0,0,0,0,0,0,0,0,0,0,0,0,0,0,0,0,0,0,0,0,0,0,0,0,0,0,0,0,0,99,9999793653346,99,9999776123256,0,0,0,0,12,0984149940025,16,5784696064493,3,23939803789175,3,2108564293021E-06,0,0,0,0,0,0,0,0,0,0,0,0,438,15,0,548556512056151,13,3574548839291,86,1986631499899,0,0,0,0,0,0,1,09622372389891E-11,0,0,0,0,0,0,2,22289810679501E-08,0,0,0,0,9,00005767452803E-08,0,0,0,0,0,46289,0794136386,43335,2274033577,0,
170-180C*,0,0176590946236559,453,149994,139,430087229796,811,12928843169,0,53836561036878,318,958608382966,10,5910507041401,11,8418414558452,0,00346816264067542,0,325571264554168,6,60968081022883,193,205967624212,0,3,75154276682534E-07,34,9174590610109,329,786986146791,201,200572057079,45,5999847044283,54,3570759044283,74,9659797109156,74,9190461168373,0,170124781206836,0,328859863186029,0,0,14,4429695849443,13,2391124273175,192,205967624212,1,45212678859645,5,04950611959061,-10,9213475955246,-2,16425639552457,24,4308769957049,0,0258122698904174,0,000265973003507936,0,0,383559308039418,0,0720199715269929,0,00929235962351315,55,2750842719717,1,14575644627047,0,988849281993649,0,880683219994875,0,0,0,0,0,0,0,0,0,0,0,0,0,0,0,0,0,0,0,0,0,0,0,0,0,0,0,0,0,0,0,0,0,81,599666755372,81,9774180110708,0,0,0,0,0,0,0,0,0,0,12,300985437231,12,408087512077,0,0,0,0,0,0,0,0,0,0,0,0,0,0,0,0,0,0,0,0,0,0,0,0,0,0,0,0,0,0,0,0,0,0,8,10006286950886E-10,6,91697062224784E-10,0,0,0,0,0,0,0,0,0,0,6,09934780658701,5,61449447616052,0,0,9,75132196569214,2,03488207286732,3,48779046162541,12,408087512077,0,0,0,0,0,0,0,0,0,0,0,0,448,15,0,586478074194443,13,0813514515088,86,4635576608965,0,0,0,0,0,0,1,4068285375595E-11,0,0,0,0,0,0,2,85273564560677E-08,0,0,0,0,1,15501404505045E-07,0,0,0,0,0,46161,8377624808,43235,185744272,0,
180-190C*,0,0200214257519907,463,149994,145,469949227704,819,128415264774,0,719784826884611,320,242236895543,12,2941278057125,13,5769037524392,0,00365254626061577,0,446630879364031,6,77502325745357,196,750286213321,0,4,57982226992025E-07,35,3776724255094,336,583641658299,205,272961008961,44,705818162797,53,462909362797,75,2406360938325,75,0621740324554,0,179169404037548,0,45114230238791,0,0,12,465236100455,11,3609222151054,195,750286213321,1,45679639250402,4,82569666684509,-16,7420309133822,-7,98493971338218,22,9974977393259,0,0290072400593389,0,000220113776765029,0,0,242975333809527,0,0758488874210761,0,00978638458216884,51,6690677140206,1,26584837184584,1,08405658687504,0,960124816072541,0,0,0,0,0,0,0,0,0,0,0,0,0,0,0,0,0,0,0,0,0,0,0,0,0,0,0,0,0,0,0,0,0,0,0,0,0,0,0,0,0,0,0,0,0,0,0,0,0,0,0,0,0,0,0,0,0,0,0,0,0,0,0,0,0,0,0,0,0,0,0,0,0,0,0,0,0,0,0,0,0,14,987688200382,14,0561923406975,0,0,0,0,0,0,0,0,0,0,85,012298934425,85,9437938039061,1,28651929646899E-05,1,38553964392056E-05,7,62473932974632,12,465236100455,3,73618288535906,0,0,0,0,0,0,0,0,0,0,0,0,0,458,15,0,628871980256713,12,8016334551198,86,7313643918326,0,0,0,0,0,0,1,71743335122009E-11,0,0,0,0,0,0,3,48257318441852E-08,0,0,0,0,1,41002232264809E-07,0,0,0,0,0,46031,4460231509,43131,7314741914,0,
190-200C*,0,0212826988264425,473,149994,151,702136155438,826,941747483186,0,982238678934237,321,526174287266,14,078892681055,15,4107943447608,0,00383692988055612,0,53077539166909,6,94579487708292,200,270784305622,0,5,40810177301517E-07,35,7965446069742,343,371868852483,209,378916120079,43,8153675134592,52,5724587134592,75,2572020411016,74,8934382542088,0,188214026868261,0,536136759261707,0,0,10,6639052778434,9,69576740103041,199,270784305622,1,46134679316501,4,60726345815307,-22,5627142312399,-13,8056230312399,21,6329827678168,0,0303679065980495,0,000174254550022122,0,0,152398580138068,0,0796778033151593,0,0102804095408245,48,1965913366612,1,40384989354446,1,19278582746594,1,05043906792467,0,0,0,0,0,0,0,0,0,0,0,0,0,0,0,0,0,0,0,0,0,0,0,0,0,0,0,0,0,0,0,0,0,0,0,12,4210325603053,12,5587086701192,0,0,0,0,0,0,0,0,0,0,1,38011472892281,1,39778205742689,0,0,0,0,0,0,0,0,0,0,0,0,0,0,0,0,0,0,0,0,0,0,0,0,0,0,0,0,0,0,0,0,0,0,0,0,0,0,0,0,0,0,0,0,0,0,86,1988527107719,86,0435092724539,5,71119209193769,9,26612322041649,3,98457530909272,1,39778205742689,0,0,0,0,0,0,0,0,0,0,0,0,468,15,0,676357121934025,12,5251552883005,86,9971594361458,0,0,0,0,0,0,2,02803816488069E-11,0,0,0,0,0,0,4,11241072323028E-08,0,0,0,0,1,66503060024574E-07,0,0,0,0,0,45900,2633735555,43026,8654957282,0,
200-210C*,0,0225056174639032,483,149994,158,155335907498,834,46391683524,1,25618215190714,322,810298822904,15,8571312412724,17,3225662728589,0,00402131350049647,0,687113876080163,7,11781261759303,203,749908197107,0,6,23638127611008E-07,36,2249206769695,350,152073867354,213,519658095176,42,9307401214485,51,6878313214485,75,1226728724557,74,4412607362758,0,197258649698973,0,694054420282993,0,0,9,02019588627181,8,2361729908653,202,749908197107,1,4657095392376,4,39424098978377,-28,3833975490975,-19,6263063490975,20,3549989531081,0,0353061206790046,0,000128395323279215,0,0,0946120787502722,0,0835067192092426,0,0107744344994802,44,9092016331395,1,5630796996177,1,31743469042656,1,15348134475011,0,0,0,0,0,0,0,0,0,0,0,0,0,0,0,0,0,0,0,0,0,0,0,0,0,0,0,0,0,0,0,0,0,0,0,1,73621805200095E-14,2,01075964547898E-14,0,0,0,0,0,0,0,0,0,0,9,64565584444974E-16,1,11898596745691E-15,0,0,0,0,0,0,0,0,0,0,0,0,0,0,0,0,0,0,0,0,0,0,0,0,0,0,0,0,0,0,0,0,0,0,87,4455411095259,87,4224116761072,0,0,0,0,0,0,0,0,0,0,0,0,3,7028822656104,9,02019588627181,4,5332907252549,0,0,0,0,0,0,0,0,0,0,0,0,0,478,15,0,729657855033719,12,257168674673,87,2442298485536,0,0,0,0,0,0,2,33864297854128E-11,0,0,0,0,0,0,4,74224826204204E-08,0,0,0,0,1,92003887784338E-07,0,0,0,0,0,45770,7603721669,42922,700058496,0,
210-220C*,0,0234698192570651,493,149994,165,098580502006,840,402290859313,1,38405203767426,324,094488767224,17,7270096828197,19,2912725767826,0,00420569712043682,1,8618532501021,7,24534518809598,207,170104183765,0,7,064660779205E-07,37,1618180684121,356,924625903101,217,852315685917,42,0777886359974,50,8348798359974,74,6513459369146,73,7340634328347,0,206303272529685,1,88065984858798,0,0,7,62164438026569,6,97466399038272,206,170104183765,1,46909310653014,4,18666052635124,-34,2040808669551,-25,4469896669551,19,409123047453,0,052439026836371,0,000192214425681945,0,0,0581180077396885,0,0873356351033258,0,0112684594581359,42,454225052086,1,74761410812671,1,46092972705815,1,27150242847485,0,0,0,0,0,0,0,0,0,0,0,0,0,0,0,0,0,0,0,0,0,0,0,0,0,0,0,0,0,0,0,0,0,0,0,0,0,0,0,0,0,0,0,0,0,0,0,0,0,0,0,0,0,0,0,0,0,0,0,0,0,0,0,0,0,0,0,0,0,0,0,0,0,0,0,0,0,0,0,0,0,0,0,0,0,0,0,0,0,0,0,0,0,0,0,0,0,2,31443523027817,7,62164438026569,4,66022876010455,0,0,0,0,0,0,0,0,0,0,0,0,0,488,15,0,789625865334324,12,0647921380134,87,4135836625336,0,0,0,0,0,0,2,64924779220187E-11,0,0,0,0,0,0,5,3720858008538E-08,0,0,0,0,2,17504715544103E-07,0,0,0,0,0,45666,5109658021,42838,4525058625,0,
220-230C*,0,0243459786202713,503,149994,172,3957193477,845,732696546422,1,58548179623106,325,378622384994,19,6068580697109,21,2959662965808,0,00439008074037717,2,0182322529585,7,35698072247999,210,513818561588,0,1,13360951582041E-06,38,2289678225443,363,689862026194,222,246180322595,41,2369965172856,49,9940877172856,73,9670523453594,72,8002682980638,0,215347895360397,3,1042756731067,0,0,6,42608958492972,5,90376540535534,209,513818561588,1,47207541763726,3,98454992288707,-40,0247641848128,-31,2676729848128,18,5954085055323,0,0699846645110231,0,000260023957396334,0,0,0353116644106493,0,091164550997409,0,0599071791463075,40,3273763312754,1,96249210171944,1,62686613674638,1,40725008003956,0,0,0,0,0,0,0,0,0,0,0,0,0,0,0,0,0,0,0,0,0,0,0,0,0,0,0,0,0,0,0,0,0,0,0,0,0,0,0,0,0,0,0,0,0,0,0,0,0,0,0,0,0,0,0,0,0,0,0,0,0,0,0,0,0,0,0,0,0,0,0,0,0,0,0,0,0,0,0,0,0,0,0,0,0,0,0,0,0,0,0,0,0,0,0,0,0,1,15548549522285,6,42608958492972,4,74827991013249,0,0,0,0,0,0,0,0,0,0,0,0,0,498,15,0,857267352240714,11,9010353321301,87,5556875160343,0,0,0,0,0,0,4,25103568432655E-11,0,0,0,0,0,0,8,62015569321774E-08,0,0,0,0,3,49012391369701E-07,0,0,0,0,0,45571,5524036268,42761,4460005976,0,
230-240C*,0,0254926171184327,513,150024,180,049721922908,850,583338739494,1,72178019358976,326,667105803225,21,489644508149,23,3157004723027,0,00457446436031752,4,25279238588802,7,45548283276441,213,161105551791,0,4,08573319605027E-06,39,3815841729575,370,448091176164,226,704431783323,40,4057996684545,49,1628908684545,72,9483723542717,71,5509176586922,0,22439251819111,4,32789149762542,0,0,5,56198313757928,5,13338186900515,212,161105551791,1,47473028998516,3,78793344402562,-45,8454475026704,-37,0883563026704,17,8849828816768,0,0875303021856751,0,000327833489110723,0,0,021213230353765,0,0949934668914923,0,108545898834479,38,4592383191157,2,21398420449524,1,81969045987713,1,56410104962812,0,0,0,0,0,0,0,0,0,0,0,0,0,0,0,0,0,0,0,0,0,0,0,0,0,0,0,0,0,0,0,0,0,0,0,0,0,0,0,0,0,0,0,0,0,0,0,0,0,0,0,0,0,0,0,0,0,0,0,0,0,0,0,0,0,0,0,0,0,0,0,0,0,0,0,0,0,0,0,0,0,0,0,0,0,0,0,0,0,0,0,0,0,0,0,0,0,0,16579002759243,5,56198313757928,4,96759184141272,0,0,0,0,0,0,0,0,0,0,0,0,0,508,15,0,933777008698052,11,7599487518668,87,6760960337324,0,0,0,0,0,0,1,53214994851885E-10,0,0,0,0,0,0,3,10685961782989E-07,0,0,0,0,1,25790361967813E-06,0,0,0,0,0,45575,0683085509,42775,7069646701,0,
240-250C*,0,0260769084958067,523,150024,188,064931015185,855,042560987177,1,84401510828293,327,955840828879,23,3531778008566,25,3295281439972,0,00475884798025787,5,4959922489227,7,54282059193514,215,773073644307,0,7,03785687628012E-06,40,5909237373068,377,199597533784,231,162330469969,39,5824312185313,48,3395224185313,71,7784546463408,70,15399041622,0,233437141021822,5,55150732214414,0,0,4,86836755280257,4,51648143978281,214,773073644307,1,47710939959925,3,59683158073947,-51,666130820528,-42,909039620528,17,2580426277086,0,105075939860327,0,000395643020825112,0,0,0125952540633132,0,0988223827855755,0,157184618522651,36,8019138992413,2,50994765721627,2,04494118475843,1,74623396584912,0,0,0,0,0,0,0,0,0,0,0,0,0,0,0,0,0,0,0,0,0,0,0,0,0,0,0,0,0,0,0,0,0,0,0,0,0,0,0,0,0,0,0,0,0,0,0,0,0,0,0,0,0,0,0,0,0,0,0,0,0,0,0,0,0,0,0,0,0,0,0,0,0,0,0,0,0,0,0,0,0,0,0,0,0,0,0,0,0,0,0,0,0,0,0,0,0,0,4,86836755280257,4,51648143978281,0,0,0,0,0,0,0,0,0,0,0,0,0,518,15,1,0205807389337,11,637383315861,87,7786945111191,0,0,0,0,0,0,2,63919632860504E-10,0,0,0,0,0,0,5,35170366633801E-07,0,0,0,0,2,16679484798657E-06,0,0,0,0,0,45496,0937618927,42711,6275558041,0,
250-260C*,0,0266015413412805,533,150024,196,439678312861,859,198706838118,1,95500654558904,329,243946224182,25,1817449509188,27,3165023517133,0,00494323160019822,6,70737191519623,7,62137806209016,218,480335877726,0,9,98998055650997E-06,41,8285950204546,383,944643372887,235,585005840236,38,7651242965428,47,5222154965428,70,5259886191278,68,6797788768794,0,242481763852534,6,77512314666286,0,0,4,29226642995341,4,00371877140726,217,480335877726,1,47926565725025,3,41126086512508,40,3001185943436,49,0572097943436,16,695807012354,0,122621577534979,0,000463452552539501,0,0,00738824050957575,0,102651298679659,0,205823338210823,35,3086835935179,2,86029915383974,2,30956816951286,1,95885757257602,0,0,0,0,0,0,0,0,0,0,0,0,0,0,0,0,0,0,0,0,0,0,0,0,0,0,0,0,0,0,0,0,0,0,0,0,0,0,0,0,0,0,0,0,0,0,0,0,0,0,0,0,0,0,0,0,0,0,0,0,0,0,0,0,0,0,0,0,0,0,0,0,0,0,0,0,0,0,0,0,0,0,0,0,0,0,0,0,0,0,0,0,0,0,0,0,0,0,4,29226642995341,4,00371877140726,0,0,0,0,0,0,0,0,0,0,0,0,0,528,15,1,11938968039594,11,5290794792848,87,8674734195153,0,0,0,0,0,0,3,74624270869124E-10,0,0,0,0,0,0,7,59654771484612E-07,0,0,0,0,3,075686076295E-06,0,0,0,0,0,45422,0523162251,42651,4529202035,0,
260-270C*,0,0268999413671374,543,150024,205,164857659727,863,140119840965,2,05757451078655,330,531066020516,26,9636576915197,29,2556761355002,0,00512761522013856,7,91875158146976,7,69386219293078,221,336698696816,0,1,29421042367398E-05,43,0663520381824,377,071287725423,239,942221536141,37,9521120315162,46,7092032315162,69,2393653198216,67,1836607149363,0,251526386683246,7,99873897118158,0,0,3,79697698865878,3,56066314956347,220,336698696816,1,48125264331203,3,2312336838066,39,4155595522115,48,1726507522115,16,1803397834111,0,140167215209631,0,00053126208425389,0,0,00427979722025108,0,106480214573742,0,254462057898994,33,933887095015,3,27764902016243,2,62236025314214,2,20851455554654,0,0,0,0,0,0,0,0,0,0,0,0,0,0,0,0,0,0,0,0,0,0,0,0,0,0,0,0,0,0,0,0,0,0,0,0,0,0,0,0,0,0,0,0,0,0,0,0,0,0,0,0,0,0,0,0,0,0,0,0,0,0,0,0,0,0,0,0,0,0,0,0,0,0,0,0,0,0,0,0,0,0,0,0,0,0,0,0,0,0,0,0,0,0,0,0,0,0,3,79697698865878,3,56066314956347,0,0,0,0,0,0,0,0,0,0,0,0,0,538,15,1,2322689450973,11,4323320281976,87,9587871687816,0,0,0,0,0,0,4,85328908877743E-10,0,0,0,0,0,0,9,84139176335424E-07,0,0,0,0,3,98457730460343E-06,0,0,0,0,0,45351,5369703747,42594,0703002341,0,
270-280C*,0,0269590960480528,553,150024,214,22268198326,866,955143544366,2,15453900915393,331,816844249264,28,6897644252806,31,1261025354068,0,00531199884007891,9,13013124774329,7,76323025662043,224,395968546344,0,1,58942279169697E-05,44,2759883249268,381,92947140677,244,204583944113,37,1416275524786,45,8987187524786,67,9644254894944,65,7210136046568,0,260571009513959,9,22235479570029,0,0,3,34581008522496,3,15288385993639,223,395968546344,1,48312416397846,3,05675809059807,38,5310005100794,47,2880917100794,15,6944181352369,0,143654306276991,0,000599071615968279,0,0,00244713928527653,0,110309130467825,0,303100777587166,32,63283065865,3,77815894935293,2,9945227219108,2,50348954399689,0,0,0,0,0,0,0,0,0,0,0,0,0,0,0,0,0,0,0,0,0,0,0,0,0,0,0,0,0,0,0,0,0,0,0,0,0,0,0,0,0,0,0,0,0,0,0,0,0,0,0,0,0,0,0,0,0,0,0,0,0,0,0,0,0,0,0,0,0,0,0,0,0,0,0,0,0,0,0,0,0,0,0,0,0,0,0,0,0,0,0,0,0,0,0,0,0,0,3,34581008522496,3,15288385993639,0,0,0,0,0,0,0,0,0,0,0,0,0,548,15,1,36172565715858,11,3388125686287,88,0258128069261,0,0,0,0,0,0,5,96033546886363E-10,0,0,0,0,0,0,1,20862358118624E-06,0,0,0,0,4,89346853291187E-06,0,0,0,0,0,45289,4962914818,42544,3330326356,0,
280-290C*,0,026802875736724,563,150024,223,584859573963,870,73212149697,2,24872004596965,333,100924941809,30,4320013507098,32,9068345914822,0,00549638246001926,10,3415109140168,7,83264066694491,228,032390939198,0,1,88463515971995E-05,45,4293229175722,386,57928779754,248,296184816705,36,3319039884569,45,0889951884569,66,917812205652,64,5921701896642,0,269615632344671,10,445970620219,0,0,2,65018644363813,2,50099521885368,226,71195187108,1,48493392918357,2,88783761914226,37,6464414679473,46,4035326679474,15,2214437494525,0,171976365075895,0,000666881147682668,0,0,00138052215698748,0,114138046361908,0,351739497275338,31,361723803998,4,38271199390084,3,4404643054583,2,8543620508439,0,0,0,0,0,0,0,0,0,0,0,0,0,0,0,0,0,0,0,0,0,0,0,0,0,0,0,0,0,0,0,0,0,0,0,0,0,0,0,0,0,0,0,0,0,0,0,0,0,0,0,0,0,0,0,0,0,0,0,0,0,0,0,0,0,0,0,0,0,0,0,0,0,0,0,0,0,0,0,0,0,0,0,0,0,0,0,0,0,0,0,0,0,0,0,0,0,0,2,65018644363813,2,50099521885368,0,0,0,0,0,0,0,0,0,0,0,0,0,558,15,1,51082246490517,11,2460443426638,88,0862242606139,0,0,0,0,0,0,7,06738184894982E-10,0,0,0,0,0,0,1,43310798603705E-06,0,0,0,0,5,8023597612203E-06,0,0,0,0,0,45216,9605658059,42484,6230041636,0,
290-300C*,0,0264775529610871,573,150024,232,924165735499,875,371994257458,2,36199600543217,334,382952129532,31,7508017470574,34,0325380974628,0,00568076607995961,28,0809500875472,7,93754255223831,233,839084799286,0,2,17984752774294E-05,46,2005350278085,391,021760414127,252,126649879456,35,5049225282775,44,2620137282775,66,2568549554569,64,0951322980652,0,278660255175383,40,5073136546334,0,0,1,99234329748568,1,87232960447201,231,649640829733,1,48722856947559,2,724471096327,36,7618824258153,45,5189736258153,14,6005053317877,0,21477404994055,0,000620033987339482,0,0,000768003459251162,0,117966962255992,0,40037821696351,29,685903081536,5,08629820001435,3,93983325165332,3,23665303664307,0,0,0,0,0,0,0,0,0,0,0,0,0,0,0,0,0,0,0,0,0,0,0,0,0,0,0,0,0,0,0,0,0,0,0,0,0,0,0,0,0,0,0,0,0,0,0,0,0,0,0,0,0,0,0,0,0,0,0,0,0,0,0,0,0,0,0,0,0,0,0,0,0,0,0,0,0,0,0,0,0,0,0,0,0,0,0,0,0,0,0,0,0,0,0,0,0,0,1,99234329748568,1,87232960447201,0,0,0,0,0,0,0,0,0,0,0,0,0,568,15,1,65914839812917,11,1088251827976,88,1767725938325,0,0,0,0,0,0,8,17442822903602E-10,0,0,0,0,0,0,1,65759239088786E-06,0,0,0,0,6,71125098952873E-06,0,0,0,0,0,45124,4544077053,42408,0375561652,0,
300-310C*,0,0259707753477075,583,150024,242,394548279878,880,280601692182,2,48118082206054,335,662569843817,33,2859264387857,35,5309205842964,0,00586514969989996,42,4128277739496,8,05579818013865,239,406691475607,0,2,47505989576592E-05,46,8163871650004,395,258380814762,255,799437977985,34,6725663746134,43,4296575746134,65,3272296318575,63,1653832869474,0,287704878006095,80,1028515090013,0,0,1,38684392935674,1,30369612875616,237,247008657994,1,48964634591624,2,5666524573687,35,8773233836832,44,6344145836832,13,9409759503995,0,261553202330334,0,000540819206698614,0,0,000421107916783318,0,121795878150075,0,449016936651681,27,8971482060762,5,94072033065039,4,52940866504862,3,67886542941303,0,0,0,0,0,0,0,0,0,0,0,0,0,0,0,0,0,0,0,0,0,0,0,0,0,0,0,0,0,0,0,0,0,0,0,0,0,0,0,0,0,0,0,0,0,0,0,0,0,0,0,0,0,0,0,0,0,0,0,0,0,0,0,0,0,0,0,0,0,0,0,0,0,0,0,0,0,0,0,0,0,0,0,0,0,0,0,0,0,0,0,0,0,0,0,0,0,0,1,38684392935674,1,30369612875616,0,0,0,0,0,0,0,0,0,0,0,0,0,578,15,1,82061436154015,10,9583517242666,88,278269877666,0,0,0,0,0,0,9,28147460912221E-10,0,0,0,0,0,0,1,88207679573867E-06,0,0,0,0,7,62014221783716E-06,0,0,0,0,0,45026,195059406,42326,5979604183,0,
310-320C*,0,0252800890489438,593,150024,252,062536955729,885,147763073529,2,59974621358833,336,939422116045,34,5458905488547,36,6599014254984,0,00604953331984031,56,7447054603521,8,17520128224682,244,774321200262,0,2,77027226378891E-05,47,3949112458041,399,291076094282,259,336071148042,33,8410391420169,42,5981303420169,64,5745637201581,62,5146145336784,0,296749500836808,119,698389363369,0,0,0,879545730987269,0,825484040823181,242,873385203321,1,49199819867309,2,41437056354536,34,9927643415511,43,7498555415511,13,2983104688698,0,286759066043915,0,000467929906010974,0,0,000227456403777024,0,125624794044158,0,497655656339853,26,1454275630341,7,00454520369631,5,24810788290602,4,20955678848976,0,0,0,0,0,0,0,0,0,0,0,0,0,0,0,0,0,0,0,0,0,0,0,0,0,0,0,0,0,0,0,0,0,0,0,0,0,0,0,0,0,0,0,0,0,0,0,0,0,0,0,0,0,0,0,0,0,0,0,0,0,0,0,0,0,0,0,0,0,0,0,0,0,0,0,0,0,0,0,0,0,0,0,0,0,0,0,0,0,0,0,0,0,0,0,0,0,0,0,879545730987269,0,825484040823181,0,0,0,0,0,0,0,0,0,0,0,0,0,588,15,2,00619962511171,10,8103750256921,88,376991771607,0,0,0,0,0,0,1,03885209892084E-09,0,0,0,0,0,0,2,10656120058948E-06,0,0,0,0,8,5290334461456E-06,0,0,0,0,0,44938,5659623562,42255,0163714275,0,
320-330C*,0,0244207070203416,603,150024,261,905150731424,889,941590018508,2,71769218001554,338,213152977599,35,6742099124665,37,6963904858857,0,00623391693978066,71,0765831467545,8,294223495548,249,947749784704,0,5,43535437285541E-05,47,9507522168859,403,122175907082,262,741039352597,33,0109785981476,41,7680697981476,63,8140248581293,61,8233756099295,0,30579412366752,159,293927217737,0,0,0,511765229404178,0,48023390418476,248,330301267869,1,49426405518387,2,26760902366051,34,108205299419,42,8652964994191,12,6776088517006,0,333017178286607,0,000401366085276561,0,0,000120956611860094,0,129453709938241,0,546294376028025,24,4454186663212,8,34480346629736,6,13292536250558,4,85188249816765,0,0,0,0,0,0,0,0,0,0,0,0,0,0,0,0,0,0,0,0,0,0,0,0,0,0,0,0,0,0,0,0,0,0,0,0,0,0,0,0,0,0,0,0,0,0,0,0,0,0,0,0,0,0,0,0,0,0,0,0,0,0,0,0,0,0,0,0,0,0,0,0,0,0,0,0,0,0,0,0,0,0,0,0,0,0,0,0,0,0,0,0,0,0,0,0,0,0,0,511765229404178,0,48023390418476,0,0,0,0,0,0,0,0,0,0,0,0,0,598,15,2,22064683260136,10,6667210178988,88,4721680871116,0,0,0,0,0,0,2,03825788982078E-09,0,0,0,0,0,0,4,1331340543588E-06,0,0,0,0,1,6734210511978E-05,0,0,0,0,0,44842,944011844,42175,7175178777,0,
330-340C*,0,0234088390030868,613,150024,271,892039620012,894,630194144127,2,83501872134216,339,483406459861,36,5581373437315,38,639609407055,0,00641830055972101,85,4084608331569,8,41121902379586,254,933160918932,0,8,97696364641748E-05,48,4978623998915,406,754379347841,266,020110314133,32,1830225106657,40,9401137106657,63,0533836509853,60,9943207082516,0,314838746498232,198,889465072105,0,0,0,388479005283214,0,366069884693444,253,41928765379,1,49642390753064,2,12634602042223,33,223646257287,41,980737457287,12,0837520787529,0,383177389330272,0,000341127744495377,0,6,32888462072036E-05,0,133282625832325,0,594933095716196,22,8114325362395,10,0550393403475,7,23397373729632,5,63650528908251,0,0,0,0,0,0,0,0,0,0,0,0,0,0,0,0,0,0,0,0,0,0,0,0,0,0,0,0,0,0,0,0,0,0,0,0,0,0,0,0,0,0,0,0,0,0,0,0,0,0,0,0,0,0,0,0,0,0,0,0,0,0,0,0,0,0,0,0,0,0,0,0,0,0,0,0,0,0,0,0,0,0,0,0,0,0,0,0,0,0,0,0,0,0,0,0,0,0,0,388479005283214,0,366069884693444,0,0,0,0,0,0,0,0,0,0,0,0,0,608,15,2,46986984742476,10,5291613134696,88,5630819444712,0,0,0,0,0,0,3,36636136740656E-09,0,0,0,0,0,0,6,82623277279663E-06,0,0,0,0,2,76380138464838E-05,0,0,0,0,0,44747,5431973647,42096,35556812,0,
340-350C*,0,0218783688084556,623,150024,281,984128426204,899,181687067394,2,95172583756821,340,749826594214,37,3385280213893,39,4887798306028,0,0163672710847819,92,4251050125351,8,5244332097784,259,73710721821,0,0,000125185729199796,49,0495638640261,410,190721987614,269,139730559908,31,3578086472307,40,1148998472307,62,3327793784764,60,2001229332188,0,323883369328944,220,836489912387,0,0,0,328692600134284,0,311097236178384,257,941875163239,1,49845789272014,1,990554143029,32,3390872151549,41,0961784151549,11,5214214447748,0,437239699174908,0,00028721488366742,0,3,25624266988254E-05,0,137111541726408,0,643571815404368,21,2574283454029,12,2678268090611,8,62003583300743,6,6044998794104,0,0,0,0,0,0,0,0,0,0,0,0,0,0,0,0,0,0,0,0,0,0,0,0,0,0,0,0,0,0,0,0,0,0,0,0,0,0,0,0,0,0,0,0,0,0,0,0,0,0,0,0,0,0,0,0,0,0,0,0,0,0,0,0,0,0,0,0,0,0,0,0,0,0,0,0,0,0,0,0,0,0,0,0,0,0,0,0,0,0,0,0,0,0,0,0,0,0,0,328692600134284,0,311097236178384,0,0,0,0,0,0,0,0,0,0,0,0,0,618,15,2,76130246997495,10,3995464549335,88,6502391670685,0,0,0,0,0,0,4,69446484499233E-09,0,0,0,0,0,0,9,51933149123446E-06,0,0,0,0,3,85418171809896E-05,0,0,0,0,0,44652,8619012666,42017,3321738766,0,
350-360C*,0,0208704069084596,633,150024,292,131603448805,903,564180405317,3,06781352869367,342,012057412041,38,0446894232979,40,2431233981259,0,0263162416098428,113,91201175248,8,63201686894821,264,366473523508,0,0,000160601821935416,49,6186190376322,413,434543330691,272,084829675504,30,5359747755026,39,2930659755026,61,6968913802579,59,5113572730139,0,332927992159657,277,702473433078,0,0,0,258419196444258,0,245519328860191,261,69959459837,1,50034638618253,1,86020022736592,31,4545281730228,40,2116193730228,10,9951202826516,0,495204107820516,0,000239627502792691,0,1,64630325732032E-05,0,140940457620491,0,69221053509254,19,797033162187,15,1741823862467,10,3868568279456,7,81156688695531,0,0,0,0,0,0,0,0,0,0,0,0,0,0,0,0,0,0,0,0,0,0,0,0,0,0,0,0,0,0,0,0,0,0,0,0,0,0,0,0,0,0,0,0,0,0,0,0,0,0,0,0,0,0,0,0,0,0,0,0,0,0,0,0,0,0,0,0,0,0,0,0,0,0,0,0,0,0,0,0,0,0,0,0,0,0,0,0,0,0,0,0,0,0,0,0,0,0,0,258419196444258,0,245519328860191,0,0,0,0,0,0,0,0,0,0,0,0,0,628,15,3,10436888528761,10,280012451811,88,7372408970305,0,0,0,0,0,0,6,02256832257811E-09,0,0,0,0,0,0,1,22124302096723E-05,0,0,0,0,4,94456205154953E-05,0,0,0,0,0,44559,3876111344,41939,0390907563,0,
360-370C*,0,0201124155187724,643,150024,302,515904842556,907,26779546556,2,77062036120198,343,266271834623,38,6816420387411,40,9018617512208,0,0362652121349037,150,058884057716,8,71027514854071,268,892448408342,0,0,000196017914671037,50,3825507398905,416,489454925612,274,913887372247,29,7277184693281,38,4848096693281,61,1466026918404,58,9344499690224,0,341972614990369,361,204773037625,0,0,0,171755269418421,0,163688279756748,262,590686584283,1,49293112157707,1,73524520532905,30,5699691308907,39,3270603308908,10,5884213294621,0,497768486734118,0,00019836560187119,0,8,17339486242815E-06,0,144769373514574,0,740849254780712,18,6645672513494,19,0573997520217,12,7117047696355,9,38391228853257,0,0,0,0,0,0,0,0,0,0,0,0,0,0,0,0,0,0,0,0,0,0,0,0,0,0,0,0,0,0,0,0,0,0,0,0,0,0,0,0,0,0,0,0,0,0,0,0,0,0,0,0,0,0,0,0,0,0,0,0,0,0,0,0,0,0,0,0,0,0,0,0,0,0,0,0,0,0,0,0,0,0,0,0,0,0,0,0,0,0,0,0,0,0,0,0,0,0,0,171755269418421,0,163688279756748,0,0,0,0,0,0,0,0,0,0,0,0,0,638,15,3,52675344264164,10,1952207987451,88,8031783571946,0,0,0,0,0,0,7,35067180016389E-09,0,0,0,0,0,0,1,49055289281101E-05,0,0,0,0,6,03494238500011E-05,0,0,0,0,0,44501,2662220091,41892,4999905569,0,
370-380C*,0,0196417708049654,653,150024,312,827414757678,910,761366991901,2,48614439076474,344,516092458146,39,2289297459757,41,4508211779711,0,0462141826599646,186,455702877801,8,7795839659216,273,256669718321,0,0,000231434007406658,51,178340469911,419,359309332442,277,55598384705,28,9236630338317,37,6807542338317,60,6630555872506,58,4459696990323,0,351017237821081,445,153457345111,0,0,0,108014666773631,0,103209122996624,264,0632154194,1,49510989806298,1,61564396491305,29,6854100887587,38,4425012887587,10,2212936320817,0,499245924821957,0,000163661731986125,0,3,98175321496617E-06,0,148598289408658,0,789487974468883,17,6393341663962,24,3634114584789,15,7960930631055,11,4256197069736,0,0,0,0,0,0,0,0,0,0,0,0,0,0,0,0,0,0,0,0,0,0,0,0,0,0,0,0,0,0,0,0,0,0,0,0,0,0,0,0,0,0,0,0,0,0,0,0,0,0,0,0,0,0,0,0,0,0,0,0,0,0,0,0,0,0,0,0,0,0,0,0,0,0,0,0,0,0,0,0,0,0,0,0,0,0,0,0,0,0,0,0,0,0,0,0,0,0,0,108014666773631,0,103209122996624,0,0,0,0,0,0,0,0,0,0,0,0,0,648,15,4,03802709223909,10,1210800356005,88,8588719983678,0,0,0,0,0,0,8,67877527774967E-09,0,0,0,0,0,0,1,75986276465479E-05,0,0,0,0,7,12532271845069E-05,0,0,0,0,0,44447,0200968435,41849,1334845393,0,
380-390C*,0,0190285955238097,663,150024,322,935578534431,914,07609885651,2,22240004148131,345,761452156311,39,5163605781723,41,6068084016305,0,0561631531850255,204,463702729075,8,84105614148629,277,458051718104,0,0,000266850100142278,51,9964140071098,422,048170118079,279,991491530237,28,1231843915699,36,8802755915699,60,3934289376552,58,30702746444,0,756467463126063,529,102141652598,0,0,0,0902104841724917,0,0861641339295307,264,673408510803,1,49724558443922,1,50134522281533,28,8008510466266,37,5579422466266,9,88778767583557,0,500723362909796,0,000140038613440234,0,1,90189923734545E-06,0,320240030693697,0,838126694157055,16,7055623273162,31,7662911405996,19,9627156650466,14,1195581655421,0,0,0,0,0,0,0,0,0,0,0,0,0,0,0,0,0,0,0,0,0,0,0,0,0,0,0,0,0,0,0,0,0,0,0,0,0,0,0,0,0,0,0,0,0,0,0,0,0,0,0,0,0,0,0,0,0,0,0,0,0,0,0,0,0,0,0,0,0,0,0,0,0,0,0,0,0,0,0,0,0,0,0,0,0,0,0,0,0,0,0,0,0,0,0,0,0,0,0,0902104841724917,0,0861641339295307,0,0,0,0,0,0,0,0,0,0,0,0,0,658,15,4,66276614143747,10,0560159869762,88,9058019005401,0,0,0,0,0,0,1,00068787553354E-08,0,0,0,0,0,0,2,02917263649858E-05,0,0,0,0,8,21570305190126E-05,0,0,0,0,0,44395,6650272785,41808,0844808054,0,
390-400C*,0,0184075077707224,673,150024,333,383328248348,917,234178046961,1,9793873133517,347,002214038558,39,7878165049279,41,7627956252899,0,0661121237100864,240,050554169265,8,89547586052715,281,496656194126,0,0,000302266192877899,52,83039709544,424,56028302246,282,496656194126,27,3258388027912,36,0829300027912,60,1290964970755,58,1578514943446,1,16191768843104,613,050825960084,0,0,0,0830869979965381,0,0793528803654745,265,127058309957,1,49934773752282,1,39229141142832,27,9162920044945,36,6733832044945,9,58362118872686,0,502200800997634,0,000119512212976271,0,8,89990331363295E-07,0,491881771978736,0,886765413845227,15,8519198879534,42,332832902884,25,704991225813,17,7385235804383,0,0,0,0,0,0,0,0,0,0,0,0,0,0,0,0,0,0,0,0,0,0,0,0,0,0,0,0,0,0,0,0,0,0,0,0,0,0,0,0,0,0,0,0,0,0,0,0,0,0,0,0,0,0,0,0,0,0,0,0,0,0,0,0,0,0,0,0,0,0,0,0,0,0,0,0,0,0,0,0,0,0,0,0,0,0,0,0,0,0,0,0,0,0,0,0,0,0,0,0830869979965381,0,0793528803654745,0,0,0,0,0,0,0,0,0,0,0,0,0,668,15,5,43450261990755,9,99970792818012,88,9521604874482,0,0,0,0,0,0,1,13349822329212E-08,0,0,0,0,0,0,2,29848250834236E-05,0,0,0,0,9,30608338535184E-05,0,0,0,0,0,44346,8429794473,41769,0667634744,0,
400-410C*,0,0176072695200995,683,150024,347,608429803521,920,257791550828,1,7571062063759,348,238241214324,40,0517916269957,41,9187828489493,0,0760610942351473,278,065211022017,8,94368856808994,285,372496322023,0,0,00033768228561352,53,673958947344,426,900048411183,286,372496322023,26,5311825277443,35,2882737277443,59,8776093055718,58,0137923920008,1,56736791373603,696,999510267571,0,0,0,0705990674324799,0,0674247590498998,265,969170274978,1,50142680655399,1,28841858220791,27,0317329623624,35,7888241623625,9,30465331080953,0,503678239085473,0,000100897687094499,0,4,07653247615336E-07,0,663523513263775,0,935404133533398,15,0673054505886,57,7963781718502,33,7940821758452,22,6968251387468,0,0,0,0,0,0,0,0,0,0,0,0,0,0,0,0,0,0,0,0,0,0,0,0,0,0,0,0,0,0,0,0,0,0,0,0,0,0,0,0,0,0,0,0,0,0,0,0,0,0,0,0,0,0,0,0,0,0,0,0,0,0,0,0,0,0,0,0,0,0,0,0,0,0,0,0,0,0,0,0,0,0,0,0,0,0,0,0,0,0,0,0,0,0,0,0,0,0,0,0705990674324799,0,0674247590498998,0,0,0,0,0,0,0,0,0,0,0,0,0,678,15,6,39920805472799,9,94830380671505,88,9745310280031,0,0,0,0,0,0,1,2663085710507E-08,0,0,0,0,0,0,2,56779238018614E-05,0,0,0,0,0,000103964637188024,0,0,0,0,0,44300,1996809007,41731,797184443,0,
410-420C*,0,0168538859255993,693,150024,361,810889237443,923,169126355685,1,55555672055393,349,469396793049,40,4183122079875,42,2670798542695,0,0860100647602083,318,348905233343,8,98658685645934,289,085536287162,0,0,000440637536851774,54,5207972943882,429,07199510456,290,085536287162,25,7387718266775,34,4958630266775,59,5240254267894,57,67774672976,1,97281813904101,713,047269388045,0,0,0,0576623652231399,0,0551734159705226,266,812647754017,1,50349404561807,1,18965632751904,26,1471739202304,34,9042651202304,9,04686907566671,0,505155677173312,8,20045777934807E-05,0,1,82602213192908E-07,0,835165254548814,0,98404285322157,14,3408323119297,81,0544280264395,45,4662361419458,29,6384821298134,0,0,0,0,0,0,0,0,0,0,0,0,0,0,0,0,0,0,0,0,0,0,0,0,0,0,0,0,0,0,0,0,0,0,0,0,0,0,0,0,0,0,0,0,0,0,0,0,0,0,0,0,0,0,0,0,0,0,0,0,0,0,0,0,0,0,0,0,0,0,0,0,0,0,0,0,0,0,0,0,0,0,0,0,0,0,0,0,0,0,0,0,0,0,0,0,0,0,0,0576623652231399,0,0551734159705226,0,0,0,0,0,0,0,0,0,0,0,0,0,688,15,7,620868892187,9,90402856206509,89,0034129018521,0,0,0,0,0,0,1,65239076319415E-08,0,0,0,0,0,0,3,35068126981036E-05,0,0,0,0,0,000135662199653108,0,0,0,0,0,44255,384541958,41695,9956747592,0,
420-430C*,0,0161407265015955,703,150024,375,985659985264,925,990369449106,1,37473885588577,350,695543884171,40,638131096547,42,36697170646,0,0959590352852691,360,742868749252,9,02509800507777,292,635691599587,0,0,000674698213418669,55,3646281391357,431,080755649549,293,635691599587,24,9481629598395,33,7052541598395,59,3175339956593,57,5906279698526,2,37826836434599,824,382020855954,0,0,0,0443349077936641,0,0424003236873605,267,65884955716,1,50556144091575,1,09592772316663,25,2626148780983,34,0197060780983,8,80636643403674,0,506633115261151,6,15420303453972E-05,0,7,99114963384254E-08,1,00680699583385,1,03268157290974,13,661814866403,117,102378145623,62,7586870468358,39,5901361004084,0,0,0,0,0,0,0,0,0,0,0,0,0,0,0,0,0,0,0,0,0,0,0,0,0,0,0,0,0,0,0,0,0,0,0,0,0,0,0,0,0,0,0,0,0,0,0,0,0,0,0,0,0,0,0,0,0,0,0,0,0,0,0,0,0,0,0,0,0,0,0,0,0,0,0,0,0,0,0,0,0,0,0,0,0,0,0,0,0,0,0,0,0,0,0,0,0,0,0,0443349077936641,0,0424003236873605,0,0,0,0,0,0,0,0,0,0,0,0,0,698,15,9,19000795234105,9,86435387906806,89,0267605153583,0,0,0,0,0,0,2,53011830032001E-08,0,0,0,0,0,0,5,1305176645378E-05,0,0,0,0,0,000207724118077551,0,0,0,0,0,44212,0505596392,41661,3852221602,0,
430-440C*,0,0154637318768491,713,150024,390,14946443278,928,732159722419,1,21741366090903,351,917875432861,40,8499214759443,42,4576758531153,0,10590800581033,404,990282919585,9,05963264633154,296,024472568548,0,00212441215501153,0,000908758889985565,56,2030699468461,432,931043079548,297,024472568548,24,1591431494036,32,9162343494036,59,1185140870937,57,5121561630178,2,78371858965097,952,893987812049,0,0,0,0315644369619716,0,0301679838668681,268,509622957703,1,50763376464192,1,00714929391811,24,3780558359662,33,1351470359662,8,58117312974522,0,508498476101078,4,10794828973138E-05,0,3,41314212017786E-08,1,17844873711889,1,08132029259791,13,0249300116637,173,629362479513,88,6014993909029,53,9511804903408,0,0138201704940069,0,0,0,0,0,0,0,0,0,0,0,0,0,0,0,0,0,0,0,0,0,0,0,0,0,0,0,0,0,0,0,0,0,0,0,0,0,0,0,0,0,0,0,0,0,0,0,0,0,0,0,0,0,0,0,0,0,0,0,0,0,0,0,0,0,0,0,0,0,0,0,0,0,0,0,0,0,0,0,0,0,0,0,0,0,0,0,0,0,0,0,0,0,0,0,0,0,0,0315644369619716,0,0301679838668681,0,0,0,0,0,0,0,0,0,0,0,0,0,708,15,11,2052923709278,9,82764141905805,89,0348210365382,0,0,0376709822967601,0,0,0,0,3,40784583744587E-08,0,0,0,0,0,0,6,91035405926523E-05,0,0,0,0,0,000279786036501993,0,0,00212441215501153,0,0,0,44169,8576295113,41627,66958055,0,
440-450C*,0,0148105227825457,723,150024,404,59330216612,931,031520282269,1,15250043298344,353,180572305118,41,0649131187512,42,555092272118,0,115856976335391,447,664771260879,9,07315209301185,299,306902568522,0,0767811934660049,0,00114281956655246,57,1592496545781,434,62762918757,300,306902568522,23,378971933237,32,136063133237,58,9150143838078,57,4257362018327,3,18916881495595,1179,11372387708,0,0,0,0200724974410167,0,0191715260493157,269,385757971488,1,50945889461596,0,923231004410816,23,4934967938341,32,2505879938342,8,42817933380776,0,524109039863814,2,06169354492303E-05,0,1,4212435536791E-08,1,35009047840393,1,12995901228609,12,5916358638462,206,720284022669,103,782125819378,62,4280300888623,0,499493086560577,0,0,0,0,0,0,0,0,0,0,0,0,0,0,0,0,0,0,0,0,0,0,0,0,0,0,0,0,0,0,0,0,0,0,0,0,0,0,0,0,0,0,0,0,0,0,0,0,0,0,0,0,0,0,0,0,0,0,0,0,0,0,0,0,0,0,0,0,0,0,0,0,0,0,0,0,0,0,0,0,0,0,0,0,0,0,0,0,0,0,0,0,0,0,0,0,0,0,0200724974410167,0,0191715260493157,0,0,0,0,0,0,0,0,0,0,0,0,0,718,15,12,5146639132343,9,81133134436557,89,0197015223632,0,0,125450661581662,0,0,0,0,4,28557337457173E-08,0,0,0,0,0,0,8,69019045399267E-05,0,0,0,0,0,000351847954926436,0,0,0767811934660049,0,0,0,44128,3862332744,41593,6534450754,0,
450-460C*,0,0141892412556588,733,150024,419,021227565141,933,325281812927,1,10565696981977,354,435786623132,41,4377335692098,42,8711564622999,0,125805946860452,492,125361659531,9,08608054935021,302,424101993646,0,151437974776998,0,00137688024311936,58,0869211729508,436,175324321093,303,424101993646,22,5989126976542,31,3560038976542,58,5462455995691,57,1135341219184,3,59461904026093,1405,33345994212,0,0,0,0160208312210599,0,0153094157817048,270,274080352596,1,51133196924864,0,8440762779087,22,6089377517021,31,3660289517021,8,27785139633514,0,540693137896633,1,63604765964467E-05,0,5,76302027866878E-09,1,52173221968897,1,17859773197426,12,1654174846784,247,094094143104,122,004685871305,72,4775787214299,0,985166002627146,0,0,0,0,0,0,0,0,0,0,0,0,0,0,0,0,0,0,0,0,0,0,0,0,0,0,0,0,0,0,0,0,0,0,0,0,0,0,0,0,0,0,0,0,0,0,0,0,0,0,0,0,0,0,0,0,0,0,0,0,0,0,0,0,0,0,0,0,0,0,0,0,0,0,0,0,0,0,0,0,0,0,0,0,0,0,0,0,0,0,0,0,0,0,0,0,0,0,0160208312210599,0,0153094157817048,0,0,0,0,0,0,0,0,0,0,0,0,0,728,15,14,0153861410529,9,7952541795502,89,0004684767523,0,0,185187977279318,0,0,0,0,5,16330091169758E-08,0,0,0,0,0,0,0,000104700268487201,0,0,0,0,0,000423909873350878,0,0,151437974776998,0,0,0,44086,6623843187,41559,382292272,0,
460-480C*,0,0266222586366611,753,150024,440,569043832855,936,875310005275,1,05495956753337,356,29606879346,42,1225718383288,43,5217819410146,0,140729402648043,562,423223071811,9,13151095209695,308,323234929668,0,263423146743488,0,0017279712579697,59,3874780241171,438,019598392475,309,323234929668,21,4266361263528,30,1837273263528,57,8640930740804,56,4654544929471,4,20279437821841,1744,66306403967,0,0,0,0133350875908184,0,0127635660382649,271,629415237992,1,51431366416507,0,699638827753997,21,282099188504,30,039190388504,8,03865492874497,0,567394661702263,1,87158670593685E-05,0,8,70669017649523E-10,1,77919483161653,1,25155581150651,11,4862649607339,325,341081504088,156,582023048669,91,2403032982495,1,713675376727,0,0,0,0,0,0,0,0,0,0,0,0,0,0,0,0,0,0,0,0,0,0,0,0,0,0,0,0,0,0,0,0,0,0,0,0,0,0,0,0,0,0,0,0,0,0,0,0,0,0,0,0,0,0,0,0,0,0,0,0,0,0,0,0,0,0,0,0,0,0,0,0,0,0,0,0,0,0,0,0,0,0,0,0,0,0,0,0,0,0,0,0,0,0,0,0,0,0,0133350875908184,0,0127635660382649,0,0,0,0,0,0,0,0,0,0,0,0,0,743,15,16,6988248900477,9,7664681980628,89,1826113139171,0,0,268408629833679,0,0,0,0,6,47989221738637E-08,0,0,0,0,0,0,0,000131397814408113,0,0,0,0,0,000532002750987542,0,0,263423146743488,0,0,0,44021,8154537911,41506,0762334353,0,
480-500C*,0,0244781000681313,773,150024,468,944652162719,942,100589717588,0,992399286108814,358,713948806112,43,1034608159614,44,4945247339019,0,160627343698165,663,506009171092,9,17716850685744,313,348807870174,0,412736709365475,0,00219609261110349,60,8628174710873,440,323947877575,314,348807870174,19,8537625221673,28,6108537221673,56,8867752693294,55,4961061663844,5,01369482882837,2033,08180349135,0,0,0,00976391470918419,0,00936909971367829,273,931489140845,1,51881694975794,0,572936211814186,19,5129811042398,28,2700723042398,7,65053428368786,0,60640406338839,2,18563876765975E-05,0,1,1643634649436E-10,2,12247831418661,1,34883325088286,10,3817386414276,476,201783526268,221,24536925282,125,516595208383,2,68502120886014,0,0,0,0,0,0,0,0,0,0,0,0,0,0,0,0,0,0,0,0,0,0,0,0,0,0,0,0,0,0,0,0,0,0,0,0,0,0,0,0,0,0,0,0,0,0,0,0,0,0,0,0,0,0,0,0,0,0,0,0,0,0,0,0,0,0,0,0,0,0,0,0,0,0,0,0,0,0,0,0,0,0,0,0,0,0,0,0,0,0,0,0,0,0,0,0,0,0,00976391470918419,0,00936909971367829,0,0,0,0,0,0,0,0,0,0,0,0,0,763,15,21,310406662488,9,70779676055708,89,090086701957,0,0,375932802765376,0,0,0,0,8,23534729163809E-08,0,0,0,0,0,0,0,000166994542302661,0,0,0,0,0,000676126587836427,0,0,412736709365475,0,0,0,43926,9051271833,41428,1027907583,0,
500-520C*,0,0227947732255652,793,150024,496,619002924294,948,289947996459,0,891608286460275,361,031877429348,44,1248076848555,45,5423900640237,0,180525284748287,773,856458458246,9,20878590318899,317,622882818702,0,562050271987462,0,00303814261410595,61,9214185773267,442,116291793548,318,622882818702,18,2616073466506,27,0186985466506,55,8689830149754,54,4516353025872,5,82459527943833,2542,97540667568,0,0,0,00620930016904876,0,00597463338909169,275,377702639614,1,52423182063222,0,462969824847525,17,7438630199757,26,5009542199757,7,12483883005248,0,649307602154843,2,49969082938265E-05,0,1,36162812895303E-11,2,46576179675669,1,4461106902592,8,880701424744,708,513204480285,317,351111835933,175,084188281871,3,65636704099328,0,0,0,0,0,0,0,0,0,0,0,0,0,0,0,0,0,0,0,0,0,0,0,0,0,0,0,0,0,0,0,0,0,0,0,0,0,0,0,0,0,0,0,0,0,0,0,0,0,0,0,0,0,0,0,0,0,0,0,0,0,0,0,0,0,0,0,0,0,0,0,0,0,0,0,0,0,0,0,0,0,0,0,0,0,0,0,0,0,0,0,0,0,0,0,0,0,0,00620930016904876,0,00597463338909169,0,0,0,0,0,0,0,0,0,0,0,0,0,783,15,27,5313051991571,9,60883795497919,88,4857315058396,0,0,482693367673542,0,0,0,0,1,13930348028973E-07,0,0,0,0,0,0,0,00023102542794764,0,0,0,0,0,000935374486781649,0,0,562050271987462,0,0,0,43816,5640997868,41337,6775919849,0,
520-540C*,0,0208469522287157,813,150024,523,131417637265,955,957093705086,0,699830774604739,363,210825796392,45,1468785964573,46,6161187922373,0,345898231644348,893,771226395946,9,36811507349706,321,089390869146,0,787787772721867,0,0051681690777672,62,4139831064076,443,434260082625,322,089390869145,16,6398964225388,25,3969876225388,54,8504472652285,53,3813010406982,11,0797928148101,3112,15189835362,0,0,0,00267413831415781,0,00258016706450509,277,32497054437,1,53098836008008,0,368650173084783,15,9747449357115,24,7318361357115,6,39033190695254,0,696511132517057,2,81374289110555E-05,0,1,37320032233685E-12,4,52921414056266,2,55227526646277,6,77381075245764,1090,68908051279,469,31120542952,251,094219498728,4,73300421046036,0,0,0,0,0,0,0,0,0,0,0,0,0,0,0,0,0,0,0,0,0,0,0,0,0,0,0,0,0,0,0,0,0,0,0,0,0,0,0,0,0,0,0,0,0,0,0,0,0,0,0,0,0,0,0,0,0,0,0,0,0,0,0,0,0,0,0,0,0,0,0,0,0,0,0,0,0,0,0,0,0,0,0,0,0,0,0,0,0,0,0,0,0,0,0,0,0,0,00267413831415781,0,00258016706450509,0,0,0,0,0,0,0,0,0,0,0,0,0,803,15,36,2823578712986,9,44926583321746,88,5218096856453,0,0,644980718632583,0,0,0,0,1,9380634041627E-07,0,0,0,0,0,0,0,000392996190288548,0,0,0,0,0,00159116082183649,0,0,787787772721867,0,0,0,43683,428389556,41228,9751522785,0,
540-560C*,0,0184516038705422,833,150024,547,620341800655,965,93374725858,0,344155485596058,365,178352721375,46,1053061797272,47,6293300383005,0,673376099523036,1020,81337291601,9,63666498171284,323,643830501134,2,03315928528961,0,00729819554142846,62,1045692409431,444,314445340833,324,643830501134,14,9719953415297,23,7290865415297,53,8946938202728,52,3706699616995,21,2873354183896,3739,61752295486,0,0,3,91519207725511E-15,3,78632842788141E-15,279,320987918423,1,53983457935525,0,288806715618069,14,2056268514474,22,9627180514474,5,33550917429709,0,750135221663022,3,02059640176237E-05,0,1,17550415132813E-13,8,50947573765525,4,78265749534659,3,72848346071025,2220,49124439514,887,081968860982,448,827412041735,7,55347910563113,0,0,0,0,0,0,0,0,0,0,0,0,0,0,0,0,0,0,0,0,0,0,0,0,0,0,0,0,0,0,0,0,0,0,0,0,0,0,0,0,0,0,0,0,0,0,0,0,0,0,0,0,0,0,0,0,0,0,0,0,0,0,0,0,0,0,0,0,0,0,0,0,0,0,0,0,0,0,0,0,0,0,0,0,0,0,0,0,0,0,0,0,0,0,0,0,0,3,91519207725511E-15,3,78632842788141E-15,0,0,0,0,0,0,0,0,0,0,0,0,0,823,15,53,9005716607105,9,19676843603615,88,6261763324715,0,1,58370998497858,0,0,0,0,2,73682332803567E-07,0,0,0,0,0,0,0,000554966952629456,0,0,0,0,0,00224694715689133,0,2,03315928528961,0,0,0,43515,168467081,41092,176267305,0,
560-580C*,0,0159501000210739,853,150024,571,707026389665,976,602728991557,0,367,12946744565,46,9152385224409,48,4631885740739,0,881565879488832,1178,99329669291,9,94378088934918,325,551956361324,3,64722986365186,0,00942822200508971,61,546211762122,444,792138347168,326,551956361324,13,2902476969309,22,0473388969309,53,0847614775591,51,5368114259261,31,4948780219691,4426,05291494882,0,0,3,91043005573306E-15,3,78632842788141E-15,281,365754761773,1,54966809779028,0,222200775091261,12,4365087671832,21,1935999671832,4,21168407924803,0,797125530931993,2,88778342322946E-05,0,8,38721298380265E-15,12,4897373347478,7,0130397242304,0,458479253510046,4884,9915282653,1807,62265485069,863,010635820941,10,0393220940005,0,0,0,0,0,0,0,0,0,0,0,0,0,0,0,0,0,0,0,0,0,0,0,0,0,0,0,0,0,0,0,0,0,0,0,0,0,0,0,0,0,0,0,0,0,0,0,0,0,0,0,0,0,0,0,0,0,0,0,0,0,0,0,0,0,0,0,0,0,0,0,0,0,0,0,0,0,0,0,0,0,0,0,0,0,0,0,0,0,0,0,0,0,0,0,0,0,3,91043005573306E-15,3,78632842788141E-15,0,0,0,0,0,0,0,0,0,0,0,0,0,843,149999999999,85,0078357924896,8,92422762801748,88,7405641396823,0,2,90323067521543,0,0,0,0,3,53558325190864E-07,0,0,0,0,0,0,0,000716937714970363,0,0,0,0,0,00290273349194617,0,3,64722986365186,0,0,0,43341,7003191459,40951,938062289,0,
580-600C*,0,0131205260316201,873,150024,595,461182922412,987,375148137047,0,369,169738328061,47,6444908586672,49,2213490823323,1,22255553535437,1390,72980191985,10,2618761911941,326,928478059315,7,2651671439913,0,0107082984769829,60,9366055456087,444,901129982781,327,928478059315,11,6064313040819,20,3635225040819,52,3555091413328,50,7786509176677,41,7024206255486,5185,23238036672,0,0,3,90713332356025E-15,3,78632842788141E-15,283,45927107442,1,5600687933572,0,167541627730274,10,6673906829191,19,4244818829191,3,10674116020219,0,827576186761864,2,75497044469656E-05,0,4,8841076376234E-16,16,4699989318404,9,24342195311422,-2,78219499157115,11701,8577360101,4069,05230771987,1851,77287926668,9,00569105905881,0,0,0,0,0,0,0,0,0,0,0,0,0,0,0,0,0,0,0,0,0,0,0,0,0,0,0,0,0,0,0,0,0,0,0,0,0,0,0,0,0,0,0,0,0,0,0,0,0,0,0,0,0,0,0,0,0,0,0,0,0,0,0,0,0,0,0,0,0,0,0,0,0,0,0,0,0,0,0,0,0,0,0,0,0,0,0,0,0,0,0,0,0,0,0,0,0,3,90713332356025E-15,3,78632842788141E-15,0,0,0,0,0,0,0,0,0,0,0,0,0,863,15,153,18505173532,8,65777853438648,88,8450514106515,0,6,15111921721564,0,0,0,0,4,01561192886857E-07,0,0,0,0,0,0,0,000814276863353905,0,0,0,0,0,00329683970255626,0,7,2651671439913,0,0,0,43175,9255504469,40819,1550887343,0,
600-625C*,0,013140427425879,898,150024,623,397254370566,999,579719595066,0,371,501322897605,48,3536963600572,49,9701469633246,1,64867371680321,1643,99310418224,10,5966944073194,328,155055174112,11,7372254887179,0,0174811019425507,60,2081941447825,444,642476882759,329,155055174112,9,71042586373984,18,4675170637398,51,6463036399428,50,0298530366754,48,1031241153361,6054,74060598073,0,0,3,90506589938025E-15,3,78632842788141E-15,285,872747776167,1,57244328374357,0,114000181889301,8,67713283812188,17,4342240381219,1,89127601984629,0,859638993115668,2,70133112641854E-05,0,1,01130060428898E-17,19,0070871775588,10,4721270586745,-6,37635047610826,34260,5058054144,11091,6586807458,4778,12030707765,7,84285614474939,0,0,0,0,0,0,0,0,0,0,0,0,0,0,0,0,0,0,0,0,0,0,0,0,0,0,0,0,0,0,0,0,0,0,0,0,0,0,0,0,0,0,0,0,0,0,0,0,0,0,0,0,0,0,0,0,0,0,0,0,0,0,0,0,0,0,0,0,0,0,0,0,0,0,0,0,0,0,0,0,0,0,0,0,0,0,0,0,0,0,0,0,0,0,0,0,0,3,90506589938025E-15,3,78632842788141E-15,0,0,0,0,0,0,0,0,0,0,0,0,0,885,65,321,3679343087,8,36633593485147,88,6555052105958,0,10,5121757676552,0,0,0,0,6,55541322845653E-07,0,0,0,0,0,0,0,00132929212688146,0,0,0,0,0,00538203067952519,0,11,7372254887179,0,0,0,42991,6382177964,40672,0134812711,0,
625-650C*,0,0106275302619365,923,150024,657,793075537949,1012,9595947974,0,374,111435511211,48,983650297469,50,6545225882939,2,21503792423985,1893,33137839728,10,9991195920875,328,487573803732,15,5166504078803,0,0268737375072054,59,4358398491425,443,902909838266,329,487573803732,7,60736834726919,16,3644595472692,51,016349702531,49,3454774117061,76,2831330317775,6968,20361760726,0,0,3,9046489512291E-15,3,78632842788141E-15,305,624808172442,1,58679549167675,0,0744549568937233,6,4657352327917,15,2228264327917,0,612497085516635,0,913982478620896,2,46905434872063E-05,0,1,38605125770891E-19,29,885005093185,17,1229074580347,-10,19089785755,127708,974127188,38141,2015900175,15451,0486879583,7,26985510956278,0,0,0,0,0,0,0,0,0,0,0,0,0,0,0,0,0,0,0,0,0,0,0,0,0,0,0,0,0,0,0,0,0,0,0,0,0,0,0,0,0,0,0,0,0,0,0,0,0,0,0,0,0,0,0,0,0,0,0,0,0,0,0,0,0,0,0,0,0,0,0,0,0,0,0,0,0,0,0,0,0,0,0,0,0,0,0,0,0,0,0,0,0,0,0,0,0,3,9046489512291E-15,3,78632842788141E-15,0,0,0,0,0,0,0,0,0,0,0,0,0,910,65,816,248849076729,8,06775931003621,88,7382494912655,0,14,3804631069165,0,0,0,0,1,0077651565202E-06,0,0,0,0,0,0,0,00204352378961041,0,0,0,0,0,00827380792198399,0,15,5166504078803,0,0,0,42784,5321391978,40505,8580690725,0,
650-675C*,0,00872072783211414,948,150024,697,95391415003,1025,82464496632,0,376,658721666915,49,1757772653536,50,9167043577073,2,71991747946344,2105,21948177909,11,3741784773921,339,008027460005,17,9165862913077,0,03626637307186,58,793352742682,442,743732994451,340,008027460005,5,51460733146675,14,2716985314668,50,8242227346464,49,0832956422927,101,523160270299,7770,66193055458,0,0,3,479407555231E-15,3,37354753329587E-15,336,688650026626,1,60146040231406,0,0463539579261727,4,25433762746151,13,0114288274615,0,001,0,973033829413096,2,18160862173848E-05,0,1,17292580372822E-21,39,5960495027532,23,099372215325,-12,0269910104,546807,911541031,150569,934236389,57380,2540466973,7,26777135120537,0,0,0,0,0,0,0,0,0,0,0,0,0,0,0,0,0,0,0,0,0,0,0,0,0,0,0,0,0,0,0,0,0,0,0,0,0,0,0,0,0,0,0,0,0,0,0,0,0,0,0,0,0,0,0,0,0,0,0,0,0,0,0,0,0,0,0,0,0,0,0,0,0,0,0,0,0,0,0,0,0,0,0,0,0,0,0,0,0,0,0,0,0,0,0,0,0,3,479407555231E-15,3,37354753329587E-15,0,0,0,0,0,0,0,0,0,0,0,0,0,935,65,2356,68015103934,7,80665867622078,88,7943290954169,0,16,8949094940815,0,0,0,0,1,35998899019475E-06,0,0,0,0,0,0,0,00275775545233935,0,0,0,0,0,0111655851644428,0,17,9165862913077,0,0,0,42585,6519997062,40346,2926254306,0,
675-700C*,0,00754133678437511,973,150024,746,392498470718,1037,83912705567,0,379,162777916508,49,2250882469684,51,0516035414828,3,0452828832016,2298,37301339995,11,6950832837062,344,14114782758,19,6300855849553,0,0441223550596224,58,3650492390447,441,215787687061,345,14114782758,3,43885767725555,12,1959488772555,50,7749117530316,48,9483964585172,112,825092708288,8424,26773575712,0,0,3,48133408118562E-15,3,37354753329587E-15,340,107819736469,1,61603967465247,0,027275358383197,2,04294002213133,10,8000312221313,0,001,1,00728463783341,1,83899394547212E-05,0,5,622719383272E-24,43,8916302818316,25,7045963379777,-12,0269910104,2718074,89863557,690312,623577999,247821,953361818,6,73128000360408,0,0,0,0,0,0,0,0,0,0,0,0,0,0,0,0,0,0,0,0,0,0,0,0,0,0,0,0,0,0,0,0,0,0,0,0,0,0,0,0,0,0,0,0,0,0,0,0,0,0,0,0,0,0,0,0,0,0,0,0,0,0,0,0,0,0,0,0,0,0,0,0,0,0,0,0,0,0,0,0,0,0,0,0,0,0,0,0,0,0,0,0,0,0,0,0,0,3,48133408118562E-15,3,37354753329587E-15,0,0,0,0,0,0,0,0,0,0,0,0,0,960,65,7849,13242714913,7,59395831200312,88,8119749118697,0,18,7108387031397,0,0,0,0,1,65458831473584E-06,0,0,0,0,0,0,0,00335513741599212,0,0,0,0,0,0135842619855543,0,19,6300855849553,0,0,0,42411,4556043577,40208,1710128295,0,
700-725C*,0,00619956311801379,998,150024,812,950934759114,1048,53546260889,0,381,652192793372,49,2597446841375,51,1865027252582,3,32377533587279,2466,65497936857,11,9250898758607,326,356781626545,21,9829966094787,0,0690037787570399,58,2628399945585,439,365611027999,327,356781626545,1,38947095376721,10,1465621537672,50,7402553158625,48,8134972747418,124,127025146278,8994,79353774243,0,0,3,48512613521798E-15,3,37354753329587E-15,304,124992137059,1,6299261236856,0,0150068335183521,-0,168457583198865,8,58863361680114,0,001,1,03594327898759,1,44121031992153E-05,0,1,37064635256234E-26,48,18721106091,28,3098204606304,-12,0269910104,15857891,3069335,3719656,94029879,1261228,74333899,6,11565912049422,0,0,0,0,0,0,0,0,0,0,0,0,0,0,0,0,0,0,0,0,0,0,0,0,0,0,0,0,0,0,0,0,0,0,0,0,0,0,0,0,0,0,0,0,0,0,0,0,0,0,0,0,0,0,0,0,0,0,0,0,0,0,0,0,0,0,0,0,0,0,0,0,0,0,0,0,0,0,0,0,0,0,0,0,0,0,0,0,0,0,0,0,0,0,0,0,0,3,48512613521798E-15,3,37354753329587E-15,0,0,0,0,0,0,0,0,0,0,0,0,0,985,65,30626,716216836,7,44377160378252,88,7676453904864,0,21,2265506262192,0,0,0,0,2,587641703389E-06,0,0,0,0,0,0,0,00524716234298324,0,0,0,0,0,0212446821426961,0,21,9829966094787,0,0,0,42259,3168331782,40087,9753262946,0,
725-750C*,0,00483440646274136,1023,150024,893,119771111932,1057,91294288623,0,384,133994807997,49,279601398227,51,3214019090337,3,62570426407747,2620,75264983081,12,0578336122979,324,89395350806,25,028747533694,0,0965632561913179,58,4696615663036,437,235577770466,325,89395350806,-0,633538664203808,8,1235525357962,50,720398601773,48,6785980909663,135,428957584267,9526,08550979449,0,0,3,49080119697469E-15,3,37354753329587E-15,266,896032032392,1,64296312467922,0,00761602547451487,-2,37985518852905,6,37723601147095,0,001,1,06303009387442,9,88257745086709E-06,0,1,48132469721263E-29,52,4827918399883,30,9150445832831,-12,0269910104,271031165,130883,49860798,5048135,14227449,0702805,5,43120026915815,0,0,0,0,0,0,0,0,0,0,0,0,0,0,0,0,0,0,0,0,0,0,0,0,0,0,0,0,0,0,0,0,0,0,0,0,0,0,0,0,0,0,0,0,0,0,0,0,0,0,0,0,0,0,0,0,0,0,0,0,0,0,0,0,0,0,0,0,0,0,0,0,0,0,0,0,0,0,0,0,0,0,0,0,0,0,0,0,0,0,0,0,0,0,0,0,0,3,49080119697469E-15,3,37354753329587E-15,0,0,0,0,0,0,0,0,0,0,0,0,0,1010,65,178765,142460705,7,35401171387569,88,6734496288032,0,24,5121078599473,0,0,0,0,3,62112210717442E-06,0,0,0,0,0,0,0,00734283093954814,0,0,0,0,0,0297296136733524,0,25,028747533694,0,0,0,42126,8015588484,39983,4045821426,0,
750-775C*,0,0036735622956579,1048,150024,981,743302006431,1062,75973670111,0,386,61521247087,49,2159260435539,51,3876095879947,3,92763319228215,2773,43916292783,12,1181227803594,323,615417325615,28,6687768348385,0,112319631896522,59,8044309295676,434,864093543517,325,299997862429,-2,5659345529253,6,1911566470747,50,7840739564461,48,6123904120053,146,730890022257,10211,6691805523,0,0,3,17898801644793E-15,3,06572050909849E-15,244,795557767381,1,65129009139168,0,00350315367652875,-4,59125279385924,4,16583840614076,0,001,1,10371836717939,8,68775687342539E-06,0,5,94693471596448E-33,56,7783726190667,33,5202687059359,-12,0269910104,7062295413,862,983257670,798542,230816021,847461,4,64563417960803,0,0,0,0,0,0,0,0,0,0,0,0,0,0,0,0,0,0,0,0,0,0,0,0,0,0,0,0,0,0,0,0,0,0,0,0,0,0,0,0,0,0,0,0,0,0,0,0,0,0,0,0,0,0,0,0,0,0,0,0,0,0,0,0,0,0,0,0,0,0,0,0,0,0,0,0,0,0,0,0,0,0,0,0,0,0,0,0,0,0,0,0,0,0,0,0,0,3,17898801644793E-15,3,06572050909849E-15,0,0,0,0,0,0,0,0,0,0,0,0,0,1035,65,1351402,87592735,7,43849661810632,90,1406153195008,0,28,4682218148768,0,0,0,0,4,21198619611958E-06,0,0,0,0,0,0,0,00854097200879804,0,0,0,0,0,0345806406693749,0,28,6687768348385,0,0,0,42047,8851912453,39919,4532333869,0,
775-800C*,0,00274767185028042,1073,150024,1078,09937066318,1066,58038609498,0,389,102874292479,49,1179887037463,51,4347077023528,4,22956212048683,2936,73222983243,12,1787133942612,322,024783814693,32,8595682337558,0,152195647465078,61,3396706178212,432,285821973532,326,331468941063,-4,47780755322692,4,27928364677308,50,8820112962537,48,5652922976472,158,032822460246,10643,5960851435,0,0,3,18738620345578E-15,3,06572050909849E-15,225,914239409596,1,65869926020579,0,00142714126773831,-6,80265039918942,1,95444080081058,0,001,1,1481366921121,8,51407143276335E-06,0,7,03082695798661E-37,61,0739533981451,36,1254928285886,-12,0269910104,295081700058,92,29871857193,7084,5627808225,0911,3,80074561997082,0,0,0,0,0,0,0,0,0,0,0,0,0,0,0,0,0,0,0,0,0,0,0,0,0,0,0,0,0,0,0,0,0,0,0,0,0,0,0,0,0,0,0,0,0,0,0,0,0,0,0,0,0,0,0,0,0,0,0,0,0,0,0,0,0,0,0,0,0,0,0,0,0,0,0,0,0,0,0,0,0,0,0,0,0,0,0,0,0,0,0,0,0,0,0,0,0,3,18738620345578E-15,3,06572050909849E-15,0,0,0,0,0,0,0,0,0,0,0,0,0,1060,65,13635301,3354459,7,56648647897528,92,1500702289927,0,33,0456497227918,0,0,0,0,5,70733677994043E-06,0,0,0,0,0,0,0,011573210692657,0,0,0,0,0,0468575520375765,0,32,8595682337558,0,0,0,41980,90770577,39864,5059498262,0,
800-825C*,0,0020374192480706,1098,150024,1180,96351627915,1070,40103548886,0,391,604008783311,49,0046248449003,51,4818058167109,4,5314910486915,3122,64956171738,12,2396069612325,320,000647468129,37,55760545129,0,222541491999723,62,8112394463637,429,531931791022,327,108250700646,-6,38968055352856,2,36741064647145,50,9953751550997,48,5181941832891,169,334754898236,11316,5403942999,0,0,3,19754869510697E-15,3,06572050909849E-15,207,032921051811,1,66635189578875,0,000499276051668326,-9,01404800451962,-0,256956804519614,0,001,1,16395948935227,8,34038599210131E-06,0,1,79365614365673E-41,65,3695341772234,38,7307169512413,-12,0269910104,20874171891597,9,1469268664360,22,216263166755,694,2,94744860546026,0,0,0,0,0,0,0,0,0,0,0,0,0,0,0,0,0,0,0,0,0,0,0,0,0,0,0,0,0,0,0,0,0,0,0,0,0,0,0,0,0,0,0,0,0,0,0,0,0,0,0,0,0,0,0,0,0,0,0,0,0,0,0,0,0,0,0,0,0,0,0,0,0,0,0,0,0,0,0,0,0,0,0,0,0,0,0,0,0,0,0,0,0,0,0,0,0,3,19754869510697E-15,3,06572050909849E-15,0,0,0,0,0,0,0,0,0,0,0,0,0,1085,65,189631308,314153,7,70086732705763,94,2555893437828,0,38,1870786822178,0,0,0,0,8,34530594998959E-06,0,0,0,0,0,0,0,0169224259541456,0,0,0,0,0,0685154254775229,0,37,55760545129,0,0,0,41926,0245403216,39821,0374852305,0,
825-850C*,0,00144683341222256,1123,150024,1288,53394837461,1074,22168488274,0,394,125644453855,48,8755664361559,51,528903931069,4,83341997689618,3343,20886975549,12,3008049960387,317,575099868593,42,7193722082847,0,292887336534367,64,22266487827,426,630353116244,327,677413568922,-8,30155355383018,0,455537646169818,51,1244335638441,48,471096068931,180,636687336225,12123,4278550171,0,0,3,2095160598995E-15,3,06572050909849E-15,176,402148842533,1,67424739788663,0,000143780415006924,-11,2254456098498,-2,4683544098498,0,001,1,21479941301878,8,16670055143927E-06,0,6,44754093073519E-47,69,6651149563018,41,335941073894,-12,0269910104,2,64971300489583E+15,123375340726500,13782107116369,2,1266413407825,0,0,0,0,0,0,0,0,0,0,0,0,0,0,0,0,0,0,0,0,0,0,0,0,0,0,0,0,0,0,0,0,0,0,0,0,0,0,0,0,0,0,0,0,0,0,0,0,0,0,0,0,0,0,0,0,0,0,0,0,0,0,0,0,0,0,0,0,0,0,0,0,0,0,0,0,0,0,0,0,0,0,0,0,0,0,0,0,0,0,0,0,0,0,0,0,0,3,2095160598995E-15,3,06572050909849E-15,0,0,0,0,0,0,0,0,0,0,0,0,0,1110,65,3761944170,75475,7,8420658245638,96,4637224740587,0,43,8287391878639,0,0,0,0,1,09832751200388E-05,0,0,0,0,0,0,0,0222716412156341,0,0,0,0,0,0901732989174693,0,42,7193722082847,0,0,0,41856,9961218836,39764,1277346819,0,
850-875C*,0,00121793170422893,1148,150024,1395,81454330428,1078,04233427662,0,396,674809814599,48,7168107854139,51,5622696645875,5,13534890510086,3610,42786511954,12,3623090210189,314,778726689961,48,3013522255839,0,341889739531969,65,5772173080134,423,606034728143,328,0764091072,-10,2134265541318,-1,45633535413182,51,2831892145861,48,4377303354125,191,938619774215,13107,6213202249,0,0,3,22328930066518E-15,3,06572050909849E-15,168,38416735227,1,68238564974876,3,21111780549555E-05,-13,43684321518,-4,67975201517999,0,001,1,27955797005629,7,99301511077723E-06,0,1,79175042785312E-53,73,9606957353802,43,9411651965467,-12,0269910104,1,23840491763372E+18,4,41983716742431E+16,3,43902980933661E+15,1,37922203064368,0,0,0,0,0,0,0,0,0,0,0,0,0,0,0,0,0,0,0,0,0,0,0,0,0,0,0,0,0,0,0,0,0,0,0,0,0,0,0,0,0,0,0,0,0,0,0,0,0,0,0,0,0,0,0,0,0,0,0,0,0,0,0,0,0,0,0,0,0,0,0,0,0,0,0,0,0,0,0,0,0,0,0,0,0,0,0,0,0,0,0,0,0,0,0,0,0,3,22328930066518E-15,3,06572050909849E-15,0,0,0,0,0,0,0,0,0,0,0,0,0,1135,65,118117354412,153,7,9905215518444,98,7812966630119,0,49,9025102544789,0,0,0,0,1,28208652324489E-05,0,0,0,0,0,0,0,0259978656102435,0,0,0,0,0,105260015828696,0,48,3013522255839,0,0,0,41782,5637954003,39702,073807835,0,
875-900C*,0,000729365827371588,1173,150024,1512,46715604165,1081,8629836705,0,399,188549640789,48,5691229819935,51,6231001597852,5,43727783330554,3817,77805920409,12,424120566124,311,640624529941,53,0939441064619,0,456790533400233,66,8779335051381,420,481196278073,328,38185976637,-12,1252995544334,-3,36820835443344,51,4308770180065,48,3768998402148,203,240552212205,13860,5149213248,0,0,2,75569677859559E-15,2,60821606028024E-15,150,388965978456,1,69076698775173,5,09973207876392E-06,-15,6482408205102,-6,89114962051017,0,001,1,32580999184296,7,81932967011519E-06,0,1,60737721426156E-61,78,2562765144585,46,5463893191994,-12,0269910104,4,29508816920808E+21,8,04008129821577E+19,3,8282488991445E+18,1,05447577494825,0,0,0,0,0,0,0,0,0,0,0,0,0,0,0,0,0,0,0,0,0,0,0,0,0,0,0,0,0,0,0,0,0,0,0,0,0,0,0,0,0,0,0,0,0,0,0,0,0,0,0,0,0,0,0,0,0,0,0,0,0,0,0,0,0,0,0,0,0,0,0,0,0,0,0,0,0,0,0,0,0,0,0,0,0,0,0,0,0,0,0,0,0,0,0,0,0,2,75569677859559E-15,2,60821606028024E-15,0,0,0,0,0,0,0,0,0,0,0,0,0,1160,65,13292969622653,5,8,14668893460693,,0,55,083249492267,0,0,0,0,1,71296450025087E-05,0,0,0,0,0,0,0,0347351134773094,0,0,0,0,0,140635337117541,0,53,0939441064619,0,0,0,41716,0532997051,39647,5370814945,0,
900-925C*,0,00164806844196795,1198,150024,1635,22349091533,1085,68363306438,0,401,698724712144,48,3910260426839,51,6701982741433,5,73920676151022,4019,09554150248,12,4862411689546,308,18842638769,57,8190181729257,0,617806330265257,68,1276375129935,417,275571158095,328,604299373661,-14,0371725547351,-5,28008135473507,51,6089739573161,48,3298017258567,214,542484650194,14590,2840694794,0,0,2,68671492258524E-15,2,52909526266447E-15,131,507647620671,1,69939217566374,5,0510426232693E-07,-17,8596384258404,-9,10254722584036,0,001,1,37022831677567,7,64564422945315E-06,0,1,24163910207317E-71,82,5518572935369,49,1516134418521,-12,0269910104,5,83594064097783E+24,6,53969399895263E+23,1,73230337533912E+22,0,754700175646469,0,0,0,0,0,0,0,0,0,0,0,0,0,0,0,0,0,0,0,0,0,0,0,0,0,0,0,0,0,0,0,0,0,0,0,0,0,0,0,0,0,0,0,0,0,0,0,0,0,0,0,0,0,0,0,0,0,0,0,0,0,0,0,0,0,0,0,0,0,0,0,0,0,0,0,0,0,0,0,0,0,0,0,0,0,0,0,0,0,0,0,0,0,0,0,0,0,2,68671492258524E-15,2,52909526266447E-15,0,0,0,0,0,0,0,0,0,0,0,0,0,1185,65,3,5889319495283E+15,8,31103915094778,,0,60,1525054826677,0,0,0,0,2,31677373849471E-05,0,0,0,0,0,0,0,0469790230305873,0,0,0,0,0,190208411026937,0,57,8190181729257,0,0,0,41650,5986115922,39593,9953584712,0,
925-950C*,0,000405314345451527,1223,150024,1763,75139791138,1089,50428245826,0,404,2088997835,48,1958069494935,51,7172963885014,6,0411356897149,4220,41302380086,12,5486723747994,304,44833400824,62,5440922393894,0,726468303087903,69,3289593178357,414,00663712532,328,764741914109,-15,9490455550367,-7,1919543550367,51,8041930505065,48,2827036114986,225,844417088184,15320,0532176339,0,0,2,61846403468438E-15,2,44997446504871E-15,112,626329262886,1,70826238297451,0,-20,0710360311706,-11,3139448311705,0,001,1,41464664170839,7,47195878879111E-06,0,1,01179546585337E-84,86,8474380726153,51,7568375645049,-12,0269910104,5,42997770778829E+24,6,35522693548491E+24,7,62270258326025E+24,0,454924576344687,0,0,0,0,0,0,0,0,0,0,0,0,0,0,0,0,0,0,0,0,0,0,0,0,0,0,0,0,0,0,0,0,0,0,0,0,0,0,0,0,0,0,0,0,0,0,0,0,0,0,0,0,0,0,0,0,0,0,0,0,0,0,0,0,0,0,0,0,0,0,0,0,0,0,0,0,0,0,0,0,0,0,0,0,0,0,0,0,0,0,0,0,0,0,0,0,0,2,61846403468438E-15,2,44997446504871E-15,0,0,0,0,0,0,0,0,0,0,0,0,0,1210,65,2,73369701799668E+18,8,484062024186,,0,65,1780669217555,0,0,0,0,2,72425613657964E-05,0,0,0,0,0,0,0,0552418605473093,0,0,0,0,0,22366294228882,0,62,5440922393894,0,0,0,41585,4453625634,39540,7318510723,0,
950-975C*,6,53865567259797E-06,1248,150024,1898,08526935965,1093,32493185214,0,406,719074854856,47,9830103519857,51,7643945028596,6,34306461791957,4421,73050609925,12,6114157366734,300,445155590005,67,2691663058531,0,913730199723963,70,4843515606704,410,689832872001,328,879690251497,-17,8609185553383,-9,10382735533833,52,0169896480143,48,2356054971404,237,146349526173,16049,8223657884,0,0,2,55085477663773E-15,2,37085366743294E-15,93,7450109051011,1,71737916680973,0,-22,2824336365007,-13,5253424365007,0,001,1,4590649666411,7,29827334812907E-06,0,2,50092970122616E-102,91,1430188516937,54,3620616871576,-12,0269910104,7,51380062986493E+24,8,89584168240785E+24,1,08178220994852E+25,0,155148977042904,0,0,0,0,0,0,0,0,0,0,0,0,0,0,0,0,0,0,0,0,0,0,0,0,0,0,0,0,0,0,0,0,0,0,0,0,0,0,0,0,0,0,0,0,0,0,0,0,0,0,0,0,0,0,0,0,0,0,0,0,0,0,0,0,0,0,0,0,0,0,0,0,0,0,0,0,0,0,0,0,0,0,0,0,0,0,0,0,0,0,0,0,0,0,0,0,0,2,55085477663773E-15,2,37085366743294E-15,0,0,0,0,0,0,0,0,0,0,0,0,0,1235,65,7,11915496626396E+21,8,66626790584109,,0,70,1557183398582,0,0,0,0,3,42648824896486E-05,0,0,0,0,0,0,0,0694815672706763,0,0,0,0,0,281316588844598,0,67,2691663058531,0,0,0,41520,5924267802,39487,7454986342,0,
975-1000C*,0,1273,150024,2038,30409317495,1097,14558124601,0,409,229249926212,47,7521368342613,51,8114926172177,6,64499354612425,4623,04798839764,12,6744728153567,296,202347586774,71,9942403723168,1,10085372086033,,,328,961584216384,,,52,2478631657387,48,1885073827823,248,448281964163,16779,5915139429,,,2,48379829793424E-15,2,29173286981717E-15,74,863692547316,,,-24,4938312418309,,2,29956737074272E-06,1,50348329157382,7,12458790746703E-06,,,95,438599630772,56,9672858098103,,,,,0,0,0,0,0,0,0,0,0,0,0,0,0,0,0,0,0,0,0,0,0,0,0,0,0,0,0,0,0,0,0,0,0,0,0,0,0,0,0,0,0,0,0,0,0,0,0,0,0,0,0,0,0,0,0,0,0,0,0,0,0,0,0,0,0,0,0,0,0,0,0,0,0,0,0,0,0,0,0,0,0,0,0,0,0,0,0,0,0,0,0,0,0,0,0,0,0,0,,2,29173286981717E-15,,0,0,0,0,0,0,0,0,0,0,0,0,1260,65,,8,85818955137359,112,272882662162,,,,,,,4,12820145322624E-05,,,,,,,0,083710751690421,,,,,0,338927632755126,,71,9942403723168,,,,41456,0386459491,,,
1000-1050C*,0,1323,150024,2259,93708964259,1102,87655533683,0,412,994512533246,47,37072366455,51,8821397887548,7,09788693843127,4925,02421184522,12,7378451794335,287,351736331667,79,0818514720124,1,34237741615787,,,329,041987085302,,,52,62927633545,48,1178602112452,265,401180621147,17874,2452361747,,,2,38405533202346E-15,2,17305167339352E-15,46,5417150106386,,,-27,8109276498262,,2,29956737074272E-06,1,57011077897289,6,86405974647397E-06,,,101,88197079939,60,8751219937894,,,,,0,0,0,0,0,0,0,0,0,0,0,0,0,0,0,0,0,0,0,0,0,0,0,0,0,0,0,0,0,0,0,0,0,0,0,0,0,0,0,0,0,0,0,0,0,0,0,0,0,0,0,0,0,0,0,0,0,0,0,0,0,0,0,0,0,0,0,0,0,0,0,0,0,0,0,0,0,0,0,0,0,0,0,0,0,0,0,0,0,0,0,0,0,0,0,0,0,0,,2,17305167339352E-15,,0,0,0,0,0,0,0,0,0,0,0,0,1298,15,,9,1590678000477,116,666787624942,,,,,,,5,033915310592E-05,,,,,,,0,102076616020338,,,,,0,41328724361922,,79,0818514720124,,,,41359,7662819031,,,
1050-1100C*,0,1373,150024,2577,44302029818,1110,51785412459,0,418,014862675957,46,7933748713012,51,9763360174711,7,70174479484063,5327,65917644199,12,8015344053307,277,520001463694,88,5319996049398,1,66440900988792,,,329,100880768274,,,53,2066251286988,48,0236639825289,288,005045497126,19333,7835324837,,,2,25216189826911E-15,2,01481007816199E-15,8,77907829506864,,,-32,2337228604866,,2,29956737074272E-06,1,65894742883832,6,51668886514989E-06,,,110,473132357546,66,0855702390948,,,,,0,0,0,0,0,0,0,0,0,0,0,0,0,0,0,0,0,0,0,0,0,0,0,0,0,0,0,0,0,0,0,0,0,0,0,0,0,0,0,0,0,0,0,0,0,0,0,0,0,0,0,0,0,0,0,0,0,0,0,0,0,0,0,0,0,0,0,0,0,0,0,0,0,0,0,0,0,0,0,0,0,0,0,0,0,0,0,0,0,0,0,0,0,0,0,0,0,0,,2,01481007816199E-15,,0,0,0,0,0,0,0,0,0,0,0,0,1348,15,,9,60792797307299,122,996220511233,,,,,,,6,24153378707968E-05,,,,,,,0,126564435126894,,,,,0,512433391438013,,88,5319996049398,,,,41232,4388419098,,,
1100-1150C*,0,1423,150024,2921,66525395232,1118,15915291235,0,423,035212818669,46,132146506597,52,0705322461873,8,30560265124998,5730,29414103876,12,8655420773573,267,122893104768,97,9821477378673,1,98644060361796,,,329,130444268282,,,53,867853493403,47,9294677538127,310,608910373105,20793,3218287927,,,2,12083670155988E-15,1,85656848293046E-15,0,,,-36,656518071147,,2,29956737074272E-06,1,74778407870375,6,16931798382581E-06,,,119,064293915703,71,2960184844002,,,,,0,0,0,0,0,0,0,0,0,0,0,0,0,0,0,0,0,0,0,0,0,0,0,0,0,0,0,0,0,0,0,0,0,0,0,0,0,0,0,0,0,0,0,0,0,0,0,0,0,0,0,0,0,0,0,0,0,0,0,0,0,0,0,0,0,0,0,0,0,0,0,0,0,0,0,0,0,0,0,0,0,0,0,0,0,0,0,0,0,0,0,0,0,0,0,0,0,0,,1,85656848293046E-15,,0,0,0,0,0,0,0,0,0,0,0,0,1398,15,,10,1065447564154,130,026176820357,,,,,,,7,44915226356737E-05,,,,,,,0,151052254233449,,,,,0,611579539256805,,97,9821477378673,,,,41106,2857459996,,,
1150+C*,0,1623,150024,3913,32539585216,1137,26239988174,0,435,586088175448,44,0650622067293,52,3060228179779,9,81524729227337,6736,8815525307,12,9298697877441,223,566698922763,100,2,79151958794309,,,329,157627403291,,,55,9349377932707,47,6939771820221,367,118572563053,24442,1675695653,,,1,78955145324153E-15,1,46096449485162E-15,0,,,-47,7135060977979,,2,29956737074272E-06,1,96987570336732,5,30089078051561E-06,,,140,542197811095,84,3221390976638,,,,,0,0,0,0,0,0,0,0,0,0,0,0,0,0,0,0,0,0,0,0,0,0,0,0,0,0,0,0,0,0,0,0,0,0,0,0,0,0,0,0,0,0,0,0,0,0,0,0,0,0,0,0,0,0,0,0,0,0,0,0,0,0,0,0,0,0,0,0,0,0,0,0,0,0,0,0,0,0,0,0,0,0,0,0,0,0,0,0,0,0,0,0,0,0,0,0,0,0,,1,46096449485162E-15,,0,0,0,0,0,0,0,0,0,0,0,0,1523,15,,11,5596082303376,149,4642292156,,,,,,,0,000104681984547866,,,,,,,0,212271801999839,,,,,0,859444908803786,,100,,,,40795,9710033183,,,
