Name,Duri-2012
Created,26/03/2026 08:02:52
Cpt,Composition,Boiling Temperature,Molecular Weight,Standard Liquid Density,Acidity,Aniline Point,Assay - Aromatics Vol Pct,Assay - Aromatics Wt Pct,Asphaltene Content,Basic Nitrogen Content,C to H Ratio,Cloud Point,Conradson Carbon Content,Copper Content,Cetane Number,Flash Point,Freeze Point,MON (Clear),MON (Leaded),Assay - Naphthenes Vol Pct,Assay - Naphthenes Wt Pct,Nickel Content,Nitrogen Content,Assay - Olefins Vol Pct,Assay - Olefins Wt Pct,Assay - Paraffins Vol Pct,Assay - Paraffins Wt Pct,Pour Point,Refractive Index,Reid Vapour Pressure,RON (Clear),RON (Leaded),Smoke Point,Sulfur Content,Mercaptan Sulfur Content,Sodium Content,True Vapour Pressure,Vanadium Content,Iron Content,Luminometer Number,Viscosity @ 38C,Viscosity @ 50C,Viscosity @ 60C,Wax Content,Pi C6 22DMB Wt Pct,Pi C6 22DMB Vol Pct,Pi C6 23DMB Wt Pct,Pi C6 23DMB Vol Pct,Pi C6 2MP Wt Pct,Pi C6 2MP Vol Pct,Pi C6 3MP Wt Pct,Pi C6 3MP Vol Pct,Pi C7 22-mPentane Wt Pct,Pi C7 22-mPentane Vol Pct,Pi C7 24-mPentane Wt Pct,Pi C7 24-mPentane Vol Pct,Pi C7 223-mButane Wt Pct,Pi C7 223-mButane Vol Pct,Pi C7 33-mPentane Wt Pct,Pi C7 33-mPentane Vol Pct,Pi C7 23-mPentane Wt Pct,Pi C7 23-mPentane Vol Pct,Pi C7 2-mHexane Wt Pct,Pi C7 2-mHexane Vol Pct,Pi C7 3-mHexane Wt Pct,Pi C7 3-mHexane Vol Pct,Pi C7 3-ePentane Wt Pct,Pi C7 3-ePentane Vol Pct,Pi C6 Wt Pct,Pi C6 Vol Pct,Pi C7 Wt Pct,Pi C7 Vol Pct,Pi C8 Wt Pct,Pi C8 Vol Pct,Pi C9 Wt Pct,Pi C9 Vol Pct,Pi C10  Wt Pct,Pi C10  Vol Pct,Pi C11  Wt Pct,Pi C11  Vol Pct,Pn C6 Hexane Wt Pct,Pn C6 Hexane Vol Pct,Pn C7 Heptane Wt Pct,Pn C7 Heptane Vol Pct,Pn C8 Octane Wt Pct,Pn C8 Octane Vol Pct,Pn C9 Nonane Wt Pct,Pn C9 Nonane Vol Pct,Pn C10 Decane Wt Pct,Pn C10 Decane Vol Pct,Pn C11 n-C11 Wt Pct,Pn C11 n-C11 Vol Pct,On C6 Wt Pct,On C6 Vol Pct,On C7 Wt Pct,On C7 Vol Pct,On C8 Wt Pct,On C8 Vol Pct,On C9 Wt Pct,On C9 Vol Pct,On C10 Wt Pct,On C10 Vol Pct,On C11 Wt Pct,On C11 Vol Pct,A C6 Benzene Wt Pct,A C6 Benzene Vol Pct,A C7 Toluene Wt Pct,A C7 Toluene Vol Pct,A C8 m-Xylene Wt Pct,A C8 m-Xylene Vol Pct,A C8 o-Xylene Wt Pct,A C8 o-Xylene Vol Pct,A C8 p-Xylene Wt Pct,A C8 p-Xylene Vol Pct,A C8 EthBenz Wt Pct,A C8 EthBenz Vol Pct,N C6 cyc-C5 Wt Pct,N C6 cyc-C5 Vol Pct,N C6 cyc-C6 Wt Pct,N C6 cyc-C6 Vol Pct,A C8 Wt Pct,A C8 Vol Pct,A C9 Wt Pct,A C9 Vol Pct,A C10 Wt Pct,A C10 Vol Pct,A C11 Wt Pct,A C11 Vol Pct,N C6 Wt Pct,N C6 Vol Pct,N C7 Wt Pct,N C7 Vol Pct,N C8 Wt Pct,N C8 Vol Pct,N C9 Wt Pct,N C9 Vol Pct,N C10 Wt Pct,N C10 Vol Pct,N C11 Wt Pct,N C11 Vol Pct,Pi Wt Pct,Pi Vol Pct,Pn Wt Pct,Pn Vol Pct,Oi C6 Wt Pct,Oi C6 Vol Pct,Oi C7 Wt Pct,Oi C7 Vol Pct,Oi C8 Wt Pct,Oi C8 Vol Pct,Oi C9 Wt Pct,Oi C9 Vol Pct,Oi C10 Wt Pct,Oi C10 Vol Pct,Oi C11 Wt Pct,Oi C11 Vol Pct,Centroid Boiling Temperature,Viscosity @ 100C,Hydrogen,CarbonByWt,PValue,RamsCarbonResidueByWt,SulfideByWt,ZincByWt,TinByWt,ChromiumByWt,LeadByWt,AluminiumByWt,MagnesiumByWt,MetalByWt,ArsenicByWt,CadmiumByWt,MercuryByWt,NaClByWt,SaltByWt,MudByWt,ChloridesByWt,MolybdenumByWt,AshByWt,GumByWt,MicroCarbonResidueByWt,nC5InsolublesByWt,NaphthenicAcidByWt,NaphthenicAcidByVol,Gross Heating Value,Net Heating Value,Oxygen Content,
Hydrogen,0,20,5548,2,016000032,69,85910034,0,,0,0,0,0,0,13,9,0,0,,,13,9,10,,0,0,0,0,0,0,0,0,13,9,,,130,,,0,0,0,,0,0,,,,,0,,,,,,,,,,,,,,,,,,,,,,,,,,,,,,,,,,,,,,,,,,,,,,,,,,,,,,,,,,,,,,,,,,,,,,,,,,,,,,,,,,,,,,,,,,,,,,,,,0,0,0,0,,,,,,,,,,,,,,,100,0,,,,,,,,,,,,,,,,,,,,,0,,,,,,,
Nitrogen,0,77,3498,28,0135,806,3740234,0,,0,0,0,0,0,63,1,0,0,,,63,1,,,0,0,0,0,0,0,0,0,63,1,,,,,,0,0,0,,0,0,,,,,0,,,,,,,,,,,,,,,,,,,,,,,,,,,,,,,,,,,,,,,,,,,,,,,,,,,,,,,,,,,,,,,,,,,,,,,,,,,,,,,,,,,,,,,,,,,,,,,,,0,0,0,0,,,,,,,,,,,,,,,0,0,,,,,,,,,,,,,,,,,,,,,0,,,,,,,
CO,0,81,6996,28,0109005,799,3880005,0,,0,0,0,0,0,68,2,0,0,,,68,2,,,0,0,0,0,0,0,0,0,68,2,,,120,,,0,0,0,,0,0,,,,,0,,,,,,,,,,,,,,,,,,,,,,,,,,,,,,,,,,,,,,,,,,,,,,,,,,,,,,,,,,,,,,,,,,,,,,,,,,,,,,,,,,,,,,,,,,,,,,,,,0,0,0,0,,,,,,,,,,,,,,,0,0,,,,,,,,,,,,,,,,,,,,,0,,,,,,,
Oxygen,0,90,1996,32,1137,680054,0,,0,0,0,0,0,54,4,0,0,,,54,4,,,0,0,0,0,0,0,0,0,54,4,,,120,,,0,0,0,,0,0,,,,,0,,,,,,,,,,,,,,,,,,,,,,,,,,,,,,,,,,,,,,,,,,,,,,,,,,,,,,,,,,,,,,,,,,,,,,,,,,,,,,,,,,,,,,,,,,,,,,,,,0,0,0,0,,,,,,,,,,,,,,,0,0,,,,,,,,,,,,,,,,,,,,,0,,,,,,,
Methane,9,96868611130007E-05,111,625,16,04290009,299,3940125,0,,0,0,0,0,3,90,4,0,0,,85,15,90,4,,,0,0,0,0,0,0,100,100,90,4,,,120,,,0,0,0,,0,0,,,,,0,,,,,,,,,,,,,,,,,,,,,,,,,,,,,,,,,,,,,,,,,,,,,,,,,,,,,,,,,,,,,,,,,,,,,,,,,,,,,,,,,,,,,,,,,,,,,,,,,0,0,100,100,,,,,,,,,,,,,,,25,13516209,75,,,,,,,,,,,,,,,,,,,,,0,,,,,,,
Ethylene,0,169,399,28,05380058,383,2260132,0,,0,0,0,0,6,104,0,0,,137,15,104,75,6,,0,0,0,0,100,100,0,0,104,,,100,51,,,0,0,0,,0,0,,,,,0,,,,,,,,,,,,,,,,,,,,,,,,,,,,,,,,,,,,,,,,,,,,,,,,,,,,,,,,,,,,,,,,,,,,,,,,,,,,,,,,,,,,,,,,,,,,,,,,,0,0,0,0,,,,,,,,,,,,,,,14,34761566,85,71428571,,,,,,,,,,,,,,,,,,,,,0,,,,,,,
Ethane,0,000753055311486202,184,55,30,06990051,355,6830139,0,,0,0,0,0,4,90,4,0,0,,138,15,90,4,100,79,,0,0,0,0,0,0,100,100,90,4,,,111,38,,,0,0,0,,0,0,,,,,0,,,,,,,,,,,,,,,,,,,,,,,,,,,,,,,,,,,,,,,,,,,,,,,,,,,,,,,,,,,,,,,,,,,,,,,,,,,,,,,,,,,,,,,,,,,,,,,,,0,0,100,100,,,,,,,,,,,,,,,20,11147323,80,,,,,,,,,,,,,,,,,,,,,0,,,,,,,
CO2,0,194,598,44,00970078,825,335022,0,,0,0,0,0,0,217,0,0,,,217,,,0,0,0,0,0,0,0,0,217,,,,,,0,0,0,,0,0,,,,,0,,,,,,,,,,,,,,,,,,,,,,,,,,,,,,,,,,,,,,,,,,,,,,,,,,,,,,,,,,,,,,,,,,,,,,,,,,,,,,,,,,,,,,,,,,,,,,,,,0,0,0,0,,,,,,,,,,,,,,,0,0,,,,,,,,,,,,,,,,,,,,,0,,,,,,,
H2S,0,213,498,34,07600021,788,40802,0,,0,0,0,0,0,188,0,0,,,188,,,0,0,0,0,0,0,0,0,188,,2759,,,,94,1177,0,0,,0,0,,,,,0,,,,,,,,,,,,,,,,,,,,,,,,,,,,,,,,,,,,,,,,,,,,,,,,,,,,,,,,,,,,,,,,,,,,,,,,,,,,,,,,,,,,,,,,,,,,,,,,,0,0,0,0,,,,,,,,,,,,,,,5,911554252,0,,,,,,,,,,,,,,,,,,,,,0,,,,,,,
Propene,0,225,399,42,08060074,520,9550171,0,,0,0,0,0,6,87,9,0,0,,165,87,9,84,9,,0,0,0,0,100,100,0,0,87,9,,1565,102,54,,,0,0,0,,0,0,,,,,0,,,,,,,,,,,,,,,,,,,,,,,,,,,,,,,,,,,,,,,,,,,,,,,,,,,,,,,,,,,,,,,,,,,,,,,,,,,,,,,,,,,,,,,,,,,,,,,,,0,0,0,0,,,,,,,,,,,,,,,14,36465558,85,71428571,,,,,,,,,,,,,,,,,,,,,0,,,,,,,
Propane,0,00254510535990737,231,048,44,09700012,506,678009,0,,0,0,0,0,4,5,85,5,0,0,,169,15,85,5,97,1,,0,0,0,0,0,0,100,100,85,5,,1303,112,14,,,0,0,0,,0,0,,,,,0,,,,,,,,,,,,,,,,,,,,,,,,,,,,,,,,,,,,,,,,,,,,,,,,,,,,,,,,,,,,,,,,,,,,,,,,,,,,,,,,,,,,,,,,,,,,,,,,,0,0,100,100,,,,,,,,,,,,,,,18,28426304,81,81818182,,,,,,,,,,,,,,,,,,,,,0,,,,,,,
i-Butane,0,00493068778569259,261,42,58,12400055,561,9660034,0,380,85,0,0,0,0,4,8,114,0,0,,190,15,114,97,6,,0,0,0,0,0,0,100,100,114,,489,6,101,426,,,0,0,0,,0,0,,,,,0,,,,,,,,,,,,,,,,,,,,,,,,,,,,,,,,,,,,,,,,,,,,,,,,,,,,,,,,,,,,,,,,,,,,,,,,,,,,,,,,,,,,,,,,,,,,,,,,,100,100,0,0,,,,,,,,,,,,,,,17,34802065,82,75862069,,,,,,,,,,,,,,,,,,,,,0,,,,,,,
i-Butene,0,266,299,56,10770035,592,7930298,0,286,7055556,0,0,0,0,6,133,0,0,,193,15,133,88,1,,0,0,0,0,100,100,0,0,133,,442,7,105,2096138,,,0,0,0,,0,0,,,,,0,,,,,,,,,,,,,,,,,,,,,,,,,,,,,,,,,,,,,,,,,,,,,,,,,,,,,,,,,,,,,,,,,,,,,,,,,,,,,,,,,,,,,,,,,,,,,,,,,0,0,0,0,,,,,,,,,,,,,,,14,37319073,85,71428571,,,,,,,,,,,,,,,,,,,,,0,,,,,,,
1-Butene,0,266,898,56,10770035,593,7890015,0,,0,0,0,0,6,87,8,0,0,,193,15,87,8,80,8,,0,0,0,0,100,100,0,0,87,8,,432,97,4,,,0,0,0,,0,0,,0,236064836133691,0,219972008704656,0,208210021632581,0,,,,,,,,,,,,,,,,,,,,,,,,,,,,,,,,,,,,,,,,,,,,,,,,,,,,,,,,,,,,,,,,,,,,,,,,,,,,,,,,,,,,,,,,,,,,,,,,,0,0,0,0,,,,,,,,,,,,,,,14,37319073,85,71428571,,,,,,,,,,,,,,,,,,,,,0,,,,,,,
13-Butadiene,0,268,7,54,1,619,7440186,0,,0,0,0,0,8,164,0,0,,197,15,164,73,94513286,,0,0,0,0,100,100,0,0,164,,409,6,102,9723045,,,0,0,0,,0,0,,,,,0,,,,,,,,,,,,,,,,,,,,,,,,,,,,,,,,,,,,,,,,,,,,,,,,,,,,,,,,,,,,,,,,,,,,,,,,,,,,,,,,,,,,,,,,,,,,,,,,,0,0,0,0,,,,,,,,,,,,,,,11,17841035,88,88888889,,,,,,,,,,,,,,,,,,,,,0,,,,,,,
n-Butane,0,00377535899068572,272,648,58,12400055,583,2230225,0,356,35,0,0,0,0,4,8,135,0,0,,213,15,135,89,6,,0,0,0,0,0,0,100,100,135,,358,5,93,8,,,0,0,0,,0,0,,0,241514675581771,0,217701202498228,,0,,,,,,,,,,,,,,,,,,,,,,,,,,,,,,,,,,,,,,,,,,,,,,,,,,,,,,,,,,,,,,,,,,,,,,,,,,,,,,,,,,,,,,,,,,,,,,,,,0,0,100,100,,,,,,,,,,,,,,,17,34802065,82,75862069,,,,,,,,,,,,,,,,,,,,,0,,,,,,,
tr2-Butene,0,274,027,56,1,608,684021,0,,0,0,0,0,6,168,0,0,,201,168,83,84306902,,0,0,0,0,100,100,0,0,168,,343,9,105,0089318,,,0,0,0,,0,0,,,,,0,,,,,,,,,,,,,,,,,,,,,,,,,,,,,,,,,,,,,,,,,,,,,,,,,,,,,,,,,,,,,,,,,,,,,,,,,,,,,,,,,,,,,,,,,,,,,,,,,0,0,0,0,,,,,,,,,,,,,,,14,37319073,85,71428571,,,,,,,,,,,,,,,,,,,,,0,,,,,,,
i-Pentane,0,00017367907816313,301,028,72,15100098,623,4420166,0,343,95,0,0,0,0,5,113,0,0,,217,113,90,3,,0,0,0,0,0,0,100,100,113,,133,8,92,3,,,0,0,0,,0,0,,,,,0,,,,,,,,,,,,,,,,,,,,,,,,,,,,,,,,,,,,,,,,,,,,,,,,,,,,,,,,,,,,,,,,,,,,,,,,,,,,,,,,,,,,,,,,,,,,,,,,,100,100,0,0,,,,,,,,,,,,,,,16,75213296,83,33333333,,,,,,,,,,,,,,,,,,,,,0,,,,,,,
1-Pentene,0,303,096,70,13500214,638,7230225,0,292,25,0,0,0,0,6,108,0,0,,245,108,77,1,,0,0,0,0,100,100,0,0,108,,131,8,90,9,,,0,0,0,,0,0,,,,,0,,,,,,,,,,,,,,,,,,,,,,,,,,,,,,,,,,,,,,,,,,,,,,,,,,,,,,,,,,,,,,,,,,,,,,,,,,,,,,,,,,,,,,,,,,,,,,,,,0,0,0,0,,,,,,,,,,,,,,,14,37831669,85,71428571,,,,,,,,,,,,,,,,,,,,,0,,,,,,,
2M-1-butene,0,304,303,70,1,654,3800049,0,,0,0,0,0,6,136,0,0,,221,136,81,9,,0,0,0,0,100,100,0,0,136,,127,2,102,54,,,0,0,0,,0,0,,,,,0,,,,,,,,,,,,,,,,,,,,,,,,,,,,,,,,,,,,,,,,,,,,,,,,,,,,,,,,,,,,,,,,,,,,,,,,,,,,,,,,,,,,,,,,,,,,,,,,,0,0,0,0,,,,,,,,,,,,,,,14,37831669,85,71428571,,,,,,,,,,,,,,,,,,,,,0,,,,,,,
n-Pentane,0,309,209,72,15100098,629,7290039,0,343,95,0,0,0,0,5,143,0,0,,233,143,61,9,,0,0,0,0,0,0,100,100,143,,101,35,61,7,,,0,0,0,,0,0,,0,317713556013358,0,28795065870348,0,265338970196147,0,,,,,,,,,,,,,,,,,,,,,,,,,,,,,,,,,,,,,,,,,,,,,,,,,,,,,,,,,,,,,,,,,,,,,,,,,,,,,,,,,,,,,,,,,,,,,,,,,0,0,100,100,,,,,,,,,,,,,,,16,75213296,83,33333333,,,,,,,,,,,,,,,,,,,,,0,,,,,,,
cis2-Butene,0,276,867,56,1,625,9530029,0,,0,0,0,0,6,134,0,0,,203,134,83,5,,0,0,0,0,100,100,0,0,134,,314,4,100,,,0,0,0,,0,0,,,,,0,,,,,,,,,,,,,,,,,,,,,,,,,,,,,,,,,,,,,,,,,,,,,,,,,,,,,,,,,,,,,,,,,,,,,,,,,,,,,,,,,,,,,,,,,,,,,,,,,0,0,0,0,,,,,,,,,,,,,,,14,37319073,85,71428571,,,,,,,,,,,,,,,,,,,,,0,,,,,,,
3M-1-butene,0,293,204,70,1,631,2700195,0,,0,0,0,0,6,105,0,0,,217,105,85,26729455,,0,0,0,0,100,100,0,0,105,,190,101,6748769,,,0,0,0,,0,0,,,,,0,,,,,,,,,,,,,,,,,,,,,,,,,,,,,,,,,,,,,,,,,,,,,,,,,,,,,,,,,,,,,,,,,,,,,,,,,,,,,,,,,,,,,,,,,,,,,,,,,0,0,0,0,,,,,,,,,,,,,,,14,37831669,85,71428571,,,,,,,,,,,,,,,,,,,,,0,,,,,,,
2M-2-butene,0,311,704,70,1,666,1090088,0,406,15,0,0,0,0,6,139,0,0,,228,139,84,7,,0,0,0,0,100,100,0,0,139,,98,11,97,3,,,0,0,0,,0,0,,,,,0,,,,,,,,,,,,,,,,,,,,,,,,,,,,,,,,,,,,,,,,,,,,,,,,,,,,,,,,,,,,,,,,,,,,,,,,,,,,,,,,,,,,,,,,,,,,,,,,,0,0,0,0,,,,,,,,,,,,,,,14,37831669,85,71428571,,,,,,,,,,,,,,,,,,,,,0,,,,,,,
2M-13-C4==,0,307,204,68,1,684,8460083,0,,0,0,0,0,7,5,127,0,0,,219,127,81,,0,0,0,0,100,100,0,0,127,,118,6,99,1,,,0,0,0,,0,0,,,,,0,,,,,,,,,,,,,,,,,,,,,,,,,,,,,,,,,,,,,,,,,,,,,,,,,,,,,,,,,,,,,,,,,,,,,,,,,,,,,,,,,,,,,,,,,,,,,,,,,0,0,0,0,,,,,,,,,,,,,,,11,8404699,88,23529412,,,,,,,,,,,,,,,,,,,,,0,,,,,,,
tr2-Pentene,0,309,493,70,1,652,2630005,0,404,4833333,0,0,0,0,6,133,0,0,,225,133,85,14880659,,0,0,0,0,100,100,0,0,133,,106,7,100,3776273,,,0,0,0,,0,0,,,,,0,,,,,,,,,,,,,,,,,,,,,,,,,,,,,,,,,,,,,,,,,,,,,,,,,,,,,,,,,,,,,,,,,,,,,,,,,,,,,,,,,,,,,,,,,,,,,,,,,0,0,0,0,,,,,,,,,,,,,,,14,37831669,85,71428571,,,,,,,,,,,,,,,,,,,,,0,,,,,,,
cis2-Pentene,0,310,083,70,1,659,5750122,0,403,9277778,0,0,0,0,6,122,0,0,,226,122,85,14880659,,0,0,0,0,100,100,0,0,122,,104,4,100,3776273,,,0,0,0,,0,0,,,,,0,,,,,,,,,,,,,,,,,,,,,,,,,,,,,,,,,,,,,,,,,,,,,,,,,,,,,,,,,,,,,,,,,,,,,,,,,,,,,,,,,,,,,,,,,,,,,,,,,0,0,0,0,,,,,,,,,,,,,,,14,37831669,85,71428571,,,,,,,,,,,,,,,,,,,,,0,,,,,,,
Cyclopentane,0,322,398,70,13500214,748,8740234,0,289,95,0,0,0,0,6,179,0,0,,233,179,84,9,,100,100,0,0,0,0,0,0,179,,41,7,101,426,,,0,0,0,,0,0,,0,483269667509962,0,429891392256475,,0,,,,,,,,,,,,,,,,,,,,,,,,,,,,,,,,,,,,,,,,,,,,,,,,,,,,,,,,,,,,,,,,,,,,,,,,,,,,,,,,,,,,,,,,,,,,,,,,,0,0,0,0,,,,,,,,,,,,,,,14,37831669,85,71428571,,,,,,,,,,,,,,,,,,,,,0,,,,,,,
Cyclopentene,0,317,38,68,1,776,5159912,0,458,3722222,0,0,0,0,7,5,138,0,0,,244,138,69,7,,100,100,0,0,0,0,0,0,138,,81,04,93,3,,,0,0,0,,0,0,,,,,0,,,,,,,,,,,,,,,,,,,,,,,,,,,,,,,,,,,,,,,,,,,,,,,,,,,,,,,,,,,,,,,,,,,,,,,,,,,,,,,,,,,,,,,,,,,,,,,,,0,0,0,0,,,,,,,,,,,,,,,11,8404699,88,23529412,,,,,,,,,,,,,,,,,,,,,0,,,,,,,
22-Mpropane,0,282,648,72,2,595,5930176,0,291,7055556,0,0,0,0,5,257,0,0,,225,257,80,2,,0,0,0,0,0,0,100,100,257,,251,8,85,5,,,0,0,0,,0,0,,,,,0,,,,,,,,,,,,,,,,,,,,,,,,,,,,,,,,,,,,,,,,,,,,,,,,,,,,,,,,,,,,,,,,,,,,,,,,,,,,,,,,,,,,,,,,,,,,,,,,,100,100,0,0,,,,,,,,,,,,,,,16,75213296,83,33333333,,,,,,,,,,,,,,,,,,,,,0,,,,,,,
33M-1-butene,0,314,397,84,16,657,1190186,0,,0,0,0,0,6,,0,0,,241,15,157,95,93,3,,0,0,0,0,100,100,0,0,,,91,82,111,77,,,0,0,0,,0,0,,,,,0,,,,,,,,,,,,,,,,,,,,,,,,,,,,,,,,,,,,,,,,,,,,,,,,,,,,,,,,,,,,,,,,,,,,,,,,,,,,,,,,,,,,,,,,,,,,,,,,,0,0,0,0,,,,,,,,,,,,,,,14,3716,85,71428571,,,,,,,,,,,,,,,,,,,,,0,,,,,,,
H2O,0,373,148,18,01510048,997,9860229,0,,0,0,0,0,0,,0,0,,,,,,0,0,0,0,0,0,0,0,,,,,,,0,0,0,,0,0,,0,698140124178851,0,560124358458913,0,474686748589316,0,,,,,,,,,,,,,,,,,,,,,,,,,,,,,,,,,,,,,,,,,,,,,,,,,,,,,,,,,,,,,,,,,,,,,,,,,,,,,,,,,,,,,,,,,,,,,,,,,0,0,0,0,,,,,,,,,,,,,,0,279783740086422,11,18972388,0,,,,,,,,,,,,,,,,,,,,,0,,,,,,,
36-40C*,0,000741347807487097,313,149994,105,930483975525,636,831133111529,0,000430233915982655,337,645886108202,0,0,1,12917874331159E-08,0,00237365100263435,5,26401894192602,132,266242458046,0,1,72505589342659E-08,34,9123292100504,237,452880911821,137,480337617691,73,8864609684098,82,6435521684098,7,59929855356214,3,72850460146115,0,233736412295654,0,00313000084879487,0,0,92,4007014464379,96,2714953985388,127,65459978571,1,35905728820199,69,771486719745,77,0174140190547,85,7745052190547,111,215122905857,0,00558397677252772,0,000828385062249697,5,63743756021762E-14,94,1972145768408,0,00723065193775024,0,0168202634636679,193,980747768889,0,458737228141784,0,420104816864678,0,388555283262998,0,00847703362929911,0,0,0,0,0,0,0,0,0,0,0,0,0,0,0,0,0,0,0,0,0,0,0,0,0,0,0,0,0,0,0,0,0,0,0,0,0,0,0,0,0,0,0,0,0,0,0,0,0,0,0,0,0,0,0,0,0,0,0,0,0,0,0,0,0,0,0,0,0,0,0,0,0,0,0,0,0,0,0,0,0,0,0,0,0,0,0,0,0,0,0,0,0,0,0,0,0,0,96,2714953985388,92,4007014464379,0,0,0,0,0,0,0,0,0,0,0,0,311,149997,0,303176977650331,16,6895712457956,87,4037236289517,0,0,00392125452568398,0,0,0,0,3,38246253613057E-13,0,0,0,0,0,0,1,87914622923504E-12,0,0,0,0,3,10059065811969E-12,0,0,0,0,0,51244,3773637678,44856,5446220171,0,
40-50C*,0,00204661292665847,323,149994,106,421621308905,648,021666055911,0,000442784154622877,343,50784055562,0,0,5,08130434490215E-08,0,00336072486052924,5,18957809288704,137,333944888981,0,7,76275152041966E-08,36,2645249083571,241,95145889631,141,945587561317,72,5203365765188,81,2774277765187,8,58891698194817,4,19412090923512,0,262244722464688,0,00353760511634657,0,0,91,4110830180518,95,8058790907649,130,344680405624,1,36431042772679,53,8534496241554,74,3061149809805,83,0632061809805,79,4638004407933,0,00631114998184751,0,000952372720960002,2,53684690209793E-13,66,689087343625,0,00811255846716583,0,0188717935750336,161,405821489207,0,475890685856808,0,434120780786511,0,401094802092501,0,00951095856056617,99,8800671385949,99,895474994689,0,0,0,0,0,0,0,0,0,0,0,0,0,0,0,0,0,0,0,0,0,0,99,8800671385949,99,895474994689,0,0,0,0,0,0,0,0,0,0,0,0,0,0,0,0,0,0,0,0,0,0,0,0,0,0,0,0,0,0,0,0,0,0,0,0,0,0,0,0,0,0,0,0,0,0,0,0,0,0,0,0,0,0,0,0,0,0,0,0,0,0,0,0,0,0,0,0,0,0,95,8058790907649,91,4110830180518,0,0,0,0,0,0,0,0,0,0,0,0,0,0,318,15,0,311246917580749,16,5064259603676,84,8414701296477,0,0,00432835065088414,0,0,0,0,1,52210814125876E-12,0,0,0,0,0,0,8,45615803155769E-12,0,0,0,0,1,39526579615386E-11,0,0,0,0,0,51142,5752770907,44737,6479097966,0,
50-60C*,0,00235064116432151,333,149994,107,142198979555,664,05508956497,0,00046071306696605,351,882061194787,0,0,1,07271980614601E-07,0,00391390208077797,5,1410289230872,143,64499915098,0,1,63880309875526E-07,37,0604496717375,246,919469649669,148,256641823316,70,5680259489523,79,3251171489523,10,0026575939282,12,468691576311,0,302970879849023,0,0041198969271347,0,0,89,9973424060718,87,531308423689,133,847581546954,1,37200702258895,40,4588243352976,70,4328306408746,79,1899218408746,34,104768347845,0,00712659203478162,0,0011407649417384,5,35556568220674E-13,46,9073840140768,0,00937242493775953,0,0218025508769846,78,4946416284399,0,502503649428469,0,455806692806986,0,42050100583906,0,0109879941766619,46,2934258110032,46,5551949644816,18,4382931847607,18,1912254606953,35,2588624462693,35,2453258825248,3,17711544867397E-09,3,12273133392843E-09,0,0,0,0,0,0,0,0,0,0,0,0,0,0,0,0,99,9905814452104,99,9917463108244,0,0,0,0,0,0,0,0,0,0,0,0,0,0,0,0,0,0,0,0,0,0,0,0,0,0,0,0,0,0,0,0,0,0,0,0,0,0,0,0,0,0,0,0,0,0,0,0,0,0,0,0,0,0,0,0,0,0,0,0,0,0,0,0,0,0,0,0,0,0,87,531308423689,89,9973424060718,0,0,0,0,0,0,0,0,0,0,0,0,0,0,328,15,0,323781390615576,16,2341936720873,82,6210037934923,0,0,00487593321992509,0,0,0,0,3,21333940932404E-12,0,0,0,0,0,0,1,78518891777329E-11,0,0,0,0,2,9455611252137E-11,0,0,0,0,0,51127,4518675506,44574,2804648305,0,
60-70C*,0,00269160362081058,343,149994,107,932090444658,680,032874455655,0,00493886932907375,349,673937995983,0,780159163729584,0,983726206118206,1,6373091778018E-07,0,00911370757637614,5,13972993318541,149,864862133066,0,2,50133104546856E-07,36,9658619520266,252,357995291657,154,476504805403,68,6165500610347,77,3736412610347,16,1888977785502,20,4105891939795,0,343697037233357,0,00959337639618541,0,0,83,0309430577202,78,6056845999023,137,025471866477,1,37988176246938,29,583538417411,69,2275776800718,77,9846688800718,23,32380107315,0,00963848952595448,0,00134241244963373,8,17428446231554E-13,32,7730229688828,0,0106322914083532,0,0247333081789355,52,4937205855098,0,531854609701302,0,479645426330038,0,4418330103748,0,0124650297927577,0,0,0,000108262927074995,0,000107858128540882,18,4695936385137,18,6432854763376,23,2805356183884,23,1060904056606,0,0,0,0,0,0,0,0,0,0,0,0,0,0,0,0,41,7502375198292,41,7494837401267,0,0,0,0,0,0,0,0,0,0,58,2435743672329,58,2450636134684,0,0,0,0,0,0,0,0,0,0,0,0,0,0,0,0,0,0,0,0,0,0,0,0,0,0,0,0,0,0,0,0,0,0,0,00618811293790616,0,00545264640487571,0,0,0,0,0,0,0,0,0,0,0,00618811293790616,0,00545264640487571,0,0,0,0,0,0,0,0,0,0,32,8200909688425,34,666880333561,45,7855936310598,48,3640627241592,0,0,0,0,0,0,0,0,0,0,0,0,338,15,0,337600518358474,15,9540115434343,80,9252291043638,0,0,00538686206598031,0,0,0,0,4,90457067738933E-12,0,0,0,0,0,0,2,72476203239081E-11,0,0,0,0,4,49585645427355E-11,0,0,0,0,0,50453,5539204801,44419,1434462812,0,
70-80C*,0,00307374289787432,353,149994,108,741220626783,695,831830270649,0,0109725726739004,343,775120849403,1,58691300199863,1,97911781691686,2,2018985494576E-07,0,0159340692659497,5,1815490947136,155,989442514491,0,3,36385899218185E-07,36,3316250589368,261,223747297896,160,601085186828,66,667757124711,75,424848324711,24,9151409766709,28,5632437931608,0,384423194617691,0,0167727044904733,0,0,73,4979460213305,69,4576383899224,139,961765709675,1,38787376232184,21,0531384732705,68,9528262617289,77,7099174617288,24,6022656695545,0,0123628556939668,0,001557315244646,1,09930032424243E-12,22,7403242732689,0,0118921578789469,0,0276640654808865,55,703394048506,0,564267353328303,0,50588214294999,0,465301630298271,0,0139420654088535,0,0,0,0,0,0,0,0,4,56273637372164,5,06364862586763,1,35843920180486,1,50974081824391,0,0,0,0,0,0,0,0,0,0,0,0,0,0,5,9211755755265,6,57338944411155,0,0,0,0,0,0,0,0,0,671675735226942,0,761502485209217,0,0,0,0,0,0,0,0,0,0,0,0,0,0,0,0,0,0,0,0,0,0,3,40955369892481,2,90362446743757,0,0,0,0,0,0,0,0,0,0,86,2408381636746,86,1514584362079,3,75675682664712,3,61002516703371,0,0,0,0,0,0,0,0,89,9975949903217,89,7614836032417,0,0,0,0,0,0,0,0,0,0,62,3813358716806,65,8674493361259,7,07630251824178,7,6304966852046,0,0,0,0,0,0,0,0,0,0,0,0,348,15,0,352826466884525,15,6708976161389,80,0586354824599,0,0,0058648334760619,0,0,0,0,6,59580194545461E-12,0,0,0,0,0,0,3,66433514700833E-11,0,0,0,0,6,04615178333339E-11,0,0,0,0,0,49729,9515570932,44272,7481665962,0,
80-90C*,0,00503787896547059,363,149994,109,550350808908,711,328766552635,0,017006276018727,337,876303702823,2,57989595305874,3,19005138895197,2,76648792111339E-07,0,0227544309555232,5,26232239620668,162,01660192901,0,4,22638693889515E-07,35,4047791023715,268,141955218325,166,628244601346,64,7234953519259,73,4805865519259,33,8370488088267,36,6991662399593,0,425149352002026,0,0239520325847613,0,0,63,5830552381146,60,1107823710887,142,739877422033,1,39591379233835,14,4139823059403,68,6780748433859,77,4351660433859,25,880730265959,0,0138387957789475,0,00178547332677519,1,38117220225332E-12,15,6673092791443,0,0131520243495406,0,0305948227828374,58,8790704996376,0,600112286957265,0,534795865790154,0,491145113928924,0,0154191010249493,0,0,0,0,0,0,0,0,0,130259172997623,0,143773281811089,3,59480482899116,3,97346317300936,0,0,0,0,5,44058436356393,5,82368964321401,14,0776543302874,15,4339224043197,0,00261869261519969,0,00283495578493441,2,89539938194191E-12,3,08548259134945E-12,0,0,23,2459213884582,25,3776834581422,0,0,0,0,0,0,0,0,0,0,0,0,0,0,0,0,0,0,0,0,0,0,0,0,0,0,0,0,0,0,0,0,2,31928712291691,1,964396329522,0,0,0,0,0,0,0,0,0,0,0,0,24,7289518895337,23,6338535282052,0,0,0,0,0,0,0,0,24,7289518895337,23,6338535282052,49,7058395990912,49,0240666841306,0,0,0,0,0,0,0,0,60,1107823710887,63,5830552381146,0,0,0,0,0,0,0,0,0,0,0,0,0,0,358,15,0,369593048304457,15,3898699319309,79,9114996174944,0,0,00631354373718193,0,0,0,0,8,2870332135199E-12,0,0,0,0,0,0,4,60390826162585E-11,0,0,0,0,7,59644711239324E-11,0,0,0,0,0,48984,988063554,44135,469177482,0,
90-100C*,0,00660937792134595,373,149994,110,359480991033,726,400492844297,0,0230399793635537,331,977486556244,3,63248935603611,4,45521708634802,3,33107729276919E-07,0,0295747926450967,5,37763982070054,167,946053609859,0,5,08891488560844E-07,34,362912819954,275,043226968107,172,557696282195,62,0334739689781,70,790565168978,42,7072927474383,44,7860838607228,0,46587550938636,0,0311313606790492,0,0,53,6602178965256,50,7586990529292,145,443221349037,1,40392443270532,9,13786851802737,68,403323425043,77,160414625043,27,1591948623634,0,0165645803267993,0,00202688669602132,1,6630440802642E-12,10,7156648150324,0,0144118908201343,0,0335255800847884,62,0207499389046,0,639814615913594,0,56670518893884,0,519633495194777,0,0168961366410451,0,0,0,0,0,0,0,0,0,0,0,0,0,0,0,0,2,6549890864624,2,62093861528597,16,4196245266304,16,6016277978072,23,6616107622044,23,6236776560662,1,51540212970889,1,48930604458388,0,0,44,2516265050061,44,3355501137433,0,0,0,0,0,0,0,0,0,0,53,330541415973,53,507466033021,0,0,0,0,0,0,0,0,0,0,0,0,0,0,0,0,0,0,0,0,0,0,0,0,0,0,0,0,0,0,0,0,0,0,0,0,0,0,0,0,0,0,0,0,0,0,2,41783207902091,2,15698385323571,0,0,0,0,0,0,0,0,23,0180886551848,24,315023936887,27,7406103977443,29,3451939596386,0,0,0,0,0,0,0,0,0,0,0,0,368,15,0,388046990639688,15,1159465325405,80,3813486676233,0,0,00673668913635251,0,0,0,0,9,97826448158518E-12,0,0,0,0,0,0,5,54348137624338E-11,0,0,0,0,9,14674244145308E-11,0,0,0,0,0,48247,0067260264,44007,5754088605,0,
100-110C*,0,00853339365458416,383,149994,111,168611173158,740,92381868832,0,0290736827083803,326,078669409664,4,74469321093074,5,75420953083591,3,89566666442498E-07,0,0363951543346702,5,52260797387682,173,779259887147,0,5,95144283232174E-07,33,3359830971434,281,929104575811,178,390902559483,61,6080971303985,70,3651883303985,51,1519256040527,52,6439476743001,0,506601666770695,0,0383106887733371,0,0,44,1033811850166,41,601842794864,148,15521183617,1,41182044961143,6,76320973666146,68,1285720067,76,8856632067,28,4376594587679,0,0195345565245494,0,00228155535238438,1,94491595827508E-12,7,27405367643317,0,015671757290728,0,0364563373867393,65,128432366307,0,683864211940589,0,601975127144489,0,551073762527016,0,0183731722571409,0,0,0,0,0,0,0,0,0,0,0,0,0,0,0,0,0,0,0,0,0,0,0,0,0,0,0,0,0,0,0,0,0,0,0,0,0,0,0,055159904308877,0,062091687439858,0,0,0,0,0,0,0,0,0,0,0,0,0,0,0,0,0,0,0,0,0,0,1,11510543392062,0,990887715394263,0,0,0,0,0,0,0,0,0,0,0,0,0,0,0,0,0,0,0,0,0,0,98,8297346617705,98,9470205971659,0,0,0,0,0,0,0,0,41,5466828905552,44,0412894975767,0,055159904308877,0,062091687439858,0,0,0,0,0,0,0,0,0,0,0,0,378,15,0,408349371224936,14,8541454596979,81,3676922704655,0,0,00713796596058571,0,0,0,0,1,16694957496505E-11,0,0,0,0,0,0,6,4830544908609E-11,0,0,0,0,1,06970377705129E-10,0,0,0,0,0,47544,3508306744,43889,2578274882,0,
110-120C*,0,0107682050197779,393,149994,111,169495363461,754,775553627386,0,035107386053207,320,179852263084,5,91650751774263,6,70684825789781,4,46025603608077E-07,0,037847409026692,5,69161713611604,179,519330636159,0,6,81397077903503E-07,32,4208881227288,288,800875057926,184,130973308495,61,1927960911926,69,9498872911926,58,7970001902166,61,9250280266972,0,547327824155029,0,0398393779228337,0,0,35,2864922920408,31,368123715405,150,959263228917,1,4195094309605,6,50296821002538,67,8538205883571,76,6109117883571,29,7161240551724,0,0227487243721978,0,00254947929586438,2,22678783628596E-12,4,89968911879822,0,0169316237613217,0,0393870946886903,68,2021177818447,0,732827568945271,0,641025367588159,0,585816020048807,0,0198502078732367,0,0,0,0,0,0,0,0,0,0,0,0,0,0,0,0,0,0,0,0,0,0,0,0,0,0,0,0,33,7473222221969,36,384393812069,0,0,0,0,0,0,0,0,0,0,0,0,0,0,0,0,0,0,0,0,0,0,0,0,0,0,0,0,0,0,0,0,7,42111711980685,6,50005377174606,0,0,0,0,0,0,0,0,0,0,0,0,0,0,0,0,0,0,0,0,0,0,0,0,58,8315606579963,57,1155524161849,0,0,0,0,0,0,31,368123715405,35,2864922920408,0,0,0,0,0,0,0,0,0,0,0,0,0,0,388,15,0,430677235232931,14,609484755133,82,7672057696002,0,0,00752107049689364,0,0,0,0,1,33607270177157E-11,0,0,0,0,0,0,7,42262760547842E-11,0,0,0,0,1,22473330995728E-10,0,0,0,0,0,46905,3636636618,43780,6538629385,0,
120-130C*,0,0129715726372621,403,149994,113,73888604087,767,52563701892,0,0538856290751802,316,044795796204,7,17377515687421,8,36355664944717,5,02484540773657E-07,0,0541278598958848,5,87215717439879,185,188344573297,0,7,67649872574833E-07,31,8284363296749,295,659628714321,189,799987245633,60,7940230006093,69,5511142006093,63,8102484711941,64,8960358555126,0,588053981539363,0,0569766946272471,0,0,29,0159763719317,26,7404074950403,154,123253052037,1,42672469630865,6,24778515459541,65,9857189049003,74,7428101049003,30,2649540808425,0,0252928638177744,0,00265087062053429,2,50865971429684E-12,3,27410946973025,0,0181914902319154,0,0423178519906413,69,5111853958937,0,788461301234417,0,685347492428099,0,624782069759199,0,0213272434893325,0,0,0,0,0,0,0,0,0,0,0,0,0,0,0,0,0,0,0,0,0,0,0,0,0,0,0,0,9,10508411492414E-05,9,53467905494785E-05,0,0,0,0,0,0,0,0,0,0,58,158193004541,60,7238554432211,0,0,0,0,0,0,0,0,0,0,0,0,0,0,0,0,0,0,0,0,0,0,0,0,0,0,0,0,0,0,0,0,0,0,0,0,0,0,0,0,0,0,0,0,0,0,41,8417159446178,39,2760492099883,0,0,0,0,0,0,0,0,26,7404074950403,29,0159763719317,0,0,0,0,0,0,0,0,0,0,0,0,398,15,0,454742661542694,14,40011302671,84,3836985985368,0,0,00788969903228838,0,0,0,0,1,5051958285781E-11,0,0,0,0,0,0,8,36220072009594E-11,0,0,0,0,1,37976284286326E-10,0,0,0,0,0,46472,1679778665,43708,7664919531,0,
130-140C*,0,0149450959132089,413,149994,117,98233271518,778,662248456551,0,105908506568109,316,641512298964,8,55101316798406,9,87825231595629,5,58943477939236E-07,0,0760927752901588,6,04604017933683,190,816723059338,0,8,53902667246162E-07,31,7722522518819,302,506300924676,195,428365731675,60,4194566400197,69,1765478400197,64,3492158558471,65,1829506700993,0,628780138923697,0,0800976582001671,0,0,27,0997709761688,24,9387970139444,157,976973871067,1,43313409342832,5,99771301597607,56,8484939893368,65,6055851893368,28,6847089619157,0,0254567725316083,0,00210007454713627,2,79053159230772E-12,2,16992315290012,0,0194513567025091,0,0452486092925922,65,7250389728145,0,854179889641787,0,737836670704198,0,66973912300547,0,0228042791054282,0,0,0,0,0,0,0,0,0,0,0,0,0,0,0,0,0,0,0,0,0,0,0,0,0,0,0,0,0,0,4,13643629935123E-16,4,54063416430906E-16,0,0,0,0,0,0,0,0,0,0,0,0,0,0,0,0,0,0,0,0,0,0,0,0,0,0,0,0,0,0,0,0,5,80965883635679,5,32712855061579,2,30452079438377E-18,2,0742024800113E-18,6,07347334968271,5,58612738223674,6,07711291989496,5,55218735405635,0,0,0,0,17,9602451059345,16,4654432869089,0,0,0,0,0,0,0,0,0,0,82,0397548940655,83,5345567130911,0,0,0,0,0,0,24,9387970139444,27,0997709761688,0,0,0,0,0,0,0,0,0,0,0,0,0,0,408,15,0,479954023695333,14,248586155012,85,9491450064095,0,0,00826966861696351,0,0,0,0,1,67431895538463E-11,0,0,0,0,0,0,9,30177383471346E-11,0,0,0,0,1,53479237576925E-10,0,0,0,0,0,46385,833120533,43604,9060706465,0,
140-150C*,0,016572363475022,423,149994,122,77833152519,789,078515810811,0,156075346535549,317,259184393098,9,9603126237735,11,5966956690876,6,15402415104816E-07,0,0980576906844328,6,22456339759394,196,354293246847,0,9,40155461917492E-07,31,8509338094516,309,341702896494,200,965935919184,60,0556975170065,68,8127887170065,67,2294414151935,67,0875947657027,0,669506296308032,0,103218621773087,0,0,22,810245961033,21,3157095652097,161,976357337472,1,43918894030248,5,75280214706209,49,6411794776632,58,3982706776632,27,2074919077931,0,0256206812454423,0,0016608334330835,3,0724034703186E-12,1,42597351899186,0,0207112231731028,0,0481793665945432,62,1387679450581,0,928600073106283,0,796954032043871,0,720180989399367,0,024281314721524,0,0,0,0,0,0,0,0,0,0,0,0,0,0,0,0,0,0,0,0,0,0,0,0,0,0,0,0,0,0,82,6966431091098,84,9247706228582,0,0,0,0,0,0,0,0,0,0,2,60115217361063,2,68561138037003,0,0,0,0,0,0,0,0,0,0,0,0,0,0,0,0,0,0,0,0,0,619410671728302,0,5313461775266,14,074298459318,11,8509619671391,0,00842906789908264,0,00725286488389501,2,39816532494552E-13,2,04975642175313E-13,0,0,0,0,14,7021381989457,12,3895610095498,6,65183338870606E-05,5,69872219554048E-05,0,0,0,0,0,0,0,0,0,0,0,0,0,0,0,0,18,714557391599,20,124634580663,2,60115217361063,2,68561138037003,0,0,0,0,0,0,0,0,0,0,0,0,418,15,0,507915312099358,14,1152563408991,87,620154868077,0,0,00865535317199679,0,0,0,0,1,84344208219116E-11,0,0,0,0,0,0,1,0241346949331E-10,0,0,0,0,1,68982190867523E-10,0,0,0,0,0,46299,4982631994,43496,2122210493,0,
150-160C*,0,0146591129138724,433,149994,128,024555270864,798,846165709369,0,204386148977501,317,88928370671,11,3849156665469,13,1047108370299,6,71861352270395E-07,0,111309241531884,6,40568642297167,201,79608559967,0,1,02640825658882E-06,32,0423637529353,316,166544788216,206,407728272006,59,7016695254093,68,4587607254093,67,4353846803433,67,1851002936884,0,710232453692366,0,117167622665141,0,0,21,1796996531098,19,7101888692818,166,085202349067,1,44490691626597,5,51310065825743,43,5783528370031,52,3354440370031,25,7913732188094,0,0257845899592762,0,00128774735797178,3,35427534832948E-12,0,928922263560238,0,0219710896436965,0,0511101238964941,58,6582147172735,1,01316576294702,0,863736799993198,0,776928553372098,0,0257583503376198,0,0,0,0,0,0,0,0,0,0,0,0,0,0,0,0,0,0,0,0,0,0,0,0,0,0,0,0,0,0,0,0,0,0,0,0,0,0,0,0,0,0,9,16628710976218,10,1971276060844,0,0,0,0,0,0,0,0,0,0,0,0,0,0,0,0,0,0,0,0,0,0,0,0,0,0,0,0,0,0,0,0,0,0,17,5964134058415,16,2430383470507,0,0,0,0,0,0,0,0,0,0,73,2372994843963,73,5598340468649,0,0,0,0,10,5439017595196,10,9825720470254,9,16628710976218,10,1971276060844,0,0,0,0,0,0,0,0,0,0,0,0,428,15,0,538978835540961,13,9966270892032,89,3593544125546,0,0,0090371442241571,0,0,0,0,2,01256520899769E-11,0,0,0,0,0,0,1,11809200639485E-10,0,0,0,0,1,84485144158121E-10,0,0,0,0,0,46213,1634058659,43385,3467540052,0,
160-170C*,0,0151837251028298,443,149994,133,618676752162,808,036924779895,0,250840913893964,318,531810239797,12,8080644386086,14,5299579320978,7,28320289435975E-07,0,13608037386401,6,58801791903513,207,137109278113,0,1,11266105126015E-06,32,3246830768384,322,981453432259,211,748751950449,59,3562965590676,68,1133877590675,67,1062509424291,66,9171590503755,0,750958611076701,0,143242498804221,0,0,20,0856846189623,18,5528830175267,170,267307803669,1,45031038156244,5,27865426312549,38,6600140673567,47,4171052673567,24,4363528949646,0,0259484986731101,0,000980816321801113,3,63614722634036E-12,0,599691777132532,0,0232309561142902,0,0540408811984451,55,288778295753,1,1096217854779,0,939425757030029,0,84095637036663,0,0272353859537156,0,0,0,0,0,0,0,0,0,0,0,0,0,0,0,0,0,0,0,0,0,0,0,0,0,0,0,0,0,0,0,0,2,50185362542912E-05,2,71282383283698E-05,0,0,0,0,0,0,0,0,0,0,4,17202733254959E-06,4,54219665573905E-06,0,0,0,0,0,0,0,0,0,0,0,0,0,0,0,0,0,0,0,0,0,0,0,0,0,0,0,0,0,0,0,0,0,0,0,0,0,0,0,0,0,0,0,0,99,9999708094364,99,999968329565,0,0,0,0,18,5528788454993,20,0856800767656,4,17202733254959E-06,4,54219665573905E-06,0,0,0,0,0,0,0,0,0,0,0,0,438,15,0,573552298612425,13,8892019047563,91,1379516317914,0,0,00941504177344441,0,0,0,0,2,18168833580422E-11,0,0,0,0,0,0,1,2120493178566E-10,0,0,0,0,1,9998809744872E-10,0,0,0,0,0,46047,4087320989,43274,0297526893,0,
170-180C*,0,0156183543286578,453,149994,139,458368769047,816,722519650059,0,295439641284938,319,186763992361,14,213001082263,15,8734749325949,2,1596807788174E-05,0,163413775878467,6,77077295295933,212,372329584845,0,3,29936254776897E-05,32,6764087901712,329,786986146791,216,983972257181,59,0185025118208,67,7755937118207,66,4537815537986,66,4249246268151,0,822161543425887,0,172014500924702,0,0,19,3332173639384,17,70160044059,174,486472599093,1,45542580250874,5,04950611959061,34,8861631687239,43,6432543687239,23,1424309362587,0,0260255837904296,0,000740040324571488,1,07822305482646E-10,0,383559308039418,0,0244908225848838,0,056971638500396,52,0356247469516,1,22009005316873,1,0255139293858,0,913427780901386,0,0287124215698114,0,0,0,0,0,0,0,0,0,0,0,0,0,0,0,0,0,0,0,0,0,0,0,0,0,0,0,0,0,0,0,0,82,8345365533104,83,1180147980822,0,0,0,0,0,0,0,0,0,0,12,4871395724783,12,5807280403176,0,0,0,0,0,0,0,0,0,0,0,0,0,0,0,0,0,0,0,0,0,0,0,0,0,0,0,0,0,0,0,0,0,0,9,42320647421807E-10,8,03718774515404E-10,0,0,0,0,0,0,0,0,0,0,4,67832387326897,4,30125716079653,0,0,5,21446086811164,6,75248932362087,12,4871395724783,12,5807280403176,0,0,0,0,0,0,0,0,0,0,0,0,448,15,0,612109468731577,13,7894842923905,92,9059296034499,0,0,00978904581985873,0,0,0,0,6,46933832895877E-10,0,0,0,0,0,0,3,59407756823691E-09,0,0,0,0,5,93022680154554E-09,0,0,0,0,0,46034,5756777882,43163,2817895854,0,
180-190C*,0,0160321913254225,463,149994,145,204576435168,825,281552085332,0,338182331150423,319,856135643985,15,5284868702293,17,2788101189324,4,90375148326717E-05,0,369802037612236,6,96342566455684,217,476190174687,0,7,49150251562533E-05,32,9572850017568,336,583641658298,222,087832847023,58,6826072659019,67,4396984659019,66,5662806230471,66,2784298104976,0,861058810217974,0,389265302749722,0,0,17,9052325067236,16,44276007057,178,45324358693,1,46046764897293,4,82569666684509,34,3483978501324,43,1054890501324,21,9085785079992,0,0283480777812211,0,000706423998626368,2,44820343647887E-10,0,242975333809528,0,0257506890554775,0,059902395802347,48,9010602832614,1,33972329710499,1,12559089703664,0,996588163711353,0,0301894571859072,0,0,0,0,0,0,0,0,0,0,0,0,0,0,0,0,0,0,0,0,0,0,0,0,0,0,0,0,0,0,0,0,0,0,0,0,0,0,0,0,0,0,0,0,0,0,0,0,0,0,0,0,0,0,0,0,0,0,0,0,0,0,0,0,0,0,0,0,0,0,0,0,0,0,0,0,0,0,0,0,21,0981143011919,19,8756395351109,0,0,0,0,0,0,0,0,0,0,78,9018742205814,80,1243480477405,1,14782267276539E-05,1,24171486520782E-05,16,44276007057,17,9052325067236,0,0,0,0,0,0,0,0,0,0,0,0,0,0,458,15,0,654318852773746,13,6771819477268,94,772181228829,0,0,0101591563634001,0,0,0,0,1,46892206188732E-09,0,0,0,0,0,0,8,16067975373185E-09,0,0,0,0,1,34651189006338E-08,0,0,0,0,0,45921,9644898486,43049,4436095544,0,
190-200C*,0,0164398591622318,473,149994,151,017095842489,833,447396965458,0,379068983490419,320,537729869569,16,7978455478397,18,6370649926581,7,64782218771694E-05,0,621733865362795,7,15670353282942,222,465183824565,0,0,000116836424834817,33,2819564936811,343,371868852483,227,076826496901,58,3526109666374,67,1097021666374,66,6888144852024,66,1445614210355,0,90001054452048,0,622730342134738,0,0,16,5133399669579,15,2183735863064,182,410706486648,1,46526937102137,4,60726345815307,34,068515712134,42,825606912134,20,7359302109743,0,0307633629780251,0,000687671226604331,3,81818381813127E-10,0,152398580138068,0,0270105555260712,0,062833153104298,45,892634466992,1,47798346038459,1,23901299156288,1,09039913317485,0,031666492802003,0,0,0,0,0,0,0,0,0,0,0,0,0,0,0,0,0,0,0,0,0,0,0,0,0,0,0,0,0,0,0,0,0,0,20,2277615947942,20,428829267692,0,0,0,0,0,0,0,0,0,0,2,24752906608824,2,27372509026807,0,0,0,0,0,0,0,0,0,0,0,0,0,0,0,0,0,0,0,0,0,0,0,0,0,0,0,0,0,0,0,0,0,0,0,0,0,0,0,0,0,0,0,0,0,0,77,5247093391176,77,29744564204,12,9708445202182,14,2396148766898,2,24752906608824,2,27372509026807,0,0,0,0,0,0,0,0,0,0,0,0,468,15,0,701352940919013,13,5673208248391,96,6475532323801,0,0,0105253734040684,0,0,0,0,2,29091029087876E-09,0,0,0,0,0,0,1,27272819392268E-08,0,0,0,0,2,1000010999722E-08,0,0,0,0,0,45795,7069499487,42936,9486868339,0,
200-210C*,0,0172376759771224,483,149994,156,867414757715,841,195586791244,0,418099598304926,321,230923434785,18,0213759190297,19,9340108103527,0,000103918928921667,0,790496544525736,7,34785092626971,227,340929815336,0,0,000158757824513381,33,6651514971781,350,152073867354,231,952572487673,58,0288806970405,66,7859718970405,66,7586935878593,65,9944601082821,0,939016746333408,0,856195381519755,0,0,15,2199304931111,14,0715290813652,186,401947375085,1,46980656080246,4,39424098978377,33,8208122233478,42,5779034233478,19,6248081488025,0,033178648174829,0,000668918454582294,5,18816419978368E-10,0,0946120787502722,0,0282704219966649,0,0657639104062489,43,0156635330229,1,63964042226325,1,36759359120672,1,19632516342503,0,123988629250991,0,0,0,0,0,0,0,0,0,0,0,0,0,0,0,0,0,0,0,0,0,0,0,0,0,0,0,0,0,0,0,0,0,0,2,38693777050963E-14,2,76440272584101E-14,0,0,0,0,0,0,0,0,0,0,1,32607653917202E-15,1,53838767630473E-15,0,0,0,0,0,0,0,0,0,0,0,0,0,0,0,0,0,0,0,0,0,0,0,0,0,0,0,0,0,0,0,0,0,0,87,9179563588714,87,8955767943156,0,0,0,0,0,0,0,0,0,0,0,0,14,0715290813652,15,2199304931111,0,0,0,0,0,0,0,0,0,0,0,0,0,0,478,15,0,753967499351181,13,4616627960691,98,4961419209127,0,0,0108876969418638,0,0,0,0,3,11289851987021E-09,0,0,0,0,0,0,1,72938841247217E-08,0,0,0,0,2,85349030988102E-08,0,0,0,0,0,45666,7239245243,42827,0722977963,0,
210-220C*,0,0177468663662577,493,149994,162,706146720891,848,528997201039,0,455274175593945,321,935269480004,19,1945497693807,21,1672866277239,0,000131359635966165,0,959259223688677,7,53495525212655,232,103563903206,0,0,000200679224191944,34,109873803669,356,924625903101,236,715206575542,57,7113733142471,66,4684645142471,66,7908920529507,65,8365283654572,0,978077415656758,1,08966042090477,0,0,14,0145581776687,12,9961850068189,190,447614135914,1,4740721130419,4,18666052635124,33,6052873837741,42,3623785837741,18,5754432700971,0,035593933371633,0,000667749370598615,6,55814458143608E-10,0,0581180077396885,0,0295302884672586,0,0686946677081999,40,275019035844,1,82998670385358,1,51369677692359,1,31621314243196,0,216310765699979,0,0,0,0,0,0,0,0,0,0,0,0,0,0,0,0,0,0,0,0,0,0,0,0,0,0,0,0,0,0,0,0,0,0,0,0,0,0,0,0,0,0,0,0,0,0,0,0,0,0,0,0,0,0,0,0,0,0,0,0,0,0,0,0,0,0,0,0,0,0,0,0,0,0,0,0,0,0,0,0,0,0,0,0,0,0,0,0,0,0,0,0,0,0,0,0,12,9961850068189,14,0145581776687,0,0,0,0,0,0,0,0,0,0,0,0,0,0,488,15,0,812972662832543,13,3604816209595,,0,0,0112461269767862,0,0,0,0,3,93488674886165E-09,0,0,0,0,0,0,2,18604863102167E-08,0,0,0,0,3,60697951978985E-08,0,0,0,0,0,45537,4982797141,42720,5598901927,0,
220-230C*,0,0182953593425159,503,149994,168,483905272059,855,450503833194,0,490592715357475,322,650321145598,20,3128388844741,22,3352582969121,0,000158800343010662,1,12802190285162,7,71615275096548,236,753488706345,0,0,000242600623870508,34,618465921235,363,689862026194,241,365131378681,57,4000456753932,66,1571368753932,66,8003840024097,65,6792006729336,1,01719255249053,1,32312546028979,0,0,12,8867771131162,11,9855410301543,194,568354652808,1,47805999702259,3,98454992288707,33,4219411934127,42,1790323934127,17,5880665234713,0,038009218568437,0,000639962820595919,7,92812496308849E-10,0,0353116644106493,0,0307901549378523,0,0716254250101508,37,6753552951709,2,05584408930511,1,68012002271469,1,45224728407482,0,308632902148967,0,0,0,0,0,0,0,0,0,0,0,0,0,0,0,0,0,0,0,0,0,0,0,0,0,0,0,0,0,0,0,0,0,0,0,0,0,0,0,0,0,0,0,0,0,0,0,0,0,0,0,0,0,0,0,0,0,0,0,0,0,0,0,0,0,0,0,0,0,0,0,0,0,0,0,0,0,0,0,0,0,0,0,0,0,0,0,0,0,0,0,0,0,0,0,0,11,9855410301543,12,8867771131162,0,0,0,0,0,0,0,0,0,0,0,0,0,0,498,15,0,879325341770424,13,2640510590531,,0,0,0116006635088356,0,0,0,0,4,75687497785309E-09,0,0,0,0,0,0,2,64270884957116E-08,0,0,0,0,4,36046872969867E-08,0,0,0,0,0,45410,512881657,42735,0320358954,0,
230-240C*,0,0189812046624315,513,150024,173,479255211065,861,895609902694,0,625260911956129,323,386466455954,21,2448821369394,23,3053931355956,0,00018624105005516,1,29678458201456,7,88692975543618,241,2963296331,0,0,000284522023549071,35,217029412671,370,448091176164,245,907972305436,57,0958654181601,65,8529566181601,66,97862937528,65,7052421370892,1,05636215683472,2,70303857532155,0,0,11,7764884877806,10,9893647273152,198,82922504373,1,48172303447738,3,78793344402562,33,3064091594589,42,0635003594589,16,6845454769884,0,0462100057604322,0,00059762052702365,9,2981053447409E-10,0,021213230353765,0,032050021408446,0,0745561823121018,35,2787071394116,2,31618066091336,1,86344230272458,1,59779629082887,0,400955038597955,0,0,0,0,0,0,0,0,0,0,0,0,0,0,0,0,0,0,0,0,0,0,0,0,0,0,0,0,0,0,0,0,0,0,0,0,0,0,0,0,0,0,0,0,0,0,0,0,0,0,0,0,0,0,0,0,0,0,0,0,0,0,0,0,0,0,0,0,0,0,0,0,0,0,0,0,0,0,0,0,0,0,0,0,0,0,0,0,0,0,0,0,0,0,0,0,10,9893647273152,11,7764884877806,0,0,0,0,0,0,0,0,0,0,0,0,0,0,508,15,0,942834314354005,13,1744352300823,,0,0,0159485763257548,0,0,0,0,5,57886320684454E-09,0,0,0,0,0,0,3,09936906812065E-08,0,0,0,0,5,11395793960749E-08,0,0,0,0,0,45295,3617067346,42649,7730292527,0,
240-250C*,0,019874492275035,523,150024,177,261890948432,867,820298332207,0,933472992748796,324,144420948512,21,9391349618232,24,0275884585327,0,000213681757099658,1,4655472611775,8,04333642538723,245,736749555444,0,0,000326443423227635,35,9230075686134,377,199597533784,250,34839222778,56,799492925583,65,556584125583,67,4305300449634,66,0143824055899,1,09558622868933,6,05548802453504,0,0,10,6303349932134,9,95802913587748,203,281698062118,1,4850272826785,3,59683158073947,33,2179473707907,41,9750385707907,15,8801295997537,0,0599514033929604,0,000537951541898263,1,06680857263933E-09,0,0125952540633132,0,0333098878790397,0,0774869396140527,33,1306533981671,2,60201107154261,2,06176445784583,1,74803546253674,0,493277175046943,0,0,0,0,0,0,0,0,0,0,0,0,0,0,0,0,0,0,0,0,0,0,0,0,0,0,0,0,0,0,0,0,0,0,0,0,0,0,0,0,0,0,0,0,0,0,0,0,0,0,0,0,0,0,0,0,0,0,0,0,0,0,0,0,0,0,0,0,0,0,0,0,0,0,0,0,0,0,0,0,0,0,0,0,0,0,0,0,0,0,0,0,0,0,0,0,9,95802913587748,10,6303349932134,0,0,0,0,0,0,0,0,0,0,0,0,0,0,518,15,0,996240037145516,13,0931506275231,,0,0,0207874829697436,0,0,0,0,6,40085143583598E-09,0,0,0,0,0,0,3,55602928667015E-08,0,0,0,0,5,86744714951631E-08,0,0,0,0,0,45199,4636211456,42568,9111802631,0,
250-260C*,0,0208629265702178,533,150024,181,070067746676,873,366411775478,1,24168507354146,324,476447125361,23,1944625306577,25,1971823483502,0,000241122464144156,1,63430994034044,8,18934177545543,250,065589865822,0,0,000368364822906199,36,6876506017786,383,944643372887,254,677232538158,16,264905004721,25,021996204721,67,2734909410569,65,8986886822348,1,13486476805437,9,40793747374853,0,0,9,5320465282854,8,90412896941498,207,85492043888,1,48805717693399,3,41126086512508,33,1294855821225,41,8865767821225,15,1304685672606,0,0773148256235945,0,000478282556772876,1,20380661080457E-09,0,00738824050957575,0,0345697543496334,0,0804176969160037,31,1166966966126,2,93240008927136,2,29131166396464,1,9222842405314,0,585599311495932,0,0,0,0,0,0,0,0,0,0,0,0,0,0,0,0,0,0,0,0,0,0,0,0,0,0,0,0,0,0,0,0,0,0,0,0,0,0,0,0,0,0,0,0,0,0,0,0,0,0,0,0,0,0,0,0,0,0,0,0,0,0,0,0,0,0,0,0,0,0,0,0,0,0,0,0,0,0,0,0,0,0,0,0,0,0,0,0,0,0,0,0,0,0,0,0,8,90412896941498,9,5320465282854,0,0,0,0,0,0,0,0,0,0,0,0,0,0,528,15,1,06064888700939,13,0167820549435,,0,0,0257423043786169,0,0,0,0,7,22283966482742E-09,0,0,0,0,0,0,4,01268950521964E-08,0,0,0,0,6,62093635942514E-08,0,0,0,0,0,45110,6493708745,42491,4869678661,0,
260-270C*,0,0237936538701312,543,150024,185,119670214299,878,564822857586,1,54989715433413,325,132588086172,24,0112160303207,25,9890160797579,0,000268563171188653,1,80307261950338,8,32487331707559,254,281769195292,0,0,000410286222584762,37,5027679348841,377,071287725423,258,893411867629,11,6405702916051,20,3976614916051,67,5023460255752,66,0720403914698,1,15822018492004,12,760386922962,0,0,8,48643794410411,7,93894352877227,212,551102127322,1,49082919661401,3,2312336838066,33,0410237934543,41,7981149934543,14,4268099832723,0,0960731151553022,0,000473863139112028,1,34080464896981E-09,0,00427979722025108,0,0358296208202271,0,0833484542179547,29,2156896382146,3,31552076587829,2,55849434998172,2,12570127435054,0,67792144794492,0,0,0,0,0,0,0,0,0,0,0,0,0,0,0,0,0,0,0,0,0,0,0,0,0,0,0,0,0,0,0,0,0,0,0,0,0,0,0,0,0,0,0,0,0,0,0,0,0,0,0,0,0,0,0,0,0,0,0,0,0,0,0,0,0,0,0,0,0,0,0,0,0,0,0,0,0,0,0,0,0,0,0,0,0,0,0,0,0,0,0,0,0,0,0,0,7,93894352877227,8,48643794410411,0,0,0,0,0,0,0,0,0,0,0,0,0,0,538,15,1,13848301886529,12,9448599291922,,0,0,0308130405523747,0,0,0,0,8,04482789381887E-09,0,0,0,0,0,0,4,46934972376914E-08,0,0,0,0,7,37442556933396E-08,0,0,0,0,0,45028,4493480973,42418,0593791841,0,
270-280C*,0,0250872240952366,553,150024,189,626582959802,883,446404203612,1,85810923512679,325,87247666183,24,7599783205814,26,7103400591768,0,000296003878233151,1,97183529866632,8,45010484915585,258,384219287211,0,0,000452207622263326,38,3602784348128,381,92947140677,262,995861959547,7,01623557848926,15,7733267784893,67,7416975876416,66,2637546613834,1,19894634230438,16,1128363721755,0,0,7,49832409177702,7,02590527943976,217,37245308075,1,49336082622427,3,05675809059807,32,9525620047861,41,7096532047861,13,7604014515522,0,115635902500375,0,000418599848372779,1,47780268713505E-09,0,00244713928527653,0,0370894872908208,0,0862792115199056,27,4058220273985,3,76125266050943,2,87136278640805,2,36486048635496,0,770243584393908,0,0,0,0,0,0,0,0,0,0,0,0,0,0,0,0,0,0,0,0,0,0,0,0,0,0,0,0,0,0,0,0,0,0,0,0,0,0,0,0,0,0,0,0,0,0,0,0,0,0,0,0,0,0,0,0,0,0,0,0,0,0,0,0,0,0,0,0,0,0,0,0,0,0,0,0,0,0,0,0,0,0,0,0,0,0,0,0,0,0,0,0,0,0,0,0,7,02590527943976,7,49832409177702,0,0,0,0,0,0,0,0,0,0,0,0,0,0,548,15,1,23294104319963,12,8769146671179,,0,0,0359996914910169,0,0,0,0,8,86681612281031E-09,0,0,0,0,0,0,4,92600994231863E-08,0,0,0,0,8,12791477924278E-08,0,0,0,0,0,44952,3939449895,42348,4816941638,0,
280-290C*,0,0261902837842259,563,150024,194,806690591688,888,042028438637,2,16632131591946,326,721782608062,25,4407494014399,27,3609900184977,0,000323444585277649,2,14059797782927,8,56543439268183,262,37187616586,0,0,000494129021941889,39,2521700095707,386,57928779754,266,983518838196,2,3919008653734,11,1489920653734,67,9867307761485,66,4700116626095,1,23967249968871,19,465285821389,0,0,6,57251982241162,6,16899831889283,222,321183252471,1,4956703593251,2,88783761914226,32,8641002161179,41,6211914161179,13,1224905758633,0,135412818171106,0,000357841209486218,1,61480072530029E-09,0,00138052215698748,0,0383493537614145,0,0892099688218566,25,6646966500709,4,28157007199227,3,2401092283425,2,64822644530425,0,862565720842896,0,0,0,0,0,0,0,0,0,0,0,0,0,0,0,0,0,0,0,0,0,0,0,0,0,0,0,0,0,0,0,0,0,0,0,0,0,0,0,0,0,0,0,0,0,0,0,0,0,0,0,0,0,0,0,0,0,0,0,0,0,0,0,0,0,0,0,0,0,0,0,0,0,0,0,0,0,0,0,0,0,0,0,0,0,0,0,0,0,0,0,0,0,0,0,0,6,16899831889283,6,57251982241162,0,0,0,0,0,0,0,0,0,0,0,0,0,0,558,15,1,34829992805687,12,8124766855695,,0,0,0413022571945436,0,0,0,0,9,68880435180175E-09,0,0,0,0,0,0,5,38267016086812E-08,0,0,0,0,8,88140398915161E-08,0,0,0,0,0,44882,0135537269,42282,6015645764,0,
290-300C*,0,027043062582787,573,150024,200,875877718458,892,382568187739,2,47453339671213,327,706175680597,26,0535292728961,27,9405275623102,0,000350885292322146,2,21333439342232,8,67146036663513,266,243672750262,0,0,000536050421620453,40,1704652196139,391,021760414127,270,855315422598,-2,23243384774246,6,52465735225755,68,2326307399885,66,6869949803153,1,28039865707305,22,8177352706025,0,0,5,71383998711539,5,37247745737449,227,39950259579,1,49777671537039,2,724471096327,32,7756384274497,41,5327296274497,12,5043249599689,0,154813492679786,0,000291587222452348,1,75179876346553E-09,0,000768003459251162,0,0396092202320082,0,0921407261238075,23,9693891204197,4,89102317749304,3,67774926388614,2,98681964705075,1,27334229601937,0,0,0,0,0,0,0,0,0,0,0,0,0,0,0,0,0,0,0,0,0,0,0,0,0,0,0,0,0,0,0,0,0,0,0,0,0,0,0,0,0,0,0,0,0,0,0,0,0,0,0,0,0,0,0,0,0,0,0,0,0,0,0,0,0,0,0,0,0,0,0,0,0,0,0,0,0,0,0,0,0,0,0,0,0,0,0,0,0,0,0,0,0,0,0,0,5,37247745737449,5,71383998711539,0,0,0,0,0,0,0,0,0,0,0,0,0,0,568,15,1,4903637093109,12,7510764013957,,0,0,0467207376629548,0,0,0,0,1,05107925807932E-08,0,0,0,0,0,0,5,83933037941762E-08,0,0,0,0,9,63489319906043E-08,0,0,0,0,0,44816,8385664853,42220,2639835138,0,
300-310C*,0,0273847546821698,583,150024,209,633543266728,896,61797724546,2,5880949458434,329,256126814767,26,5983179349501,28,448284607167,0,000967692415145795,2,80080390208946,8,77461669799821,269,988676844559,0,0,00147835186737201,41,0665261366843,395,258380814762,274,600319516895,-6,85676856085832,1,90032263914169,68,4745826280541,66,910879476061,1,32112481445738,60,3641246328798,0,0,4,92709943699582,4,64083591677191,232,828826773991,1,49977452824614,2,5666524573687,32,6871766387815,41,4442678387815,11,8444388841948,0,168220476838071,0,000219837887271166,4,8312152528497E-09,0,000421107916783318,0,0408690867026019,0,0950714834257585,22,1508929847352,5,70201211058677,4,24355981056554,3,42971417730172,1,80526613866143,0,0,0,0,0,0,0,0,0,0,0,0,0,0,0,0,0,0,0,0,0,0,0,0,0,0,0,0,0,0,0,0,0,0,0,0,0,0,0,0,0,0,0,0,0,0,0,0,0,0,0,0,0,0,0,0,0,0,0,0,0,0,0,0,0,0,0,0,0,0,0,0,0,0,0,0,0,0,0,0,0,0,0,0,0,0,0,0,0,0,0,0,0,0,0,0,4,64083591677191,4,92709943699582,0,0,0,0,0,0,0,0,0,0,0,0,0,0,578,15,1,68407712293705,12,6904354407262,,0,0,0522551328962504,0,0,0,0,2,89872915170982E-08,0,0,0,0,0,0,1,61040540636425E-07,0,0,0,0,2,65716838906734E-07,0,0,0,0,0,44754,5904896828,42161,944612255,0,
310-320C*,0,0270298962583261,593,150024,222,721374677584,900,874485782212,2,35433414384529,330,917882750984,27,0751153876018,28,8834074455815,0,00194572411538248,3,49001910695291,8,88067782613845,273,597403149113,0,0,00297249914781348,41,9006188277006,399,291076094282,278,20904582145,-11,4811032739742,-2,72401207397418,68,7077715892378,67,1378237196084,1,36185097184172,159,645955737389,0,0,4,21711302316041,3,97876883481019,238,788023809462,1,50174326871927,2,41437056354536,32,5987148501133,41,3558060501133,11,0915982398778,0,172244260367044,0,000142593203942674,9,71404950265843E-09,0,000227456403777024,0,0421289531731956,0,0980022407277095,20,0651741680378,6,92869104546091,5,04066058710141,4,05032736574882,2,34419267574308,0,0,0,0,0,0,0,0,0,0,0,0,0,0,0,0,0,0,0,0,0,0,0,0,0,0,0,0,0,0,0,0,0,0,0,0,0,0,0,0,0,0,0,0,0,0,0,0,0,0,0,0,0,0,0,0,0,0,0,0,0,0,0,0,0,0,0,0,0,0,0,0,0,0,0,0,0,0,0,0,0,0,0,0,0,0,0,0,0,0,0,0,0,0,0,0,3,97876883481019,4,21711302316041,0,0,0,0,0,0,0,0,0,0,0,0,0,0,588,15,1,95089563396979,12,6286265144225,,0,0,0579054428944305,0,0,0,0,5,82842970159506E-08,0,0,0,0,0,0,3,23801714848944E-07,0,0,0,0,5,34272722646213E-07,0,0,0,0,0,44693,3419329167,42107,4867128256,0,
320-330C*,0,0264201394271076,603,150024,237,064572735051,904,947986165988,2,12057334184717,332,970122249066,27,472859474011,29,2340946877261,0,00292375581561917,4,17923431181636,8,97959317223308,277,088027610251,0,0,00446664642825495,42,7451808168639,403,122175907082,281,699670282587,-16,10543798709,-7,34834678709004,68,9299292880276,67,3666141575237,1,40257712922605,259,990057441958,0,0,3,59721123796138,3,39929115475028,244,845643409855,1,50355381314998,2,26760902366051,32,5102530614451,41,2673442614451,10,3413347426945,0,176268043896018,6,05996608951649E-05,1,45968837524672E-08,0,000120956611860094,0,0433888196437893,0,10093299802966,17,9748669164589,8,56207369298547,6,07462894923554,4,83980429027926,2,8743042346559,0,0,0,0,0,0,0,0,0,0,0,0,0,0,0,0,0,0,0,0,0,0,0,0,0,0,0,0,0,0,0,0,0,0,0,0,0,0,0,0,0,0,0,0,0,0,0,0,0,0,0,0,0,0,0,0,0,0,0,0,0,0,0,0,0,0,0,0,0,0,0,0,0,0,0,0,0,0,0,0,0,0,0,0,0,0,0,0,0,0,0,0,0,0,0,0,3,39929115475028,3,59721123796138,0,0,0,0,0,0,0,0,0,0,0,0,0,0,598,15,2,26914032181272,12,5687584161365,,0,0,0636716676574951,0,0,0,0,8,75813025148029E-08,0,0,0,0,0,0,4,86562889061463E-07,0,0,0,0,8,02828606385693E-07,0,0,0,0,0,44636,2018531823,42055,4750030728,0,
330-340C*,0,025602433914412,613,150024,252,455322677269,908,838478396788,1,88681253984906,335,176694754719,27,4672312493964,29,2182742226763,0,00390178751585586,4,86844951667981,9,07089420837523,280,4621769643,0,0,00596079370869642,43,6023333701025,406,754379347841,285,073819636636,-20,7297727002059,-11,9726815002059,69,3401247243197,67,7538506744075,1,44330328661038,361,396429746587,0,0,3,19264402628386,3,02787510291619,250,94698717144,1,5052064404403,2,12634602042223,32,4217912727769,41,1788824727769,9,59858098951816,0,180291827424991,9,3067576977768E-07,1,94797180022759E-08,6,32888462072036E-05,0,044648686114383,0,103863755331611,15,8939495245318,10,7836510556333,7,44097868486725,5,85942981370744,3,3797831427915,0,0,0,0,0,0,0,0,0,0,0,0,0,0,0,0,0,0,0,0,0,0,0,0,0,0,0,0,0,0,0,0,0,0,0,0,0,0,0,0,0,0,0,0,0,0,0,0,0,0,0,0,0,0,0,0,0,0,0,0,0,0,0,0,0,0,0,0,0,0,0,0,0,0,0,0,0,0,0,0,0,0,0,0,0,0,0,0,0,0,0,0,0,0,0,0,3,02787510291619,3,19264402628386,0,0,0,0,0,0,0,0,0,0,0,0,0,0,608,15,2,64974542209104,12,5108311458681,,0,0,0695538071854441,0,0,0,0,1,16878308013655E-07,0,0,0,0,0,0,6,49324063273983E-07,0,0,0,0,1,07138449012517E-06,0,0,0,0,0,44583,1702504795,42005,89397443,0,
340-350C*,0,0229166249524208,623,150024,268,685809742381,912,545962474612,1,65305173785094,337,513134847537,27,4616030247818,29,1869110019595,0,00487981921609255,5,55766472154326,9,15415593827772,283,721575054864,0,602405138973455,0,00745494098913789,44,4740178436737,410,190721987614,288,3332177272,-25,3541074133218,-16,5970162133218,69,688742225275,68,1026215276433,1,48402944399472,463,865072651277,0,0,2,84965474994322,2,71046747039718,257,037356690488,1,50670170335677,1,990554143029,32,3333294841087,41,0904206841087,8,86826957722232,0,184315610953964,0,2,43625522520846E-08,3,25624266988254E-05,0,0459085525849766,0,106794512633562,13,8367026228014,13,8777033917974,9,28441216109693,7,19852676071972,3,84481172754147,0,0,0,0,0,0,0,0,0,0,0,0,0,0,0,0,0,0,0,0,0,0,0,0,0,0,0,0,0,0,0,0,0,0,0,0,0,0,0,0,0,0,0,0,0,0,0,0,0,0,0,0,0,0,0,0,0,0,0,0,0,0,0,0,0,0,0,0,0,0,0,0,0,0,0,0,0,0,0,0,0,0,0,0,0,0,0,0,0,0,0,0,0,0,0,0,2,71046747039718,2,84965474994322,0,0,0,0,0,0,0,0,0,0,0,0,0,0,618,15,3,10609068494709,12,4548447036172,,0,0,0755518614782776,0,0,0,0,1,46175313512508E-07,0,0,0,0,0,0,8,12085237486502E-07,0,0,0,0,1,33994037386465E-06,0,0,602405138973455,0,0,0,44534,2471248085,41958,7267109917,0,
350-360C*,0,0217806312882734,633,150024,285,548219168528,916,07043839946,1,41929093585283,339,954977107118,27,4559748001672,29,1443587192209,0,00585785091632923,6,24687992640671,9,22899987459677,286,868030899864,0,631956468027699,0,00894908826957936,45,3620221162517,413,434543330691,291,4796735722,-29,9784421264376,-21,2213509264376,69,9911100644961,68,4216596652135,1,52475560137905,567,395986156028,0,0,2,55291513533667,2,43398161556566,263,062053563268,1,50804042378126,1,86020022736592,32,2448676954405,41,0019588954405,8,15533310268041,0,188339394482937,0,2,92453865018933E-08,1,64630325732032E-05,0,0471684190555703,0,109725269935513,11,8176989426023,18,302637807182,11,8299820215715,8,9900341160948,4,25357231629741,0,0,0,0,0,0,0,0,0,0,0,0,0,0,0,0,0,0,0,0,0,0,0,0,0,0,0,0,0,0,0,0,0,0,0,0,0,0,0,0,0,0,0,0,0,0,0,0,0,0,0,0,0,0,0,0,0,0,0,0,0,0,0,0,0,0,0,0,0,0,0,0,0,0,0,0,0,0,0,0,0,0,0,0,0,0,0,0,0,0,0,0,0,0,0,0,2,43398161556566,2,55291513533667,0,0,0,0,0,0,0,0,0,0,0,0,0,0,628,15,3,65450961525405,12,400799089384,,0,0,0816658305359955,0,0,0,0,1,7547231901136E-07,0,0,0,0,0,0,9,74846411699021E-07,0,0,0,0,1,60849625760413E-06,0,0,631956468027699,0,0,0,44489,4324761691,41913,9553219992,0,
360-370C*,0,0206696595972821,643,150024,302,834736193852,919,411906171331,1,18553013385471,342,477756113055,27,4503465755526,29,0939026445898,0,00683588261656592,6,93609513127016,9,29509664456836,289,903427654537,0,661507797081942,0,0104432355500208,46,2680034018718,416,489454925612,294,515070326873,-34,6027768395535,-25,8456856395535,70,2584862650999,68,7174274583886,1,56548175876339,671,989170260839,0,0,2,29116715934747,2,18866989702154,268,96637938605,1,50087704857989,1,73524520532905,32,1564059067723,40,9134971067723,7,46470416276588,0,19236317801191,0,3,4128220751702E-08,8,17339486242815E-06,0,048428285526164,0,112656027237464,9,85178802009134,24,8216858879991,15,4379760321979,11,4363516966868,4,5555482012322,0,0,0,0,0,0,0,0,0,0,0,0,0,0,0,0,0,0,0,0,0,0,0,0,0,0,0,0,0,0,0,0,0,0,0,0,0,0,0,0,0,0,0,0,0,0,0,0,0,0,0,0,0,0,0,0,0,0,0,0,0,0,0,0,0,0,0,0,0,0,0,0,0,0,0,0,0,0,0,0,0,0,0,0,0,0,0,0,0,0,0,0,0,0,0,0,2,18866989702154,2,29116715934747,0,0,0,0,0,0,0,0,0,0,0,0,0,0,638,15,4,31486729480179,12,3486943031684,,0,0,0878957143585979,0,0,0,0,2,04769324510212E-07,0,0,0,0,0,0,1,13760758591154E-06,0,0,0,0,1,87705214134361E-06,0,0,661507797081942,0,0,0,44448,7263045614,41871,5613126289,0,
370-380C*,0,0196005502504267,653,150024,320,337546056493,922,570365790226,0,951769331856599,345,057006444945,27,444718350938,29,0388574019741,0,00781391431680261,7,62531033613361,9,3521681832568,292,829712414256,0,691059126136186,0,0119373828304623,47,1935080130899,419,359309332442,297,441355086592,-39,2271115526693,-30,4700203526693,70,5021288502031,68,9966486470986,1,60620791614772,777,64462496571,0,0,2,05315279885887,1,96449395092735,273,883879886705,1,50292758349828,1,61564396491305,32,0679441181041,40,8250353181041,6,80131535435216,0,196386961540884,0,3,90110550015108E-08,3,98175321496617E-06,0,0496881519967577,0,115586784539415,7,95407583953244,34,7513372949096,20,7038957114662,14,8533503777319,4,72044482446324,0,0,0,0,0,0,0,0,0,0,0,0,0,0,0,0,0,0,0,0,0,0,0,0,0,0,0,0,0,0,0,0,0,0,0,0,0,0,0,0,0,0,0,0,0,0,0,0,0,0,0,0,0,0,0,0,0,0,0,0,0,0,0,0,0,0,0,0,0,0,0,0,0,0,0,0,0,0,0,0,0,0,0,0,0,0,0,0,0,0,0,0,0,0,0,0,1,96449395092735,2,05315279885887,0,0,0,0,0,0,0,0,0,0,0,0,0,0,648,15,5,1111954526353,12,2985303449703,,0,0,131016926596056,0,0,0,0,2,34066330009065E-07,0,0,0,0,0,0,1,30036876012406E-06,0,0,0,0,2,14560802508309E-06,0,0,691059126136186,0,0,0,44412,1286099854,41831,52590187,0,
380-390C*,0,0185843403100146,663,150024,337,848833994595,925,545817256145,0,718008529858484,347,668262682383,27,4390901263234,28,9825474699789,0,0087919460170393,8,31452554099706,9,39998948132285,295,648886803962,0,720610455190429,0,0134315301109038,48,1399885463018,422,048170118079,300,260529476298,-43,8514462657852,-35,0943550657852,70,7332958429225,69,2662620677624,3,43710516933837,884,362350270642,0,0,1,82761403075412,1,7511904622587,280,195124266702,1,50492123416073,1,50134522281533,31,9794823294359,40,7365735294359,6,17009927431271,0,200410745069857,0,4,38938892513195E-08,1,90189923734545E-06,0,112967266940248,0,263263181833734,6,13989941583626,50,4530743990075,28,6474408092842,19,7474634022065,4,85705438683116,0,0,0,0,0,0,0,0,0,0,0,0,0,0,0,0,0,0,0,0,0,0,0,0,0,0,0,0,0,0,0,0,0,0,0,0,0,0,0,0,0,0,0,0,0,0,0,0,0,0,0,0,0,0,0,0,0,0,0,0,0,0,0,0,0,0,0,0,0,0,0,0,0,0,0,0,0,0,0,0,0,0,0,0,0,0,0,0,0,0,0,0,0,0,0,0,1,7511904622587,1,82761403075412,0,0,0,0,0,0,0,0,0,0,0,0,0,0,658,15,6,07235692255988,12,2503072147899,,0,0,749966385284731,0,0,0,0,2,63363335507917E-07,0,0,0,0,0,0,1,46312993433658E-06,0,0,0,0,2,41416390882257E-06,0,0,720610455190429,0,0,0,44379,6393924411,41793,8302949871,0,
390-400C*,0,0177206822935213,673,150024,353,299116214882,927,688523367183,0,553526131273749,350,249524276574,27,4334619017088,28,9454300021674,0,00976997771727598,9,00374074586051,9,40504533874157,298,422431364038,0,750161784244673,0,0149256773913452,49,3227630913044,424,56028302246,303,034074036375,-48,4757809789011,-39,7186897789011,71,024942613965,69,5745758760697,5,26800242252902,993,712965836395,0,0,1,5415954843262,1,47999412176283,284,615887412751,1,50640242561268,1,39229141142832,31,8910205407677,40,6481117407677,5,66454666923825,0,203387884164395,0,4,87767235011282E-08,8,89990331363295E-07,0,176246381883738,0,410939579128053,4,68091520247093,70,8793631880934,38,5484934589232,25,5824154497388,4,9783288392806,0,0,0,0,0,0,0,0,0,0,0,0,0,0,0,0,0,0,0,0,0,0,0,0,0,0,0,0,0,0,0,0,0,0,0,0,0,0,0,0,0,0,0,0,0,0,0,0,0,0,0,0,0,0,0,0,0,0,0,0,0,0,0,0,0,0,0,0,0,0,0,0,0,0,0,0,0,0,0,0,0,0,0,0,0,0,0,0,0,0,0,0,0,0,0,0,1,47999412176283,1,5415954843262,0,0,0,0,0,0,0,0,0,0,0,0,0,0,668,15,7,07713817799644,12,2209273759171,,0,1,33987039940773,0,0,0,0,2,92660341006769E-07,0,0,0,0,0,0,1,6258911085491E-06,0,0,0,0,2,68271979256205E-06,0,0,750161784244673,0,0,0,44363,0128561447,41766,7232814685,0,
400-410C*,0,0171551210935989,683,150024,362,945675312085,927,998649359044,0,575088752748357,352,708846148675,27,4278336770942,28,9130283828603,0,0107480094175127,9,69295595072396,9,45207056543527,301,246345499726,0,779713113298916,0,0164198246717867,51,0741891696039,426,900048411183,305,857988172062,-53,1001156920169,-44,3430244920169,71,3242302319561,69,8865656570984,7,09889967571966,1107,79266780242,0,0,1,24793609094975,1,20040596004134,286,726331364686,1,5066681724759,1,28841858220791,31,8025587520995,40,5596499520995,5,41832011419089,0,203473485892806,0,5,3659557750937E-08,4,07653247615336E-07,0,239525496827228,0,558615976422372,3,96840001785799,82,6393438688685,44,2226184484897,29,0424501028378,5,11734253666954,0,0,0,0,0,0,0,0,0,0,0,0,0,0,0,0,0,0,0,0,0,0,0,0,0,0,0,0,0,0,0,0,0,0,0,0,0,0,0,0,0,0,0,0,0,0,0,0,0,0,0,0,0,0,0,0,0,0,0,0,0,0,0,0,0,0,0,0,0,0,0,0,0,0,0,0,0,0,0,0,0,0,0,0,0,0,0,0,0,0,0,0,0,0,0,0,1,20040596004134,1,24793609094975,0,0,0,0,0,0,0,0,0,0,0,0,0,0,678,15,7,78271658856516,12,2423465499101,,0,1,90072896896507,0,0,0,0,3,21957346505622E-07,0,0,0,0,0,0,1,78865228276162E-06,0,0,0,0,2,95127567630153E-06,0,0,779713113298916,0,0,0,44380,3676409756,41762,9481314965,0,
410-420C*,0,0165977774071605,693,150024,372,178860888513,928,308775350905,0,598719856229893,355,130841820806,27,4222054524796,28,8834146479886,0,0117260411177494,9,80630372651502,9,49933091826245,303,956016704315,0,80926444235316,0,0179139719522282,52,7929974093035,429,07199510456,308,567659376651,-57,7244504051328,-48,9673592051328,71,6235178499471,70,1969115307056,8,92979692891031,1221,87236976844,0,0,0,954276697573292,0,919673821305874,288,83677531662,1,50698533541638,1,18965632751904,31,7140969634313,40,4711881634313,5,17209355914352,0,203559087621216,0,5,85423920007457E-08,1,82602213192908E-07,0,302804611770719,0,70629237371669,3,2546237809037,96,753010545046,50,9177935049755,33,0766472037937,5,26114466494104,0,0,0,0,0,0,0,0,0,0,0,0,0,0,0,0,0,0,0,0,0,0,0,0,0,0,0,0,0,0,0,0,0,0,0,0,0,0,0,0,0,0,0,0,0,0,0,0,0,0,0,0,0,0,0,0,0,0,0,0,0,0,0,0,0,0,0,0,0,0,0,0,0,0,0,0,0,0,0,0,0,0,0,0,0,0,0,0,0,0,0,0,0,0,0,0,0,919673821305874,0,954276697573292,0,0,0,0,0,0,0,0,0,0,0,0,0,0,688,15,8,57422892726148,12,2624545070562,,0,2,43254209395673,0,0,0,0,3,51254352004474E-07,0,0,0,0,0,0,1,95141345697414E-06,0,0,0,0,3,21983156004101E-06,0,0,80926444235316,0,0,0,44397,7224258064,41759,1742249575,0,
420-430C*,0,0160418330985859,703,150024,381,204880470823,928,618901342766,0,62318551315082,357,49918329387,27,416577227865,28,8567834050206,0,012704072817986,10,8540324065966,9,54682757285376,306,552939917505,0,838815771407403,0,0194081192326697,54,4802021738414,431,080755649549,311,164582589842,-62,3487851182486,-53,5916939182486,71,9228054679382,70,5053728562541,10,760694182101,1335,95207173447,0,0,0,660617304196837,0,637843738725278,290,947219268555,1,50735249489744,1,09592772316663,31,6256351747631,40,3827263747631,4,52202794404227,0,203644689349627,0,6,34252262505544E-08,7,99114963384254E-08,0,366083726714209,0,853968771011009,1,3641152216655,113,761566518886,58,8467171391608,37,7954147150897,5,40494679321254,0,0,0,0,0,0,0,0,0,0,0,0,0,0,0,0,0,0,0,0,0,0,0,0,0,0,0,0,0,0,0,0,0,0,0,0,0,0,0,0,0,0,0,0,0,0,0,0,0,0,0,0,0,0,0,0,0,0,0,0,0,0,0,0,0,0,0,0,0,0,0,0,0,0,0,0,0,0,0,0,0,0,0,0,0,0,0,0,0,0,0,0,0,0,0,0,0,637843738725278,0,660617304196837,0,0,0,0,0,0,0,0,0,0,0,0,0,0,698,15,9,46370966119692,12,2820334383149,,0,2,93530977438272,0,0,0,0,3,80551357503326E-07,0,0,0,0,0,0,2,11417463118666E-06,0,0,0,0,3,48838744378049E-06,0,0,838815771407403,0,0,0,44415,0772106373,41755,401564182,0,
430-440C*,0,0154822565062964,713,150024,390,229941585674,928,929027334626,0,64848572351114,359,797542568771,27,4109490032504,28,8333302631116,0,0188446184436615,12,2674838240284,9,59456171071803,309,038667900186,0,868367100461647,0,0287890825949098,56,1367748382997,432,931043079548,313,650310572522,-66,9731198313645,-58,2160286313645,72,2220930859292,70,8117172374396,12,5915914352916,1450,03177370049,0,0,0,366957910820383,0,35495249944882,293,057663220489,1,50776831014904,1,00714929391811,31,5371733860949,40,2942645860949,4,23436244451429,0,203730291078038,0,9,40819692644111E-08,3,41314212017786E-08,0,429362841657699,1,00164516830533,0,524726412303766,134,345318004903,68,2718199413227,43,3329610207186,5,49980725157453,0,0,0,0,0,0,0,0,0,0,0,0,0,0,0,0,0,0,0,0,0,0,0,0,0,0,0,0,0,0,0,0,0,0,0,0,0,0,0,0,0,0,0,0,0,0,0,0,0,0,0,0,0,0,0,0,0,0,0,0,0,0,0,0,0,0,0,0,0,0,0,0,0,0,0,0,0,0,0,0,0,0,0,0,0,0,0,0,0,0,0,0,0,0,0,0,0,35495249944882,0,366957910820383,0,0,0,0,0,0,0,0,0,0,0,0,0,0,708,15,10,4650526258948,12,3010833436862,,0,3,40903201024304,0,0,0,0,5,64491815586466E-07,0,0,0,0,0,0,3,13606626936016E-06,0,0,0,0,5,17450830954261E-06,0,0,868367100461647,0,0,0,44432,4319954681,41751,6301514878,0,
440-450C*,0,014915531774071,723,150024,399,460251759722,929,239153326487,0,674620487310853,362,009591646413,27,4053207786358,28,8132520497274,0,0305778874885623,14,0127037345463,9,64253451927162,311,414804621678,0,89791842951589,0,0467140967124316,57,7636458375831,434,62762918757,316,026447294014,-71,5974545444804,-62,8403633444804,72,5213807039203,71,1157203366365,14,4224886884822,1564,11147566652,0,0,0,0732985174439286,0,0710276136361184,295,168107172424,1,50823151412112,0,923231004410816,31,4487115974267,40,2058027974267,3,97924892474838,0,203815892806448,0,1,52660446772652E-07,1,4212435536791E-08,0,492641956601189,1,14932156559965,-0,221117974285289,159,362947648711,79,518065173234,49,8529274586747,5,49923867214836,0,0,0,0,0,0,0,0,0,0,0,0,0,0,0,0,0,0,0,0,0,0,0,0,0,0,0,0,0,0,0,0,0,0,0,0,0,0,0,0,0,0,0,0,0,0,0,0,0,0,0,0,0,0,0,0,0,0,0,0,0,0,0,0,0,0,0,0,0,0,0,0,0,0,0,0,0,0,0,0,0,0,0,0,0,0,0,0,0,0,0,0,0,0,0,0,0,0710276136361184,0,0732985174439286,0,0,0,0,0,0,0,0,0,0,0,0,0,0,718,15,11,5943179638089,12,31960422317,,0,3,85370880153768,0,0,0,0,9,15962680635914E-07,0,0,0,0,0,0,5,08868257682472E-06,0,0,0,0,8,39632457249587E-06,0,0,89791842951589,0,0,0,44449,7867802989,41747,8599891803,0,
450-460C*,0,0141830131964752,733,150024,409,102018519625,929,549279318348,0,701589804549959,364,119002527701,27,1825086190272,28,5734950150875,0,042311156533463,15,7579236450641,9,69074719186797,313,682999087925,0,927469758570133,0,0646391108299534,59,3617066432114,436,175324321093,318,294641760261,-76,2217892575962,-67,4646980575962,72,8163231323544,71,4253707226726,16,2469372899055,1678,19117763254,0,0,0,00116824861845635,0,00113426223992,297,278551124359,1,50874090883184,0,8440762779087,31,3602498087585,40,1173410087585,3,75327112357094,0,203901494534859,0,2,11238924280893E-07,5,76302027866878E-09,0,555710044700824,1,29650637780295,-0,882912448096167,189,902820286522,92,9893280514103,57,5554633462102,5,49867009272218,0,0,0,0,0,0,0,0,0,0,0,0,0,0,0,0,0,0,0,0,0,0,0,0,0,0,0,0,0,0,0,0,0,0,0,0,0,0,0,0,0,0,0,0,0,0,0,0,0,0,0,0,0,0,0,0,0,0,0,0,0,0,0,0,0,0,0,0,0,0,0,0,0,0,0,0,0,0,0,0,0,0,0,0,0,0,0,0,0,0,0,0,0,0,0,0,0,00113426223992,0,00116824861845635,0,0,0,0,0,0,0,0,0,0,0,0,0,0,728,15,12,8700918470653,12,3375960767664,,0,4,19284764206943,0,0,0,0,1,26743354568536E-06,0,0,0,0,0,0,7,04129888428928E-06,0,0,0,0,1,16181408354491E-05,0,0,927469758570133,0,0,0,44467,1415651298,41744,0910795525,0,
460-480C*,0,0266197578398876,753,150024,424,787228722522,930,014468306139,0,743608568107479,367,054954733445,26,7593797764802,28,1242087322904,0,059911060100814,18,3757535108409,9,73920092782731,317,91746005355,2,36260092267206,0,0915266320062361,61,706638068275,438,019598392476,322,529102725886,-83,15829132727,-74,40120012727,73,2397497122938,71,874943722227,18,9737148111988,1705,32779499319,0,0,0,000870511225997909,0,00084754548259564,300,44421705226,1,50958914637456,0,699638827753997,31,2275571257562,39,9846483257562,3,46146082284097,0,204029897127475,0,2,99106640543255E-07,8,70669017649523E-10,0,649988358622359,1,51652926452554,-1,73907417876336,249,199761606361,118,504086409662,71,8789029673765,5,49781722358293,0,0,0,0,0,0,0,0,0,0,0,0,0,0,0,0,0,0,0,0,0,0,0,0,0,0,0,0,0,0,0,0,0,0,0,0,0,0,0,0,0,0,0,0,0,0,0,0,0,0,0,0,0,0,0,0,0,0,0,0,0,0,0,0,0,0,0,0,0,0,0,0,0,0,0,0,0,0,0,0,0,0,0,0,0,0,0,0,0,0,0,0,0,0,0,0,0,00084754548259564,0,000870511225997909,0,0,0,0,0,0,0,0,0,0,0,0,0,0,743,15,15,106487725096,12,3635919336221,,0,4,52971883668402,0,0,0,0,1,79463984325953E-06,0,0,0,0,0,0,9,97022334548611E-06,0,0,0,0,1,6450865229879E-05,0,2,36260092267206,0,0,0,44493,1737423761,41738,4400688706,0,
480-500C*,0,0242632195393271,773,150024,449,065543959015,930,041462531199,0,802554523222046,370,457929328964,26,2303502775229,27,5641130132595,0,0833775981906154,21,8661933318765,9,78789693246645,321,784407537563,4,27277417750228,0,12737666024128,64,9444580350251,440,323947877575,326,3960502099,-92,4069607535017,-83,6498695535018,73,769073857281,72,4353244638281,22,6179884745593,1987,6261394782,0,0,0,000575865196088376,0,000562522912341367,307,576383427257,1,51047297227411,0,572936211814186,31,0506335484198,39,8077247484198,3,1424703326406,0,204201100584296,0,4,16263595559738E-07,1,1643634649436E-10,0,775973233281339,1,81054643338622,-2,67700801491632,364,086779962862,166,178402871072,97,9234567991175,5,49668006473058,0,0,0,0,0,0,0,0,0,0,0,0,0,0,0,0,0,0,0,0,0,0,0,0,0,0,0,0,0,0,0,0,0,0,0,0,0,0,0,0,0,0,0,0,0,0,0,0,0,0,0,0,0,0,0,0,0,0,0,0,0,0,0,0,0,0,0,0,0,0,0,0,0,0,0,0,0,0,0,0,0,0,0,0,0,0,0,0,0,0,0,0,0,0,0,0,0,000562522912341367,0,000575865196088376,0,0,0,0,0,0,0,0,0,0,0,0,0,0,763,15,18,832605649916,12,3964014854903,,0,5,26084685315194,0,0,0,0,2,49758157335843E-06,0,0,0,0,0,0,1,38754559604152E-05,0,0,0,0,2,28944977557856E-05,0,4,27277417750228,0,0,0,44527,8833120377,41738,0443927727,0,
500-520C*,0,0218237184416372,793,150024,480,236089897776,931,737942905182,0,866149810935249,372,832546432932,25,7414833969719,27,04952544736,0,106844136280417,23,1506906675779,9,83683641712878,325,089346836563,6,16687571662339,0,163226688476323,67,5053093947891,442,116291793548,329,7009895089,-101,655630179733,-92,8985389797335,74,2581855060576,72,9501502004006,26,272056768361,2353,0335195002,0,0,0,000331096970517188,0,000324352239337895,308,13293676094,1,51264439339389,0,462969824847525,30,8737099710834,39,6308011710834,2,86319556557027,0,204779105342965,0,5,3342055057622E-07,1,36162812895303E-11,0,902278629193958,2,10531025355801,-3,49990258720475,533,094500546149,233,731865692243,133,821187290459,5,49554290587824,0,0,0,0,0,0,0,0,0,0,0,0,0,0,0,0,0,0,0,0,0,0,0,0,0,0,0,0,0,0,0,0,0,0,0,0,0,0,0,0,0,0,0,0,0,0,0,0,0,0,0,0,0,0,0,0,0,0,0,0,0,0,0,0,0,0,0,0,0,0,0,0,0,0,0,0,0,0,0,0,0,0,0,0,0,0,0,0,0,0,0,0,0,0,0,0,0,000324352239337895,0,000331096970517188,0,0,0,0,0,0,0,0,0,0,0,0,0,0,783,15,23,5380281580186,12,42675871499,,0,5,71227563471605,0,0,0,0,3,20052330345732E-06,0,0,0,0,0,0,1,77806885753443E-05,0,0,0,0,2,93381302816921E-05,0,6,16687571662339,0,0,0,44544,1027264675,41717,4151928591,0,
520-540C*,0,0165003621599828,813,150024,523,609980629889,935,046335073902,0,937454787585254,373,477620280847,25,292779134827,26,5814098045732,0,130310674370218,27,1175816792542,9,88602059921442,327,847903323826,8,04490554003541,0,199076716711367,69,4096230103477,443,434260082625,332,459545996162,-110,904299605965,-102,147208405965,74,706989164372,73,4183626518542,29,9359196926041,2861,66859393159,0,0,0,000231700800989898,0,000227543572592211,308,320321284279,1,51605951711504,0,368650173084783,30,696786393747,39,453877593747,2,56051342852264,0,207355069298371,0,6,50577505592702E-07,1,37320032233685E-12,1,02890454636022,2,4008207250409,-4,39359987535889,734,460845487588,313,180601089898,175,870767910501,5,49440574702589,0,0,0,0,0,0,0,0,0,0,0,0,0,0,0,0,0,0,0,0,0,0,0,0,0,0,0,0,0,0,0,0,0,0,0,0,0,0,0,0,0,0,0,0,0,0,0,0,0,0,0,0,0,0,0,0,0,0,0,0,0,0,0,0,0,0,0,0,0,0,0,0,0,0,0,0,0,0,0,0,0,0,0,0,0,0,0,0,0,0,0,0,0,0,0,0,0,000227543572592211,0,000231700800989898,0,0,0,0,0,0,0,0,0,0,0,0,0,0,803,15,29,0015750541501,12,4535349960239,,0,6,10412586567329,0,0,0,0,3,90346503355621E-06,0,0,0,0,0,0,2,16859211902734E-05,0,0,0,0,3,57817628075986E-05,0,8,04490554003541,0,0,0,44471,0806150608,41676,6959872148,0,
540-560C*,0,0195195859153808,833,150024,570,394271089758,938,354727242623,1,00836364499355,374,122694128762,24,8854249518392,26,1623006767476,0,15377721246002,31,5577859199744,9,93545070221049,330,234719676303,9,93833101786401,0,23492674494641,71,2212010969314,444,314445340833,334,84636234864,-120,152969032197,-111,395877832197,75,1145750481607,73,8376993232523,33,6095772472884,3401,88922411882,0,0,5,46802807662694E-14,5,38149887615406E-14,308,507705807618,1,5196364514718,0,288806715618069,30,5198628164106,39,2769540164106,2,3018969171807,0,210311685140955,0,7,67734460609185E-07,1,17550415132813E-13,1,15585098478011,2,69707784783491,-5,15869896214347,1025,95254167943,425,145162482088,234,022193648916,5,43047817184044,0,0,0,0,0,0,0,0,0,0,0,0,0,0,0,0,0,0,0,0,0,0,0,0,0,0,0,0,0,0,0,0,0,0,0,0,0,0,0,0,0,0,0,0,0,0,0,0,0,0,0,0,0,0,0,0,0,0,0,0,0,0,0,0,0,0,0,0,0,0,0,0,0,0,0,0,0,0,0,0,0,0,0,0,0,0,0,0,0,0,0,0,0,0,0,0,5,38149887615406E-14,5,46802807662694E-14,0,0,0,0,0,0,0,0,0,0,0,0,0,0,823,15,36,0836052846655,12,4783892020787,,0,6,46377895768874,0,0,0,0,4,60640676365511E-06,0,0,0,0,0,0,2,55911538052026E-05,0,0,0,0,4,22253953335052E-05,0,9,93833101786401,0,0,0,44405,7416905958,41635,9685868066,0,
560-580C*,0,0160151379779295,853,150024,619,524976958466,939,092292148475,1,07685144019615,375,047371835426,24,5326080253651,25,8099597248364,0,232524560479788,37,2666877260002,9,98512795572154,332,527346600103,11,8815493176217,0,355229732934674,73,8320104716879,444,792138347168,340,786493494208,-129,401638458429,-120,644547258429,75,4673919746348,74,1900402751635,37,293029432414,3955,59069487503,0,0,5,46802807662694E-14,5,39225034428416E-14,308,695090330957,1,52160857231435,0,222200775091261,30,3429392390742,39,1000304390742,2,08369906367215,0,213648952870718,0,1,16088148017867E-06,8,38721298380265E-15,1,28311794445365,2,99408162194002,-5,80530425600517,1453,75759272441,585,005890491367,315,450348944555,5,12078859857482,0,0,0,0,0,0,0,0,0,0,0,0,0,0,0,0,0,0,0,0,0,0,0,0,0,0,0,0,0,0,0,0,0,0,0,0,0,0,0,0,0,0,0,0,0,0,0,0,0,0,0,0,0,0,0,0,0,0,0,0,0,0,0,0,0,0,0,0,0,0,0,0,0,0,0,0,0,0,0,0,0,0,0,0,0,0,0,0,0,0,0,0,0,0,0,0,5,39225034428416E-14,5,46802807662694E-14,0,0,0,0,0,0,0,0,0,0,0,0,0,0,843,15,45,3577642532765,12,5015880250881,,0,6,81861632242749,0,0,0,0,6,96528888107203E-06,0,0,0,0,0,0,3,86960570784989E-05,0,0,0,0,6,3848481409827E-05,0,11,8815493176217,0,0,0,44346,1787854873,41625,8039633503,0,
580-600C*,0,0156448376917455,873,150024,662,414183019654,942,193448038554,1,11786758959931,375,68929043472,24,2156083645033,25,5011738241966,0,387612074593321,44,182687332705,10,0350535955002,334,239936638295,13,7471825712441,0,592158236772622,75,5441103826122,444,901129982781,347,082879941086,-138,65030788466,-129,89321668466,75,7843916354966,74,4988261758033,40,9862762479809,4367,15252150688,0,0,5,46802807662694E-14,5,40150461959662E-14,308,882474854296,1,525337994025,0,167541627730274,30,1660156617378,38,9231068617378,1,94793754484187,0,217575684707368,0,1,93515763651184E-06,4,8841076376234E-16,1,41070542538082,3,29183204735624,-6,20811831862831,2090,62757570412,816,35719468437,430,955245769046,4,8110990253092,0,0,0,0,0,0,0,0,0,0,0,0,0,0,0,0,0,0,0,0,0,0,0,0,0,0,0,0,0,0,0,0,0,0,0,0,0,0,0,0,0,0,0,0,0,0,0,0,0,0,0,0,0,0,0,0,0,0,0,0,0,0,0,0,0,0,0,0,0,0,0,0,0,0,0,0,0,0,0,0,0,0,0,0,0,0,0,0,0,0,0,0,0,0,0,0,5,40150461959662E-14,5,46802807662694E-14,0,0,0,0,0,0,0,0,0,0,0,0,0,0,863,15,57,632231049762,12,5233981569856,,0,7,38691381926792,0,0,0,0,1,1610945819071E-05,0,0,0,0,0,0,6,45052674514454E-05,0,0,0,0,0,000106433670008151,0,13,7471825712441,0,0,0,44303,6313006965,41587,3225752068,0,
600-625C*,0,0179875659100866,898,150024,706,207386141276,945,939302722479,1,13230006616875,376,684869241671,23,8968967156337,25,2007163417967,0,562085527971045,48,7626751377091,10,0852288634776,335,938322020875,15,7017367875534,0,858702803590313,77,290066140767,444,642476882759,354,185854122654,-149,055060989171,-140,297969789171,76,1031032843663,74,7992836582033,45,152886559693,4646,46865635274,0,0,5,46802807662694E-14,5,41017212717496E-14,309,093282443052,1,52988873675662,0,114000181889301,29,9669766372344,38,7240678372344,1,86535388943082,0,222791670630437,0,2,80621831238664E-06,1,01130060428898E-17,1,55462446448488,3,6276937575948,-6,45333741608393,3204,25526832826,1208,50638216347,622,452969264742,4,7592289960261,0,0,0,0,0,0,0,0,0,0,0,0,0,0,0,0,0,0,0,0,0,0,0,0,0,0,0,0,0,0,0,0,0,0,0,0,0,0,0,0,0,0,0,0,0,0,0,0,0,0,0,0,0,0,0,0,0,0,0,0,0,0,0,0,0,0,0,0,0,0,0,0,0,0,0,0,0,0,0,0,0,0,0,0,0,0,0,0,0,0,0,0,0,0,0,0,5,41017212717496E-14,5,46802807662694E-14,0,0,0,0,0,0,0,0,0,0,0,0,0,0,885,65,76,4784745873644,12,5466066982359,,0,8,34053986478798,0,0,0,0,1,68373098743199E-05,0,0,0,0,0,0,9,35406291210102E-05,0,0,0,0,0,000154342007181265,0,15,7017367875534,0,0,0,44272,1805275106,41540,8293405383,0,
625-650C*,0,0163883778064307,923,150024,753,66715894842,950,351954101383,1,14833615124591,378,095576297749,23,583282555673,24,9183055354913,0,755944920612961,57,24312199513,10,135655007795,337,08883841514,17,0944972808341,1,15486343338775,79,0387682660593,443,902909838266,361,990335914208,-160,615897771961,-151,858806571961,76,4167174443269,75,0816944645087,49,7969924772677,4956,81991729259,0,0,5,46802807662694E-14,5,41769054871311E-14,309,327513097226,1,53534087102293,0,0744549568937233,29,7458221655639,38,5029133655639,1,77359427230744,0,229162033755708,0,3,7740635078031E-06,1,38605125770891E-19,1,71501028166971,4,00198174617757,-6,72596945571164,5272,43023176202,1911,17166836365,956,90933953573,4,29980892350391,0,0,0,0,0,0,0,0,0,0,0,0,0,0,0,0,0,0,0,0,0,0,0,0,0,0,0,0,0,0,0,0,0,0,0,0,0,0,0,0,0,0,0,0,0,0,0,0,0,0,0,0,0,0,0,0,0,0,0,0,0,0,0,0,0,0,0,0,0,0,0,0,0,0,0,0,0,0,0,0,0,0,0,0,0,0,0,0,0,0,0,0,0,0,0,0,5,41769054871311E-14,5,46802807662694E-14,0,0,0,0,0,0,0,0,0,0,0,0,0,0,910,65,106,587824409514,12,5711903480735,,0,9,46905147962192,0,0,0,0,2,26443810468186E-05,0,0,0,0,0,0,0,000125802142087193,0,0,0,0,0,00020757349292917,0,17,0944972808341,0,0,0,44237,2352239707,41486,2282440928,0,
650-675C*,0,0148880620528579,948,150024,801,259612209793,954,950794930704,1,16437223632306,379,629392823702,23,3137948846746,24,6916003849632,0,949804313254876,66,7402103231404,10,186333282834,337,769461361443,18,154870132346,1,45102406318518,80,621908831374,442,743732994451,369,575888563754,-172,17673455475,-163,41964335475,76,6862051153253,75,3083996150367,54,4564025049069,5564,58991099023,0,0,8,53239383124418E-14,8,46212897647388E-14,309,561743751399,1,54115759739261,0,0463539579261727,29,5246676938934,38,2817588938934,1,68183465518406,0,235992297033239,0,4,74190870321955E-06,1,17292580372822E-21,1,87589691331334,4,37743637743395,-6,99877662774791,8901,78185224659,3097,64528515136,1506,21173934726,3,74010021583588,0,0,0,0,0,0,0,0,0,0,0,0,0,0,0,0,0,0,0,0,0,0,0,0,0,0,0,0,0,0,0,0,0,0,0,0,0,0,0,0,0,0,0,0,0,0,0,0,0,0,0,0,0,0,0,0,0,0,0,0,0,0,0,0,0,0,0,0,0,0,0,0,0,0,0,0,0,0,0,0,0,0,0,0,0,0,0,0,0,0,0,0,0,0,0,0,8,46212897647388E-14,8,53239383124418E-14,0,0,0,0,0,0,0,0,0,0,0,0,0,0,935,65,151,472088858923,12,5954101055128,,0,10,6419724407525,0,0,0,0,2,84514522193173E-05,0,0,0,0,0,0,0,000158063655053376,0,0,0,0,0,000260804978677075,0,18,154870132346,0,0,0,44166,9517509043,41429,5506740666,0,
675-700C*,0,0134576199603317,973,150024,850,427999867997,959,655559539563,1,18040832140022,381,25839453509,23,0745926421078,24,5063148085873,1,09029591498118,77,320462868398,10,2372649492482,338,016581629802,19,2152429838578,1,66565426851842,82,0752455640003,441,215787687061,376,811545528948,-183,73757133754,-174,98048013754,76,9254073578921,75,4936851914126,59,1311166426106,5841,77965347885,0,0,8,53239383124418E-14,8,46706913652811E-14,309,795974405573,1,54728336545594,0,027275358383197,29,3035132222229,38,0606044222229,1,4149367104969,0,243132277450938,0,5,44331460300138E-06,5,62271938327199E-24,2,03728435941579,4,75405765136393,-7,79327671541984,15436,9381363348,5150,83768990068,2429,83798909626,3,03267663049233,0,0,0,0,0,0,0,0,0,0,0,0,0,0,0,0,0,0,0,0,0,0,0,0,0,0,0,0,0,0,0,0,0,0,0,0,0,0,0,0,0,0,0,0,0,0,0,0,0,0,0,0,0,0,0,0,0,0,0,0,0,0,0,0,0,0,0,0,0,0,0,0,0,0,0,0,0,0,0,0,0,0,0,0,0,0,0,0,0,0,0,0,0,0,0,0,8,46706913652811E-14,8,53239383124418E-14,0,0,0,0,0,0,0,0,0,0,0,0,0,0,960,65,219,702960375316,12,6194660346933,,0,11,8301866964596,0,0,0,0,3,26598876180083E-05,0,0,0,0,0,0,0,00018144385638881,0,0,0,0,0,000299382303165076,0,19,2152429838578,0,0,0,44136,5217006984,41371,8334908197,0,
700-725C*,0,0120838775189759,998,150024,902,615575865629,964,385982257081,1,19644440647737,382,954657147475,22,8458289095576,24,3418567094474,1,87434375902533,89,0369412468734,10,2884512739944,337,865816688886,21,0347977133832,2,86345077514603,83,4331756238347,439,365611027999,383,566340267445,-195,29840812033,-186,54131692033,77,1541710904423,75,6581432905525,63,8211348903789,6080,57787922853,0,0,8,53239383124418E-14,8,46881617605985E-14,309,829532436703,1,55366006363708,0,0150068335183521,29,0823587505524,37,8394499505524,1,36900784442103,0,250431791996715,0,9,35768227171906E-06,1,37064635256234E-26,2,19917261997705,5,13184556796752,-7,93014689390923,27523,5424867677,8795,77467058072,4021,33113748795,2,27720958139475,0,0,0,0,0,0,0,0,0,0,0,0,0,0,0,0,0,0,0,0,0,0,0,0,0,0,0,0,0,0,0,0,0,0,0,0,0,0,0,0,0,0,0,0,0,0,0,0,0,0,0,0,0,0,0,0,0,0,0,0,0,0,0,0,0,0,0,0,0,0,0,0,0,0,0,0,0,0,0,0,0,0,0,0,0,0,0,0,0,0,0,0,0,0,0,0,8,46881617605985E-14,8,53239383124418E-14,0,0,0,0,0,0,0,0,0,0,0,0,0,0,985,649999999999,325,560518662277,12,6433841906565,,0,13,0045781950228,0,0,0,0,5,61460936303144E-05,0,0,0,0,0,0,0,000311922804775184,0,0,0,0,0,000514672524944548,0,21,0347977133832,0,0,0,44110,4201355193,41314,0918746184,0,
725-750C*,0,0107643995123666,1023,150024,959,265594145291,969,061797412378,1,21248049155452,384,690256376415,22,6139169385813,24,18404449082,2,75643476767573,101,968743374775,10,3398935303644,337,35183932625,21,3359886868816,4,21102865156652,84,7287122118102,437,235577770466,389,709306236902,-206,859244903119,-198,102153703119,77,3860830614187,75,8159555091799,68,5264572482116,6292,21720848884,0,0,8,53239383124418E-14,8,46748481005226E-14,310,162682750057,1,56022647441404,0,00761602547451487,28,8612042788819,37,6182954788819,1,34254914935558,0,257740657658477,0,1,37615315410671E-05,1,48132469721263E-29,2,36156169499711,5,51080012724471,-8,00901496706078,50507,0763243687,15440,4176521307,6834,21633008193,1,76489081970961,0,0,0,0,0,0,0,0,0,0,0,0,0,0,0,0,0,0,0,0,0,0,0,0,0,0,0,0,0,0,0,0,0,0,0,0,0,0,0,0,0,0,0,0,0,0,0,0,0,0,0,0,0,0,0,0,0,0,0,0,0,0,0,0,0,0,0,0,0,0,0,0,0,0,0,0,0,0,0,0,0,0,0,0,0,0,0,0,0,0,0,0,0,0,0,0,8,46748481005226E-14,8,53239383124418E-14,0,0,0,0,0,0,0,0,0,0,0,0,0,0,1010,65,493,315881911331,12,6674925659293,,0,14,1360308847218,0,0,0,0,8,25691892464023E-05,0,0,0,0,0,0,0,000458717809779112,0,0,0,0,0,000756884234758688,0,21,3359886868816,0,0,0,44087,0264545292,41257,3177025984,0,
750-775C*,0,00935194436751216,1048,150024,1038,40472745253,973,209986174521,1,19392732119211,386,43726793747,22,2323915818633,23,8791471016089,3,63852577632614,116,190100072474,10,3915929980162,336,548758615056,22,3963615383935,5,55860652798701,86,1231649284521,434,864093543517,394,384968606692,-218,420081685909,-209,662990485909,77,7676084181284,76,1208528983828,73,2373819903068,6500,96238867548,0,0,8,32056794748437E-12,8,25422898936806E-12,310,522482582362,1,56661827769845,0,00350315367652875,28,6400498072114,37,3971410072114,1,32400945733548,0,264516292801917,0,1,81653808104151E-05,5,94693471596448E-33,2,52413410345053,5,89018176006796,-8,06428675372591,95489,4314004876,27891,6356879569,11938,749846073,1,4933691551389,0,0,0,0,0,0,0,0,0,0,0,0,0,0,0,0,0,0,0,0,0,0,0,0,0,0,0,0,0,0,0,0,0,0,0,0,0,0,0,0,0,0,0,0,0,0,0,0,0,0,0,0,0,0,0,0,0,0,0,0,0,0,0,0,0,0,0,0,0,0,0,0,0,0,0,0,0,0,0,0,0,0,0,0,0,0,0,0,0,0,0,0,0,0,0,0,8,25422898936806E-12,8,32056794748437E-12,0,0,0,0,0,0,0,0,0,0,0,0,0,0,1035,65,765,086115018181,12,6921191530392,,0,15,0917576461834,0,0,0,0,0,00010899228486249,0,0,0,0,0,0,0,000605512814783041,0,0,0,0,0,000999095944572828,0,22,3963615383935,0,0,0,44062,0933632918,41207,1166624955,0,
775-800C*,0,00796062048556015,1073,150024,1139,68007371924,976,297565130339,1,01846441011619,388,167767546202,21,769153824766,23,4968895157108,4,52061678497654,131,77136673414,10,4435509630063,335,535143876956,23,4567343899053,6,90618440440749,87,7936807732813,432,285821973533,395,291032544421,-229,980918468699,-221,223827268699,78,2308461752127,76,5031104842681,77,9086930966788,6767,65334408495,0,0,2,13093714337507E-11,2,11262120971285E-11,310,908931933617,1,57240661951999,0,00142714126773831,28,4188953355409,37,1759865355409,1,28508186247729,0,269338316222646,0,2,2569230079763E-05,7,0308269579866E-37,2,68541018814172,6,26654361861512,-8,18036360389583,186195,107057302,51899,4131600489,21458,7542200953,1,22184749056819,0,0,0,0,0,0,0,0,0,0,0,0,0,0,0,0,0,0,0,0,0,0,0,0,0,0,0,0,0,0,0,0,0,0,0,0,0,0,0,0,0,0,0,0,0,0,0,0,0,0,0,0,0,0,0,0,0,0,0,0,0,0,0,0,0,0,0,0,0,0,0,0,0,0,0,0,0,0,0,0,0,0,0,0,0,0,0,0,0,0,0,0,0,0,0,0,2,11262120971285E-11,2,13093714337507E-11,0,0,0,0,0,0,0,0,0,0,0,0,0,0,1060,65,1215,54170727079,12,7175919445133,,0,15,5196115116853,0,0,0,0,0,000135415380478578,0,0,0,0,0,0,0,000752307819786969,0,0,0,0,0,00124130765438697,0,23,4567343899053,0,0,0,44024,7663420775,41170,0168977357,0,
800-825C*,0,00678507068284926,1098,150024,1240,95541998595,981,958940796144,0,854662959143268,389,853830918169,21,3059160676687,23,1224338380725,5,04138957196696,148,782898753947,10,4957687178213,333,960531949141,24,5171072414172,7,7017733850319,88,5516879599177,429,531931791022,396,19709648215,-241,541755251488,-232,784664051488,78,694083932297,76,8775661618935,82,5800042030509,7034,34429949441,0,0,3,4298174920017E-11,3,39705855901307E-11,311,322030803823,1,58040040491475,0,000499276051668326,28,1977408638704,36,9548320638704,1,24615426761909,0,274160339643375,0,2,51691940687317E-05,1,79365614365673E-41,2,84668627283292,6,64290547716228,-8,29647197350468,374843,106335229,99579,4494569353,39723,6234223605,0,950325825997483,0,0,0,0,0,0,0,0,0,0,0,0,0,0,0,0,0,0,0,0,0,0,0,0,0,0,0,0,0,0,0,0,0,0,0,0,0,0,0,0,0,0,0,0,0,0,0,0,0,0,0,0,0,0,0,0,0,0,0,0,0,0,0,0,0,0,0,0,0,0,0,0,0,0,0,0,0,0,0,0,0,0,0,0,0,0,0,0,0,0,0,0,0,0,0,0,3,39705855901307E-11,3,4298174920017E-11,0,0,0,0,0,0,0,0,0,0,0,0,0,0,1085,65,1980,0374789417,12,7442389328788,,0,15,9474653771872,0,0,0,0,0,00015101516441239,0,0,0,0,0,0,0,000838973303419018,0,0,0,0,0,00138430567378024,0,24,5171072414172,0,0,0,43987,4393208631,41104,0144144427,0,
825-850C*,0,0057833346689878,1123,150024,1342,23076625266,985,613668993759,0,702522968273346,391,467533768933,20,8426783105715,22,7555076823684,7,45314445698428,167,292348862565,10,5482475614104,332,317374994311,25,5774800929291,11,3862316716784,89,9028608912827,426,630353116244,397,103160419879,-253,102592034278,-244,345500834278,79,1573216893812,77,2444923175849,87,251315309423,7301,03525490387,0,0,4,72869784062833E-11,4,67744266224303E-11,311,761779192979,1,58704575138087,0,000143780415006924,27,9765863921999,36,7336775921999,1,2072266727609,0,284065971223571,0,3,72099074237857E-05,6,44754093073519E-47,3,00796235752412,7,01926733570944,-8,41261186255248,779938,965654126,197216,024600749,75807,6980601853,0,678804161426773,0,0,0,0,0,0,0,0,0,0,0,0,0,0,0,0,0,0,0,0,0,0,0,0,0,0,0,0,0,0,0,0,0,0,0,0,0,0,0,0,0,0,0,0,0,0,0,0,0,0,0,0,0,0,0,0,0,0,0,0,0,0,0,0,0,0,0,0,0,0,0,0,0,0,0,0,0,0,0,0,0,0,0,0,0,0,0,0,0,0,0,0,0,0,0,0,4,67744266224303E-11,4,72869784062833E-11,0,0,0,0,0,0,0,0,0,0,0,0,0,0,1110,65,3309,61155043491,12,7723881106629,,0,16,3753192426891,0,0,0,0,0,000223259444542714,0,0,0,0,0,0,0,00124033049552557,0,0,0,0,0,00204654490830821,0,25,5774800929291,0,0,0,43950,1122996487,41058,921908377,0,
850-875C*,0,00522731247852439,1148,150024,1359,96620776501,988,812461274755,0,562044437506423,392,980951814052,20,3794405534742,22,3958461276883,10,5649027456097,187,370908603053,10,6009887992175,330,466414169333,26,637852944441,16,1400910641866,91,3394111322247,423,606034728143,398,009224357608,-264,663428817068,-255,906337617068,79,6205594464655,77,6041538722521,91,922626415795,7336,1721161838,0,0,6,02757818925496E-11,5,95248303676801E-11,312,228177101085,1,59352622620504,3,21111780549555E-05,27,7554319205294,36,5125231205294,1,1682990779027,0,2891688472839,0,5,27453956345968E-05,1,79175042785312E-53,3,16923844221532,7,3956291942566,-8,52878327103922,1679056,87318761,403577,177813522,149285,168577104,0,407282496856064,0,0,0,0,0,0,0,0,0,0,0,0,0,0,0,0,0,0,0,0,0,0,0,0,0,0,0,0,0,0,0,0,0,0,0,0,0,0,0,0,0,0,0,0,0,0,0,0,0,0,0,0,0,0,0,0,0,0,0,0,0,0,0,0,0,0,0,0,0,0,0,0,0,0,0,0,0,0,0,0,0,0,0,0,0,0,0,0,0,0,0,0,0,0,0,0,5,95248303676801E-11,6,02757818925496E-11,0,0,0,0,0,0,0,0,0,0,0,0,0,0,1135,65,5680,96769210691,12,8023674703929,,0,16,803173108191,0,0,0,0,0,000316472373807581,0,0,0,0,0,0,0,00175818020612253,0,0,0,0,0,00290099675990282,0,26,637852944441,0,0,0,43912,7852784344,41021,0783111729,0,
875-900C*,0,00438827328837138,1173,150024,1473,69921253144,991,475051968251,0,433227366842497,394,366160769087,19,9162027963769,22,0431910382372,13,6766610342352,209,092524229875,10,6539937432136,328,434734391161,27,6982257959528,20,8939504566948,92,8887795094648,420,481196278073,398,915288295337,-276,224265599857,-267,467174399857,80,0837972035498,77,9568089616906,96,5939375221671,7620,74309174829,0,0,7,32645853788159E-11,7,22088347170371E-11,312,721224528142,1,59976469884707,5,09973207876392E-06,27,5342774488589,36,2913686488589,1,12937148304451,0,293379976387669,0,6,82808838454079E-05,1,60737721426156E-61,3,33051452690652,7,77199105280376,-8,6449861989649,3743943,59282939,854218,619451569,303650,577737732,0,135760832285354,0,0,0,0,0,0,0,0,0,0,0,0,0,0,0,0,0,0,0,0,0,0,0,0,0,0,0,0,0,0,0,0,0,0,0,0,0,0,0,0,0,0,0,0,0,0,0,0,0,0,0,0,0,0,0,0,0,0,0,0,0,0,0,0,0,0,0,0,0,0,0,0,0,0,0,0,0,0,0,0,0,0,0,0,0,0,0,0,0,0,0,0,0,0,0,0,7,22088347170371E-11,7,32645853788159E-11,0,0,0,0,0,0,0,0,0,0,0,0,0,0,1160,65,10021,5647961,12,8345050045959,,0,17,2310269736929,0,0,0,0,0,000409685303072447,0,0,0,0,0,0,0,00227602991671949,0,0,0,0,0,00375544861149743,0,27,6982257959528,0,0,0,43912,7762896439,40989,7189685669,0,
900-925C*,0,00365087336677129,1198,150024,1601,99743717809,993,521175403369,0,316071756281569,395,595236349599,19,7610955966215,22,0307120269901,16,7884193228607,232,528682597621,10,7072637119296,326,248044387529,28,7585986474647,25,647809849203,94,578324402821,417,275571158095,399,821352233066,-287,785102382647,-279,028011182647,80,2389044032922,77,9692879729252,101,265248628539,7956,78351257022,0,0,8,62533888650823E-11,8,47738652238367E-11,313,240921474149,1,60568456117896,5,0510426232693E-07,27,3131229771884,36,0702141771884,1,09044388818631,0,296549175522786,0,8,38163720562189E-05,1,24163910207317E-71,3,49179061159772,8,14835291135092,-8,76122064632952,8656021,32643908,1872035,12957471,638551,761642709,0,0,0,0,0,0,0,0,0,0,0,0,0,0,0,0,0,0,0,0,0,0,0,0,0,0,0,0,0,0,0,0,0,0,0,0,0,0,0,0,0,0,0,0,0,0,0,0,0,0,0,0,0,0,0,0,0,0,0,0,0,0,0,0,0,0,0,0,0,0,0,0,0,0,0,0,0,0,0,0,0,0,0,0,0,0,0,0,0,0,0,0,0,0,0,0,0,8,47738652238367E-11,8,62533888650823E-11,0,0,0,0,0,0,0,0,0,0,0,0,0,0,1185,65,18181,3639268937,12,8691287057992,,0,17,6588808391949,0,0,0,0,0,000502898232337314,0,0,0,0,0,0,0,00279387962731644,0,0,0,0,0,00460990046309204,0,28,7585986474647,0,0,0,43862,9609745199,40965,725256214,0,
925-950C*,0,00300851016735667,1223,150024,1746,30413564757,994,870565909229,0,210577605823638,396,640254271146,19,0148747742962,21,3853111013362,18,4574313967259,257,750870560881,10,7608000304893,323,930687726131,29,8189714989766,28,1975736764759,96,4356528846688,414,00663712532,400,727416170795,-299,345939165437,-290,588847965437,80,9851252256046,78,6146888985665,105,936559734911,8355,52599889912,0,0,9,92421923513486E-11,9,73210621621726E-11,313,787267939106,1,61121149129817,0,27,0919685055179,35,8490597055179,1,05756268603655,0,298526261677161,0,9,21489335832546E-05,1,01179546585337E-84,3,65306669628892,8,52471476989808,-8,85942564159894,20772948,8258021,4252097,54182513,1389591,31663748,0,0,0,0,0,0,0,0,0,0,0,0,0,0,0,0,0,0,0,0,0,0,0,0,0,0,0,0,0,0,0,0,0,0,0,0,0,0,0,0,0,0,0,0,0,0,0,0,0,0,0,0,0,0,0,0,0,0,0,0,0,0,0,0,0,0,0,0,0,0,0,0,0,0,0,0,0,0,0,0,0,0,0,0,0,0,0,0,0,0,0,0,0,0,0,0,0,9,73210621621726E-11,9,92421923513486E-11,0,0,0,0,0,0,0,0,0,0,0,0,0,0,1210,65,33945,8835740759,12,90656656653,,0,18,0867347046968,0,0,0,0,0,000552893601499528,0,0,0,0,0,0,0,00307163173376805,0,0,0,0,0,005068191347079,0,29,8189714989766,0,0,0,43802,8887368829,40949,9844773225,0,
950-975C*,0,00252980332554752,1248,150024,1848,6074975862,997,910617821066,0,19228010799495,398,061715925352,18,5264895250851,21,0247704107147,24,6249293843139,284,831908834672,10,8146040306417,321,262549865118,30,8793443504885,37,6197123894161,97,6978460016813,410,689832872001,401,633480108524,-310,906775948226,-302,149684748226,81,4735104748026,78,9752295891756,110,607870841283,8634,49003195118,0,0,1,12230995837615E-10,1,09730235494036E-10,314,259213688657,1,61830155259537,0,26,8708140338474,35,6279052338475,1,01258869846993,0,303092480167751,0,0,000122940236566719,2,50092970122616E-102,3,81434278098011,8,90107662844525,-8,99378409937559,51800397,4984346,10020155,8732243,3132161,31939756,0,0,0,0,0,0,0,0,0,0,0,0,0,0,0,0,0,0,0,0,0,0,0,0,0,0,0,0,0,0,0,0,0,0,0,0,0,0,0,0,0,0,0,0,0,0,0,0,0,0,0,0,0,0,0,0,0,0,0,0,0,0,0,0,0,0,0,0,0,0,0,0,0,0,0,0,0,0,0,0,0,0,0,0,0,0,0,0,0,0,0,0,0,0,0,0,0,1,09730235494036E-10,1,12230995837615E-10,0,0,0,0,0,0,0,0,0,0,0,0,0,0,1235,65,65266,4986039276,12,9374370111835,,0,18,5145885701987,0,0,0,0,0,000737641419400315,0,0,0,0,0,0,0,00409800870515888,0,0,0,0,0,00676171301116956,0,30,8793443504885,0,0,0,43763,477193577,40914,5850663418,0,
975-1000C*,0,00212007161455368,1273,150024,1949,88284385291,1000,99819677688,0,180287955324343,399,520993867439,18,0632517679878,20,6976710627531,33,7553200766791,313,845241835684,10,8686770507949,319,33589354006,31,9397172020003,51,5682872863894,98,8964420102469,407,338759566125,402,539544046253,-322,467612731016,-313,710521531016,81,9367482318869,79,3023289371249,115,279181947655,8901,18098736065,0,0,1,25219799323881E-10,1,22014915642001E-10,314,724250867723,1,62562185649293,0,26,649659562177,35,406750762177,0,973661103611731,0,30791450358848,0,0,000168523814661403,2,79050048688521E-127,3,97561886567131,9,2774384869924,-9,11011310505704,134364626,637609,24522248,2551966,7607894,71459493,0,0,0,0,0,0,0,0,0,0,0,0,0,0,0,0,0,0,0,0,0,0,0,0,0,0,0,0,0,0,0,0,0,0,0,0,0,0,0,0,0,0,0,0,0,0,0,0,0,0,0,0,0,0,0,0,0,0,0,0,0,0,0,0,0,0,0,0,0,0,0,0,0,0,0,0,0,0,0,0,0,0,0,0,0,0,0,0,0,0,0,0,0,0,0,0,0,1,22014915642001E-10,1,25219799323881E-10,0,0,0,0,0,0,0,0,0,0,0,0,0,0,1260,65,149444,409338943,12,9676688827136,,0,18,9424424357006,0,0,0,0,0,00101114288796842,0,0,0,0,0,0,0,00561746161220554,0,0,0,0,0,00926880980637718,0,31,9397172020003,0,0,0,43726,1501723626,40878,7119707583,0,
1000-1050C*,0,00323206971467902,1323,150024,2101,79586325298,1005,62956521061,0,162299726318433,401,709910780571,17,3683951323419,20,2178107117589,47,4509061152269,361,135584622145,10,9230204360489,320,03344930866,33,5302764792681,72,4911496318494,,403,021771717758,403,898639952846,-339,8088679052,-331,0517767052,82,6316048675134,79,782189288101,122,286148607213,9301,21742047484,0,0,1,44703004553281E-10,1,40183805932381E-10,315,421806636324,1,63696315324487,0,26,3179278546712,35,0750190546712,0,915269711324438,0,315147538719574,0,0,000236899181803429,9,04794078109171E-231,4,21753299270811,9,84198127481315,-9,28466571252723,605770186,276923,100994045,015292,31832205,1371736,0,0,0,0,0,0,0,0,0,0,0,0,0,0,0,0,0,0,0,0,0,0,0,0,0,0,0,0,0,0,0,0,0,0,0,0,0,0,0,0,0,0,0,0,0,0,0,0,0,0,0,0,0,0,0,0,0,0,0,0,0,0,0,0,0,0,0,0,0,0,0,0,0,0,0,0,0,0,0,0,0,0,0,0,0,0,0,0,0,0,0,0,0,0,0,0,0,1,40183805932381E-10,1,44703004553281E-10,0,0,0,0,0,0,0,0,0,0,0,0,0,0,1298,15,619727,541717669,13,0130166900088,,0,19,5842232339535,0,0,0,0,0,00142139509082058,0,0,0,0,0,0,0,00789664097277552,0,0,0,0,0,0130294549991886,0,33,5302764792681,0,0,0,43670,1596405411,40825,1945408961,0,
1050-1100C*,0,00221009862351091,1373,150024,2304,34655578639,1011,80472312225,0,138315420977219,404,628466664746,16,4419196181474,19,5969173942851,63,2317774556493,431,596965204248,10,9776355382291,320,963523666794,35,6510221822919,96,5997199272525,,395,268476101325,405,710767828304,-362,93054147078,-354,17345027078,83,5580803816819,80,4030826055511,131,628770819958,9834,59933129376,0,0,1,70680611525813E-10,1,63844793991713E-10,316,351880994457,1,6527650011979,0,25,8756189113302,34,6327101113302,0,837414521608049,0,324791585561032,0,0,000315685359239387,0,4,54008516209051,10,5947049919075,-9,51751284052378,5229734856,22806,767887369,471619,254426596,547752,0,0,0,0,0,0,0,0,0,0,0,0,0,0,0,0,0,0,0,0,0,0,0,0,0,0,0,0,0,0,0,0,0,0,0,0,0,0,0,0,0,0,0,0,0,0,0,0,0,0,0,0,0,0,0,0,0,0,0,0,0,0,0,0,0,0,0,0,0,0,0,0,0,0,0,0,0,0,0,0,0,0,0,0,0,0,0,0,0,0,0,0,0,0,0,0,0,1,63844793991713E-10,1,70680611525813E-10,0,0,0,0,0,0,0,0,0,0,0,0,0,0,1348,15,5395472,23590163,13,073480433069,,0,20,4399309649573,0,0,0,0,0,00189411215543632,0,0,0,0,0,0,0,0105228474125486,0,0,0,0,0,0173626947581663,0,35,6510221822919,0,0,0,43595,5055981124,40754,3852460928,0,
1100-1150C*,0,00148049736490146,1423,150024,2506,89724831981,1017,97988103388,0,114331115636005,407,547022548921,15,5154441039529,18,995950444866,100,511,058802566483,11,0325237159203,321,893598024927,37,7717678853156,161,028267998075,,389,503413793244,407,522895703762,-386,052215036359,-377,295123836359,84,4845558958505,81,0040495549473,140,971393032702,10367,9812421127,0,0,1,96658218498346E-10,1,86734389641693E-10,317,281955352591,1,66935617869648,0,25,4333099679892,34,1904011679892,0,759559331891659,0,334435632402491,0,0,00052623616992835,0,4,8626373314729,11,3474287090018,-9,7504860462761,53730912362,7707,6976771180,6622,2522791121,30506,0,0,0,0,0,0,0,0,0,0,0,0,0,0,0,0,0,0,0,0,0,0,0,0,0,0,0,0,0,0,0,0,0,0,0,0,0,0,0,0,0,0,0,0,0,0,0,0,0,0,0,0,0,0,0,0,0,0,0,0,0,0,0,0,0,0,0,0,0,0,0,0,0,0,0,0,0,0,0,0,0,0,0,0,0,0,0,0,0,0,0,0,0,0,0,0,0,1,86734389641693E-10,1,96658218498346E-10,0,0,0,0,0,0,0,0,0,0,0,0,0,0,1398,15,66734723,901239,13,1339441761292,,0,21,2956386959611,0,0,0,0,0,0031574170195701,0,0,0,0,0,0,0,0175412091725195,0,0,0,0,0,0289429893460592,0,37,7717678853156,0,0,0,43520,8515556836,40684,2034030187,0,
1150+C*,0,00256434972394537,1623,150024,3013,27397965335,1033,41777581298,0,05437035228297,414,843412259358,13,1992553184665,17,5682217578366,100,752,595946382154,11,0876863344999,324,218783920262,43,073632142875,396,686055681353,,379,290600981301,412,053215392407,-443,856398950307,-435,099307750307,86,8007446812719,82,4317782419239,164,327948564562,11701,43601916,0,0,2,61602235929678E-10,2,39473789786319E-10,319,607141247925,1,71440556034966,0,24,3275376096368,33,0846288096368,0,564921357600686,0,358545749506137,0,0,00129635965908939,0,5,6690177549289,13,2292380017376,-10,3334706508384,192017410000530,41992697065352,2,13966507760135,2,0,0,0,0,0,0,0,0,0,0,0,0,0,0,0,0,0,0,0,0,0,0,0,0,0,0,0,0,0,0,0,0,0,0,0,0,0,0,0,0,0,0,0,0,0,0,0,0,0,0,0,0,0,0,0,0,0,0,0,0,0,0,0,0,0,0,0,0,0,0,0,0,0,0,0,0,0,0,0,0,0,0,0,0,0,0,0,0,0,0,0,0,0,0,0,0,0,2,39473789786319E-10,2,61602235929678E-10,0,0,0,0,0,0,0,0,0,0,0,0,0,0,1523,15,248162530788,547,13,2851035337798,,0,23,4349080234707,0,0,0,0,0,00777815795453633,0,0,0,0,0,0,0,0432119972787107,0,0,0,0,0,0712997812499164,0,43,073632142875,0,0,0,43334,2164496119,40511,5024343368,0,
