Name,Es Sider-2007
Created,26/03/2026 08:54:11
Cpt,Composition,Boiling Temperature,Molecular Weight,Standard Liquid Density,Acidity,Aniline Point,Assay - Aromatics Vol Pct,Assay - Aromatics Wt Pct,Asphaltene Content,Basic Nitrogen Content,C to H Ratio,Cloud Point,Conradson Carbon Content,Copper Content,Cetane Number,Flash Point,Freeze Point,MON (Clear),MON (Leaded),Assay - Naphthenes Vol Pct,Assay - Naphthenes Wt Pct,Nickel Content,Nitrogen Content,Assay - Olefins Vol Pct,Assay - Olefins Wt Pct,Assay - Paraffins Vol Pct,Assay - Paraffins Wt Pct,Pour Point,Refractive Index,Reid Vapour Pressure,RON (Clear),RON (Leaded),Smoke Point,Sulfur Content,Mercaptan Sulfur Content,Sodium Content,True Vapour Pressure,Vanadium Content,Iron Content,Luminometer Number,Viscosity @ 38C,Viscosity @ 50C,Viscosity @ 60C,Wax Content,Pi C6 22DMB Wt Pct,Pi C6 22DMB Vol Pct,Pi C6 23DMB Wt Pct,Pi C6 23DMB Vol Pct,Pi C6 2MP Wt Pct,Pi C6 2MP Vol Pct,Pi C6 3MP Wt Pct,Pi C6 3MP Vol Pct,Pi C7 22-mPentane Wt Pct,Pi C7 22-mPentane Vol Pct,Pi C7 24-mPentane Wt Pct,Pi C7 24-mPentane Vol Pct,Pi C7 223-mButane Wt Pct,Pi C7 223-mButane Vol Pct,Pi C7 33-mPentane Wt Pct,Pi C7 33-mPentane Vol Pct,Pi C7 23-mPentane Wt Pct,Pi C7 23-mPentane Vol Pct,Pi C7 2-mHexane Wt Pct,Pi C7 2-mHexane Vol Pct,Pi C7 3-mHexane Wt Pct,Pi C7 3-mHexane Vol Pct,Pi C7 3-ePentane Wt Pct,Pi C7 3-ePentane Vol Pct,Pi C6 Wt Pct,Pi C6 Vol Pct,Pi C7 Wt Pct,Pi C7 Vol Pct,Pi C8 Wt Pct,Pi C8 Vol Pct,Pi C9 Wt Pct,Pi C9 Vol Pct,Pi C10  Wt Pct,Pi C10  Vol Pct,Pi C11  Wt Pct,Pi C11  Vol Pct,Pn C6 Hexane Wt Pct,Pn C6 Hexane Vol Pct,Pn C7 Heptane Wt Pct,Pn C7 Heptane Vol Pct,Pn C8 Octane Wt Pct,Pn C8 Octane Vol Pct,Pn C9 Nonane Wt Pct,Pn C9 Nonane Vol Pct,Pn C10 Decane Wt Pct,Pn C10 Decane Vol Pct,Pn C11 n-C11 Wt Pct,Pn C11 n-C11 Vol Pct,On C6 Wt Pct,On C6 Vol Pct,On C7 Wt Pct,On C7 Vol Pct,On C8 Wt Pct,On C8 Vol Pct,On C9 Wt Pct,On C9 Vol Pct,On C10 Wt Pct,On C10 Vol Pct,On C11 Wt Pct,On C11 Vol Pct,A C6 Benzene Wt Pct,A C6 Benzene Vol Pct,A C7 Toluene Wt Pct,A C7 Toluene Vol Pct,A C8 m-Xylene Wt Pct,A C8 m-Xylene Vol Pct,A C8 o-Xylene Wt Pct,A C8 o-Xylene Vol Pct,A C8 p-Xylene Wt Pct,A C8 p-Xylene Vol Pct,A C8 EthBenz Wt Pct,A C8 EthBenz Vol Pct,N C6 cyc-C5 Wt Pct,N C6 cyc-C5 Vol Pct,N C6 cyc-C6 Wt Pct,N C6 cyc-C6 Vol Pct,A C8 Wt Pct,A C8 Vol Pct,A C9 Wt Pct,A C9 Vol Pct,A C10 Wt Pct,A C10 Vol Pct,A C11 Wt Pct,A C11 Vol Pct,N C6 Wt Pct,N C6 Vol Pct,N C7 Wt Pct,N C7 Vol Pct,N C8 Wt Pct,N C8 Vol Pct,N C9 Wt Pct,N C9 Vol Pct,N C10 Wt Pct,N C10 Vol Pct,N C11 Wt Pct,N C11 Vol Pct,Pi Wt Pct,Pi Vol Pct,Pn Wt Pct,Pn Vol Pct,Oi C6 Wt Pct,Oi C6 Vol Pct,Oi C7 Wt Pct,Oi C7 Vol Pct,Oi C8 Wt Pct,Oi C8 Vol Pct,Oi C9 Wt Pct,Oi C9 Vol Pct,Oi C10 Wt Pct,Oi C10 Vol Pct,Oi C11 Wt Pct,Oi C11 Vol Pct,Centroid Boiling Temperature,Viscosity @ 100C,Hydrogen,CarbonByWt,PValue,RamsCarbonResidueByWt,SulfideByWt,ZincByWt,TinByWt,ChromiumByWt,LeadByWt,AluminiumByWt,MagnesiumByWt,MetalByWt,ArsenicByWt,CadmiumByWt,MercuryByWt,NaClByWt,SaltByWt,MudByWt,ChloridesByWt,MolybdenumByWt,AshByWt,GumByWt,MicroCarbonResidueByWt,nC5InsolublesByWt,NaphthenicAcidByWt,NaphthenicAcidByVol,Gross Heating Value,Net Heating Value,Oxygen Content,
Hydrogen,0,20,5548,2,016000032,69,85910034,0,,0,0,0,0,0,13,9,0,0,,,13,9,10,,0,0,0,0,0,0,0,0,13,9,,,130,,,0,0,0,,0,0,,,,,0,,,,,,,,,,,,,,,,,,,,,,,,,,,,,,,,,,,,,,,,,,,,,,,,,,,,,,,,,,,,,,,,,,,,,,,,,,,,,,,,,,,,,,,,,,,,,,,,,0,0,0,0,,,,,,,,,,,,,,,100,0,,,,,,,,,,,,,,,,,,,,,0,,,,,,,
Nitrogen,0,77,3498,28,0135,806,3740234,0,,0,0,0,0,0,63,1,0,0,,,63,1,,,0,0,0,0,0,0,0,0,63,1,,,,,,0,0,0,,0,0,,,,,0,,,,,,,,,,,,,,,,,,,,,,,,,,,,,,,,,,,,,,,,,,,,,,,,,,,,,,,,,,,,,,,,,,,,,,,,,,,,,,,,,,,,,,,,,,,,,,,,,0,0,0,0,,,,,,,,,,,,,,,0,0,,,,,,,,,,,,,,,,,,,,,0,,,,,,,
CO,0,81,6996,28,0109005,799,3880005,0,,0,0,0,0,0,68,2,0,0,,,68,2,,,0,0,0,0,0,0,0,0,68,2,,,120,,,0,0,0,,0,0,,,,,0,,,,,,,,,,,,,,,,,,,,,,,,,,,,,,,,,,,,,,,,,,,,,,,,,,,,,,,,,,,,,,,,,,,,,,,,,,,,,,,,,,,,,,,,,,,,,,,,,0,0,0,0,,,,,,,,,,,,,,,0,0,,,,,,,,,,,,,,,,,,,,,0,,,,,,,
Oxygen,0,90,1996,32,1137,680054,0,,0,0,0,0,0,54,4,0,0,,,54,4,,,0,0,0,0,0,0,0,0,54,4,,,120,,,0,0,0,,0,0,,,,,0,,,,,,,,,,,,,,,,,,,,,,,,,,,,,,,,,,,,,,,,,,,,,,,,,,,,,,,,,,,,,,,,,,,,,,,,,,,,,,,,,,,,,,,,,,,,,,,,,0,0,0,0,,,,,,,,,,,,,,,0,0,,,,,,,,,,,,,,,,,,,,,0,,,,,,,
Methane,3,43493002953568E-05,111,625,16,04290009,299,3940125,0,,0,0,0,0,3,90,4,0,0,,85,15,90,4,,,0,0,0,0,0,0,100,100,90,4,,,120,,,0,0,0,,0,0,,,,,0,,,,,,,,,,,,,,,,,,,,,,,,,,,,,,,,,,,,,,,,,,,,,,,,,,,,,,,,,,,,,,,,,,,,,,,,,,,,,,,,,,,,,,,,,,,,,,,,,0,0,100,100,,,,,,,,,,,,,,,25,13516209,75,,,,,,,,,,,,,,,,,,,,,0,,,,,,,
Ethylene,0,169,399,28,05380058,383,2260132,0,,0,0,0,0,6,104,0,0,,137,15,104,75,6,,0,0,0,0,100,100,0,0,104,,,100,51,,,0,0,0,,0,0,,,,,0,,,,,,,,,,,,,,,,,,,,,,,,,,,,,,,,,,,,,,,,,,,,,,,,,,,,,,,,,,,,,,,,,,,,,,,,,,,,,,,,,,,,,,,,,,,,,,,,,0,0,0,0,,,,,,,,,,,,,,,14,34761566,85,71428571,,,,,,,,,,,,,,,,,,,,,0,,,,,,,
Ethane,0,0012568206753719,184,55,30,06990051,355,6830139,0,,0,0,0,0,4,90,4,0,0,,138,15,90,4,100,79,,0,0,0,0,0,0,100,100,90,4,,,111,38,,,0,0,0,,0,0,,,,,0,,,,,,,,,,,,,,,,,,,,,,,,,,,,,,,,,,,,,,,,,,,,,,,,,,,,,,,,,,,,,,,,,,,,,,,,,,,,,,,,,,,,,,,,,,,,,,,,,0,0,100,100,,,,,,,,,,,,,,,20,11147323,80,,,,,,,,,,,,,,,,,,,,,0,,,,,,,
CO2,0,194,598,44,00970078,825,335022,0,,0,0,0,0,0,217,0,0,,,217,,,0,0,0,0,0,0,0,0,217,,,,,,0,0,0,,0,0,,,,,0,,,,,,,,,,,,,,,,,,,,,,,,,,,,,,,,,,,,,,,,,,,,,,,,,,,,,,,,,,,,,,,,,,,,,,,,,,,,,,,,,,,,,,,,,,,,,,,,,0,0,0,0,,,,,,,,,,,,,,,0,0,,,,,,,,,,,,,,,,,,,,,0,,,,,,,
H2S,0,213,498,34,07600021,788,40802,0,,0,0,0,0,0,188,0,0,,,188,,,0,0,0,0,0,0,0,0,188,,2759,,,,94,1177,0,0,,0,0,,,,,0,,,,,,,,,,,,,,,,,,,,,,,,,,,,,,,,,,,,,,,,,,,,,,,,,,,,,,,,,,,,,,,,,,,,,,,,,,,,,,,,,,,,,,,,,,,,,,,,,0,0,0,0,,,,,,,,,,,,,,,5,911554252,0,,,,,,,,,,,,,,,,,,,,,0,,,,,,,
Propene,0,225,399,42,08060074,520,9550171,0,,0,0,0,0,6,87,9,0,0,,165,87,9,84,9,,0,0,0,0,100,100,0,0,87,9,,1565,102,54,,,0,0,0,,0,0,,,,,0,,,,,,,,,,,,,,,,,,,,,,,,,,,,,,,,,,,,,,,,,,,,,,,,,,,,,,,,,,,,,,,,,,,,,,,,,,,,,,,,,,,,,,,,,,,,,,,,,0,0,0,0,,,,,,,,,,,,,,,14,36465558,85,71428571,,,,,,,,,,,,,,,,,,,,,0,,,,,,,
Propane,0,0120248661653983,231,048,44,09700012,506,678009,0,,0,0,0,0,4,5,85,5,0,0,,169,15,85,5,97,1,,0,0,0,0,0,0,100,100,85,5,,1303,112,14,,,0,0,0,,0,0,,,,,0,,,,,,,,,,,,,,,,,,,,,,,,,,,,,,,,,,,,,,,,,,,,,,,,,,,,,,,,,,,,,,,,,,,,,,,,,,,,,,,,,,,,,,,,,,,,,,,,,0,0,100,100,,,,,,,,,,,,,,,18,28426304,81,81818182,,,,,,,,,,,,,,,,,,,,,0,,,,,,,
i-Butane,0,0292219932668868,261,42,58,12400055,561,9660034,0,380,85,0,0,0,0,4,8,114,0,0,,190,15,114,97,6,,0,0,0,0,0,0,100,100,114,,489,6,101,426,,,0,0,0,,0,0,,,,,0,,,,,,,,,,,,,,,,,,,,,,,,,,,,,,,,,,,,,,,,,,,,,,,,,,,,,,,,,,,,,,,,,,,,,,,,,,,,,,,,,,,,,,,,,,,,,,,,,100,100,0,0,,,,,,,,,,,,,,,17,34802065,82,75862069,,,,,,,,,,,,,,,,,,,,,0,,,,,,,
i-Butene,0,266,299,56,10770035,592,7930298,0,286,7055556,0,0,0,0,6,133,0,0,,193,15,133,88,1,,0,0,0,0,100,100,0,0,133,,442,7,105,2096138,,,0,0,0,,0,0,,,,,0,,,,,,,,,,,,,,,,,,,,,,,,,,,,,,,,,,,,,,,,,,,,,,,,,,,,,,,,,,,,,,,,,,,,,,,,,,,,,,,,,,,,,,,,,,,,,,,,,0,0,0,0,,,,,,,,,,,,,,,14,37319073,85,71428571,,,,,,,,,,,,,,,,,,,,,0,,,,,,,
1-Butene,0,266,898,56,10770035,593,7890015,0,,0,0,0,0,6,87,8,0,0,,193,15,87,8,80,8,,0,0,0,0,100,100,0,0,87,8,,432,97,4,,,0,0,0,,0,0,,0,236064836133691,0,219972008704656,0,208210021632581,0,,,,,,,,,,,,,,,,,,,,,,,,,,,,,,,,,,,,,,,,,,,,,,,,,,,,,,,,,,,,,,,,,,,,,,,,,,,,,,,,,,,,,,,,,,,,,,,,,0,0,0,0,,,,,,,,,,,,,,,14,37319073,85,71428571,,,,,,,,,,,,,,,,,,,,,0,,,,,,,
13-Butadiene,0,268,7,54,1,619,7440186,0,,0,0,0,0,8,164,0,0,,197,15,164,73,94513286,,0,0,0,0,100,100,0,0,164,,409,6,102,9723045,,,0,0,0,,0,0,,,,,0,,,,,,,,,,,,,,,,,,,,,,,,,,,,,,,,,,,,,,,,,,,,,,,,,,,,,,,,,,,,,,,,,,,,,,,,,,,,,,,,,,,,,,,,,,,,,,,,,0,0,0,0,,,,,,,,,,,,,,,11,17841035,88,88888889,,,,,,,,,,,,,,,,,,,,,0,,,,,,,
n-Butane,0,0231068305549925,272,648,58,12400055,583,2230225,0,356,35,0,0,0,0,4,8,135,0,0,,213,15,135,89,6,,0,0,0,0,0,0,100,100,135,,358,5,93,8,,,0,0,0,,0,0,,0,241514675581771,0,217701202498228,,0,,,,,,,,,,,,,,,,,,,,,,,,,,,,,,,,,,,,,,,,,,,,,,,,,,,,,,,,,,,,,,,,,,,,,,,,,,,,,,,,,,,,,,,,,,,,,,,,,0,0,100,100,,,,,,,,,,,,,,,17,34802065,82,75862069,,,,,,,,,,,,,,,,,,,,,0,,,,,,,
tr2-Butene,0,274,027,56,1,608,684021,0,,0,0,0,0,6,168,0,0,,201,168,83,84306902,,0,0,0,0,100,100,0,0,168,,343,9,105,0089318,,,0,0,0,,0,0,,,,,0,,,,,,,,,,,,,,,,,,,,,,,,,,,,,,,,,,,,,,,,,,,,,,,,,,,,,,,,,,,,,,,,,,,,,,,,,,,,,,,,,,,,,,,,,,,,,,,,,0,0,0,0,,,,,,,,,,,,,,,14,37319073,85,71428571,,,,,,,,,,,,,,,,,,,,,0,,,,,,,
i-Pentane,0,0203327035949761,301,028,72,15100098,623,4420166,0,343,95,0,0,0,0,5,113,0,0,,217,113,90,3,,0,0,0,0,0,0,100,100,113,,133,8,92,3,,,0,0,0,,0,0,,,,,0,,,,,,,,,,,,,,,,,,,,,,,,,,,,,,,,,,,,,,,,,,,,,,,,,,,,,,,,,,,,,,,,,,,,,,,,,,,,,,,,,,,,,,,,,,,,,,,,,100,100,0,0,,,,,,,,,,,,,,,16,75213296,83,33333333,,,,,,,,,,,,,,,,,,,,,0,,,,,,,
1-Pentene,0,303,096,70,13500214,638,7230225,0,292,25,0,0,0,0,6,108,0,0,,245,108,77,1,,0,0,0,0,100,100,0,0,108,,131,8,90,9,,,0,0,0,,0,0,,,,,0,,,,,,,,,,,,,,,,,,,,,,,,,,,,,,,,,,,,,,,,,,,,,,,,,,,,,,,,,,,,,,,,,,,,,,,,,,,,,,,,,,,,,,,,,,,,,,,,,0,0,0,0,,,,,,,,,,,,,,,14,37831669,85,71428571,,,,,,,,,,,,,,,,,,,,,0,,,,,,,
2M-1-butene,0,304,303,70,1,654,3800049,0,,0,0,0,0,6,136,0,0,,221,136,81,9,,0,0,0,0,100,100,0,0,136,,127,2,102,54,,,0,0,0,,0,0,,,,,0,,,,,,,,,,,,,,,,,,,,,,,,,,,,,,,,,,,,,,,,,,,,,,,,,,,,,,,,,,,,,,,,,,,,,,,,,,,,,,,,,,,,,,,,,,,,,,,,,0,0,0,0,,,,,,,,,,,,,,,14,37831669,85,71428571,,,,,,,,,,,,,,,,,,,,,0,,,,,,,
n-Pentane,0,309,209,72,15100098,629,7290039,0,343,95,0,0,0,0,5,143,0,0,,233,143,61,9,,0,0,0,0,0,0,100,100,143,,101,35,61,7,,,0,0,0,,0,0,,0,317713556013358,0,28795065870348,0,265338970196147,0,,,,,,,,,,,,,,,,,,,,,,,,,,,,,,,,,,,,,,,,,,,,,,,,,,,,,,,,,,,,,,,,,,,,,,,,,,,,,,,,,,,,,,,,,,,,,,,,,0,0,100,100,,,,,,,,,,,,,,,16,75213296,83,33333333,,,,,,,,,,,,,,,,,,,,,0,,,,,,,
cis2-Butene,0,276,867,56,1,625,9530029,0,,0,0,0,0,6,134,0,0,,203,134,83,5,,0,0,0,0,100,100,0,0,134,,314,4,100,,,0,0,0,,0,0,,,,,0,,,,,,,,,,,,,,,,,,,,,,,,,,,,,,,,,,,,,,,,,,,,,,,,,,,,,,,,,,,,,,,,,,,,,,,,,,,,,,,,,,,,,,,,,,,,,,,,,0,0,0,0,,,,,,,,,,,,,,,14,37319073,85,71428571,,,,,,,,,,,,,,,,,,,,,0,,,,,,,
3M-1-butene,0,293,204,70,1,631,2700195,0,,0,0,0,0,6,105,0,0,,217,105,85,26729455,,0,0,0,0,100,100,0,0,105,,190,101,6748769,,,0,0,0,,0,0,,,,,0,,,,,,,,,,,,,,,,,,,,,,,,,,,,,,,,,,,,,,,,,,,,,,,,,,,,,,,,,,,,,,,,,,,,,,,,,,,,,,,,,,,,,,,,,,,,,,,,,0,0,0,0,,,,,,,,,,,,,,,14,37831669,85,71428571,,,,,,,,,,,,,,,,,,,,,0,,,,,,,
2M-2-butene,0,311,704,70,1,666,1090088,0,406,15,0,0,0,0,6,139,0,0,,228,139,84,7,,0,0,0,0,100,100,0,0,139,,98,11,97,3,,,0,0,0,,0,0,,,,,0,,,,,,,,,,,,,,,,,,,,,,,,,,,,,,,,,,,,,,,,,,,,,,,,,,,,,,,,,,,,,,,,,,,,,,,,,,,,,,,,,,,,,,,,,,,,,,,,,0,0,0,0,,,,,,,,,,,,,,,14,37831669,85,71428571,,,,,,,,,,,,,,,,,,,,,0,,,,,,,
2M-13-C4==,0,307,204,68,1,684,8460083,0,,0,0,0,0,7,5,127,0,0,,219,127,81,,0,0,0,0,100,100,0,0,127,,118,6,99,1,,,0,0,0,,0,0,,,,,0,,,,,,,,,,,,,,,,,,,,,,,,,,,,,,,,,,,,,,,,,,,,,,,,,,,,,,,,,,,,,,,,,,,,,,,,,,,,,,,,,,,,,,,,,,,,,,,,,0,0,0,0,,,,,,,,,,,,,,,11,8404699,88,23529412,,,,,,,,,,,,,,,,,,,,,0,,,,,,,
tr2-Pentene,0,309,493,70,1,652,2630005,0,404,4833333,0,0,0,0,6,133,0,0,,225,133,85,14880659,,0,0,0,0,100,100,0,0,133,,106,7,100,3776273,,,0,0,0,,0,0,,,,,0,,,,,,,,,,,,,,,,,,,,,,,,,,,,,,,,,,,,,,,,,,,,,,,,,,,,,,,,,,,,,,,,,,,,,,,,,,,,,,,,,,,,,,,,,,,,,,,,,0,0,0,0,,,,,,,,,,,,,,,14,37831669,85,71428571,,,,,,,,,,,,,,,,,,,,,0,,,,,,,
cis2-Pentene,0,310,083,70,1,659,5750122,0,403,9277778,0,0,0,0,6,122,0,0,,226,122,85,14880659,,0,0,0,0,100,100,0,0,122,,104,4,100,3776273,,,0,0,0,,0,0,,,,,0,,,,,,,,,,,,,,,,,,,,,,,,,,,,,,,,,,,,,,,,,,,,,,,,,,,,,,,,,,,,,,,,,,,,,,,,,,,,,,,,,,,,,,,,,,,,,,,,,0,0,0,0,,,,,,,,,,,,,,,14,37831669,85,71428571,,,,,,,,,,,,,,,,,,,,,0,,,,,,,
Cyclopentane,0,322,398,70,13500214,748,8740234,0,289,95,0,0,0,0,6,179,0,0,,233,179,84,9,,100,100,0,0,0,0,0,0,179,,41,7,101,426,,,0,0,0,,0,0,,0,483269667509962,0,429891392256475,,0,,,,,,,,,,,,,,,,,,,,,,,,,,,,,,,,,,,,,,,,,,,,,,,,,,,,,,,,,,,,,,,,,,,,,,,,,,,,,,,,,,,,,,,,,,,,,,,,,0,0,0,0,,,,,,,,,,,,,,,14,37831669,85,71428571,,,,,,,,,,,,,,,,,,,,,0,,,,,,,
Cyclopentene,0,317,38,68,1,776,5159912,0,458,3722222,0,0,0,0,7,5,138,0,0,,244,138,69,7,,100,100,0,0,0,0,0,0,138,,81,04,93,3,,,0,0,0,,0,0,,,,,0,,,,,,,,,,,,,,,,,,,,,,,,,,,,,,,,,,,,,,,,,,,,,,,,,,,,,,,,,,,,,,,,,,,,,,,,,,,,,,,,,,,,,,,,,,,,,,,,,0,0,0,0,,,,,,,,,,,,,,,11,8404699,88,23529412,,,,,,,,,,,,,,,,,,,,,0,,,,,,,
22-Mpropane,0,282,648,72,2,595,5930176,0,291,7055556,0,0,0,0,5,257,0,0,,225,257,80,2,,0,0,0,0,0,0,100,100,257,,251,8,85,5,,,0,0,0,,0,0,,,,,0,,,,,,,,,,,,,,,,,,,,,,,,,,,,,,,,,,,,,,,,,,,,,,,,,,,,,,,,,,,,,,,,,,,,,,,,,,,,,,,,,,,,,,,,,,,,,,,,,100,100,0,0,,,,,,,,,,,,,,,16,75213296,83,33333333,,,,,,,,,,,,,,,,,,,,,0,,,,,,,
33M-1-butene,0,314,397,84,16,657,1190186,0,,0,0,0,0,6,,0,0,,241,15,157,95,93,3,,0,0,0,0,100,100,0,0,,,91,82,111,77,,,0,0,0,,0,0,,,,,0,,,,,,,,,,,,,,,,,,,,,,,,,,,,,,,,,,,,,,,,,,,,,,,,,,,,,,,,,,,,,,,,,,,,,,,,,,,,,,,,,,,,,,,,,,,,,,,,,0,0,0,0,,,,,,,,,,,,,,,14,3716,85,71428571,,,,,,,,,,,,,,,,,,,,,0,,,,,,,
H2O,0,373,148,18,01510048,997,9860229,0,,0,0,0,0,0,,0,0,,,,,,0,0,0,0,0,0,0,0,,,,,,,0,0,0,,0,0,,0,698140124178851,0,560124358458913,0,474686748589316,0,,,,,,,,,,,,,,,,,,,,,,,,,,,,,,,,,,,,,,,,,,,,,,,,,,,,,,,,,,,,,,,,,,,,,,,,,,,,,,,,,,,,,,,,,,,,,,,,,0,0,0,0,,,,,,,,,,,,,,0,279783740086422,11,18972388,0,,,,,,,,,,,,,,,,,,,,,0,,,,,,,
36-40C*,0,00952165030039457,313,149994,72,4770906097588,643,681465736967,0,0228945700176751,223,079934106724,0,0454836409916395,0,0,4,03490954562272E-05,5,23684856855254,82,4214568164791,0,0,31,5870985628039,237,452880911821,123,431137408121,79,1224014769162,87,8794926769161,16,8441893288339,39,3367038551936,1,37223384193229E-08,7,01718490090036,0,0,83,1103270301745,60,6632961448064,28,6090565198162,1,3618729595715,117,422107085975,82,0843756883052,90,8414668883052,59,2259963253819,0,014857137602953,1,65996029266003E-11,2,1066423277325E-12,94,1972145768408,3,76257666336273E-09,7,46554968581701E-09,129,700749079439,0,359245628142169,0,332348220206653,0,313920000837553,0,799124430441106,0,0,0,0,0,0,0,0,0,0,0,0,0,0,0,0,0,0,0,0,0,0,0,0,0,0,0,0,0,0,0,0,0,0,0,0,0,0,0,0,0,0,0,0,0,0,0,0,0,0,0,0,0,0,0,0,0,0,0,0,0,0,0,0,0,0,0,0,0,0,0,0,0,0,0,0,0,0,0,0,0,0,0,0,0,0,0,0,0,0,0,0,0,0,0,0,0,0,60,6632961448064,83,1103270301745,0,0,0,0,0,0,0,0,0,0,0,0,311,149997,0,263151399517946,16,0121474670474,83,8531915422592,0,0,0,0,0,0,6,63984117064011E-15,0,0,0,0,0,0,1,31136863120142E-11,0,0,2,21328039021337E-09,0,4,92543351639672E-11,0,0,0,0,0,48321,2053631585,44783,2707304875,0,
40-50C*,0,0252648216043308,323,149994,75,5882858168303,653,643115220995,0,0247593549831778,224,554436189514,0,0537687659729383,0,0,4,70501223630957E-05,5,17893914507325,90,7657685525918,0,0,33,4478977162131,241,95145889631,128,312331348407,76,1842742179842,84,9413654179842,19,3196003539251,40,3746047533479,6,17505228869531E-08,8,18257273177296,0,0,80,626630880102,59,6253952466521,24,1387727109698,1,36668335324015,90,6328046887839,78,8137380258229,87,5708292258229,56,4718130942583,0,020014714590244,7,46982131697013E-11,9,47989047479625E-12,66,689087343625,1,69315949851323E-08,3,35949735861766E-08,124,727402589434,0,354093454271371,0,327139591692876,0,308795125690051,0,96144435288415,65,8010519466601,68,8282269715192,0,0,0,0,0,0,0,0,0,0,0,0,0,0,0,0,0,0,0,0,0,0,65,8010519466601,68,8282269715192,0,0,0,0,0,0,0,0,0,0,0,0,0,0,0,0,0,0,0,0,0,0,0,0,0,0,0,0,0,0,0,0,0,0,0,0,0,0,0,0,0,0,0,0,0,0,0,0,0,0,0,0,0,0,0,0,0,0,0,0,0,0,0,0,0,0,0,0,0,0,59,6253952466521,80,626630880102,0,0,0,0,0,0,0,0,0,0,0,0,0,0,318,15,0,258927119797751,16,1334121543553,83,5539597497911,0,0,0,0,0,0,2,98792852678805E-14,0,0,0,0,0,0,5,9011588404064E-11,0,0,9,95976175596017E-09,0,2,21644508237852E-10,0,0,0,0,0,48171,6727666398,44679,4575612178,0,
50-60C*,0,0274656351093586,333,149994,79,774884083067,667,339915627468,0,0273169422953878,226,737076801265,0,0656046588033652,0,0,5,66230179443363E-05,5,14421340217428,98,8298329979137,0,0,35,4025834397179,246,919469649669,134,586911208184,71,9984729496977,80,7555641496977,22,8559018183411,41,7773346552421,1,30362214983568E-07,9,8474124901624,0,0,77,0784935228555,58,2226653447579,17,7526529840462,1,37344490511338,68,0902848287381,74,1413985079911,82,8984897079911,52,8326258090901,0,0212023210452836,1,57696227802703E-10,2,00131021134588E-11,46,9073840140768,3,57444783019459E-08,7,09227220152616E-08,117,913993020765,0,377871233080191,0,347855483544937,0,327305341835846,1,19332995637421,44,2150436642468,44,6803699404349,17,7036285763122,17,5509812651914,34,187689976662,34,3400453121417,3,09196319312065E-09,3,0537523426269E-09,0,0,0,0,0,0,0,0,0,0,0,0,0,0,0,0,96,106362220313,96,5713965208218,0,0,0,0,0,0,0,0,0,0,0,0,0,0,0,0,0,0,0,0,0,0,0,0,0,0,0,0,0,0,0,0,0,0,0,0,0,0,0,0,0,0,0,0,0,0,0,0,0,0,0,0,0,0,0,0,0,0,0,0,0,0,0,0,0,0,0,0,0,0,58,2226653447579,77,0784935228555,0,0,0,0,0,0,0,0,0,0,0,0,0,0,328,15,0,270721887336129,16,223560321491,83,4574564367966,0,0,0,0,0,0,6,30784911210811E-14,0,0,0,0,0,0,1,24580019964135E-10,0,0,2,1026163707027E-08,0,4,67916184057688E-10,0,0,0,0,0,47973,3613817334,44541,7796645671,0,
60-70C*,0,0296566034321252,343,149994,84,0793405548263,680,41813797917,0,0297781078483548,229,001407475781,0,605448924667628,0,0,6,6195913525577E-05,5,14111884472829,106,823114474504,0,0,36,7970626627584,252,357995291657,140,817945572345,67,1050220954153,75,8621132954153,26,3922032827571,43,0949759514585,1,98973907080182E-07,11,5122522485518,0,0,73,0023477925753,56,9050240485415,11,3665332571226,1,38005629192981,49,7876937893632,68,6031282922747,77,3602194922747,49,5100411789164,0,0227786112603093,2,40694242435704E-10,3,05463137521212E-11,32,7730229688828,5,45573616187596E-08,1,08250470444347E-07,111,452774460964,0,404473857697459,0,370927212665173,0,347863244832736,1,43281264900016,0,0,0,000106877890303013,0,000106478862908403,18,4130331637769,18,5862965085144,23,2948984550748,23,1204742601673,0,0,0,0,0,0,0,0,0,0,0,0,0,0,0,0,41,7080384967419,41,7068772475445,0,0,0,0,0,0,0,0,0,0,58,2864636039737,58,2882782598184,0,0,0,0,0,0,0,0,0,0,0,0,0,0,0,0,0,0,0,0,0,0,0,0,0,0,0,0,0,0,0,0,0,0,0,0054978992844204,0,00484449263707778,0,0,0,0,0,0,0,0,0,0,0,0054978992844204,0,00484449263707778,0,0,0,0,0,0,0,0,0,0,23,7352742782207,30,4484746557877,33,1697497703209,42,5538731367876,0,0,0,0,0,0,0,0,0,0,0,0,338,15,0,283763868974843,16,2305920778377,83,443402792469,0,0,0,0,0,0,9,62776969742816E-14,0,0,0,0,0,0,1,90148451524206E-10,0,0,3,20925656580939E-08,0,7,14187859877524E-10,0,0,0,0,0,47791,4574667643,44415,4926719302,0,
70-80C*,0,0318082888790125,353,149994,88,5031745945409,692,888679114402,0,0321747898310724,231,339663090892,1,37508569649852,0,446859096547765,0,7,57688091068176E-05,5,16366698907081,114,736223707149,0,0,37,8294497072971,261,223747297896,146,869203505498,62,1429924139348,70,9000836139348,29,9285047471731,44,0635173862176,2,67585599176797E-07,13,1770920069413,0,0,68,6964095563284,55,4896235172346,9,9852535546338,1,38649672712811,35,4314347669566,62,9667477019211,71,723838901921,46,4739642544604,0,0246393166135891,3,23692257068705E-10,4,10795253907838E-11,22,7403242732689,7,33702449355732E-08,1,45578218873432E-07,105,347933165013,0,434259805279746,0,396667911861475,0,370748063005687,1,65961365574577,0,0,0,0,0,0,0,0,2,3466641655246,2,6128589586657,1,09985983791689,1,22638371718105,0,0,0,0,0,0,0,0,0,0,0,0,0,0,3,44652400344149,3,83924267584674,0,0,0,0,0,0,0,0,0,756402001924863,0,860381722810957,0,0,0,0,0,0,0,0,0,0,0,0,0,0,0,0,0,0,0,0,0,0,3,16473746734345,2,70400469948046,0,0,0,0,0,0,0,0,0,0,86,223339725024,86,4174300063129,6,40899680226617,6,17894089554896,0,0,0,0,0,0,0,0,92,6323365272902,92,5963709018618,0,0,0,0,0,0,0,0,0,0,45,5031373737949,56,1198438159082,9,98648614343965,12,5765657404201,0,0,0,0,0,0,0,0,0,0,0,0,348,15,0,298225149846206,16,1700029178284,83,4965102799694,0,0,0,0,0,0,1,29476902827482E-13,0,0,0,0,0,0,2,55716883084277E-10,0,0,4,31589676091607E-08,0,9,6045953569736E-10,0,0,0,0,0,47624,4013949645,44299,5138107116,0,
80-90C*,0,0283030632116675,363,149994,93,0487701478358,704,762435871459,0,0345389264325342,233,745077938065,2,14472246832942,1,57982636703259,0,8,53417046880583E-05,5,20699643845827,122,560835511585,0,0,38,630668607996,268,141955218325,152,505126733042,58,0178321014208,66,7749233014208,33,4648062115891,44,7954301883055,3,36197291273411E-07,14,8419317653307,0,0,64,3904713200815,53,6247434446619,17,0292346222526,1,39274722130691,24,2580494330285,58,3200021948642,67,0770933948641,43,6981734708005,0,0265000219668689,4,06690271701707E-10,5,16127370294462E-11,15,6673092791443,9,21831282523869E-08,1,82905967302517E-07,99,5986881809233,0,46757129615155,0,425368142207857,0,396214391840385,1,87327427268589,0,0,0,0,0,0,0,0,0,0720896526134064,0,0800708616288736,3,13192609773134,3,48367058133724,0,0,0,0,5,46114350422952,5,88258162111302,14,6639878662263,16,1781853774384,0,0029302425526681,0,00319225103711643,3,23992069322474E-12,3,47440708735811E-12,0,0,23,3320773633564,25,6277006925581,0,0,0,0,0,0,0,0,0,0,0,0,0,0,0,0,0,0,0,0,0,0,0,0,0,0,0,0,0,0,0,0,2,31650756103975,1,97442216981168,0,0,0,0,0,0,0,0,0,0,0,0,45,3964332045281,43,6598522057003,0,0,0,0,0,0,0,0,45,3964332045281,43,6598522057003,28,9549818710758,28,7380249319299,0,0,0,0,0,0,0,0,53,6247434446619,64,3904713200815,0,0,0,0,0,0,0,0,0,0,0,0,0,0,358,15,0,314257514946239,16,0558741571101,83,6028795524065,0,0,0,0,0,0,1,62676108680683E-13,0,0,0,0,0,0,3,21285314644348E-10,0,0,5,42253695602276E-08,0,1,2067312115172E-09,0,0,0,0,0,47470,83427205,44192,8996670631,0,
90-100C*,0,0298992143319379,373,149994,97,9070838611842,716,05030508864,0,0369024558417338,236,211730980807,2,5880271436448,2,68815135882719,0,9,49146002692989E-05,5,26705802200395,130,289605611677,0,0,39,28940340214,275,043226968107,158,456376675057,54,6952097550079,63,4523009550079,37,0011076760051,45,3823688757809,4,04808983370025E-07,16,5067715237201,0,0,60,4108651803501,51,9294797653919,23,7463085661659,1,39879055296785,15,378599856576,54,6219413538642,63,3790325538642,41,159720922023,0,0283607273201487,4,89688286334708E-10,6,21459486681088E-11,10,7156648150324,1,10996011569201E-07,2,20233715731602E-07,94,2007249400275,0,504729799209136,0,457293476932606,0,424490563735702,2,07821020067927,0,0,0,0,0,0,0,0,0,0,0,0,0,0,0,0,2,43145733831884,2,3987784968326,15,6045371391743,15,767677411321,24,1562339574082,24,1024845540835,1,54710457196149,1,51951542220561,0,0,43,7393330068629,43,7884558844427,0,0,0,0,0,0,0,0,0,0,54,4555764923848,54,6021992770762,0,0,0,0,0,0,0,0,0,0,0,0,0,0,0,0,0,0,0,0,0,0,0,0,0,0,0,0,0,0,0,0,0,0,0,0,0,0,0,0,0,0,0,0,0,0,1,80509050075236,1,60934483848106,0,0,0,0,0,0,0,0,23,1311462061995,26,8856681617602,28,7983335591924,33,5251970185899,0,0,0,0,0,0,0,0,0,0,0,0,368,15,0,331990482874251,15,9007426379894,83,750134067242,0,0,0,0,0,0,1,95875314533883E-13,0,0,0,0,0,0,3,86853746204419E-10,0,0,6,52917715112944E-08,0,1,45300288733703E-09,0,0,0,0,0,47329,5668563312,44094,824608636,0,
100-110C*,0,0311473007051862,383,149994,102,989707489715,726,763183604244,0,0392973162476647,238,734418987996,3,46402839491751,3,7784334238523,0,0,00010448749585054,5,34039778339062,137,916091499205,0,0,39,8668924376315,281,929104575811,164,490496197241,52,9015679329501,61,6586591329501,44,4873743848658,45,9092411577104,4,7342067546664E-07,18,1716112821096,0,0,52,0485972202167,50,3123254184373,30,297635286562,1,4046112471866,11,3821616147163,52,7453209463457,61,5024121463457,38,8384406695603,0,0302214326734286,5,7268630096771E-10,7,26791603067712E-11,7,27405367643317,1,29808894886014E-07,2,57561464160687E-07,89,1472534488202,0,546035040846316,0,492684841678107,0,455779528103219,2,27883714058465,0,0,0,0,0,0,0,0,0,0,0,0,0,0,0,0,0,0,0,0,0,0,0,0,0,0,0,0,0,0,0,0,0,0,0,0,0,0,0,075250354247796,0,0847234585658713,0,0,0,0,0,0,0,0,0,0,0,0,0,0,0,0,0,0,0,0,0,0,1,31254015927873,1,16655785187283,0,0,0,0,0,0,0,0,0,0,0,0,0,0,0,0,0,0,0,0,0,0,98,6122094864735,98,7487186895613,0,0,0,0,0,0,0,0,50,2370750641895,51,9638737616508,0,075250354247796,0,0847234585658713,0,0,0,0,0,0,0,0,0,0,0,0,378,15,0,351532034191452,15,7160174112244,83,9297845466311,0,0,0,0,0,0,2,29074520387084E-13,0,0,0,0,0,0,4,52422177764491E-10,0,0,7,63581734623613E-08,0,1,69927456315687E-09,0,0,0,0,0,47199,5540775106,44004,5630942294,0,
110-120C*,0,0319909316311173,393,149994,108,273479441601,736,911968256567,0,0417554458393206,241,308551850152,4,42291205124367,4,85791864148115,0,0,00011406039143178,5,42400712610196,145,434677528515,0,0,40,4060613347423,288,800875057926,170,543269907511,52,0655583186505,60,8226495186505,44,5298653757254,46,3843414183788,5,42032367563255E-07,19,836451040499,0,0,51,0472225730309,48,7577399401401,36,6832147834408,1,41019555791807,10,9441874529842,52,0042214835409,60,7613126835409,36,7165430239511,0,0317465028916226,6,55684315600711E-10,8,32123719454338E-11,4,89968911879822,1,48621778202828E-07,2,94889212589772E-07,84,4297908301206,0,591766454287804,0,531760838467061,0,490261532423842,2,47957079326079,0,0,0,0,0,0,0,0,0,0,0,0,0,0,0,0,0,0,0,0,0,0,0,0,0,0,0,0,53,197094694691,56,1490481466195,0,0,0,0,0,0,0,0,0,0,0,0,0,0,0,0,0,0,0,0,0,0,0,0,0,0,0,0,0,0,0,0,6,80136069767548,5,8320619605184,0,0,0,0,0,0,0,0,0,0,0,0,0,0,0,0,0,0,0,0,0,0,0,0,40,0015446076335,38,0188898928621,0,0,0,0,0,0,48,7577399401401,51,0472225730309,0,0,0,0,0,0,0,0,0,0,0,0,0,0,388,15,0,37297108972905,15,5093561559053,84,1228583108838,0,0,0,0,0,0,2,62273726240284E-13,0,0,0,0,0,0,5,17990609324562E-10,0,0,8,74245754134281E-08,0,1,9455462389767E-09,0,0,0,0,0,47079,8740109284,43921,4750766361,0,
120-130C*,0,0324276697926245,403,149994,113,594748573229,746,450568963546,0,044308782805695,243,933281438472,5,53546852557239,5,90133397021329,0,0,000123633287013021,5,51438876928945,152,844605122299,0,0,40,9608515033821,295,659628714321,176,395086875783,51,2427129523906,59,9998041523906,44,5078534139654,46,8317796833333,6,10644059659869E-07,21,5012907988884,0,0,49,9566780604622,47,2668863464534,42,9030470568025,1,41550193449394,10,5147264586732,51,2631220207362,60,0202132207362,34,7907409289603,0,0431520990711405,7,38682330233712E-10,9,37455835840962E-11,3,27410946973025,1,67434661519641E-07,3,32216961018857E-07,80,0672246496268,0,642172717213753,0,574712093213205,0,52809132516588,2,68482685956642,0,0,0,0,0,0,0,0,0,0,0,0,0,0,0,0,0,0,0,0,0,0,0,0,0,0,0,0,0,000106050848454576,0,000108719950410252,0,0,0,0,0,0,0,0,0,0,78,5034297135798,80,2435337539253,0,0,0,0,0,0,0,0,0,0,0,0,0,0,0,0,0,0,0,0,0,0,0,0,0,0,0,0,0,0,0,0,0,0,0,0,0,0,0,0,0,0,0,0,0,0,21,4964642355718,19,7563575261243,0,0,0,0,0,0,0,0,47,2668863464534,49,9566780604622,0,0,0,0,0,0,0,0,0,0,0,0,398,15,0,396380314462102,15,291773852017,84,3247859920769,0,0,0,0,0,0,2,95472932093485E-13,0,0,0,0,0,0,5,83559040884633E-10,0,0,9,8490977364495E-08,0,2,19181791479654E-09,0,0,0,0,0,46970,3563096986,43845,4422923435,0,
130-140C*,0,0323988430233649,413,149994,119,029193612467,755,442523513302,0,0469892653357816,246,601868486122,6,73634624349782,8,3521723193604,0,0,000133206182594262,5,60974147312946,160,138181338373,0,0,41,5303078666782,302,506300924676,181,947476392534,50,4316610553927,59,1887522553927,44,4779302996719,46,1813215219166,1,76513888420929E-05,23,1661305572779,0,0,48,7857234568303,45,466506158723,48,2376736773308,1,42054635137246,10,0938668952511,50,5220225579315,59,2791137579315,33,0349152986101,0,0555997142658712,2,13524865025317E-08,2,7098269800471E-09,2,16992315290012,4,83989694057385E-06,9,60312421961262E-06,76,0224815941397,0,697524798519603,0,621739403296158,0,56942688846742,2,89902104036031,0,0,0,0,0,0,0,0,0,0,0,0,0,0,0,0,0,0,0,0,0,0,0,0,0,0,0,0,0,0,9,8653628971298E-16,1,08524577908319E-15,0,0,0,0,0,0,0,0,0,0,0,0,0,0,0,0,0,0,0,0,0,0,0,0,0,0,0,0,0,0,0,0,6,5086492698891,5,98078629793049,2,87865765322053E-18,2,59648253179478E-18,6,77248932854352,6,24233256304046,6,77611205202595,6,20400663509312,0,0,0,0,20,0572506504586,18,4271254960641,0,0,0,0,0,0,0,0,0,0,79,9427493495414,81,5728745039359,0,0,0,0,0,0,45,466506158723,48,7857234568303,0,0,0,0,0,0,0,0,0,0,0,0,0,0,408,15,0,42182287171179,15,0696045569095,84,536585666556,0,0,0,0,0,0,8,54099460101268E-12,0,0,0,0,0,0,1,68684643370001E-08,0,0,2,84699820033756E-06,0,6,33570894093175E-08,0,0,0,0,0,46869,6473903587,43775,5250145472,0,
140-150C*,0,0318665570401118,423,149994,124,655724327055,763,916453001973,0,0498288316185738,249,310145515909,8,00348026864809,10,9988546260434,0,0,000142779078175502,5,70820316610592,167,310533161307,0,0,42,123139689635,309,341702896494,187,418273497297,49,6317851495807,58,3888763495807,44,4480071853783,45,4418732778186,5,09986928681827E-05,24,8309703156673,0,0,47,5485125459736,43,559272096138,53,540654955846,1,42532962472482,9,68169350425473,49,7809230951268,58,5380142951268,31,4329144211874,0,0680473294606019,6,16919671792532E-08,7,82927820114528E-09,1,42597351899186,1,39835125606307E-05,2,77455098311098E-05,72,2761471596522,0,758072269280455,0,673025440538148,0,614410643631206,3,12656903650119,0,0,0,0,0,0,0,0,0,0,0,0,0,0,0,0,0,0,0,0,0,0,0,0,0,0,0,0,0,0,88,9037393918414,90,2244312764291,0,0,0,0,0,0,0,0,0,0,2,85451865523238,2,91251329863859,0,0,0,0,0,0,0,0,0,0,0,0,0,0,0,0,0,0,0,0,0,31279827251365,0,265167837052199,7,92467694868794,6,59425956740271,0,00423678254625746,0,00360266459901727,1,20533513144758E-13,1,01809563275194E-13,0,0,0,0,8,24171200374797,6,86303006905403,2,99491782920075E-05,2,53558782543817E-05,0,0,0,0,0,0,0,0,0,0,0,0,0,0,0,0,40,7047534409056,44,635999247335,2,85451865523238,2,91251329863859,0,0,0,0,0,0,0,0,0,0,0,0,418,15,0,449354382966046,14,8462378400822,84,7453418435186,0,0,0,0,0,0,2,46767868717013E-11,0,0,0,0,0,0,4,873665407161E-08,0,0,8,22559562390043E-06,0,1,83052380337493E-07,0,0,0,0,0,46824,7970391247,43739,4025405416,0,
150-160C*,0,0274726221445782,433,149994,130,490636760602,771,892605453337,0,0528594198430654,252,054807081711,9,32524993344314,13,7366475671573,0,0,000152351973756743,5,80804716890747,174,357861136719,0,0,42,7474701586137,316,166544788216,192,844516669803,48,8426483994571,57,5997395994571,44,4180840710848,44,6767664758903,8,43459968942725E-05,26,4958100740567,0,0,46,2566659954721,41,5865859569524,58,8436362343613,1,4298501673604,9,27828725321489,49,0398236323221,57,7969148323221,29,9719275216388,0,0742181347903693,1,02031447855975E-07,1,29487294222435E-08,0,928922263560238,2,31271281806876E-05,4,5887895442607E-05,68,8130389432426,0,82405830390437,0,728746504607468,0,663179069218119,3,37188654884781,0,0,0,0,0,0,0,0,0,0,0,0,0,0,0,0,0,0,0,0,0,0,0,0,0,0,0,0,0,0,0,0,0,0,0,0,0,0,0,0,0,0,21,9579766801456,24,0884941240982,0,0,0,0,0,0,0,0,0,0,0,0,0,0,0,0,0,0,0,0,0,0,0,0,0,0,0,0,0,0,0,0,0,0,17,294158821858,15,7425648092884,0,0,0,0,0,0,0,0,0,0,60,7478644979964,60,1689410666134,0,0,0,0,19,6286092768067,22,1681718713739,21,9579766801456,24,0884941240982,0,0,0,0,0,0,0,0,0,0,0,0,428,15,0,479027128265515,14,6263036680126,84,9502616105812,0,0,0,0,0,0,4,08125791423899E-11,0,0,0,0,0,0,8,060484380622E-08,0,0,1,36041930474633E-05,0,3,02747671265669E-07,0,0,0,0,0,46728,2832701623,43669,6670372989,0,
160-170C*,0,0260231464356498,443,149994,136,551301513557,779,391228891173,0,0561129681982499,254,832872958384,10,6900345703029,16,4876982035748,0,0,000161924869337983,5,90776618469478,181,276805780558,0,0,43,4084561057931,322,981453432259,198,257652021929,48,0638139695242,56,8209051695242,44,3881609567912,43,9223528405827,0,000117693300920362,28,1606498324462,0,0,44,9218044729058,39,5899489558424,64,1466175128766,1,43410814344305,8,88372507589335,48,2987241695173,57,0558153695174,28,6404042698311,0,0878225260731207,1,42370928532696E-07,1,80681806433417E-08,0,599691777132532,3,22707438007445E-05,6,40302810541042E-05,65,6181397778325,0,895726827106662,0,789078760605711,0,715868266684601,3,63938927825892,0,0,0,0,0,0,0,0,0,0,0,0,0,0,0,0,0,0,0,0,0,0,0,0,0,0,0,0,0,0,0,0,8,54069825230521E-05,9,26089685885494E-05,0,0,0,0,0,0,0,0,0,0,1,42422506998443E-05,1,55059146238203E-05,0,0,0,0,0,0,0,0,0,0,0,0,0,0,0,0,0,0,0,0,0,0,0,0,0,0,0,0,0,0,0,0,0,0,0,0,0,0,0,0,0,0,0,0,99,9999003507668,99,9998918851168,0,0,0,0,39,5899347135917,44,9217889669912,1,42422506998443E-05,1,55059146238203E-05,0,0,0,0,0,0,0,0,0,0,0,0,438,15,0,510893521369609,14,4129562193318,85,1483753740548,0,0,0,0,0,0,5,69483714130785E-11,0,0,0,0,0,0,1,1247303354083E-07,0,0,1,89827904710262E-05,0,4,22442962193845E-07,0,0,0,0,0,46631,070092567,43597,6453677943,0,
170-180C*,0,0245682721183451,453,149994,142,855980728848,786,43257133926,0,0605130365257361,257,641644143612,12,0862135116474,19,1541958327123,0,0,000171497764919224,6,00605475577651,188,064401491839,0,0,44,1090922054656,329,786986146791,203,676319993645,47,2948450242847,56,0519362242847,44,3485241325431,43,2485554860066,0,000151040604946452,29,8254895908356,0,0,43,5652623558095,37,5972486812812,69,4495987913919,1,43810535535738,8,49807960503239,47,5576247067126,56,3147159067126,27,4278842588341,0,102179675717011,1,82710409209418E-07,2,31876318644398E-08,0,383559308039418,4,14143594208013E-05,8,21726666656014E-05,62,6766998517054,0,974097446000563,0,854750708763362,0,773028539761552,3,93349292559326,0,0,0,0,0,0,0,0,0,0,0,0,0,0,0,0,0,0,0,0,0,0,0,0,0,0,0,0,0,0,0,0,85,3345471089374,85,4187971121158,0,0,0,0,0,0,0,0,0,0,12,8640111291954,12,9289740450272,0,0,0,0,0,0,0,0,0,0,0,0,0,0,0,0,0,0,0,0,0,0,0,0,0,0,0,0,0,0,0,0,0,0,4,68556430394635E-10,3,98668715523527E-10,0,0,0,0,0,0,0,0,0,0,1,80144176139864,1,65222884245832,0,0,24,7332375520858,30,6362883107823,12,8640111291954,12,9289740450272,0,0,0,0,0,0,0,0,0,0,0,0,448,15,0,545108541121508,14,2085748566576,85,3374785906353,0,0,0,0,0,0,7,30841636837671E-11,0,0,0,0,0,0,1,4434122327544E-07,0,0,2,4361387894589E-05,0,5,42138253122021E-07,0,0,0,0,0,46534,5580886387,43524,8024118822,0,
180-190C*,0,0231504760885029,463,149994,149,42363171695,793,036880821377,0,0653317285673138,260,47866543452,13,5021660898966,21,3873634060245,0,0,000181070660500465,6,10179639147864,194,718034241172,0,0,44,8507780097582,336,583641658299,209,084106980369,46,5353047282409,55,2923959282409,44,2065879778801,43,0339271000382,0,000184387908972542,31,4903293492251,0,0,42,2912459322233,35,5787094939373,74,7525800699072,1,4418451264813,8,12141889787706,46,8165252439079,55,5736164439079,26,3248519646987,0,117091058195544,2,23049889886139E-07,2,8307083085538E-08,0,242975333809527,5,05579750408582E-05,0,000100315052277099,59,97430211976,1,07870751645778,0,939680187073989,0,845119968247711,4,3105216024964,0,0,0,0,0,0,0,0,0,0,0,0,0,0,0,0,0,0,0,0,0,0,0,0,0,0,0,0,0,0,0,0,0,0,0,0,0,0,0,0,0,0,0,0,0,0,0,0,0,0,0,0,0,0,0,0,0,0,0,0,0,0,0,0,0,0,0,0,0,0,0,0,0,0,0,0,0,0,0,0,25,6668273029056,24,2610281613618,0,0,0,0,0,0,0,0,0,0,74,3331631844606,75,7389615132259,9,51263380030848E-06,1,03254122966746E-05,35,5787094939373,42,2912459322233,0,0,0,0,0,0,0,0,0,0,0,0,0,0,458,15,0,58439023595111,14,0149431553613,85,516329572162,0,0,0,0,0,0,8,92199559544557E-11,0,0,0,0,0,0,1,7620941301005E-07,0,0,2,97399853181519E-05,0,6,61833544050196E-07,0,0,0,0,0,46439,8105578514,43452,2660313648,0,
190-200C*,0,0218007769473424,473,149994,156,28854815223,799,140365356987,0,0702770977266414,263,345830954239,14,9176956093104,23,5133487841618,0,0,000190643556081705,6,19210479116382,201,2426971683,0,0,45,664654158959,343,371868852483,214,52910585338,45,7865693441759,54,5436605441759,44,129552908132,42,8886600877372,0,000217735212998632,33,1551691076145,0,0,40,9527514825576,33,5979911281009,80,0555613484225,1,44528530168556,7,75380615479202,46,0754257811032,54,8325169811032,25,3386483587925,0,131464228327405,2,63389370562861E-07,3,34265343066362E-08,0,152398580138068,5,97015906609151E-05,0,000118457437888596,57,536703064841,1,19795083869908,1,03559960582604,0,925984231577073,4,76604582282222,0,0,0,0,0,0,0,0,0,0,0,0,0,0,0,0,0,0,0,0,0,0,0,0,0,0,0,0,0,0,0,0,0,0,46,1382537638791,46,4225566601315,0,0,0,0,0,0,0,0,0,0,5,12647264043101,5,16682235919716,0,0,0,0,0,0,0,0,0,0,0,0,0,0,0,0,0,0,0,0,0,0,0,0,0,0,0,0,0,0,0,0,0,0,0,0,0,0,0,0,0,0,0,0,0,0,48,7352735956898,48,4106209806714,28,4715184876699,35,7859291233604,5,12647264043101,5,16682235919716,0,0,0,0,0,0,0,0,0,0,0,0,468,15,0,627479771584812,13,8371738154183,85,6812302786182,0,0,0,0,0,0,1,05355748225144E-10,0,0,0,0,0,0,2,0807760274466E-07,0,0,3,51185827417148E-05,0,7,81528834978372E-07,0,0,0,0,0,46348,8932913187,43381,8841902774,0,
200-210C*,0,0205450307281407,483,149994,163,464952981919,804,812055076633,0,0753044780800221,266,238537990727,16,3268119981047,25,5409968328119,0,0,000200216451662946,6,27716329628252,207,632530331826,0,0,46,5312926792823,350,152073867354,219,99691361835,45,0471496002601,53,8042408002601,43,986983800374,42,8143921398987,0,000251082517024721,34,8200088660039,0,0,39,6862042015213,31,6446110272894,85,3585426269378,1,44845852767123,7,39529943136427,45,3343263182985,54,0914175182985,24,4514349084548,0,145673301864532,3,03728851239582E-07,3,85459855277344E-08,0,0946120787502722,6,8845206280972E-05,0,000136599823500093,55,3264918810835,1,33402390022733,1,14401887066801,1,01674730818352,5,24306666142745,0,0,0,0,0,0,0,0,0,0,0,0,0,0,0,0,0,0,0,0,0,0,0,0,0,0,0,0,0,0,0,0,0,0,5,59767761670651E-14,6,48319802835545E-14,0,0,0,0,0,0,0,0,0,0,3,10982089817028E-15,3,6078939789176E-15,0,0,0,0,0,0,0,0,0,0,0,0,0,0,0,0,0,0,0,0,0,0,0,0,0,0,0,0,0,0,0,0,0,0,90,2336153913429,90,2150477381399,0,0,0,0,0,0,0,0,0,0,0,0,31,6446110272894,39,6862042015213,0,0,0,0,0,0,0,0,0,0,0,0,0,0,478,15,0,674768831532481,13,6737474744818,85,8323457694531,0,0,0,0,0,0,1,21491540495833E-10,0,0,0,0,0,0,2,3994579247927E-07,0,0,4,04971801652776E-05,0,9,01224125906548E-07,0,0,0,0,0,46261,7317639716,43313,8117751803,0,
210-220C*,0,01940127874843,493,149994,170,966338251153,810,111202042798,0,0803692037037587,269,152967456981,17,7222149551035,27,4787075507564,0,0,000209789347244187,6,35727204527632,213,882410301024,0,0,47,434983353606,356,924625903101,225,472534243097,44,3157671789412,53,0728583789412,43,8238524594363,42,8134069225391,0,000284429821050811,36,4848486243934,0,0,38,4539325854602,29,7078855267045,90,661523905453,1,45139384365069,7,04595134445826,44,5932268554938,53,3503180554938,23,648410142815,0,159962737611972,3,44068331916304E-07,4,36654367488326E-08,0,0581180077396885,7,79888219010288E-05,0,00015474220911159,53,3118941759893,1,48949741482678,1,2666803028913,1,1186946512944,5,73813043571455,0,0,0,0,0,0,0,0,0,0,0,0,0,0,0,0,0,0,0,0,0,0,0,0,0,0,0,0,0,0,0,0,0,0,0,0,0,0,0,0,0,0,0,0,0,0,0,0,0,0,0,0,0,0,0,0,0,0,0,0,0,0,0,0,0,0,0,0,0,0,0,0,0,0,0,0,0,0,0,0,0,0,0,0,0,0,0,0,0,0,0,0,0,0,0,0,29,7078855267045,38,4539325854602,0,0,0,0,0,0,0,0,0,0,0,0,0,0,488,15,0,726688548367578,13,5232499906044,85,9709791265529,0,0,0,0,0,0,1,37627332766521E-10,0,0,0,0,0,0,2,7181398221388E-07,0,0,4,58757775888405E-05,0,1,02091941683472E-06,0,0,0,0,0,46178,1277559151,43248,0478037359,0,
220-230C*,0,0183804160508445,503,149994,178,810050689389,815,066636575769,0,0854266086741544,272,086980546179,19,0934166863547,29,334508778874,0,0,000219362242825427,6,4322338863794,219,989943306698,0,0,48,3708923523731,363,689862026194,230,944116295519,43,5918000882933,52,3488912882933,43,6401588853189,42,8887187143911,0,000456401746387293,38,1496883827828,0,0,37,2664244283264,27,7767725067349,95,7760605178902,1,45410451003851,6,70580877277266,43,852127392689,52,609218592689,22,9212847804674,0,174246503820178,5,52098886758822E-07,7,00664280394527E-08,0,0353116644106493,0,000125142414332,0,000248302425594611,51,4761388261586,1,66737649257515,1,40559262180014,1,2332931669067,6,24778346308597,0,0,0,0,0,0,0,0,0,0,0,0,0,0,0,0,0,0,0,0,0,0,0,0,0,0,0,0,0,0,0,0,0,0,0,0,0,0,0,0,0,0,0,0,0,0,0,0,0,0,0,0,0,0,0,0,0,0,0,0,0,0,0,0,0,0,0,0,0,0,0,0,0,0,0,0,0,0,0,0,0,0,0,0,0,0,0,0,0,0,0,0,0,0,0,0,27,7767725067349,37,2664244283264,0,0,0,0,0,0,0,0,0,0,0,0,0,0,498,15,0,783715267956879,13,3853155642206,86,0974803520616,0,0,0,0,0,0,2,20839554703529E-10,0,0,0,0,0,0,4,36158120539469E-07,0,0,7,36131849011762E-05,0,1,63818759595122E-06,0,0,0,0,0,46098,1768894749,43184,7832604002,0,
230-240C*,0,0203272809954114,513,150024,187,012001344202,819,707188995831,0,0904320270675122,275,038575962541,20,4299293979066,30,8063535449973,0,0,000228935138406668,6,50201327715268,225,952862720689,0,0,49,3338121902171,370,448091176164,236,293053163303,42,8746263363906,51,6317175363906,44,1564707433862,43,6394609593812,0,00164495422800005,39,8145281411722,0,0,35,4135998587073,25,5541854956215,120,558697744492,1,45660469981506,6,37491255253773,43,1110279298843,51,8681191298843,22,2623024856162,0,188438568739601,1,98986398548393E-06,2,52532046506577E-07,0,021213230353765,0,00045103583670969,0,000894926735135503,49,8029230148239,1,8711701823734,1,56306851902103,1,36221428282982,6,76857206094418,0,0,0,0,0,0,0,0,0,0,0,0,0,0,0,0,0,0,0,0,0,0,0,0,0,0,0,0,0,0,0,0,0,0,0,0,0,0,0,0,0,0,0,0,0,0,0,0,0,0,0,0,0,0,0,0,0,0,0,0,0,0,0,0,0,0,0,0,0,0,0,0,0,0,0,0,0,0,0,0,0,0,0,0,0,0,0,0,0,0,0,0,0,0,0,0,25,5541854956215,35,4135998587073,0,0,0,0,0,0,0,0,0,0,0,0,0,0,508,15,0,846374361951158,13,2593437373175,86,2124290263698,0,0,0,0,0,0,7,95945594193571E-10,0,0,0,0,0,0,1,5719925485323E-06,0,0,0,000265315198064524,0,5,90432362178231E-06,0,0,0,0,0,46021,8531545597,43124,0878901543,0,
240-250C*,0,0197012498968055,523,150024,195,586089370991,824,061689623271,0,0953407929601351,278,005871264103,21,7212652958069,32,2118057714487,0,0,000238508033987909,6,56671909743925,231,769008820453,0,0,50,3182178439521,377,199597533784,241,638078470298,42,1636239313072,50,9207151313072,44,6911174548775,44,422982769669,0,0028335067096128,41,4793678995617,0,0,33,5876172493155,23,3652114588823,133,674084591775,1,4589093341679,6,05329716908962,42,3699284670796,51,1270196670796,21,6641675590894,0,202452900620694,3,42762908420903E-06,4,34997664973701E-07,0,0125952540633132,0,000776929259087381,0,00154155104467639,48,2763841626056,2,10498982029112,1,74178010909892,1,50736953112557,7,29704254669163,0,0,0,0,0,0,0,0,0,0,0,0,0,0,0,0,0,0,0,0,0,0,0,0,0,0,0,0,0,0,0,0,0,0,0,0,0,0,0,0,0,0,0,0,0,0,0,0,0,0,0,0,0,0,0,0,0,0,0,0,0,0,0,0,0,0,0,0,0,0,0,0,0,0,0,0,0,0,0,0,0,0,0,0,0,0,0,0,0,0,0,0,0,0,0,0,23,3652114588823,33,5876172493155,0,0,0,0,0,0,0,0,0,0,0,0,0,0,518,15,0,915247614955197,13,1445522237315,86,3165821148654,0,0,0,0,0,0,1,37105163368361E-09,0,0,0,0,0,0,2,70782697652513E-06,0,0,0,000457017211227871,0,1,01704596476134E-05,0,0,0,0,0,45949,0325980433,43065,9338191493,0,
250-260C*,0,0190449159548453,533,150024,204,543556186155,828,158968778375,0,0995412364836108,280,987086889133,22,956936586104,33,5728859181469,0,0,000248080929569149,6,62658748618643,237,436310982569,0,0,51,3183075650319,383,944643372887,246,966973565107,41,4581708811172,50,2152620811172,45,2257641663689,45,2072346301365,0,00402205919122556,43,1442076579511,0,0,31,8172992475271,21,2198794517166,156,114662787045,1,46103392835945,5,74099044516356,34,8596089172239,43,6167001172239,21,1199830301924,0,216203467713907,4,86539418293414E-06,6,17463283440825E-07,0,00738824050957575,0,00110282268146507,0,00218817535421729,46,8810706326145,2,37367188416822,1,94482791562996,1,67095473795698,7,82974123773077,0,0,0,0,0,0,0,0,0,0,0,0,0,0,0,0,0,0,0,0,0,0,0,0,0,0,0,0,0,0,0,0,0,0,0,0,0,0,0,0,0,0,0,0,0,0,0,0,0,0,0,0,0,0,0,0,0,0,0,0,0,0,0,0,0,0,0,0,0,0,0,0,0,0,0,0,0,0,0,0,0,0,0,0,0,0,0,0,0,0,0,0,0,0,0,0,21,2198794517166,31,8172992475271,0,0,0,0,0,0,0,0,0,0,0,0,0,0,528,15,0,990982384573605,13,0400197495863,86,4108316922323,0,0,0,0,0,0,1,94615767317366E-09,0,0,0,0,0,0,3,84366140451797E-06,0,0,0,000648719224391218,0,1,44365956734445E-05,0,0,0,0,0,45879,5121338592,43010,2143000551,0,
260-270C*,0,0183644633721695,543,150024,213,89197929956,832,027856781429,0,102147686684321,283,980532504507,24,1264554748457,34,9002374887306,0,0,00025765382515039,6,68196503248618,242,952772126673,0,0,52,3280336986231,377,071287725423,252,263627192935,40,7576451938947,49,5147363938947,45,7604108778603,45,9750038097252,0,00521061167283831,44,8090474163405,0,0,30,113133647294,19,1247587015443,180,849928933419,1,46299444889089,5,43801322686124,34,1704137921424,42,9275049921424,20,6231977476926,0,229604238269695,6,30315928165924E-06,7,99928901907949E-07,0,00427979722025108,0,00142871610384276,0,00283479966375818,45,6019126552664,2,68293332467872,2,17582768497922,1,85550547907371,8,32040501921884,0,0,0,0,0,0,0,0,0,0,0,0,0,0,0,0,0,0,0,0,0,0,0,0,0,0,0,0,0,0,0,0,0,0,0,0,0,0,0,0,0,0,0,0,0,0,0,0,0,0,0,0,0,0,0,0,0,0,0,0,0,0,0,0,0,0,0,0,0,0,0,0,0,0,0,0,0,0,0,0,0,0,0,0,0,0,0,0,0,0,0,0,0,0,0,0,19,1247587015443,30,113133647294,0,0,0,0,0,0,0,0,0,0,0,0,0,0,538,15,1,07430299170684,12,9447206635662,86,4961708292505,0,0,0,0,0,0,2,5212637126637E-09,0,0,0,0,0,0,4,9794958325108E-06,0,0,0,000840421237554566,0,1,87027316992756E-05,0,0,0,0,0,45813,0245096166,42956,7586206452,0,
270-280C*,0,0176661418877182,553,150024,223,63451960579,835,697183952718,0,106935687559367,286,984595381063,25,2121950945361,36,2007971859232,0,0,000267226720731631,6,73329267610466,248,316455243628,0,0,53,3411273508079,381,92947140677,257,512428662798,40,0614248777139,48,8185160777139,46,2950575893516,46,7031277581853,0,00639916415445106,46,47388717473,0,0,28,4927473161123,17,0960750558915,207,879883030897,1,46480718278912,5,14437906837021,33,4812186670609,42,2383098670609,20,167561326697,0,242569180538507,7,74092438038435E-06,9,82394520375073E-07,0,00244713928527653,0,00175460952622045,0,00348142397329907,44,424194521424,3,03957034187218,2,43902084851775,2,06396736307961,8,7876467650974,0,0,0,0,0,0,0,0,0,0,0,0,0,0,0,0,0,0,0,0,0,0,0,0,0,0,0,0,0,0,0,0,0,0,0,0,0,0,0,0,0,0,0,0,0,0,0,0,0,0,0,0,0,0,0,0,0,0,0,0,0,0,0,0,0,0,0,0,0,0,0,0,0,0,0,0,0,0,0,0,0,0,0,0,0,0,0,0,0,0,0,0,0,0,0,0,17,0960750558915,28,4927473161123,0,0,0,0,0,0,0,0,0,0,0,0,0,0,548,15,1,16602493717298,12,8575528081364,86,5736661556537,0,0,0,0,0,0,3,09636975215374E-09,0,0,0,0,0,0,6,11533026050363E-06,0,0,0,00103212325071791,0,2,29688677251067E-05,0,0,0,0,0,45749,2502313033,42905,3439781467,0,
280-290C*,0,0169561345194125,563,150024,233,768596973303,839,195780612528,0,110142277698984,289,997730554763,26,0792479506594,37,4631360663912,0,0,000276799616312871,6,78109066351407,253,525471853363,0,0,54,351119708122,386,57928779754,262,720674151429,39,3688879406488,48,1259791406488,46,829704300843,47,2837355136668,0,00758771663606382,48,1387269331194,0,0,27,0910477484976,15,253128419942,237,20452507948,1,4664886196074,4,86009391664383,32,7920235419794,41,5491147419794,19,7470860166843,0,254950694176756,9,17868947910945E-06,1,1648601388422E-06,0,00138052215698748,0,00208050294859814,0,00412804828283996,43,3335288002398,3,45171573637798,2,73941653139458,2,29978591310787,9,25187773238503,0,0,0,0,0,0,0,0,0,0,0,0,0,0,0,0,0,0,0,0,0,0,0,0,0,0,0,0,0,0,0,0,0,0,0,0,0,0,0,0,0,0,0,0,0,0,0,0,0,0,0,0,0,0,0,0,0,0,0,0,0,0,0,0,0,0,0,0,0,0,0,0,0,0,0,0,0,0,0,0,0,0,0,0,0,0,0,0,0,0,0,0,0,0,0,0,15,253128419942,27,0910477484976,0,0,0,0,0,0,0,0,0,0,0,0,0,0,558,15,1,26707271575882,12,777359891383,86,6444358638166,0,0,0,0,0,0,3,67147579164378E-09,0,0,0,0,0,0,7,25116468849647E-06,0,0,0,00122382526388126,0,2,72350037509378E-05,0,0,0,0,0,45687,8270693288,42855,7049424992,0,
290-300C*,0,0162404659959513,573,150024,244,284533845047,842,552477081145,0,113139753639923,293,01845257588,26,8978541718745,38,707325429135,0,0,000286372511894112,6,82594487332341,275,110586789599,0,0,55,3513620723839,391,021760414127,279,110586789599,38,6794123907736,47,4365035907736,47,3643510123344,47,8111520997377,0,00877626911767657,49,8035666915088,0,0,25,7377948157911,13,4815224711273,271,110586789599,1,4680553465069,4,58515579738992,32,102828416898,40,859919616898,19,3560147241708,0,266749677846225,1,06164545778346E-05,1,34732575730932E-06,0,000768003459251162,0,00240639637097583,0,00477467259238086,42,3158331226057,3,92917577934103,3,08297585247141,2,56702244910164,9,71405601037775,0,0,0,0,0,0,0,0,0,0,0,0,0,0,0,0,0,0,0,0,0,0,0,0,0,0,0,0,0,0,0,0,0,0,0,0,0,0,0,0,0,0,0,0,0,0,0,0,0,0,0,0,0,0,0,0,0,0,0,0,0,0,0,0,0,0,0,0,0,0,0,0,0,0,0,0,0,0,0,0,0,0,0,0,0,0,0,0,0,0,0,0,0,0,0,0,13,4815224711273,25,7377948157911,0,0,0,0,0,0,0,0,0,0,0,0,0,0,568,15,1,37850222157638,12,7030377325025,86,7102352858089,0,0,0,0,0,0,4,24658183113382E-09,0,0,0,0,0,0,8,3869991164893E-06,0,0,0,00141552727704461,0,3,15011397767689E-05,0,0,0,0,0,45628,357632935,42807,540994823,0,
300-310C*,0,0155337736027925,583,150024,255,018604000307,846,221569356118,0,115936277247818,296,026636557964,27,6792096249167,39,9407471463373,0,0,000295945407475353,6,88078033737618,282,818669902993,0,0,56,1890912497922,395,258380814762,286,818669902993,37,9831971422996,46,7402883422996,47,8989977238258,48,2891139430478,0,00996482159928932,51,4684064498983,0,0,24,4217926512575,11,7701389106149,278,818669902993,1,46976219348658,4,31955450386495,31,4136332918165,40,1707244918165,18,916350294228,0,277947938068855,1,20542196765597E-05,1,52979137577645E-06,0,000421107916783318,0,00273228979335352,0,00542129690192175,41,1678836274111,4,49021465683168,3,48088138328426,2,87331474168414,10,1751396883716,0,0,0,0,0,0,0,0,0,0,0,0,0,0,0,0,0,0,0,0,0,0,0,0,0,0,0,0,0,0,0,0,0,0,0,0,0,0,0,0,0,0,0,0,0,0,0,0,0,0,0,0,0,0,0,0,0,0,0,0,0,0,0,0,0,0,0,0,0,0,0,0,0,0,0,0,0,0,0,0,0,0,0,0,0,0,0,0,0,0,0,0,0,0,0,0,11,7701389106149,24,4217926512575,0,0,0,0,0,0,0,0,0,0,0,0,0,0,578,15,1,50220353328162,12,61373612428,86,7923475047975,0,0,0,0,0,0,4,82168787062386E-09,0,0,0,0,0,0,9,52283354448213E-06,0,0,0,00160722929020796,0,3,57672758026E-05,0,0,0,0,0,45562,7816088393,42754,3215242762,0,
310-320C*,0,0148356941222418,593,150024,266,006378155641,849,987426079441,0,118540010388302,299,032005743508,28,4345101765212,41,1706193552512,4,00563067924606E-08,0,000305518303056593,6,93954043543263,283,571959592015,0,0,56,9430193824722,399,291076094282,287,571959592015,37,2848942754784,46,0419854754784,48,4336444353171,48,7213425882842,0,0111533740809021,53,1332462082877,0,0,23,1318453881617,10,1080380564647,279,571959592015,1,47148724618164,4,06327129012744,30,724438166735,39,481529366735,18,4657766786708,0,283966517401338,1,34919847752848E-05,1,71225699424357E-06,0,000227456403777024,0,00305818321573121,0,00606792121146264,39,9872789793163,5,15078055227875,3,94247844563821,3,22485930803538,10,6360868556625,0,0,0,0,0,0,0,0,0,0,0,0,0,0,0,0,0,0,0,0,0,0,0,0,0,0,0,0,0,0,0,0,0,0,0,0,0,0,0,0,0,0,0,0,0,0,0,0,0,0,0,0,0,0,0,0,0,0,0,0,0,0,0,0,0,0,0,0,0,0,0,0,0,0,0,0,0,0,0,0,0,0,0,0,0,0,0,0,0,0,0,0,0,0,0,0,10,1080380564647,23,1318453881617,0,0,0,0,0,0,0,0,0,0,0,0,0,0,588,15,1,63966492379388,12,5194177879745,86,8790059677234,0,0,0,0,0,0,5,39679391011391E-09,0,0,0,0,0,0,1,0658667972475E-05,0,0,0,0017989313033713,0,4,00334118284311E-05,0,0,0,0,0,45495,2028840801,42699,4042766556,0,
320-330C*,0,0117226701335161,603,150024,277,260015543285,853,690493406614,0,120959114927008,302,041536210813,29,1777737430331,42,4056690737571,1,08528626095812E-07,0,000827771812555041,6,99752655544895,284,325249281036,0,0,57,6709782179828,403,122175907082,288,325249281036,36,5879460414551,45,3450372414552,48,9323919367799,49,1114003442795,0,0218832428043768,143,959308102796,0,0,21,889834320187,8,48293058196337,280,325249281036,1,47314087348617,3,81627857057022,30,0352430416535,38,7923342416535,18,0313307634638,0,290174812373491,2,64716646827139E-05,3,35949778755147E-06,0,000120956611860094,0,00600024399474848,0,0119054370655096,38,8449338206076,5,92927902268141,4,47833453693999,3,62855970525692,11,0978556015466,0,0,0,0,0,0,0,0,0,0,0,0,0,0,0,0,0,0,0,0,0,0,0,0,0,0,0,0,0,0,0,0,0,0,0,0,0,0,0,0,0,0,0,0,0,0,0,0,0,0,0,0,0,0,0,0,0,0,0,0,0,0,0,0,0,0,0,0,0,0,0,0,0,0,0,0,0,0,0,0,0,0,0,0,0,0,0,0,0,0,0,0,0,0,0,0,8,48293058196337,21,889834320187,0,0,0,0,0,0,0,0,0,0,0,0,0,0,598,15,1,79247494972576,12,4276881228363,86,9630776623842,0,0,0,0,0,0,1,05886658730856E-08,0,0,0,0,0,0,2,0912615099344E-05,0,0,0,00352955529102852,0,7,85467128578828E-05,0,0,0,0,0,45433,5328970435,42649,8561506516,0,
330-340C*,0,0158023526282673,613,150024,288,730036077891,857,338402429968,0,12320175272957,305,054812320934,30,0130825037171,43,6988204929937,1,77000945399163E-07,0,00135002532205349,7,05482831244605,285,078538970058,0,0,58,3729576158283,406,754379347841,289,078538970058,35,8921878052981,44,6492790052981,48,3296953717897,49,4585108200596,0,0361420915077184,234,785369997305,0,0,21,6572221244932,6,84266868694667,281,078538970058,1,47472729049004,3,57853962772441,29,346047916572,38,103139116572,17,6114016746594,0,292880301111646,4,37202719851432E-05,5,54850474141694E-06,6,32888462072036E-05,0,00990992831663247,0,0196628717099903,37,7370283620096,6,85100342324196,5,10289083394108,4,09380825944731,11,5614040153198,0,0,0,0,0,0,0,0,0,0,0,0,0,0,0,0,0,0,0,0,0,0,0,0,0,0,0,0,0,0,0,0,0,0,0,0,0,0,0,0,0,0,0,0,0,0,0,0,0,0,0,0,0,0,0,0,0,0,0,0,0,0,0,0,0,0,0,0,0,0,0,0,0,0,0,0,0,0,0,0,0,0,0,0,0,0,0,0,0,0,0,0,0,0,0,0,6,84266868694667,21,6572221244932,0,0,0,0,0,0,0,0,0,0,0,0,0,0,608,15,1,96272313301701,12,3383161439455,87,0447020602167,0,0,0,0,0,0,1,74881087940573E-08,0,0,0,0,0,0,3,45390148682632E-05,0,0,0,0058293695980191,0,0,000129726773546208,0,0,0,0,0,45374,3937180708,42602,5288188222,0,
340-350C*,0,012818068589881,623,150024,300,351984813381,860,938784241834,0,125276085661623,308,071432602867,30,8676473909773,44,9951078117108,2,45473264702514E-07,0,00187227883155194,7,11155028763507,285,83182865908,0,526732887029411,0,59,048780174156,410,190721987614,290,600327170032,35,1974549320753,43,9545461320753,47,7269988067996,49,7722999330365,0,05040094021106,325,611431891813,0,0,21,4053538022231,5,23259225525271,281,83182865908,1,46698253897629,3,35000833050955,28,6568527914905,37,4139439914905,17,2044334483979,0,294231240966462,6,09688792875726E-05,7,73751169528241E-06,3,25624266988254E-05,0,0138196126385164,0,027420306354471,36,6598179313137,7,94772276868893,5,8339781763854,4,63205717297595,12,0276901862781,0,0,0,0,0,0,0,0,0,0,0,0,0,0,0,0,0,0,0,0,0,0,0,0,0,0,0,0,0,0,0,0,0,0,0,0,0,0,0,0,0,0,0,0,0,0,0,0,0,0,0,0,0,0,0,0,0,0,0,0,0,0,0,0,0,0,0,0,0,0,0,0,0,0,0,0,0,0,0,0,0,0,0,0,0,0,0,0,0,0,0,0,0,0,0,0,5,23259225525271,21,4053538022231,0,0,0,0,0,0,0,0,0,0,0,0,0,0,618,15,2,15285589174202,12,2510598636158,87,1240282969313,0,0,457432111860169,0,0,0,0,2,4387551715029E-08,0,0,0,0,0,0,4,81654146371823E-05,0,0,0,00812918390500968,0,0,000180906834234534,0,0,526732887029411,0,0,0,45316,6922423912,42556,4166786528,0,
350-360C*,0,0121841691476328,633,150024,312,043775172149,864,499269934541,0,127190275588798,311,091008902658,31,7438555566457,46,2897253156058,3,13945584005866E-07,0,00239453234105038,7,16781093957333,286,585118348102,0,552572070431502,0,59,6981238650761,413,434543330691,294,529624601566,34,503582786855,43,260673986855,47,1243022418094,50,057809943161,0,0646597889144016,416,437493786322,0,0,21,1318422015448,3,65246474123316,282,585118348102,1,46874246164808,3,13062886529121,27,9676576664091,36,7247488664091,16,8089217331276,0,29943184346507,7,82174865900019E-05,9,92651864914787E-06,1,64630325732032E-05,0,0177292969604004,0,0351777409989517,35,6096310567447,9,25962560302332,6,6937559037945,5,25735408330661,12,4976722037176,0,0,0,0,0,0,0,0,0,0,0,0,0,0,0,0,0,0,0,0,0,0,0,0,0,0,0,0,0,0,0,0,0,0,0,0,0,0,0,0,0,0,0,0,0,0,0,0,0,0,0,0,0,0,0,0,0,0,0,0,0,0,0,0,0,0,0,0,0,0,0,0,0,0,0,0,0,0,0,0,0,0,0,0,0,0,0,0,0,0,0,0,0,0,0,0,3,65246474123316,21,1318422015448,0,0,0,0,0,0,0,0,0,0,0,0,0,0,628,15,2,36574972440121,12,165668660035,87,2012129086235,0,0,475911947766273,0,0,0,0,3,12869946360008E-08,0,0,0,0,0,0,6,17918144061015E-05,0,0,0,0104289982120003,0,0,000232086894922859,0,0,552572070431502,0,0,0,45257,9583521066,42509,2195965408,0,
360-370C*,0,011575197266524,643,150024,323,70352449026,868,02749060042,0,12895248437673,314,113165634235,32,6440941525547,47,5784148188169,3,82417903309217E-07,0,00291678585054883,7,22374162034495,289,011173491461,0,578411253833594,0,60,3205418822254,416,489454925612,298,209068838077,33,8104067347054,42,5674979347054,46,5216056768193,50,3201037198875,0,0789186376177432,507,26355568083,0,0,20,834300170626,2,10148146129564,283,338408037123,1,4705585269255,2,92033548230111,27,2784625413276,36,0355537413276,16,4234108860985,0,303298174981002,9,54660938924313E-05,1,21155256030133E-05,8,17339486242815E-06,0,0216389812822844,0,0429351756434324,34,5828677348809,10,8379361670201,7,70995108235034,5,98703872225329,12,9723081569342,0,0,0,0,0,0,0,0,0,0,0,0,0,0,0,0,0,0,0,0,0,0,0,0,0,0,0,0,0,0,0,0,0,0,0,0,0,0,0,0,0,0,0,0,0,0,0,0,0,0,0,0,0,0,0,0,0,0,0,0,0,0,0,0,0,0,0,0,0,0,0,0,0,0,0,0,0,0,0,0,0,0,0,0,0,0,0,0,0,0,0,0,0,0,0,0,2,10148146129564,20,834300170626,0,0,0,0,0,0,0,0,0,0,0,0,0,0,638,15,2,60480178877471,12,0818853254726,87,2764178778513,0,0,494403414141972,0,0,0,0,3,81864375569725E-08,0,0,0,0,0,0,7,54182141750207E-05,0,0,0,0127288125189908,0,0,000283266955611185,0,0,578411253833594,0,0,0,45200,4263328077,42463,0548741951,0,
370-380C*,0,0110336619621548,653,150024,335,2072081615,871,531077331802,0,130515327230685,317,137539124264,33,5707503305362,48,8405162626073,4,50890222612568E-07,0,00343903936004728,7,27948570456841,292,715505689735,0,604250437235686,0,60,9154801749,419,359309332442,301,633727257234,33,1177621406945,41,8748533406945,45,9189091118292,50,4778431241752,0,0931774863210848,598,089617575339,0,0,20,5103405576347,0,681640613217469,284,091697726145,1,47243285491001,2,71905226017122,26,5892674162461,35,3463586162461,16,0464914342524,0,307164506496935,0,000112714701194861,1,43045325568788E-05,3,98175321496617E-06,0,0255486656041684,0,0506926102879131,33,5759978972302,12,7484669987526,8,91750746150246,6,84265585660656,13,4646903656691,0,0,0,0,0,0,0,0,0,0,0,0,0,0,0,0,0,0,0,0,0,0,0,0,0,0,0,0,0,0,0,0,0,0,0,0,0,0,0,0,0,0,0,0,0,0,0,0,0,0,0,0,0,0,0,0,0,0,0,0,0,0,0,0,0,0,0,0,0,0,0,0,0,0,0,0,0,0,0,0,0,0,0,0,0,0,0,0,0,0,0,0,0,0,0,0,0,681640613217469,20,5103405576347,0,0,0,0,0,0,0,0,0,0,0,0,0,0,648,15,2,87404259089784,11,9994478316462,87,3498089531832,0,0,512909672050171,0,0,0,0,4,50858804779442E-08,0,0,0,0,0,0,8,90446139439399E-05,0,0,0,0150286268259814,0,0,00033444701629951,0,0,604250437235686,0,0,0,45143,3773931893,42417,2663751091,0,
380-390C*,0,0105356052749378,663,150024,346,406661766647,875,017661221017,0,131781400800198,320,163777044039,34,5262112424224,49,8854841942743,5,1936254191592E-07,0,00396129286954573,7,33519783852208,296,262794248639,0,630089620637778,0,61,4822930584879,422,048170118079,304,930821579259,32,4254843698907,41,1825755698907,45,316212546839,49,5649558267868,0,107436335024426,617,85447276166,0,0,20,1575762107386,0,549559978938909,284,844987415167,1,47436788275617,2,52669289153256,25,9000722911646,34,6571634911646,15,6767978724034,0,311030838012868,0,00012996330849729,1,64935395107443E-05,1,90189923734545E-06,0,0294583499260524,0,0584500449323938,32,5855600861271,15,076488798663,10,3607982956547,7,85116097736121,13,962598970436,0,0,0,0,0,0,0,0,0,0,0,0,0,0,0,0,0,0,0,0,0,0,0,0,0,0,0,0,0,0,0,0,0,0,0,0,0,0,0,0,0,0,0,0,0,0,0,0,0,0,0,0,0,0,0,0,0,0,0,0,0,0,0,0,0,0,0,0,0,0,0,0,0,0,0,0,0,0,0,0,0,0,0,0,0,0,0,0,0,0,0,0,0,0,0,0,0,549559978938909,20,1575762107386,0,0,0,0,0,0,0,0,0,0,0,0,0,0,658,15,3,17827693822729,11,9180908455844,87,4215542098403,0,0,531433438415739,0,0,0,0,5,1985323398916E-08,0,0,0,0,0,0,0,000102671013712859,0,0,0,017328441132972,0,0,000385627076987835,0,0,630089620637778,0,0,0,45086,69708771,42371,7651876714,0,
390-400C*,0,00998931633942287,673,150024,357,888694067643,878,494873360395,0,132957981868883,323,191537922011,35,5128640400455,50,9056888868937,5,87834861219271E-07,0,00448354637904418,7,39104331613241,299,654288089692,0,65592880403987,0,62,0202572223525,424,56028302246,308,106522067064,31,7334087873619,40,4904999873619,44,7135159818489,48,6630316823129,0,121695183727768,744,353254005009,0,0,19,7736199781057,0,431279430793409,285,598277104189,1,47636635983828,2,34316049282857,25,2108771660831,33,9679683660831,15,3130067739897,0,314897169528801,0,000147211915799719,1,86825464646097E-05,8,89990331363295E-07,0,0333680342479364,0,0662074795768745,31,6081603477483,17,9334726204782,12,0966224506409,9,0465256598208,14,465251890737,0,0,0,0,0,0,0,0,0,0,0,0,0,0,0,0,0,0,0,0,0,0,0,0,0,0,0,0,0,0,0,0,0,0,0,0,0,0,0,0,0,0,0,0,0,0,0,0,0,0,0,0,0,0,0,0,0,0,0,0,0,0,0,0,0,0,0,0,0,0,0,0,0,0,0,0,0,0,0,0,0,0,0,0,0,0,0,0,0,0,0,0,0,0,0,0,0,431279430793409,19,7736199781057,0,0,0,0,0,0,0,0,0,0,0,0,0,0,668,15,3,52326123957091,11,8375470255628,87,4918228226892,0,0,549977055907533,0,0,0,0,5,88847663198877E-08,0,0,0,0,0,0,0,000116297413481778,0,0,0,0196282554399626,0,0,000436807137676161,0,0,65592880403987,0,0,0,45030,2712236533,42326,4623667601,0,
400-410C*,0,00935882913786584,683,150024,373,42075554769,881,970344842267,0,134067943157153,326,220490731117,36,5330958752376,51,915815714452,7,13247020292825E-06,0,00635208368432332,7,44719758804617,302,891296669957,0,681767987441962,0,62,5285844004254,426,900048411183,312,092205075514,31,0413707581764,39,7984619581764,44,1108194168587,47,760367790052,0,13595403243111,880,008369493827,0,0,19,3560847079037,0,323816495495997,286,35156679321,1,4784313454153,2,16834744168871,24,5216820410016,33,2787732410017,14,9538351916974,0,318763501044734,0,000164460523102149,2,08715534184752E-05,4,07653247615336E-07,0,0372777185698204,0,0739649142213553,30,6404713476369,21,466522662462,14,1982993770545,10,4718935183074,14,9726491265721,0,0,0,0,0,0,0,0,0,0,0,0,0,0,0,0,0,0,0,0,0,0,0,0,0,0,0,0,0,0,0,0,0,0,0,0,0,0,0,0,0,0,0,0,0,0,0,0,0,0,0,0,0,0,0,0,0,0,0,0,0,0,0,0,0,0,0,0,0,0,0,0,0,0,0,0,0,0,0,0,0,0,0,0,0,0,0,0,0,0,0,0,0,0,0,0,0,323816495495997,19,3560847079037,0,0,0,0,0,0,0,0,0,0,0,0,0,0,678,15,3,91592783758235,11,7575481234157,87,5607840260383,0,0,568542549875719,0,0,0,0,6,57842092408595E-08,0,0,0,0,0,0,0,000129923813250697,0,0,0,0219280697469532,0,0,000487987198364486,0,0,681767987441962,0,0,0,44973,9860437237,42281,2691363236,0,
410-420C*,0,00876826147128713,693,150024,388,830310040033,885,451706758962,0,135134157385422,329,250314545493,37,5892938998308,52,4614712611983,4,04120349448247E-05,0,0137783566593639,7,50384590954522,305,975182829453,0,707607170844054,0,63,0064329239897,429,07199510456,315,715774775472,30,3492056474024,39,1062968474024,43,5081228518686,47,3133276504522,0,177404775221386,1024,40144535782,0,0,18,9025832483007,0,225201088349457,287,104856482232,1,48056620878036,2,0021352453984,23,8324869159202,32,5895781159202,14,5980393269844,0,322629832560667,0,000214602550671031,2,723503802362E-05,1,82602213192908E-07,0,048643244818767,0,096515923412258,29,6792317120974,25,8717205422241,16,7613217709666,12,1825019084553,15,4847906779413,0,0,0,0,0,0,0,0,0,0,0,0,0,0,0,0,0,0,0,0,0,0,0,0,0,0,0,0,0,0,0,0,0,0,0,0,0,0,0,0,0,0,0,0,0,0,0,0,0,0,0,0,0,0,0,0,0,0,0,0,0,0,0,0,0,0,0,0,0,0,0,0,0,0,0,0,0,0,0,0,0,0,0,0,0,0,0,0,0,0,0,0,0,0,0,0,0,225201088349457,18,9025832483007,0,0,0,0,0,0,0,0,0,0,0,0,0,0,688,15,4,36467059885793,11,6778259166987,87,6286062374007,0,0,587131675109849,0,0,0,0,8,58410202684124E-08,0,0,0,0,0,0,0,000169536015030114,0,0,0,0286136734228041,0,0,000636768602510063,0,0,707607170844054,0,0,0,44917,7283932771,42236,09707383,0,
420-430C*,0,008214322856456,703,150024,404,103114387226,888,946590202812,0,136179497274104,332,280698261521,38,6838452656572,53,5535586413047,7,36915996867213E-05,0,0212046296344044,7,56118313270015,308,907356285844,0,733446354246146,0,63,452918338395,431,080755649549,319,048058588662,29,656748820108,38,413840020108,42,9054262868784,46,3059299473068,0,271639783003947,1177,11410772668,0,0,18,4107284474643,0,1405114113885,287,858146171254,1,48277463189997,1,8443944441812,23,1432917908387,31,9003829908387,14,2444134489679,0,3264961640766,0,000328596511698323,4,17019204224248E-05,7,99114963384254E-08,0,0744818759849532,0,147783871428568,28,7212455970909,31,4132258741197,19,9112406287514,14,2496793021605,16,0016765448446,0,0,0,0,0,0,0,0,0,0,0,0,0,0,0,0,0,0,0,0,0,0,0,0,0,0,0,0,0,0,0,0,0,0,0,0,0,0,0,0,0,0,0,0,0,0,0,0,0,0,0,0,0,0,0,0,0,0,0,0,0,0,0,0,0,0,0,0,0,0,0,0,0,0,0,0,0,0,0,0,0,0,0,0,0,0,0,0,0,0,0,0,0,0,0,0,0,1405114113885,18,4107284474643,0,0,0,0,0,0,0,0,0,0,0,0,0,0,698,15,4,879710834452,11,5981129917973,87,6954563247283,0,0,605745954516842,0,0,0,0,1,31438604679329E-07,0,0,0,0,0,0,0,000259591244241675,0,0,0,0438128682264431,0,0,000975011438072659,0,0,733446354246146,0,0,0,44861,3858760613,42190,8582807907,0,
430-440C*,0,00769412700917126,713,150024,419,228834776778,892,462626266147,0,137226835543612,335,311340378493,39,8191371245491,54,7291003778649,0,000106971164428618,0,0286309026094449,7,61941364792649,311,68926772943,0,759285537648238,0,63,8671232342303,432,931043079548,322,10729293179,28,9638356413613,37,7209268413613,42,3027297218883,45,1672259281516,0,365874790786508,1337,72798273012,0,0,17,8781331535626,0,103673693983517,288,611435860276,1,48506061456576,1,69498455317491,22,4540966657572,31,2111878657572,13,8917890443503,0,330362495592533,0,000442590472725615,5,61688028212296E-05,3,41314212017786E-08,0,100320507151139,0,199051819444879,27,7633824847818,38,4509583407333,23,8147868388216,16,7663696927892,16,5233067272819,0,0,0,0,0,0,0,0,0,0,0,0,0,0,0,0,0,0,0,0,0,0,0,0,0,0,0,0,0,0,0,0,0,0,0,0,0,0,0,0,0,0,0,0,0,0,0,0,0,0,0,0,0,0,0,0,0,0,0,0,0,0,0,0,0,0,0,0,0,0,0,0,0,0,0,0,0,0,0,0,0,0,0,0,0,0,0,0,0,0,0,0,0,0,0,0,0,103673693983517,17,8781331535626,0,0,0,0,0,0,0,0,0,0,0,0,0,0,708,15,5,47356931556793,11,5181433970845,87,7614989985203,0,0,624386711329514,0,0,0,0,1,77036189090246E-07,0,0,0,0,0,0,0,000349646473453236,0,0,0,059012063030082,0,0,00131325427363526,0,0,759285537648238,0,0,0,44804,8470017616,42145,4655429386,0,
440-450C*,0,00720512963310529,723,150024,434,201120908661,896,007446041297,0,138299044914359,338,341948834412,40,9975566283385,56,0613759474093,0,000140250729170514,0,0360571755844855,7,67875148002953,314,322403474407,0,785124721050329,0,64,2481064174635,434,62762918757,324,913386703462,28,2703014762306,37,0273926762306,41,7489211653865,43,9319367029498,0,46010979856907,1505,82469649785,0,0,17,253522206275,0,00668734964088696,289,364725549297,1,48742848209975,1,55375404712911,21,7649015406757,30,5219927406757,13,5390341810429,0,334228827108466,0,000556584433752907,7,06356852200344E-05,1,4212435536791E-08,0,126159138317326,0,250319767461189,26,8025772065813,47,4812495058417,28,6957427714609,19,8548489856816,16,9947101857062,0,0,0,0,0,0,0,0,0,0,0,0,0,0,0,0,0,0,0,0,0,0,0,0,0,0,0,0,0,0,0,0,0,0,0,0,0,0,0,0,0,0,0,0,0,0,0,0,0,0,0,0,0,0,0,0,0,0,0,0,0,0,0,0,0,0,0,0,0,0,0,0,0,0,0,0,0,0,0,0,0,0,0,0,0,0,0,0,0,0,0,0,0,0,0,0,0,00668734964088696,17,253522206275,0,0,0,0,0,0,0,0,0,0,0,0,0,0,718,15,6,16167946212405,11,4374641508657,87,8254447762449,0,0,643055096093752,0,0,0,0,2,22633773501163E-07,0,0,0,0,0,0,0,000439701702664796,0,0,0,0742112578337209,0,0,00165149710919785,0,0,785124721050329,0,0,0,44748,0013281465,42099,8324831099,0,
450-460C*,0,00675570464639573,733,150024,448,311288956027,899,991908517616,0,1394787327495,341,356580165995,42,3673783760135,57,7788919863807,0,000173530293912411,0,043483448559526,7,75312608511783,316,758999548202,0,810963904452421,0,64,4692377891775,436,175324321093,327,399405512708,27,5672823588798,36,3243735588798,40,1768071445053,42,2211080136193,0,554344806351631,1680,98587515955,0,0,17,4558144794812,0,290,118015238319,1,49011716203095,1,42054039197186,21,0757064155942,29,8327976155942,13,1243574656423,0,351629883550017,0,000670578394780199,8,51025676188392E-05,5,76302027866878E-09,0,151997769483512,0,301587715477499,25,6698045217038,59,5767853987211,35,0404357607059,23,7825966940178,16,9384355655599,0,0,0,0,0,0,0,0,0,0,0,0,0,0,0,0,0,0,0,0,0,0,0,0,0,0,0,0,0,0,0,0,0,0,0,0,0,0,0,0,0,0,0,0,0,0,0,0,0,0,0,0,0,0,0,0,0,0,0,0,0,0,0,0,0,0,0,0,0,0,0,0,0,0,0,0,0,0,0,0,0,0,0,0,0,0,0,0,0,0,0,0,0,0,0,0,0,17,4558144794812,0,0,0,0,0,0,0,0,0,0,0,0,0,0,728,15,6,97872921477381,11,3364618778489,87,8930182980944,0,0,661752109410401,0,0,0,0,2,6823135791208E-07,0,0,0,0,0,0,0,000529756931876357,0,0,0,0894104526373598,0,0,00198973994476045,0,0,810963904452421,0,0,0,44678,4665138385,42043,2160220979,0,
460-480C*,0,0122748432868093,753,150024,468,437496208099,906,471398758517,0,141649765440685,345,861837895556,44,501901769758,60,6350272654079,0,000223449641025256,0,0546228580220868,7,85121058639104,321,396317904159,2,06581837435527,0,64,609968337776,438,019598392475,330,681586067515,26,5019062355587,35,2589974355587,37,6161983866286,39,3649727345921,0,695697318025473,1956,05832198705,0,0,17,8818998436134,0,291,247949771852,1,4945877038426,1,17745900533873,20,041913727972,28,799004927972,12,4376605166715,0,394068958597838,0,000841569336321137,0,000106802891217046,8,70669017649523E-10,0,190755716232791,0,378489637501965,23,7860883437336,86,2372021002177,48,4578120152057,31,8431373725777,16,8540236353405,0,0,0,0,0,0,0,0,0,0,0,0,0,0,0,0,0,0,0,0,0,0,0,0,0,0,0,0,0,0,0,0,0,0,0,0,0,0,0,0,0,0,0,0,0,0,0,0,0,0,0,0,0,0,0,0,0,0,0,0,0,0,0,0,0,0,0,0,0,0,0,0,0,0,0,0,0,0,0,0,0,0,0,0,0,0,0,0,0,0,0,0,0,0,0,0,0,17,8818998436134,0,0,0,0,0,0,0,0,0,0,0,0,0,0,743,15,8,50715397708466,11,1634056806417,87,646248860032,0,1,60934358312454,0,0,0,0,3,36627734528455E-07,0,0,0,0,0,0,0,000664839775693698,0,0,0,112209244842818,0,0,00249710419810434,0,2,06581837435527,0,0,0,44559,5688166081,41945,6259214905,0,
480-500C*,0,0107853348916386,773,150024,494,427189280971,915,302689073379,0,144775088991731,351,867142880606,47,4356963200214,64,8311277065119,0,000290008770509049,0,0621059650951826,8,03122499651964,325,201516170369,3,73604163134415,0,64,6835612484431,440,323947877575,334,507296747808,25,0772631332336,33,8343543332336,33,9327328870112,35,1688722934881,0,884167333590596,2343,6423887632,0,0,18,6315707929673,0,291,325009059301,1,5009478602846,0,964224504593214,18,663523477809,27,420614677809,11,5154553454942,0,455927234330685,0,00106955725837572,0,000135736656014656,1,1643634649436E-10,0,242432978565163,0,481025533534586,21,2409057317256,148,409691168744,77,8373811592606,48,7099046460695,16,7414743950478,0,0,0,0,0,0,0,0,0,0,0,0,0,0,0,0,0,0,0,0,0,0,0,0,0,0,0,0,0,0,0,0,0,0,0,0,0,0,0,0,0,0,0,0,0,0,0,0,0,0,0,0,0,0,0,0,0,0,0,0,0,0,0,0,0,0,0,0,0,0,0,0,0,0,0,0,0,0,0,0,0,0,0,0,0,0,0,0,0,0,0,0,0,0,0,0,0,18,6315707929673,0,0,0,0,0,0,0,0,0,0,0,0,0,0,763,15,11,2929327079602,10,9314426192576,87,7928752118015,0,2,97863723497705,0,0,0,0,4,27822903350288E-07,0,0,0,0,0,0,0,000844950234116819,0,0,0,142607634450096,0,0,00317358986922954,0,3,73604163134415,0,0,0,44396,7619215612,41811,8222825872,0,
500-520C*,0,00945256609288607,793,150024,519,749067688583,924,319851917227,0,148163970595499,357,872002452573,50,428270688966,69,3535378288896,0,00186104834420527,0,114215211857003,8,22025407273787,328,460762736912,5,39221205135127,0,64,6469361320422,442,116291793549,337,843894975265,23,6486099744427,32,4057011744427,30,0284076540999,30,6464621711104,1,2231845053348,2747,71343164675,0,0,19,5433216569341,0,293,857970199199,1,50775736842174,0,779156284417207,17,2851332276461,26,0422244276461,10,5915239060336,0,522121380859652,0,00147965867580822,0,000187782298819881,1,36162812895303E-11,0,335389299849863,0,665465638614458,18,6732194952735,272,565737047538,132,016771272351,78,0792891405843,16,6289251547552,0,0,0,0,0,0,0,0,0,0,0,0,0,0,0,0,0,0,0,0,0,0,0,0,0,0,0,0,0,0,0,0,0,0,0,0,0,0,0,0,0,0,0,0,0,0,0,0,0,0,0,0,0,0,0,0,0,0,0,0,0,0,0,0,0,0,0,0,0,0,0,0,0,0,0,0,0,0,0,0,0,0,0,0,0,0,0,0,0,0,0,0,0,0,0,0,0,19,5433216569341,0,0,0,0,0,0,0,0,0,0,0,0,0,0,783,15,15,3663991493776,10,6977676960657,87,9383684727881,0,4,42855961134185,0,0,0,0,5,91863470323288E-07,0,0,0,0,0,0,0,00116893035388849,0,0,0,197287823441096,0,0,00439044263099468,0,5,39221205135127,0,0,0,44230,4845088088,41675,0719109111,0,
520-540C*,0,00825640561697391,813,150024,544,827339900485,933,486318108808,0,15181641025199,363,877949257868,53,4343290628673,74,0745569443084,0,00423332462957019,0,174871990657282,8,41699953733125,331,200376393606,7,03432963437663,0,64,5203593853652,443,434260082625,340,814621823178,22,216735711069,30,973826911069,25,99806099125,25,9254430556916,2,08075299280694,3168,05146621576,0,0,20,5676099458826,0,296,612514416589,1,5150069561745,0,620420778406236,15,9067429774831,24,6638341774831,9,67180620991572,0,585935172652182,0,00251703991065356,0,000319435521429115,1,37320032233685E-12,0,570529046414806,1,13202024152376,16,0996089978699,539,493879118062,238,335170592628,132,049639328399,16,5163759144626,0,0,0,0,0,0,0,0,0,0,0,0,0,0,0,0,0,0,0,0,0,0,0,0,0,0,0,0,0,0,0,0,0,0,0,0,0,0,0,0,0,0,0,0,0,0,0,0,0,0,0,0,0,0,0,0,0,0,0,0,0,0,0,0,0,0,0,0,0,0,0,0,0,0,0,0,0,0,0,0,0,0,0,0,0,0,0,0,0,0,0,0,0,0,0,0,0,20,5676099458826,0,0,0,0,0,0,0,0,0,0,0,0,0,0,803,15,21,5020808476368,10,4646352670718,88,0808302012835,0,5,93479934964256,0,0,0,0,1,00681596426142E-06,0,0,0,0,0,0,0,00198846152941631,0,0,0,335605321420474,0,0,00746855981607527,0,7,03432963437663,0,0,0,44064,391021625,41538,7427164271,0,
540-560C*,0,00703500223643208,833,150024,570,172140883379,942,76551846687,0,151736609263393,369,886403991687,56,4302059332236,78,727838047316,0,0066056009149351,0,23552876945756,8,61997367905909,333,446919424904,8,68990891779912,0,64,3224006720607,444,314445340833,343,509395498644,20,7824292949954,29,5395204949954,21,9323722441626,21,272161952684,2,93832148027909,3605,40317529286,0,0,21,6374218226138,1,34695955856183E-14,299,588641711472,1,52268540633145,0,486048021660638,14,5283527273201,23,2854439273202,8,76180838427505,0,647120065317853,0,0035544211454989,0,000451088744038349,1,17550415132813E-13,0,80566879297975,1,59857484443306,13,535880852191,1163,41031143492,462,066601196725,237,382795443984,15,5778729262182,0,0,0,0,0,0,0,0,0,0,0,0,0,0,0,0,0,0,0,0,0,0,0,0,0,0,0,0,0,0,0,0,0,0,0,0,0,0,0,0,0,0,0,0,0,0,0,0,0,0,0,0,0,0,0,0,0,0,0,0,0,0,0,0,0,0,0,0,0,0,0,0,0,0,0,0,0,0,0,0,0,0,0,0,0,0,0,0,0,0,0,0,0,0,0,0,1,34695955856183E-14,21,6374218226138,0,0,0,0,0,0,0,0,0,0,0,0,0,0,823,15,31,0468203231552,10,2341917581973,88,2184635821045,0,7,50777617453547,0,0,0,0,1,42176845819956E-06,0,0,0,0,0,0,0,00280799270494413,0,0,0,473922819399853,0,0,0105466770011559,0,8,68990891779912,0,0,0,43899,237126442,41403,4748838732,0,
560-580C*,0,00601714543805399,853,150024,596,360018776202,952,120883810157,0,15080340195612,375,898679500959,59,4031480140582,82,9793645521265,0,00897787720030002,0,266284207086089,8,82748122283781,335,227007426637,10,389026204388,0,64,0700424967772,444,792138347168,345,990900156956,19,3464796781049,28,1035708781049,17,9199226156356,17,0206354478735,3,79588996775124,4058,2252148278,0,0,22,6769293703062,1,34549764265891E-14,302,786352083847,1,53077917984934,0,373953378865997,13,1499624771572,21,9070536771572,7,86661857335859,0,707685768733163,0,00459180238034424,0,000582741966647583,8,38721298380265E-15,1,04080853954469,2,06512944734236,10,9970649343374,2766,50467240532,971,33619742193,457,260710233226,14,5178246011959,0,0,0,0,0,0,0,0,0,0,0,0,0,0,0,0,0,0,0,0,0,0,0,0,0,0,0,0,0,0,0,0,0,0,0,0,0,0,0,0,0,0,0,0,0,0,0,0,0,0,0,0,0,0,0,0,0,0,0,0,0,0,0,0,0,0,0,0,0,0,0,0,0,0,0,0,0,0,0,0,0,0,0,0,0,0,0,0,0,0,0,0,0,0,0,0,1,34549764265891E-14,22,6769293703062,0,0,0,0,0,0,0,0,0,0,0,0,0,0,843,15,46,4240745163504,10,0084699431382,88,3495804923891,0,9,16779462839255,0,0,0,0,1,83672095213769E-06,0,0,0,0,0,0,0,00362752388047195,0,0,0,612240317379231,0,0,0136247941862365,0,10,389026204388,0,0,0,43734,7672306414,41268,9550179571,0,
580-600C*,0,00531407531587985,873,150024,624,017802025592,961,515844957419,0,149870194648846,381,915985881717,62,2293183997115,87,2007077527854,0,0113501534856649,0,355219117734025,9,03760682805482,336,567144638249,12,0203044359999,0,63,7787919304178,444,901129982781,348,330989378205,17,9096758122803,26,6667670122804,14,0706518637708,12,7992922472146,4,31126067444339,4524,9742407703,0,0,23,7000297365176,1,34333480724039E-14,306,205645533715,1,53927204873439,0,281964623051889,11,7715722269942,20,5286634269942,6,99092669420714,0,767438155834362,0,00521523468682668,0,000661861261917424,4,8841076376234E-16,1,18211986234738,2,34551355534593,8,49741864001398,5327,87328803174,1788,4110460919,812,056696751479,13,478368295302,0,0,0,0,0,0,0,0,0,0,0,0,0,0,0,0,0,0,0,0,0,0,0,0,0,0,0,0,0,0,0,0,0,0,0,0,0,0,0,0,0,0,0,0,0,0,0,0,0,0,0,0,0,0,0,0,0,0,0,0,0,0,0,0,0,0,0,0,0,0,0,0,0,0,0,0,0,0,0,0,0,0,0,0,0,0,0,0,0,0,0,0,0,0,0,0,1,34333480724039E-14,23,7000297365176,0,0,0,0,0,0,0,0,0,0,0,0,0,0,863,15,72,3673736158183,9,78938437475455,88,4726070677349,0,10,7971370150179,0,0,0,0,2,08609387473067E-06,0,0,0,0,0,0,0,00412003540259308,0,0,0,695364624910224,0,0,0154746422766583,0,12,0203044359999,0,0,0,43571,6672465871,41135,7570610221,0,
600-625C*,0,0057767149843032,898,150024,657,719544981975,972,086972691414,0,148820336428163,388,692851551169,65,1523699820152,91,9087290877956,0,0422586747736225,0,5256858989126,9,24959316325431,337,814429945004,13,729333656711,0,63,422208341915,444,642476882759,350,8406260729,16,2932327063484,25,0503239063485,10,058077827126,8,09127091220434,7,03805441292572,5062,74617038822,0,0,24,7895521908588,1,33999607772205E-14,310,317211687131,1,54927944066939,0,191856905950634,10,2208831955609,18,9779743955609,6,03443765406045,0,833445713222863,0,00851377549950692,0,00108047643762202,1,01130060428898E-17,1,92978911322157,3,82900809654957,5,74891274794017,10300,6602830262,3422,21126016269,1532,44341537236,12,3335938490359,0,0,0,0,0,0,0,0,0,0,0,0,0,0,0,0,0,0,0,0,0,0,0,0,0,0,0,0,0,0,0,0,0,0,0,0,0,0,0,0,0,0,0,0,0,0,0,0,0,0,0,0,0,0,0,0,0,0,0,0,0,0,0,0,0,0,0,0,0,0,0,0,0,0,0,0,0,0,0,0,0,0,0,0,0,0,0,0,0,0,0,0,0,0,0,0,1,33999607772205E-14,24,7895521908588,0,0,0,0,0,0,0,0,0,0,0,0,0,0,885,65,125,764144367256,9,55896108285066,88,4165010797496,0,12,5350027983091,0,0,0,0,3,40551019980277E-06,0,0,0,0,0,0,0,00672588264461046,0,0,1,13517006660092,0,0,0252620712566267,0,13,729333656711,0,0,0,43390,631392753,40988,1664639024,0,
625-650C*,0,00504612240540565,923,150024,699,547382448444,983,773833375238,0,147653827294072,396,233577195448,67,973241139229,97,0811302066876,0,0778333855655736,0,717678576459332,9,50729233456775,338,313774698779,14,9471399271163,0,63,0113725670104,443,902909838266,353,508530546914,14,4984541694183,23,2555453694183,6,15908908111369,2,9188697933124,10,8196169484037,5676,79228595401,0,0,25,8676697796573,1,33507395532767E-14,315,214530904914,1,56092258519518,0,125304165533602,8,49789538285717,17,2549865828572,5,01381943677721,0,904955836303548,0,0130882463085528,0,00166101886842139,1,38605125770891E-19,2,96666916327197,5,88634279679869,2,79514347767873,23614,608708477,7700,60974310786,3379,20612770135,11,0921885204674,0,0,0,0,0,0,0,0,0,0,0,0,0,0,0,0,0,0,0,0,0,0,0,0,0,0,0,0,0,0,0,0,0,0,0,0,0,0,0,0,0,0,0,0,0,0,0,0,0,0,0,0,0,0,0,0,0,0,0,0,0,0,0,0,0,0,0,0,0,0,0,0,0,0,0,0,0,0,0,0,0,0,0,0,0,0,0,0,0,0,0,0,0,0,0,0,1,33507395532767E-14,25,8676697796573,0,0,0,0,0,0,0,0,0,0,0,0,0,0,910,65,249,528032343701,9,30783962373197,88,492352306093,0,13,7896379449594,0,0,0,0,5,23529852342112E-06,0,0,0,0,0,0,0,0103397145837567,0,0,1,74509950780704,0,0,0388354392114394,0,14,9471399271163,0,0,0,43193,5590948113,40827,8329789913,0,
650-675C*,0,00425355815289051,948,150024,747,433879333611,995,329717211007,0,140985967545565,403,787482406538,69,3406709103475,98,9435024389499,0,113408096357525,0,855806554555146,9,75634610526048,338,265200523183,15,8743120530982,0,62,6067735517697,442,743732994451,355,910699830418,12,706501356974,21,463592556974,4,27045655215548,1,05649756105005,14,6011794838816,6306,44102773509,0,0,26,388872537497,0,320,458073681279,1,57306515751475,0,0780115154107141,6,77490757015347,15,5319987701535,4,04428069848163,0,974171435705681,0,0176627171175987,0,00224156129922076,1,17292580372822E-21,4,00354921332237,7,94367749704782,-0,0308639244971311,58322,3869680206,18784,6192621421,8112,94302298682,9,88295822178707,0,0,0,0,0,0,0,0,0,0,0,0,0,0,0,0,0,0,0,0,0,0,0,0,0,0,0,0,0,0,0,0,0,0,0,0,0,0,0,0,0,0,0,0,0,0,0,0,0,0,0,0,0,0,0,0,0,0,0,0,0,0,0,0,0,0,0,0,0,0,0,0,0,0,0,0,0,0,0,0,0,0,0,0,0,0,0,0,0,0,0,0,0,0,0,0,0,26,388872537497,0,0,0,0,0,0,0,0,0,0,0,0,0,0,935,65,544,255003542504,9,07712573907735,88,559580351407,0,14,7527441427286,0,0,0,0,7,06508684703948E-06,0,0,0,0,0,0,0,013953546522903,0,0,2,35502894901316,0,0,052408807166252,0,15,8743120530982,0,0,0,43001,8807077855,40672,2470689295,0,
675-700C*,0,00345098984712813,973,150024,803,843303951957,1007,42959509826,0,129866210116441,411,333042296364,70,1975983681408,99,2755600183399,0,17093157501676,1,12239056406832,10,0269677840485,337,620483027496,16,8014841790801,0,62,0441103450844,441,215787687061,358,138209600739,10,9028122924035,19,6599034924035,3,09414162883793,0,724439981660069,17,764070981142,6949,595731379,0,0,26,7082600030212,0,306,709779723162,1,58632275678197,0,0459031361298732,5,05191975744976,13,8090109574498,3,04239835828569,1,03800487327655,0,021488795541704,0,00272712585116122,5,62271938327199E-24,4,87079365611958,9,66442821038074,-2,97168769273154,156220,622601322,50078,297494573,21403,9184078574,8,70590295299501,0,0,0,0,0,0,0,0,0,0,0,0,0,0,0,0,0,0,0,0,0,0,0,0,0,0,0,0,0,0,0,0,0,0,0,0,0,0,0,0,0,0,0,0,0,0,0,0,0,0,0,0,0,0,0,0,0,0,0,0,0,0,0,0,0,0,0,0,0,0,0,0,0,0,0,0,0,0,0,0,0,0,0,0,0,0,0,0,0,0,0,0,0,0,0,0,0,26,7082600030212,0,0,0,0,0,0,0,0,0,0,0,0,0,0,960,65,1323,48949820638,8,84144641797482,88,6528983974248,0,15,7219613906444,0,0,0,0,8,59551821668161E-06,0,0,0,0,0,0,0,0169761484779462,0,0,2,86517273889387,0,0,0637615455358259,0,16,8014841790801,0,0,0,42807,5773911019,40515,3340672307,0,
700-725C*,0,00271148110027947,998,150024,873,020847612047,1018,68313848063,0,117870953691183,418,913232661202,71,0545258259342,99,6054785519798,0,406040539147661,1,5028071735744,10,2512305239464,336,595678122835,18,3924721268657,0,61,6722692482549,439,365611027999,360,275432094697,9,11738224207289,17,8744734420729,1,91782670552038,0,394521448020186,27,7815638387995,7603,41024387417,0,0,27,0276474685454,0,292,425242602789,1,59945889735216,0,0252557899402574,3,32893194474605,12,0860231447461,2,17473185734154,1,10075988277167,0,0336067304501606,0,00426500327604552,1,37064635256234E-26,7,61752556870307,15,1143805706031,-5,53541821123321,842358,137730146,230037,732095987,87224,7567358002,7,56102271409118,0,0,0,0,0,0,0,0,0,0,0,0,0,0,0,0,0,0,0,0,0,0,0,0,0,0,0,0,0,0,0,0,0,0,0,0,0,0,0,0,0,0,0,0,0,0,0,0,0,0,0,0,0,0,0,0,0,0,0,0,0,0,0,0,0,0,0,0,0,0,0,0,0,0,0,0,0,0,0,0,0,0,0,0,0,0,0,0,0,0,0,0,0,0,0,0,0,27,0276474685454,0,0,0,0,0,0,0,0,0,0,0,0,0,0,985,65,3645,44138002223,8,65309367326678,88,7048579899595,0,17,3976915001493,0,0,0,0,1,34426921800643E-05,0,0,0,0,0,0,0,0265493170556269,0,0,4,48089739335475,0,0,0997178771490245,0,18,3924721268657,0,0,0,42627,9192821334,40370,3502103129,0,
725-750C*,0,00206049454931962,1023,150024,954,920789877045,1028,75814813666,0,105000198269793,426,535933465655,71,9114532837275,99,9326756843714,0,641149503278561,1,7766450320105,10,4078070207425,335,268008137685,18,655828431044,0,61,5589786390871,437,235577770466,362,177788535357,7,35737814798859,16,1144693479886,0,741511782202835,0,0673243156285821,38,8772660669363,8267,5853631529,0,0,27,3470349340696,0,278,140705482415,1,6120561382582,0,0128174101037884,1,60594413204235,10,3630353320423,1,47182123479751,1,16326083886258,0,0470289508874229,0,00596840653396213,1,48132469721263E-29,10,6598955344825,21,1509257826453,-7,6238189850652,5759070,47281071,1309891,23175254,433251,648111819,6,4483175050756,0,0,0,0,0,0,0,0,0,0,0,0,0,0,0,0,0,0,0,0,0,0,0,0,0,0,0,0,0,0,0,0,0,0,0,0,0,0,0,0,0,0,0,0,0,0,0,0,0,0,0,0,0,0,0,0,0,0,0,0,0,0,0,0,0,0,0,0,0,0,0,0,0,0,0,0,0,0,0,0,0,0,0,0,0,0,0,0,0,0,0,0,0,0,0,0,0,27,3470349340696,0,0,0,0,0,0,0,0,0,0,0,0,0,0,1010,65,11578,4654198506,8,52316707050666,88,7074780753804,0,17,6764632414955,0,0,0,0,1,88115803549692E-05,0,0,0,0,0,0,0,0371528712010641,0,0,6,27052678498972,0,0,139544284261581,0,18,655828431044,0,0,0,42466,4682808546,40239,9386715109,0,
750-775C*,0,00156336217001065,1048,150024,1048,68704794421,1034,21207033126,0,0912539438522684,434,299746479883,72,1568232117132,100,0,876258467409463,2,20006841201154,10,4598460558462,334,108373573287,19,5830005570259,0,62,4944674831553,434,864093543517,363,747413048914,5,69707045204731,14,4541616520473,0,1,08549806630092E-15,45,2209296373546,8940,72395428004,0,0,27,8431767882868,1,31253566489011E-14,286,477048083748,1,62048171964242,0,00589564169380922,-0,117043680661361,8,64004751933864,1,31581312101575,1,22623813509242,0,0547027374645418,0,00694228064943503,5,94693471596448E-33,12,3992871586295,24,6021550212696,-8,08872450622577,51621682,5556691,9530268,29120239,2697197,34004642,5,36778732594824,0,0,0,0,0,0,0,0,0,0,0,0,0,0,0,0,0,0,0,0,0,0,0,0,0,0,0,0,0,0,0,0,0,0,0,0,0,0,0,0,0,0,0,0,0,0,0,0,0,0,0,0,0,0,0,0,0,0,0,0,0,0,0,0,0,0,0,0,0,0,0,0,0,0,0,0,0,0,0,0,0,0,0,0,0,0,0,0,0,0,0,0,0,0,0,0,1,31253566489011E-14,27,8431767882868,0,0,0,0,0,0,0,0,0,0,0,0,0,0,1035,65,43272,6212736106,8,57904376734118,89,7354771127556,0,18,6607411013906,0,0,0,0,2,18810949858167E-05,0,0,0,0,0,0,0,043215162596988,0,0,7,29369832860557,0,0,162313940723693,0,19,5830005570259,0,0,0,42367,6720111817,40158,5250481299,0,
775-800C*,0,00117448416958108,1073,150024,1150,69972618892,1038,67952357671,0,0766321904386108,442,093975080864,72,2436786476043,100,1,40684207799071,2,69121272196032,10,5121452861254,332,680041014806,20,5101726830078,0,63,6057271174208,432,285821973532,364,953195932146,4,05804506290724,12,8151362629072,0,1,15809422746579E-15,61,2753848006782,9621,14004437877,0,0,27,7563213523957,1,30527604877362E-14,300,67667759604,1,62817455793102,0,00240181115016655,-1,84003149336507,6,91705970663493,1,27768538573999,1,29042216500431,0,0741234493556591,0,00940694765896721,7,03082695798661E-37,16,8013151872827,33,3364777757457,-8,20242246573567,630243914,60035,91707610,9390795,21725867,8729176,4,31943217670912,0,0,0,0,0,0,0,0,0,0,0,0,0,0,0,0,0,0,0,0,0,0,0,0,0,0,0,0,0,0,0,0,0,0,0,0,0,0,0,0,0,0,0,0,0,0,0,0,0,0,0,0,0,0,0,0,0,0,0,0,0,0,0,0,0,0,0,0,0,0,0,0,0,0,0,0,0,0,0,0,0,0,0,0,0,0,0,0,0,0,0,0,0,0,0,0,1,30527604877362E-14,27,7563213523957,0,0,0,0,0,0,0,0,0,0,0,0,0,0,1060,65,194726,931573962,8,67917240190752,91,2367212521821,0,19,6491042907501,0,0,0,0,2,96493797422636E-05,0,0,0,0,0,0,0,0585575249909707,0,0,9,88312658075454,0,0,219939069278732,0,20,5101726830078,0,0,0,42281,9486152869,40087,2766949686,0,
800-825C*,0,00088025183881528,1098,150024,1252,09936168296,1043,14697682216,0,0611349380288196,449,889323783083,72,3305340834953,100,2,47662518463673,3,25571276417092,10,5647060125561,330,885538834031,21,4373448089898,0,64,6635304700559,429,531931791022,365,799605206218,2,41901967376717,11,1761108737672,0,1,24148447641537E-15,89,5972768178469,10307,3332006466,0,0,27,6694659165047,1,29693702387866E-14,314,876307108332,1,63611577429353,0,00084025794433688,-3,56301930606877,5,19407189393123,1,24389877855681,1,35654332214139,0,108383802602234,0,0137549016812075,1,79365614365673E-41,24,5669952565064,48,7448204058024,-8,30320033070403,10946851001,5111,1214072878,66596,234800315,310798,3,30325205735824,0,0,0,0,0,0,0,0,0,0,0,0,0,0,0,0,0,0,0,0,0,0,0,0,0,0,0,0,0,0,0,0,0,0,0,0,0,0,0,0,0,0,0,0,0,0,0,0,0,0,0,0,0,0,0,0,0,0,0,0,0,0,0,0,0,0,0,0,0,0,0,0,0,0,0,0,0,0,0,0,0,0,0,0,0,0,0,0,0,0,0,0,0,0,0,0,1,29693702387866E-14,27,6694659165047,0,0,0,0,0,0,0,0,0,0,0,0,0,0,1085,65,1083092,75056464,8,78640301471507,92,825764758301,0,20,6411497364055,0,0,0,0,4,33535210408937E-05,0,0,0,0,0,0,0,085623204055765,0,0,14,4511736802979,0,0,321596375727828,0,21,4373448089898,0,0,0,42195,8626957074,40015,6708407328,0,
825-850C*,0,000648884506125936,1123,150024,1370,51375769095,1051,41830776537,0,0447621866228951,457,577187348884,72,4173895193863,100,3,54640829128274,3,90011782767967,10,6175295426188,337,58721977893,22,3645169349717,0,64,7978917767943,426,630353116244,366,488279581358,0,697928556893587,9,45501975689359,0,1,33565114393967E-15,117,919168835016,10998,7724964568,0,0,27,5826104806137,1,28752035712623E-14,329,075936620624,1,64837229898295,0,00024197562760306,-5,28600711877248,3,47108408122752,0,897766968545917,1,42533200004679,0,142644155848809,0,0181028557034477,6,44754093073519E-47,32,3326753257301,64,153163035859,-9,33700144115538,284279103408,137,23128227293,8482,3548651229,95766,2,31924696789559,0,0,0,0,0,0,0,0,0,0,0,0,0,0,0,0,0,0,0,0,0,0,0,0,0,0,0,0,0,0,0,0,0,0,0,0,0,0,0,0,0,0,0,0,0,0,0,0,0,0,0,0,0,0,0,0,0,0,0,0,0,0,0,0,0,0,0,0,0,0,0,0,0,0,0,0,0,0,0,0,0,0,0,0,0,0,0,0,0,0,0,0,0,0,0,0,1,28752035712623E-14,27,5826104806137,0,0,0,0,0,0,0,0,0,0,0,0,0,0,1110,65,7671887,03835992,8,76330279783853,93,0446263469649,0,21,6365065265565,0,0,0,0,5,70576623395237E-05,0,0,0,0,0,0,0,112688883120559,0,0,19,0192207798412,0,0,423253682176924,0,22,3645169349717,0,0,0,42059,9613018395,39905,3384687114,0,
850-875C*,0,000474989846681557,1148,150024,1495,6705907654,1052,08188331307,0,0275139362208371,465,483324415838,72,5042449552774,100,4,25465700679076,4,63049040819423,10,6706171903319,355,470681793491,23,2916890609536,0,66,6313753090222,423,606034728143,366,981945652971,-0,859031104512973,7,89806009548703,0,0,137,647992555319,11694,410924274,0,0,27,4957550447226,0,343,275566132916,1,65274487067775,5,40415915654946E-05,-7,00899493147619,1,74809626852381,1,18912774378332,1,49647095257982,0,166509668413693,0,021131608810647,1,79175042785312E-53,37,7421915071036,74,8865022981565,-8,46662047678276,11681165883870,2,667370939900,463,78630497717,0044,1,36741690832117,0,0,0,0,0,0,0,0,0,0,0,0,0,0,0,0,0,0,0,0,0,0,0,0,0,0,0,0,0,0,0,0,0,0,0,0,0,0,0,0,0,0,0,0,0,0,0,0,0,0,0,0,0,0,0,0,0,0,0,0,0,0,0,0,0,0,0,0,0,0,0,0,0,0,0,0,0,0,0,0,0,0,0,0,0,0,0,0,0,0,0,0,0,0,0,0,0,27,4957550447226,0,0,0,0,0,0,0,0,0,0,0,0,0,0,1135,65,71602802,5424368,9,02391641296262,96,2907576002774,0,22,6348324718543,0,0,0,0,6,6603867365477E-05,0,0,0,0,0,0,0,131542638046817,0,0,22,2012891218257,0,0,494067421513241,0,23,2916890609536,0,0,0,42021,8400986628,39870,6608422136,0,
875-900C*,0,00118585964004928,1173,150024,1621,58822975006,1056,54933655852,0,00939018682264568,473,281948412006,72,5911003911684,100,7,30302501179903,5,45275938990579,10,7239702762836,373,354143808051,24,2188611869355,0,67,5471220775347,420,481196278073,377,354143808051,-2,49805649365304,6,25903470634696,0,0,183,908122036333,12392,8681430897,0,0,27,4088996088316,0,357,475195645208,1,6614346548857,8,58260751512601E-06,-8,73198274417989,0,025108455820107,1,16803505217392,1,56328345186609,0,222469502463306,0,0282334265820162,1,60737721426156E-61,50,4264205583494,100,054027289854,-8,52957130919299,810197147642711,30926179914265,1,2695832142689,69,0,447761878634997,0,0,0,0,0,0,0,0,0,0,0,0,0,0,0,0,0,0,0,0,0,0,0,0,0,0,0,0,0,0,0,0,0,0,0,0,0,0,0,0,0,0,0,0,0,0,0,0,0,0,0,0,0,0,0,0,0,0,0,0,0,0,0,0,0,0,0,0,0,0,0,0,0,0,0,0,0,0,0,0,0,0,0,0,0,0,0,0,0,0,0,0,0,0,0,0,0,27,4088996088316,0,0,0,0,0,0,0,0,0,0,0,0,0,0,1160,65,915433875,411007,9,1551043821759,98,179067270728,0,23,6358111405878,0,0,0,0,8,89878009853224E-05,0,0,0,0,0,0,0,175750906946012,0,0,29,6626003284408,0,0,660111418721321,0,24,2188611869355,0,0,0,41936,8154759198,39800,0191103028,0,
900-925C*,0,00023472912507169,1198,150024,1753,68782629004,1061,01678980397,0,481,08163663052,72,6779558270595,100,11,0769059566127,6,37308808408393,10,777590127665,391,237605822612,25,1460333129175,0,68,4208684197036,417,275571158095,395,237605822612,-4,13708188279312,4,62000931720689,0,1,4210854715202E-14,248,734581112018,13093,3486596265,0,0,27,3220441729405,0,371,6748251575,1,67037657865497,8,50066546793971E-07,-10,4549705568836,-1,6978793568836,1,15106692123647,1,63009595115237,0,300888606183892,0,0381855322999128,1,24163910207317E-71,68,2014174016822,135,32244411476,-8,58021916659397,1,02115616114393E+17,2,46039927458498E+15,152082157653474,0,0,0,0,0,0,0,0,0,0,0,0,0,0,0,0,0,0,0,0,0,0,0,0,0,0,0,0,0,0,0,0,0,0,0,0,0,0,0,0,0,0,0,0,0,0,0,0,0,0,0,0,0,0,0,0,0,0,0,0,0,0,0,0,0,0,0,0,0,0,0,0,0,0,0,0,0,0,0,0,0,0,0,0,0,0,0,0,0,0,0,0,0,0,0,0,0,0,27,3220441729405,0,0,0,0,0,0,0,0,0,0,0,0,0,0,1185,65,16759023207,0872,9,29520969448818,,0,24,6391492882022,0,0,0,0,0,000120355442473557,0,0,0,0,0,0,0,237701998885275,0,0,40,118480824519,0,0,892796551913403,0,25,1460333129175,0,0,0,41852,2366567965,39729,7864689941,0,
925-950C*,4,91810804453707E-06,1223,150024,1891,94052789558,1065,48424304942,0,488,882375684894,72,7648112629505,100,14,8507869014264,7,39772758337051,10,8314780783033,409,121067837172,26,0732054388994,0,69,2549661861384,414,00663712532,413,121067837172,-5,77610727193319,2,98098392806682,0,0,292,482903148863,13795,2759772215,0,0,27,2351887370495,0,385,874454669792,1,67957263501241,0,-12,1779583695873,-3,42086716958731,1,13817146954129,1,69690845043864,0,353809963486528,0,0449017394181045,1,01179546585337E-84,80,1969250569463,159,123436471667,-8,61871456480868,2,5441194931032E+19,3,62639785474532E+17,1,51432785892464E+16,0,0,0,0,0,0,0,0,0,0,0,0,0,0,0,0,0,0,0,0,0,0,0,0,0,0,0,0,0,0,0,0,0,0,0,0,0,0,0,0,0,0,0,0,0,0,0,0,0,0,0,0,0,0,0,0,0,0,0,0,0,0,0,0,0,0,0,0,0,0,0,0,0,0,0,0,0,0,0,0,0,0,0,0,0,0,0,0,0,0,0,0,0,0,0,0,0,0,27,2351887370495,0,0,0,0,0,0,0,0,0,0,0,0,0,0,1210,65,462129560387,293,9,44472817783991,,0,25,6445746171,0,0,0,0,0,000141523985394611,0,0,0,0,0,0,0,279509871154357,0,0,47,1746617982037,0,1,04982478213324,0,26,0732054388994,0,0,0,41768,1021911569,39659,9616412192,0,
950-975C*,8,83526678652538E-08,1248,150024,2036,36869151963,1069,95169629488,0,496,684152412214,72,8516666988416,100,18,1930740355044,8,53283788095732,10,8856354686948,427,004529851733,27,0003775648813,0,70,0515992345665,410,689832872001,431,004529851733,-7,41513266107326,1,34195853892674,0,0,367,876286376279,14497,8463246703,0,0,27,1483333011584,0,400,074084182084,1,68902520435371,0,-13,900946182291,-5,14385498229101,1,12929768215706,1,76372094972492,0,445011636745499,0,0564760708100619,2,50092970122616E-102,100,86930432898,200,140720207619,-8,64520653224062,1,37918610483506E+22,1,08010357981469E+20,2,88325975783795E+18,0,0,0,0,0,0,0,0,0,0,0,0,0,0,0,0,0,0,0,0,0,0,0,0,0,0,0,0,0,0,0,0,0,0,0,0,0,0,0,0,0,0,0,0,0,0,0,0,0,0,0,0,0,0,0,0,0,0,0,0,0,0,0,0,0,0,0,0,0,0,0,0,0,0,0,0,0,0,0,0,0,0,0,0,0,0,0,0,0,0,0,0,0,0,0,0,0,0,27,1483333011584,0,0,0,0,0,0,0,0,0,0,0,0,0,0,1235,65,20334611067827,5,9,60417732703763,,0,26,6518338148711,0,0,0,0,0,0001780046546982,0,0,0,0,0,0,0,351559193028944,0,0,59,3348848993999,0,1,32043835054659,0,27,0003775648813,0,0,0,41684,4105329623,39590,5432444946,0,
975-1000C*,0,1273,150024,2187,04236410268,1074,41914954033,0,504,486953868495,72,9385221347326,100,28,5445444725738,9,78475456826408,10,9400636460383,444,887991866293,27,9275496908633,,,,448,887991866293,,,0,0,443,213958339071,15199,9187069005,,,27,0614778652674,0,414,273713694376,,,-15,6239339949947,,1,12439539263628,1,8305334490112,0,536145917345651,0,0680418494536027,,121,526407931681,241,127694589479,,,,,0,0,0,0,0,0,0,0,0,0,0,0,0,0,0,0,0,0,0,0,0,0,0,0,0,0,0,0,0,0,0,0,0,0,0,0,0,0,0,0,0,0,0,0,0,0,0,0,0,0,0,0,0,0,0,0,0,0,0,0,0,0,0,0,0,0,0,0,0,0,0,0,0,0,0,0,0,0,0,0,0,0,0,0,0,0,0,0,0,0,0,0,0,0,0,0,0,0,,0,,0,0,0,0,0,0,0,0,0,0,0,0,1260,65,,9,77409870436717,106,929261908437,,,,,,,0,00021445836693826,,,,,,,0,423555274703064,,,71,4861223127534,,1,59085195148965,,27,9275496908633,,,,41601,1600464797,,,
1000-1050C*,0,1323,150024,2425,02093312674,1081,12032940851,0,516,193049631269,73,0688052885692,100,45,1542893129297,11,8946626436973,10,9947639642685,471,713184888134,29,3183078798361,,,,475,713184888134,,,0,0,540,453646952598,16251,2070695347,,,26,9311947114308,0,435,573157962814,,,-18,2084157140503,,1,12438081835474,1,93075219794061,0,65377457292653,0,0829700080304476,,148,18890319668,294,030319826839,,,,,0,0,0,0,0,0,0,0,0,0,0,0,0,0,0,0,0,0,0,0,0,0,0,0,0,0,0,0,0,0,0,0,0,0,0,0,0,0,0,0,0,0,0,0,0,0,0,0,0,0,0,0,0,0,0,0,0,0,0,0,0,0,0,0,0,0,0,0,0,0,0,0,0,0,0,0,0,0,0,0,0,0,0,0,0,0,0,0,0,0,0,0,0,0,0,0,0,0,,0,,0,0,0,0,0,0,0,0,0,0,0,0,1298,15,,10,0462134639479,110,455745770764,,,,,,,0,000261509829170612,,,,,,,0,516481912611959,,,87,1699430568707,,1,93987965127777,,29,3183078798361,,,,41477,1077306741,,,
1050-1100C*,0,1373,150024,2765,54524078191,1090,05523589941,0,531,804646805597,73,2425161603513,100,77,3746576552385,15,1730873411283,11,0497377840898,507,480108917255,31,1726521318,,,,511,480108917255,,,0,0,670,106565103967,17646,250344458,,,26,7574838396487,0,463,972416987398,,,-21,6543913394577,,1,13780794125549,2,06437719651316,0,810612780367702,0,102874219466241,,183,738896883346,364,567153476651,,,,,0,0,0,0,0,0,0,0,0,0,0,0,0,0,0,0,0,0,0,0,0,0,0,0,0,0,0,0,0,0,0,0,0,0,0,0,0,0,0,0,0,0,0,0,0,0,0,0,0,0,0,0,0,0,0,0,0,0,0,0,0,0,0,0,0,0,0,0,0,0,0,0,0,0,0,0,0,0,0,0,0,0,0,0,0,0,0,0,0,0,0,0,0,0,0,0,0,0,,0,,0,0,0,0,0,0,0,0,0,0,0,0,1348,15,,10,4559523556745,115,53553181314,,,,,,,0,000324245112147081,,,,,,,0,640384096490485,,,100,,2,40524991766193,,31,1726521318,,,,41313,2320533829,,,
1100-1150C*,0,1423,150024,3134,1871844854,1098,99014239032,0,547,420120460473,73,4162270321334,100,80,4087612589971,19,0274192459173,11,1049864730103,543,247032946376,33,0269963837639,,,,547,247032946376,,,0,0,799,759483255336,19029,227656915,,,26,5837729678666,0,492,371676011982,,,-25,1003669648651,,1,16625897271871,2,19800219508571,0,967450987808875,0,122778430902034,,219,288890570012,435,103987126464,,,,,0,0,0,0,0,0,0,0,0,0,0,0,0,0,0,0,0,0,0,0,0,0,0,0,0,0,0,0,0,0,0,0,0,0,0,0,0,0,0,0,0,0,0,0,0,0,0,0,0,0,0,0,0,0,0,0,0,0,0,0,0,0,0,0,0,0,0,0,0,0,0,0,0,0,0,0,0,0,0,0,0,0,0,0,0,0,0,0,0,0,0,0,0,0,0,0,0,0,,0,,0,0,0,0,0,0,0,0,0,0,0,0,1398,15,,10,7110933847345,118,946547148627,,,,,,,0,00038698039512355,,,,,,,0,764286280369011,,,100,,2,8706201840461,,33,0269963837639,,,,41151,0877217432,,,
1150+C*,0,1623,150024,4193,20563553361,1121,32740861758,0,586,475156085005,73,8505042115886,100,100,31,4601707419729,11,1605114053753,632,664343019178,37,6628570136735,,,,636,664343019178,,,0,0,1123,89177863376,22410,841587172,,,26,1494957884114,0,563,369823573442,,,-33,7153060283836,,1,30075930603826,2,53206469151709,1,35954650641181,0,172538959491517,,308,163874786676,611,446071250996,,,,,0,0,0,0,0,0,0,0,0,0,0,0,0,0,0,0,0,0,0,0,0,0,0,0,0,0,0,0,0,0,0,0,0,0,0,0,0,0,0,0,0,0,0,0,0,0,0,0,0,0,0,0,0,0,0,0,0,0,0,0,0,0,0,0,0,0,0,0,0,0,0,0,0,0,0,0,0,0,0,0,0,0,0,0,0,0,0,0,0,0,0,0,0,0,0,0,0,0,,0,,0,0,0,0,0,0,0,0,0,0,0,0,1523,15,,11,8939409054157,132,742463129752,,,,,,,0,000543818602564722,,,,,,,1,07404174006533,,,100,,4,03404585000651,,37,6628570136735,,,,40753,1913953591,,,
