Name,Federated Light and Medium-1983
Created,26/03/2026 09:50:46
Cpt,Composition,Boiling Temperature,Molecular Weight,Standard Liquid Density,Acidity,Aniline Point,Assay - Aromatics Vol Pct,Assay - Aromatics Wt Pct,Asphaltene Content,Basic Nitrogen Content,C to H Ratio,Cloud Point,Conradson Carbon Content,Copper Content,Cetane Number,Flash Point,Freeze Point,MON (Clear),MON (Leaded),Assay - Naphthenes Vol Pct,Assay - Naphthenes Wt Pct,Nickel Content,Nitrogen Content,Assay - Olefins Vol Pct,Assay - Olefins Wt Pct,Assay - Paraffins Vol Pct,Assay - Paraffins Wt Pct,Pour Point,Refractive Index,Reid Vapour Pressure,RON (Clear),RON (Leaded),Smoke Point,Sulfur Content,Mercaptan Sulfur Content,Sodium Content,True Vapour Pressure,Vanadium Content,Iron Content,Luminometer Number,Viscosity @ 38C,Viscosity @ 50C,Viscosity @ 60C,Wax Content,Pi C6 22DMB Wt Pct,Pi C6 22DMB Vol Pct,Pi C6 23DMB Wt Pct,Pi C6 23DMB Vol Pct,Pi C6 2MP Wt Pct,Pi C6 2MP Vol Pct,Pi C6 3MP Wt Pct,Pi C6 3MP Vol Pct,Pi C7 22-mPentane Wt Pct,Pi C7 22-mPentane Vol Pct,Pi C7 24-mPentane Wt Pct,Pi C7 24-mPentane Vol Pct,Pi C7 223-mButane Wt Pct,Pi C7 223-mButane Vol Pct,Pi C7 33-mPentane Wt Pct,Pi C7 33-mPentane Vol Pct,Pi C7 23-mPentane Wt Pct,Pi C7 23-mPentane Vol Pct,Pi C7 2-mHexane Wt Pct,Pi C7 2-mHexane Vol Pct,Pi C7 3-mHexane Wt Pct,Pi C7 3-mHexane Vol Pct,Pi C7 3-ePentane Wt Pct,Pi C7 3-ePentane Vol Pct,Pi C6 Wt Pct,Pi C6 Vol Pct,Pi C7 Wt Pct,Pi C7 Vol Pct,Pi C8 Wt Pct,Pi C8 Vol Pct,Pi C9 Wt Pct,Pi C9 Vol Pct,Pi C10  Wt Pct,Pi C10  Vol Pct,Pi C11  Wt Pct,Pi C11  Vol Pct,Pn C6 Hexane Wt Pct,Pn C6 Hexane Vol Pct,Pn C7 Heptane Wt Pct,Pn C7 Heptane Vol Pct,Pn C8 Octane Wt Pct,Pn C8 Octane Vol Pct,Pn C9 Nonane Wt Pct,Pn C9 Nonane Vol Pct,Pn C10 Decane Wt Pct,Pn C10 Decane Vol Pct,Pn C11 n-C11 Wt Pct,Pn C11 n-C11 Vol Pct,On C6 Wt Pct,On C6 Vol Pct,On C7 Wt Pct,On C7 Vol Pct,On C8 Wt Pct,On C8 Vol Pct,On C9 Wt Pct,On C9 Vol Pct,On C10 Wt Pct,On C10 Vol Pct,On C11 Wt Pct,On C11 Vol Pct,A C6 Benzene Wt Pct,A C6 Benzene Vol Pct,A C7 Toluene Wt Pct,A C7 Toluene Vol Pct,A C8 m-Xylene Wt Pct,A C8 m-Xylene Vol Pct,A C8 o-Xylene Wt Pct,A C8 o-Xylene Vol Pct,A C8 p-Xylene Wt Pct,A C8 p-Xylene Vol Pct,A C8 EthBenz Wt Pct,A C8 EthBenz Vol Pct,N C6 cyc-C5 Wt Pct,N C6 cyc-C5 Vol Pct,N C6 cyc-C6 Wt Pct,N C6 cyc-C6 Vol Pct,A C8 Wt Pct,A C8 Vol Pct,A C9 Wt Pct,A C9 Vol Pct,A C10 Wt Pct,A C10 Vol Pct,A C11 Wt Pct,A C11 Vol Pct,N C6 Wt Pct,N C6 Vol Pct,N C7 Wt Pct,N C7 Vol Pct,N C8 Wt Pct,N C8 Vol Pct,N C9 Wt Pct,N C9 Vol Pct,N C10 Wt Pct,N C10 Vol Pct,N C11 Wt Pct,N C11 Vol Pct,Pi Wt Pct,Pi Vol Pct,Pn Wt Pct,Pn Vol Pct,Oi C6 Wt Pct,Oi C6 Vol Pct,Oi C7 Wt Pct,Oi C7 Vol Pct,Oi C8 Wt Pct,Oi C8 Vol Pct,Oi C9 Wt Pct,Oi C9 Vol Pct,Oi C10 Wt Pct,Oi C10 Vol Pct,Oi C11 Wt Pct,Oi C11 Vol Pct,Centroid Boiling Temperature,Viscosity @ 100C,Hydrogen,CarbonByWt,PValue,RamsCarbonResidueByWt,SulfideByWt,ZincByWt,TinByWt,ChromiumByWt,LeadByWt,AluminiumByWt,MagnesiumByWt,MetalByWt,ArsenicByWt,CadmiumByWt,MercuryByWt,NaClByWt,SaltByWt,MudByWt,ChloridesByWt,MolybdenumByWt,AshByWt,GumByWt,MicroCarbonResidueByWt,nC5InsolublesByWt,NaphthenicAcidByWt,NaphthenicAcidByVol,Gross Heating Value,Net Heating Value,Oxygen Content,
Hydrogen,0,20,5548,2,016000032,69,85910034,0,,0,0,0,0,0,13,9,0,0,,,13,9,10,,0,0,0,0,0,0,0,0,13,9,,,130,,,0,0,0,,0,0,,,,,0,,,,,,,,,,,,,,,,,,,,,,,,,,,,,,,,,,,,,,,,,,,,,,,,,,,,,,,,,,,,,,,,,,,,,,,,,,,,,,,,,,,,,,,,,,,,,,,,,0,0,0,0,,,,,,,,,,,,,,,100,0,,,,,,,,,,,,,,,,,,,,,0,,,,,,,
Nitrogen,0,77,3498,28,0135,806,3740234,0,,0,0,0,0,0,63,1,0,0,,,63,1,,,0,0,0,0,0,0,0,0,63,1,,,,,,0,0,0,,0,0,,,,,0,,,,,,,,,,,,,,,,,,,,,,,,,,,,,,,,,,,,,,,,,,,,,,,,,,,,,,,,,,,,,,,,,,,,,,,,,,,,,,,,,,,,,,,,,,,,,,,,,0,0,0,0,,,,,,,,,,,,,,,0,0,,,,,,,,,,,,,,,,,,,,,0,,,,,,,
CO,0,81,6996,28,0109005,799,3880005,0,,0,0,0,0,0,68,2,0,0,,,68,2,,,0,0,0,0,0,0,0,0,68,2,,,120,,,0,0,0,,0,0,,,,,0,,,,,,,,,,,,,,,,,,,,,,,,,,,,,,,,,,,,,,,,,,,,,,,,,,,,,,,,,,,,,,,,,,,,,,,,,,,,,,,,,,,,,,,,,,,,,,,,,0,0,0,0,,,,,,,,,,,,,,,0,0,,,,,,,,,,,,,,,,,,,,,0,,,,,,,
Oxygen,0,90,1996,32,1137,680054,0,,0,0,0,0,0,54,4,0,0,,,54,4,,,0,0,0,0,0,0,0,0,54,4,,,120,,,0,0,0,,0,0,,,,,0,,,,,,,,,,,,,,,,,,,,,,,,,,,,,,,,,,,,,,,,,,,,,,,,,,,,,,,,,,,,,,,,,,,,,,,,,,,,,,,,,,,,,,,,,,,,,,,,,0,0,0,0,,,,,,,,,,,,,,,0,0,,,,,,,,,,,,,,,,,,,,,0,,,,,,,
Methane,0,111,625,16,04290009,299,3940125,0,,0,0,0,0,3,90,4,0,0,,85,15,90,4,,,0,0,0,0,0,0,100,100,90,4,,,120,,,0,0,0,,0,0,,,,,0,,,,,,,,,,,,,,,,,,,,,,,,,,,,,,,,,,,,,,,,,,,,,,,,,,,,,,,,,,,,,,,,,,,,,,,,,,,,,,,,,,,,,,,,,,,,,,,,,0,0,100,100,,,,,,,,,,,,,,,25,13516209,75,,,,,,,,,,,,,,,,,,,,,0,,,,,,,
Ethylene,0,169,399,28,05380058,383,2260132,0,,0,0,0,0,6,104,0,0,,137,15,104,75,6,,0,0,0,0,100,100,0,0,104,,,100,51,,,0,0,0,,0,0,,,,,0,,,,,,,,,,,,,,,,,,,,,,,,,,,,,,,,,,,,,,,,,,,,,,,,,,,,,,,,,,,,,,,,,,,,,,,,,,,,,,,,,,,,,,,,,,,,,,,,,0,0,0,0,,,,,,,,,,,,,,,14,34761566,85,71428571,,,,,,,,,,,,,,,,,,,,,0,,,,,,,
Ethane,0,184,55,30,06990051,355,6830139,0,,0,0,0,0,4,90,4,0,0,,138,15,90,4,100,79,,0,0,0,0,0,0,100,100,90,4,,,111,38,,,0,0,0,,0,0,,,,,0,,,,,,,,,,,,,,,,,,,,,,,,,,,,,,,,,,,,,,,,,,,,,,,,,,,,,,,,,,,,,,,,,,,,,,,,,,,,,,,,,,,,,,,,,,,,,,,,,0,0,100,100,,,,,,,,,,,,,,,20,11147323,80,,,,,,,,,,,,,,,,,,,,,0,,,,,,,
CO2,0,194,598,44,00970078,825,335022,0,,0,0,0,0,0,217,0,0,,,217,,,0,0,0,0,0,0,0,0,217,,,,,,0,0,0,,0,0,,,,,0,,,,,,,,,,,,,,,,,,,,,,,,,,,,,,,,,,,,,,,,,,,,,,,,,,,,,,,,,,,,,,,,,,,,,,,,,,,,,,,,,,,,,,,,,,,,,,,,,0,0,0,0,,,,,,,,,,,,,,,0,0,,,,,,,,,,,,,,,,,,,,,0,,,,,,,
H2S,0,213,498,34,07600021,788,40802,0,,0,0,0,0,0,188,0,0,,,188,,,0,0,0,0,0,0,0,0,188,,2759,,,,94,1177,0,0,,0,0,,,,,0,,,,,,,,,,,,,,,,,,,,,,,,,,,,,,,,,,,,,,,,,,,,,,,,,,,,,,,,,,,,,,,,,,,,,,,,,,,,,,,,,,,,,,,,,,,,,,,,,0,0,0,0,,,,,,,,,,,,,,,5,911554252,0,,,,,,,,,,,,,,,,,,,,,0,,,,,,,
Propene,0,225,399,42,08060074,520,9550171,0,,0,0,0,0,6,87,9,0,0,,165,87,9,84,9,,0,0,0,0,100,100,0,0,87,9,,1565,102,54,,,0,0,0,,0,0,,,,,0,,,,,,,,,,,,,,,,,,,,,,,,,,,,,,,,,,,,,,,,,,,,,,,,,,,,,,,,,,,,,,,,,,,,,,,,,,,,,,,,,,,,,,,,,,,,,,,,,0,0,0,0,,,,,,,,,,,,,,,14,36465558,85,71428571,,,,,,,,,,,,,,,,,,,,,0,,,,,,,
Propane,0,231,048,44,09700012,506,678009,0,,0,0,0,0,4,5,85,5,0,0,,169,15,85,5,97,1,,0,0,0,0,0,0,100,100,85,5,,1303,112,14,,,0,0,0,,0,0,,,,,0,,,,,,,,,,,,,,,,,,,,,,,,,,,,,,,,,,,,,,,,,,,,,,,,,,,,,,,,,,,,,,,,,,,,,,,,,,,,,,,,,,,,,,,,,,,,,,,,,0,0,100,100,,,,,,,,,,,,,,,18,28426304,81,81818182,,,,,,,,,,,,,,,,,,,,,0,,,,,,,
i-Butane,0,261,42,58,12400055,561,9660034,0,380,85,0,0,0,0,4,8,114,0,0,,190,15,114,97,6,,0,0,0,0,0,0,100,100,114,,489,6,101,426,,,0,0,0,,0,0,,,,,0,,,,,,,,,,,,,,,,,,,,,,,,,,,,,,,,,,,,,,,,,,,,,,,,,,,,,,,,,,,,,,,,,,,,,,,,,,,,,,,,,,,,,,,,,,,,,,,,,100,100,0,0,,,,,,,,,,,,,,,17,34802065,82,75862069,,,,,,,,,,,,,,,,,,,,,0,,,,,,,
i-Butene,0,266,299,56,10770035,592,7930298,0,286,7055556,0,0,0,0,6,133,0,0,,193,15,133,88,1,,0,0,0,0,100,100,0,0,133,,442,7,105,2096138,,,0,0,0,,0,0,,,,,0,,,,,,,,,,,,,,,,,,,,,,,,,,,,,,,,,,,,,,,,,,,,,,,,,,,,,,,,,,,,,,,,,,,,,,,,,,,,,,,,,,,,,,,,,,,,,,,,,0,0,0,0,,,,,,,,,,,,,,,14,37319073,85,71428571,,,,,,,,,,,,,,,,,,,,,0,,,,,,,
1-Butene,0,266,898,56,10770035,593,7890015,0,,0,0,0,0,6,87,8,0,0,,193,15,87,8,80,8,,0,0,0,0,100,100,0,0,87,8,,432,97,4,,,0,0,0,,0,0,,0,236064836133691,0,219972008704656,0,208210021632581,0,,,,,,,,,,,,,,,,,,,,,,,,,,,,,,,,,,,,,,,,,,,,,,,,,,,,,,,,,,,,,,,,,,,,,,,,,,,,,,,,,,,,,,,,,,,,,,,,,0,0,0,0,,,,,,,,,,,,,,,14,37319073,85,71428571,,,,,,,,,,,,,,,,,,,,,0,,,,,,,
13-Butadiene,0,268,7,54,1,619,7440186,0,,0,0,0,0,8,164,0,0,,197,15,164,73,94513286,,0,0,0,0,100,100,0,0,164,,409,6,102,9723045,,,0,0,0,,0,0,,,,,0,,,,,,,,,,,,,,,,,,,,,,,,,,,,,,,,,,,,,,,,,,,,,,,,,,,,,,,,,,,,,,,,,,,,,,,,,,,,,,,,,,,,,,,,,,,,,,,,,0,0,0,0,,,,,,,,,,,,,,,11,17841035,88,88888889,,,,,,,,,,,,,,,,,,,,,0,,,,,,,
n-Butane,0,272,648,58,12400055,583,2230225,0,356,35,0,0,0,0,4,8,135,0,0,,213,15,135,89,6,,0,0,0,0,0,0,100,100,135,,358,5,93,8,,,0,0,0,,0,0,,0,241514675581771,0,217701202498228,,0,,,,,,,,,,,,,,,,,,,,,,,,,,,,,,,,,,,,,,,,,,,,,,,,,,,,,,,,,,,,,,,,,,,,,,,,,,,,,,,,,,,,,,,,,,,,,,,,,0,0,100,100,,,,,,,,,,,,,,,17,34802065,82,75862069,,,,,,,,,,,,,,,,,,,,,0,,,,,,,
tr2-Butene,0,274,027,56,1,608,684021,0,,0,0,0,0,6,168,0,0,,201,168,83,84306902,,0,0,0,0,100,100,0,0,168,,343,9,105,0089318,,,0,0,0,,0,0,,,,,0,,,,,,,,,,,,,,,,,,,,,,,,,,,,,,,,,,,,,,,,,,,,,,,,,,,,,,,,,,,,,,,,,,,,,,,,,,,,,,,,,,,,,,,,,,,,,,,,,0,0,0,0,,,,,,,,,,,,,,,14,37319073,85,71428571,,,,,,,,,,,,,,,,,,,,,0,,,,,,,
i-Pentane,0,301,028,72,15100098,623,4420166,0,343,95,0,0,0,0,5,113,0,0,,217,113,90,3,,0,0,0,0,0,0,100,100,113,,133,8,92,3,,,0,0,0,,0,0,,,,,0,,,,,,,,,,,,,,,,,,,,,,,,,,,,,,,,,,,,,,,,,,,,,,,,,,,,,,,,,,,,,,,,,,,,,,,,,,,,,,,,,,,,,,,,,,,,,,,,,100,100,0,0,,,,,,,,,,,,,,,16,75213296,83,33333333,,,,,,,,,,,,,,,,,,,,,0,,,,,,,
1-Pentene,0,303,096,70,13500214,638,7230225,0,292,25,0,0,0,0,6,108,0,0,,245,108,77,1,,0,0,0,0,100,100,0,0,108,,131,8,90,9,,,0,0,0,,0,0,,,,,0,,,,,,,,,,,,,,,,,,,,,,,,,,,,,,,,,,,,,,,,,,,,,,,,,,,,,,,,,,,,,,,,,,,,,,,,,,,,,,,,,,,,,,,,,,,,,,,,,0,0,0,0,,,,,,,,,,,,,,,14,37831669,85,71428571,,,,,,,,,,,,,,,,,,,,,0,,,,,,,
2M-1-butene,0,304,303,70,1,654,3800049,0,,0,0,0,0,6,136,0,0,,221,136,81,9,,0,0,0,0,100,100,0,0,136,,127,2,102,54,,,0,0,0,,0,0,,,,,0,,,,,,,,,,,,,,,,,,,,,,,,,,,,,,,,,,,,,,,,,,,,,,,,,,,,,,,,,,,,,,,,,,,,,,,,,,,,,,,,,,,,,,,,,,,,,,,,,0,0,0,0,,,,,,,,,,,,,,,14,37831669,85,71428571,,,,,,,,,,,,,,,,,,,,,0,,,,,,,
n-Pentane,0,309,209,72,15100098,629,7290039,0,343,95,0,0,0,0,5,143,0,0,,233,143,61,9,,0,0,0,0,0,0,100,100,143,,101,35,61,7,,,0,0,0,,0,0,,0,317713556013358,0,28795065870348,0,265338970196147,0,,,,,,,,,,,,,,,,,,,,,,,,,,,,,,,,,,,,,,,,,,,,,,,,,,,,,,,,,,,,,,,,,,,,,,,,,,,,,,,,,,,,,,,,,,,,,,,,,0,0,100,100,,,,,,,,,,,,,,,16,75213296,83,33333333,,,,,,,,,,,,,,,,,,,,,0,,,,,,,
cis2-Butene,0,276,867,56,1,625,9530029,0,,0,0,0,0,6,134,0,0,,203,134,83,5,,0,0,0,0,100,100,0,0,134,,314,4,100,,,0,0,0,,0,0,,,,,0,,,,,,,,,,,,,,,,,,,,,,,,,,,,,,,,,,,,,,,,,,,,,,,,,,,,,,,,,,,,,,,,,,,,,,,,,,,,,,,,,,,,,,,,,,,,,,,,,0,0,0,0,,,,,,,,,,,,,,,14,37319073,85,71428571,,,,,,,,,,,,,,,,,,,,,0,,,,,,,
3M-1-butene,0,293,204,70,1,631,2700195,0,,0,0,0,0,6,105,0,0,,217,105,85,26729455,,0,0,0,0,100,100,0,0,105,,190,101,6748769,,,0,0,0,,0,0,,,,,0,,,,,,,,,,,,,,,,,,,,,,,,,,,,,,,,,,,,,,,,,,,,,,,,,,,,,,,,,,,,,,,,,,,,,,,,,,,,,,,,,,,,,,,,,,,,,,,,,0,0,0,0,,,,,,,,,,,,,,,14,37831669,85,71428571,,,,,,,,,,,,,,,,,,,,,0,,,,,,,
2M-2-butene,0,311,704,70,1,666,1090088,0,406,15,0,0,0,0,6,139,0,0,,228,139,84,7,,0,0,0,0,100,100,0,0,139,,98,11,97,3,,,0,0,0,,0,0,,,,,0,,,,,,,,,,,,,,,,,,,,,,,,,,,,,,,,,,,,,,,,,,,,,,,,,,,,,,,,,,,,,,,,,,,,,,,,,,,,,,,,,,,,,,,,,,,,,,,,,0,0,0,0,,,,,,,,,,,,,,,14,37831669,85,71428571,,,,,,,,,,,,,,,,,,,,,0,,,,,,,
2M-13-C4==,0,307,204,68,1,684,8460083,0,,0,0,0,0,7,5,127,0,0,,219,127,81,,0,0,0,0,100,100,0,0,127,,118,6,99,1,,,0,0,0,,0,0,,,,,0,,,,,,,,,,,,,,,,,,,,,,,,,,,,,,,,,,,,,,,,,,,,,,,,,,,,,,,,,,,,,,,,,,,,,,,,,,,,,,,,,,,,,,,,,,,,,,,,,0,0,0,0,,,,,,,,,,,,,,,11,8404699,88,23529412,,,,,,,,,,,,,,,,,,,,,0,,,,,,,
tr2-Pentene,0,309,493,70,1,652,2630005,0,404,4833333,0,0,0,0,6,133,0,0,,225,133,85,14880659,,0,0,0,0,100,100,0,0,133,,106,7,100,3776273,,,0,0,0,,0,0,,,,,0,,,,,,,,,,,,,,,,,,,,,,,,,,,,,,,,,,,,,,,,,,,,,,,,,,,,,,,,,,,,,,,,,,,,,,,,,,,,,,,,,,,,,,,,,,,,,,,,,0,0,0,0,,,,,,,,,,,,,,,14,37831669,85,71428571,,,,,,,,,,,,,,,,,,,,,0,,,,,,,
cis2-Pentene,0,310,083,70,1,659,5750122,0,403,9277778,0,0,0,0,6,122,0,0,,226,122,85,14880659,,0,0,0,0,100,100,0,0,122,,104,4,100,3776273,,,0,0,0,,0,0,,,,,0,,,,,,,,,,,,,,,,,,,,,,,,,,,,,,,,,,,,,,,,,,,,,,,,,,,,,,,,,,,,,,,,,,,,,,,,,,,,,,,,,,,,,,,,,,,,,,,,,0,0,0,0,,,,,,,,,,,,,,,14,37831669,85,71428571,,,,,,,,,,,,,,,,,,,,,0,,,,,,,
Cyclopentane,0,322,398,70,13500214,748,8740234,0,289,95,0,0,0,0,6,179,0,0,,233,179,84,9,,100,100,0,0,0,0,0,0,179,,41,7,101,426,,,0,0,0,,0,0,,0,483269667509962,0,429891392256475,,0,,,,,,,,,,,,,,,,,,,,,,,,,,,,,,,,,,,,,,,,,,,,,,,,,,,,,,,,,,,,,,,,,,,,,,,,,,,,,,,,,,,,,,,,,,,,,,,,,0,0,0,0,,,,,,,,,,,,,,,14,37831669,85,71428571,,,,,,,,,,,,,,,,,,,,,0,,,,,,,
Cyclopentene,0,317,38,68,1,776,5159912,0,458,3722222,0,0,0,0,7,5,138,0,0,,244,138,69,7,,100,100,0,0,0,0,0,0,138,,81,04,93,3,,,0,0,0,,0,0,,,,,0,,,,,,,,,,,,,,,,,,,,,,,,,,,,,,,,,,,,,,,,,,,,,,,,,,,,,,,,,,,,,,,,,,,,,,,,,,,,,,,,,,,,,,,,,,,,,,,,,0,0,0,0,,,,,,,,,,,,,,,11,8404699,88,23529412,,,,,,,,,,,,,,,,,,,,,0,,,,,,,
22-Mpropane,0,282,648,72,2,595,5930176,0,291,7055556,0,0,0,0,5,257,0,0,,225,257,80,2,,0,0,0,0,0,0,100,100,257,,251,8,85,5,,,0,0,0,,0,0,,,,,0,,,,,,,,,,,,,,,,,,,,,,,,,,,,,,,,,,,,,,,,,,,,,,,,,,,,,,,,,,,,,,,,,,,,,,,,,,,,,,,,,,,,,,,,,,,,,,,,,100,100,0,0,,,,,,,,,,,,,,,16,75213296,83,33333333,,,,,,,,,,,,,,,,,,,,,0,,,,,,,
33M-1-butene,0,314,397,84,16,657,1190186,0,,0,0,0,0,6,,0,0,,241,15,157,95,93,3,,0,0,0,0,100,100,0,0,,,91,82,111,77,,,0,0,0,,0,0,,,,,0,,,,,,,,,,,,,,,,,,,,,,,,,,,,,,,,,,,,,,,,,,,,,,,,,,,,,,,,,,,,,,,,,,,,,,,,,,,,,,,,,,,,,,,,,,,,,,,,,0,0,0,0,,,,,,,,,,,,,,,14,3716,85,71428571,,,,,,,,,,,,,,,,,,,,,0,,,,,,,
H2O,0,373,148,18,01510048,997,9860229,0,,0,0,0,0,0,,0,0,,,,,,0,0,0,0,0,0,0,0,,,,,,,0,0,0,,0,0,,0,698140124178851,0,560124358458913,0,474686748589316,0,,,,,,,,,,,,,,,,,,,,,,,,,,,,,,,,,,,,,,,,,,,,,,,,,,,,,,,,,,,,,,,,,,,,,,,,,,,,,,,,,,,,,,,,,,,,,,,,,0,0,0,0,,,,,,,,,,,,,,0,279783740086422,11,18972388,0,,,,,,,,,,,,,,,,,,,,,0,,,,,,,
36-40C*,5,93583623452338E-06,313,149994,72,6611966562191,637,36177589336,0,0200877212700197,354,330622936336,8,88842908737909,10,8463191621405,3,09217230778743E-08,0,5,2615147132623,132,842592700499,0,0,32,0323439727357,237,452880911821,133,842592700499,61,6479656608949,70,4050568608949,59,5840871696639,61,0174300450347,0,20,1419397032117,0,0,31,527483742957,28,1362507928248,131,842592700499,1,35927331904567,70,0116250630941,100,155006071163,108,912097271163,58,6496414279536,9,69665128277559E-05,0,2,44040839678446E-11,94,1972145768408,0,4,66539510350097E-07,128,673054484586,0,356558874439384,0,330261842320297,0,311918247378508,0,789080305804086,100,100,0,0,0,0,0,0,0,0,0,0,0,0,0,0,0,0,0,0,0,0,0,0,100,100,0,0,0,0,0,0,0,0,0,0,0,0,0,0,0,0,0,0,0,0,0,0,0,0,0,0,0,0,0,0,0,0,0,0,0,0,0,0,0,0,0,0,0,0,0,0,0,0,0,0,0,0,0,0,0,0,0,0,0,0,0,0,0,0,0,0,0,0,0,0,28,1362507928248,31,527483742957,0,0,0,0,0,0,0,0,0,0,0,0,0,0,311,149997,0,261591672360612,15,9526587897997,83,9351489381844,0,0,0,0,0,0,0,2,79327994930564E-10,0,0,0,0,0,8,0398595754993E-12,0,0,0,0,3,97761473735228E-09,0,0,0,0,0,48418,4924187769,44850,8123756391,0,
40-50C*,3,05871321876838E-05,323,149994,75,6714588865866,642,76470835506,0,021720202304018,354,83448489352,9,4049424874699,11,4145301555496,1,39147753850434E-07,0,5,20601906469016,137,555440185538,0,0,36,775355464219,241,95145889631,138,555440185538,58,938966747567,67,696057947567,59,0880180265699,60,4229774684849,0,21,0424255912684,0,0,31,5070394859602,28,1624923759655,133,797566860853,1,3621270276314,54,038801531996,96,8128485781884,105,569939778188,57,2117803600373,0,00010130159563021,0,1,09818377855301E-10,66,689087343625,0,2,09942779657544E-06,126,079093858915,0,354742006525232,0,328493590300764,0,310217246696845,0,949360043427365,100,100,0,0,0,0,0,0,0,0,0,0,0,0,0,0,0,0,0,0,0,0,0,0,100,100,0,0,0,0,0,0,0,0,0,0,0,0,0,0,0,0,0,0,0,0,0,0,0,0,0,0,0,0,0,0,0,0,0,0,0,0,0,0,0,0,0,0,0,0,0,0,0,0,0,0,0,0,0,0,0,0,0,0,0,0,0,0,0,0,0,0,0,0,0,0,28,1624923759655,31,5070394859602,0,0,0,0,0,0,0,0,0,0,0,0,0,0,318,15,0,260261113959758,16,0712336458239,83,6671487532491,0,0,0,0,0,0,0,1,25697597718754E-09,0,0,0,0,0,3,61793680897468E-11,0,0,0,0,1,78992663180853E-08,0,0,0,0,0,48335,1995510836,44792,9862108155,0,
50-60C*,8,17141244868833E-05,333,149994,80,0517268128328,650,483183300345,0,0240523180668727,355,557624909777,10,1428187733139,12,2177264684974,2,93756369239806E-07,0,5,15251640271422,144,243875631338,0,0,42,3473611311322,246,919469649669,145,243875631338,55,0689682999557,63,8260594999557,58,3793478221499,59,5829277811552,0,22,328834002778,0,0,31,4778334045362,28,1993457503474,136,590387089931,1,36621023911326,40,5980748444455,92,0383378739396,100,79542907394,55,2028117817884,0,000107494571062288,0,2,31838797694523E-10,46,9073840140768,0,4,43212534832592E-06,122,382816193799,0,377248711758535,0,348616261359072,0,328514806164612,1,17833109717491,68,3396101484063,68,6156455726007,16,3944200731622,16,1487580107674,15,2659697772769,15,2355964154989,1,15461125608619E-09,1,13302433967816E-09,0,0,0,0,0,0,0,0,0,0,0,0,0,0,0,0,100,100,0,0,0,0,0,0,0,0,0,0,0,0,0,0,0,0,0,0,0,0,0,0,0,0,0,0,0,0,0,0,0,0,0,0,0,0,0,0,0,0,0,0,0,0,0,0,0,0,0,0,0,0,0,0,0,0,0,0,0,0,0,0,0,0,0,0,0,0,0,0,28,1993457503474,31,4778334045362,0,0,0,0,0,0,0,0,0,0,0,0,0,0,328,15,0,272603536502749,16,2134564345088,83,5401002234988,0,0,0,0,0,0,0,2,65361595184036E-09,0,0,0,0,0,7,63786659672433E-11,0,0,0,0,3,77873400048467E-08,0,0,0,0,0,48218,609977067,44712,0437710781,0,
60-70C*,0,000218663219759738,343,149994,84,5333180812209,658,201658245631,0,0263844338297275,356,284566758635,10,8806950591579,13,0114761216511,4,48364984629177E-07,0,5,1114333665902,150,8711771084,0,0,46,7971891312454,252,357995291657,151,8711771084,50,9320489100077,59,6891401100077,57,6706776177299,58,7530825049928,0,23,6152424142876,0,0,31,4486273231122,28,235441373356,139,383207319008,1,37030063252006,29,6853585482404,86,9208389666253,95,6779301666253,53,2452433462718,0,000113687546494366,0,3,53859217533746E-10,32,7730229688828,0,6,76482290007641E-06,118,700355463293,0,403373846415737,0,371748231820273,0,349416434656302,1,41480375291359,0,0,0,00027771184581045,0,000276575869718367,23,0702733201186,23,2790158082822,24,4081608370926,24,216720131804,0,0,0,0,0,0,0,0,0,0,0,0,0,0,0,0,47,478711869057,47,4960125159559,0,0,0,0,0,0,0,0,0,0,52,5203198539306,52,503134589195,0,0,0,0,0,0,0,0,0,0,0,0,0,0,0,0,0,0,0,0,0,0,0,0,0,0,0,0,0,0,0,0,0,0,0,000968277012408415,0,000852894849065499,0,0,0,0,0,0,0,0,0,0,0,000968277012408415,0,000852894849065499,0,0,0,0,0,0,0,0,0,0,13,4059536613798,14,9369713661411,14,8294877119762,16,5116559569711,0,0,0,0,0,0,0,0,0,0,0,0,338,15,0,286517614654562,16,3245373018194,83,4417846586661,0,0,0,0,0,0,0,4,05025592649318E-09,0,0,0,0,0,1,1657796384474E-10,0,0,0,0,5,76754136916081E-08,0,0,0,0,0,48104,754804262,44632,9996923835,0,
70-80C*,0,00633878337482449,353,149994,89,1249850676298,665,920133190917,0,0287165495925822,357,015178242486,11,6185713450019,13,7964021639324,6,02973600018548E-07,0,5,08191637108628,157,42635741234,0,0,50,3655086685262,261,223747297896,158,42635741234,46,7569979568687,55,5140891568687,56,9620074133099,57,9328317234331,0,24,9016508257972,0,0,31,4194212416882,28,2707661126345,142,176027548085,1,37439763064182,21,1255988153523,81,7543417445873,90,5114329445873,51,3372877638679,0,000119880521926443,0,4,75879637372969E-10,22,7403242732689,0,9,09752045182689E-06,115,034520885997,0,433256390419378,0,397984241695846,0,372984546744513,1,63875411776567,0,0,0,0,0,0,0,0,73,9199086953216,74,2392848530891,22,0234258178883,22,1503829982459,0,0,0,0,0,0,0,0,0,0,0,0,0,0,95,94333451321,96,389667851335,0,0,0,0,0,0,0,0,0,145654926014049,0,149441430308614,0,0,0,0,0,0,0,0,0,0,0,0,0,0,0,0,0,0,0,0,0,0,0,524352135773813,0,404110492522297,0,0,0,0,0,0,0,0,0,0,3,24519302325021,2,93375857358445,0,141465401751946,0,123021652249642,0,0,0,0,0,0,0,0,3,38665842500215,3,05678022583409,0,0,0,0,0,0,0,0,0,0,28,2279123333354,31,3707843391441,0,0428537792990395,0,0486369025441126,0,0,0,0,0,0,0,0,0,0,0,0,348,15,0,301976670967329,16,405503084491,83,3713947009812,0,0,0,0,0,0,0,5,446895901146E-09,0,0,0,0,0,1,56777261722236E-10,0,0,0,0,7,75634873783695E-08,0,0,0,0,0,47993,5389518647,44555,7879647789,0,
80-90C*,0,0099440446510358,363,149994,93,8357001079084,673,638608136202,0,0310486653554369,357,749333222541,12,356447630846,14,5730916268085,7,5758221540792E-07,0,5,10732595294171,163,899387882745,0,0,53,2293916414949,268,141955218325,164,899387882745,42,8869995092574,51,6440907092574,56,2533372088899,57,1216023050854,0,26,1880592373068,0,0,31,3902151602641,28,3053060681061,144,968847777162,1,37850057648456,14,4635921106721,76,9798310403385,85,7369222403385,49,4772396592058,0,000126073497358521,0,5,97900057212192E-10,15,6673092791443,0,1,14302180035774E-05,111,387842793888,0,467170160182542,0,427534960358246,0,399385605840013,1,84972925321527,0,0,0,0,0,0,0,0,0,112222769331238,0,123383548350621,3,09924997524292,3,41237606279687,0,0,0,0,3,98560520531178,4,24965188132638,9,53022512662163,10,4077195185822,0,00155645503835422,0,00167843586341663,1,72087475845442E-12,1,82671288480685E-12,0,0,16,7288595315476,18,1948094469213,0,0,0,0,0,0,0,0,0,0,0,0,0,0,0,0,0,0,0,0,0,0,0,0,0,0,0,0,0,0,0,0,0,0189677860939605,0,0160028614480507,0,0,0,0,0,0,0,0,0,0,0,0,0,0495198684975195,0,0471427287758998,0,0,0,0,0,0,0,0,0,0495198684975195,0,0471427287758998,83,2026528138609,81,7420449628547,0,0,0,0,0,0,0,0,28,3053060681061,31,3902151602641,0,0,0,0,0,0,0,0,0,0,0,0,0,0,358,15,0,319027552736421,16,4574558296654,84,0535912782418,0,0,0,0,0,0,0,6,84353587579882E-09,0,0,0,0,0,1,96976559599733E-10,0,0,0,0,9,7451561065131E-08,0,0,0,0,0,47884,8716967712,44480,3456036501,0,
90-100C*,0,0181193085142688,373,149994,98,8494968265032,681,357083081488,0,0333807811182917,358,486911275661,13,1633774247571,15,4105371398212,9,12190830797291E-07,0,5,13286258270642,170,281151252277,0,0,55,5222939240586,275,043226968107,171,281151252277,39,3220535671738,48,0791447671738,55,4756134964028,56,2733260734818,0,27,4744676488164,0,0,31,3610090788401,28,316136786697,147,761668006239,1,38260873953895,9,169319082016,72,5973068538789,81,3543980538789,47,6634709315033,0,000132266472790598,0,7,19920477051415E-10,10,7156648150324,0,1,37629155553279E-05,107,762596836016,0,505487111075813,0,460691837549109,0,428856629356174,2,05208935956567,0,0,0,0,0,0,0,0,0,0,0,0,0,0,0,0,3,14010827980841,3,10358776005731,17,9460651427518,18,1669486306247,22,7054188310861,22,6964543470633,1,4541253170469,1,43081403588572,0,0,45,2457175706932,45,3978047736311,0,0,0,0,0,0,0,0,0,0,51,1595936513162,51,3914386169423,0,0,0,0,0,0,0,0,0,0,0,0,0,0,0,0,0,0,0,0,0,0,0,0,0,0,0,0,0,0,0,0,0,0,0,0,0,0,0,0,0,0,0,0,0,0,3,59468877799056,3,21075660942665,0,0,0,0,0,0,0,0,13,2895575098928,14,7094957847756,15,0265792768042,16,6515132940646,0,0,0,0,0,0,0,0,0,0,0,0,368,15,0,337765966445974,16,4815588568157,84,5975767608229,0,0,0,0,0,0,0,8,24017585045164E-09,0,0,0,0,0,2,37175857477229E-10,0,0,0,0,1,17339634751892E-07,0,0,0,0,0,47778,6664267562,44406,6124783643,0,
100-110C*,0,0282154885077556,383,149994,104,08543926402,689,075558026773,0,0357128968811464,359,227797374239,13,959926901522,16,2285158389097,1,06679944618666E-06,0,5,15852689561995,176,563394408485,0,0,57,3468886805544,281,929104575811,177,563394408485,36,0621601306178,44,8192513306178,54,7082701010619,55,441639461459,0,28,760876060326,0,0,31,3318029974161,28,3298446996312,150,554488235316,1,38672132119377,6,7864872395246,68,6067691852085,77,3638603852085,45,8944264267252,0,000328577558474215,0,8,41940896890638E-10,7,27405367643317,0,1,60956131070783E-05,104,16082599682,0,548651483218318,0,497803007689404,0,461682472560746,2,25019463712012,0,0,0,0,0,0,0,0,0,0,0,0,0,0,0,0,0,0,0,0,0,0,0,0,0,0,0,0,0,0,0,0,0,0,0,0,0,0,0,0349590618219282,0,0394337679772417,0,0,0,0,0,0,0,0,0,0,0,0,0,0,0,0,0,0,0,0,0,0,2,92748864200376,2,60676739292433,0,0,0,0,0,0,0,0,0,0,0,0,0,0,0,0,0,0,0,0,0,0,97,0375522961743,97,3537988390984,0,0,0,0,0,0,0,0,28,2948856378093,31,2923692294389,0,0349590618219282,0,0394337679772417,0,0,0,0,0,0,0,0,0,0,0,0,378,15,0,358319106600018,16,4790241965744,85,007489531601,0,0,0,0,0,0,0,9,63681582510446E-09,0,0,0,0,0,2,77375155354726E-10,0,0,0,0,1,37227708438654E-07,0,0,0,0,0,47674,8404102385,44334,5311524307,0,
110-120C*,0,0386889633578891,393,149994,109,52493293903,696,794032972059,0,0380450126440011,359,971881587373,14,7114768226217,16,9949327036228,1,22140806157603E-06,0,5,18431953009805,182,738681546457,0,0,58,7835708675296,288,800875057926,183,738681546457,33,1073191995896,41,8644103995896,53,9859262613862,54,6473976009722,0,30,0472844718356,0,0,31,3025969159921,28,357669695405,153,347308464394,1,39083745943621,6,52535001792751,65,0082180343274,73,7653092343274,44,1686198973819,0,000524888644157832,0,9,63961316729861E-10,4,89968911879822,0,1,84283106588288E-05,100,584360641372,0,597160251388023,0,539255499858591,0,498179314521041,2,4484052861819,0,0,0,0,0,0,0,0,0,0,0,0,0,0,0,0,0,0,0,0,0,0,0,0,0,0,0,0,32,4970616273339,35,4570682174772,0,0,0,0,0,0,0,0,0,0,0,0,0,0,0,0,0,0,0,0,0,0,0,0,0,0,0,0,0,0,0,0,18,5027114641398,16,4008344039762,0,0,0,0,0,0,0,0,0,0,0,0,0,0,0,0,0,0,0,0,0,0,0,0,49,0002269085262,48,1420973785466,0,0,0,0,0,0,28,357669695405,31,3025969159921,0,0,0,0,0,0,0,0,0,0,0,0,0,0,388,15,0,380833173032559,16,4511012972029,85,2877657467104,0,0,0,0,0,0,0,1,10334557997573E-08,0,0,0,0,0,3,17574453232222E-10,0,0,0,0,1,57115782125415E-07,0,0,0,0,0,47573,3145813493,44264,0467342831,0,
120-130C*,0,0477312144979065,403,149994,115,188670705289,704,512507917344,0,0403771284068559,360,719058801667,15,4262825303726,17,7200946114371,5,83682145625191E-05,0,5,21024112774854,188,800348087915,0,0,59,8962548649659,295,659628714321,189,800348087915,30,457530774089,39,214621974089,53,3003266350594,53,8832417182265,0,31,3336928833452,0,0,31,2733908345681,28,3966636703364,156,140128693471,1,39495623295542,6,26928867769865,61,8016534012354,70,5587446012354,42,4846302279092,0,000721199729841448,0,4,6065440973311E-08,3,27410946973025,0,0,000880645563425669,97,0348367775161,0,65154682866557,0,585460885823935,0,538681674838492,2,65108150705428,0,0,0,0,0,0,0,0,0,0,0,0,0,0,0,0,0,0,0,0,0,0,0,0,0,0,0,0,9,96229307725831E-05,0,000104066039722636,0,0,0,0,0,0,0,0,0,0,60,5078680568307,63,0213760443903,0,0,0,0,0,0,0,0,0,0,0,0,0,0,0,0,0,0,0,0,0,0,0,0,0,0,0,0,0,0,0,0,0,0,0,0,0,0,0,0,0,0,0,0,0,0,39,4920323202386,36,9785198895699,0,0,0,0,0,0,0,0,28,3966636703364,31,2733908345681,0,0,0,0,0,0,0,0,0,0,0,0,398,15,0,405464185144485,16,3990668887272,85,4430927603457,0,0,0,0,0,0,0,5,27262866314572E-07,0,0,0,0,0,1,51761351582328E-08,0,0,0,0,7,50819318354676E-06,0,0,0,0,0,47474,013339129,44195,1067378722,0,
130-140C*,0,0540075629469189,413,149994,121,082511224211,712,23098286263,0,0427092441697106,361,469228460199,16,1125993670911,18,4136280320349,0,000133512557237848,0,5,23629233338728,194,742455657818,0,0,60,7364274167966,302,506300924676,195,742455657818,28,1127948541162,36,8698860541162,52,6432158797649,53,1423965666842,0,32,6201012948548,0,0,31,2441847531441,28,4439754012809,158,932948922548,1,39907666474592,6,01835584494896,58,9870752859326,67,7441664859326,40,8410979054819,0,000917510815525065,0,1,05370960388864E-07,2,16992315290012,0,0,00201440530731307,93,5137127050933,0,712365815173391,0,636842461482076,0,583531252035032,2,86258350004052,0,0,0,0,0,0,0,0,0,0,0,0,0,0,0,0,0,0,0,0,0,0,0,0,0,0,0,0,0,0,4,89893386545324E-16,5,46153328788586E-16,0,0,0,0,0,0,0,0,0,0,0,0,0,0,0,0,0,0,0,0,0,0,0,0,0,0,0,0,0,0,0,0,10,7204229227808,9,98337311041332,4,42539376931768E-18,4,04524914264933E-18,11,1873833456549,10,4502110397867,11,1938139380195,10,3864641599842,0,0,0,0,33,1016202064552,30,8200483101842,0,0,0,0,0,0,0,0,0,0,66,8983797935448,69,1799516898158,0,0,0,0,0,0,28,4439754012809,31,2441847531441,0,0,0,0,0,0,0,0,0,0,0,0,0,0,408,15,0,432370999301415,16,3242023864844,85,4782958050108,0,0,0,0,0,0,0,1,20607104647365E-06,0,0,0,0,0,3,47141784128513E-08,0,0,0,0,1,71743830042528E-05,0,0,0,0,0,47376,8643597801,44127,6609523222,0,
140-150C*,0,0569580411823872,423,149994,127,211713932001,719,949457807915,0,0450413599325653,362,222294318272,16,7786826750936,19,0903562175348,0,000208656899913177,0,5,26247379505422,200,559748339759,0,0,61,346044657924,309,341702896494,201,559748339759,26,073111439671,34,830202639671,52,180275161422,52,5630421178943,0,33,9065097063644,0,0,31,0410421634844,28,3466016645709,161,725769151625,1,40319772529087,5,77260204587691,56,564483688419,65,321574888419,39,2367217178435,0,00153048658985616,0,1,64676479804416E-07,1,42597351899186,0,0,00314816505120047,90,0222842048908,0,780177093215415,0,693822594338155,0,633066400456079,3,08727146544391,0,0,0,0,0,0,0,0,0,0,0,0,0,0,0,0,0,0,0,0,0,0,0,0,0,0,0,0,0,0,76,0039456713241,79,0992276061686,0,0,0,0,0,0,0,0,0,0,2,12345448638263,2,2218256040274,0,0,0,0,0,0,0,0,0,0,0,0,0,0,0,0,0,0,0,0,0,886978299219086,0,771083613047931,20,9735075844423,17,8972999753926,0,0120488046773813,0,0105066339259691,3,42793769032479E-13,2,96924242774388E-13,0,0,0,0,21,8725346883391,18,6788902223668,6,51539541660654E-05,5,65674372166913E-05,0,0,0,0,0,0,0,0,0,0,0,0,0,0,0,0,26,2231471781883,28,819216559457,2,12345448638263,2,2218256040274,0,0,0,0,0,0,0,0,0,0,0,0,418,15,0,46170975062226,16,2269645959394,85,3939759594035,0,0,0,0,0,0,0,1,88487922663273E-06,0,0,0,0,0,5,42522216674699E-08,0,0,0,0,2,68405728249588E-05,0,0,0,0,0,47281,7984209972,44061,6613199717,0,
150-160C*,0,0567490510828922,433,149994,133,583544922332,727,667932753201,0,0454303150756452,362,978164214711,17,4327877966967,19,7555309745809,0,000283801242588506,0,5,28878616402949,206,247610374194,0,0,61,7596441558505,316,166544788216,207,247610374194,23,9190333356529,32,6761245356529,54,2168816403619,54,2696007115872,0,35,1929181178741,0,0,28,3503305629414,25,9748683138318,164,518589380702,1,40731833539245,5,53207555647206,53,9948971467345,62,7519883467345,37,670255661295,0,00826134469878173,0,2,23981999219969E-07,0,928922263560238,0,0,00428192479508787,86,5616984043284,0,855527926869744,0,756809215153901,0,687611388958697,3,3295056035677,0,0,0,0,0,0,0,0,0,0,0,0,0,0,0,0,0,0,0,0,0,0,0,0,0,0,0,0,0,0,0,0,0,0,0,0,0,0,0,0,0,0,11,0916549629849,12,3933680450392,0,0,0,0,0,0,0,0,0,0,0,0,0,0,0,0,0,0,0,0,0,0,0,0,0,0,0,0,0,0,0,0,0,0,25,5475507274876,23,6865048356916,0,0,0,0,0,0,0,0,0,0,63,3607943095275,63,9201271192692,0,0,0,0,14,8832133508469,15,9569625179022,11,0916549629849,12,3933680450392,0,0,0,0,0,0,0,0,0,0,0,0,428,15,0,493629149311599,16,1092322401966,85,1982845850896,0,0,0,0,0,0,0,2,56368740679181E-06,0,0,0,0,0,7,37902649220884E-08,0,0,0,0,3,65067626456648E-05,0,0,0,0,0,47188,7492374776,43997,0618221764,0,
160-170C*,0,0535635130751443,443,149994,140,300866132163,729,703982765702,0,049344376083875,363,829736048617,18,0831700742167,20,422984172486,0,000358945585263835,0,5,31523009484964,212,171295629174,0,0,64,9612379546036,322,981453432259,213,171295629174,21,5354196615719,30,2925108615719,56,1324867360172,55,8663024399763,0,36,4793265293837,0,0,25,7843431897661,23,7107133875377,167,311409609779,1,40869664126875,5,296822247634,50,9843257725372,59,7414169725372,37,3976638390905,0,0149922028077073,0,2,83287518635521E-07,0,599691777132532,0,0,00541568453897527,85,9542837813584,0,938334406125428,0,82575946912339,0,747154688959437,3,59364611471517,0,0,0,0,0,0,0,0,0,0,0,0,0,0,0,0,0,0,0,0,0,0,0,0,0,0,0,0,0,0,0,0,3,76604727046888E-05,4,08362126347148E-05,0,0,0,0,0,0,0,0,0,0,6,28016443023322E-06,6,83738126365821E-06,0,0,0,0,0,0,0,0,0,0,0,0,0,0,0,0,0,0,0,0,0,0,0,0,0,0,0,0,0,0,0,0,0,0,0,0,0,0,0,0,0,0,0,0,99,9999560593629,99,9999523264061,0,0,0,0,23,7107071073733,25,7843363523848,6,28016443023322E-06,6,83738126365821E-06,0,0,0,0,0,0,0,0,0,0,0,0,438,15,0,528204349407082,16,1196735839352,85,6797741524852,0,0,0,0,0,0,0,3,24249558695089E-06,0,0,0,0,0,9,33283081767069E-08,0,0,0,0,4,61729524663708E-05,0,0,0,0,0,47164,5319887762,43980,248970683,0,
170-180C*,0,0497799094242048,453,149994,146,995228685853,745,60700675209,0,0534492309064415,364,458311818219,18,7380848499701,21,0952731145408,0,000434089927939163,0,5,33645208571796,217,052987934688,0,0,60,8556581703327,329,786986146791,218,052987934688,18,8744665080132,27,6315577080132,57,9188351060714,57,3600349273962,0,37,7657349408933,0,0,23,3430800439585,21,544691958063,172,237686448514,1,41678785942379,5,06688542582727,47,9737543983398,56,7308455983398,34,1102024165283,0,0217230609166329,0,3,42593038051074E-07,0,383559308039418,0,0,00654944428286266,78,5071376188096,1,03077187014114,0,902211761203773,0,812840412295439,3,88405319918959,0,0,0,0,0,0,0,0,0,0,0,0,0,0,0,0,0,0,0,0,0,0,0,0,0,0,0,0,0,0,0,0,83,4488731023837,83,6844310027713,0,0,0,0,0,0,0,0,0,0,12,5797495700947,12,6664606970242,0,0,0,0,0,0,0,0,0,0,0,0,0,0,0,0,0,0,0,0,0,0,0,0,0,0,0,0,0,0,0,0,0,0,1,09977092431717E-09,9,37450005505388E-10,0,0,0,0,0,0,0,0,0,0,3,97137732642181,3,64910829926704,0,0,8,96494238796837,10,6766193469342,12,5797495700947,12,6664606970242,0,0,0,0,0,0,0,0,0,0,0,0,448,15,0,56572094173101,15,7438264554835,84,0161755255466,0,0,0,0,0,0,0,3,92130376710997E-06,0,0,0,0,0,1,12866351431325E-07,0,0,0,0,5,58391422870768E-05,0,0,0,0,0,46979,9287440414,43852,0879653934,0,
180-190C*,0,0450907757156621,463,149994,153,585026539838,762,1689859515,0,057705427560658,365,087638257677,19,4057874662733,21,7796053923494,0,000509234270614492,0,5,53133887610371,221,724710144943,0,0,56,6219196079351,336,583641658298,222,724710144943,16,200334250194,24,957425450194,59,5676714082081,58,7445350085154,0,39,0521433524029,0,0,21,0265411255186,19,4758595991352,182,770718106212,1,42539148249668,4,84230566942713,44,9631830241424,53,7202742241424,30,8328899252459,0,0284539190255584,0,4,01898557466626E-07,0,242975333809528,0,0,00768320402675006,70,8592279331846,1,13762139464479,0,989557065287307,0,887203056668448,4,25634303583421,0,0,0,0,0,0,0,0,0,0,0,0,0,0,0,0,0,0,0,0,0,0,0,0,0,0,0,0,0,0,0,0,0,0,0,0,0,0,0,0,0,0,0,0,0,0,0,0,0,0,0,0,0,0,0,0,0,0,0,0,0,0,0,0,0,0,0,0,0,0,0,0,0,0,0,0,0,0,0,0,26,8807159893852,25,4311772802134,0,0,0,0,0,0,0,0,0,0,73,1192709282629,74,56880850694,1,30823518716437E-05,1,42128466223356E-05,19,4758595991352,21,0265411255186,0,0,0,0,0,0,0,0,0,0,0,0,0,0,458,15,0,606858036385626,15,2678957915372,84,4519055480302,0,0,0,0,0,0,0,4,60011194726904E-06,0,0,0,0,0,1,32404394685944E-07,0,0,0,0,6,55053321077828E-05,0,0,0,0,0,46844,9275830253,43753,6687814544,0,
190-200C*,0,0251085117066352,473,149994,159,903274934579,778,95611834431,0,0620735140638379,365,724591005698,20,0945332654428,22,4828136364111,0,000584378613289821,0,5,77570778850488,226,212527685613,0,0,52,5004790212628,343,371868852483,227,212527685613,13,5216989285068,22,2787901285068,61,0707403001108,60,0130198099692,0,40,3385517639125,0,0,18,8347264344464,17,5041665536197,193,805105883125,1,43431071850131,4,62312066094793,41,952611649945,50,709702849945,27,6586838538981,0,035184777134484,0,4,61204076882179E-07,0,152398580138068,0,0,00881696377063746,63,2389506740687,1,26126452658723,1,08945290028543,0,97147990368714,4,70614181232444,0,0,0,0,0,0,0,0,0,0,0,0,0,0,0,0,0,0,0,0,0,0,0,0,0,0,0,0,0,0,0,0,0,0,23,6518807644907,23,8751370359939,0,0,0,0,0,0,0,0,0,0,2,62798675161008,2,65729853634736,0,0,0,0,0,0,0,0,0,0,0,0,0,0,0,0,0,0,0,0,0,0,0,0,0,0,0,0,0,0,0,0,0,0,0,0,0,0,0,0,0,0,0,0,0,0,73,7201324838992,73,4675644276587,14,8761798020096,16,177427898099,2,62798675161008,2,65729853634736,0,0,0,0,0,0,0,0,0,0,0,0,468,15,0,652030672632997,14,7110011355902,84,9664438355324,0,0,0,0,0,0,0,5,27892012742812E-06,0,0,0,0,0,1,51942437940562E-07,0,0,0,0,7,51715219284888E-05,0,0,0,0,0,46636,8725240975,43601,9856292744,0,
200-210C*,0,0494208928277783,483,149994,165,783040014168,795,534601910898,0,0665140384332945,366,374913906603,20,8125775897949,23,2113483718739,0,00227345920902242,0,6,06543656640549,230,545487509433,0,0,48,6822979792745,350,152073867354,231,545487509433,10,847236583344,19,604327783344,62,4197864394632,61,158319130444,0,41,6249601754221,0,0,16,7676359707419,15,6303324976821,205,046284293427,1,44331914953774,4,40936501538756,38,9420402757477,47,6991314757477,24,6652400197887,0,0419156352434096,0,1,79426254140902E-06,0,0946120787502722,0,0,0343014049866187,55,8606169411129,1,40541528274351,1,2044570239131,1,06755893439739,5,17716701799081,0,0,0,0,0,0,0,0,0,0,0,0,0,0,0,0,0,0,0,0,0,0,0,0,0,0,0,0,0,0,0,0,0,0,4,68864351889036E-14,5,43002661493684E-14,0,0,0,0,0,0,0,0,0,0,2,60480195493909E-15,3,02180501717027E-15,0,0,0,0,0,0,0,0,0,0,0,0,0,0,0,0,0,0,0,0,0,0,0,0,0,0,0,0,0,0,0,0,0,0,87,3199374258899,87,2966102057086,0,0,0,0,0,0,0,0,0,0,0,0,15,6303324976821,16,7676359707419,0,0,0,0,0,0,0,0,0,0,0,0,0,0,478,15,0,701819485117867,14,1016526977741,85,5326799198295,0,0,0,0,0,0,0,2,05370444853074E-05,0,0,0,0,0,5,91114950002408E-07,0,0,0,0,0,000292446343685402,0,0,0,0,0,46402,979636027,43423,8378543428,0,
210-220C*,0,0305147123553003,493,149994,171,076837918145,811,470634631643,0,0709875486863412,367,043388592039,21,5681757816462,23,9712567355764,0,00495172654049983,0,6,3912763247458,234,755355351992,0,0,45,3164954787972,356,924625903101,235,755355351992,8,18562325509813,16,9427144550981,63,6065544839487,62,1730198312843,0,42,9113685869317,0,0,14,8252697344051,13,8557234331393,216,199687851296,1,45215987070775,4,20107010496609,35,9314689015503,44,6885601015503,21,9172052853755,0,0427084928431804,0,3,90800829487506E-06,0,0581180077396885,0,0,0747104574274321,48,9230862734734,1,57464476935247,1,33766595442392,1,17770010012522,5,66600837926837,0,0,0,0,0,0,0,0,0,0,0,0,0,0,0,0,0,0,0,0,0,0,0,0,0,0,0,0,0,0,0,0,0,0,0,0,0,0,0,0,0,0,0,0,0,0,0,0,0,0,0,0,0,0,0,0,0,0,0,0,0,0,0,0,0,0,0,0,0,0,0,0,0,0,0,0,0,0,0,0,0,0,0,0,0,0,0,0,0,0,0,0,0,0,0,0,13,8557234331393,14,8252697344051,0,0,0,0,0,0,0,0,0,0,0,0,0,0,488,15,0,756908885154707,13,4748024839348,86,1211860961986,0,0,0,0,0,0,0,4,47308787585637E-05,0,0,0,0,0,1,28748278165579E-06,0,0,0,0,0,000636965165661284,0,0,0,0,0,46156,3600527785,43230,857389733,0,
220-230C*,0,0266626605744584,503,149994,175,674677468054,826,330414486923,0,0754545928402914,367,734035844397,22,369583183313,24,8053903078754,0,00762999387197723,0,6,73794561600365,238,876396365532,0,0,42,519897467212,363,689862026194,239,876396365532,5,54553498416152,14,3026261841615,64,6518421218122,63,0213147516863,0,44,1977769984413,0,0,12,9785746948748,12,1732949404383,226,970751070907,1,46054723094758,3,99826388058611,32,9208975273529,41,6779887273529,19,468939958024,0,0541821667829529,0,6,0217540483411E-06,0,0353116644106493,0,0,115119509868245,42,6100282535671,1,77452177039636,1,49278555643564,1,30457585465152,6,16925562259221,0,0,0,0,0,0,0,0,0,0,0,0,0,0,0,0,0,0,0,0,0,0,0,0,0,0,0,0,0,0,0,0,0,0,0,0,0,0,0,0,0,0,0,0,0,0,0,0,0,0,0,0,0,0,0,0,0,0,0,0,0,0,0,0,0,0,0,0,0,0,0,0,0,0,0,0,0,0,0,0,0,0,0,0,0,0,0,0,0,0,0,0,0,0,0,0,12,1732949404383,12,9785746948748,0,0,0,0,0,0,0,0,0,0,0,0,0,0,498,15,0,818097299822282,12,8651941216518,86,6849783310196,0,0,0,0,0,0,0,6,892471303182E-05,0,0,0,0,0,1,98385061330917E-06,0,0,0,0,0,000981483987637167,0,0,0,0,0,45910,6544568195,43035,1974014176,0,
230-240C*,0,0227625284294354,513,150024,183,444683157184,831,297686304838,0,0798757189124585,368,555781426893,23,3852056797374,25,7591813445267,0,0103082612034546,0,6,82464919003401,243,570291668574,0,0,43,4957208270517,370,448091176164,244,570291668574,3,10329687397224,11,8603880739722,65,3867346626069,63,7199828622531,0,45,4841854099509,0,0,11,2280596576557,10,5208357932201,232,353452287096,1,46324748290333,3,8009706903956,29,9103261531555,38,6674173531555,18,7931021908711,0,0692709544148936,0,8,13549980180715E-06,0,021213230353765,0,0,155528562309059,40,8453653167833,2,00322369497434,1,66870259438021,1,44756540340367,6,6834984743974,0,0,0,0,0,0,0,0,0,0,0,0,0,0,0,0,0,0,0,0,0,0,0,0,0,0,0,0,0,0,0,0,0,0,0,0,0,0,0,0,0,0,0,0,0,0,0,0,0,0,0,0,0,0,0,0,0,0,0,0,0,0,0,0,0,0,0,0,0,0,0,0,0,0,0,0,0,0,0,0,0,0,0,0,0,0,0,0,0,0,0,0,0,0,0,0,10,5208357932201,11,2280596576557,0,0,0,0,0,0,0,0,0,0,0,0,0,0,508,15,0,88592763292552,12,7208399264663,86,8152699007109,0,0,0,0,0,0,0,9,31185473050764E-05,0,0,0,0,0,2,68021844496255E-06,0,0,0,0,0,00132600280961305,0,0,0,0,0,45825,6332008632,42966,9078061988,0,
240-250C*,0,0195889746722461,523,150024,192,344094157879,833,734477993568,0,0842114749201558,369,410151061278,24,5015704229032,26,8121479917782,0,012986528534932,0,6,83869714563593,248,31792163708,0,0,45,3375041054503,377,199597533784,249,31792163708,0,711668366366649,9,46875956636665,65,8758029883134,64,1811234018071,0,46,7705938214605,0,0,9,62262658878336,9,00672860641473,240,491139408537,1,46444365899275,3,60921109589262,26,8997547789582,35,6568459789582,18,5583361645557,0,0861504977262098,0,1,02492455552732E-05,0,0125952540633132,0,0,195937614749872,40,230150370703,2,26411615212106,1,86741204385228,1,6079475654118,7,20532666111902,0,0,0,0,0,0,0,0,0,0,0,0,0,0,0,0,0,0,0,0,0,0,0,0,0,0,0,0,0,0,0,0,0,0,0,0,0,0,0,0,0,0,0,0,0,0,0,0,0,0,0,0,0,0,0,0,0,0,0,0,0,0,0,0,0,0,0,0,0,0,0,0,0,0,0,0,0,0,0,0,0,0,0,0,0,0,0,0,0,0,0,0,0,0,0,0,9,00672860641473,9,62262658878336,0,0,0,0,0,0,0,0,0,0,0,0,0,0,518,15,0,960526448452637,12,6971673100535,86,8320818409249,0,0,0,0,0,0,0,0,000117312381578333,0,0,0,0,0,3,37658627661593E-06,0,0,0,0,0,00167052163158893,0,0,0,0,0,45783,4472598487,42932,9299304262,0,
250-260C*,0,0172954661011436,533,150024,201,627725453476,836,171269682298,0,0879215924202128,370,26470063839,25,6686333593762,27,8866276888747,0,0156647958664094,0,6,85385214844321,252,933203325314,0,0,47,0941842857966,383,944643372887,253,933203325314,-1,67996014123894,7,07713105876106,66,1594708725721,64,4793452864033,0,48,0570022329701,0,0,8,17189576805172,7,63402702472206,245,519190034642,1,46560823556674,3,42300168607352,-8,9837768043289,-0,226685604328899,18,3260029338933,0,103953391664843,0,1,23629913087392E-05,0,00738824050957575,0,0,236346667190685,39,6201820393411,2,56398824345659,2,09323743068382,1,78871831226885,7,73132990919215,0,0,0,0,0,0,0,0,0,0,0,0,0,0,0,0,0,0,0,0,0,0,0,0,0,0,0,0,0,0,0,0,0,0,0,0,0,0,0,0,0,0,0,0,0,0,0,0,0,0,0,0,0,0,0,0,0,0,0,0,0,0,0,0,0,0,0,0,0,0,0,0,0,0,0,0,0,0,0,0,0,0,0,0,0,0,0,0,0,0,0,0,0,0,0,0,7,63402702472206,8,17189576805172,0,0,0,0,0,0,0,0,0,0,0,0,0,0,528,15,1,04258417664073,12,6716396493366,86,8495446349038,0,0,0,0,0,0,0,0,000141506215851589,0,0,0,0,0,4,07295410826931E-06,0,0,0,0,0,00201504045356481,0,0,0,0,0,45740,96147825,42898,6520928891,0,
260-270C*,0,015780027272635,543,150024,211,775525394967,838,608061371028,0,0902237865691489,371,119428589619,26,879511622777,28,9714731587105,0,0183430631978869,0,6,87002331923883,257,415561087448,0,0,48,7709613578386,377,071287725423,258,415561087448,-4,07158864884454,4,68550255115546,66,235000901968,64,6142826706494,0,49,3434106444797,0,0,6,88548747525492,6,41424417064012,249,763389437332,1,46674132377855,3,24235489019453,-11,8065390619566,-3,0494478619566,18,096081291541,0,122425705853197,0,1,44767370622053E-05,0,00427979722025108,0,0,276755719631499,39,0154397619022,2,9093429475057,2,35028351219024,1,99273321385437,8,21582658079293,0,0,0,0,0,0,0,0,0,0,0,0,0,0,0,0,0,0,0,0,0,0,0,0,0,0,0,0,0,0,0,0,0,0,0,0,0,0,0,0,0,0,0,0,0,0,0,0,0,0,0,0,0,0,0,0,0,0,0,0,0,0,0,0,0,0,0,0,0,0,0,0,0,0,0,0,0,0,0,0,0,0,0,0,0,0,0,0,0,0,0,0,0,0,0,0,6,41424417064012,6,88548747525492,0,0,0,0,0,0,0,0,0,0,0,0,0,0,538,15,1,13289180600531,12,6444503909378,86,8676690447013,0,0,0,0,0,0,0,0,000165700050124845,0,0,0,0,0,4,76932193992269E-06,0,0,0,0,0,0023595592755407,0,0,0,0,0,45698,1861002249,42864,0844343411,0,
270-280C*,0,0169409003330048,553,150024,221,865355858593,841,044853059758,0,0944528746969891,371,974333364533,28,1273223467263,30,0556466350019,0,0210213305293643,0,6,88712443215818,261,764676636204,0,0,50,3726135070828,381,92947140677,262,764676636204,-6,46321715645013,2,29387404354987,66,0996556630867,64,5862655959405,0,50,6298190559893,0,0,5,77302199018706,5,35808776905759,253,339309251794,1,46784302281098,3,06727878978919,-14,6293013195843,-5,87221011958431,17,8685502759353,0,141313509913674,0,1,65904828156713E-05,0,00244713928527653,0,0,317164772072312,38,4159028550676,3,30794152433354,2,64338733907191,2,22332605048122,8,67719560628847,0,0,0,0,0,0,0,0,0,0,0,0,0,0,0,0,0,0,0,0,0,0,0,0,0,0,0,0,0,0,0,0,0,0,0,0,0,0,0,0,0,0,0,0,0,0,0,0,0,0,0,0,0,0,0,0,0,0,0,0,0,0,0,0,0,0,0,0,0,0,0,0,0,0,0,0,0,0,0,0,0,0,0,0,0,0,0,0,0,0,0,0,0,0,0,0,5,35808776905759,5,77302199018706,0,0,0,0,0,0,0,0,0,0,0,0,0,0,548,15,1,23234683284279,12,6157837588639,86,8864725564962,0,0,0,0,0,0,0,0,000189893884398102,0,0,0,0,0,5,46568977157607E-06,0,0,0,0,0,00270407809751658,0,0,0,0,0,45655,1311297682,42829,2368542032,0,
280-290C*,0,0209127490172692,563,150024,232,287090686996,843,481644748488,0,0972851532709098,372,82941343062,29,4051826648445,31,3217580028297,0,0378367596639341,0,6,9050734841806,265,980469634146,0,0,51,9035394672449,386,57928779754,266,980469634146,-8,85484566405573,-0,0977544640557285,65,5845326950592,64,0206066149324,0,51,9162274674989,0,0,5,01028464009632,4,65763538223792,256,362521113216,1,46891342112944,2,89777693066227,-17,452063577212,-8,69497237721201,17,643389167742,0,160362873468679,0,2,98615784632814E-05,0,00138052215698748,0,0,57087191688477,37,8215505199618,3,76908474881867,2,97827125779991,2,48440365357199,9,13559169540422,0,0,0,0,0,0,0,0,0,0,0,0,0,0,0,0,0,0,0,0,0,0,0,0,0,0,0,0,0,0,0,0,0,0,0,0,0,0,0,0,0,0,0,0,0,0,0,0,0,0,0,0,0,0,0,0,0,0,0,0,0,0,0,0,0,0,0,0,0,0,0,0,0,0,0,0,0,0,0,0,0,0,0,0,0,0,0,0,0,0,0,0,0,0,0,0,4,65763538223792,5,01028464009632,0,0,0,0,0,0,0,0,0,0,0,0,0,0,558,15,1,3419707812657,12,5858152436714,86,9059791158717,0,0,0,0,0,0,0,0,000341794219713416,0,0,0,0,0,9,83781640252819E-06,0,0,0,0,0,00486713022019816,0,0,0,0,0,45611,806336408,42794,1190163616,0,
290-300C*,0,0198884932707439,573,150024,243,022139958743,845,918436437218,0,0999327279573267,373,684667273024,30,7062097107525,32,6032437496938,0,069967447418521,0,6,92379231149282,270,063079388928,0,0,53,3677959566234,391,021760414127,271,063079388928,-11,2464741716613,-2,48938297166132,64,8710722953977,63,2795527291832,0,53,2026358790085,0,0,4,42271799384981,4,11720352112302,258,948596656787,1,4699525976288,2,73384813566404,-20,2748258348397,-11,5177346348397,17,420577486367,0,179319866140615,0,5,52198031628811E-05,0,000768003459251162,0,1,05565199509985,37,2323618489096,4,3039651109692,3,36173192923731,2,78056181619999,9,59196089529615,0,0,0,0,0,0,0,0,0,0,0,0,0,0,0,0,0,0,0,0,0,0,0,0,0,0,0,0,0,0,0,0,0,0,0,0,0,0,0,0,0,0,0,0,0,0,0,0,0,0,0,0,0,0,0,0,0,0,0,0,0,0,0,0,0,0,0,0,0,0,0,0,0,0,0,0,0,0,0,0,0,0,0,0,0,0,0,0,0,0,0,0,0,0,0,0,4,11720352112302,4,42271799384981,0,0,0,0,0,0,0,0,0,0,0,0,0,0,568,15,1,46292975633209,12,554712064627,86,9262188660707,0,0,0,0,0,0,0,0,000632043264490961,0,0,0,0,0,1,8192015066054E-05,0,0,0,0,0,00900026008531094,0,0,0,0,0,45568,221260756,42758,740354817,0,
300-310C*,0,0188678126980435,583,150024,254,043326375096,848,355228125948,0,102402807871266,374,540093394293,32,0235206180707,33,8666293059439,0,102098135173108,0,6,94320624718444,274,012847606493,0,0,54,7691308128585,395,258380814762,275,012847606493,-13,6381026792669,-4,88101147926692,64,0332147076258,62,4608707181029,0,54,4890442905181,0,0,3,94326467430348,3,67249997595316,261,213107517694,1,47096062268504,2,57548631913721,-23,0975880924674,-14,3404968924674,17,2000949865279,0,197930557551885,0,8,05780278624808E-05,0,000421107916783318,0,1,54043207331492,36,6483158319883,4,92610993621511,3,80187482555908,3,11722751489899,10,0472492531202,0,0,0,0,0,0,0,0,0,0,0,0,0,0,0,0,0,0,0,0,0,0,0,0,0,0,0,0,0,0,0,0,0,0,0,0,0,0,0,0,0,0,0,0,0,0,0,0,0,0,0,0,0,0,0,0,0,0,0,0,0,0,0,0,0,0,0,0,0,0,0,0,0,0,0,0,0,0,0,0,0,0,0,0,0,0,0,0,0,0,0,0,0,0,0,0,3,67249997595316,3,94326467430348,0,0,0,0,0,0,0,0,0,0,0,0,0,0,578,15,1,59655866292702,12,522680726781,86,947555053682,0,0,0,0,0,0,0,0,000922292309268506,0,0,0,0,0,2,65462137295799E-05,0,0,0,0,0,0131333899504237,0,0,0,0,0,45524,3852199181,42723,1100791893,0,
310-320C*,0,0178745926277372,593,150024,265,242299599947,851,339017113825,0,104702602127753,375,389058897675,33,3502325204199,35,1155307863406,0,134228822927695,0,6,97946975532089,277,78371882623,0,0,55,9049393879024,399,291076094282,278,78371882623,-16,0406711328555,-7,28357993285546,63,1135959319182,61,591489518206,0,000353706636835879,55,7754527020277,0,0,3,53617154766192,3,29297969545342,264,448163338508,1,47224419935609,2,42268030402272,-25,9203503500951,-17,1632591500951,16,8922660103019,0,209752705926679,0,0,000105936252562081,0,000227456403777024,0,2,02521215153,35,8312024549852,5,66409034438603,4,3160079009106,3,50604894774914,10,5024028160324,0,0,0,0,0,0,0,0,0,0,0,0,0,0,0,0,0,0,0,0,0,0,0,0,0,0,0,0,0,0,0,0,0,0,0,0,0,0,0,0,0,0,0,0,0,0,0,0,0,0,0,0,0,0,0,0,0,0,0,0,0,0,0,0,0,0,0,0,0,0,0,0,0,0,0,0,0,0,0,0,0,0,0,0,0,0,0,0,0,0,0,0,0,0,0,0,3,29297969545342,3,53617154766192,0,0,0,0,0,0,0,0,0,0,0,0,0,0,588,15,1,7455935967075,12,4646226504492,86,9964568002979,0,0,0,0,0,0,0,0,00121254135404605,0,0,0,0,0,3,49004123931057E-05,0,0,0,0,0,0172665198155365,0,0,0,0,0,45507,4593456743,42713,9546079413,0,
320-330C*,0,0169108564610517,603,150024,276,578470640297,854,81102946873,0,106839319841813,376,232407325,34,6718518713701,36,3506382768109,0,166359510682282,0,7,03102135653054,281,379631179379,0,0,56,8026169557392,403,122175907082,282,379631179379,-18,4530040537845,-9,69591285378455,62,1624626485001,60,7019595131699,0,000958333366469858,151,118106893528,0,0,3,16568548012973,2,94740221001925,268,424052646331,1,47376681375445,2,27541364270916,-28,7431126077228,-19,9860214077228,16,5084951025312,0,21734505207144,0,0,00013129447726168,0,000120956611860094,0,2,50999222974508,34,8097454937934,6,54795650739289,4,92170768649653,3,95856572973727,10,9583676311887,0,0,0,0,0,0,0,0,0,0,0,0,0,0,0,0,0,0,0,0,0,0,0,0,0,0,0,0,0,0,0,0,0,0,0,0,0,0,0,0,0,0,0,0,0,0,0,0,0,0,0,0,0,0,0,0,0,0,0,0,0,0,0,0,0,0,0,0,0,0,0,0,0,0,0,0,0,0,0,0,0,0,0,0,0,0,0,0,0,0,0,0,0,0,0,0,2,94740221001925,3,16568548012973,0,0,0,0,0,0,0,0,0,0,0,0,0,0,598,15,1,91263591591458,12,3832946358945,87,0672090491841,0,0,0,0,0,0,0,0,0015027903988236,0,0,0,0,0,4,32546110566316E-05,0,0,0,0,0,0213996496806493,0,0,0,0,0,45448,8043098515,42666,7119575871,0,
330-340C*,0,0159714645890091,613,150024,288,035321772963,858,429112208248,0,108820170128473,377,074353801137,35,9106251106992,37,6092744803825,0,198490198436868,0,7,08782805286339,284,829824513524,0,0,57,5955280485797,406,754379347841,285,829824513524,-20,8682583824059,-12,1111671824059,61,5083651376855,59,9807678316038,0,00156296009610384,246,460761085028,0,0,2,5810097516153,2,40995768801373,272,392550074112,1,47533496392988,2,1336644428142,-31,5658748653505,-22,8087836653505,16,105770048509,0,224937398216201,0,0,00015665270196128,6,32888462072036E-05,0,2,99477230796015,33,7345454558668,7,60607640704887,5,63483558554882,4,48485093032187,11,4160897457451,0,0,0,0,0,0,0,0,0,0,0,0,0,0,0,0,0,0,0,0,0,0,0,0,0,0,0,0,0,0,0,0,0,0,0,0,0,0,0,0,0,0,0,0,0,0,0,0,0,0,0,0,0,0,0,0,0,0,0,0,0,0,0,0,0,0,0,0,0,0,0,0,0,0,0,0,0,0,0,0,0,0,0,0,0,0,0,0,0,0,0,0,0,0,0,0,2,40995768801373,2,5810097516153,0,0,0,0,0,0,0,0,0,0,0,0,0,0,608,15,2,09981021425111,12,2949736683548,87,1446592757816,0,0,0,0,0,0,0,0,00179303944360114,0,0,0,0,0,5,16088097201574E-05,0,0,0,0,0,0255327795457621,0,0,0,0,0,45387,894460801,42617,6522191172,0,
340-350C*,0,0147270230352134,623,150024,299,540726866614,862,178554931246,0,110652362102759,377,915111748811,37,1393943555075,38,8669317747601,0,230620886191455,0,7,14952682308085,288,136275166113,0,119760065570755,0,58,2930822577427,410,190721987614,290,062066649552,-23,2861399106969,-14,5290487106969,60,8480288297513,59,2481712816991,0,00216758682573782,341,803415276528,0,0,2,01257681474119,1,88489694354076,276,353655621852,1,47693955976672,1,9974051991943,-34,3886371229782,-25,6315459229782,15,6869762878642,0,232529744360962,0,0,00018201092666088,3,25624266988254E-05,0,3,47955238617523,32,6128669096009,8,8821227043125,6,47985698347672,5,10046160947913,11,8765152068575,0,0,0,0,0,0,0,0,0,0,0,0,0,0,0,0,0,0,0,0,0,0,0,0,0,0,0,0,0,0,0,0,0,0,0,0,0,0,0,0,0,0,0,0,0,0,0,0,0,0,0,0,0,0,0,0,0,0,0,0,0,0,0,0,0,0,0,0,0,0,0,0,0,0,0,0,0,0,0,0,0,0,0,0,0,0,0,0,0,0,0,0,0,0,0,0,1,88489694354076,2,01257681474119,0,0,0,0,0,0,0,0,0,0,0,0,0,0,618,15,2,31031165733468,12,2005223871178,87,2279620622969,0,0,160568102472683,0,0,0,0,0,0,00208328848837869,0,0,0,0,0,5,99630083836832E-05,0,0,0,0,0,0296659094108749,0,0,119760065570755,0,0,0,45324,9816829372,42566,9771400494,0,
350-360C*,0,0134977564819592,633,150024,311,006595337434,866,044647236588,0,112343104879695,378,754889066366,38,3556200040059,40,1125401440286,0,262751573946042,0,7,21574928127387,291,301182335975,0,125634964166856,0,58,904424732327,413,434543330691,294,158834917544,-25,7063544306347,-16,9492632306347,60,1562556917865,58,4896321431398,0,0027722135553718,437,146069468028,0,0,1,48812430420758,1,39782771283164,280,30736928955,1,46951950939479,1,86660263359085,-37,2113993806059,-28,4543081806059,15,2549245715621,0,251640217580691,0,0,000207369151360479,1,64630325732032E-05,0,3,9643324643903,31,4518557095162,10,4329038360939,7,48795598849772,5,82492639330973,12,3405900616819,0,0,0,0,0,0,0,0,0,0,0,0,0,0,0,0,0,0,0,0,0,0,0,0,0,0,0,0,0,0,0,0,0,0,0,0,0,0,0,0,0,0,0,0,0,0,0,0,0,0,0,0,0,0,0,0,0,0,0,0,0,0,0,0,0,0,0,0,0,0,0,0,0,0,0,0,0,0,0,0,0,0,0,0,0,0,0,0,0,0,0,0,0,0,0,0,1,39782771283164,1,48812430420758,0,0,0,0,0,0,0,0,0,0,0,0,0,0,628,15,2,54795905009519,12,1007921093873,87,316281966156,0,0,165194818973963,0,0,0,0,0,0,00237353753315623,0,0,0,0,0,6,83172070472091E-05,0,0,0,0,0,0337990392759876,0,0,125634964166856,0,0,0,45255,1129258051,42509,9999096072,0,
360-370C*,0,0126537370202078,643,150024,322,327469445647,870,012678723139,0,113899607574309,379,593887766639,39,5567624544056,41,3358496141925,0,356156090783221,0,7,28611598069382,294,326949150229,0,131509862762957,0,59,438416275007,416,489454925612,297,956232155975,-28,1286077341967,-19,3715165341967,59,4133293321244,57,6941453461994,0,00337684028500578,464,073043913905,0,0,1,02990821346999,0,970005039608013,284,253691077207,1,47157333155969,1,74121754343596,-40,0341616382336,-31,2770704382336,14,8123460794574,0,259341827587301,0,0,000281085990041488,8,17339486242814E-06,0,5,37359731809717,30,2585311507601,12,3328968389461,8,69914853059973,6,68290362877844,12,8092603573742,0,0,0,0,0,0,0,0,0,0,0,0,0,0,0,0,0,0,0,0,0,0,0,0,0,0,0,0,0,0,0,0,0,0,0,0,0,0,0,0,0,0,0,0,0,0,0,0,0,0,0,0,0,0,0,0,0,0,0,0,0,0,0,0,0,0,0,0,0,0,0,0,0,0,0,0,0,0,0,0,0,0,0,0,0,0,0,0,0,0,0,0,0,0,0,0,0,970005039608013,1,02990821346999,0,0,0,0,0,0,0,0,0,0,0,0,0,0,638,15,2,81733038051573,11,9966238457491,87,408792716885,0,0,169791174514416,0,0,0,0,0,0,0032172969944217,0,0,0,0,0,9,26030205252302E-05,0,0,0,0,0,0458141259440613,0,0,131509862762957,0,0,0,45188,9116010603,42456,6648204552,0,
370-380C*,0,0118718453852138,653,150024,333,379030421356,874,067938989765,0,115280016712032,380,432303705984,40,7402821049175,42,5187514422477,0,568503922898374,0,7,360231298161,297,21616458583,0,137384761359058,0,59,9036191987111,419,359309332442,301,449478225052,-30,5526056133602,-21,7955144133602,58,5752049210481,56,8352272632411,0,00398146701463975,579,627541760379,0,0,0,684512974034403,0,646021294511292,288,192620984822,1,47375135134822,1,62120466145854,-42,8569238958614,-34,0998326958614,14,3618887567961,0,266381608589411,0,0,000448675432333466,3,98175321496617E-06,0,8,57745026540578,29,0397792431087,14,6805407097961,10,1651429842597,7,70571907360509,13,295453857461,0,0,0,0,0,0,0,0,0,0,0,0,0,0,0,0,0,0,0,0,0,0,0,0,0,0,0,0,0,0,0,0,0,0,0,0,0,0,0,0,0,0,0,0,0,0,0,0,0,0,0,0,0,0,0,0,0,0,0,0,0,0,0,0,0,0,0,0,0,0,0,0,0,0,0,0,0,0,0,0,0,0,0,0,0,0,0,0,0,0,0,0,0,0,0,0,0,646021294511292,0,684512974034403,0,0,0,0,0,0,0,0,0,0,0,0,0,0,648,15,3,12393113934783,11,888848784036,87,5046769193653,0,0,174359704977995,0,0,0,0,0,0,00513551785239904,0,0,0,0,0,0,000147814909819625,0,0,0,0,0,0731294817002356,0,0,137384761359058,0,0,0,45121,7638071891,42402,6059095212,0,
380-390C*,0,0111508205261502,663,150024,344,016997114113,878,195717635332,0,11639829902683,381,270326397883,41,9036393537527,43,619622241991,0,780851755013527,0,7,43767888999676,299,971586238417,0,143259659955159,0,60,308288257775,422,048170118079,304,644290246788,-32,9780538601026,-24,2209626601026,57,5012456439189,55,8184077923536,0,00458609374427373,703,722681570996,0,0,0,595115002328373,0,561969965655367,292,124159012395,1,47604734215588,1,50651252784998,-45,6796861534891,-36,9225949534891,13,9061147942351,0,272847089798698,0,0,000616264874625445,1,90189923734545E-06,0,11,7813032127144,27,8023471176807,17,607046976492,11,9532403221292,8,93342013926515,13,7871042927944,0,0,0,0,0,0,0,0,0,0,0,0,0,0,0,0,0,0,0,0,0,0,0,0,0,0,0,0,0,0,0,0,0,0,0,0,0,0,0,0,0,0,0,0,0,0,0,0,0,0,0,0,0,0,0,0,0,0,0,0,0,0,0,0,0,0,0,0,0,0,0,0,0,0,0,0,0,0,0,0,0,0,0,0,0,0,0,0,0,0,0,0,0,0,0,0,0,561969965655367,0,595115002328373,0,0,0,0,0,0,0,0,0,0,0,0,0,0,658,15,3,47440398898526,11,7782882949823,87,6031262118856,0,0,178902662327265,0,0,0,0,0,0,00705373871037638,0,0,0,0,0,0,00020302679911402,0,0,0,0,0,10044483745641,0,0,143259659955159,0,0,0,45053,8802155292,42347,9886835546,0,
390-400C*,0,010466882424851,673,150024,354,828999110537,882,381304258703,0,117437535476211,382,108138905262,43,0442945991223,44,7374642510147,0,993199587128679,0,7,51801772660809,302,596123928333,0,14913455855126,0,60,6603660439928,424,56028302246,307,696757733558,-35,404658266401,-26,647567066401,56,5132339495895,54,8440976742272,0,0129152253251281,835,836911501778,0,0,0,442471451288204,0,418438074758049,296,048305159927,1,47845469388858,1,39708337686748,-48,5024484111168,-39,7453572111168,13,4474991720221,0,27882580042684,0,0,000783854316917423,8,89990331363295E-07,0,14,985156160023,26,5528385752065,21,2888386077324,14,1516896214639,10,417537159081,14,2834394127775,0,0,0,0,0,0,0,0,0,0,0,0,0,0,0,0,0,0,0,0,0,0,0,0,0,0,0,0,0,0,0,0,0,0,0,0,0,0,0,0,0,0,0,0,0,0,0,0,0,0,0,0,0,0,0,0,0,0,0,0,0,0,0,0,0,0,0,0,0,0,0,0,0,0,0,0,0,0,0,0,0,0,0,0,0,0,0,0,0,0,0,0,0,0,0,0,0,418438074758049,0,442471451288204,0,0,0,0,0,0,0,0,0,0,0,0,0,0,668,15,3,87679069786497,11,6657535273537,87,7033418128861,0,0,183422056291555,0,0,0,0,0,0,00897195956835372,0,0,0,0,0,0,000258238688408415,0,0,0,0,0,127760193212584,0,0,14913455855126,0,0,0,44985,4702879265,42292,9779564544,0,
400-410C*,0,0097200592502855,683,150024,369,540275224408,886,609988458744,0,118417928803007,382,945917805513,44,1597082392373,45,7995213121002,1,20554741924383,0,7,60077872714885,305,092824131411,0,155009457147361,0,60,9674823052674,426,900048411183,311,574096521617,-37,8321246242328,-29,0750334242328,55,4473798204751,53,8286321920622,0,0308782899226732,975,448679708747,0,0,0,392911940287546,0,371846495837615,299,965059427417,1,4809663670352,1,29285303986988,-51,3252106687445,-42,5681194687445,12,9884291870448,0,284405269685514,0,0,000951443759209402,4,07653247615336E-07,0,18,1890091073316,25,2977107792503,25,965261589147,16,8770947694403,12,2248178073594,14,7844592174103,0,0,0,0,0,0,0,0,0,0,0,0,0,0,0,0,0,0,0,0,0,0,0,0,0,0,0,0,0,0,0,0,0,0,0,0,0,0,0,0,0,0,0,0,0,0,0,0,0,0,0,0,0,0,0,0,0,0,0,0,0,0,0,0,0,0,0,0,0,0,0,0,0,0,0,0,0,0,0,0,0,0,0,0,0,0,0,0,0,0,0,0,0,0,0,0,0,371846495837615,0,392911940287546,0,0,0,0,0,0,0,0,0,0,0,0,0,0,678,15,4,34086025086641,11,5520446697195,87,8045353806775,0,0,187919688546503,0,0,0,0,0,0,0108901804263311,0,0,0,0,0,0,00031345057770281,0,0,0,0,0,155075548968758,0,0,155009457147361,0,0,0,44916,7417883923,42237,737334167,0,
410-420C*,0,0090371293544027,693,150024,384,024796315849,890,86705983432,0,119359681750047,383,783833222183,45,2473406723087,46,8527455269222,1,41789525135899,0,7,68546202808708,307,464855220178,0,160884355743461,0,61,2369567039524,429,07199510456,315,101133118503,-40,2601587255753,-31,5030675255753,54,425738240481,52,8375137762197,0,0488413545202183,1122,03643434792,0,0,0,326921087210285,0,309740696858072,303,874421814866,1,48357485223363,1,19375086689431,-54,1479729263722,-45,3908817263722,12,5312048812848,0,289673026786397,0,0,00111903320150138,1,82602213192908E-07,0,21,3928620546402,24,043272091708,31,964021286147,20,284731381906,14,4423082996926,15,2901637066928,0,0,0,0,0,0,0,0,0,0,0,0,0,0,0,0,0,0,0,0,0,0,0,0,0,0,0,0,0,0,0,0,0,0,0,0,0,0,0,0,0,0,0,0,0,0,0,0,0,0,0,0,0,0,0,0,0,0,0,0,0,0,0,0,0,0,0,0,0,0,0,0,0,0,0,0,0,0,0,0,0,0,0,0,0,0,0,0,0,0,0,0,0,0,0,0,0,309740696858072,0,326921087210285,0,0,0,0,0,0,0,0,0,0,0,0,0,0,688,15,4,87852086473134,11,4379499611014,87,905930105205,0,0,192397180970966,0,0,0,0,0,0,0128084012843084,0,0,0,0,0,0,000368662466997204,0,0,0,0,0,182390904724933,0,0,160884355743461,0,0,0,44847,9003265454,42182,4287282012,0,
420-430C*,0,00841077803607618,703,150024,398,284264532992,895,137807984297,0,120282997060164,384,622048917411,46,3046522965476,47,8978105927038,1,63024308347414,0,7,77153492991934,309,715493499371,0,166759254339562,0,61,4758045847586,431,080755649549,318,316770726569,-42,6884663624058,-33,9313751624058,53,4578245879482,51,8768035906738,0,0668044191177634,1275,07862357533,0,0,0,237523115504256,0,225385816622422,307,776392322273,1,486272135348,1,09969966898926,-56,9707351839999,-48,2136439839999,12,0780402915624,0,294716600941166,0,0,00128662264379336,7,99114963384254E-08,0,24,5967150019488,22,7956810415513,39,7380279361494,24,5830196003275,17,1843083098265,15,800552880625,0,0,0,0,0,0,0,0,0,0,0,0,0,0,0,0,0,0,0,0,0,0,0,0,0,0,0,0,0,0,0,0,0,0,0,0,0,0,0,0,0,0,0,0,0,0,0,0,0,0,0,0,0,0,0,0,0,0,0,0,0,0,0,0,0,0,0,0,0,0,0,0,0,0,0,0,0,0,0,0,0,0,0,0,0,0,0,0,0,0,0,0,0,0,0,0,0,225385816622422,0,237523115504256,0,0,0,0,0,0,0,0,0,0,0,0,0,0,698,15,5,50433849284931,11,3242445338477,88,0067619497458,0,0,196855999186365,0,0,0,0,0,0,0147266221422857,0,0,0,0,0,0,000423874356291599,0,0,0,0,0,209706260481107,0,0,166759254339562,0,0,0,44779,1489431708,42127,2119091932,0,
430-440C*,0,00782650589326348,713,150024,412,639043968236,899,154774707281,0,121208077476187,385,463466814549,47,329103510165,48,9213840964699,1,64642768387172,0,7,84945110884975,311,872272941306,0,172634152935663,0,61,7775358861931,432,931043079548,321,320755308027,-45,1116983706965,-36,3546071706965,52,5227713460368,50,9378224403719,0,0847674837153085,1434,05369554698,0,0,0,148125143798226,0,140793463158226,309,375846394348,1,48890178515048,1,0106156836185,-59,7934974416276,-51,0364062416276,11,6681689376172,0,301682696695438,0,0,00129939587593485,3,41314212017786E-08,0,24,8409043547116,21,6636002031798,49,7422831873582,29,9668680654759,20,5515467351708,16,3156267392068,0,0,0,0,0,0,0,0,0,0,0,0,0,0,0,0,0,0,0,0,0,0,0,0,0,0,0,0,0,0,0,0,0,0,0,0,0,0,0,0,0,0,0,0,0,0,0,0,0,0,0,0,0,0,0,0,0,0,0,0,0,0,0,0,0,0,0,0,0,0,0,0,0,0,0,0,0,0,0,0,0,0,0,0,0,0,0,0,0,0,0,0,0,0,0,0,0,140793463158226,0,148125143798226,0,0,0,0,0,0,0,0,0,0,0,0,0,0,708,15,6,22863762642659,11,2228355186911,88,0930987066279,0,0,201297472304308,0,0,0,0,0,0,0148728239553743,0,0,0,0,0,0,000428082463134623,0,0,0,0,0,211788165971866,0,0,172634152935663,0,0,0,44713,6871613242,42074,5075219512,0,
440-450C*,0,00728100890451157,723,150024,427,068724443188,902,83042856621,0,122155125740948,386,30895010217,48,3181547113719,49,9201018550183,2,20571244988193,0,7,91563074998306,313,946129901512,0,178509051531764,0,62,1713311060804,434,62762918757,324,124829470249,-47,5281041217061,-38,7710129217061,51,6231181165359,50,0239766393388,0,102730548312854,1598,4400984189,0,0,0,058727172092197,0,0559215056429563,308,241070633152,1,49140388249997,0,926408565537157,-62,6162596992553,-53,8591684992553,11,3132609850245,0,311240937154311,0,0,00174079535284226,1,4212435536791E-08,0,33,2792582014085,20,6805076131399,62,5963068093478,36,6986930815024,24,679001808223,16,7811051690494,0,0,0,0,0,0,0,0,0,0,0,0,0,0,0,0,0,0,0,0,0,0,0,0,0,0,0,0,0,0,0,0,0,0,0,0,0,0,0,0,0,0,0,0,0,0,0,0,0,0,0,0,0,0,0,0,0,0,0,0,0,0,0,0,0,0,0,0,0,0,0,0,0,0,0,0,0,0,0,0,0,0,0,0,0,0,0,0,0,0,0,0,0,0,0,0,0,0559215056429563,0,058727172092197,0,0,0,0,0,0,0,0,0,0,0,0,0,0,718,15,7,06535974568019,11,137928395944,88,1637285020437,0,0,205722809601244,0,0,0,0,0,0,0199250615648828,0,0,0,0,0,0,000573500329083225,0,0,0,0,0,283731741756964,0,0,178509051531764,0,0,0,44652,5457188651,42025,0964324514,0,
450-460C*,0,00677626724107773,733,150024,441,408721077927,906,453655681169,0,123197106297835,387,155316071666,49,2380218647659,50,8122511802147,3,17192879288456,0,7,98007315974877,315,911747904305,0,184383950127865,0,62,5581743545032,436,175324321093,326,720067813531,-49,9434613378363,-41,1863701378363,50,7129456036082,49,1410122833718,0,120693612910399,1767,71628034711,0,0,0,0490325316259208,0,0467365364135475,307,106294871956,1,49394275971468,0,846981405612964,-65,439021956883,-56,681930756883,10,9702867441659,0,321016208357225,0,0,00250335391745899,5,76302027866878E-09,0,47,8572976729299,19,7279820242033,79,521933598279,45,305854221698,29,8432670110546,16,7255378596511,0,0,0,0,0,0,0,0,0,0,0,0,0,0,0,0,0,0,0,0,0,0,0,0,0,0,0,0,0,0,0,0,0,0,0,0,0,0,0,0,0,0,0,0,0,0,0,0,0,0,0,0,0,0,0,0,0,0,0,0,0,0,0,0,0,0,0,0,0,0,0,0,0,0,0,0,0,0,0,0,0,0,0,0,0,0,0,0,0,0,0,0,0,0,0,0,0,0467365364135475,0,0490325316259208,0,0,0,0,0,0,0,0,0,0,0,0,0,0,728,15,8,04560465501266,11,0564050387054,88,2309210926838,0,0,210133114683412,0,0,0,0,0,0,0286532709560724,0,0,0,0,0,0,000824723189391811,0,0,0,0,0,408020946330685,0,0,184383950127865,0,0,0,44592,292882827,41976,3909588989,0,
460-480C*,0,0121750688532785,753,150024,462,809114073341,911,785031373337,0,125114710078423,388,426537002436,50,5460105804832,52,0869279446833,4,6212533073885,0,8,03903893539235,319,69903385335,0,469692609028688,0,63,1291032243402,438,019598392475,330,263521746959,-53,5644278624261,-44,8073366624261,49,4164237744067,47,8772114943298,0,138384072283139,2029,65799431128,0,0,0,0375656451101032,0,0358605609869218,305,404131230163,1,4978129486265,0,702046833042954,-69,6731653433246,-60,9160741433246,10,4784302266908,0,33605798856321,0,0,00364719176438408,8,70669017649523E-10,0,69,7243568802121,18,35770255195,116,013582024242,63,1406720214406,40,2367272133582,16,6421868955536,0,0,0,0,0,0,0,0,0,0,0,0,0,0,0,0,0,0,0,0,0,0,0,0,0,0,0,0,0,0,0,0,0,0,0,0,0,0,0,0,0,0,0,0,0,0,0,0,0,0,0,0,0,0,0,0,0,0,0,0,0,0,0,0,0,0,0,0,0,0,0,0,0,0,0,0,0,0,0,0,0,0,0,0,0,0,0,0,0,0,0,0,0,0,0,0,0,0358605609869218,0,0375656451101032,0,0,0,0,0,0,0,0,0,0,0,0,0,0,743,15,9,85170713049418,10,9401771980611,87,9485104553044,0,0,416659552714906,0,0,0,0,0,0,0417455850428568,0,0,0,0,0,0,00120155747985469,0,0,0,0,0,594454753191268,0,0,469692609028688,0,0,0,44503,6671207988,41904,7296133649,0,
480-500C*,0,0105519733677648,773,150024,491,321312838039,918,688002061594,0,127875208472288,390,124658594258,52,1526266001399,53,6658564093558,6,55368599339375,0,8,1538080366086,322,906300372899,0,849441152740977,0,63,8811667019188,440,323947877575,334,442619086826,-58,3882726238533,-49,6311814238532,47,8230549470041,46,3108821143878,0,359089363794246,2385,14863037317,0,0,0,0243184528559623,0,023261476256405,303,134579707772,1,50307142916954,0,574908134145473,-75,31868985858,-66,56159865858,9,86534895241982,0,356753583669894,0,0,00517230889361755,1,1643634649436E-10,0,98,880435823255,16,6426538543199,199,197033575456,101,438400391454,61,5979453155964,16,531052276757,0,0,0,0,0,0,0,0,0,0,0,0,0,0,0,0,0,0,0,0,0,0,0,0,0,0,0,0,0,0,0,0,0,0,0,0,0,0,0,0,0,0,0,0,0,0,0,0,0,0,0,0,0,0,0,0,0,0,0,0,0,0,0,0,0,0,0,0,0,0,0,0,0,0,0,0,0,0,0,0,0,0,0,0,0,0,0,0,0,0,0,0,0,0,0,0,0,023261476256405,0,0243184528559623,0,0,0,0,0,0,0,0,0,0,0,0,0,0,763,15,13,1021714555724,10,7990108690898,88,0530616118081,0,0,689648819910408,0,0,0,0,0,0,0592020038252359,0,0,0,0,0,0,00170400320047186,0,0,0,0,0,843033162338711,0,0,849441152740977,0,0,0,44388,9745915822,41811,958027203,0,
500-520C*,0,00913411532453108,793,150024,520,127381386664,925,338766557548,0,130868499269674,391,826445282634,53,5955260708216,55,0984405698164,8,48611867939901,0,8,25800039907772,325,727691163895,1,22599458804095,0,64,6333652696389,442,116291793548,338,12229858762,-63,2070732614343,-54,4499820614343,46,3910689659857,44,8887121259514,0,589503055086224,2752,41782389761,0,0,0,0134049631926206,0,0128473042321721,300,86502818538,1,50841762008744,0,464563266695856,-80,9642143738354,-72,2071231738354,9,30181917231926,0,378086414263685,0,0,00669742602285101,1,36162812895303E-11,0,128,036514766298,15,0593259543976,357,820408225576,169,355979205191,97,5110505970986,16,4199176579604,0,0,0,0,0,0,0,0,0,0,0,0,0,0,0,0,0,0,0,0,0,0,0,0,0,0,0,0,0,0,0,0,0,0,0,0,0,0,0,0,0,0,0,0,0,0,0,0,0,0,0,0,0,0,0,0,0,0,0,0,0,0,0,0,0,0,0,0,0,0,0,0,0,0,0,0,0,0,0,0,0,0,0,0,0,0,0,0,0,0,0,0,0,0,0,0,0,0128473042321721,0,0134049631926206,0,0,0,0,0,0,0,0,0,0,0,0,0,0,783,15,17,7483581877294,10,6735425204085,88,1421183931066,0,0,966443617331886,0,0,0,0,0,0,0766584226076151,0,0,0,0,0,0,00220644892108903,0,0,0,0,1,09161157148615,0,1,22599458804095,0,0,0,44278,5241298355,41722,5847714622,0,
520-540C*,0,00788577690712383,813,150024,549,647669277301,931,718436320565,0,134094582470582,393,531953854771,54,867374286176,56,3727677106209,11,7862457742307,0,8,35009936929212,328,182534351473,1,59935291492861,0,65,396303814759,443,434260082625,341,410312073472,-68,0204520043567,-59,2633608043567,45,1241564920156,43,6191010964511,0,819916746378201,3130,51317521043,0,0,0,00846922180846521,0,00813119292802626,298,595476662989,1,51382419938236,0,369918987123325,-86,6097388890908,-77,8526476890908,8,78860863998905,0,399953863682781,0,0,00930195677697511,1,37320032233685E-12,0,177,828037542645,13,6116311227274,674,334688819014,294,5389669234,159,953457202336,16,3087830391638,0,0,0,0,0,0,0,0,0,0,0,0,0,0,0,0,0,0,0,0,0,0,0,0,0,0,0,0,0,0,0,0,0,0,0,0,0,0,0,0,0,0,0,0,0,0,0,0,0,0,0,0,0,0,0,0,0,0,0,0,0,0,0,0,0,0,0,0,0,0,0,0,0,0,0,0,0,0,0,0,0,0,0,0,0,0,0,0,0,0,0,0,0,0,0,0,0,00813119292802626,0,00846922180846521,0,0,0,0,0,0,0,0,0,0,0,0,0,0,803,15,24,5144948205246,10,5645619980317,88,2151424766122,0,1,24797791557498,0,0,0,0,0,0,106469758867688,0,0,0,0,0,0,00306450454615647,0,0,0,0,1,51612330178267,0,1,59935291492861,0,0,0,44172,5976079529,41636,841612335,0,
540-560C*,0,00677964105926958,833,150024,580,371943514379,937,80812281001,0,134024096808137,395,241240592696,55,8412779870537,57,3607781894468,18,6033013489019,0,8,42868503866254,330,290059072025,1,97577194708445,0,66,1797067349419,444,314445340833,344,382751372157,-72,8280310818075,-64,0709398818075,44,158722012839,42,63922181045,1,01519421916986,3517,79966220458,0,0,1,07298245685908E-10,1,03179627034013E-10,296,325925140598,1,51926330061881,0,289800725771747,-92,2552634043462,-83,4981722043462,8,32647827900934,0,42225331526538,0,0,0146821225665323,1,17550415132813E-13,0,280,682130176061,12,3033386400186,1336,42427768894,534,675088751854,272,351689000251,15,3820760123831,0,0,0,0,0,0,0,0,0,0,0,0,0,0,0,0,0,0,0,0,0,0,0,0,0,0,0,0,0,0,0,0,0,0,0,0,0,0,0,0,0,0,0,0,0,0,0,0,0,0,0,0,0,0,0,0,0,0,0,0,0,0,0,0,0,0,0,0,0,0,0,0,0,0,0,0,0,0,0,0,0,0,0,0,0,0,0,0,0,0,0,0,0,0,0,0,1,03179627034013E-10,1,07298245685908E-10,0,0,0,0,0,0,0,0,0,0,0,0,0,0,823,15,34,5552421001875,10,4727693685784,88,2716744902998,0,1,53878620222687,0,0,0,0,0,0,168050882927546,0,0,0,0,0,0,00483698563981029,0,0,0,0,2,39303500074825,0,1,97577194708445,0,0,0,44071,4646210661,41554,9477818689,0,
560-580C*,0,00581834734807325,853,150024,612,851972081024,943,58893748525,0,133199824622939,396,954362208276,56,4142352147314,57,9439496108182,25,4203569235732,0,8,49246462328453,332,069290305635,2,36208995126657,0,66,9925709773472,444,792138347168,347,095724700494,-77,6294327229743,-68,8723415229743,43,5857647851411,42,0560503890589,1,75254851208576,3911,17860549245,0,0,1,2757945171149E-10,1,22827560105699E-10,294,056373618206,1,52470657634849,0,222965542025864,-97,9007879196016,-89,1436967196016,7,91619482440274,0,444882152349679,0,0,0200622883560894,8,38721298380265E-15,0,383,536222809477,11,1381023654497,2790,25531899109,1014,53495186925,481,939856435604,14,3353513414655,0,0,0,0,0,0,0,0,0,0,0,0,0,0,0,0,0,0,0,0,0,0,0,0,0,0,0,0,0,0,0,0,0,0,0,0,0,0,0,0,0,0,0,0,0,0,0,0,0,0,0,0,0,0,0,0,0,0,0,0,0,0,0,0,0,0,0,0,0,0,0,0,0,0,0,0,0,0,0,0,0,0,0,0,0,0,0,0,0,0,0,0,0,0,0,0,1,22827560105699E-10,1,2757945171149E-10,0,0,0,0,0,0,0,0,0,0,0,0,0,0,843,15,49,7381079346545,10,3987861620265,88,3113236061108,0,1,84406430355471,0,0,0,0,0,0,229632006987403,0,0,0,0,0,0,00660946673346411,0,0,0,0,3,26994669971382,0,2,36208995126657,0,0,0,43975,3843593739,41477,1118535276,0,
580-600C*,0,00493363604651971,873,150024,647,695760082361,949,04199180565,0,132375552437741,398,671376766012,56,987192442409,58,8420531936387,29,0918985569382,0,8,54030260797533,333,538961012508,2,73298380048825,0,67,8433002028543,444,901129982781,349,621733378263,-82,4242791570443,-73,6671879570443,43,0128075574431,41,1579468062181,2,5496941951178,4310,72511540153,0,0,1,47860657737073E-10,1,43212992415758E-10,291,786822095815,1,53012529441814,0,168118269719956,,-94,789221234857,7,55854329850686,0,467737758273877,0,0,0229599473929557,4,8841076376234E-16,1,29612509849714,438,931558688601,10,119488386535,4486,77922412435,1614,56708720562,757,711674665346,13,3089598704001,0,0,0,0,0,0,0,0,0,0,0,0,0,0,0,0,0,0,0,0,0,0,0,0,0,0,0,0,0,0,0,0,0,0,0,0,0,0,0,0,0,0,0,0,0,0,0,0,0,0,0,0,0,0,0,0,0,0,0,0,0,0,0,0,0,0,0,0,0,0,0,0,0,0,0,0,0,0,0,0,0,0,0,0,0,0,0,0,0,0,0,0,0,0,0,0,1,43212992415758E-10,1,47860657737073E-10,0,0,0,0,0,0,0,0,0,0,0,0,0,0,863,15,73,3369607127802,10,3431649530654,88,333758623383,0,2,14319615193707,0,0,0,0,0,0,262798475756596,0,0,0,0,0,0,00756409267987445,0,0,0,0,3,74223532583262,0,2,73298380048825,0,0,0,43884,6074714784,41403,5336033634,0,
600-625C*,0,00500657658075954,898,150024,690,544132561892,954,761383420367,0,131448246229393,400,607746667764,58,095689158492,59,6681170797063,44,3236631410975,0,8,55363490485749,335,031033122722,3,12155542108513,0,68,8554888696261,444,642476882759,352,247418663293,-87,8101755054584,-79,0530843054584,41,9043108413374,40,3318829201293,3,44648308852884,4766,74561042294,0,0,1,70677014515853E-10,1,64468385878964E-10,289,233576633125,1,53615590066147,0,114392545820577,,-101,140436314519,7,22011419182189,0,493593604798209,0,0,0349811811694215,1,01130060428898E-17,2,75426583430642,668,744754187607,9,1531710941854,6685,54575719653,2490,75927896668,1190,84667398123,12,1785739934,0,0,0,0,0,0,0,0,0,0,0,0,0,0,0,0,0,0,0,0,0,0,0,0,0,0,0,0,0,0,0,0,0,0,0,0,0,0,0,0,0,0,0,0,0,0,0,0,0,0,0,0,0,0,0,0,0,0,0,0,0,0,0,0,0,0,0,0,0,0,0,0,0,0,0,0,0,0,0,0,0,0,0,0,0,0,0,0,0,0,0,0,0,0,0,0,1,64468385878964E-10,1,70677014515853E-10,0,0,0,0,0,0,0,0,0,0,0,0,0,0,885,65,116,630046309532,10,3043300842965,88,1394774802114,0,2,46247284613397,0,0,0,0,0,0,400392951000829,0,0,0,0,0,0,0115244556918351,0,0,0,0,5,70157281596054,0,3,12155542108513,0,0,0,43789,126214808,41326,0871989196,0,
625-650C*,0,00381752103776819,923,150024,743,878001990366,960,568995414303,0,130417905997895,402,765247715227,58,4508638906223,60,0748508955806,69,3265614204367,0,8,56434929318992,336,034714342121,3,39844065530456,0,70,0611571211198,443,902909838266,354,902257450701,-93,7835594299146,-85,0264682299146,41,5491361091817,39,9251491042305,4,60772870425032,5279,80204124655,0,0,1,96028522047831E-10,1,88925351890153E-10,286,396637230136,1,54272674766771,0,0747112147268752,,-108,197341958589,6,92491604711303,0,522328903006018,0,0,0547140022516035,1,38605125770891E-19,4,37442220742784,1045,98246151715,8,30834597826365,10540,0643275224,4092,25903574965,2003,33803413351,10,9527717791529,0,0,0,0,0,0,0,0,0,0,0,0,0,0,0,0,0,0,0,0,0,0,0,0,0,0,0,0,0,0,0,0,0,0,0,0,0,0,0,0,0,0,0,0,0,0,0,0,0,0,0,0,0,0,0,0,0,0,0,0,0,0,0,0,0,0,0,0,0,0,0,0,0,0,0,0,0,0,0,0,0,0,0,0,0,0,0,0,0,0,0,0,0,0,0,0,1,88925351890153E-10,1,96028522047831E-10,0,0,0,0,0,0,0,0,0,0,0,0,0,0,910,65,201,413870995755,10,287142239956,88,1026793717115,0,2,69341754204,0,0,0,0,0,0,626253891098893,0,0,0,0,0,0,0180253803214273,0,0,0,0,8,91781973796928,0,3,39844065530456,0,0,0,43691,6836649459,41246,9661623811,0,
650-675C*,0,00287993134876899,948,150024,805,683442618223,965,489547924623,0,124528398615496,404,931765559844,57,832651964157,59,5322237559626,94,329459699776,0,8,60717103965587,336,680003561626,3,60924616477101,0,71,4498494540854,442,743732994451,357,295629549038,-99,7392021646985,-90,9821109646985,42,1673480356216,40,4677762438239,7,10246546196245,5797,00860741349,0,0,2,21479594032446E-10,2,13493764655027E-10,287,637319932929,1,54889875051961,0,0465134982081331,,-115,254247602658,6,75162349618671,0,551420021038083,0,0,0744468233337855,1,17292580372822E-21,5,99457858054926,1423,22016884669,7,81155713374949,17012,1719259029,6938,37158542512,3500,90332122821,9,75874018967498,0,0,0,0,0,0,0,0,0,0,0,0,0,0,0,0,0,0,0,0,0,0,0,0,0,0,0,0,0,0,0,0,0,0,0,0,0,0,0,0,0,0,0,0,0,0,0,0,0,0,0,0,0,0,0,0,0,0,0,0,0,0,0,0,0,0,0,0,0,0,0,0,0,0,0,0,0,0,0,0,0,0,0,0,0,0,0,0,0,0,0,0,0,0,0,0,2,13493764655027E-10,2,21479594032446E-10,0,0,0,0,0,0,0,0,0,0,0,0,0,0,935,65,369,67511018638,10,3132328314373,88,7677589519757,0,2,87106082504451,0,0,0,0,0,0,852114831196957,0,0,0,0,0,0,0245263049510194,0,0,0,0,12,134066659978,0,3,60924616477101,0,0,0,43607,5449235889,41178,4242227732,0,
675-700C*,0,00213650236812503,973,150024,876,962469035637,969,683905459834,0,114706672313593,407,105532519664,57,3589345631612,59,1462218692975,100,0,8,65020689485415,336,979048255951,3,82005167423747,0,72,9738570705625,441,215787687061,359,424804583654,-105,68032099998,-96,9232297999802,42,6410654365919,40,8537781304646,8,80967093087261,6318,01926571696,0,0,2,46954533308837E-10,2,37936562316879E-10,292,48196311233,1,5547588580063,0,0273692342583479,,-122,311153246727,6,67633777388915,0,580278569657166,0,0,0945472692646292,5,62271938327199E-24,7,61473495367068,1807,48586039039,7,59553610649343,73963,9769796904,26350,2272990979,11993,097690507,8,5964792249663,0,0,0,0,0,0,0,0,0,0,0,0,0,0,0,0,0,0,0,0,0,0,0,0,0,0,0,0,0,0,0,0,0,0,0,0,0,0,0,0,0,0,0,0,0,0,0,0,0,0,0,0,0,0,0,0,0,0,0,0,0,0,0,0,0,0,0,0,0,0,0,0,0,0,0,0,0,0,0,0,0,0,0,0,0,0,0,0,0,0,0,0,0,0,0,0,2,37936562316879E-10,2,46954533308837E-10,0,0,0,0,0,0,0,0,0,0,0,0,0,0,960,65,903,422913249635,10,3734420298288,89,7324197697949,0,3,05020678094853,0,0,0,0,0,1,08218358798663,0,0,0,0,0,0,0311483425944661,0,0,0,0,15,410232651999,0,3,82005167423747,0,0,0,43534,4234496596,41118,6649393944,0,
700-725C*,0,0015504930141061,998,150024,963,179112584576,973,471066138884,0,104111645733116,409,283409927359,56,5352003861349,58,4285407309696,100,0,8,69345792932842,336,926156734418,4,18178496570451,0,74,5392231383764,439,365611027999,361,317445655506,-111,613295898139,-102,856204698139,43,4647996135926,41,5714592687681,11,9359676467123,6841,56976104318,0,0,2,72429472585228E-10,2,62280030334021E-10,297,506518439262,1,56052830442562,0,0150584837885332,,-129,368058890796,6,65662462133987,0,607999822226306,0,0,144915494401968,1,37064635256234E-26,9,23489132679211,2770,3889189006,7,53895271157762,401377,330062898,122378,469196676,49464,6483581814,7,46598888502685,0,0,0,0,0,0,0,0,0,0,0,0,0,0,0,0,0,0,0,0,0,0,0,0,0,0,0,0,0,0,0,0,0,0,0,0,0,0,0,0,0,0,0,0,0,0,0,0,0,0,0,0,0,0,0,0,0,0,0,0,0,0,0,0,0,0,0,0,0,0,0,0,0,0,0,0,0,0,0,0,0,0,0,0,0,0,0,0,0,0,0,0,0,0,0,0,2,62280030334021E-10,2,72429472585228E-10,0,0,0,0,0,0,0,0,0,0,0,0,0,0,985,65,2524,14389299242,10,4544440512485,90,8852695340468,0,3,36095538948535,0,0,0,0,0,1,65869591905229,0,0,0,0,0,0,047742018378606,0,0,0,0,23,6197354083629,0,4,18178496570451,0,0,0,43467,9702001333,41064,2919472284,0,
725-750C*,0,00110371049359426,1023,150024,1064,18488624468,976,90486350481,0,0927433188740651,411,464810561198,55,5692062383877,57,584534157227,100,0,8,73692521897506,336,541719760664,4,24166269317038,0,76,1335417009297,437,235577770466,362,879784923151,-117,539203530035,-108,782112330035,44,4307937613144,42,4154658424865,16,8340633038752,7365,86947107785,0,0,2,97904411861619E-10,2,86469897265021E-10,302,710985913723,1,56623534316474,0,00764223818441026,,-136,424964534866,6,68454489870771,0,634204170579101,0,0,195283719539307,1,48132469721263E-29,10,8550476999135,3733,29197741082,7,61909093898198,2811198,28671596,716516,295474517,252621,935914562,6,36726916985663,0,0,0,0,0,0,0,0,0,0,0,0,0,0,0,0,0,0,0,0,0,0,0,0,0,0,0,0,0,0,0,0,0,0,0,0,0,0,0,0,0,0,0,0,0,0,0,0,0,0,0,0,0,0,0,0,0,0,0,0,0,0,0,0,0,0,0,0,0,0,0,0,0,0,0,0,0,0,0,0,0,0,0,0,0,0,0,0,0,0,0,0,0,0,0,0,2,86469897265021E-10,2,97904411861619E-10,0,0,0,0,0,0,0,0,0,0,0,0,0,0,1010,65,8231,22722453891,10,5537165510244,92,2070322885594,0,3,41278613625714,0,0,0,0,0,2,23520825011795,0,0,0,0,0,0,0643356941627459,0,0,0,0,31,8292381647269,0,4,24166269317038,0,0,0,43407,4957589668,41014,7758810396,0,
750-775C*,0,000929862370682259,1048,150024,1174,3735234704,980,039131100647,0,0806016917364405,413,6491708929,54,4609521199195,56,6140557484089,100,0,8,78060984506993,335,844938046995,4,45246820263683,0,77,744351601604,434,864093543517,364,037567489054,-123,459120566529,-114,702029366529,45,5390478797574,43,3859442512809,20,604026844974,7890,40397457568,0,0,3,23013010419389E-10,3,10134419161139E-10,308,095365535715,1,57191135634996,0,00351521077262816,,-143,481870178935,6,75247979758561,0,658512006549143,0,0,239711613351811,5,94693471596448E-33,12,475204073035,4582,63210640244,7,81401348340035,26409186,1958038,5476853,43459923,1649967,95998939,5,30032007945562,0,0,0,0,0,0,0,0,0,0,0,0,0,0,0,0,0,0,0,0,0,0,0,0,0,0,0,0,0,0,0,0,0,0,0,0,0,0,0,0,0,0,0,0,0,0,0,0,0,0,0,0,0,0,0,0,0,0,0,0,0,0,0,0,0,0,0,0,0,0,0,0,0,0,0,0,0,0,0,0,0,0,0,0,0,0,0,0,0,0,0,0,0,0,0,0,3,10134419161139E-10,3,23013010419389E-10,0,0,0,0,0,0,0,0,0,0,0,0,0,0,1035,65,32075,9398043552,10,6688625902679,93,6791198958049,0,3,5961170272214,0,0,0,0,0,2,74372782880757,0,0,0,0,0,0,0789723438300052,0,0,0,0,39,0705280001079,0,4,45246820263683,0,0,0,43352,3294447584,40969,6045211568,0,
775-800C*,0,00181159949111866,1073,150024,1293,49601269547,982,927702469431,0,0676867643202422,415,835947020407,53,2104380307304,55,5167462161881,100,0,8,82451289429528,334,853870505667,4,66327371210329,0,79,3590951447198,432,285821973532,364,866319338569,-129,374123678482,-120,617032478482,46,7895619689221,44,4832537834789,26,4616221306743,8414,38005751683,0,0,3,47521424411646E-10,3,33035802141037E-10,313,659657305237,1,57759036976317,0,00143205317883368,,-150,538775823004,6,85307585286607,0,680543721970029,0,0,345100037422355,7,03082695798661E-37,14,0953604461564,6597,37127166776,8,10247289536458,347842119,240791,56896938,3158791,14303038,6752295,4,26514161382385,0,0,0,0,0,0,0,0,0,0,0,0,0,0,0,0,0,0,0,0,0,0,0,0,0,0,0,0,0,0,0,0,0,0,0,0,0,0,0,0,0,0,0,0,0,0,0,0,0,0,0,0,0,0,0,0,0,0,0,0,0,0,0,0,0,0,0,0,0,0,0,0,0,0,0,0,0,0,0,0,0,0,0,0,0,0,0,0,0,0,0,0,0,0,0,0,3,33035802141037E-10,3,47521424411646E-10,0,0,0,0,0,0,0,0,0,0,0,0,0,0,1060,65,153454,766729475,10,7976176546951,95,2837162215271,0,3,78074512094871,0,0,0,0,0,3,94999876375867,0,0,0,0,0,0,113692275605637,0,0,0,0,56,2477574048939,0,4,66327371210329,0,0,0,43301,8168914592,40928,2806322233,0,
800-825C*,4,08001682420899E-05,1098,150024,1421,08855192601,985,624411154198,0,0539985366254702,418,024611378086,51,8176639708203,54,2919547975417,100,0,8,86863545876676,333,585487254274,4,87407922156974,0,80,9650927434628,429,531931791022,365,43710222356,-135,285289536755,-126,528198336755,48,1823360288076,45,7080452021026,33,4931420688098,8936,65549803331,0,0,3,72029838403903E-10,3,55741155113853E-10,319,403861222289,1,5833086491657,0,000500994451684698,,-157,595681467073,6,97920046516857,0,699919708675353,0,0,427013831158246,1,79365614365673E-41,15,7155168192778,8163,33954447062,8,46383811270895,6759482015,24815,841398905,714261,171742627,677865,3,26173377296129,0,0,0,0,0,0,0,0,0,0,0,0,0,0,0,0,0,0,0,0,0,0,0,0,0,0,0,0,0,0,0,0,0,0,0,0,0,0,0,0,0,0,0,0,0,0,0,0,0,0,0,0,0,0,0,0,0,0,0,0,0,0,0,0,0,0,0,0,0,0,0,0,0,0,0,0,0,0,0,0,0,0,0,0,0,0,0,0,0,0,0,0,0,0,0,0,3,55741155113853E-10,3,72029838403903E-10,0,0,0,0,0,0,0,0,0,0,0,0,0,0,1085,65,929664,957028897,10,9378600587117,97,0038935597194,0,3,96662594558503,0,0,0,0,0,4,88758018625955,0,0,0,0,0,0,140678553795826,0,0,0,0,69,5988634568821,0,4,87407922156974,0,0,0,43255,3178748061,40890,3200051116,0,
825-850C*,4,31087011084988E-07,1123,150024,1557,57973386125,988,45703436721,0,0395370086521244,420,212187444017,50,5221233998789,53,1773819118729,100,0,8,91297863606059,332,02784163769,5,0848847310362,0,82,4678348993571,426,630353116244,365,82687960035,-141,199173685593,-132,442082485593,49,4778765997246,46,822618087749,41,8626833635981,9456,5681044064,0,0,3,96538252396161E-10,3,78150213403745E-10,325,0250967054,1,58932537390922,0,00014427527604958,,-164,652587111143,7,09061155454591,0,72107731793632,0,0,557474307554882,6,44754093073519E-47,17,3356731923992,10657,3879528569,8,78277173656707,205508230540,182,18681214056,5764,3000343145,08938,2,29009655686796,0,0,0,0,0,0,0,0,0,0,0,0,0,0,0,0,0,0,0,0,0,0,0,0,0,0,0,0,0,0,0,0,0,0,0,0,0,0,0,0,0,0,0,0,0,0,0,0,0,0,0,0,0,0,0,0,0,0,0,0,0,0,0,0,0,0,0,0,0,0,0,0,0,0,0,0,0,0,0,0,0,0,0,0,0,0,0,0,0,0,0,0,0,0,0,0,3,78150213403745E-10,3,96538252396161E-10,0,0,0,0,0,0,0,0,0,0,0,0,0,0,1110,65,7390833,76637607,11,0783738847388,98,7413097569684,0,4,15371738329001,0,0,0,0,0,6,38082465048833,0,0,0,0,0,0,183658405519157,0,0,0,0,90,8625795726356,0,5,0848847310362,0,0,0,43206,283014858,40850,2605023183,0,
850-875C*,0,1148,150024,1698,70842476036,991,290423723294,0,0243021804002049,422,39990257359,49,2271860611858,52,0769639114667,100,,8,95754352924089,331,645569297805,5,29569024050266,,,,366,07322574866,,,50,7728139383931,47,923036088133,51,7563043327991,9973,64863197843,,,4,21046666388418E-10,4,00268096072578E-10,330,645569297805,,,-180,466583955212,,7,2039027611525,0,742246523519398,,0,690966092232663,,18,9558295655206,13209,3867060735,,,,,1,35022996554386,0,0,0,0,0,0,0,0,0,0,0,0,0,0,0,0,0,0,0,0,0,0,0,0,0,0,0,0,0,0,0,0,0,0,0,0,0,0,0,0,0,0,0,0,0,0,0,0,0,0,0,0,0,0,0,0,0,0,0,0,0,0,0,0,0,0,0,0,0,0,0,0,0,0,0,0,0,0,0,0,0,0,0,0,0,0,0,0,0,0,0,0,0,0,0,0,,,,,0,0,0,0,0,0,0,0,0,0,0,0,1135,65,,11,2243397836129,100,542512198703,,,,,,,,7,90876532643744,,,,,,0,227636913571592,,,,,100,,5,29569024050266,,,,43157,389739919,,,
875-900C*,0,1173,150024,1847,53884191703,994,123813079378,0,00829405186971169,424,58776244377,47,9322487224928,50,989885912924,100,,9,0023312468871,337,266041890211,5,50649574996911,,,,366,2258668055,,,52,0677512770617,49,0101140866539,63,3262630602686,10487,1505955893,,,4,45555080380676E-10,4,22071426082672E-10,336,266041890211,,,-187,523489599281,,7,31915083664688,0,763415729102476,,0,806254777169433,,20,5759859386421,15413,3918508754,,,,,0,442133998988978,0,0,0,0,0,0,0,0,0,0,0,0,0,0,0,0,0,0,0,0,0,0,0,0,0,0,0,0,0,0,0,0,0,0,0,0,0,0,0,0,0,0,0,0,0,0,0,0,0,0,0,0,0,0,0,0,0,0,0,0,0,0,0,0,0,0,0,0,0,0,0,0,0,0,0,0,0,0,0,0,0,0,0,0,0,0,0,0,0,0,0,0,0,0,0,0,,,,,0,0,0,0,0,0,0,0,0,0,0,0,1160,65,,11,3761570747193,102,411934303242,,,,,,,,9,2283541806637,,,,,,0,265618459560244,,,,,100,,5,50649574996911,,,,43108,654167773,,,
900-925C*,0,1198,150024,2004,20098369739,996,957202435462,0,426,775765820485,46,6373113837997,49,9158733412994,100,,9,04734290312153,342,886514482617,5,71730125943557,,,,366,312743158603,,,53,3626886157302,50,084126658257,76,7347798331214,10996,4011091065,,,4,70063494372933E-10,4,43537144652633E-10,341,886514482617,,,-194,58039524335,,7,43633909654709,0,784584934685554,,0,921543462106202,,22,1961423117635,17617,3969956773,,,,,0,0,0,0,0,0,0,0,0,0,0,0,0,0,0,0,0,0,0,0,0,0,0,0,0,0,0,0,0,0,0,0,0,0,0,0,0,0,0,0,0,0,0,0,0,0,0,0,0,0,0,0,0,0,0,0,0,0,0,0,0,0,0,0,0,0,0,0,0,0,0,0,0,0,0,0,0,0,0,0,0,0,0,0,0,0,0,0,0,0,0,0,0,0,0,0,0,,,,,0,0,0,0,0,0,0,0,0,0,0,0,1185,65,,11,5342006957359,104,353868807746,,,,,,,,10,54794303489,,,,,,0,303600005548896,,,,,100,,5,71730125943557,,,,43060,0765772795,,,
925-950C*,0,1223,150024,2168,6913802352,999,790591791546,0,428,963911483648,45,3423740451066,48,8545920271237,100,,9,09257961763714,348,506987075022,5,92810676890202,,,,366,354010960034,,,54,6576259543988,51,1454079724116,92,1981401845157,11501,1267110457,,,4,94571908365191E-10,4,64642539325222E-10,347,506987075022,,,-201,63730088742,,7,55545104550538,0,805754140268633,,1,03683214704297,,23,8162986848849,19821,4021404792,,,,,0,0,0,0,0,0,0,0,0,0,0,0,0,0,0,0,0,0,0,0,0,0,0,0,0,0,0,0,0,0,0,0,0,0,0,0,0,0,0,0,0,0,0,0,0,0,0,0,0,0,0,0,0,0,0,0,0,0,0,0,0,0,0,0,0,0,0,0,0,0,0,0,0,0,0,0,0,0,0,0,0,0,0,0,0,0,0,0,0,0,0,0,0,0,0,0,0,,,,,0,0,0,0,0,0,0,0,0,0,0,0,1210,65,,11,6988491622267,106,372717442274,,,,,,,,11,8675318891162,,,,,,0,341581551537547,,,,,100,,5,92810676890202,,,,43011,6572109271,,,
950-975C*,0,1248,150024,2341,06276100962,1002,62398114763,0,431,152198226967,44,0474367064136,47,8056475800233,100,,9,13804251572532,354,127459667428,6,13891227836848,,,,366,364138398861,,,55,9525632930673,52,1943524194914,109,903548975875,12000,840012301,,,5,19080322357448E-10,4,85365048242083E-10,353,127459667428,,,-208,694206531489,,7,67647037463562,0,826923345851711,,1,15212083197974,,25,4364550580063,22025,4072852811,,,,,0,0,0,0,0,0,0,0,0,0,0,0,0,0,0,0,0,0,0,0,0,0,0,0,0,0,0,0,0,0,0,0,0,0,0,0,0,0,0,0,0,0,0,0,0,0,0,0,0,0,0,0,0,0,0,0,0,0,0,0,0,0,0,0,0,0,0,0,0,0,0,0,0,0,0,0,0,0,0,0,0,0,0,0,0,0,0,0,0,0,0,0,0,0,0,0,0,,,,,0,0,0,0,0,0,0,0,0,0,0,0,1235,65,,11,8704858942003,108,47300478352,,,,,,,,13,1871207433425,,,,,,0,379563097526199,,,,,100,,6,13891227836848,,,,42963,396276174,,,
975-1000C*,0,1273,150024,2521,42088661313,1005,45737050371,0,433,340624857745,42,7524993677205,46,7685840564526,100,,9,18373272830395,359,747932259834,6,34971778783493,,,,366,35331529875,,,57,2475006317359,53,2314159430417,130,01824945568,12494,9127695164,,,5,43588736349705E-10,5,05682048540644E-10,358,747932259834,,,-215,751112175558,,7,79938095888615,0,848092551434789,,1,26740951691651,,27,0566114311277,24229,412430083,,,,,0,0,0,0,0,0,0,0,0,0,0,0,0,0,0,0,0,0,0,0,0,0,0,0,0,0,0,0,0,0,0,0,0,0,0,0,0,0,0,0,0,0,0,0,0,0,0,0,0,0,0,0,0,0,0,0,0,0,0,0,0,0,0,0,0,0,0,0,0,0,0,0,0,0,0,0,0,0,0,0,0,0,0,0,0,0,0,0,0,0,0,0,0,0,0,0,0,,,,,0,0,0,0,0,0,0,0,0,0,0,0,1260,65,,12,0495004847835,110,65939196182,,,,,,,,14,5067095975687,,,,,,0,417544643514851,,,,,100,,6,34971778783493,,,,42915,2939467425,,,
1000-1050C*,0,1323,150024,2807,28217046841,1009,70745453784,0,436,623524516821,40,8100933596809,45,2341106653184,100,,9,22965139194547,368,178641148442,6,66592605203462,,,,369,178641148442,,,59,1899066397387,54,7658893341463,165,213751594865,13225,0607834406,,,5,80351357338092E-10,5,35346952844563E-10,367,178641148442,,,-226,336470641662,,7,98725811048483,0,879846359809406,,1,44034254432167,,29,4868459908099,27535,4201472858,,,,,0,0,0,0,0,0,0,0,0,0,0,0,0,0,0,0,0,0,0,0,0,0,0,0,0,0,0,0,0,0,0,0,0,0,0,0,0,0,0,0,0,0,0,0,0,0,0,0,0,0,0,0,0,0,0,0,0,0,0,0,0,0,0,0,0,0,0,0,0,0,0,0,0,0,0,0,0,0,0,0,0,0,0,0,0,0,0,0,0,0,0,0,0,0,0,0,0,,,,,0,0,0,0,0,0,0,0,0,0,0,0,1298,15,,12,3310886691537,113,811649699458,,,,,,,,16,4860928789081,,,,,,0,474516962497829,,,,,100,,6,66592605203462,,,,42843,4381379442,,,
1050-1100C*,0,1373,150024,3218,16979522528,1015,37423325001,0,441,001202771992,38,2202186822948,43,2243081800883,100,,9,27579964890519,379,419586333254,7,08753707096753,,,,380,419586333254,,,61,7797813170758,56,7756918193385,222,610959731274,14176,3476593886,,,6,29368185322607E-10,5,73261642909598E-10,378,419586333254,,,-240,450281929801,,8,24423305506694,0,922184770975562,,1,6709199141952,,32,7271587370527,31943,4304368896,,,,,0,0,0,0,0,0,0,0,0,0,0,0,0,0,0,0,0,0,0,0,0,0,0,0,0,0,0,0,0,0,0,0,0,0,0,0,0,0,0,0,0,0,0,0,0,0,0,0,0,0,0,0,0,0,0,0,0,0,0,0,0,0,0,0,0,0,0,0,0,0,0,0,0,0,0,0,0,0,0,0,0,0,0,0,0,0,0,0,0,0,0,0,0,0,0,0,0,,,,,0,0,0,0,0,0,0,0,0,0,0,0,1348,15,,12,7382709487871,118,157649194419,,,,,,,,19,1252705873606,,,,,,0,550480054475132,,,,,100,,7,08753707096753,,,,42748,1865706563,,,
1100-1150C*,0,1423,150024,3665,03622718625,1021,04101196218,0,445,379419773935,35,6303440049087,41,2503661923308,100,,9,32217864714972,390,660531518065,7,50914808990044,,,,391,660531518065,,,64,3696559944129,58,7496338070601,293,062356139091,15100,6184046778,,,6,78385013307121E-10,6,09115185587405E-10,389,660531518065,,,-254,564093217939,,8,50849176617264,0,964523182141718,,3,46485214031989,,35,9674714832956,66238,5206963825,,,,,0,0,0,0,0,0,0,0,0,0,0,0,0,0,0,0,0,0,0,0,0,0,0,0,0,0,0,0,0,0,0,0,0,0,0,0,0,0,0,0,0,0,0,0,0,0,0,0,0,0,0,0,0,0,0,0,0,0,0,0,0,0,0,0,0,0,0,0,0,0,0,0,0,0,0,0,0,0,0,0,0,0,0,0,0,0,0,0,0,0,0,0,0,0,0,0,0,,,,,0,0,0,0,0,0,0,0,0,0,0,0,1398,15,,13,1824160463544,122,888837385169,,,,,,,,39,6585342994913,,,,,,1,14148618299892,,,,,100,,7,50914808990044,,,,42653,5709844922,,,
1150+C*,0,1623,150024,4957,45984539305,1035,2079587426,0,456,327261235006,29,1556573114434,36,4200676015311,100,,9,36878954038547,418,762894480093,8,56317563723272,,,,419,762894480093,,,70,8443426877557,63,5799323977808,458,258205713106,17433,8547786694,,,8,00927083268409E-10,6,88096027505863E-10,417,762894480093,,,-289,848621438286,,9,20022004853767,1,07036921005711,,5,54946005493892,,44,0682533489027,106090,537147389,,,,,0,0,0,0,0,0,0,0,0,0,0,0,0,0,0,0,0,0,0,0,0,0,0,0,0,0,0,0,0,0,0,0,0,0,0,0,0,0,0,0,0,0,0,0,0,0,0,0,0,0,0,0,0,0,0,0,0,0,0,0,0,0,0,0,0,0,0,0,0,0,0,0,0,0,0,0,0,0,0,0,0,0,0,0,0,0,0,0,0,0,0,0,0,0,0,0,0,,,,,0,0,0,0,0,0,0,0,0,0,0,0,1523,15,,14,4671537422878,135,539718659894,,,,,,,,63,5188582425721,,,,,,1,82825463231235,,,,,100,,8,56317563723272,,,,42419,81326131,,,
