Name,Flotta-2007
Created,26/03/2026 11:29:22
Cpt,Composition,Boiling Temperature,Molecular Weight,Standard Liquid Density,Acidity,Aniline Point,Assay - Aromatics Vol Pct,Assay - Aromatics Wt Pct,Asphaltene Content,Basic Nitrogen Content,C to H Ratio,Cloud Point,Conradson Carbon Content,Copper Content,Cetane Number,Flash Point,Freeze Point,MON (Clear),MON (Leaded),Assay - Naphthenes Vol Pct,Assay - Naphthenes Wt Pct,Nickel Content,Nitrogen Content,Assay - Olefins Vol Pct,Assay - Olefins Wt Pct,Assay - Paraffins Vol Pct,Assay - Paraffins Wt Pct,Pour Point,Refractive Index,Reid Vapour Pressure,RON (Clear),RON (Leaded),Smoke Point,Sulfur Content,Mercaptan Sulfur Content,Sodium Content,True Vapour Pressure,Vanadium Content,Iron Content,Luminometer Number,Viscosity @ 38C,Viscosity @ 50C,Viscosity @ 60C,Wax Content,Pi C6 22DMB Wt Pct,Pi C6 22DMB Vol Pct,Pi C6 23DMB Wt Pct,Pi C6 23DMB Vol Pct,Pi C6 2MP Wt Pct,Pi C6 2MP Vol Pct,Pi C6 3MP Wt Pct,Pi C6 3MP Vol Pct,Pi C7 22-mPentane Wt Pct,Pi C7 22-mPentane Vol Pct,Pi C7 24-mPentane Wt Pct,Pi C7 24-mPentane Vol Pct,Pi C7 223-mButane Wt Pct,Pi C7 223-mButane Vol Pct,Pi C7 33-mPentane Wt Pct,Pi C7 33-mPentane Vol Pct,Pi C7 23-mPentane Wt Pct,Pi C7 23-mPentane Vol Pct,Pi C7 2-mHexane Wt Pct,Pi C7 2-mHexane Vol Pct,Pi C7 3-mHexane Wt Pct,Pi C7 3-mHexane Vol Pct,Pi C7 3-ePentane Wt Pct,Pi C7 3-ePentane Vol Pct,Pi C6 Wt Pct,Pi C6 Vol Pct,Pi C7 Wt Pct,Pi C7 Vol Pct,Pi C8 Wt Pct,Pi C8 Vol Pct,Pi C9 Wt Pct,Pi C9 Vol Pct,Pi C10  Wt Pct,Pi C10  Vol Pct,Pi C11  Wt Pct,Pi C11  Vol Pct,Pn C6 Hexane Wt Pct,Pn C6 Hexane Vol Pct,Pn C7 Heptane Wt Pct,Pn C7 Heptane Vol Pct,Pn C8 Octane Wt Pct,Pn C8 Octane Vol Pct,Pn C9 Nonane Wt Pct,Pn C9 Nonane Vol Pct,Pn C10 Decane Wt Pct,Pn C10 Decane Vol Pct,Pn C11 n-C11 Wt Pct,Pn C11 n-C11 Vol Pct,On C6 Wt Pct,On C6 Vol Pct,On C7 Wt Pct,On C7 Vol Pct,On C8 Wt Pct,On C8 Vol Pct,On C9 Wt Pct,On C9 Vol Pct,On C10 Wt Pct,On C10 Vol Pct,On C11 Wt Pct,On C11 Vol Pct,A C6 Benzene Wt Pct,A C6 Benzene Vol Pct,A C7 Toluene Wt Pct,A C7 Toluene Vol Pct,A C8 m-Xylene Wt Pct,A C8 m-Xylene Vol Pct,A C8 o-Xylene Wt Pct,A C8 o-Xylene Vol Pct,A C8 p-Xylene Wt Pct,A C8 p-Xylene Vol Pct,A C8 EthBenz Wt Pct,A C8 EthBenz Vol Pct,N C6 cyc-C5 Wt Pct,N C6 cyc-C5 Vol Pct,N C6 cyc-C6 Wt Pct,N C6 cyc-C6 Vol Pct,A C8 Wt Pct,A C8 Vol Pct,A C9 Wt Pct,A C9 Vol Pct,A C10 Wt Pct,A C10 Vol Pct,A C11 Wt Pct,A C11 Vol Pct,N C6 Wt Pct,N C6 Vol Pct,N C7 Wt Pct,N C7 Vol Pct,N C8 Wt Pct,N C8 Vol Pct,N C9 Wt Pct,N C9 Vol Pct,N C10 Wt Pct,N C10 Vol Pct,N C11 Wt Pct,N C11 Vol Pct,Pi Wt Pct,Pi Vol Pct,Pn Wt Pct,Pn Vol Pct,Oi C6 Wt Pct,Oi C6 Vol Pct,Oi C7 Wt Pct,Oi C7 Vol Pct,Oi C8 Wt Pct,Oi C8 Vol Pct,Oi C9 Wt Pct,Oi C9 Vol Pct,Oi C10 Wt Pct,Oi C10 Vol Pct,Oi C11 Wt Pct,Oi C11 Vol Pct,Centroid Boiling Temperature,Viscosity @ 100C,Hydrogen,CarbonByWt,PValue,RamsCarbonResidueByWt,SulfideByWt,ZincByWt,TinByWt,ChromiumByWt,LeadByWt,AluminiumByWt,MagnesiumByWt,MetalByWt,ArsenicByWt,CadmiumByWt,MercuryByWt,NaClByWt,SaltByWt,MudByWt,ChloridesByWt,MolybdenumByWt,AshByWt,GumByWt,MicroCarbonResidueByWt,nC5InsolublesByWt,NaphthenicAcidByWt,NaphthenicAcidByVol,Gross Heating Value,Net Heating Value,Oxygen Content,
Hydrogen,0,20,5548,2,016000032,69,85910034,0,,0,0,0,0,0,13,9,0,0,,,13,9,10,,0,0,0,0,0,0,0,0,13,9,,,130,,,0,0,0,,0,0,,,,,0,,,,,,,,,,,,,,,,,,,,,,,,,,,,,,,,,,,,,,,,,,,,,,,,,,,,,,,,,,,,,,,,,,,,,,,,,,,,,,,,,,,,,,,,,,,,,,,,,0,0,0,0,,,,,,,,,,,,,,,100,0,,,,,,,,,,,,,,,,,,,,,0,,,,,,,
Nitrogen,0,77,3498,28,0135,806,3740234,0,,0,0,0,0,0,63,1,0,0,,,63,1,,,0,0,0,0,0,0,0,0,63,1,,,,,,0,0,0,,0,0,,,,,0,,,,,,,,,,,,,,,,,,,,,,,,,,,,,,,,,,,,,,,,,,,,,,,,,,,,,,,,,,,,,,,,,,,,,,,,,,,,,,,,,,,,,,,,,,,,,,,,,0,0,0,0,,,,,,,,,,,,,,,0,0,,,,,,,,,,,,,,,,,,,,,0,,,,,,,
CO,0,81,6996,28,0109005,799,3880005,0,,0,0,0,0,0,68,2,0,0,,,68,2,,,0,0,0,0,0,0,0,0,68,2,,,120,,,0,0,0,,0,0,,,,,0,,,,,,,,,,,,,,,,,,,,,,,,,,,,,,,,,,,,,,,,,,,,,,,,,,,,,,,,,,,,,,,,,,,,,,,,,,,,,,,,,,,,,,,,,,,,,,,,,0,0,0,0,,,,,,,,,,,,,,,0,0,,,,,,,,,,,,,,,,,,,,,0,,,,,,,
Oxygen,0,90,1996,32,1137,680054,0,,0,0,0,0,0,54,4,0,0,,,54,4,,,0,0,0,0,0,0,0,0,54,4,,,120,,,0,0,0,,0,0,,,,,0,,,,,,,,,,,,,,,,,,,,,,,,,,,,,,,,,,,,,,,,,,,,,,,,,,,,,,,,,,,,,,,,,,,,,,,,,,,,,,,,,,,,,,,,,,,,,,,,,0,0,0,0,,,,,,,,,,,,,,,0,0,,,,,,,,,,,,,,,,,,,,,0,,,,,,,
Methane,2,14864918806825E-05,111,625,16,04290009,299,3940125,0,,0,0,0,0,3,90,4,0,0,,85,15,90,4,,,0,0,0,0,0,0,100,100,90,4,,,120,,,0,0,0,,0,0,,,,,0,,,,,,,,,,,,,,,,,,,,,,,,,,,,,,,,,,,,,,,,,,,,,,,,,,,,,,,,,,,,,,,,,,,,,,,,,,,,,,,,,,,,,,,,,,,,,,,,,0,0,100,100,,,,,,,,,,,,,,,25,13516209,75,,,,,,,,,,,,,,,,,,,,,0,,,,,,,
Ethylene,0,169,399,28,05380058,383,2260132,0,,0,0,0,0,6,104,0,0,,137,15,104,75,6,,0,0,0,0,100,100,0,0,104,,,100,51,,,0,0,0,,0,0,,,,,0,,,,,,,,,,,,,,,,,,,,,,,,,,,,,,,,,,,,,,,,,,,,,,,,,,,,,,,,,,,,,,,,,,,,,,,,,,,,,,,,,,,,,,,,,,,,,,,,,0,0,0,0,,,,,,,,,,,,,,,14,34761566,85,71428571,,,,,,,,,,,,,,,,,,,,,0,,,,,,,
Ethane,0,00107367473612569,184,55,30,06990051,355,6830139,0,,0,0,0,0,4,90,4,0,0,,138,15,90,4,100,79,,0,0,0,0,0,0,100,100,90,4,,,111,38,,,0,0,0,,0,0,,,,,0,,,,,,,,,,,,,,,,,,,,,,,,,,,,,,,,,,,,,,,,,,,,,,,,,,,,,,,,,,,,,,,,,,,,,,,,,,,,,,,,,,,,,,,,,,,,,,,,,0,0,100,100,,,,,,,,,,,,,,,20,11147323,80,,,,,,,,,,,,,,,,,,,,,0,,,,,,,
CO2,0,194,598,44,00970078,825,335022,0,,0,0,0,0,0,217,0,0,,,217,,,0,0,0,0,0,0,0,0,217,,,,,,0,0,0,,0,0,,,,,0,,,,,,,,,,,,,,,,,,,,,,,,,,,,,,,,,,,,,,,,,,,,,,,,,,,,,,,,,,,,,,,,,,,,,,,,,,,,,,,,,,,,,,,,,,,,,,,,,0,0,0,0,,,,,,,,,,,,,,,0,0,,,,,,,,,,,,,,,,,,,,,0,,,,,,,
H2S,0,213,498,34,07600021,788,40802,0,,0,0,0,0,0,188,0,0,,,188,,,0,0,0,0,0,0,0,0,188,,2759,,,,94,1177,0,0,,0,0,,,,,0,,,,,,,,,,,,,,,,,,,,,,,,,,,,,,,,,,,,,,,,,,,,,,,,,,,,,,,,,,,,,,,,,,,,,,,,,,,,,,,,,,,,,,,,,,,,,,,,,0,0,0,0,,,,,,,,,,,,,,,5,911554252,0,,,,,,,,,,,,,,,,,,,,,0,,,,,,,
Propene,0,225,399,42,08060074,520,9550171,0,,0,0,0,0,6,87,9,0,0,,165,87,9,84,9,,0,0,0,0,100,100,0,0,87,9,,1565,102,54,,,0,0,0,,0,0,,,,,0,,,,,,,,,,,,,,,,,,,,,,,,,,,,,,,,,,,,,,,,,,,,,,,,,,,,,,,,,,,,,,,,,,,,,,,,,,,,,,,,,,,,,,,,,,,,,,,,,0,0,0,0,,,,,,,,,,,,,,,14,36465558,85,71428571,,,,,,,,,,,,,,,,,,,,,0,,,,,,,
Propane,0,0118521416098235,231,048,44,09700012,506,678009,0,,0,0,0,0,4,5,85,5,0,0,,169,15,85,5,97,1,,0,0,0,0,0,0,100,100,85,5,,1303,112,14,,,0,0,0,,0,0,,,,,0,,,,,,,,,,,,,,,,,,,,,,,,,,,,,,,,,,,,,,,,,,,,,,,,,,,,,,,,,,,,,,,,,,,,,,,,,,,,,,,,,,,,,,,,,,,,,,,,,0,0,100,100,,,,,,,,,,,,,,,18,28426304,81,81818182,,,,,,,,,,,,,,,,,,,,,0,,,,,,,
i-Butane,0,0306521044173509,261,42,58,12400055,561,9660034,0,380,85,0,0,0,0,4,8,114,0,0,,190,15,114,97,6,,0,0,0,0,0,0,100,100,114,,489,6,101,426,,,0,0,0,,0,0,,,,,0,,,,,,,,,,,,,,,,,,,,,,,,,,,,,,,,,,,,,,,,,,,,,,,,,,,,,,,,,,,,,,,,,,,,,,,,,,,,,,,,,,,,,,,,,,,,,,,,,100,100,0,0,,,,,,,,,,,,,,,17,34802065,82,75862069,,,,,,,,,,,,,,,,,,,,,0,,,,,,,
i-Butene,0,266,299,56,10770035,592,7930298,0,286,7055556,0,0,0,0,6,133,0,0,,193,15,133,88,1,,0,0,0,0,100,100,0,0,133,,442,7,105,2096138,,,0,0,0,,0,0,,,,,0,,,,,,,,,,,,,,,,,,,,,,,,,,,,,,,,,,,,,,,,,,,,,,,,,,,,,,,,,,,,,,,,,,,,,,,,,,,,,,,,,,,,,,,,,,,,,,,,,0,0,0,0,,,,,,,,,,,,,,,14,37319073,85,71428571,,,,,,,,,,,,,,,,,,,,,0,,,,,,,
1-Butene,0,266,898,56,10770035,593,7890015,0,,0,0,0,0,6,87,8,0,0,,193,15,87,8,80,8,,0,0,0,0,100,100,0,0,87,8,,432,97,4,,,0,0,0,,0,0,,0,236064836133691,0,219972008704656,0,208210021632581,0,,,,,,,,,,,,,,,,,,,,,,,,,,,,,,,,,,,,,,,,,,,,,,,,,,,,,,,,,,,,,,,,,,,,,,,,,,,,,,,,,,,,,,,,,,,,,,,,,0,0,0,0,,,,,,,,,,,,,,,14,37319073,85,71428571,,,,,,,,,,,,,,,,,,,,,0,,,,,,,
13-Butadiene,0,268,7,54,1,619,7440186,0,,0,0,0,0,8,164,0,0,,197,15,164,73,94513286,,0,0,0,0,100,100,0,0,164,,409,6,102,9723045,,,0,0,0,,0,0,,,,,0,,,,,,,,,,,,,,,,,,,,,,,,,,,,,,,,,,,,,,,,,,,,,,,,,,,,,,,,,,,,,,,,,,,,,,,,,,,,,,,,,,,,,,,,,,,,,,,,,0,0,0,0,,,,,,,,,,,,,,,11,17841035,88,88888889,,,,,,,,,,,,,,,,,,,,,0,,,,,,,
n-Butane,0,0247656401058419,272,648,58,12400055,583,2230225,0,356,35,0,0,0,0,4,8,135,0,0,,213,15,135,89,6,,0,0,0,0,0,0,100,100,135,,358,5,93,8,,,0,0,0,,0,0,,0,241514675581771,0,217701202498228,,0,,,,,,,,,,,,,,,,,,,,,,,,,,,,,,,,,,,,,,,,,,,,,,,,,,,,,,,,,,,,,,,,,,,,,,,,,,,,,,,,,,,,,,,,,,,,,,,,,0,0,100,100,,,,,,,,,,,,,,,17,34802065,82,75862069,,,,,,,,,,,,,,,,,,,,,0,,,,,,,
tr2-Butene,0,274,027,56,1,608,684021,0,,0,0,0,0,6,168,0,0,,201,168,83,84306902,,0,0,0,0,100,100,0,0,168,,343,9,105,0089318,,,0,0,0,,0,0,,,,,0,,,,,,,,,,,,,,,,,,,,,,,,,,,,,,,,,,,,,,,,,,,,,,,,,,,,,,,,,,,,,,,,,,,,,,,,,,,,,,,,,,,,,,,,,,,,,,,,,0,0,0,0,,,,,,,,,,,,,,,14,37319073,85,71428571,,,,,,,,,,,,,,,,,,,,,0,,,,,,,
i-Pentane,0,0394244202634109,301,028,72,15100098,623,4420166,0,343,95,0,0,0,0,5,113,0,0,,217,113,90,3,,0,0,0,0,0,0,100,100,113,,133,8,92,3,,,0,0,0,,0,0,,,,,0,,,,,,,,,,,,,,,,,,,,,,,,,,,,,,,,,,,,,,,,,,,,,,,,,,,,,,,,,,,,,,,,,,,,,,,,,,,,,,,,,,,,,,,,,,,,,,,,,100,100,0,0,,,,,,,,,,,,,,,16,75213296,83,33333333,,,,,,,,,,,,,,,,,,,,,0,,,,,,,
1-Pentene,0,303,096,70,13500214,638,7230225,0,292,25,0,0,0,0,6,108,0,0,,245,108,77,1,,0,0,0,0,100,100,0,0,108,,131,8,90,9,,,0,0,0,,0,0,,,,,0,,,,,,,,,,,,,,,,,,,,,,,,,,,,,,,,,,,,,,,,,,,,,,,,,,,,,,,,,,,,,,,,,,,,,,,,,,,,,,,,,,,,,,,,,,,,,,,,,0,0,0,0,,,,,,,,,,,,,,,14,37831669,85,71428571,,,,,,,,,,,,,,,,,,,,,0,,,,,,,
2M-1-butene,0,304,303,70,1,654,3800049,0,,0,0,0,0,6,136,0,0,,221,136,81,9,,0,0,0,0,100,100,0,0,136,,127,2,102,54,,,0,0,0,,0,0,,,,,0,,,,,,,,,,,,,,,,,,,,,,,,,,,,,,,,,,,,,,,,,,,,,,,,,,,,,,,,,,,,,,,,,,,,,,,,,,,,,,,,,,,,,,,,,,,,,,,,,0,0,0,0,,,,,,,,,,,,,,,14,37831669,85,71428571,,,,,,,,,,,,,,,,,,,,,0,,,,,,,
n-Pentane,0,309,209,72,15100098,629,7290039,0,343,95,0,0,0,0,5,143,0,0,,233,143,61,9,,0,0,0,0,0,0,100,100,143,,101,35,61,7,,,0,0,0,,0,0,,0,317713556013358,0,28795065870348,0,265338970196147,0,,,,,,,,,,,,,,,,,,,,,,,,,,,,,,,,,,,,,,,,,,,,,,,,,,,,,,,,,,,,,,,,,,,,,,,,,,,,,,,,,,,,,,,,,,,,,,,,,0,0,100,100,,,,,,,,,,,,,,,16,75213296,83,33333333,,,,,,,,,,,,,,,,,,,,,0,,,,,,,
cis2-Butene,0,276,867,56,1,625,9530029,0,,0,0,0,0,6,134,0,0,,203,134,83,5,,0,0,0,0,100,100,0,0,134,,314,4,100,,,0,0,0,,0,0,,,,,0,,,,,,,,,,,,,,,,,,,,,,,,,,,,,,,,,,,,,,,,,,,,,,,,,,,,,,,,,,,,,,,,,,,,,,,,,,,,,,,,,,,,,,,,,,,,,,,,,0,0,0,0,,,,,,,,,,,,,,,14,37319073,85,71428571,,,,,,,,,,,,,,,,,,,,,0,,,,,,,
3M-1-butene,0,293,204,70,1,631,2700195,0,,0,0,0,0,6,105,0,0,,217,105,85,26729455,,0,0,0,0,100,100,0,0,105,,190,101,6748769,,,0,0,0,,0,0,,,,,0,,,,,,,,,,,,,,,,,,,,,,,,,,,,,,,,,,,,,,,,,,,,,,,,,,,,,,,,,,,,,,,,,,,,,,,,,,,,,,,,,,,,,,,,,,,,,,,,,0,0,0,0,,,,,,,,,,,,,,,14,37831669,85,71428571,,,,,,,,,,,,,,,,,,,,,0,,,,,,,
2M-2-butene,0,311,704,70,1,666,1090088,0,406,15,0,0,0,0,6,139,0,0,,228,139,84,7,,0,0,0,0,100,100,0,0,139,,98,11,97,3,,,0,0,0,,0,0,,,,,0,,,,,,,,,,,,,,,,,,,,,,,,,,,,,,,,,,,,,,,,,,,,,,,,,,,,,,,,,,,,,,,,,,,,,,,,,,,,,,,,,,,,,,,,,,,,,,,,,0,0,0,0,,,,,,,,,,,,,,,14,37831669,85,71428571,,,,,,,,,,,,,,,,,,,,,0,,,,,,,
2M-13-C4==,0,307,204,68,1,684,8460083,0,,0,0,0,0,7,5,127,0,0,,219,127,81,,0,0,0,0,100,100,0,0,127,,118,6,99,1,,,0,0,0,,0,0,,,,,0,,,,,,,,,,,,,,,,,,,,,,,,,,,,,,,,,,,,,,,,,,,,,,,,,,,,,,,,,,,,,,,,,,,,,,,,,,,,,,,,,,,,,,,,,,,,,,,,,0,0,0,0,,,,,,,,,,,,,,,11,8404699,88,23529412,,,,,,,,,,,,,,,,,,,,,0,,,,,,,
tr2-Pentene,0,309,493,70,1,652,2630005,0,404,4833333,0,0,0,0,6,133,0,0,,225,133,85,14880659,,0,0,0,0,100,100,0,0,133,,106,7,100,3776273,,,0,0,0,,0,0,,,,,0,,,,,,,,,,,,,,,,,,,,,,,,,,,,,,,,,,,,,,,,,,,,,,,,,,,,,,,,,,,,,,,,,,,,,,,,,,,,,,,,,,,,,,,,,,,,,,,,,0,0,0,0,,,,,,,,,,,,,,,14,37831669,85,71428571,,,,,,,,,,,,,,,,,,,,,0,,,,,,,
cis2-Pentene,0,310,083,70,1,659,5750122,0,403,9277778,0,0,0,0,6,122,0,0,,226,122,85,14880659,,0,0,0,0,100,100,0,0,122,,104,4,100,3776273,,,0,0,0,,0,0,,,,,0,,,,,,,,,,,,,,,,,,,,,,,,,,,,,,,,,,,,,,,,,,,,,,,,,,,,,,,,,,,,,,,,,,,,,,,,,,,,,,,,,,,,,,,,,,,,,,,,,0,0,0,0,,,,,,,,,,,,,,,14,37831669,85,71428571,,,,,,,,,,,,,,,,,,,,,0,,,,,,,
Cyclopentane,0,322,398,70,13500214,748,8740234,0,289,95,0,0,0,0,6,179,0,0,,233,179,84,9,,100,100,0,0,0,0,0,0,179,,41,7,101,426,,,0,0,0,,0,0,,0,483269667509962,0,429891392256475,,0,,,,,,,,,,,,,,,,,,,,,,,,,,,,,,,,,,,,,,,,,,,,,,,,,,,,,,,,,,,,,,,,,,,,,,,,,,,,,,,,,,,,,,,,,,,,,,,,,0,0,0,0,,,,,,,,,,,,,,,14,37831669,85,71428571,,,,,,,,,,,,,,,,,,,,,0,,,,,,,
Cyclopentene,0,317,38,68,1,776,5159912,0,458,3722222,0,0,0,0,7,5,138,0,0,,244,138,69,7,,100,100,0,0,0,0,0,0,138,,81,04,93,3,,,0,0,0,,0,0,,,,,0,,,,,,,,,,,,,,,,,,,,,,,,,,,,,,,,,,,,,,,,,,,,,,,,,,,,,,,,,,,,,,,,,,,,,,,,,,,,,,,,,,,,,,,,,,,,,,,,,0,0,0,0,,,,,,,,,,,,,,,11,8404699,88,23529412,,,,,,,,,,,,,,,,,,,,,0,,,,,,,
22-Mpropane,0,282,648,72,2,595,5930176,0,291,7055556,0,0,0,0,5,257,0,0,,225,257,80,2,,0,0,0,0,0,0,100,100,257,,251,8,85,5,,,0,0,0,,0,0,,,,,0,,,,,,,,,,,,,,,,,,,,,,,,,,,,,,,,,,,,,,,,,,,,,,,,,,,,,,,,,,,,,,,,,,,,,,,,,,,,,,,,,,,,,,,,,,,,,,,,,100,100,0,0,,,,,,,,,,,,,,,16,75213296,83,33333333,,,,,,,,,,,,,,,,,,,,,0,,,,,,,
33M-1-butene,0,314,397,84,16,657,1190186,0,,0,0,0,0,6,,0,0,,241,15,157,95,93,3,,0,0,0,0,100,100,0,0,,,91,82,111,77,,,0,0,0,,0,0,,,,,0,,,,,,,,,,,,,,,,,,,,,,,,,,,,,,,,,,,,,,,,,,,,,,,,,,,,,,,,,,,,,,,,,,,,,,,,,,,,,,,,,,,,,,,,,,,,,,,,,0,0,0,0,,,,,,,,,,,,,,,14,3716,85,71428571,,,,,,,,,,,,,,,,,,,,,0,,,,,,,
H2O,0,373,148,18,01510048,997,9860229,0,,0,0,0,0,0,,0,0,,,,,,0,0,0,0,0,0,0,0,,,,,,,0,0,0,,0,0,,0,698140124178851,0,560124358458913,0,474686748589316,0,,,,,,,,,,,,,,,,,,,,,,,,,,,,,,,,,,,,,,,,,,,,,,,,,,,,,,,,,,,,,,,,,,,,,,,,,,,,,,,,,,,,,,,,,,,,,,,,,0,0,0,0,,,,,,,,,,,,,,0,279783740086422,11,18972388,0,,,,,,,,,,,,,,,,,,,,,0,,,,,,,
36-40C*,0,0122665912513963,313,149994,72,404526662408,644,333820510592,0,0230288357697094,223,030475048903,2,24771538131164,2,93439276320766,3,24436436875497E-07,1,21250143461252,5,23483715654112,151,962423934766,0,0,30,0908055268447,237,452880911821,154,962423934766,67,3363706130964,76,0934618130964,9,58089968732088,12,882658115222,0,0152650818776034,7,59105406091961,0,0,88,1713849313675,84,1829491215703,148,962423934766,1,36214413549473,69,771486719745,69,5458397871183,78,3029309871183,56,9409904331781,0,000473217425115025,0,000215157798041817,3,42764049607892E-12,94,1972145768408,0,0382644880019894,5,65839245652069E-09,125,585765741715,3,52568034111447,1,40728396731049,0,806794623282659,0,799124430441106,0,0,0,0,0,0,0,0,0,0,0,0,0,0,0,0,0,0,0,0,0,0,0,0,0,0,0,0,0,0,0,0,0,0,0,0,0,0,0,0,0,0,0,0,0,0,0,0,0,0,0,0,0,0,0,0,0,0,0,0,0,0,0,0,0,0,0,0,0,0,0,0,0,0,0,0,0,0,0,0,0,0,0,0,0,0,0,0,0,0,0,0,0,0,0,0,0,0,84,1829491215703,88,1713849313675,0,0,0,0,0,0,0,0,0,0,0,0,311,149997,0,262941713704175,16,0195662189618,83,8598204746922,0,0,0,0,0,0,0,0,0,0,0,0,0,4,05332090409333E-12,0,8,70511872020044E-11,0,2,17627968005011E-14,2,53899303260112E-11,0,0,0,0,0,48311,2714987831,44776,3741342408,0,
40-50C*,0,0319994808893182,323,149994,75,2637604634037,655,223521829262,0,0263099244584643,224,438402903313,2,7245793864641,3,54581727070923,3,87312520141644E-07,1,44748534054253,5,1772174001644,156,397256750542,0,0,31,7579384951048,241,95145889631,159,397256750542,65,5537324297903,74,3108236297903,12,6508735965364,15,3441016096638,0,018223468945481,9,06220739933261,0,0,84,6245470169995,81,110081119627,153,397256750542,1,36735760949315,53,8534496241554,67,6604853811754,76,4175765811754,53,9907330579762,0,000524721645946311,0,00024910087298155,1,54243822323552E-11,66,689087343625,0,0456801813714515,2,54627660543431E-08,120,112123507619,3,91253579242008,1,46261581879548,0,813763959247882,0,96144435288415,69,0821667070576,71,9427478729567,0,0,0,0,0,0,0,0,0,0,0,0,0,0,0,0,0,0,0,0,0,0,69,0821667070576,71,9427478729567,0,0,0,0,0,0,0,0,0,0,0,0,0,0,0,0,0,0,0,0,0,0,0,0,0,0,0,0,0,0,0,0,0,0,0,0,0,0,0,0,0,0,0,0,0,0,0,0,0,0,0,0,0,0,0,0,0,0,0,0,0,0,0,0,0,0,0,0,0,0,81,110081119627,84,6245470169995,0,0,0,0,0,0,0,0,0,0,0,0,0,0,318,15,0,258099792684547,16,1400531290599,83,5605638993466,0,0,0,0,0,0,0,0,0,0,0,0,0,1,823994406842E-11,0,3,9173034240902E-10,0,9,79325856022549E-14,1,1425468646705E-10,0,0,0,0,0,48148,3674515178,44663,2778206129,0,
50-60C*,0,0338138586031454,333,149994,79,4220677618113,670,668139128062,0,0305389162853763,226,503246046415,3,10839690040561,4,06091303087347,4,7713549623614E-07,1,78317663472826,5,14976700570299,162,058142855023,0,0,33,0945834144832,246,919469649669,165,058142855023,63,0093484310534,71,7664396310534,17,7198071956248,19,0153833910325,0,0224497361853061,11,1638550256369,0,0,79,1717959039696,76,923703578094,159,058142855023,1,37491577380904,40,4588243352976,64,967121944114,73,724213144114,49,9792302364266,0,000598299104276719,0,000297590980038313,3,25625847127498E-11,46,9073840140768,0,0562740290421119,5,37547283369465E-08,112,37909984914,4,00193607620196,1,54821067133836,0,872024597335993,1,19332995637421,43,6941480935625,44,1244346028653,17,8366667131666,17,6710349441621,35,1557997834337,35,2888303978141,3,20453751624777E-09,3,1628167725297E-09,0,0,0,0,0,0,0,0,0,0,0,0,0,0,0,0,96,6866145933674,97,0842999480042,0,0,0,0,0,0,0,0,0,0,0,0,0,0,0,0,0,0,0,0,0,0,0,0,0,0,0,0,0,0,0,0,0,0,0,0,0,0,0,0,0,0,0,0,0,0,0,0,0,0,0,0,0,0,0,0,0,0,0,0,0,0,0,0,0,0,0,0,0,0,76,923703578094,79,1717959039696,0,0,0,0,0,0,0,0,0,0,0,0,0,0,328,15,0,269919091186858,16,2105559043564,83,4805859403583,0,0,0,0,0,0,0,0,0,0,0,0,0,3,85065485888866E-11,0,8,26986278419042E-10,0,2,0674656960476E-13,2,41204338097106E-10,0,0,0,0,0,47926,3964149949,44509,1741848571,0,
60-70C*,0,0355101971054662,343,149994,83,667679087178,685,865623542431,0,0343011119545949,228,634357587762,5,29543584174641,6,80993926660885,5,66958472330635E-07,2,11886792891399,5,16401926667457,167,008975472084,0,0,33,6222573107775,252,357995291657,170,008975472084,60,2194681539044,68,9765593539044,21,2843852580905,22,3008855159264,0,0266760034251312,13,2655026519412,0,0,73,4201789001631,70,8891752174648,164,008975472084,1,38254456591711,29,583538417411,61,9720248491001,70,7291160491,46,2192793104113,0,00107724306680871,0,000346081087095075,4,97007871931444E-11,32,7730229688828,0,0668678767127723,8,204669061955E-08,104,8271049333,4,12755630436792,1,64240424898007,0,9345379038124,1,43281264900016,0,0,0,00010403919926115,0,000103651954352585,18,2940676757989,18,4664225628819,23,3265003590071,23,1521040619759,0,0,0,0,0,0,0,0,0,0,0,0,0,0,0,0,41,6206720740052,41,6186302768121,0,0,0,0,0,0,0,0,0,0,58,3756032554753,58,378087679604,0,0,0,0,0,0,0,0,0,0,0,0,0,0,0,0,0,0,0,0,0,0,0,0,0,0,0,0,0,0,0,0,0,0,0,00372467051950912,0,00328204358386747,0,0,0,0,0,0,0,0,0,0,0,00372467051950912,0,00328204358386747,0,0,0,0,0,0,0,0,0,0,29,5056501414804,30,557475714704,41,3835250759844,42,8627031854591,0,0,0,0,0,0,0,0,0,0,0,0,338,15,0,282943511707539,16,1712262886118,83,5085241201457,0,0,0,0,0,0,0,0,0,0,0,0,0,5,87731531093533E-11,0,1,26224221442906E-09,0,3,15560553607266E-13,3,68153989727162E-10,0,0,0,0,0,47717,735403158,44364,3110483494,0,
70-80C*,0,0370646703287994,353,149994,88,0019226268074,700,687917450102,0,0376769049228687,230,834527436301,7,76644944689008,9,81927108808817,6,56781448425131E-07,2,45455922309971,5,21490872717161,171,342622421753,0,0,33,6723301442754,261,223747297896,174,342622421753,57,4087168320603,66,1658080320602,24,6915619989943,25,4728962593506,0,0309022706649563,15,3671502782455,0,0,67,5419885541156,64,7078326525612,168,342622421753,1,3901706096621,21,0531384732705,58,9427411820028,67,6998323820028,42,7214706503355,0,00166849689744703,0,000394571194151837,6,6838989673539E-11,22,7403242732689,0,0774617243834326,1,10338652902153E-07,97,5376150197737,4,28619907647276,1,74633868912544,1,00225425663934,1,65961365574577,0,0,0,0,0,0,0,0,2,40752677800818,2,7394702484839,1,21998723826127,1,39019190663834,0,0,0,0,0,0,0,0,0,0,0,0,0,0,3,62751401626945,4,12966215512224,0,0,0,0,0,0,0,0,0,926991254452555,1,0775677360521,0,0,0,0,0,0,0,0,0,0,0,0,0,0,0,0,0,0,0,0,0,0,18,1377863875785,15,8374213937189,0,0,0,0,0,0,0,0,0,0,71,4784644813852,73,2119806871083,5,82924386031426,5,74336802799849,0,0,0,0,0,0,0,0,77,3077083416995,78,9553487151068,0,0,0,0,0,0,0,0,0,0,51,5376656644803,53,565062392651,13,170166988081,13,9769261614646,0,0,0,0,0,0,0,0,0,0,0,0,348,15,0,297373968279924,16,0367677748392,83,6302802246335,0,0,0,0,0,0,0,0,0,0,0,0,0,7,90397576298199E-11,0,1,69749815043909E-09,0,4,24374537609771E-13,4,95103641357218E-10,0,0,0,0,0,47522,9447699302,44229,0774374162,0,
80-90C*,0,0298469952297898,363,149994,92,4283147996863,715,006963228805,0,0407466886469464,233,105810132349,10,4195004548064,12,9316613461376,7,46604424519627E-07,2,79025051728544,5,29718358051033,175,151951524057,0,0,33,4790710575815,268,141955218325,178,151951524057,54,8942463997676,63,6513375997676,27,8709821308308,28,5118434155242,0,0351285379047814,17,4687979045497,0,0,61,7095174143628,58,5564952383382,172,151951524057,1,39771261684775,14,4139823059403,56,258295981137,65,015387181137,39,49360319997,0,00225975072808535,0,0004430613012086,8,39771921539336E-11,15,6673092791443,0,088055572054093,1,38630615184757E-07,90,5849072140562,4,47774707174928,1,86134727064095,1,07608495052602,1,87327427268589,0,0,0,0,0,0,0,0,0,0685258832526046,0,0769151082692861,3,21877762817541,3,61802858706941,0,0,0,0,5,76724574069028,6,27781154643813,15,5726275049259,17,3618122262342,0,00314779774777188,0,00346541882885383,3,48047706561566E-12,3,77172954277128E-12,0,0,24,6303245547955,27,3380328868436,0,0,0,0,0,0,0,0,0,0,0,0,0,0,0,0,0,0,0,0,0,0,0,0,0,0,0,0,0,0,0,0,12,3010402821855,10,5950639410508,0,0,0,0,0,0,0,0,0,0,0,0,38,2565167681474,37,1810285246267,0,0,0,0,0,0,0,0,38,2565167681474,37,1810285246267,24,8121183948716,24,8858746474788,0,0,0,0,0,0,0,0,58,5564952383382,61,7095174143628,0,0,0,0,0,0,0,0,0,0,0,0,0,0,358,15,0,313396418476842,15,8251118370342,83,8285225828774,0,0,0,0,0,0,0,0,0,0,0,0,0,9,93063621502866E-11,0,2,13275408644911E-09,0,5,33188521612277E-13,6,22053292987274E-10,0,0,0,0,0,47342,4371702585,44103,7598382074,0,
90-100C*,0,0307480712529898,373,149994,97,1439368559125,728,694703256273,0,0435908565835768,235,449734540716,13,1526516044652,15,9944571888457,8,36427400614123E-07,3,12594181147117,5,40519886011875,178,529830599026,0,0,33,2124875188267,275,043226968107,181,529830599026,52,6667745918041,61,4238657918042,30,7522903660943,31,3948135616708,0,0393548051446065,19,570445530854,0,0,56,0950580294405,52,6107292494835,175,529830599026,1,40508196290599,9,13786851802737,53,9044200685899,62,6615112685899,36,5414804622072,0,00285100455872367,0,000491551408265362,1,01115394634328E-10,10,7156648150324,0,0986494197247532,1,6692257746736E-07,84,0364048493347,4,704517210697,1,98899306272551,1,15692428236472,2,07821020067927,0,0,0,0,0,0,0,0,0,0,0,0,0,0,0,0,2,40254431858657,2,3695301846246,15,5053144968893,15,6626325435395,24,280205722498,24,2187817102409,1,55504854667889,1,52685128557518,0,0,43,7431130846527,43,7777957239802,0,0,0,0,0,0,0,0,0,0,54,7363744052376,54,8669915486742,0,0,0,0,0,0,0,0,0,0,0,0,0,0,0,0,0,0,0,0,0,0,0,0,0,0,0,0,0,0,0,0,0,0,0,0,0,0,0,0,0,0,0,0,0,0,1,52051251010966,1,35521272734561,0,0,0,0,0,0,0,0,23,3688978048597,24,8945540806941,29,2418314446239,31,2005039487464,0,0,0,0,0,0,0,0,0,0,0,0,368,15,0,331163021546933,15,5561306931585,84,0839798905186,0,0,0,0,0,0,0,0,0,0,0,0,0,1,19572966670753E-10,0,2,56801002245913E-09,0,6,42002505614782E-13,7,49002944617329E-10,0,0,0,0,0,47176,5196770299,43988,5714364116,0,
100-110C*,0,0313158586225477,383,149994,102,06545338878,741,623079910236,0,0462898021895085,237,867489951313,15,8639656348363,18,8612590146182,9,26250376708619E-07,3,4616331056569,5,53273360273231,181,569127466688,0,0,32,9992432821334,281,929104575811,184,569127466688,50,9812753996604,59,7383665996604,33,2651314172794,34,0961198281386,0,0435810723844315,21,6720931571583,0,0,50,8709029478843,47,0426211572431,178,569127466688,1,41218355066092,6,76320973666146,52,1852252986327,60,9423164986327,33,8696169287091,0,00344225838936199,0,000540041515322124,1,18253597114723E-10,7,27405367643317,0,109243267395414,1,95214539749964E-07,77,9533074491516,4,97086952844039,2,13111674169879,1,24568603491443,2,27883714058465,0,0,0,0,0,0,0,0,0,0,0,0,0,0,0,0,0,0,0,0,0,0,0,0,0,0,0,0,0,0,0,0,0,0,0,0,0,0,0,0847163131260555,0,0959811410874665,0,0,0,0,0,0,0,0,0,0,0,0,0,0,0,0,0,0,0,0,0,0,6,87528745488608,6,1490535633243,0,0,0,0,0,0,0,0,0,0,0,0,0,0,0,0,0,0,0,0,0,0,93,0399962319879,93,7549652955882,0,0,0,0,0,0,0,0,46,9579048441171,50,7749218067968,0,0847163131260555,0,0959811410874665,0,0,0,0,0,0,0,0,0,0,0,0,378,15,0,35078432575979,15,2504430072141,84,3766384825672,0,0,0,0,0,0,0,0,0,0,0,0,0,1,3983957119122E-10,0,3,00326595846915E-09,0,7,50816489617288E-13,8,75952596247385E-10,0,0,0,0,0,47025,431159426,43883,6780672205,0,
110-120C*,0,0315299550100396,393,149994,107,179323383993,753,664035568428,0,0489239189214901,240,360092037609,18,4515052848894,21,3945112131428,1,01607335280311E-06,3,79732439984263,5,67286364729496,184,362709947069,0,0,32,9366704463833,288,800875057926,187,362709947069,49,0356977879747,57,7927889879747,35,3391499968807,36,5882633959502,0,0478073396242567,23,7737407834626,0,0,46,2093447182299,42,0172253909071,181,362709947069,1,41891699516329,6,50296821002538,50,1312993967991,58,8883905967991,31,4818680508371,0,00403351222000031,0,000588531622378886,1,35391799595117E-10,4,89968911879822,0,119837115066074,2,23506502032567E-07,72,3914175988775,5,28301410506413,2,28989607459746,1,34334968349026,2,47957079326079,0,0,0,0,0,0,0,0,0,0,0,0,0,0,0,0,0,0,0,0,0,0,0,0,0,0,0,0,42,4286779635987,46,1824573006102,0,0,0,0,0,0,0,0,0,0,0,0,0,0,0,0,0,0,0,0,0,0,0,0,0,0,0,0,0,0,0,0,27,2295596195407,24,0785312975019,0,0,0,0,0,0,0,0,0,0,0,0,0,0,0,0,0,0,0,0,0,0,0,0,30,3417624168606,29,7390114018879,0,0,0,0,0,0,42,0172253909071,46,2093447182299,0,0,0,0,0,0,0,0,0,0,0,0,0,0,388,15,0,372330839586571,14,9283967463158,84,6867592145712,0,0,0,0,0,0,0,0,0,0,0,0,0,1,60106175711687E-10,0,3,43852189447917E-09,0,8,59630473619793E-13,1,00290224787744E-09,0,0,0,0,0,46889,3756157221,43789,2213566607,0,
120-130C*,0,0314154648453318,403,149994,112,349265872749,762,489014035745,0,0515736002362705,243,047204276483,19,9658774706958,22,8083071496904,1,10589632889761E-06,4,13301569402836,5,77718839484522,187,003445860198,0,0,34,1033987081996,295,659628714321,190,003445860198,47,6575382331205,56,4146294331205,36,4595646487385,37,8434601879911,0,0520336068640818,25,8753884097669,0,0,43,5745578805656,39,3482326623184,184,003445860198,1,42398606993228,6,24778515459541,48,6835162817293,57,4406074817293,29,8324710703581,0,00571146940887056,0,000637021729435649,2,3137886304431E-09,3,27410946973025,0,130430962736734,3,81963165257839E-06,68,4801516170045,5,64921556869804,2,46792033951674,1,45098578494242,2,68482685956642,0,0,0,0,0,0,0,0,0,0,0,0,0,0,0,0,0,0,0,0,0,0,0,0,0,0,0,0,0,000105587030774015,0,000108123586339905,0,0,0,0,0,0,0,0,0,0,79,5849043191371,81,258140601322,0,0,0,0,0,0,0,0,0,0,0,0,0,0,0,0,0,0,0,0,0,0,0,0,0,0,0,0,0,0,0,0,0,0,0,0,0,0,0,0,0,0,0,0,0,0,20,4149900938321,18,7417512750917,0,0,0,0,0,0,0,0,39,3482326623184,43,5745578805656,0,0,0,0,0,0,0,0,0,0,0,0,398,15,0,395825911271139,14,6966413466147,84,9052658308647,0,0,0,0,0,0,0,0,0,0,0,0,0,2,73614687250811E-09,0,5,87628858525231E-08,0,1,46907214631308E-11,1,71391755300099E-08,0,0,0,0,0,46841,2691869089,43751,0842975848,0,
130-140C*,0,030920517673655,413,149994,117,743854792153,771,661061907188,0,0555425805326731,245,727030513115,20,3981441702138,23,3006879945261,1,19571930499211E-06,4,46870698821409,5,90065561452684,190,464214933788,0,0,34,8576046031491,302,506300924676,193,464214933788,46,4994361288169,55,2565273288169,36,9040494428922,37,8457364851072,0,0562598741039068,27,9770360360712,0,0,42,697806386894,38,8535755203668,187,464214933788,1,42925841578852,5,99771301597607,47,5092257433261,56,2663169433261,28,1554167490733,0,00868020538237241,0,00062131013473542,1,06434600189528E-08,2,16992315290012,0,141024810407395,1,75703589543351E-05,64,4452830778959,6,07881913086296,2,66828398998186,1,56995848209305,2,89902104036031,0,0,0,0,0,0,0,0,0,0,0,0,0,0,0,0,0,0,0,0,0,0,0,0,0,0,0,0,0,0,6,55525415290361E-16,7,41445512025696E-16,0,0,0,0,0,0,0,0,0,0,0,0,0,0,0,0,0,0,0,0,0,0,0,0,0,0,0,0,0,0,0,0,15,2653849360814,14,4228086523858,6,82536031293683E-18,6,32988230960484E-18,15,8772402684381,15,0469423198133,15,8856377756703,14,9544689913505,0,0,0,0,47,0282629801899,44,4242199635495,0,0,0,0,0,0,0,0,0,0,52,9717370198101,55,5757800364505,0,0,0,0,0,0,38,8535755203668,42,697806386894,0,0,0,0,0,0,0,0,0,0,0,0,0,0,408,15,0,421344493251756,14,431331781077,85,1543188991113,0,0,0,0,0,0,0,0,0,0,0,0,0,1,25863138319362E-08,0,2,70310095719435E-07,0,6,75775239298589E-11,7,88404468374195E-08,0,0,0,0,0,46731,1881601165,43671,7943109311,0,
140-150C*,0,0300550681540516,423,149994,123,373015226336,778,594092281836,0,0597577856591942,248,53417866566,20,8304108697317,23,9852094473009,1,2855422810866E-06,4,80439828239982,5,98999950106491,194,00813655431,0,0,36,387476985598,309,341702896494,197,00813655431,45,6012697954145,54,3583609954145,38,1964766988012,38,1484645161113,0,0604861413437319,30,0786836623755,0,0,40,973112431467,37,8663260365878,191,00813655431,1,43330460172991,5,75280214706209,46,5941586036761,55,3512498036762,26,9616707638763,0,0116489413558743,0,000561366766358057,1,89731314074624E-08,1,42597351899186,0,151618658078055,3,13210862560918E-05,61,5375777485553,6,58411443257645,2,89470527632482,1,7017996061102,3,12656903650119,0,0,0,0,0,0,0,0,0,0,0,0,0,0,0,0,0,0,0,0,0,0,0,0,0,0,0,0,0,0,73,5484940717278,76,8959761158634,0,0,0,0,0,0,0,0,0,0,2,13223146761362,2,24127467709636,0,0,0,0,0,0,0,0,0,0,0,0,0,0,0,0,0,0,0,0,0,913394777612125,0,797702088052099,23,3934577275729,20,054165466186,0,012366310577727,0,0108331189475392,3,51810809466321E-13,3,06136873903217E-13,0,0,0,0,24,3192188157631,20,8627006731859,5,56448955219901E-05,4,85338543384405E-05,0,0,0,0,0,0,0,0,0,0,0,0,0,0,0,0,35,7340945689742,38,7318377543707,2,13223146761362,2,24127467709636,0,0,0,0,0,0,0,0,0,0,0,0,418,15,0,448921178451194,14,2454299625973,85,3301183684132,0,0,0,0,0,0,0,0,0,0,0,0,0,2,24364807913643E-08,0,4,81857305586348E-07,0,1,20464326396587E-10,1,40541718144829E-07,0,0,0,0,0,46641,6855633138,43605,5821346649,0,
150-160C*,0,0288400103201428,433,149994,129,251934326766,784,69430839657,0,0641659578080262,251,390216337703,21,2626775692497,24,434050958813,1,3753652571811E-06,5,14008957658555,6,06828703886098,197,631936329725,0,0,38,0708590985753,316,166544788216,200,631936329725,44,6272330466806,53,3843242466806,38,3750999851149,38,0664075552407,0,064712408583557,32,1803312886797,0,0,40,3622224456354,37,4995414859463,194,631936329725,1,43687180287276,5,51310065825743,45,5676135115807,54,3247047115807,25,9535072226043,0,0146176773293761,0,000501423397980694,2,73028027959721E-08,0,928922263560238,0,162212505748715,4,50718135578485E-05,59,058824046417,7,17997577937934,3,15167745619478,1,84839135029703,3,37188654884781,0,0,0,0,0,0,0,0,0,0,0,0,0,0,0,0,0,0,0,0,0,0,0,0,0,0,0,0,0,0,0,0,0,0,0,0,0,0,0,0,0,0,17,4617955086963,19,5142319612443,0,0,0,0,0,0,0,0,0,0,0,0,0,0,0,0,0,0,0,0,0,0,0,0,0,0,0,0,0,0,0,0,0,0,34,2085746271724,31,7216857861543,0,0,0,0,0,0,0,0,0,0,48,3296298641313,48,7640822526014,0,0,0,0,20,0377459772499,20,8479904843911,17,4617955086963,19,5142319612443,0,0,0,0,0,0,0,0,0,0,0,0,428,15,0,47863129371165,14,0864487394097,85,4806143089393,0,0,0,0,0,0,0,0,0,0,0,0,0,3,22866477507924E-08,0,6,9340451545326E-07,0,1,73351128863315E-10,2,02242989452239E-07,0,0,0,0,0,46558,8304607395,43543,2305319598,0,
160-170C*,0,0248675277890743,443,149994,135,394235496003,790,098531145468,0,0687213446785595,254,286124936925,22,3364587451007,25,4148192886015,1,46518823327559E-06,5,47578087077127,6,13622459532382,201,337738964416,0,0,39,8641627473609,322,981453432259,204,337738964416,43,420625035052,52,177716235052,37,8280263584142,37,680023944701,0,0689386758233821,34,281978914984,0,0,39,8355148964851,36,9051567666975,198,337738964416,1,44002625910435,5,27865426312549,44,2440911541703,53,0011823541703,25,096691949498,0,017586413302878,0,000441480029603331,3,56324741844818E-08,0,599691777132532,0,172806353419375,5,88225408596052E-05,56,9355690292364,7,8852766998059,3,44466286705403,2,01196498854683,3,63938927825892,0,0,0,0,0,0,0,0,0,0,0,0,0,0,0,0,0,0,0,0,0,0,0,0,0,0,0,0,0,0,0,0,0,000100507535378023,0,000108982881404387,0,0,0,0,0,0,0,0,0,0,1,67603804020463E-05,1,82474686876418E-05,0,0,0,0,0,0,0,0,0,0,0,0,0,0,0,0,0,0,0,0,0,0,0,0,0,0,0,0,0,0,0,0,0,0,0,0,0,0,0,0,0,0,0,0,99,9998827320842,99,9998727696499,0,0,0,0,36,9051400063171,39,8354966490164,1,67603804020463E-05,1,82474686876418E-05,0,0,0,0,0,0,0,0,0,0,0,0,438,15,0,510556960291262,13,9513310622199,85,6085008014989,0,0,0,0,0,0,0,0,0,0,0,0,0,4,21368147102205E-08,0,9,04951725320173E-07,0,2,26237931330043E-10,2,63944260759648E-07,0,0,0,0,0,46482,4484345876,43485,0205920157,0,
170-180C*,0,0233640646284963,453,149994,141,811573520261,794,94358142261,0,0733781939701844,257,213561882541,22,536805804125,25,6422446076417,1,55501120937009E-06,5,811472164957,6,19530714746814,205,127669162766,0,0,41,7232128211141,329,786986146791,209,658185392402,42,2252004728585,50,9822916728585,38,3784867759294,37,8997655140774,0,0731649430632072,36,3836265412883,0,0,39,0847074199455,36,4579898782808,202,127669162766,1,44283851878755,5,04950611959061,42,9205687967599,51,6776599967599,24,3595568785496,0,0188203360372455,0,000381536661225969,4,39621455729915E-08,0,383559308039418,0,183400201090036,7,25732681613619E-05,55,0966713298351,8,72247706797628,3,78034379685813,2,19538771638427,3,93349292559326,0,0,0,0,0,0,0,0,0,0,0,0,0,0,0,0,0,0,0,0,0,0,0,0,0,0,0,0,0,0,0,0,85,3016843492021,85,3886256455418,0,0,0,0,0,0,0,0,0,0,12,8590571343446,12,9244072971752,0,0,0,0,0,0,0,0,0,0,0,0,0,0,0,0,0,0,0,0,0,0,0,0,0,0,0,0,0,0,0,0,0,0,9,04705507809595E-10,7,69788364101212E-10,0,0,0,0,0,0,0,0,0,0,1,83925851554854,1,68696705651331,0,0,23,5989327439362,26,1603001227704,12,8590571343446,12,9244072971752,0,0,0,0,0,0,0,0,0,0,0,0,448,15,0,544916334016541,13,8358897772981,85,7175868288762,0,0,0,0,0,0,0,0,0,0,0,0,0,5,19869816696486E-08,0,1,11649893518708E-06,0,2,79124733796771E-10,3,25645532067058E-07,0,0,0,0,0,46411,7424575794,43430,6122643758,0,
180-190C*,0,0219251896816886,463,149994,148,513140720411,799,366280122073,0,0780907533822912,260,164710573679,22,7258786273319,25,7368613986266,1,64483418546459E-06,6,14716345914273,6,24763449968694,209,003851629159,0,0,43,6028989951818,336,583641658298,216,069738135592,41,0382229422186,49,7953141422186,40,0118481795408,39,4362795437914,0,0773912103030323,38,4852741675926,0,0,37,2622731931273,34,8268590575821,206,003851629159,1,44538208327947,4,82569666684509,41,5970464393495,50,3541376393495,23,7124305401226,0,0225998158289574,0,000321593292848606,5,22918169615011E-08,0,242975333809528,0,193994048760696,8,63239954631186E-05,53,4729981291793,9,68145974113197,4,16694921455844,2,40700884926722,4,3105216024964,0,0,0,0,0,0,0,0,0,0,0,0,0,0,0,0,0,0,0,0,0,0,0,0,0,0,0,0,0,0,0,0,0,0,0,0,0,0,0,0,0,0,0,0,0,0,0,0,0,0,0,0,0,0,0,0,0,0,0,0,0,0,0,0,0,0,0,0,0,0,0,0,0,0,0,0,0,0,0,0,39,5038836808188,37,7248411944754,0,0,0,0,0,0,0,0,0,0,60,4961081913971,62,275149892412,8,12778407511925E-06,8,91311262568628E-06,34,8268590575821,37,2622731931273,0,0,0,0,0,0,0,0,0,0,0,0,0,0,458,15,0,584916116589179,13,7361480631645,85,8184325322346,0,0,0,0,0,0,0,0,0,0,0,0,0,6,18371486290768E-08,0,1,328046145054E-06,0,3,32011536263499E-10,3,87346803374467E-07,0,0,0,0,0,46345,4694690788,43379,2206126685,0,
190-200C*,0,0205795387593677,473,149994,155,470559951914,803,82494156654,0,0828132706142703,263,116517419315,23,1485590382384,26,120854395919,1,73465716155908E-06,6,48285475332846,6,30359935737818,212,968411067979,0,0,45,3179139733144,343,371868852483,222,348294378848,39,8505261566786,48,6076173566786,41,6123813766199,40,8500175025408,0,0816174775428574,40,5869217938969,0,0,35,2390595851416,33,0291281015402,209,968411067979,1,44791368047104,4,60726345815307,40,2735240819391,49,0306152819391,23,0678025269274,0,0398475546151816,0,000261649924471243,6,06214883500108E-08,0,152398580138068,0,204587896431356,0,000100074722764875,51,8469332639429,10,8237831750061,4,61468365723525,2,64771174615855,4,76604582282222,0,0,0,0,0,0,0,0,0,0,0,0,0,0,0,0,0,0,0,0,0,0,0,0,0,0,0,0,0,0,0,0,0,0,43,080855010469,43,3654613010058,0,0,0,0,0,0,0,0,0,0,4,78676166782989,4,82656818553391,0,0,0,0,0,0,0,0,0,0,0,0,0,0,0,0,0,0,0,0,0,0,0,0,0,0,0,0,0,0,0,0,0,0,0,0,0,0,0,0,0,0,0,0,0,0,52,1323833217011,51,8079705134603,28,2423664337104,30,4124913996077,4,78676166782989,4,82656818553391,0,0,0,0,0,0,0,0,0,0,0,0,468,15,0,628790764953501,13,6238665068019,85,8793961572825,0,0,0,0,0,0,0,0,0,0,0,0,0,7,16873155885049E-08,0,1,53959335492091E-06,0,3,84898338730227E-10,4,49048074681877E-07,0,0,0,0,0,46277,0785873632,43325,8358801652,0,
200-210C*,0,0193594061404979,483,149994,162,545856118941,809,623641710719,0,087499993365512,266,006342072242,24,4459731030122,27,3091953527765,1,82448013765358E-06,6,81854604751419,6,39600282710846,217,02347218361,0,0,46,3220866422897,350,152073867354,228,276803036821,38,6360285971444,47,3931197971444,42,5043171506146,41,8311469628173,0,0858437447826825,42,6885694202011,0,0,33,0497097463732,30,8596576844062,214,02347218361,1,45117161064743,4,39424098978377,38,9500017245287,47,7070929245287,22,1878928639885,0,115791666437043,0,000201706556093881,6,89511597385205E-08,0,0946120787502722,0,215181744102017,0,000113825450066632,49,6134226944055,12,19501890101,5,13629487944305,2,92269854738529,5,24306666142745,0,0,0,0,0,0,0,0,0,0,0,0,0,0,0,0,0,0,0,0,0,0,0,0,0,0,0,0,0,0,0,0,0,0,3,44781897300523E-14,3,99353390816082E-14,0,0,0,0,0,0,0,0,0,0,1,9154549850029E-15,2,22239809409485E-15,0,0,0,0,0,0,0,0,0,0,0,0,0,0,0,0,0,0,0,0,0,0,0,0,0,0,0,0,0,0,0,0,0,0,93,6777860650491,93,6653067095819,0,0,0,0,0,0,0,0,0,0,0,0,30,8596576844062,33,0497097463732,0,0,0,0,0,0,0,0,0,0,0,0,0,0,478,15,0,676868121155771,13,4445684175707,85,9914976080354,0,0,0,0,0,0,0,0,0,0,0,0,0,8,1537482547933E-08,0,1,75114056478782E-06,0,4,37785141196956E-10,5,10749345989286E-07,0,0,0,0,0,46185,903553927,43254,1820172405,0,
210-220C*,0,0182544365578652,493,149994,169,879882677783,815,382372954584,0,0921051693354066,268,902041801151,25,7433871677859,28,5607555475352,1,91430311374807E-06,7,15423734169992,6,49199441411411,222,592002553531,0,0,47,2283174862023,356,924625903101,234,157210361846,37,4223304156165,46,1794216156165,43,5277460050076,42,7710882276593,0,0900700120225075,44,7902170465054,0,0,30,7288668272064,28,6681562248055,218,171159680435,1,45437868014973,4,18666052635124,37,6264793671183,46,3835705671183,21,3302847284544,0,190544062058311,0,000141763187716518,2,56183968094431E-07,0,0581180077396885,0,225775591772677,0,00042291174766004,47,4210238633112,13,8513839969651,5,74783170213378,3,23874638942576,5,73813043571455,0,0,0,0,0,0,0,0,0,0,0,0,0,0,0,0,0,0,0,0,0,0,0,0,0,0,0,0,0,0,0,0,0,0,0,0,0,0,0,0,0,0,0,0,0,0,0,0,0,0,0,0,0,0,0,0,0,0,0,0,0,0,0,0,0,0,0,0,0,0,0,0,0,0,0,0,0,0,0,0,0,0,0,0,0,0,0,0,0,0,0,0,0,0,0,0,28,6681562248055,30,7288668272064,0,0,0,0,0,0,0,0,0,0,0,0,0,0,488,15,0,729747720372712,13,2632539989061,86,1049708738748,0,0,0,0,0,0,0,0,0,0,0,0,0,3,02947708302145E-07,0,6,50625950716015E-06,0,1,62656487679004E-09,1,89765907714054E-06,0,0,0,0,0,46093,0274637759,43180,6971014584,0,
220-230C*,0,0172691068807486,503,149994,177,480679182837,821,096451563996,0,096567599791846,271,803671382946,27,0408012325597,29,8789669146876,0,0102753494744372,7,48992863588565,6,59130162916954,228,048755953172,0,0,48,0490336360917,363,689862026194,239,986704204894,36,2095252867776,44,9666164867776,44,6480247894144,43,6606047242152,0,0942962792623327,46,8918646728097,0,0,28,3111739780259,26,4604283610971,222,414667372786,1,45753103628866,3,98454992288707,36,3029570097079,45,0600482097079,20,4951860510195,0,264104741478986,8,18198193391553E-05,5,53067086204558E-07,0,0353116644106493,0,236369439443337,0,000913010168980595,45,2714672543523,15,8689130863844,6,46966505645419,3,60399844561993,6,24778346308597,0,0,0,0,0,0,0,0,0,0,0,0,0,0,0,0,0,0,0,0,0,0,0,0,0,0,0,0,0,0,0,0,0,0,0,0,0,0,0,0,0,0,0,0,0,0,0,0,0,0,0,0,0,0,0,0,0,0,0,0,0,0,0,0,0,0,0,0,0,0,0,0,0,0,0,0,0,0,0,0,0,0,0,0,0,0,0,0,0,0,0,0,0,0,0,0,26,4604283610971,28,3111739780259,0,0,0,0,0,0,0,0,0,0,0,0,0,0,498,15,0,787984496148134,13,0857373814232,86,2520421210594,0,0,0,0,0,0,0,0,0,0,0,0,0,6,54023776543485E-07,0,1,40461482210681E-05,0,3,51153705526704E-09,4,09679334819611E-06,0,0,0,0,0,45998,7434175752,43105,6572288442,0,
230-240C*,0,0182222364686075,513,150024,185,355152570524,826,76119380481,0,0992881374996213,274,711279847857,27,3185390151615,30,6942787145441,0,0205487846457607,7,82561993007138,6,69363614870572,233,349672280959,0,0,48,7953129842458,370,448091176164,245,9221859712,34,9977068853107,43,7547980853107,46,8501866356223,44,6168939229088,0,0985225465021577,48,993512299114,0,0,25,8312743492162,24,6888273625472,226,86363670623,1,46062479574303,3,78793344402562,34,9794346522974,43,7365258522974,19,6827829482637,0,336473704699067,2,18764509617927E-05,8,49950204314685E-07,0,021213230353765,0,246963287113998,0,00140310859030115,43,1664096676055,18,3488412768162,7,3278768885844,4,02859481959712,6,76857206094418,0,0,0,0,0,0,0,0,0,0,0,0,0,0,0,0,0,0,0,0,0,0,0,0,0,0,0,0,0,0,0,0,0,0,0,0,0,0,0,0,0,0,0,0,0,0,0,0,0,0,0,0,0,0,0,0,0,0,0,0,0,0,0,0,0,0,0,0,0,0,0,0,0,0,0,0,0,0,0,0,0,0,0,0,0,0,0,0,0,0,0,0,0,0,0,0,24,6888273625472,25,8312743492162,0,0,0,0,0,0,0,0,0,0,0,0,0,0,508,15,0,852215880024433,12,902618573463,86,3654340962935,0,0,0,0,0,0,0,0,0,0,0,0,0,1,00509984478483E-06,0,2,15860369349761E-05,0,5,39650923374403E-09,6,29592761925168E-06,0,0,0,0,0,45903,3344872545,43029,3284420754,0,
240-250C*,0,0175788912814462,523,150024,193,508641972583,832,371915942886,0,10207434591852,277,624911039264,28,6846327750371,32,3983551060147,0,0308222198170841,8,1613112242571,6,79869261959205,238,494541424391,0,0,49,4770656822288,377,199597533784,251,653897077983,33,7869688858985,42,5440600858985,47,9915561338011,45,0691677556881,0,102748813741983,51,0951599254183,0,0,23,3238110911618,22,5324771382972,231,391916911539,1,46365605543655,3,59683158073947,33,655912294887,42,413003494887,18,8932418477038,0,407650951718555,0,1,14683332242481E-06,0,0125952540633132,0,257557134784658,0,0018932070116217,41,107437009576,21,4275176458742,8,3561686437707,4,52525777148765,7,29704254669163,0,0,0,0,0,0,0,0,0,0,0,0,0,0,0,0,0,0,0,0,0,0,0,0,0,0,0,0,0,0,0,0,0,0,0,0,0,0,0,0,0,0,0,0,0,0,0,0,0,0,0,0,0,0,0,0,0,0,0,0,0,0,0,0,0,0,0,0,0,0,0,0,0,0,0,0,0,0,0,0,0,0,0,0,0,0,0,0,0,0,0,0,0,0,0,0,22,5324771382972,23,3238110911618,0,0,0,0,0,0,0,0,0,0,0,0,0,0,518,15,0,923176338182142,12,7194065212957,86,4753352419241,0,0,0,0,0,0,0,0,0,0,0,0,0,1,35617591302617E-06,0,2,91259256488841E-05,0,7,28148141222103E-09,8,49506189030725E-06,0,0,0,0,0,45807,0736692795,42951,9667075626,0,
250-260C*,0,0169342346380603,533,150024,201,944448904171,837,923934244082,0,105023653898758,280,54460415134,30,1774220356767,34,2242264724419,0,0410956549884076,8,49700251844283,6,9061476812206,243,48351329743,0,0,50,1031871063457,383,944643372887,257,290232160858,32,577404963224,41,334496163224,48,9991506100761,45,4689806439197,0,106975080981808,53,1968075517226,0,0,20,8234273542471,20,3067928836384,235,991722547008,1,46662090370918,3,41126086512508,32,3323899374766,41,0894811374766,18,1267115286842,0,47763648253745,0,1,44371644053494E-06,0,00738824050957575,0,268150982455318,0,00238330543294226,39,0960672130318,25,2908678633026,9,59851177736674,5,11007575743037,7,82974123773077,0,0,0,0,0,0,0,0,0,0,0,0,0,0,0,0,0,0,0,0,0,0,0,0,0,0,0,0,0,0,0,0,0,0,0,0,0,0,0,0,0,0,0,0,0,0,0,0,0,0,0,0,0,0,0,0,0,0,0,0,0,0,0,0,0,0,0,0,0,0,0,0,0,0,0,0,0,0,0,0,0,0,0,0,0,0,0,0,0,0,0,0,0,0,0,0,20,3067928836384,20,8234273542471,0,0,0,0,0,0,0,0,0,0,0,0,0,0,528,15,1,0017145713304,12,5369221024315,86,5818355073505,0,0,0,0,0,0,0,0,0,0,0,0,0,1,70725198126751E-06,0,3,66658143627921E-05,0,9,16645359069803E-09,1,06941961613628E-05,0,0,0,0,0,45710,2239057781,42873,8179585632,0,
260-270C*,0,0162915000792626,543,150024,210,663055281294,843,412564974255,0,108233490290551,283,470394245311,31,7998430381003,36,1563546033284,0,0513690901597311,8,83269381262856,7,015659219288,248,317069102286,0,0,50,6816875487569,377,071287725423,262,835072304661,31,3691087919699,40,1261999919699,49,8353906730428,45,7965773105021,0,111201348221633,55,2984551780268,0,0,18,3647662888568,18,0470680861695,240,655268170933,1,4695154317712,3,2312336838066,31,0088675800662,39,7659587800662,17,3833250820541,0,546430297155751,0,1,74059955864507E-06,0,00427979722025108,0,278744830125979,0,00287340385426281,37,1337532664538,30,1957963720158,11,1128703841526,5,80356355350255,8,32040501921884,0,0,0,0,0,0,0,0,0,0,0,0,0,0,0,0,0,0,0,0,0,0,0,0,0,0,0,0,0,0,0,0,0,0,0,0,0,0,0,0,0,0,0,0,0,0,0,0,0,0,0,0,0,0,0,0,0,0,0,0,0,0,0,0,0,0,0,0,0,0,0,0,0,0,0,0,0,0,0,0,0,0,0,0,0,0,0,0,0,0,0,0,0,0,0,0,18,0470680861695,18,3647662888568,0,0,0,0,0,0,0,0,0,0,0,0,0,0,538,15,1,08881395578482,12,3559405153432,86,6850679894414,0,0,0,0,0,0,0,0,0,0,0,0,0,2,05832804950885E-06,0,4,42057030767001E-05,0,1,1051425769175E-08,1,28933304324184E-05,0,0,0,0,0,45613,0381654137,42795,1181961431,0,
270-280C*,0,0156537425054451,553,150024,219,661643857721,848,833124399264,0,111801283944114,286,402312745168,33,5783908249162,38,1914216153507,0,0616425253310545,9,16838510681429,7,12686586689116,252,995994182824,0,0,51,219802803969,381,92947140677,268,288512632338,30,162174046819,38,9192652468191,50,4391381297084,46,0194266942778,0,115427615461458,57,4001028043311,0,0,15,9824710453754,15,7891516903716,245,374768341607,1,47233574542247,3,05675809059807,29,6853452226558,38,4424364226558,16,6632017918957,0,61403239557346,0,2,03748267675519E-06,0,00244713928527653,0,289338677796639,0,00336350227558337,35,2218863346568,36,5023430497042,12,976491999834,6,63210951774876,8,7876467650974,0,0,0,0,0,0,0,0,0,0,0,0,0,0,0,0,0,0,0,0,0,0,0,0,0,0,0,0,0,0,0,0,0,0,0,0,0,0,0,0,0,0,0,0,0,0,0,0,0,0,0,0,0,0,0,0,0,0,0,0,0,0,0,0,0,0,0,0,0,0,0,0,0,0,0,0,0,0,0,0,0,0,0,0,0,0,0,0,0,0,0,0,0,0,0,0,15,7891516903716,15,9824710453754,0,0,0,0,0,0,0,0,0,0,0,0,0,0,548,15,1,18561692174578,12,177191309911,86,7852091012082,0,0,0,0,0,0,0,0,0,0,0,0,0,2,40940411775019E-06,0,5,17455917906081E-05,0,1,2936397947652E-08,1,5092464703474E-05,0,0,0,0,0,45515,7595765147,42716,0936404414,0,
280-290C*,0,0150238070368115,563,150024,228,933116429143,854,180928784967,0,115824463709663,289,340387913791,35,9288561210767,40,5816738290867,0,071915960502378,9,50407640100002,7,23938676916737,257,521352415776,0,0,51,7240889793459,386,57928779754,273,638383740881,28,9566944024543,37,7137856024544,50,3599591047359,45,902506507534,0,119653882701283,59,5017504306354,0,0,13,7111847741875,13,5158196633793,250,142437617326,1,47507797701434,2,88783761914226,28,3618228652454,37,1189140652454,15,9664489428388,0,680442777790574,0,2,33436579486532E-06,0,00138052215698748,0,299932525467299,0,00385360069690392,33,3617989538215,44,7227871882993,15,2935220243143,7,62997133385635,9,25187773238503,0,0,0,0,0,0,0,0,0,0,0,0,0,0,0,0,0,0,0,0,0,0,0,0,0,0,0,0,0,0,0,0,0,0,0,0,0,0,0,0,0,0,0,0,0,0,0,0,0,0,0,0,0,0,0,0,0,0,0,0,0,0,0,0,0,0,0,0,0,0,0,0,0,0,0,0,0,0,0,0,0,0,0,0,0,0,0,0,0,0,0,0,0,0,0,0,13,5158196633793,13,7111847741875,0,0,0,0,0,0,0,0,0,0,0,0,0,0,558,15,1,29345411321674,12,0013588275376,86,8824783081056,0,0,0,0,0,0,0,0,0,0,0,0,0,2,76048018599153E-06,0,5,92854805045161E-05,0,1,4821370126129E-08,1,72915989745295E-05,0,0,0,0,0,45248,5049623964,42477,2639946048,0,
290-300C*,0,0144043296527832,573,150024,238,465151428138,859,451294397222,0,120400458437413,292,284645310446,38,4031470822536,42,9682553289502,0,0821893956737015,9,83976769518575,7,35282162771007,261,894462083519,0,0,52,2005042040975,391,021760414127,278,898237191931,27,7527635335586,36,5098547335586,50,011302292069,45,6665711262895,0,123880149941108,61,6033980569397,0,0,11,5855506256774,11,3651735447602,254,950490556384,1,47773829762607,2,724471096327,27,038300507835,35,795391707835,15,2931635567239,0,745661443807096,0,2,63124891297545E-06,0,000768003459251162,0,31052637313796,0,00434369911822448,31,5547682858261,55,5979353196043,18,2061085162001,8,8420572992328,9,71405601037775,0,0,0,0,0,0,0,0,0,0,0,0,0,0,0,0,0,0,0,0,0,0,0,0,0,0,0,0,0,0,0,0,0,0,0,0,0,0,0,0,0,0,0,0,0,0,0,0,0,0,0,0,0,0,0,0,0,0,0,0,0,0,0,0,0,0,0,0,0,0,0,0,0,0,0,0,0,0,0,0,0,0,0,0,0,0,0,0,0,0,0,0,0,0,0,0,11,3651735447602,11,5855506256774,0,0,0,0,0,0,0,0,0,0,0,0,0,0,568,15,1,41387935884213,11,8299216831351,86,9833040058724,0,0,0,0,0,0,0,0,0,0,0,0,0,3,11155625423287E-06,0,6,6825369218424E-05,0,1,6706342304606E-08,1,94907332455851E-05,0,0,0,0,0,45135,6914943748,42383,1242042024,0,
300-310C*,0,0137973901073171,583,150024,248,244637277217,864,573850467005,0,129352189008411,295,237871265794,40,9705541331713,45,2981126587361,0,0924628308450249,38,7073566739506,7,46446337268231,266,123132887115,0,0,52,6797087283375,395,258380814762,284,059480847849,26,5517888555123,35,3088800555123,49,3892341165989,45,315514127394,0,128106417180933,63,705045683244,0,0,9,6402117502298,9,38637321386984,259,711767290433,1,48027446456942,2,5666524573687,25,7147781504246,34,4718693504246,14,6539224209465,0,818864947660344,0,6,12760647569006E-06,0,000421107916783318,0,32112022080862,0,010115530580945,29,8303831645091,55,5508220803135,19,0063449009121,9,42730384848049,10,1751396883716,0,0,0,0,0,0,0,0,0,0,0,0,0,0,0,0,0,0,0,0,0,0,0,0,0,0,0,0,0,0,0,0,0,0,0,0,0,0,0,0,0,0,0,0,0,0,0,0,0,0,0,0,0,0,0,0,0,0,0,0,0,0,0,0,0,0,0,0,0,0,0,0,0,0,0,0,0,0,0,0,0,0,0,0,0,0,0,0,0,0,0,0,0,0,0,0,9,38637321386984,9,6402117502298,0,0,0,0,0,0,0,0,0,0,0,0,0,0,578,15,1,55065738476601,11,6666808986701,87,0855122488952,0,0,0,0,0,0,0,0,0,0,0,0,0,7,24613781649063E-06,0,0,000155621751763557,0,3,89054379408893E-08,4,53896788945521E-05,0,0,0,0,0,45021,8759227697,42287,6426958267,0,
310-320C*,0,0132054756953438,593,150024,258,240004500924,869,612994392428,0,138482820127825,298,197118844849,43,6003676985541,47,5208048183916,0,102736266016348,65,1486263764528,7,576164488433,270,202701945464,0,0,53,1396388612142,399,291076094282,289,102856250731,25,3524824203532,34,1095736203532,48,4898210032167,44,8546294209658,0,132332684420758,65,8066933095483,0,0,7,90981129822921,7,62456576064259,264,496981016774,1,4827231420603,2,41437056354536,24,3912557930142,33,1483469930142,14,0375391012349,0,890396868873483,0,9,68925943523336E-06,0,000227456403777024,0,33171406847928,0,0159951525138983,28,1596091138213,54,9642350968393,19,7187922324741,10,0147153910975,10,6360868556625,0,0,0,0,0,0,0,0,0,0,0,0,0,0,0,0,0,0,0,0,0,0,0,0,0,0,0,0,0,0,0,0,0,0,0,0,0,0,0,0,0,0,0,0,0,0,0,0,0,0,0,0,0,0,0,0,0,0,0,0,0,0,0,0,0,0,0,0,0,0,0,0,0,0,0,0,0,0,0,0,0,0,0,0,0,0,0,0,0,0,0,0,0,0,0,0,7,62456576064259,7,90981129822921,0,0,0,0,0,0,0,0,0,0,0,0,0,0,588,15,1,704653179537,11,5077058251938,87,184272216167,0,0,0,0,0,0,0,0,0,0,0,0,0,1,14579337765855E-05,0,0,000246076430101165,0,6,15191075252912E-08,7,17722941634766E-05,0,0,0,0,0,44910,4377137207,42194,1439406002,0,
320-330C*,0,0126306682506215,603,150024,268,415259318974,874,571676044926,0,147613451247238,301,162102387484,46,2618782031266,49,6613296528547,0,113009701187672,67,229257526494,7,68776147036366,274,134352579998,0,0,53,5820353123726,403,122175907082,294,001660284947,24,1547852306526,32,9118764306526,47,3615672275375,44,259871096937,0,136558951660584,67,9083409358526,0,0,6,37655456933589,6,07879925020827,269,30958231194,1,48508521972475,2,26760902366051,23,0677334356038,31,8248246356038,13,4429292444286,0,95919740259257,0,1,32509123947767E-05,0,000120956611860094,0,34230791614994,0,0218747744468515,26,5403656911103,54,3933001571418,20,4540130270527,10,641125036319,11,0978556015466,0,0,0,0,0,0,0,0,0,0,0,0,0,0,0,0,0,0,0,0,0,0,0,0,0,0,0,0,0,0,0,0,0,0,0,0,0,0,0,0,0,0,0,0,0,0,0,0,0,0,0,0,0,0,0,0,0,0,0,0,0,0,0,0,0,0,0,0,0,0,0,0,0,0,0,0,0,0,0,0,0,0,0,0,0,0,0,0,0,0,0,0,0,0,0,0,6,07879925020827,6,37655456933589,0,0,0,0,0,0,0,0,0,0,0,0,0,0,598,15,1,87847277190175,11,3530323092047,87,2794043584977,0,0,0,0,0,0,0,0,0,0,0,0,0,1,56697297366803E-05,0,0,000336531108438772,0,8,41327771096931E-08,9,81549094324011E-05,0,0,0,0,0,44801,8159201974,42103,0541211703,0,
330-340C*,0,012074829980591,613,150024,278,723643964174,879,449829400154,0,149700904508868,304,132671281316,48,9243760716131,52,8124603507555,0,123283136358995,69,3098886765353,7,79898836014556,277,919703605789,0,0,54,0095082492901,406,754379347841,298,612407048988,22,9586986068974,31,7157898068974,46,892770965961,43,1619316298662,0,140785218900409,70,0099885621568,0,0,4,18285296242591,4,02560801937832,274,149571175931,1,48735990562911,2,12634602042223,21,7442110781934,30,5013022781934,12,8695211326181,1,02462181475195,0,1,681256535432E-05,6,32888462072036E-05,0,352901763820601,0,0277543963798048,24,9718935165456,53,8346674733816,21,2123061834844,11,3093544251977,11,5614040153198,0,0,0,0,0,0,0,0,0,0,0,0,0,0,0,0,0,0,0,0,0,0,0,0,0,0,0,0,0,0,0,0,0,0,0,0,0,0,0,0,0,0,0,0,0,0,0,0,0,0,0,0,0,0,0,0,0,0,0,0,0,0,0,0,0,0,0,0,0,0,0,0,0,0,0,0,0,0,0,0,0,0,0,0,0,0,0,0,0,0,0,0,0,0,0,0,4,02560801937832,4,18285296242591,0,0,0,0,0,0,0,0,0,0,0,0,0,0,608,15,2,07530478809224,11,2028144834846,87,3706197575664,0,0,0,0,0,0,0,0,0,0,0,0,0,1,98815256967752E-05,0,0,00042698578677638,0,1,06746446694095E-07,0,000124537524701326,0,0,0,0,0,44696,3028648667,42014,6545497139,0,
340-350C*,0,0115395949724256,623,150024,289,105963018902,884,247388433766,0,158825439229177,307,10868125647,51,557151728738,55,98856986689,0,133556571530319,71,3905198265765,7,90957948133808,282,016947608747,0,602405138973455,0,54,4244027941606,410,190721987614,302,999346346334,21,7642238695746,30,5213150695746,46,4536969157461,42,0782692806455,0,145011486140234,72,1116361884611,0,0,1,98915135551593,1,9331608524645,279,016947608747,1,48954649102014,1,990554143029,20,420688720783,29,177779920783,12,3167671237655,1,08602537128598,0,2,03742183138632E-05,3,25624266988254E-05,0,363495611491261,0,033634018312758,23,4534436506472,53,2854872441104,21,9939361363223,12,0224181888078,12,0276901862781,0,0,0,0,0,0,0,0,0,0,0,0,0,0,0,0,0,0,0,0,0,0,0,0,0,0,0,0,0,0,0,0,0,0,0,0,0,0,0,0,0,0,0,0,0,0,0,0,0,0,0,0,0,0,0,0,0,0,0,0,0,0,0,0,0,0,0,0,0,0,0,0,0,0,0,0,0,0,0,0,0,0,0,0,0,0,0,0,0,0,0,0,0,0,0,0,1,9331608524645,1,98915135551593,0,0,0,0,0,0,0,0,0,0,0,0,0,0,618,15,2,29895564325234,11,0571811972779,87,4576535194263,0,0,0,0,0,0,0,0,0,0,0,0,0,2,409332165687E-05,0,0,000517440465113987,0,1,29360116278497E-07,0,00015092013997025,0,0,602405138973455,0,0,0,44594,1852207316,41929,2209192397,0,
350-360C*,0,0110264485192893,633,150024,299,488437048658,888,964287121416,0,168665425097764,310,089994084909,54,1294955992258,59,0606704279261,0,143830006701642,73,4711509766177,8,01926997291847,286,911711610389,0,631956468027699,0,54,8288300894717,413,434543330691,307,177048128951,20,5713623391709,29,3284535391709,45,8705044007742,40,9393295720739,0,149237753380059,74,2132838147654,0,0,0,0,283,911711610389,1,49164435128822,1,86020022736592,19,0971663633726,27,8542575633726,11,7841425103869,1,142763338129,0,2,39358712734065E-05,1,64630325732032E-05,0,374089459161921,0,0395136402457113,21,9842782608211,52,743363217944,22,799129375153,12,7835323624652,12,4976722037176,0,0,0,0,0,0,0,0,0,0,0,0,0,0,0,0,0,0,0,0,0,0,0,0,0,0,0,0,0,0,0,0,0,0,0,0,0,0,0,0,0,0,0,0,0,0,0,0,0,0,0,0,0,0,0,0,0,0,0,0,0,0,0,0,0,0,0,0,0,0,0,0,0,0,0,0,0,0,0,0,0,0,0,0,0,0,0,0,0,0,0,0,0,0,0,0,0,0,0,0,0,0,0,0,0,0,0,0,0,0,0,0,628,15,2,55398659155373,10,9162383635179,87,5402625257798,0,0,0,0,0,0,0,0,0,0,0,0,0,2,83051176169649E-05,0,0,000607895143451595,0,1,51973785862899E-07,0,000177302755239175,0,0,631956468027699,0,0,0,44495,7445126062,41847,0238162845,0,
360-370C*,0,0105367271625169,643,150024,309,781041324666,893,600459438759,0,179220862114629,313,076477297501,56,6106981078009,60,9270797484896,0,154103441872966,75,551782126659,8,12779638133192,291,833863180856,0,661507797081942,0,55,2246942817574,416,489454925612,311,39622746331,19,3801153361734,28,1372065361734,43,3893018921991,39,0729202515104,0,153464020619884,76,3149314410697,0,0,0,0,288,833863180856,1,48457711265471,1,73524520532905,17,7736440059622,26,5307352059622,11,2711444455417,1,19419098121535,0,2,74975242329498E-05,8,17339486242814E-06,0,384683306832582,0,0453932621786645,20,5636711866674,52,2063100359901,23,6280708592011,13,5961223678898,12,9723081569342,0,0,0,0,0,0,0,0,0,0,0,0,0,0,0,0,0,0,0,0,0,0,0,0,0,0,0,0,0,0,0,0,0,0,0,0,0,0,0,0,0,0,0,0,0,0,0,0,0,0,0,0,0,0,0,0,0,0,0,0,0,0,0,0,0,0,0,0,0,0,0,0,0,0,0,0,0,0,0,0,0,0,0,0,0,0,0,0,0,0,0,0,0,0,0,0,0,0,0,0,0,0,0,0,0,0,0,0,0,0,0,0,638,15,2,84588485546063,10,7800711552396,87,6182233260571,0,0,0,0,0,0,0,0,0,0,0,0,0,3,25169135770597E-05,0,0,000698349821789202,0,1,74587455447301E-07,0,000203685370508099,0,0,661507797081942,0,0,0,44401,2575796929,41768,3291918707,0,
370-380C*,0,0100959058650738,653,150024,319,875656761668,898,155839361448,0,190491750279771,316,068003917634,58,9374987247938,62,6750092410538,0,164376877044289,77,6324132767002,8,23489730320054,296,783402320147,0,691059126136186,0,55,613716029872,419,359309332442,315,295058364084,18,190484181069,26,947575381069,41,0625012752062,37,3249907589462,0,157690287859709,78,416579067374,0,0,0,0,293,783402320147,1,48728122672835,1,61564396491305,16,4501216485518,25,2072128485518,10,7772909316472,1,2396635664794,0,3,10591771924931E-05,3,98175321496617E-06,0,395277154503242,0,0512728841116177,19,1909084151427,51,6727131370372,24,4809003398149,14,4638304789984,13,4646903656691,0,0,0,0,0,0,0,0,0,0,0,0,0,0,0,0,0,0,0,0,0,0,0,0,0,0,0,0,0,0,0,0,0,0,0,0,0,0,0,0,0,0,0,0,0,0,0,0,0,0,0,0,0,0,0,0,0,0,0,0,0,0,0,0,0,0,0,0,0,0,0,0,0,0,0,0,0,0,0,0,0,0,0,0,0,0,0,0,0,0,0,0,0,0,0,0,0,0,0,0,0,0,0,0,0,0,0,0,0,0,0,0,648,15,3,18127819793861,10,6487460546645,87,6913301680244,0,0,0,0,0,0,0,0,0,0,0,0,0,3,67287095371546E-05,0,0,00078880450012681,0,1,97201125031702E-07,0,000230067985777024,0,0,691059126136186,0,0,0,44310,9970031506,41693,3987949142,0,
380-390C*,0,00963285068559027,663,150024,329,651690693334,902,618626844963,0,201465507171277,319,064905083389,60,7078374070795,64,1646392806949,0,174650312215613,79,7130444267415,8,33982802165414,301,610816071323,0,720610455190429,0,56,0016349511326,422,048170118079,318,856209043274,17,0027048747481,25,7597960747481,39,2921625929205,35,8353607193051,0,161916555099534,80,5182266936783,0,0,0,0,298,610816071323,1,4900212441617,1,50134522281533,15,1265992911414,23,8836904911414,10,3038389541535,1,27795626209808,0,4,14129696904566E-05,1,90189923734545E-06,0,405871002173902,0,068365056243986,17,8700928022392,51,1421923989931,25,3577086053115,15,3903575372434,13,962598970436,0,0,0,0,0,0,0,0,0,0,0,0,0,0,0,0,0,0,0,0,0,0,0,0,0,0,0,0,0,0,0,0,0,0,0,0,0,0,0,0,0,0,0,0,0,0,0,0,0,0,0,0,0,0,0,0,0,0,0,0,0,0,0,0,0,0,0,0,0,0,0,0,0,0,0,0,0,0,0,0,0,0,0,0,0,0,0,0,0,0,0,0,0,0,0,0,0,0,0,0,0,0,0,0,0,0,0,0,0,0,0,0,658,15,3,56808713839493,10,5228646829723,87,7588817511271,0,0,0,0,0,0,0,0,0,0,0,0,0,4,89724800307781E-05,0,0,00105175796039255,0,2,62939490098137E-07,0,000306762747212477,0,0,720610455190429,0,0,0,44225,6687708766,41622,876416396,0,
390-400C*,0,00916749551176178,673,150024,339,947728270333,906,531569405063,0,173668676309246,322,084535438357,62,3734613176032,65,5903723988641,0,184923747386936,296,168886561262,8,42308775060649,300,675415868672,0,750161784244673,0,56,5514606666691,424,56028302246,322,396113910165,15,8259224668954,24,5830136668954,37,6265386823968,34,4096276011359,0,166142822339359,321,775694455039,0,0,0,0,297,675415868672,1,49250916073649,1,39229141142832,13,803076933731,22,560168133731,9,91666596908928,1,29041445078083,0,6,49515036453536E-05,8,89990331363295E-07,0,416464849844563,0,107222766998748,16,7865091559877,50,6509586768431,26,2585336646067,16,3722805338395,14,465251890737,0,0,0,0,0,0,0,0,0,0,0,0,0,0,0,0,0,0,0,0,0,0,0,0,0,0,0,0,0,0,0,0,0,0,0,0,0,0,0,0,0,0,0,0,0,0,0,0,0,0,0,0,0,0,0,0,0,0,0,0,0,0,0,0,0,0,0,0,0,0,0,0,0,0,0,0,0,0,0,0,0,0,0,0,0,0,0,0,0,0,0,0,0,0,0,0,0,0,0,0,0,0,0,0,0,0,0,0,0,0,0,0,668,15,4,01025082742945,10,4238383832156,87,800905399965,0,0,0,0,0,0,0,0,0,0,0,0,0,7,68077305012515E-05,0,0,00164956199734232,0,4,12390499335579E-07,0,000481122262971192,0,0,750161784244673,0,0,0,44160,488294279,41570,0899538534,0,
400-410C*,0,00861583487042548,683,150024,354,04204426772,910,347863647787,0,145871845447215,325,109125038683,63,9427307417775,66,9599427398922,0,19519718255826,322,88909400998,8,50292185519492,300,586593269114,0,779713113298916,0,57,1016728054748,426,900048411183,326,904186825564,14,6510730253903,23,4081642253904,36,0572692582225,33,0400572601078,0,170369089579184,563,0331622164,0,0,0,0,296,740015666022,1,49501395083951,1,28841858220791,12,4795545763206,21,2366457763206,9,54831805907292,1,30287263946358,0,8,84900376002507E-05,4,07653247615336E-07,0,427058697515223,0,146080477753511,15,7527171110754,65,1954122647751,32,5267208504782,19,7513516793018,14,9726491265721,0,0,0,0,0,0,0,0,0,0,0,0,0,0,0,0,0,0,0,0,0,0,0,0,0,0,0,0,0,0,0,0,0,0,0,0,0,0,0,0,0,0,0,0,0,0,0,0,0,0,0,0,0,0,0,0,0,0,0,0,0,0,0,0,0,0,0,0,0,0,0,0,0,0,0,0,0,0,0,0,0,0,0,0,0,0,0,0,0,0,0,0,0,0,0,0,0,0,0,0,0,0,0,0,0,0,0,0,0,0,0,0,678,15,4,512083115764,10,3302293862701,87,8371332176927,0,0,0,0,0,0,0,0,0,0,0,0,0,0,000104642980971725,0,0,00224736603429208,0,5,6184150857302E-07,0,000655481778729907,0,0,779713113298916,0,0,0,44096,9857195785,41518,6556279301,0,
410-420C*,0,00810167376740208,693,150024,368,021455791098,914,089517948619,0,118075014585184,328,137737387577,65,4240059650148,68,2801397075082,0,205470617729583,350,52215174791,8,58005697366686,303,326469428227,0,80926444235316,0,57,6457482843682,429,07199510456,331,043237460701,13,477716382723,22,2348075827231,34,5759940349852,31,7198602924918,0,174595356819009,804,29062997776,0,0,0,0,295,804615463372,1,49754637775347,1,18965632751904,11,1560322189102,19,9131234189102,9,19524032389382,1,31533082814633,0,0,000112028571555148,1,82602213192908E-07,0,437652545185883,0,184938188508273,14,7591327106092,84,8636202474781,40,6573408963591,24,0071946881755,15,4847906779413,0,0,0,0,0,0,0,0,0,0,0,0,0,0,0,0,0,0,0,0,0,0,0,0,0,0,0,0,0,0,0,0,0,0,0,0,0,0,0,0,0,0,0,0,0,0,0,0,0,0,0,0,0,0,0,0,0,0,0,0,0,0,0,0,0,0,0,0,0,0,0,0,0,0,0,0,0,0,0,0,0,0,0,0,0,0,0,0,0,0,0,0,0,0,0,0,0,0,0,0,0,0,0,0,0,0,0,0,0,0,0,0,688,15,5,09413058079954,10,2410021111551,87,8683815811532,0,0,0,0,0,0,0,0,0,0,0,0,0,0,000132478231442198,0,0,00284517007124185,0,7,11292517810461E-07,0,000829841294488622,0,0,80926444235316,0,0,0,44034,8188241574,41468,3012928729,0,
420-430C*,0,00761785161955458,703,150024,381,873462095837,917,77854068305,0,0902781837231525,331,169467175156,66,8256472727276,69,5569334164255,0,215744052900907,379,834593354834,8,65526902755349,305,936883987893,0,838815771407403,0,58,1772598508642,431,080755649549,334,8476685911,12,3054123713838,21,0625035713838,33,1743527272723,30,4430665835745,0,178821624058835,1045,54809773912,0,0,0,0,294,869215260721,1,5001181011615,1,09592772316663,9,83250986149976,18,5896010614998,8,85399624746027,1,32778901682908,0,0,000135567105510045,7,99114963384254E-08,0,448246392856544,0,223795899263036,13,7963849132875,111,784439243301,51,3109596682513,29,4141702210554,16,0016765448446,0,0,0,0,0,0,0,0,0,0,0,0,0,0,0,0,0,0,0,0,0,0,0,0,0,0,0,0,0,0,0,0,0,0,0,0,0,0,0,0,0,0,0,0,0,0,0,0,0,0,0,0,0,0,0,0,0,0,0,0,0,0,0,0,0,0,0,0,0,0,0,0,0,0,0,0,0,0,0,0,0,0,0,0,0,0,0,0,0,0,0,0,0,0,0,0,0,0,0,0,0,0,0,0,0,0,0,0,0,0,0,0,698,15,5,77244275586675,10,1551377533057,87,8954492667256,0,0,0,0,0,0,0,0,0,0,0,0,0,0,000160313481912672,0,0,00344297410819161,0,8,60743527047903E-07,0,00100420081024734,0,0,838815771407403,0,0,0,43973,6492245948,41418,7579425222,0,
430-440C*,0,00716183851661327,713,150024,395,587478192764,921,436940226564,0,0624813528611214,334,203438163591,68,1560149503285,70,7955758806211,0,22601748807223,411,592952410532,8,72937749604773,308,417765270582,0,868367100461647,0,58,6898737654562,432,931043079548,338,34863822209,11,1337208238629,19,8908120238629,31,8439850496715,29,2044241193789,0,18304789129866,1286,80556550048,0,0,0,0,293,933815058071,1,50274165233262,1,00714929391811,8,50898750408936,17,2660787040894,8,52125966990465,1,33383095705133,0,0,000159105639464942,3,41314212017786E-08,0,458840240527204,0,262653610017798,12,8553069365789,149,110297037052,65,4221101321228,36,3480151821121,16,5233067272819,0,0,0,0,0,0,0,0,0,0,0,0,0,0,0,0,0,0,0,0,0,0,0,0,0,0,0,0,0,0,0,0,0,0,0,0,0,0,0,0,0,0,0,0,0,0,0,0,0,0,0,0,0,0,0,0,0,0,0,0,0,0,0,0,0,0,0,0,0,0,0,0,0,0,0,0,0,0,0,0,0,0,0,0,0,0,0,0,0,0,0,0,0,0,0,0,0,0,0,0,0,0,0,0,0,0,0,0,0,0,0,0,708,15,6,56706349303846,10,0716363262903,87,9191154950954,0,0,0,0,0,0,0,0,0,0,0,0,0,0,000188148732383145,0,0,00404077814514138,0,1,01019453628534E-06,0,00117856032600605,0,0,868367100461647,0,0,0,43915,9738761158,41372,4272723833,0,
440-450C*,0,00673143079193666,723,150024,409,15483560249,925,086724954651,0,0515305746301583,337,238801572269,69,4234692832299,72,000682575819,0,236290923243553,454,706329467938,8,80324124795649,310,769015806895,0,89791842951589,0,59,1773516727397,434,62762918757,341,574359979059,9,96220157265051,18,7192927726505,30,5765307167701,27,999317424181,0,187274158538485,1528,14520297424,0,0,0,0,292,99841485542,1,50543042559319,0,923231004410816,7,18546514667896,15,942556346679,8,19380865772613,1,38815177349316,0,0,000182644173419839,1,4212435536791E-08,0,469434088197864,0,301511320772561,11,9269298477759,201,580595192196,84,3305351756369,45,3294670471085,16,9947101857062,0,0,0,0,0,0,0,0,0,0,0,0,0,0,0,0,0,0,0,0,0,0,0,0,0,0,0,0,0,0,0,0,0,0,0,0,0,0,0,0,0,0,0,0,0,0,0,0,0,0,0,0,0,0,0,0,0,0,0,0,0,0,0,0,0,0,0,0,0,0,0,0,0,0,0,0,0,0,0,0,0,0,0,0,0,0,0,0,0,0,0,0,0,0,0,0,0,0,0,0,0,0,0,0,0,0,0,0,0,0,0,0,718,15,7,50323597903327,9,98951817934199,87,9401384835946,0,0,184195867770399,0,0,0,0,0,0,0,0,0,0,0,0,000215983982853619,0,0,00463858218209114,0,1,15964554552279E-06,0,00135291984176477,0,0,89791842951589,0,0,0,43837,3525850424,41306,3309490307,0,
450-460C*,0,00632469994895442,733,150024,422,568840302614,928,749903242797,0,0552337048144796,340,274734923936,70,6735411315218,73,1650986095705,0,246564358414877,505,737000199148,8,87775603915645,312,990513894395,0,927469758570133,0,59,6335563887291,436,175324321093,344,549923298052,8,79041445023697,17,547505650237,29,3264588684782,26,8349013904295,0,537452851918044,1771,22385504615,0,0,0,0,292,06301465277,1,50819868665664,0,8440762779087,5,86194278926855,14,6190339892686,7,86852112381365,1,46689015205733,0,0,000206182707374736,5,76302027866878E-09,1,34721571549682,0,340369031527323,11,0024783649259,276,437345545194,109,984339179909,57,0894897921658,16,9384355655599,0,0,0,0,0,0,0,0,0,0,0,0,0,0,0,0,0,0,0,0,0,0,0,0,0,0,0,0,0,0,0,0,0,0,0,0,0,0,0,0,0,0,0,0,0,0,0,0,0,0,0,0,0,0,0,0,0,0,0,0,0,0,0,0,0,0,0,0,0,0,0,0,0,0,0,0,0,0,0,0,0,0,0,0,0,0,0,0,0,0,0,0,0,0,0,0,0,0,0,0,0,0,0,0,0,0,0,0,0,0,0,0,728,15,8,61303496828218,9,90782512851075,87,9592543695423,0,0,528618551632026,0,0,0,0,0,0,0,0,0,0,0,0,000243819233324092,0,0,00523638621904091,0,1,30909655476023E-06,0,00152727935752348,0,0,927469758570133,0,0,0,43748,0591509403,41230,1886166101,0,
460-480C*,0,0115097623867372,753,150024,442,391618761397,934,317926921506,0,0607884000909616,344,827967273716,72,4690025267497,74,8631153994678,0,261974511171862,550,326258993403,8,94751702127103,317,252948002723,2,36260092267206,0,60,2460764502585,438,019598392475,348,594909919403,7,03126864168681,15,7883598416868,27,5309974732503,25,1368846005322,1,06272089198738,2137,24139432962,0,0,0,0,290,659914348794,1,51253354268402,0,699638827753997,3,87665925315295,12,6337504531529,7,37805534797934,1,54854726757163,0,0,00025820361468947,8,70669017649523E-10,2,66388815644525,0,426245805905438,9,60443725460423,457,027134973691,167,778365709201,82,3353407061965,16,8540236353405,0,0,0,0,0,0,0,0,0,0,0,0,0,0,0,0,0,0,0,0,0,0,0,0,0,0,0,0,0,0,0,0,0,0,0,0,0,0,0,0,0,0,0,0,0,0,0,0,0,0,0,0,0,0,0,0,0,0,0,0,0,0,0,0,0,0,0,0,0,0,0,0,0,0,0,0,0,0,0,0,0,0,0,0,0,0,0,0,0,0,0,0,0,0,0,0,0,0,0,0,0,0,0,0,0,0,0,0,0,0,0,0,743,15,10,6964935856807,9,78094703133896,87,5151900470557,0,1,04525257742446,0,0,0,0,0,0,0,0,0,0,0,0,000305336020545485,0,0,00655755211909766,0,1,63938802977442E-06,0,00191261942271642,0,2,36260092267206,0,0,0,43629,6057498902,41130,6957537425,0,
480-500C*,0,0101293467085759,773,150024,468,252800955137,941,994247457876,0,0681946604596042,350,893712563799,74,7304426760698,77,0577020363427,0,282521381514509,662,087512503171,9,11035143520078,320,797900685892,4,27277417750228,0,60,8981458829284,440,323947877575,353,312118457703,4,68069511765814,13,4377863176581,25,2695573239302,22,9422979636573,1,7630782787465,2620,47381164645,0,0,0,0,288,789113943493,1,51874115338106,0,572936211814186,1,22961453833214,9,98670573833214,6,70424366741633,1,7221798230041,0,0,000472411746423167,1,1643634649436E-10,4,41945141104315,0,779863309874683,7,67562161047398,949,398257893414,309,799459943343,139,996923279024,16,7414743950478,0,0,0,0,0,0,0,0,0,0,0,0,0,0,0,0,0,0,0,0,0,0,0,0,0,0,0,0,0,0,0,0,0,0,0,0,0,0,0,0,0,0,0,0,0,0,0,0,0,0,0,0,0,0,0,0,0,0,0,0,0,0,0,0,0,0,0,0,0,0,0,0,0,0,0,0,0,0,0,0,0,0,0,0,0,0,0,0,0,0,0,0,0,0,0,0,0,0,0,0,0,0,0,0,0,0,0,0,0,0,0,0,763,15,14,5804020557219,9,60872395576775,87,5388520808769,0,1,73409794514772,0,0,0,0,0,0,0,0,0,0,0,0,000558645636643268,0,0,0119977586393185,0,2,99943965982963E-06,0,00349934636978256,0,4,27277417750228,0,0,0,43440,6531891917,40969,2820964632,0,
500-520C*,0,00888891582169031,793,150024,493,463337261861,950,120292993259,0,0986038896813124,356,948218992677,76,8770110032837,79,195843886309,0,67877059395533,812,247925570953,9,29351309238332,323,825111603681,6,16687571662339,0,61,3211725175554,442,116291793548,357,380887312311,2,32112709364923,11,0782182936492,23,1229889967163,20,804156113691,3,92865911512528,3087,88946400726,0,0,0,0,286,918313538192,1,5255724271366,0,462969824847525,-1,41743017648867,7,33966102351133,5,98776976904788,1,91574861133554,0,0,000686619878156863,1,36162812895303E-11,9,69848852529664,1,13348081384393,5,61432401227099,2137,69598966618,611,612098535733,252,004785895101,16,6289251547552,0,0,0,0,0,0,0,0,0,0,0,0,0,0,0,0,0,0,0,0,0,0,0,0,0,0,0,0,0,0,0,0,0,0,0,0,0,0,0,0,0,0,0,0,0,0,0,0,0,0,0,0,0,0,0,0,0,0,0,0,0,0,0,0,0,0,0,0,0,0,0,0,0,0,0,0,0,0,0,0,0,0,0,0,0,0,0,0,0,0,0,0,0,0,0,0,0,0,0,0,0,0,0,0,0,0,0,0,0,0,0,0,783,15,20,4516891333694,9,42210106270862,87,5644195840414,0,3,37159655920026,0,0,0,0,0,0,0,0,0,0,0,0,000811955252741052,0,0,0174379651595394,0,4,35949128988484E-06,0,00508607331684869,0,6,16687571662339,0,0,0,43237,9274843934,40795,7675452751,0,
520-540C*,0,00779179762842223,813,150024,516,825521813208,959,404106045998,0,149827565635943,362,967968249838,78,948598043424,81,2997560290529,1,43165334597785,968,803791044706,9,53186154061667,326,272389589142,8,04490554003541,0,61,3027140090202,443,434260082625,360,752536255554,-0,0615962807068371,8,69549491929317,21,051401956576,18,7002439709471,8,3772035909829,3500,15425606213,0,0,0,0,287,545415399638,1,53359933715368,0,368650173084783,-4,06447489130948,4,69261630869052,5,13935919104769,2,09835898776543,0,0,000900828009890559,1,37320032233685E-12,20,7916598636404,1,48709831781318,3,1596364717586,5367,04908238739,1322,18524222757,490,307328678671,16,5163759144626,0,0,0,0,0,0,0,0,0,0,0,0,0,0,0,0,0,0,0,0,0,0,0,0,0,0,0,0,0,0,0,0,0,0,0,0,0,0,0,0,0,0,0,0,0,0,0,0,0,0,0,0,0,0,0,0,0,0,0,0,0,0,0,0,0,0,0,0,0,0,0,0,0,0,0,0,0,0,0,0,0,0,0,0,0,0,0,0,0,0,0,0,0,0,0,0,0,0,0,0,0,0,0,0,0,0,0,0,0,0,0,0,803,15,29,8698814005267,9,19359651278557,87,6320890201683,0,6,46756906801815,0,0,0,0,0,0,0,0,0,0,0,0,00106526486883884,0,0,0228781716797602,0,5,71954291994006E-06,0,00667280026391483,0,8,04490554003541,0,0,0,43025,0549917665,40615,1021674426,0,
540-560C*,0,00682923709366357,833,150024,537,398979689187,971,392753894959,0,167995388527207,368,903469021656,81,0734394105764,83,4540905509375,1,67814245306068,1049,01780025593,9,90852188091483,327,980374589548,9,93833101786401,0,60,3874493692503,444,314445340833,363,452993820359,-2,49841635098731,6,25867484901269,18,9265605894236,16,5459094490625,10,3756904575988,3786,87384971759,0,0,0,0,298,145728312854,1,54416155670382,0,288806715618069,-6,71151960613029,2,04557159386971,3,97114510572098,2,21096733505672,0,0,00107219883649243,1,17550415132813E-13,26,9180588622712,1,76999945450502,-0,244832308772774,16036,5058558244,3305,71470851209,1080,99210698254,15,5778729262182,0,0,0,0,0,0,0,0,0,0,0,0,0,0,0,0,0,0,0,0,0,0,0,0,0,0,0,0,0,0,0,0,0,0,0,0,0,0,0,0,0,0,0,0,0,0,0,0,0,0,0,0,0,0,0,0,0,0,0,0,0,0,0,0,0,0,0,0,0,0,0,0,0,0,0,0,0,0,0,0,0,0,0,0,0,0,0,0,0,0,0,0,0,0,0,0,0,0,0,0,0,0,0,0,0,0,0,0,0,0,0,0,823,15,46,6439483753473,8,86017129952694,87,7912011900163,0,7,9212801370809,0,0,0,0,0,0,0,0,0,0,0,0,00126791767172517,0,0,0272304466410775,0,6,80761166026937E-06,0,00794221383056799,0,9,93833101786401,0,0,0,42806,3357772821,40434,7102071013,0,
560-580C*,0,00594483391508335,853,150024,558,457652758243,983,533905909441,0,18616321141847,374,843874406502,83,4403217737812,85,7820207598873,1,92463156014352,1129,23180946714,10,3064663590672,329,258272198374,11,8815493176217,0,59,4213185554872,444,792138347168,365,97993967362,-4,93828650457822,3,81880469542178,16,5596782262188,14,2179792401127,12,3741773242147,4282,42085856961,0,0,0,0,308,746041226071,1,5554260470729,0,222200775091261,-9,3585643209511,-0,601473120951094,2,82154871354244,2,38925430749818,0,0,00175157941683291,8,38721298380265E-15,33,044457860902,2,89152954358608,-3,62275574723688,54933,6587271364,9265,03024926708,2629,21088456605,14,5178246011959,0,0,0,0,0,0,0,0,0,0,0,0,0,0,0,0,0,0,0,0,0,0,0,0,0,0,0,0,0,0,0,0,0,0,0,0,0,0,0,0,0,0,0,0,0,0,0,0,0,0,0,0,0,0,0,0,0,0,0,0,0,0,0,0,0,0,0,0,0,0,0,0,0,0,0,0,0,0,0,0,0,0,0,0,0,0,0,0,0,0,0,0,0,0,0,0,0,0,0,0,0,0,0,0,0,0,0,0,0,0,0,0,843,15,76,7031875944812,8,53270192905475,87,9420053837505,0,9,37499120614365,0,0,0,0,0,0,0,0,0,0,0,0,00207131216752463,0,0,0444845566179787,0,1,11211391544947E-05,0,0129746627176151,0,11,8815493176217,0,0,0,42560,1953599391,40228,6379220178,0,
580-600C*,0,00514220451332889,873,150024,580,919073739708,995,551138778097,0,204331034309734,380,797955999547,85,7414189936811,88,0413255944707,2,17112066722636,1209,44581867836,10,7106936530462,330,158376022617,13,7471825712441,0,58,4930787755497,444,901129982781,368,423231028477,-7,37567827525262,1,38141292474738,14,2585810063189,11,9586744055293,14,3726641908305,4573,75447832236,0,0,0,0,319,346354139287,1,56718432082183,0,167541627730274,-12,0056090357719,-3,2485178357719,1,72386660007254,2,49272806414335,0,0,00250724286071399,4,8841076376234E-16,39,1708568595328,4,13898835247124,-6,87379124735212,217185,738975655,29275,5727975537,7090,15150002934,13,478368295302,0,0,0,0,0,0,0,0,0,0,0,0,0,0,0,0,0,0,0,0,0,0,0,0,0,0,0,0,0,0,0,0,0,0,0,0,0,0,0,0,0,0,0,0,0,0,0,0,0,0,0,0,0,0,0,0,0,0,0,0,0,0,0,0,0,0,0,0,0,0,0,0,0,0,0,0,0,0,0,0,0,0,0,0,0,0,0,0,0,0,0,0,0,0,0,0,0,0,0,0,0,0,0,0,0,0,0,0,0,0,0,0,863,15,133,254437895091,8,22305831876924,88,0746585434708,0,12,0197411049698,0,0,0,0,0,0,0,0,0,0,0,0,00296491417655861,0,0,0636760091609904,0,1,59190022902476E-05,0,0185721698692556,0,13,7471825712441,0,0,0,42350,9397097103,40057,0588501365,0,
600-625C*,0,00538569530834602,898,150024,609,06870528566,1008,57822423536,0,224769835062405,387,522495582144,88,1923434378462,90,4417418143897,2,44842091269455,1299,68657904098,11,1126516528897,336,377268255183,15,7017367875534,0,57,5925697525718,444,642476882759,371,153840808603,-10,1078979868618,-1,35080678686178,11,8076565621538,9,55825818561027,16,6209619157734,4814,6123786583,0,0,0,0,331,271706166656,1,58068499347719,0,114000181889301,-14,9835343399453,-6,22644313994531,0,588419870931911,2,59123558750033,0,0,00335736423508021,1,01130060428898E-17,46,0630557329924,5,54237951246705,-10,2630454829888,1213904,43640876,123591,984056062,24543,1266018733,12,3335938490359,0,0,0,0,0,0,0,0,0,0,0,0,0,0,0,0,0,0,0,0,0,0,0,0,0,0,0,0,0,0,0,0,0,0,0,0,0,0,0,0,0,0,0,0,0,0,0,0,0,0,0,0,0,0,0,0,0,0,0,0,0,0,0,0,0,0,0,0,0,0,0,0,0,0,0,0,0,0,0,0,0,0,0,0,0,0,0,0,0,0,0,0,0,0,0,0,0,0,0,0,0,0,0,0,0,0,0,0,0,0,0,0,885,65,265,381826111362,7,90830500409749,87,8822386753399,0,13,0452148118497,0,0,0,0,0,0,0,0,0,0,0,0,00397021643672184,0,0,0852663932718784,0,2,13165983179696E-05,0,0248693654148512,0,15,7017367875534,0,0,0,42133,1566486569,39879,5501521533,0,
625-650C*,0,00430092539056412,923,150024,649,459279042223,1021,34472533517,0,234491133015597,395,057792468748,90,6650906827964,92,8551275815342,2,75653229654809,1399,95409055501,11,5021748234431,343,31016528729,17,0944972808341,0,57,0655712218968,443,902909838266,374,503155955679,-13,1095369004846,-4,35244570048456,9,3349093172036,7,14487241846581,19,1190704990433,5041,27207196024,0,0,0,0,337,352344906966,1,59488704273217,0,0744549568937233,-18,2923402334713,-9,53524903347132,0,001,2,700531281401,0,0,00421123559198429,1,38605125770891E-19,53,721054481281,6,95196119125519,-12,0269910104,9793163,22742914,709353,241473569,110709,033201512,11,0921885204674,0,0,0,0,0,0,0,0,0,0,0,0,0,0,0,0,0,0,0,0,0,0,0,0,0,0,0,0,0,0,0,0,0,0,0,0,0,0,0,0,0,0,0,0,0,0,0,0,0,0,0,0,0,0,0,0,0,0,0,0,0,0,0,0,0,0,0,0,0,0,0,0,0,0,0,0,0,0,0,0,0,0,0,0,0,0,0,0,0,0,0,0,0,0,0,0,0,0,0,0,0,0,0,0,0,0,0,0,0,0,0,0,910,65,610,997353874368,7,64411121405387,87,9239035538892,0,14,2225407901227,0,0,0,0,0,0,0,0,0,0,0,0,00497995320004492,0,0,106952015034522,0,2,67380037586304E-05,0,031194338609669,0,17,0944972808341,0,0,0,41917,5874262821,39703,4919996765,0,
650-675C*,0,00334454555122102,948,150024,701,880432384009,1031,2462598934,0,221113416442344,402,687187522386,92,1521805625581,94,7201806981083,3,06464368040164,1500,22160206903,11,7088194030918,334,773776199566,18,154870132346,0,57,2955087835958,442,743732994451,378,038223952056,-16,0538764832758,-7,29678528327576,7,84781943744194,5,27981930189169,21,6171790823131,5399,67156402957,0,0,0,0,329,865330755625,1,60693058869475,0,0463539579261727,-21,6011461269973,-12,8440549269973,0,001,2,83056096524054,0,0,00683232905901348,1,17292580372822E-21,61,3790532295695,11,2788955703535,-12,0269910104,107843577,351648,5282370,02243768,625073,103517166,9,88295822178707,0,0,0,0,0,0,0,0,0,0,0,0,0,0,0,0,0,0,0,0,0,0,0,0,0,0,0,0,0,0,0,0,0,0,0,0,0,0,0,0,0,0,0,0,0,0,0,0,0,0,0,0,0,0,0,0,0,0,0,0,0,0,0,0,0,0,0,0,0,0,0,0,0,0,0,0,0,0,0,0,0,0,0,0,0,0,0,0,0,0,0,0,0,0,0,0,0,0,0,0,0,0,0,0,0,0,0,0,0,0,0,0,935,65,1591,04693297068,7,50416109319482,87,8648670119258,0,15,9138354822251,0,0,0,0,0,0,0,0,0,0,0,0,00807950023645245,0,0,173519468165422,0,4,33798670413555E-05,0,0506098463275769,0,18,154870132346,0,0,0,41733,6483364132,39551,0228780425,0,
675-700C*,0,00257652338957629,973,150024,755,628440364224,1039,74829442441,0,204303482314245,410,36285657484,94,1205214541825,96,2110047190489,3,37275506425518,1600,48911358305,11,8149217463262,331,299894139512,19,2152429838578,0,57,8478652221061,441,215787687061,380,945029334125,-18,9702260655226,-10,2131348655226,5,87947854581748,3,78899528095106,24,115287665583,5758,0710560989,0,0,0,0,321,136537087381,1,61804389408118,0,027275358383197,-24,9099520205233,-16,1528608205233,0,001,2,96005385156457,0,0,00960387404846226,5,622719383272E-24,69,037051977858,15,8541972331577,-12,0269910104,1698000092,51412,53057347,2039885,4567836,50976023,8,70590295299501,0,0,0,0,0,0,0,0,0,0,0,0,0,0,0,0,0,0,0,0,0,0,0,0,0,0,0,0,0,0,0,0,0,0,0,0,0,0,0,0,0,0,0,0,0,0,0,0,0,0,0,0,0,0,0,0,0,0,0,0,0,0,0,0,0,0,0,0,0,0,0,0,0,0,0,0,0,0,0,0,0,0,0,0,0,0,0,0,0,0,0,0,0,0,0,0,0,0,0,0,0,0,0,0,0,0,0,0,0,0,0,0,960,65,4775,45020369401,7,42735169602874,87,753579071023,0,17,7623012403013,0,0,0,0,0,0,0,0,0,0,0,0,0113569621684197,0,0,243907912341899,0,6,09769780854747E-05,0,0711398097989531,0,19,2152429838578,0,0,0,41569,9500501704,39414,5955281147,0,
700-725C*,0,00192696756243902,998,150024,827,393939537522,1046,96948705116,0,185437121020223,418,079267952982,95,25856018379,97,3097467524938,3,68086644810873,1700,75662509708,11,8264067007932,330,845276274508,21,0347977133832,0,58,6803079700247,439,365611027999,383,943238029695,-21,8609588096842,-13,1038676096842,4,74143981621003,2,69025324750625,26,6133962488528,6116,47054816822,0,0,0,0,311,663726149881,1,6282251245585,0,0150068335183521,-28,2187579140494,-19,4616667140494,0,001,3,09046778062582,0,0,0115612260445276,1,37064635256234E-26,76,6950507261465,19,0854187635257,-12,0269910104,40317520203,1724,751587998,811691,44897342,1805115,7,56102271409118,0,0,0,0,0,0,0,0,0,0,0,0,0,0,0,0,0,0,0,0,0,0,0,0,0,0,0,0,0,0,0,0,0,0,0,0,0,0,0,0,0,0,0,0,0,0,0,0,0,0,0,0,0,0,0,0,0,0,0,0,0,0,0,0,0,0,0,0,0,0,0,0,0,0,0,0,0,0,0,0,0,0,0,0,0,0,0,0,0,0,0,0,0,0,0,0,0,0,0,0,0,0,0,0,0,0,0,0,0,0,0,0,985,65,16879,8351588473,7,40681374260141,87,5959916770284,0,19,8600909722338,0,0,0,0,0,0,0,0,0,0,0,0,0136716085764651,0,0,293618439226097,0,7,34046098065242E-05,0,0856387138877652,0,21,0347977133832,0,0,0,41423,6762412924,39291,8160208866,0,
725-750C*,0,00141337757201777,1023,150024,912,03709259695,1053,0284958966,0,164514332560277,425,831456960631,96,0218010200818,98,044707706428,3,98897783196227,1801,0241366111,11,8855387342972,330,114927882245,21,3359886868816,0,59,755369080116,437,235577770466,386,545387950259,-24,7284478782195,-15,9713566782195,3,97819897991816,1,95529229357204,29,1115048321227,6474,87004023755,0,0,0,0,301,446897943126,1,63750194717701,0,00761602547451487,-31,5275638075754,-22,7704726075754,0,001,3,22326059267704,0,0,0169197388832782,1,48132469721263E-29,84,353049474435,27,9313198023428,-12,0269910104,1534800018051,1,15804650232,0232,620363742,765416,6,4483175050756,0,0,0,0,0,0,0,0,0,0,0,0,0,0,0,0,0,0,0,0,0,0,0,0,0,0,0,0,0,0,0,0,0,0,0,0,0,0,0,0,0,0,0,0,0,0,0,0,0,0,0,0,0,0,0,0,0,0,0,0,0,0,0,0,0,0,0,0,0,0,0,0,0,0,0,0,0,0,0,0,0,0,0,0,0,0,0,0,0,0,0,0,0,0,0,0,0,0,0,0,0,0,0,0,0,0,0,0,0,0,0,0,1010,65,72011,2211788823,7,43644293965178,88,3861306046219,0,22,2993575859049,0,0,0,0,0,0,0,0,0,0,0,0,0200082626476862,0,0,429707654178495,0,0,000107426913544624,0,125331402716291,0,21,3359886868816,0,0,0,41292,1775920481,39180,445151248,0,
750-775C*,0,00102649098339708,1048,150024,1002,32495139042,1058,04397908368,0,141560102125491,433,614905986937,96,1901172334107,98,2131622756455,4,29708921581582,1901,29164812513,11,9449664279686,329,12314218967,22,3963615383935,0,61,03913399606,434,864093543517,388,526515725974,-27,5750664335876,-18,8179752335876,3,80988276658925,1,78683772435446,31,6096134153925,6833,26953230688,0,0,0,0,290,486052467116,1,64592794493981,0,00350315367652875,-34,8363697011014,-26,0792785011014,0,001,3,35989012797098,0,0,023994135464762,5,94693471596448E-33,92,0110482227235,39,6098235126637,-12,0269910104,100499407370349,523275290010,642,12677456002,9538,5,36778732594824,0,0,0,0,0,0,0,0,0,0,0,0,0,0,0,0,0,0,0,0,0,0,0,0,0,0,0,0,0,0,0,0,0,0,0,0,0,0,0,0,0,0,0,0,0,0,0,0,0,0,0,0,0,0,0,0,0,0,0,0,0,0,0,0,0,0,0,0,0,0,0,0,0,0,0,0,0,0,0,0,0,0,0,0,0,0,0,0,0,0,0,0,0,0,0,0,0,0,0,0,0,0,0,0,0,0,0,0,0,0,0,0,1035,65,381340,459049246,7,51074708681337,89,715621800949,0,25,1722539891971,0,0,0,0,0,0,0,0,0,0,0,0,0283740173353138,0,0,609374868946338,0,0,000152343717236584,0,177734341854139,0,22,3963615383935,0,0,0,41172,9439221515,39078,373015244,0,
775-800C*,0,000735598253951044,1073,150024,1102,63923685144,1062,13459473534,0,116539883713075,441,425447150349,96,2865094684017,98,3135711716495,4,60520059966936,2001,55915963915,12,0046912601085,327,882533109339,23,4567343899053,0,62,5002028204527,432,285821973532,390,087556298497,-30,4031876382476,-21,6460964382476,3,71349053159828,1,68642882835047,34,1077219986624,7191,66902437621,0,0,0,0,278,78118972185,1,65357877491682,0,00142714126773831,-38,1451755946274,-29,3880843946274,0,001,3,50181422676039,0,0,0285080464692557,7,03082695798661E-37,99,669046971012,47,0614451183867,-12,0269910104,1,22725262772862E+16,29187443883103,2,406169419163,291,4,31943217670912,0,0,0,0,0,0,0,0,0,0,0,0,0,0,0,0,0,0,0,0,0,0,0,0,0,0,0,0,0,0,0,0,0,0,0,0,0,0,0,0,0,0,0,0,0,0,0,0,0,0,0,0,0,0,0,0,0,0,0,0,0,0,0,0,0,0,0,0,0,0,0,0,0,0,0,0,0,0,0,0,0,0,0,0,0,0,0,0,0,0,0,0,0,0,0,0,0,0,0,0,0,0,0,0,0,0,0,0,0,0,0,0,1060,65,2588856,8392661,7,62469190209019,91,532072238042,0,28,5709330899928,0,0,0,0,0,0,0,0,0,0,0,0,0337118962215802,0,0,724013878584273,0,0,000181003469646068,0,211170720620529,0,23,4567343899053,0,0,0,41063,5790050388,38983,5957613313,0,
800-825C*,0,000745588941561704,1098,150024,1205,39742367317,1065,41900097455,0,0894356568375375,449,259182876584,96,3829017033927,98,4138642147506,4,91331198352291,2101,82667115317,12,064714716409,326,404193266654,24,5171072414172,0,64,1088651955267,429,531931791022,391,212923917825,-33,2151846546584,-24,4580934546584,3,61709829660732,1,58613578524941,36,6058305819322,7550,06851644554,0,0,0,0,266,332309707329,1,66054825335689,0,000499276051668326,-41,4539814881534,-32,6968902881534,0,001,3,65049072929801,0,0,0379801874199616,1,79365614365673E-41,107,327045719301,62,6981756809668,-12,0269910104,3,06690287762816E+18,2,96443000283319E+15,21816049430090,5,3,30325205735824,0,0,0,0,0,0,0,0,0,0,0,0,0,0,0,0,0,0,0,0,0,0,0,0,0,0,0,0,0,0,0,0,0,0,0,0,0,0,0,0,0,0,0,0,0,0,0,0,0,0,0,0,0,0,0,0,0,0,0,0,0,0,0,0,0,0,0,0,0,0,0,0,0,0,0,0,0,0,0,0,0,0,0,0,0,0,0,0,0,0,0,0,0,0,0,0,0,0,0,0,0,0,0,0,0,0,0,0,0,0,0,0,1085,65,23381184,5063799,7,77356339654975,93,7858247092922,0,32,5875477961746,0,0,0,0,0,0,0,0,0,0,0,0,044913078774399,0,0,964576188443469,0,0,000241144047110867,0,28133472966748,0,24,5171072414172,0,0,0,40961,7785005575,38894,1950554424,0,
825-850C*,0,00117355799147089,1123,150024,1312,64449125631,1068,52061955331,0,0602347293533336,457,098512836443,96,4792939383836,98,513885305498,5,22142336737645,2202,0941826672,12,1250382899911,324,640682945612,25,5774800929291,0,65,7042171553471,426,630353116244,392,04043400583,-36,0235259178601,-27,2664347178601,3,52070606161635,1,48611469450205,39,103939165202,7908,46800851487,0,0,0,0,253,650358779789,1,66753107847612,0,000143780415006924,-44,7627873816794,-36,0056961816794,0,001,3,80213885437425,0,0,053934429339959,6,44754093073519E-47,114,985044467589,89,0356408360467,-12,0269910104,1,74505834671423E+21,5,99453615799294E+17,2,12168363788792E+15,2,31924696789559,0,0,0,0,0,0,0,0,0,0,0,0,0,0,0,0,0,0,0,0,0,0,0,0,0,0,0,0,0,0,0,0,0,0,0,0,0,0,0,0,0,0,0,0,0,0,0,0,0,0,0,0,0,0,0,0,0,0,0,0,0,0,0,0,0,0,0,0,0,0,0,0,0,0,0,0,0,0,0,0,0,0,0,0,0,0,0,0,0,0,0,0,0,0,0,0,0,0,0,0,0,0,0,0,0,0,0,0,0,0,0,0,1110,65,293132153,809598,7,93515334804003,96,2140381819361,0,36,8518694887072,0,0,0,0,0,0,0,0,0,0,0,0,063779602949634,0,1,36976328482435,0,0,000342440821206089,0,399514302821797,0,25,5774800929291,0,0,0,40861,3336658093,38805,6565313751,0,
850-875C*,2,93349750493723E-05,1148,150024,1426,38646116994,1072,32807087112,0,0289244091149165,464,919024526894,96,5756861733746,98,613478121819,5,52953475123,2302,36169418122,12,185663481441,322,514721163355,26,637852944441,0,67,0571305014507,423,606034728143,392,655306360431,-38,8459838358428,-30,0888926358428,3,42431382662538,1,38652187818101,41,6020477484719,8266,8675005842,0,0,0,0,241,647017368006,1,67556520214232,3,21111780549555E-05,-48,0715932752054,-39,3145020752054,0,001,3,94727257060203,0,0,0651896218878014,1,79175042785312E-53,122,643043215878,107,615855617105,-12,0269910104,2,55575625489923E+24,2,67429987405636E+20,4,08175127531726E+17,1,36741690832117,0,0,0,0,0,0,0,0,0,0,0,0,0,0,0,0,0,0,0,0,0,0,0,0,0,0,0,0,0,0,0,0,0,0,0,0,0,0,0,0,0,0,0,0,0,0,0,0,0,0,0,0,0,0,0,0,0,0,0,0,0,0,0,0,0,0,0,0,0,0,0,0,0,0,0,0,0,0,0,0,0,0,0,0,0,0,0,0,0,0,0,0,0,0,0,0,0,0,0,0,0,0,0,0,0,0,0,0,0,0,0,0,1135,65,5357064622,78675,8,07882880818641,98,4458891807308,0,40,5300998732944,0,0,0,0,0,0,0,0,0,0,0,0,0770893147720826,0,1,65560944476956,0,0,00041390236119239,0,482886101854534,0,26,637852944441,0,0,0,40755,3820463112,38713,422256876,0,
875-900C*,3,60736224472224E-07,1173,150024,1545,94600230077,1076,13552218893,0,472,740275592905,96,6720784083656,98,7124860889013,5,83764613508354,2402,62920569524,12,2465917988482,320,128756697614,27,6982257959528,0,68,3558875126366,420,481196278073,393,104873505955,-41,6684417538256,-32,9113505538256,3,32792159163441,1,28751391109871,44,1001563317418,8625,26699265352,0,0,0,0,229,643675956222,1,68383897036518,5,09973207876392E-06,-51,3803991687314,-42,6233079687314,0,001,4,0924062868298,0,0,0837332590035882,1,60737721426156E-61,130,301041964166,138,227927242603,-12,0269910104,1,10922828747627E+28,2,96154364273192E+23,1,71959537076349E+20,0,447761878634997,0,0,0,0,0,0,0,0,0,0,0,0,0,0,0,0,0,0,0,0,0,0,0,0,0,0,0,0,0,0,0,0,0,0,0,0,0,0,0,0,0,0,0,0,0,0,0,0,0,0,0,0,0,0,0,0,0,0,0,0,0,0,0,0,0,0,0,0,0,0,0,0,0,0,0,0,0,0,0,0,0,0,0,0,0,0,0,0,0,0,0,0,0,0,0,0,0,0,0,0,0,0,0,0,0,0,0,0,0,0,0,0,1160,65,150955292529,581,8,23000884364695,,0,44,2083302578816,0,0,0,0,0,0,0,0,0,0,0,0,0990179015201162,0,2,12655895882129,0,0,000531639739705322,0,620246380710867,0,27,6982257959528,0,0,0,40649,8713084394,38621,5818040992,0,
900-925C*,0,1198,150024,1671,38526860362,1079,94297350673,0,480,562258214238,96,7684706433566,98,8107523540654,6,14575751893709,2502,89671720927,12,3078247578425,317,503809507062,28,7585986474647,,,,393,43118337164,,,3,23152935664343,1,18924764593464,46,5982649150116,8983,66648472285,,,0,0,217,640334544438,,,,,2,01083595365156E-06,4,23754000305758,0,0,102512548364992,,137,959040712455,169,229016587576,,,,,0,0,0,0,0,0,0,0,0,0,0,0,0,0,0,0,0,0,0,0,0,0,0,0,0,0,0,0,0,0,0,0,0,0,0,0,0,0,0,0,0,0,0,0,0,0,0,0,0,0,0,0,0,0,0,0,0,0,0,0,0,0,0,0,0,0,0,0,0,0,0,0,0,0,0,0,0,0,0,0,0,0,0,0,0,0,0,0,0,0,0,0,0,0,0,0,0,0,0,0,0,0,0,0,0,0,0,0,0,0,0,0,0,1185,65,,8,38914818535259,103,252165732892,,47,8865606424688,,,,,,,,,,,,0,121225156399872,,2,60349329180933,,0,000650873322952333,0,759352231806833,,28,7585986474647,,,,40544,7997160003,,,
925-950C*,0,1223,150024,1802,6844263761,1083,75042482454,0,488,384964680556,96,8648628783475,98,9081197666074,6,45386890279064,2603,16422872329,12,3693638816317,314,659810991732,29,8189714989766,,,,393,666379322001,,,3,13513712165246,1,09188023339262,49,0963734982815,9342,06597679218,,,0,0,205,636993132654,,,,,2,01083595365156E-06,4,38267371928535,0,0,11870525470667,,145,617039460743,195,960141838085,,,,,0,0,0,0,0,0,0,0,0,0,0,0,0,0,0,0,0,0,0,0,0,0,0,0,0,0,0,0,0,0,0,0,0,0,0,0,0,0,0,0,0,0,0,0,0,0,0,0,0,0,0,0,0,0,0,0,0,0,0,0,0,0,0,0,0,0,0,0,0,0,0,0,0,0,0,0,0,0,0,0,0,0,0,0,0,0,0,0,0,0,0,0,0,0,0,0,0,0,0,0,0,0,0,0,0,0,0,0,0,0,0,0,0,1210,65,,8,55671869911365,105,841167222099,,51,564791027056,,,,,,,,,,,,0,140373674216618,,3,01473662747099,,0,000753684156867748,0,879298208135178,,29,8189714989766,,,,40440,1654852189,,,
950-975C*,0,1248,150024,1939,87267488361,1087,55787614235,0,496,20838738949,96,9612551133385,99,004430862596,6,76198028664418,2703,43174023731,12,4312107010398,311,615632658993,30,8793443504885,,,,393,834991593294,,,3,0387448866615,0,99556913740399,51,5944820815513,9700,46546886151,,,0,0,193,633651720871,,,,,2,01083595365156E-06,4,52780743551313,0,0,134897961048348,,153,275038209032,222,691267088595,,,,,0,0,0,0,0,0,0,0,0,0,0,0,0,0,0,0,0,0,0,0,0,0,0,0,0,0,0,0,0,0,0,0,0,0,0,0,0,0,0,0,0,0,0,0,0,0,0,0,0,0,0,0,0,0,0,0,0,0,0,0,0,0,0,0,0,0,0,0,0,0,0,0,0,0,0,0,0,0,0,0,0,0,0,0,0,0,0,0,0,0,0,0,0,0,0,0,0,0,0,0,0,0,0,0,0,0,0,0,0,0,0,0,0,1235,65,,8,73321120109241,108,564388537461,,55,2430214116431,,,,,,,,,,,,0,159522192033364,,3,42597996313265,,0,000856494990783163,0,999244184463523,,30,8793443504885,,,,40335,9667876253,,,
975-1000C*,0,1273,150024,2083,02480636886,1091,36532746016,0,504,032518844764,97,0576473483295,99,0995278546117,7,07009167049773,2803,69925175134,12,493366754545,308,389117905341,31,9397172020003,,,,393,955417123252,,,2,94235265167053,0,900472145388321,54,0925906648212,10058,8649609308,,,0,0,181,630310309087,,,,,2,01083595365156E-06,4,6729411517409,0,0,151090667390026,,160,93303695732,249,422392339104,,,,,0,0,0,0,0,0,0,0,0,0,0,0,0,0,0,0,0,0,0,0,0,0,0,0,0,0,0,0,0,0,0,0,0,0,0,0,0,0,0,0,0,0,0,0,0,0,0,0,0,0,0,0,0,0,0,0,0,0,0,0,0,0,0,0,0,0,0,0,0,0,0,0,0,0,0,0,0,0,0,0,0,0,0,0,0,0,0,0,0,0,0,0,0,0,0,0,0,0,0,0,0,0,0,0,0,0,0,0,0,0,0,0,0,1260,65,,8,91913725877204,111,430052907967,,58,9212517962303,,,,,,,,,,,,0,17867070985011,,3,83722329879431,,0,000959305824698578,1,11919016079187,,31,9397172020003,,,,40232,2017528137,,,
1000-1050C*,0,1323,150024,2309,19872914535,1097,07650443687,0,515,770028785053,97,2022357008159,99,2395509283163,7,53225874627804,2954,10051902237,12,5558335883178,301,657616242101,33,5302764792681,,,,394,0744400746,,,2,79776429918408,0,760449071683681,57,8397535397259,10596,4641990348,,,0,0,163,625298191411,,,,,2,01083595365156E-06,4,89064172608256,0,0,175379726902543,,172,420035079753,289,519080214869,,,,,0,0,0,0,0,0,0,0,0,0,0,0,0,0,0,0,0,0,0,0,0,0,0,0,0,0,0,0,0,0,0,0,0,0,0,0,0,0,0,0,0,0,0,0,0,0,0,0,0,0,0,0,0,0,0,0,0,0,0,0,0,0,0,0,0,0,0,0,0,0,0,0,0,0,0,0,0,0,0,0,0,0,0,0,0,0,0,0,0,0,0,0,0,0,0,0,0,0,0,0,0,0,0,0,0,0,0,0,0,0,0,0,0,1298,15,,9,20957582283623,115,633901450526,,64,4385973731111,,,,,,,,,,,,0,207393486575229,,4,4540883022868,,0,0011135220755717,1,29910912528439,,33,5302764792681,,,,40077,3631307103,,,
1050-1100C*,0,1373,150024,2633,01061767431,1104,69140707249,0,531,422454512777,97,3950201707979,99,4205204975264,8,14848151398513,3154,63554205042,12,6186127562593,294,180264055983,35,6510221822919,,,,394,163276026555,,,2,60497982920214,0,579479502473646,62,8359707062656,11313,2631831735,,,0,0,139,618615367844,,,,,2,01083595365156E-06,5,18090915853811,0,0,207765139585898,,187,73603257633,342,981330715888,,,,,0,0,0,0,0,0,0,0,0,0,0,0,0,0,0,0,0,0,0,0,0,0,0,0,0,0,0,0,0,0,0,0,0,0,0,0,0,0,0,0,0,0,0,0,0,0,0,0,0,0,0,0,0,0,0,0,0,0,0,0,0,0,0,0,0,0,0,0,0,0,0,0,0,0,0,0,0,0,0,0,0,0,0,0,0,0,0,0,0,0,0,0,0,0,0,0,0,0,0,0,0,0,0,0,0,0,0,0,0,0,0,0,0,1348,15,,9,6444198886286,121,69919983337,,71,7950581422855,,,,,,,,,,,,0,245690522208721,,5,27657497361012,,0,00131914374340253,1,53900107794108,,35,6510221822919,,,,39872,4113286408,,,
1100-1150C*,0,1423,150024,2983,81608624238,1112,30630970811,0,547,077585446492,97,5878046407798,99,5937770641512,8,76470428169223,3355,17056507847,12,6817058200406,286,272641352488,37,7717678853156,,,,394,209782265415,,,2,41219535922019,0,406222935848803,67,8321878728053,12030,0621673121,,,0,0,115,611932544276,,,,,2,01083595365156E-06,5,47117659099366,0,0,240150552269254,,203,052030072907,396,443581216907,,,,,0,0,0,0,0,0,0,0,0,0,0,0,0,0,0,0,0,0,0,0,0,0,0,0,0,0,0,0,0,0,0,0,0,0,0,0,0,0,0,0,0,0,0,0,0,0,0,0,0,0,0,0,0,0,0,0,0,0,0,0,0,0,0,0,0,0,0,0,0,0,0,0,0,0,0,0,0,0,0,0,0,0,0,0,0,0,0,0,0,0,0,0,0,0,0,0,0,0,0,0,0,0,0,0,0,0,0,0,0,0,0,0,0,1398,15,,10,1274133065565,128,432876271715,,79,1515189114598,,,,,,,,,,,,0,283987557842213,,6,09906164493344,,0,00152476541123336,1,77889303059777,,37,7717678853156,,,,39669,1586778281,,,
1150+C*,0,1623,150024,3993,12048965041,1131,34356629715,0,586,226889580439,98,0697658157347,99,9847827945031,10,30526120096,3856,50812264859,12,7451143491408,253,140087676836,43,073632142875,,,,394,257642102697,,,1,93023418426534,0,0152172054969242,80,3227307891546,13822,0596276588,,,0,0,55,5952254853575,,,,,2,01083595365156E-06,6,19684517213253,0,0,643505434156356,,241,342023814349,1062,30694220289,,,,,0,0,0,0,0,0,0,0,0,0,0,0,0,0,0,0,0,0,0,0,0,0,0,0,0,0,0,0,0,0,0,0,0,0,0,0,0,0,0,0,0,0,0,0,0,0,0,0,0,0,0,0,0,0,0,0,0,0,0,0,0,0,0,0,0,0,0,0,0,0,0,0,0,0,0,0,0,0,0,0,0,0,0,0,0,0,0,0,0,0,0,0,0,0,0,0,0,0,0,0,0,0,0,0,0,0,0,0,0,0,0,0,0,1523,15,,11,5262259350702,146,903067556503,,97,5426708343957,,,,,,,,,,,,0,760970711819817,,16,3429951531773,,0,00408574878829432,4,76670705586833,,43,073632142875,,,,39168,3512089585,,,
