Name,Frade-2012
Created,25/03/2026 09:10:47
Cpt,Composition,Boiling Temperature,Molecular Weight,Standard Liquid Density,Acidity,Aniline Point,Assay - Aromatics Vol Pct,Assay - Aromatics Wt Pct,Asphaltene Content,Basic Nitrogen Content,C to H Ratio,Cloud Point,Conradson Carbon Content,Copper Content,Cetane Number,Flash Point,Freeze Point,MON (Clear),MON (Leaded),Assay - Naphthenes Vol Pct,Assay - Naphthenes Wt Pct,Nickel Content,Nitrogen Content,Assay - Olefins Vol Pct,Assay - Olefins Wt Pct,Assay - Paraffins Vol Pct,Assay - Paraffins Wt Pct,Pour Point,Refractive Index,Reid Vapour Pressure,RON (Clear),RON (Leaded),Smoke Point,Sulfur Content,Mercaptan Sulfur Content,Sodium Content,True Vapour Pressure,Vanadium Content,Iron Content,Luminometer Number,Viscosity @ 38C,Viscosity @ 50C,Viscosity @ 60C,Wax Content,Pi C6 22DMB Wt Pct,Pi C6 22DMB Vol Pct,Pi C6 23DMB Wt Pct,Pi C6 23DMB Vol Pct,Pi C6 2MP Wt Pct,Pi C6 2MP Vol Pct,Pi C6 3MP Wt Pct,Pi C6 3MP Vol Pct,Pi C7 22-mPentane Wt Pct,Pi C7 22-mPentane Vol Pct,Pi C7 24-mPentane Wt Pct,Pi C7 24-mPentane Vol Pct,Pi C7 223-mButane Wt Pct,Pi C7 223-mButane Vol Pct,Pi C7 33-mPentane Wt Pct,Pi C7 33-mPentane Vol Pct,Pi C7 23-mPentane Wt Pct,Pi C7 23-mPentane Vol Pct,Pi C7 2-mHexane Wt Pct,Pi C7 2-mHexane Vol Pct,Pi C7 3-mHexane Wt Pct,Pi C7 3-mHexane Vol Pct,Pi C7 3-ePentane Wt Pct,Pi C7 3-ePentane Vol Pct,Pi C6 Wt Pct,Pi C6 Vol Pct,Pi C7 Wt Pct,Pi C7 Vol Pct,Pi C8 Wt Pct,Pi C8 Vol Pct,Pi C9 Wt Pct,Pi C9 Vol Pct,Pi C10  Wt Pct,Pi C10  Vol Pct,Pi C11  Wt Pct,Pi C11  Vol Pct,Pn C6 Hexane Wt Pct,Pn C6 Hexane Vol Pct,Pn C7 Heptane Wt Pct,Pn C7 Heptane Vol Pct,Pn C8 Octane Wt Pct,Pn C8 Octane Vol Pct,Pn C9 Nonane Wt Pct,Pn C9 Nonane Vol Pct,Pn C10 Decane Wt Pct,Pn C10 Decane Vol Pct,Pn C11 n-C11 Wt Pct,Pn C11 n-C11 Vol Pct,On C6 Wt Pct,On C6 Vol Pct,On C7 Wt Pct,On C7 Vol Pct,On C8 Wt Pct,On C8 Vol Pct,On C9 Wt Pct,On C9 Vol Pct,On C10 Wt Pct,On C10 Vol Pct,On C11 Wt Pct,On C11 Vol Pct,A C6 Benzene Wt Pct,A C6 Benzene Vol Pct,A C7 Toluene Wt Pct,A C7 Toluene Vol Pct,A C8 m-Xylene Wt Pct,A C8 m-Xylene Vol Pct,A C8 o-Xylene Wt Pct,A C8 o-Xylene Vol Pct,A C8 p-Xylene Wt Pct,A C8 p-Xylene Vol Pct,A C8 EthBenz Wt Pct,A C8 EthBenz Vol Pct,N C6 cyc-C5 Wt Pct,N C6 cyc-C5 Vol Pct,N C6 cyc-C6 Wt Pct,N C6 cyc-C6 Vol Pct,A C8 Wt Pct,A C8 Vol Pct,A C9 Wt Pct,A C9 Vol Pct,A C10 Wt Pct,A C10 Vol Pct,A C11 Wt Pct,A C11 Vol Pct,N C6 Wt Pct,N C6 Vol Pct,N C7 Wt Pct,N C7 Vol Pct,N C8 Wt Pct,N C8 Vol Pct,N C9 Wt Pct,N C9 Vol Pct,N C10 Wt Pct,N C10 Vol Pct,N C11 Wt Pct,N C11 Vol Pct,Pi Wt Pct,Pi Vol Pct,Pn Wt Pct,Pn Vol Pct,Oi C6 Wt Pct,Oi C6 Vol Pct,Oi C7 Wt Pct,Oi C7 Vol Pct,Oi C8 Wt Pct,Oi C8 Vol Pct,Oi C9 Wt Pct,Oi C9 Vol Pct,Oi C10 Wt Pct,Oi C10 Vol Pct,Oi C11 Wt Pct,Oi C11 Vol Pct,Centroid Boiling Temperature,Viscosity @ 100C,Hydrogen,CarbonByWt,PValue,RamsCarbonResidueByWt,SulfideByWt,ZincByWt,TinByWt,ChromiumByWt,LeadByWt,AluminiumByWt,MagnesiumByWt,MetalByWt,ArsenicByWt,CadmiumByWt,MercuryByWt,NaClByWt,SaltByWt,MudByWt,ChloridesByWt,MolybdenumByWt,AshByWt,GumByWt,MicroCarbonResidueByWt,nC5InsolublesByWt,NaphthenicAcidByWt,NaphthenicAcidByVol,Gross Heating Value,Net Heating Value,Oxygen Content,
Hydrogen,0,20,5548,2,016000032,69,85910034,0,,0,0,0,0,0,13,9,0,0,,,13,9,10,,0,0,0,0,0,0,0,0,13,9,,,130,,,0,0,0,,0,0,,,,,0,,,,,,,,,,,,,,,,,,,,,,,,,,,,,,,,,,,,,,,,,,,,,,,,,,,,,,,,,,,,,,,,,,,,,,,,,,,,,,,,,,,,,,,,,,,,,,,,,0,0,0,0,,,,,,,,,,,,,,,100,0,,,,,,,,,,,,,,,,,,,,,0,,,,,,,
Nitrogen,0,77,3498,28,0135,806,3740234,0,,0,0,0,0,0,63,1,0,0,,,63,1,,,0,0,0,0,0,0,0,0,63,1,,,,,,0,0,0,,0,0,,,,,0,,,,,,,,,,,,,,,,,,,,,,,,,,,,,,,,,,,,,,,,,,,,,,,,,,,,,,,,,,,,,,,,,,,,,,,,,,,,,,,,,,,,,,,,,,,,,,,,,0,0,0,0,,,,,,,,,,,,,,,0,0,,,,,,,,,,,,,,,,,,,,,0,,,,,,,
CO,0,81,6996,28,0109005,799,3880005,0,,0,0,0,0,0,68,2,0,0,,,68,2,,,0,0,0,0,0,0,0,0,68,2,,,120,,,0,0,0,,0,0,,,,,0,,,,,,,,,,,,,,,,,,,,,,,,,,,,,,,,,,,,,,,,,,,,,,,,,,,,,,,,,,,,,,,,,,,,,,,,,,,,,,,,,,,,,,,,,,,,,,,,,0,0,0,0,,,,,,,,,,,,,,,0,0,,,,,,,,,,,,,,,,,,,,,0,,,,,,,
Oxygen,0,90,1996,32,1137,680054,0,,0,0,0,0,0,54,4,0,0,,,54,4,,,0,0,0,0,0,0,0,0,54,4,,,120,,,0,0,0,,0,0,,,,,0,,,,,,,,,,,,,,,,,,,,,,,,,,,,,,,,,,,,,,,,,,,,,,,,,,,,,,,,,,,,,,,,,,,,,,,,,,,,,,,,,,,,,,,,,,,,,,,,,0,0,0,0,,,,,,,,,,,,,,,0,0,,,,,,,,,,,,,,,,,,,,,0,,,,,,,
Methane,0,000458278736715101,111,625,16,04290009,299,3940125,0,,0,0,0,0,3,90,4,0,0,,85,15,90,4,,,0,0,0,0,0,0,100,100,90,4,,,120,,,0,0,0,,0,0,,,,,0,,,,,,,,,,,,,,,,,,,,,,,,,,,,,,,,,,,,,,,,,,,,,,,,,,,,,,,,,,,,,,,,,,,,,,,,,,,,,,,,,,,,,,,,,,,,,,,,,0,0,100,100,,,,,,,,,,,,,,,25,13516209,75,,,,,,,,,,,,,,,,,,,,,0,,,,,,,
Ethylene,0,169,399,28,05380058,383,2260132,0,,0,0,0,0,6,104,0,0,,137,15,104,75,6,,0,0,0,0,100,100,0,0,104,,,100,51,,,0,0,0,,0,0,,,,,0,,,,,,,,,,,,,,,,,,,,,,,,,,,,,,,,,,,,,,,,,,,,,,,,,,,,,,,,,,,,,,,,,,,,,,,,,,,,,,,,,,,,,,,,,,,,,,,,,0,0,0,0,,,,,,,,,,,,,,,14,34761566,85,71428571,,,,,,,,,,,,,,,,,,,,,0,,,,,,,
Ethane,0,00243727865164981,184,55,30,06990051,355,6830139,0,,0,0,0,0,4,90,4,0,0,,138,15,90,4,100,79,,0,0,0,0,0,0,100,100,90,4,,,111,38,,,0,0,0,,0,0,,,,,0,,,,,,,,,,,,,,,,,,,,,,,,,,,,,,,,,,,,,,,,,,,,,,,,,,,,,,,,,,,,,,,,,,,,,,,,,,,,,,,,,,,,,,,,,,,,,,,,,0,0,100,100,,,,,,,,,,,,,,,20,11147323,80,,,,,,,,,,,,,,,,,,,,,0,,,,,,,
CO2,0,194,598,44,00970078,825,335022,0,,0,0,0,0,0,217,0,0,,,217,,,0,0,0,0,0,0,0,0,217,,,,,,0,0,0,,0,0,,,,,0,,,,,,,,,,,,,,,,,,,,,,,,,,,,,,,,,,,,,,,,,,,,,,,,,,,,,,,,,,,,,,,,,,,,,,,,,,,,,,,,,,,,,,,,,,,,,,,,,0,0,0,0,,,,,,,,,,,,,,,0,0,,,,,,,,,,,,,,,,,,,,,0,,,,,,,
H2S,0,213,498,34,07600021,788,40802,0,,0,0,0,0,0,188,0,0,,,188,,,0,0,0,0,0,0,0,0,188,,2759,,,,94,1177,0,0,,0,0,,,,,0,,,,,,,,,,,,,,,,,,,,,,,,,,,,,,,,,,,,,,,,,,,,,,,,,,,,,,,,,,,,,,,,,,,,,,,,,,,,,,,,,,,,,,,,,,,,,,,,,0,0,0,0,,,,,,,,,,,,,,,5,911554252,0,,,,,,,,,,,,,,,,,,,,,0,,,,,,,
Propene,0,225,399,42,08060074,520,9550171,0,,0,0,0,0,6,87,9,0,0,,165,87,9,84,9,,0,0,0,0,100,100,0,0,87,9,,1565,102,54,,,0,0,0,,0,0,,,,,0,,,,,,,,,,,,,,,,,,,,,,,,,,,,,,,,,,,,,,,,,,,,,,,,,,,,,,,,,,,,,,,,,,,,,,,,,,,,,,,,,,,,,,,,,,,,,,,,,0,0,0,0,,,,,,,,,,,,,,,14,36465558,85,71428571,,,,,,,,,,,,,,,,,,,,,0,,,,,,,
Propane,0,00655193488310914,231,048,44,09700012,506,678009,0,,0,0,0,0,4,5,85,5,0,0,,169,15,85,5,97,1,,0,0,0,0,0,0,100,100,85,5,,1303,112,14,,,0,0,0,,0,0,,,,,0,,,,,,,,,,,,,,,,,,,,,,,,,,,,,,,,,,,,,,,,,,,,,,,,,,,,,,,,,,,,,,,,,,,,,,,,,,,,,,,,,,,,,,,,,,,,,,,,,0,0,100,100,,,,,,,,,,,,,,,18,28426304,81,81818182,,,,,,,,,,,,,,,,,,,,,0,,,,,,,
i-Butane,0,00982407911951343,261,42,58,12400055,561,9660034,0,380,85,0,0,0,0,4,8,114,0,0,,190,15,114,97,6,,0,0,0,0,0,0,100,100,114,,489,6,101,426,,,0,0,0,,0,0,,,,,0,,,,,,,,,,,,,,,,,,,,,,,,,,,,,,,,,,,,,,,,,,,,,,,,,,,,,,,,,,,,,,,,,,,,,,,,,,,,,,,,,,,,,,,,,,,,,,,,,100,100,0,0,,,,,,,,,,,,,,,17,34802065,82,75862069,,,,,,,,,,,,,,,,,,,,,0,,,,,,,
i-Butene,0,266,299,56,10770035,592,7930298,0,286,7055556,0,0,0,0,6,133,0,0,,193,15,133,88,1,,0,0,0,0,100,100,0,0,133,,442,7,105,2096138,,,0,0,0,,0,0,,,,,0,,,,,,,,,,,,,,,,,,,,,,,,,,,,,,,,,,,,,,,,,,,,,,,,,,,,,,,,,,,,,,,,,,,,,,,,,,,,,,,,,,,,,,,,,,,,,,,,,0,0,0,0,,,,,,,,,,,,,,,14,37319073,85,71428571,,,,,,,,,,,,,,,,,,,,,0,,,,,,,
1-Butene,0,266,898,56,10770035,593,7890015,0,,0,0,0,0,6,87,8,0,0,,193,15,87,8,80,8,,0,0,0,0,100,100,0,0,87,8,,432,97,4,,,0,0,0,,0,0,,0,236064836133691,0,219972008704656,0,208210021632581,0,,,,,,,,,,,,,,,,,,,,,,,,,,,,,,,,,,,,,,,,,,,,,,,,,,,,,,,,,,,,,,,,,,,,,,,,,,,,,,,,,,,,,,,,,,,,,,,,,0,0,0,0,,,,,,,,,,,,,,,14,37319073,85,71428571,,,,,,,,,,,,,,,,,,,,,0,,,,,,,
13-Butadiene,0,268,7,54,1,619,7440186,0,,0,0,0,0,8,164,0,0,,197,15,164,73,94513286,,0,0,0,0,100,100,0,0,164,,409,6,102,9723045,,,0,0,0,,0,0,,,,,0,,,,,,,,,,,,,,,,,,,,,,,,,,,,,,,,,,,,,,,,,,,,,,,,,,,,,,,,,,,,,,,,,,,,,,,,,,,,,,,,,,,,,,,,,,,,,,,,,0,0,0,0,,,,,,,,,,,,,,,11,17841035,88,88888889,,,,,,,,,,,,,,,,,,,,,0,,,,,,,
n-Butane,0,00555519312154646,272,648,58,12400055,583,2230225,0,356,35,0,0,0,0,4,8,135,0,0,,213,15,135,89,6,,0,0,0,0,0,0,100,100,135,,358,5,93,8,,,0,0,0,,0,0,,0,241514675581771,0,217701202498228,,0,,,,,,,,,,,,,,,,,,,,,,,,,,,,,,,,,,,,,,,,,,,,,,,,,,,,,,,,,,,,,,,,,,,,,,,,,,,,,,,,,,,,,,,,,,,,,,,,,0,0,100,100,,,,,,,,,,,,,,,17,34802065,82,75862069,,,,,,,,,,,,,,,,,,,,,0,,,,,,,
tr2-Butene,0,274,027,56,1,608,684021,0,,0,0,0,0,6,168,0,0,,201,168,83,84306902,,0,0,0,0,100,100,0,0,168,,343,9,105,0089318,,,0,0,0,,0,0,,,,,0,,,,,,,,,,,,,,,,,,,,,,,,,,,,,,,,,,,,,,,,,,,,,,,,,,,,,,,,,,,,,,,,,,,,,,,,,,,,,,,,,,,,,,,,,,,,,,,,,0,0,0,0,,,,,,,,,,,,,,,14,37319073,85,71428571,,,,,,,,,,,,,,,,,,,,,0,,,,,,,
i-Pentane,0,00031675685831718,301,028,72,15100098,623,4420166,0,343,95,0,0,0,0,5,113,0,0,,217,113,90,3,,0,0,0,0,0,0,100,100,113,,133,8,92,3,,,0,0,0,,0,0,,,,,0,,,,,,,,,,,,,,,,,,,,,,,,,,,,,,,,,,,,,,,,,,,,,,,,,,,,,,,,,,,,,,,,,,,,,,,,,,,,,,,,,,,,,,,,,,,,,,,,,100,100,0,0,,,,,,,,,,,,,,,16,75213296,83,33333333,,,,,,,,,,,,,,,,,,,,,0,,,,,,,
1-Pentene,0,303,096,70,13500214,638,7230225,0,292,25,0,0,0,0,6,108,0,0,,245,108,77,1,,0,0,0,0,100,100,0,0,108,,131,8,90,9,,,0,0,0,,0,0,,,,,0,,,,,,,,,,,,,,,,,,,,,,,,,,,,,,,,,,,,,,,,,,,,,,,,,,,,,,,,,,,,,,,,,,,,,,,,,,,,,,,,,,,,,,,,,,,,,,,,,0,0,0,0,,,,,,,,,,,,,,,14,37831669,85,71428571,,,,,,,,,,,,,,,,,,,,,0,,,,,,,
2M-1-butene,0,304,303,70,1,654,3800049,0,,0,0,0,0,6,136,0,0,,221,136,81,9,,0,0,0,0,100,100,0,0,136,,127,2,102,54,,,0,0,0,,0,0,,,,,0,,,,,,,,,,,,,,,,,,,,,,,,,,,,,,,,,,,,,,,,,,,,,,,,,,,,,,,,,,,,,,,,,,,,,,,,,,,,,,,,,,,,,,,,,,,,,,,,,0,0,0,0,,,,,,,,,,,,,,,14,37831669,85,71428571,,,,,,,,,,,,,,,,,,,,,0,,,,,,,
n-Pentane,0,309,209,72,15100098,629,7290039,0,343,95,0,0,0,0,5,143,0,0,,233,143,61,9,,0,0,0,0,0,0,100,100,143,,101,35,61,7,,,0,0,0,,0,0,,0,317713556013358,0,28795065870348,0,265338970196147,0,,,,,,,,,,,,,,,,,,,,,,,,,,,,,,,,,,,,,,,,,,,,,,,,,,,,,,,,,,,,,,,,,,,,,,,,,,,,,,,,,,,,,,,,,,,,,,,,,0,0,100,100,,,,,,,,,,,,,,,16,75213296,83,33333333,,,,,,,,,,,,,,,,,,,,,0,,,,,,,
cis2-Butene,0,276,867,56,1,625,9530029,0,,0,0,0,0,6,134,0,0,,203,134,83,5,,0,0,0,0,100,100,0,0,134,,314,4,100,,,0,0,0,,0,0,,,,,0,,,,,,,,,,,,,,,,,,,,,,,,,,,,,,,,,,,,,,,,,,,,,,,,,,,,,,,,,,,,,,,,,,,,,,,,,,,,,,,,,,,,,,,,,,,,,,,,,0,0,0,0,,,,,,,,,,,,,,,14,37319073,85,71428571,,,,,,,,,,,,,,,,,,,,,0,,,,,,,
3M-1-butene,0,293,204,70,1,631,2700195,0,,0,0,0,0,6,105,0,0,,217,105,85,26729455,,0,0,0,0,100,100,0,0,105,,190,101,6748769,,,0,0,0,,0,0,,,,,0,,,,,,,,,,,,,,,,,,,,,,,,,,,,,,,,,,,,,,,,,,,,,,,,,,,,,,,,,,,,,,,,,,,,,,,,,,,,,,,,,,,,,,,,,,,,,,,,,0,0,0,0,,,,,,,,,,,,,,,14,37831669,85,71428571,,,,,,,,,,,,,,,,,,,,,0,,,,,,,
2M-2-butene,0,311,704,70,1,666,1090088,0,406,15,0,0,0,0,6,139,0,0,,228,139,84,7,,0,0,0,0,100,100,0,0,139,,98,11,97,3,,,0,0,0,,0,0,,,,,0,,,,,,,,,,,,,,,,,,,,,,,,,,,,,,,,,,,,,,,,,,,,,,,,,,,,,,,,,,,,,,,,,,,,,,,,,,,,,,,,,,,,,,,,,,,,,,,,,0,0,0,0,,,,,,,,,,,,,,,14,37831669,85,71428571,,,,,,,,,,,,,,,,,,,,,0,,,,,,,
2M-13-C4==,0,307,204,68,1,684,8460083,0,,0,0,0,0,7,5,127,0,0,,219,127,81,,0,0,0,0,100,100,0,0,127,,118,6,99,1,,,0,0,0,,0,0,,,,,0,,,,,,,,,,,,,,,,,,,,,,,,,,,,,,,,,,,,,,,,,,,,,,,,,,,,,,,,,,,,,,,,,,,,,,,,,,,,,,,,,,,,,,,,,,,,,,,,,0,0,0,0,,,,,,,,,,,,,,,11,8404699,88,23529412,,,,,,,,,,,,,,,,,,,,,0,,,,,,,
tr2-Pentene,0,309,493,70,1,652,2630005,0,404,4833333,0,0,0,0,6,133,0,0,,225,133,85,14880659,,0,0,0,0,100,100,0,0,133,,106,7,100,3776273,,,0,0,0,,0,0,,,,,0,,,,,,,,,,,,,,,,,,,,,,,,,,,,,,,,,,,,,,,,,,,,,,,,,,,,,,,,,,,,,,,,,,,,,,,,,,,,,,,,,,,,,,,,,,,,,,,,,0,0,0,0,,,,,,,,,,,,,,,14,37831669,85,71428571,,,,,,,,,,,,,,,,,,,,,0,,,,,,,
cis2-Pentene,0,310,083,70,1,659,5750122,0,403,9277778,0,0,0,0,6,122,0,0,,226,122,85,14880659,,0,0,0,0,100,100,0,0,122,,104,4,100,3776273,,,0,0,0,,0,0,,,,,0,,,,,,,,,,,,,,,,,,,,,,,,,,,,,,,,,,,,,,,,,,,,,,,,,,,,,,,,,,,,,,,,,,,,,,,,,,,,,,,,,,,,,,,,,,,,,,,,,0,0,0,0,,,,,,,,,,,,,,,14,37831669,85,71428571,,,,,,,,,,,,,,,,,,,,,0,,,,,,,
Cyclopentane,0,322,398,70,13500214,748,8740234,0,289,95,0,0,0,0,6,179,0,0,,233,179,84,9,,100,100,0,0,0,0,0,0,179,,41,7,101,426,,,0,0,0,,0,0,,0,483269667509962,0,429891392256475,,0,,,,,,,,,,,,,,,,,,,,,,,,,,,,,,,,,,,,,,,,,,,,,,,,,,,,,,,,,,,,,,,,,,,,,,,,,,,,,,,,,,,,,,,,,,,,,,,,,0,0,0,0,,,,,,,,,,,,,,,14,37831669,85,71428571,,,,,,,,,,,,,,,,,,,,,0,,,,,,,
Cyclopentene,0,317,38,68,1,776,5159912,0,458,3722222,0,0,0,0,7,5,138,0,0,,244,138,69,7,,100,100,0,0,0,0,0,0,138,,81,04,93,3,,,0,0,0,,0,0,,,,,0,,,,,,,,,,,,,,,,,,,,,,,,,,,,,,,,,,,,,,,,,,,,,,,,,,,,,,,,,,,,,,,,,,,,,,,,,,,,,,,,,,,,,,,,,,,,,,,,,0,0,0,0,,,,,,,,,,,,,,,11,8404699,88,23529412,,,,,,,,,,,,,,,,,,,,,0,,,,,,,
22-Mpropane,0,282,648,72,2,595,5930176,0,291,7055556,0,0,0,0,5,257,0,0,,225,257,80,2,,0,0,0,0,0,0,100,100,257,,251,8,85,5,,,0,0,0,,0,0,,,,,0,,,,,,,,,,,,,,,,,,,,,,,,,,,,,,,,,,,,,,,,,,,,,,,,,,,,,,,,,,,,,,,,,,,,,,,,,,,,,,,,,,,,,,,,,,,,,,,,,100,100,0,0,,,,,,,,,,,,,,,16,75213296,83,33333333,,,,,,,,,,,,,,,,,,,,,0,,,,,,,
33M-1-butene,0,314,397,84,16,657,1190186,0,,0,0,0,0,6,,0,0,,241,15,157,95,93,3,,0,0,0,0,100,100,0,0,,,91,82,111,77,,,0,0,0,,0,0,,,,,0,,,,,,,,,,,,,,,,,,,,,,,,,,,,,,,,,,,,,,,,,,,,,,,,,,,,,,,,,,,,,,,,,,,,,,,,,,,,,,,,,,,,,,,,,,,,,,,,,0,0,0,0,,,,,,,,,,,,,,,14,3716,85,71428571,,,,,,,,,,,,,,,,,,,,,0,,,,,,,
H2O,0,373,148,18,01510048,997,9860229,0,,0,0,0,0,0,,0,0,,,,,,0,0,0,0,0,0,0,0,,,,,,,0,0,0,,0,0,,0,698140124178851,0,560124358458913,0,474686748589316,0,,,,,,,,,,,,,,,,,,,,,,,,,,,,,,,,,,,,,,,,,,,,,,,,,,,,,,,,,,,,,,,,,,,,,,,,,,,,,,,,,,,,,,,,,,,,,,,,,0,0,0,0,,,,,,,,,,,,,,0,279783740086422,11,18972388,0,,,,,,,,,,,,,,,,,,,,,0,,,,,,,
36-40C*,0,00131606493141034,313,149994,102,355865516136,629,616932114817,0,334,759142787722,0,0,0,011960341955818,0,5,30490409191605,133,789033515877,0,0,39,7691860710339,237,452880911821,143,621661018014,74,9139493254105,83,6710405254104,10,4259141109141,4,52468933973847,0,0,00985968374269747,0,0,89,5740858890859,95,4753106602615,130,491772008432,1,35615473682668,69,771486719745,79,3449410828001,88,1020322828001,115,034920536445,0,0409417862516819,0,000769265277474783,0,94,1972145768408,0,0,196,48653328877,0,355760762282072,0,32956249753839,0,311595667850511,0,00917253377619211,0,0,0,0,0,0,0,0,0,0,0,0,0,0,0,0,0,0,0,0,0,0,0,0,0,0,0,0,0,0,0,0,0,0,0,0,0,0,0,0,0,0,0,0,0,0,0,0,0,0,0,0,0,0,0,0,0,0,0,0,0,0,0,0,0,0,0,0,0,0,0,0,0,0,0,0,0,0,0,0,0,0,0,0,0,0,0,0,0,0,0,0,0,0,0,0,0,0,95,4753106602615,89,5740858890859,0,0,0,0,0,0,0,0,0,0,0,0,311,149997,0,262010369948349,16,6662788503883,88,3111097331136,0,0,00601850070691417,0,0,0,0,0,0,0,0,0,0,0,1,05361498905408E-11,0,0,0,0,2,01014473546083E-11,0,0,0,0,0,51306,0523380397,44935,434346813,0,
40-50C*,0,00373675855648627,323,149994,104,234784633935,641,974582414465,0,342,760883712198,0,0,0,0132680733937755,0,5,2090425606898,137,588762014753,0,0,40,2045746523214,241,95145889631,144,661724927504,73,6382399450057,82,3953311450056,11,6268121229557,5,04318589266154,0,0,010995361102016,0,0,88,3731878770443,94,9568141073385,133,459708036973,1,36180182638965,53,8534496241554,76,6124497394805,85,3695409394805,82,9210919899406,0,0449151882517267,0,000841881086976936,0,66,689087343625,0,0,165,970127830968,0,351600770749,0,325516346664876,0,307702949787062,0,0101754491467697,99,8871579048147,99,9016557023092,0,0,0,0,0,0,0,0,0,0,0,0,0,0,0,0,0,0,0,0,0,0,99,8871579048147,99,9016557023092,0,0,0,0,0,0,0,0,0,0,0,0,0,0,0,0,0,0,0,0,0,0,0,0,0,0,0,0,0,0,0,0,0,0,0,0,0,0,0,0,0,0,0,0,0,0,0,0,0,0,0,0,0,0,0,0,0,0,0,0,0,0,0,0,0,0,0,0,0,0,94,9568141073385,88,3731878770443,0,0,0,0,0,0,0,0,0,0,0,0,0,0,318,15,0,258958483086444,16,4977214007497,85,2976932708385,0,0,00657029734875653,0,0,0,0,0,0,0,0,0,0,0,4,74126745074338E-11,0,0,0,0,9,04565130957375E-11,0,0,0,0,0,51209,0536953313,44801,3819579927,0,
50-60C*,0,00451167711626309,333,149994,106,159008852982,659,943827659964,0,354,191942175736,0,0,0,0151362611622862,0,5,14028659979169,143,826150470762,0,0,39,6045770201347,246,919469649669,147,123411978207,71,8105538126182,80,5676450126182,11,7737587211186,13,5899795758284,0,0,012617757329614,0,0,88,2262412788814,86,4100204241716,137,301173070336,1,3702266137512,40,4588243352976,72,7088906775953,81,4659818775953,37,0441940663631,0,0505914768232194,0,000943112096272581,0,46,9073840140768,0,0,85,1643478798122,0,379059856152308,0,349179104565815,0,328678437349362,0,0116081853904519,48,0908218128368,48,3571555410059,18,3846355433945,18,1361869613403,33,5153375248848,33,4985917806658,2,96832639330434E-09,2,91717845629856E-09,0,0,0,0,0,0,0,0,0,0,0,0,0,0,0,0,99,9907948840844,99,9919342859292,0,0,0,0,0,0,0,0,0,0,0,0,0,0,0,0,0,0,0,0,0,0,0,0,0,0,0,0,0,0,0,0,0,0,0,0,0,0,0,0,0,0,0,0,0,0,0,0,0,0,0,0,0,0,0,0,0,0,0,0,0,0,0,0,0,0,0,0,0,0,86,4100204241716,88,2262412788814,0,0,0,0,0,0,0,0,0,0,0,0,0,0,328,15,0,271995334896499,16,2433530020559,82,7729279990323,0,0,00731761529523664,0,0,0,0,0,0,0,0,0,0,0,1,00093423960138E-10,0,0,0,0,1,90963749868779E-10,0,0,0,0,0,51191,7286904405,44615,4140867304,0,
60-70C*,0,00548735597316564,343,149994,107,449168747757,678,061770307226,0,0145548385010855,353,566414816192,0,946803595814865,1,21750944373794,0,0170044489307969,0,5,13310159038631,149,955444309753,0,0,38,1209920691849,252,357995291657,153,252705817199,69,7062967329566,78,4633879329566,19,7129160056748,22,1824273836551,0,0,0256952576047381,0,0,79,3402803985104,76,600063172607,140,735891279212,1,37899181016727,29,583538417411,71,195843608808,79,952934808808,22,1576597935676,0,0527857126263514,0,00104139503330738,0,32,7730229688828,0,0,49,5363946885592,0,409231587958418,0,374975839980388,0,351419944308179,0,0130409216341341,0,0,0,000115206434790188,0,000114771968037569,18,7367949888204,18,9123889230458,23,2131612940088,23,0384769695259,0,0,0,0,0,0,0,0,0,0,0,0,0,0,0,0,41,950071489264,41,9509806645398,0,0,0,0,0,0,0,0,0,0,58,0455630903147,58,0451728760341,0,0,0,0,0,0,0,0,0,0,0,0,0,0,0,0,0,0,0,0,0,0,0,0,0,0,0,0,0,0,0,0,0,0,0,00436542042129715,0,00384645942615547,0,0,0,0,0,0,0,0,0,0,0,00436542042129715,0,00384645942615547,0,0,0,0,0,0,0,0,0,0,32,135184097619,33,2853059949607,44,4648790749879,46,0549744035497,0,0,0,0,0,0,0,0,0,0,0,0,338,15,0,285917393728384,15,9730174950478,81,2602932776878,0,0,0080207115915786,0,0,0,0,0,0,0,0,0,0,0,1,52774173412842E-10,0,0,0,0,2,91470986641821E-10,0,0,0,0,0,50498,9335660393,44437,8866270311,0,
70-80C*,0,00676076992546162,353,149994,108,329700673386,696,081264850829,0,0366292836063482,346,711977230518,2,40552217013912,2,91795835791229,0,0188726366993076,0,5,18314555975786,155,977515344496,0,0,36,19329200759,261,223747297896,159,274776851941,67,5726206910529,76,3297118910529,23,9739923682594,29,4122743164146,0,0,0446909187746662,0,0,73,6204854616015,67,6697673256731,143,832763027034,1,38799098724752,21,0531384732705,70,9178298088078,79,6749210088078,23,2819760126475,0,0531809819214658,0,00113672989808134,0,22,7403242732689,0,0,52,3881415887,0,442462892944421,0,403268448595426,0,376289353030784,0,0144736578778163,0,0,0,0,0,0,0,0,2,0708811403624,2,31864118375747,0,895313967765785,1,00387060766357,0,0,0,0,0,0,0,0,0,0,0,0,0,0,2,96619510812818,3,32251179142104,0,0,0,0,0,0,0,0,0,919522504726251,1,05175410576741,0,0,0,0,0,0,0,0,0,0,0,0,0,0,0,0,0,0,0,0,0,0,6,89577716464211,5,92469938048635,0,0,0,0,0,0,0,0,0,0,83,5723294135341,84,2271993727451,5,64617580896936,5,47383534958012,0,0,0,0,0,0,0,0,89,2185052225035,89,7010347223252,0,0,0,0,0,0,0,0,0,0,51,6562840659269,55,919081460853,16,0134832597462,17,7014040007484,0,0,0,0,0,0,0,0,0,0,0,0,348,15,0,301030003196113,15,6867148797253,80,6419662749395,0,0,00868399743754727,0,0,0,0,0,0,0,0,0,0,0,2,05454922865546E-10,0,0,0,0,3,91978223414863E-10,0,0,0,0,0,49703,6876984022,44270,4901594405,0,
80-90C*,0,0069695410044183,363,149994,108,975129394228,713,755165785354,0,0587037287116108,339,857539644845,3,89167157142661,4,60306608554033,0,0207408244678183,0,5,28500520773637,161,896136503839,0,0,34,1301892642663,268,141955218325,165,193398011284,65,757945781533,74,5150369815329,31,5669908952991,37,0303212308525,0,0,0636865799445944,0,0,64,5413375332742,58,3666126836072,146,660688677233,1,39709839616907,14,4139823059403,70,6398160088076,79,3969072088076,24,4062922317274,0,0535762512165802,0,00122911669059445,0,15,6673092791443,0,0,55,2135954800628,0,479050361286085,0,434370667908185,0,403604676365517,0,0159063941214986,0,0,0,0,0,0,0,0,0,0670162999467864,0,0750331061448786,2,68567096444292,3,01126716895495,0,0,0,0,4,43315476302103,4,81357979829184,11,6418770044921,12,9470740366723,0,00222637205723768,0,00244490573034341,2,46163857109576E-12,2,66097945048901E-12,0,0,18,8299454039626,20,849399015797,0,0,0,0,0,0,0,0,0,0,0,0,0,0,0,0,0,0,0,0,0,0,0,0,0,0,0,0,0,0,0,0,5,31719434676235,4,56835390741992,0,0,0,0,0,0,0,0,0,0,0,0,42,1297959611476,40,8432972637912,0,0,0,0,0,0,0,0,42,1297959611476,40,8432972637912,33,7230642881275,33,7389498129918,0,0,0,0,0,0,0,0,58,3666126836072,64,5413375332742,0,0,0,0,0,0,0,0,0,0,0,0,0,0,358,15,0,31761953429955,15,3844451560885,79,1088394609927,0,0,0093118840329075,0,0,0,0,0,0,0,0,0,0,0,2,58135672318251E-10,0,0,0,0,4,92485460187904E-10,0,0,0,0,0,49343,1356422064,44114,5147638752,0,
90-100C*,0,00854940529468219,373,149994,109,579957196737,730,836327605381,0,0807781738168734,333,003102059172,5,40525179967734,6,30747637595123,0,0226090122363291,0,5,43194047499597,167,717834470171,0,0,32,1509666536102,275,043226968107,171,015095977616,64,2534182083763,73,0105094083763,40,3167386085004,44,8433583894499,0,0,0726739345052111,0,0,54,2780095918222,48,8491652345989,149,288568593239,1,40616896793434,9,13786851802737,70,3618022088074,79,1188934088074,25,5306084508073,0,0539715205116946,0,00131855541084672,0,10,7156648150324,0,0,58,0127563626474,0,519197928607995,0,468508490742992,0,433601463482401,0,0173391303651808,0,0,0,0,0,0,0,0,0,0,0,0,0,0,0,0,2,56425520140649,2,53087386885065,16,0948558832057,16,2700800917279,23,8445255796147,23,8016484030832,1,52712597819052,1,50053479796671,0,0,44,0307626424174,44,1031371616284,0,0,0,0,0,0,0,0,0,0,53,7468917054072,53,9146626698889,0,0,0,0,0,0,0,0,0,0,0,0,0,0,0,0,0,0,0,0,0,0,0,0,0,0,0,0,0,0,0,0,0,0,0,0,0,0,0,0,0,0,0,0,0,0,2,22234565217539,1,9822001684826,0,0,0,0,0,0,0,0,21,9975209476142,24,4224059915961,26,8516442869847,29,8556036002261,0,0,0,0,0,0,0,0,0,0,0,0,368,15,0,335915344858715,15,0662083241374,80,0949000955602,0,0,00990878257742413,0,0,0,0,0,0,0,0,0,0,0,3,10816421770955E-10,0,0,0,0,5,92992696960946E-10,0,0,0,0,0,48543,8788204885,43970,939076376,0,
100-110C*,0,0103343628169448,383,149994,110,338686367364,747,077604805487,0,102852618922136,326,148664473498,6,94626285489132,8,08937502131755,0,0244772000048398,0,5,61547487916624,173,451743590648,0,0,30,4134707765695,281,929104575811,176,749005098093,63,3394058965619,72,0964970965619,50,2232355078633,53,115240152057,0,0,0938897881836927,0,0,42,8305016372454,38,7953848266254,151,785303138486,1,41503912791201,6,76320973666146,70,0837884088073,78,8408796088073,26,6549246698871,0,054366789806809,0,00140504605883815,0,7,27405367643317,0,0,60,7856242364539,0,563006984245034,0,505807994746851,0,466418932370892,0,018771866608863,0,0,0,0,0,0,0,0,0,0,0,0,0,0,0,0,0,0,0,0,0,0,0,0,0,0,0,0,0,0,0,0,0,0,0,0,0,0,0,0599526292083144,0,0675505485876011,0,0,0,0,0,0,0,0,0,0,0,0,0,0,0,0,0,0,0,0,0,0,1,96034782155343,1,7436219779569,0,0,0,0,0,0,0,0,0,0,0,0,0,0,0,0,0,0,0,0,0,0,97,9796995492382,98,1888274734555,0,0,0,0,0,0,0,0,38,7354321974171,42,7629510886578,0,0599526292083144,0,0675505485876011,0,0,0,0,0,0,0,0,0,0,0,0,378,15,0,356071301496867,14,732004383872,81,8616747548741,0,0,010479104270862,0,0,0,0,0,0,0,0,0,0,0,3,63497171223659E-10,0,0,0,0,6,93499933733988E-10,0,0,0,0,0,47653,0924292842,43840,5121610656,0,
110-120C*,0,0122699389472754,393,149994,111,445819192563,762,231851880254,0,109795387222372,319,294226887825,8,51470473706854,10,0121869437744,0,0263453877733505,0,5,82496503472994,179,109466053505,0,0,29,0341279757046,288,800875057926,182,40672756095,62,8028985411286,71,5599897411286,61,2864815933877,62,1409529334327,0,0,117232626903681,0,0,30,1988136695438,27,8468601227929,154,219792676404,1,42352859422063,6,50296821002538,69,8057746088071,78,5628658088071,27,779240888967,0,0547620591019234,0,00148858863456873,0,4,89968911879822,0,0,63,5321991014823,0,610500201253785,0,546312246948246,0,502112260443376,0,0202046028525452,0,0,0,0,0,0,0,0,0,0,0,0,0,0,0,0,0,0,0,0,0,0,0,0,0,0,0,0,31,6264116730932,34,2583292015818,0,0,0,0,0,0,0,0,0,0,0,0,0,0,0,0,0,0,0,0,0,0,0,0,0,0,0,0,0,0,0,0,9,96078604213148,8,76560120340446,0,0,0,0,0,0,0,0,0,0,0,0,0,0,0,0,0,0,0,0,0,0,0,0,58,4128022847753,56,9760695950137,0,0,0,0,0,0,27,8468601227929,30,1988136695438,0,0,0,0,0,0,0,0,0,0,0,0,0,0,388,15,0,378165943727519,14,3818333352922,84,214352334818,0,0,011027260312986,0,0,0,0,0,0,0,0,0,0,0,4,16177920676363E-10,0,0,0,0,7,9400717050703E-10,0,0,0,0,0,46670,7764685933,43753,1620934869,0,
120-130C*,0,0141052379460483,403,149994,114,355356457502,774,859013805645,0,170560668330159,315,562674030523,10,1537212078452,12,0164231623797,0,0282135755418612,0,6,02168153451749,184,77249933957,0,0,28,6147714720795,295,659628714321,188,069760847015,62,3084011948741,71,0654923948741,66,847690982349,66,4687062174475,0,0,142702450665176,0,0,22,9985878098059,21,5148706201728,156,832040693196,1,43077685062735,6,24778515459541,66,1207120718538,74,8778032718538,27,8626668832518,0,058291770559191,0,00141615819244116,0,3,27410946973025,0,0,63,7349513108953,0,661518457789949,0,589919374954299,0,540615521966286,0,0216373390962274,0,0,0,0,0,0,0,0,0,0,0,0,0,0,0,0,0,0,0,0,0,0,0,0,0,0,0,0,8,64385353287877E-05,9,05608964246585E-05,0,0,0,0,0,0,0,0,0,0,57,6867693741247,60,2609325316012,0,0,0,0,0,0,0,0,0,0,0,0,0,0,0,0,0,0,0,0,0,0,0,0,0,0,0,0,0,0,0,0,0,0,0,0,0,0,0,0,0,0,0,0,0,0,42,31314418734,39,7389769075024,0,0,0,0,0,0,0,0,21,5148706201728,22,9985878098059,0,0,0,0,0,0,0,0,0,0,0,0,398,15,0,402216761934828,14,1848404468166,86,7844465069704,0,0,011557661903561,0,0,0,0,0,0,0,0,0,0,0,4,68858670129067E-10,0,0,0,0,8,94514407280071E-10,0,0,0,0,0,46066,2459050923,43641,8923068553,0,
130-140C*,0,0159027827591276,413,149994,117,486542782502,784,66274793507,0,247642555363563,316,074979737777,11,8669332612572,13,8965113967127,0,0300817633103719,0,6,18076151746303,190,466046602627,0,0,29,2089986972169,302,506300924676,193,763308110073,61,8608402281291,70,6179314281291,63,8422232295111,63,4436285099332,0,0,170299259468178,0,0,24,2908435092317,22,6598600933541,159,705307991987,1,43651201275857,5,99771301597607,58,4426802074344,67,1997714074344,26,4026801280481,0,0660055372491562,0,00113861747865771,0,2,16992315290012,0,0,60,1658087186789,0,716495665253637,0,636924588076379,0,582138724161166,0,0230700753399097,0,0,0,0,0,0,0,0,0,0,0,0,0,0,0,0,0,0,0,0,0,0,0,0,0,0,0,0,0,0,4,74723108011455E-16,5,24795397446545E-16,0,0,0,0,0,0,0,0,0,0,0,0,0,0,0,0,0,0,0,0,0,0,0,0,0,0,0,0,0,0,0,0,8,05182449181425,7,43526275006655,3,24380952774853E-18,2,94025729644407E-18,8,41158055170879,7,7913154157723,8,41654021465045,7,74390261330158,0,0,0,0,24,8799452581735,22,9704807791404,0,0,0,0,0,0,0,0,0,0,75,1200547418265,77,0295192208596,0,0,0,0,0,0,22,6598600933541,24,2908435092317,0,0,0,0,0,0,0,0,0,0,0,0,0,0,408,15,0,428249142901703,14,209069279748,88,8213119198987,0,0,0121047759079756,0,0,0,0,0,0,0,0,0,0,0,5,21539419581772E-10,0,0,0,0,9,95021644053113E-10,0,0,0,0,0,46062,0230126181,43543,5624752091,0,
140-150C*,0,0174346251890544,423,149994,121,674819343729,793,440018875343,0,294240918970691,316,53354987558,13,5780186142968,15,7375050189736,0,0319499510788826,0,6,33087115937499,196,091938799241,0,0,30,0284397950418,309,341702896494,199,389200306686,61,4303430821297,70,1874342821297,60,8388821770457,60,4633599858054,0,0,200023053312687,0,0,25,5830992086575,23,799134995221,162,60580967038,1,44168380430507,5,75280214706209,51,5417714208851,60,2988626208851,25,0526670269974,0,0737193039391214,0,000861076764874265,0,1,42597351899186,0,0,56,8260593825128,0,776015036305747,0,68772191089574,0,62695975592482,0,0245028115835919,0,0,0,0,0,0,0,0,0,0,0,0,0,0,0,0,0,0,0,0,0,0,0,0,0,0,0,0,0,0,80,2654352331532,82,8554490280009,0,0,0,0,0,0,0,0,0,0,2,24423372487012,2,32911805073926,0,0,0,0,0,0,0,0,0,0,0,0,0,0,0,0,0,0,0,0,0,726020704719122,0,626028192636952,16,7543708025975,14,1808080748771,0,00987294421029044,0,00853930894085731,2,80893745141386E-13,2,41329944760569E-13,0,0,0,0,17,4902644515272,14,8153755764551,6,65904494375198E-05,5,73448047081791E-05,0,0,0,0,0,0,0,0,0,0,0,0,0,0,0,0,21,5549012703509,23,2539811579183,2,24423372487012,2,32911805073926,0,0,0,0,0,0,0,0,0,0,0,0,418,15,0,456287662670263,14,2332981126793,90,4443667025138,0,0,0126558726539822,0,0,0,0,0,0,0,0,0,0,0,1,99935241321834E-08,0,0,0,0,3,81447470804297E-08,0,0,0,0,0,46057,8001201438,43447,713564522,0,
150-160C*,0,0175416550428675,433,149994,126,294712865008,801,425985317344,0,373165789098693,316,966442154111,15,2691898103335,17,5245606890262,0,0338181388473934,0,6,47322333338014,201,636559221905,0,0,30,9850019183039,316,166544788216,204,933820729351,61,0130005024669,69,7700917024669,57,8554552815831,57,5376059673022,0,0,231873832198702,0,0,26,8753549080834,24,9378333436716,165,531903115017,1,44640318769919,5,51310065825743,45,4179857122061,54,1750769122061,23,755205486189,0,0814330706290866,0,000583536051090819,0,0,928922263560238,0,0,53,5805915159557,0,840279954616987,0,742449539925748,0,675177446150736,0,0259355478272741,0,0,0,0,0,0,0,0,0,0,0,0,0,0,0,0,0,0,0,0,0,0,0,0,0,0,0,0,0,0,0,0,0,0,0,0,0,0,0,0,0,0,10,9092112952605,12,1795067230723,0,0,0,0,0,0,0,0,0,0,0,0,0,0,0,0,0,0,0,0,0,0,0,0,0,0,0,0,0,0,0,0,0,0,24,299218879929,22,5106157215627,0,0,0,0,0,0,0,0,0,0,64,7915698248105,65,309877555365,0,0,0,0,14,0286220484111,14,6958481850111,10,9092112952605,12,1795067230723,0,0,0,0,0,0,0,0,0,0,0,0,428,15,0,486347566238051,14,2575269456107,92,3207409501964,0,0,0132013040988216,0,0,0,0,0,0,0,0,0,0,0,4,55979206226218E-08,0,0,0,0,8,69942256324707E-08,0,0,0,0,0,46053,5772276696,43354,7504724395,0,
160-170C*,0,0185193562034415,443,149994,131,281201570345,808,85580595195,0,459844391503479,317,373656573367,16,922659392737,19,2447519550047,0,0356863266159041,0,6,61085942065138,207,085118486068,0,0,31,9948314969995,322,981453432259,210,382379993514,60,6049032347317,69,3619944347317,54,9097299997537,54,673444051214,0,0,265851596126225,0,0,28,1676106075092,26,0818039937812,168,481945712544,1,45079110928503,5,27865426312549,40,0713230813973,48,8284142813973,22,5102955056232,0,0891468373190519,0,000305995337307374,0,0,599691777132532,0,0,50,4336597774152,0,909417327310571,0,801193823936653,0,7268540991366,0,0273682840709563,0,0,0,0,0,0,0,0,0,0,0,0,0,0,0,0,0,0,0,0,0,0,0,0,0,0,0,0,0,0,0,0,4,36439895109185E-05,4,73242924829983E-05,0,0,0,0,0,0,0,0,0,0,7,27796044062444E-06,7,92370814682417E-06,0,0,0,0,0,0,0,0,0,0,0,0,0,0,0,0,0,0,0,0,0,0,0,0,0,0,0,0,0,0,0,0,0,0,0,0,0,0,0,0,0,0,0,0,99,99994907805,99,9999447519994,0,0,0,0,26,0817967158208,28,1676026838011,7,27796044062444E-06,7,92370814682417E-06,0,0,0,0,0,0,0,0,0,0,0,0,438,15,0,518441765249222,14,281755778542,94,1305069518309,0,0,0137410702424936,0,0,0,0,0,0,0,0,0,0,0,7,12023171130601E-08,0,0,0,0,1,35843704184512E-07,0,0,0,0,0,46049,3543351954,43263,8088053289,0,
170-180C*,0,0193581253220152,453,149994,136,569263683746,815,964639470041,0,553839830865505,317,755193133351,18,5206399048771,20,8868015198604,0,0375545143844148,0,6,74837663326025,212,421675485134,0,0,32,9768221825926,329,786986146791,215,718936992579,60,2021420245148,68,9592332245148,52,0194937881878,51,8755944444183,0,0,301956345095254,0,0,29,4598663069351,27,2376040357213,171,454294849605,1,45497606144733,5,04950611959061,35,5017835284586,44,2588747284586,21,3179370852998,0,0954100419284123,2,84546235239283E-05,0,0,383559308039418,0,0,47,3893464973099,0,984615852188713,0,864798627873135,0,782620705796635,0,0288010203146385,0,0,0,0,0,0,0,0,0,0,0,0,0,0,0,0,0,0,0,0,0,0,0,0,0,0,0,0,0,0,0,0,84,3346455869437,84,4999199124405,0,0,0,0,0,0,0,0,0,0,12,7132779883655,12,7898929543678,0,0,0,0,0,0,0,0,0,0,0,0,0,0,0,0,0,0,0,0,0,0,0,0,0,0,0,0,0,0,0,0,0,0,9,55785014401953E-10,8,14014575382527E-10,0,0,0,0,0,0,0,0,0,0,2,95207642373496,2,71018713237766,0,0,14,5243260473558,16,6699733525673,12,7132779883655,12,7898929543678,0,0,0,0,0,0,0,0,0,0,0,0,448,15,0,552723349502972,14,3059846114734,95,729173480742,0,0,0142751710849983,0,0,0,0,0,0,0,0,0,0,0,9,68067136034984E-08,0,0,0,0,1,84693182736553E-07,0,0,0,0,0,46045,1314427211,43173,1446770925,0,
180-190C*,0,0200835360267896,463,149994,141,880207816903,824,39994653251,0,653826139385943,318,021802506592,19,9350837994985,22,4513318238477,0,0394227021529255,0,6,93567873123092,217,534972514058,0,0,33,3000966718963,336,583641658298,220,832234021504,59,7773296516023,68,5344208516023,52,8846196687818,52,2854719447674,0,0,712705247063023,0,0,27,1802965317197,25,2631962313849,174,577833122009,1,45993816155313,4,82569666684509,34,8715289388619,43,628620138862,20,1675298076825,0,130299743081269,2,33326165290199E-05,0,0,242975333809528,0,0,44,4241129024615,1,09446783627417,0,95362704607743,0,857765640134938,0,0302337565583208,0,0,0,0,0,0,0,0,0,0,0,0,0,0,0,0,0,0,0,0,0,0,0,0,0,0,0,0,0,0,0,0,0,0,0,0,0,0,0,0,0,0,0,0,0,0,0,0,0,0,0,0,0,0,0,0,0,0,0,0,0,0,0,0,0,0,0,0,0,0,0,0,0,0,0,0,0,0,0,0,30,0608285160835,28,5066596108468,0,0,0,0,0,0,0,0,0,0,69,9391624660526,71,4933305689908,9,01786391567535E-06,9,82016243404936E-06,25,2631962313849,27,1802965317197,0,0,0,0,0,0,0,0,0,0,0,0,0,0,458,15,0,593078731647799,14,192506409394,97,6989433655964,0,0,0148036066263358,0,0,0,0,0,0,0,0,0,0,0,1,22411110093937E-07,0,0,0,0,2,33542661288594E-07,0,0,0,0,0,45889,0852638455,43061,3697769654,0,
190-200C*,0,0206611003368863,473,149994,147,383791404142,832,855634163328,0,76033690605705,318,270906527828,21,2685601608183,23,9419719988387,0,0412908899214362,0,7,13692665534262,222,505543833433,0,0,33,5077943782741,343,371868852483,225,802805340878,59,3521784741728,68,1092696741728,54,1370590183176,53,061244056804,0,1,16611809115199,0,0,24,594380820864,22,9967839443573,177,708440592288,1,46490993277371,4,60726345815307,34,7397203317938,43,4968115317938,19,0706447641697,0,154323339473752,4,93306601739006E-05,0,0,152398580138068,0,0,41,5711993814867,1,22114093108103,1,05495408429914,0,942793094215572,0,031666492802003,0,0,0,0,0,0,0,0,0,0,0,0,0,0,0,0,0,0,0,0,0,0,0,0,0,0,0,0,0,0,0,0,0,0,30,2541017324948,30,5104993852465,0,0,0,0,0,0,0,0,0,0,3,36156685916609,3,39581319417827,0,0,0,0,0,0,0,0,0,0,0,0,0,0,0,0,0,0,0,0,0,0,0,0,0,0,0,0,0,0,0,0,0,0,0,0,0,0,0,0,0,0,0,0,0,0,66,3843314083391,66,0936874205752,19,6352170851912,21,1985676266857,3,36156685916609,3,39581319417827,0,0,0,0,0,0,0,0,0,0,0,0,468,15,0,637528612778565,14,0635719479194,99,7508371959727,0,0,0153263768665059,0,0,0,0,0,0,0,0,0,0,0,1,48015506584375E-07,0,0,0,0,2,82392139840635E-07,0,0,0,0,0,45726,9847957715,42945,219380114,0,
200-210C*,0,0206871838445305,483,149994,153,087214694051,841,078609856427,0,873242135012599,318,533313225032,22,5413422778977,25,3644443500338,0,0431590776899469,0,7,34371695899431,227,349082258912,0,0,33,7090138947068,350,152073867354,230,646343766357,58,9308958765741,67,6879870765741,55,3430128805045,53,835376947262,0,1,61953093524096,0,0,22,1156448415979,20,8001787027042,180,799418573181,1,46973478089183,4,39424098978377,34,5434237677509,43,3005149677509,18,0309411191407,0,190259834907232,7,53287038187812E-05,0,0,0946120787502722,0,0,38,8439075160185,1,36811676297833,1,17115599548961,1,03945858252433,0,123988629250991,0,0,0,0,0,0,0,0,0,0,0,0,0,0,0,0,0,0,0,0,0,0,0,0,0,0,0,0,0,0,0,0,0,0,2,5574023892072E-14,2,96180674759965E-14,0,0,0,0,0,0,0,0,0,0,1,42077910511511E-15,1,64824284013007E-15,0,0,0,0,0,0,0,0,0,0,0,0,0,0,0,0,0,0,0,0,0,0,0,0,0,0,0,0,0,0,0,0,0,0,87,6377154840359,87,6148899543733,0,0,0,0,0,0,0,0,0,0,0,0,20,8001787027042,22,1156448415979,0,0,0,0,0,0,0,0,0,0,0,0,0,0,478,15,0,686634124530101,13,9349271926144,,0,0,0158434818055088,0,0,0,0,0,0,0,0,0,0,0,1,73619903074813E-07,0,0,0,0,3,31241618392676E-07,0,0,0,0,0,45576,7837264551,42828,7521918938,0,
210-220C*,0,0209647762082467,493,149994,158,973595738756,848,98283155454,0,992307295429333,318,829336909596,23,7607393293296,26,724364540036,0,0450272654584577,0,7,55184102454944,232,071275162152,0,0,33,9424633473823,356,924625903101,235,368536669597,58,5149122133064,67,2720034133064,56,4951720767491,54,6017907973064,0,2,07294377932994,0,0,19,7440885939213,18,6738446626576,183,819415210721,1,47435312071793,4,18666052635124,34,3344053315722,43,0914965315722,17,0508316659336,0,2295650161814,0,000101326747463662,0,0,0581180077396885,0,0,36,2523515335943,1,53952201709116,1,30499567927118,1,14977567052694,0,216310765699979,0,0,0,0,0,0,0,0,0,0,0,0,0,0,0,0,0,0,0,0,0,0,0,0,0,0,0,0,0,0,0,0,0,0,0,0,0,0,0,0,0,0,0,0,0,0,0,0,0,0,0,0,0,0,0,0,0,0,0,0,0,0,0,0,0,0,0,0,0,0,0,0,0,0,0,0,0,0,0,0,0,0,0,0,0,0,0,0,0,0,0,0,0,0,0,0,18,6738446626576,19,7440885939213,0,0,0,0,0,0,0,0,0,0,0,0,0,0,488,15,0,741019494893154,13,8065721434791,,0,0,0163549214433443,0,0,0,0,0,0,0,0,0,0,0,1,99224299565252E-07,0,0,0,0,3,80091096944717E-07,0,0,0,0,0,45438,4820558965,42713,8937419647,0,
220-230C*,0,0212123690179755,503,149994,165,026052590384,856,482257200399,1,11729785648399,319,179291892918,24,9340604937074,28,0267710395768,0,0468954532269684,0,7,75638302389181,236,678619065558,0,0,34,2435161852254,363,689862026194,239,975880573004,58,1056578388696,66,8627490388696,57,5862274284583,55,354136577502,0,2,52635662341891,0,0,17,4797120778343,16,6190923829212,186,737078650944,1,47870382313124,3,98454992288707,34,1126650232578,42,8697562232578,16,1327291978867,0,27160706816452,0,000127324791108543,0,0,0353116644106493,0,0,33,8066266621686,1,74039938544908,1,45978888945328,1,27612978890409,0,308632902148967,0,0,0,0,0,0,0,0,0,0,0,0,0,0,0,0,0,0,0,0,0,0,0,0,0,0,0,0,0,0,0,0,0,0,0,0,0,0,0,0,0,0,0,0,0,0,0,0,0,0,0,0,0,0,0,0,0,0,0,0,0,0,0,0,0,0,0,0,0,0,0,0,0,0,0,0,0,0,0,0,0,0,0,0,0,0,0,0,0,0,0,0,0,0,0,0,16,6190923829212,17,4797120778343,0,0,0,0,0,0,0,0,0,0,0,0,0,0,498,15,0,801399906370404,13,6785068005134,,0,0,0168606957800126,0,0,0,0,0,0,0,0,0,0,0,2,2482869605569E-07,0,0,0,0,4,28940575496758E-07,0,0,0,0,0,45312,0797840956,42622,4248806267,0,
230-240C*,0,0214692214465736,513,150024,171,082642755688,862,956738031357,1,24732570205797,319,796574982755,26,107517006932,29,307078209638,0,0487636409954791,0,7,92995083917471,241,217851248502,0,0,34,836061822037,370,448091176164,244,515112755947,57,7134420438777,66,4705332438777,58,5699676997312,56,0613263179369,0,7,19898008509528,0,0,15,3225152933368,14,6315954724251,189,276790637374,1,48238896444526,3,78793344402562,33,8782028428077,42,6352940428077,15,3084987485193,0,315893872048568,0,000136595993921738,0,0,021213230353765,0,0,31,5960313413871,1,97672751823538,1,63941994457374,1,42130110585869,0,400955038597955,0,0,0,0,0,0,0,0,0,0,0,0,0,0,0,0,0,0,0,0,0,0,0,0,0,0,0,0,0,0,0,0,0,0,0,0,0,0,0,0,0,0,0,0,0,0,0,0,0,0,0,0,0,0,0,0,0,0,0,0,0,0,0,0,0,0,0,0,0,0,0,0,0,0,0,0,0,0,0,0,0,0,0,0,0,0,0,0,0,0,0,0,0,0,0,0,14,6315954724251,15,3225152933368,0,0,0,0,0,0,0,0,0,0,0,0,0,0,508,15,0,868635607977161,13,5503530074923,,0,0,0234580373119799,0,0,0,0,0,0,0,0,0,0,0,2,50433092546128E-07,0,0,0,0,4,77790054048799E-07,0,0,0,0,0,45203,5394537127,42521,7062844887,0,
240-250C*,0,0217578270585983,523,150024,177,089778828565,868,162753220286,1,381964211758,320,693075718637,27,3060479378844,30,5813073496548,0,0506318287639898,0,8,05764166054175,245,710953528086,0,0,35,8011445398093,377,199597533784,249,008215035531,57,3423130940512,66,0994042940512,59,4214538216867,56,7045923673289,0,17,4452529938057,0,0,13,2724982404289,12,7141002830163,191,335409102039,1,48524290142036,3,59683158073947,33,6310187902219,42,3881099902219,14,5892091629384,0,361834669633385,0,000123770753679087,0,0,0125952540633132,0,0,29,6553421216821,2,25486665710637,1,84790421170035,1,58810710982873,0,493277175046943,0,0,0,0,0,0,0,0,0,0,0,0,0,0,0,0,0,0,0,0,0,0,0,0,0,0,0,0,0,0,0,0,0,0,0,0,0,0,0,0,0,0,0,0,0,0,0,0,0,0,0,0,0,0,0,0,0,0,0,0,0,0,0,0,0,0,0,0,0,0,0,0,0,0,0,0,0,0,0,0,0,0,0,0,0,0,0,0,0,0,0,0,0,0,0,0,12,7141002830163,13,2724982404289,0,0,0,0,0,0,0,0,0,0,0,0,0,0,518,15,0,943569686435798,13,4219996238084,,0,0,0303541653534922,0,0,0,0,0,0,0,0,0,0,0,8,25963967362633E-07,0,0,0,0,1,57581957159221E-06,0,0,0,0,0,45114,6134638054,42436,5173046813,0,
250-260C*,0,0220667972108114,533,150024,183,259550668642,872,881421482263,1,52203933776031,321,109819197402,28,4793587456134,31,8066219857522,0,0525000165325005,0,8,16856010341399,250,102770895419,0,0,36,8589448166429,383,944643372887,253,400032402865,37,0377119494445,45,7948031494445,60,190980335276,57,3130528165072,0,27,6915259025162,0,0,11,3296609191106,10,8803251977406,193,277919698952,1,48775119844772,3,41126086512508,33,383834737636,42,140925937636,13,9294851336317,0,408570979769142,0,000110945513436436,0,0,00738824050957575,0,0,27,865902983782,2,58301726740345,2,09027180561696,1,77997900755648,0,585599311495932,0,0,0,0,0,0,0,0,0,0,0,0,0,0,0,0,0,0,0,0,0,0,0,0,0,0,0,0,0,0,0,0,0,0,0,0,0,0,0,0,0,0,0,0,0,0,0,0,0,0,0,0,0,0,0,0,0,0,0,0,0,0,0,0,0,0,0,0,0,0,0,0,0,0,0,0,0,0,0,0,0,0,0,0,0,0,0,0,0,0,0,0,0,0,0,0,10,8803251977406,11,3296609191106,0,0,0,0,0,0,0,0,0,0,0,0,0,0,528,15,1,02705532747111,13,2940602315767,,0,0,0372502933950045,0,0,0,0,0,0,0,0,0,0,0,1,73854655470158E-06,0,0,0,0,3,3168949194852E-06,0,0,0,0,0,45035,6272161694,42357,3249751138,0,
260-270C*,0,0234010490992076,543,150024,189,626254876394,877,218448608182,1,66755108006491,321,964632363826,29,624566278145,32,9788162861475,0,0543682043010112,0,8,26591268065587,254,386741031379,0,0,37,9752486671063,377,071287725423,257,684002538824,36,1796590701549,44,9367502701549,60,8814303924732,57,886489106132,0,37,9377988112267,0,0,9,49400332938184,9,13469460772049,195,160622485662,1,48997898369518,3,2312336838066,33,1366506850501,41,8937418850502,13,3211708897645,0,455420859063818,9,8120273193784E-05,0,0,00427979722025108,0,0,26,2078858310086,2,97140005666111,2,37272391350385,2,00112519559274,0,67792144794492,0,0,0,0,0,0,0,0,0,0,0,0,0,0,0,0,0,0,0,0,0,0,0,0,0,0,0,0,0,0,0,0,0,0,0,0,0,0,0,0,0,0,0,0,0,0,0,0,0,0,0,0,0,0,0,0,0,0,0,0,0,0,0,0,0,0,0,0,0,0,0,0,0,0,0,0,0,0,0,0,0,0,0,0,0,0,0,0,0,0,0,0,0,0,0,0,9,13469460772049,9,49400332938184,0,0,0,0,0,0,0,0,0,0,0,0,0,0,538,15,1,12015787638296,13,1666705273797,,0,0,0441464214365167,0,0,0,0,0,0,0,0,0,0,0,2,65112914204052E-06,0,0,0,0,5,05797026737818E-06,0,0,0,0,0,44964,4411277255,42283,0677530203,0,
270-280C*,0,0238052925157033,553,150024,196,224188052296,881,279540388937,1,8184994386718,322,904531722039,30,7387873835053,34,0939552763053,0,056236392069522,0,8,35341617074584,258,555908890634,0,0,39,1164265775716,381,92947140677,261,85317039808,35,3216061908652,44,0786973908652,61,4956871452521,58,42485910168,0,48,1840717199372,0,0,7,76552547124265,7,48118562201473,197,039817519719,1,49199245894871,3,05675809059807,32,8894666324643,41,6465578324643,12,756110660502,0,501702364125391,8,52950329511325E-05,0,0,00244713928527653,0,0,24,6608660419476,3,43284012204074,2,70290140834697,2,25666191925968,0,770243584393908,0,0,0,0,0,0,0,0,0,0,0,0,0,0,0,0,0,0,0,0,0,0,0,0,0,0,0,0,0,0,0,0,0,0,0,0,0,0,0,0,0,0,0,0,0,0,0,0,0,0,0,0,0,0,0,0,0,0,0,0,0,0,0,0,0,0,0,0,0,0,0,0,0,0,0,0,0,0,0,0,0,0,0,0,0,0,0,0,0,0,0,0,0,0,0,0,7,48118562201473,7,76552547124265,0,0,0,0,0,0,0,0,0,0,0,0,0,0,548,15,1,22411332979172,13,0399662077994,,0,0,051042549478029,0,0,0,0,0,0,0,0,0,0,0,3,56371172937946E-06,0,0,0,0,6,79904561527116E-06,0,0,0,0,0,44898,9156153943,42212,6885399687,0,
280-290C*,0,024113994258074,563,150024,203,087646796823,885,170402615422,1,97488441358097,323,925682427215,31,8191389097203,35,1483878628075,0,0581045798380327,0,8,43517289168681,262,602943442152,0,0,40,2491681908985,386,57928779754,265,900204949597,34,4635533115755,43,2206445115755,62,0366337455866,58,9282933833813,0,58,4303446286476,0,0,6,14422734469303,5,92331875381116,198,971804858671,1,49385823626066,2,88783761914226,32,6422825798785,41,3993737798785,12,2261486750096,0,546733551561838,7,2469792708481E-05,0,0,00138052215698748,0,0,23,2039027643,3,9836994088578,3,09037808804395,2,55291541858491,0,862565720842896,0,0,0,0,0,0,0,0,0,0,0,0,0,0,0,0,0,0,0,0,0,0,0,0,0,0,0,0,0,0,0,0,0,0,0,0,0,0,0,0,0,0,0,0,0,0,0,0,0,0,0,0,0,0,0,0,0,0,0,0,0,0,0,0,0,0,0,0,0,0,0,0,0,0,0,0,0,0,0,0,0,0,0,0,0,0,0,0,0,0,0,0,0,0,0,0,5,92331875381116,6,14422734469303,0,0,0,0,0,0,0,0,0,0,0,0,0,0,558,15,1,34038119603714,12,9140829694184,,0,0,184677646769847,0,0,0,0,0,0,0,0,0,0,0,4,4762943167184E-06,0,0,0,0,8,54012096316415E-06,0,0,0,0,0,44836,9110960966,42145,1388072213,0,
290-300C*,0,0243210152263888,573,150024,210,250927710449,888,996741078532,2,13670600479243,325,024249634532,32,8627377048161,36,1387561125698,0,0599727676065434,0,8,51558213366405,266,520157780247,0,0,41,3403621663062,391,021760414127,269,817419287692,33,6055004322859,42,3625916322859,62,5071533454509,59,3970899901129,0,68,6766175373581,0,0,4,63010894973297,4,46415389731732,201,012884560068,1,49564285334153,2,724471096327,32,3950985272926,41,1521897272926,11,7231291624524,0,589832477981139,5,96445524658295E-05,0,0,000768003459251162,0,0,21,8156053732801,4,64524425326476,3,54737304105014,2,89785318993887,1,27334229601937,0,0,0,0,0,0,0,0,0,0,0,0,0,0,0,0,0,0,0,0,0,0,0,0,0,0,0,0,0,0,0,0,0,0,0,0,0,0,0,0,0,0,0,0,0,0,0,0,0,0,0,0,0,0,0,0,0,0,0,0,0,0,0,0,0,0,0,0,0,0,0,0,0,0,0,0,0,0,0,0,0,0,0,0,0,0,0,0,0,0,0,0,0,0,0,0,4,46415389731732,4,63010894973297,0,0,0,0,0,0,0,0,0,0,0,0,0,0,568,15,1,47071692737514,12,7891565088187,,0,0,325392963781452,0,0,0,0,0,0,0,0,0,0,0,5,38887690405734E-06,0,0,0,0,1,02811963110571E-05,0,0,0,0,0,44776,2879867532,42079,3811707739,0,
300-310C*,0,0243979124439176,583,150024,217,96277262915,893,659071952384,2,14892309819159,326,240028292032,33,8667006168188,37,0620007950039,0,0618409553750541,0,8,63588953250596,270,233682291789,0,0,42,0823429463284,395,258380814762,273,530943799234,32,7474475529962,41,5045387529962,62,9101290968187,59,8317077755857,0,210,091985422482,0,0,3,22317028636247,3,10629142941036,203,686528882027,1,49791084911755,2,5666524573687,32,1479144747068,40,9050056747068,11,1934573796735,0,620741366212144,4,6819312223178E-05,0,0,000421107916783318,0,0,20,3480609790877,5,45723251601621,4,0966912300963,3,30628133237283,1,80526613866143,0,0,0,0,0,0,0,0,0,0,0,0,0,0,0,0,0,0,0,0,0,0,0,0,0,0,0,0,0,0,0,0,0,0,0,0,0,0,0,0,0,0,0,0,0,0,0,0,0,0,0,0,0,0,0,0,0,0,0,0,0,0,0,0,0,0,0,0,0,0,0,0,0,0,0,0,0,0,0,0,0,0,0,0,0,0,0,0,0,0,0,0,0,0,0,0,3,10629142941036,3,22317028636247,0,0,0,0,0,0,0,0,0,0,0,0,0,0,578,15,1,6181177594745,12,6659417338276,,0,0,463896946568763,0,0,0,0,0,0,0,0,0,0,0,6,30145949139629E-06,0,0,0,0,1,20222716589501E-05,0,0,0,0,0,44705,1433493077,42008,5783091324,0,
310-320C*,0,0243365126808102,593,150024,226,334347206973,899,583409783558,1,94808229862105,327,586755896188,34,8281444937543,37,9153632626852,0,0637091431435648,0,8,81866238759396,273,705708987785,0,0,42,3398741683986,399,291076094282,277,00297049523,31,8893946737065,40,6464858737065,63,2484441516641,60,2327585536239,0,526,289501141463,0,0,1,92341135458154,1,85187818369094,207,237196221003,1,50092948930071,2,41437056354536,31,9007304221209,40,6578216221209,10,6106765491787,0,637530428096135,3,39940719805265E-05,0,0,000227456403777024,0,0,18,7266265854332,6,47857817385765,4,7712527688672,3,799184388698,2,34419267574308,0,0,0,0,0,0,0,0,0,0,0,0,0,0,0,0,0,0,0,0,0,0,0,0,0,0,0,0,0,0,0,0,0,0,0,0,0,0,0,0,0,0,0,0,0,0,0,0,0,0,0,0,0,0,0,0,0,0,0,0,0,0,0,0,0,0,0,0,0,0,0,0,0,0,0,0,0,0,0,0,0,0,0,0,0,0,0,0,0,0,0,0,0,0,0,0,1,85187818369094,1,92341135458154,0,0,0,0,0,0,0,0,0,0,0,0,0,0,588,15,1,78666337571791,12,5448237346324,,0,0,600189595131779,0,0,0,0,0,0,0,0,0,0,0,7,21404207873523E-06,0,0,0,0,1,37633470068431E-05,0,0,0,0,0,44617,4053105052,41928,3976487379,0,
320-330C*,0,0241737175828532,603,150024,235,076716533593,905,640378240513,1,74724149905051,328,992814491788,35,7441861836488,38,6963838073503,0,0655773309120755,0,9,01365309876554,277,029221032593,0,0,42,5117429322359,403,122175907082,280,326482540038,31,0313417944168,39,7884329944168,63,524981661961,60,6009982223966,0,832,897009339345,0,0,0,73083215439018,0,702617970253066,210,995389357949,1,50399043704896,2,26760902366051,31,6535463695351,40,4106375695351,10,0372247460915,0,654319489980126,2,11688317378751E-05,0,0,000120956611860094,0,0,17,1242521027124,7,75958348804116,5,5970290012032,4,39221565023121,2,8743042346559,0,0,0,0,0,0,0,0,0,0,0,0,0,0,0,0,0,0,0,0,0,0,0,0,0,0,0,0,0,0,0,0,0,0,0,0,0,0,0,0,0,0,0,0,0,0,0,0,0,0,0,0,0,0,0,0,0,0,0,0,0,0,0,0,0,0,0,0,0,0,0,0,0,0,0,0,0,0,0,0,0,0,0,0,0,0,0,0,0,0,0,0,0,0,0,0,0,702617970253066,0,73083215439018,0,0,0,0,0,0,0,0,0,0,0,0,0,0,598,15,1,97922102280128,12,4249762031528,,0,0,734270909470501,0,0,0,0,0,0,0,0,0,0,0,8,12662466607417E-06,0,0,0,0,1,55044223547361E-05,0,0,0,0,0,44526,1026051677,41846,9773848671,0,
330-340C*,0,0239152495444702,613,150024,244,178103429015,911,761460674954,1,54640069947998,330,444808015884,36,2786948181585,39,2660219472761,0,0674455186805862,0,9,21804070167213,280,210983653408,0,0,42,6256960220101,406,754379347841,283,508245160853,30,1732889151272,38,9303801151272,63,0636450008109,60,0993568464005,0,1129,91451001613,0,0,0,657660181030565,0,6346212063234,214,915030250081,1,50704989818222,2,12634602042223,31,4063623169492,40,1634535169492,9,47490388897283,0,671108551864116,8,34359149522356E-06,0,6,32888462072036E-05,0,0,15,5463382433844,9,38324769161426,6,61687879507005,5,11120423265283,3,3797831427915,0,0,0,0,0,0,0,0,0,0,0,0,0,0,0,0,0,0,0,0,0,0,0,0,0,0,0,0,0,0,0,0,0,0,0,0,0,0,0,0,0,0,0,0,0,0,0,0,0,0,0,0,0,0,0,0,0,0,0,0,0,0,0,0,0,0,0,0,0,0,0,0,0,0,0,0,0,0,0,0,0,0,0,0,0,0,0,0,0,0,0,0,0,0,0,0,0,6346212063234,0,657660181030565,0,0,0,0,0,0,0,0,0,0,0,0,0,0,608,15,2,20020872958168,12,3063991393888,,0,0,866140889584928,0,0,0,0,0,0,0,0,0,0,0,9,03920725341311E-06,0,0,0,0,1,72454977026291E-05,0,0,0,0,0,44431,2352332951,41765,2044076075,0,
340-350C*,0,0238388150302946,623,150024,253,626730713245,917,878140438589,1,34555989990944,331,929340405527,36,8085463459098,39,8260125365157,0,069313706449097,0,9,4285736106662,283,258187626814,0,591769217587705,0,42,7080158089572,410,190721987614,286,55544913426,29,3152360358375,38,0723272358375,62,5930925005479,59,594597117403,0,1417,34200317181,0,0,0,598361153542297,0,579390346081282,218,950040854614,1,51006356735434,1,990554143029,31,1591782643633,39,9162694643633,8,92551589638346,0,687897613748107,0,0,3,25624266988254E-05,0,0,13,9983630584453,11,4630420497503,7,88754929534689,5,98956203096066,3,84481172754147,0,0,0,0,0,0,0,0,0,0,0,0,0,0,0,0,0,0,0,0,0,0,0,0,0,0,0,0,0,0,0,0,0,0,0,0,0,0,0,0,0,0,0,0,0,0,0,0,0,0,0,0,0,0,0,0,0,0,0,0,0,0,0,0,0,0,0,0,0,0,0,0,0,0,0,0,0,0,0,0,0,0,0,0,0,0,0,0,0,0,0,0,0,0,0,0,0,579390346081282,0,598361153542297,0,0,0,0,0,0,0,0,0,0,0,0,0,0,618,15,2,45494860693988,12,1890925433404,,0,0,995799535475061,0,0,0,0,0,0,0,0,0,0,0,1,47688323907124E-05,0,0,0,0,2,81767922699608E-05,0,0,591769217587705,0,0,0,44332,8031948874,41683,9462077248,0,
350-360C*,0,0234117442874925,633,150024,263,410821206292,923,921900883122,1,14471910033891,333,433015597768,37,9234885595912,40,7530065315408,0,0711818942176077,0,9,64153063864607,286,17840697874,0,620798795427805,0,42,7835478599031,413,434543330691,289,475668486185,28,4571831565478,37,2142743565478,61,5374493143548,58,7266938921624,0,1695,17948880639,0,0,0,539062126054029,0,52029957629677,223,054343128765,1,51298669326641,1,86020022736592,30,9119942117775,39,6690854117775,8,3908626868842,0,728868836011368,0,0,1,64630325732032E-05,0,00993360480642646,0,00950888005801971,12,4858774278811,14,1550733244302,9,48451719446606,7,0706524629524,4,25357231629741,0,0,0,0,0,0,0,0,0,0,0,0,0,0,0,0,0,0,0,0,0,0,0,0,0,0,0,0,0,0,0,0,0,0,0,0,0,0,0,0,0,0,0,0,0,0,0,0,0,0,0,0,0,0,0,0,0,0,0,0,0,0,0,0,0,0,0,0,0,0,0,0,0,0,0,0,0,0,0,0,0,0,0,0,0,0,0,0,0,0,0,0,0,0,0,0,0,52029957629677,0,539062126054029,0,0,0,0,0,0,0,0,0,0,0,0,0,0,628,15,2,74984866588134,12,0730564150077,,0,1,1232468471409,0,0,0,0,0,0,0,0,0,0,0,2,57169202904687E-05,0,0,0,0,4,90641576583513E-05,0,0,620798795427805,0,0,0,44230,8064899447,41594,0049991241,0,
360-370C*,0,0228901338320717,643,150024,273,51859772816,929,824225360261,0,94387830076837,334,942437529657,38,5532310991357,41,3560585764974,0,0730500819861184,0,9,85270437263572,288,979559408373,0,649828373267906,0,42,8757857153382,416,489454925612,292,276820915819,27,5991302772581,36,3562214772581,60,9670058022986,58,1800946492587,0,00945903527013541,1963,42696691988,0,0,0,47976309856576,0,463846774243957,227,181859029749,1,51577421570596,1,73524520532905,30,6648101591916,39,4219013591917,7,87274617903588,0,741725017962871,0,0,8,17339486242815E-06,0,666478251638906,0,0864992743494775,11,0144998757639,17,6752129339185,11,5085143519926,8,41087854479768,4,5555482012322,0,0,0,0,0,0,0,0,0,0,0,0,0,0,0,0,0,0,0,0,0,0,0,0,0,0,0,0,0,0,0,0,0,0,0,0,0,0,0,0,0,0,0,0,0,0,0,0,0,0,0,0,0,0,0,0,0,0,0,0,0,0,0,0,0,0,0,0,0,0,0,0,0,0,0,0,0,0,0,0,0,0,0,0,0,0,0,0,0,0,0,0,0,0,0,0,0,463846774243957,0,47976309856576,0,0,0,0,0,0,0,0,0,0,0,0,0,0,638,15,3,09261272134658,11,9582907543905,,0,1,24848282458244,0,0,0,0,0,0,0,0,0,0,0,3,66650081902251E-05,0,0,0,0,6,99515230467418E-05,0,0,649828373267906,0,0,0,44125,2451184669,41517,9409054905,0,
370-380C*,0,0222827413285256,653,150024,283,938283098856,935,516597221712,0,743037501197835,336,444210138247,39,137943162787,41,9210000847038,0,0749182697546291,0,10,0574118885137,291,669869559599,0,678857951108006,0,43,0070036576799,419,359309332442,294,967131067044,26,7410773979685,35,4981685979685,60,4415927661355,57,6717404317986,0,409650181925547,2222,08443751226,0,0,0,420464071077492,0,407259483497614,231,286510514782,1,51838097308829,1,61564396491305,30,4176261066058,39,1747173066058,7,37296829139928,0,752652728201152,0,0,3,98175321496617E-06,1,32302289847139,0,163489668640935,9,58991070999026,22,3230454077432,14,094230278784,10,0836538260778,4,72044482446324,0,0,0,0,0,0,0,0,0,0,0,0,0,0,0,0,0,0,0,0,0,0,0,0,0,0,0,0,0,0,0,0,0,0,0,0,0,0,0,0,0,0,0,0,0,0,0,0,0,0,0,0,0,0,0,0,0,0,0,0,0,0,0,0,0,0,0,0,0,0,0,0,0,0,0,0,0,0,0,0,0,0,0,0,0,0,0,0,0,0,0,0,0,0,0,0,0,407259483497614,0,420464071077492,0,0,0,0,0,0,0,0,0,0,0,0,0,0,648,15,3,49247533926091,11,8447955614889,,0,1,37150746779969,0,0,0,0,0,0,0,0,0,0,0,4,76130960899815E-05,0,0,0,0,9,08388884351323E-05,0,0,678857951108006,0,0,0,44016,1190804541,41445,6434505687,0,
380-390C*,0,0215990491751363,663,150024,294,658100138387,940,93049981918,0,542196701627299,337,924937360589,39,6794977298515,42,4495222250137,0,158594983279163,0,10,2505378167005,294,25783523676,0,707887528948107,0,43,1984298230509,422,048170118079,297,555096744206,25,8830245186788,34,6401157186788,59,9593372265592,57,1999726280686,0,809841328580958,2471,15190058354,0,0,0,361165043589224,0,350505146917704,235,32221954108,1,52076197838845,1,50134522281533,30,1704420540199,38,9275332540199,6,89333094253524,0,761929771846937,0,0,1,90189923734545E-06,1,97956754530387,0,240480062932393,8,21784548666207,28,5149125191236,17,4217158276057,12,1843993803136,4,85705438683116,0,0,0,0,0,0,0,0,0,0,0,0,0,0,0,0,0,0,0,0,0,0,0,0,0,0,0,0,0,0,0,0,0,0,0,0,0,0,0,0,0,0,0,0,0,0,0,0,0,0,0,0,0,0,0,0,0,0,0,0,0,0,0,0,0,0,0,0,0,0,0,0,0,0,0,0,0,0,0,0,0,0,0,0,0,0,0,0,0,0,0,0,0,0,0,0,0,350505146917704,0,361165043589224,0,0,0,0,0,0,0,0,0,0,0,0,0,0,658,15,3,96045237093802,11,732570836303,,0,1,47955048834319,0,0,0,0,0,0,0,0,0,0,0,5,85611839897378E-05,0,0,0,0,0,000111726253823523,0,0,707887528948107,0,0,0,43903,4283759062,41377,7652361303,0,
390-400C*,0,0208572654143448,673,150024,305,545878399765,945,215492971878,0,390136461101901,339,315506863688,40,1797677796359,42,9432047651124,0,242271696803697,0,10,3793262819876,296,823336401918,0,736917106788207,0,43,7130432796426,424,56028302246,300,120597909363,25,0249716393891,33,7820628393891,59,5183662042632,56,7632389223525,1,21003247523637,2706,20501147932,0,0,0,301866016100956,0,293556312535129,238,999486526396,1,5190892663762,1,39229141142832,29,9232580014341,38,6803492014341,6,47118229791739,0,76971688435649,0,0,8,89990331363295E-07,2,63611219213635,0,317470457223851,7,00627505097147,36,5644284161765,21,6076979979513,14,7674496609762,4,9783288392806,0,0,0,0,0,0,0,0,0,0,0,0,0,0,0,0,0,0,0,0,0,0,0,0,0,0,0,0,0,0,0,0,0,0,0,0,0,0,0,0,0,0,0,0,0,0,0,0,0,0,0,0,0,0,0,0,0,0,0,0,0,0,0,0,0,0,0,0,0,0,0,0,0,0,0,0,0,0,0,0,0,0,0,0,0,0,0,0,0,0,0,0,0,0,0,0,0,293556312535129,0,301866016100956,0,0,0,0,0,0,0,0,0,0,0,0,0,0,668,15,4,50055405325173,11,6433837777636,,0,1,58660393168693,0,0,0,0,0,0,0,0,0,0,0,6,95092718894942E-05,0,0,0,0,0,000132613619211913,0,0,736917106788207,0,0,0,43810,9876914121,41324,155164616,0,
400-410C*,0,0200867988893729,683,150024,316,260464343257,946,504661014211,0,421406151890959,340,452725379378,40,6406262914465,43,4035293423275,0,325948410328231,0,10,4312229133975,299,542204740077,0,765946684628308,0,45,1251955035772,426,900048411183,302,839466247522,24,1669187600994,32,9240099600995,59,1168067199408,56,3600801284863,1,61022362189178,2915,34860091346,0,0,0,242566988612688,0,236390529186218,241,617777085597,1,52005060941421,1,28841858220791,29,6760739488482,38,4331651488482,6,05378311448999,0,776601516410749,0,0,4,07653247615336E-07,3,29265683896883,0,394460851515308,5,80469117552863,46,0460064637341,26,4292771022989,17,6992793450508,5,11734253666954,0,0,0,0,0,0,0,0,0,0,0,0,0,0,0,0,0,0,0,0,0,0,0,0,0,0,0,0,0,0,0,0,0,0,0,0,0,0,0,0,0,0,0,0,0,0,0,0,0,0,0,0,0,0,0,0,0,0,0,0,0,0,0,0,0,0,0,0,0,0,0,0,0,0,0,0,0,0,0,0,0,0,0,0,0,0,0,0,0,0,0,0,0,0,0,0,0,236390529186218,0,242566988612688,0,0,0,0,0,0,0,0,0,0,0,0,0,0,678,15,5,09340005357138,11,6343337405644,,0,1,69365737503066,0,0,0,0,0,0,0,0,0,0,0,8,04573597892506E-05,0,0,0,0,0,000153500984600304,0,0,765946684628308,0,0,0,43804,2764061909,41306,2091355326,0,
410-420C*,0,0192642596399301,693,150024,327,257863661236,947,793829056544,0,450927880294104,341,537093821988,41,0639462445898,43,831891505294,0,409625123852765,0,10,4833790279645,302,145852014562,0,794976262468408,0,46,503717988665,429,07199510456,305,443113522007,23,3088658808098,32,0659570808098,58,7527857942858,55,9891182223807,2,01041476854719,3115,56790402975,0,0,0,18326796112442,0,178990272325243,244,06551815004,1,52106355385318,1,18965632751904,29,4288898962624,38,1859810962624,5,68694015777465,0,783486148465007,0,0,1,82602213192908E-07,3,94920148580131,0,471451245806766,4,74565353581957,58,3674731987096,32,5078854493489,21,3166768378207,5,26114466494104,0,0,0,0,0,0,0,0,0,0,0,0,0,0,0,0,0,0,0,0,0,0,0,0,0,0,0,0,0,0,0,0,0,0,0,0,0,0,0,0,0,0,0,0,0,0,0,0,0,0,0,0,0,0,0,0,0,0,0,0,0,0,0,0,0,0,0,0,0,0,0,0,0,0,0,0,0,0,0,0,0,0,0,0,0,0,0,0,0,0,0,0,0,0,0,0,0,178990272325243,0,18326796112442,0,0,0,0,0,0,0,0,0,0,0,0,0,0,688,15,5,78008542783631,11,6252837033653,,0,1,8007108183744,0,0,0,0,0,0,0,0,0,0,0,9,14054476890069E-05,0,0,0,0,0,000174388349988694,0,0,794976262468408,0,0,0,43797,5651209697,41288,2894417245,0,
420-430C*,0,0160923406909436,703,150024,338,559095561063,949,082997098876,0,479646667396978,342,570293392555,41,4516006183723,44,2296116758877,0,493301837377298,0,10,5357959231043,304,635866800654,0,824005840308509,0,47,8497827757139,431,080755649549,307,9331283081,22,4508130015201,31,2079042015201,58,4244304479916,55,6490454287335,2,4106059152026,3308,06018353535,0,0,0,123968933636151,0,121342895378789,246,362503473574,1,52212685957282,1,09592772316663,29,1817058436765,37,9387970436765,5,34358908191208,0,790370780519266,0,0,7,99114963384254E-08,4,60574613263379,0,548441640098224,3,75189852699961,74,4882963728271,40,2167833971673,25,8035685399991,5,40494679321254,0,0,0,0,0,0,0,0,0,0,0,0,0,0,0,0,0,0,0,0,0,0,0,0,0,0,0,0,0,0,0,0,0,0,0,0,0,0,0,0,0,0,0,0,0,0,0,0,0,0,0,0,0,0,0,0,0,0,0,0,0,0,0,0,0,0,0,0,0,0,0,0,0,0,0,0,0,0,0,0,0,0,0,0,0,0,0,0,0,0,0,0,0,0,0,0,0,121342895378789,0,123968933636151,0,0,0,0,0,0,0,0,0,0,0,0,0,0,698,15,6,57791817023781,11,6162336661661,,0,1,90776426171814,0,0,0,0,0,0,0,0,0,0,0,0,000102353535588763,0,0,0,0,0,000195275715377085,0,0,824005840308509,0,0,0,43790,8538357485,41270,396199448,0,
430-440C*,0,0197289992109174,713,150024,350,185179250101,950,372165141209,0,507562513199581,343,55400529211,41,8054623921005,44,5979451574911,0,576978550901832,0,10,5884749027198,307,01389327114,0,853035418148609,0,49,1645069596658,432,931043079548,310,311154778585,21,5927601222304,30,3498513222304,58,1298677017516,55,338614240178,2,81079706185801,3494,02270213743,0,0,0,0646699061478831,0,0634406023309082,248,528526810052,1,52323935757479,1,00714929391811,28,9345217910907,37,6916129910907,5,02305350027785,0,807126694412581,0,0,3,41314212017786E-08,5,26229077946627,0,625432034389681,2,82196489108287,95,7284233251288,50,0532950593142,31,3993882970827,5,49980725157453,0,0,0,0,0,0,0,0,0,0,0,0,0,0,0,0,0,0,0,0,0,0,0,0,0,0,0,0,0,0,0,0,0,0,0,0,0,0,0,0,0,0,0,0,0,0,0,0,0,0,0,0,0,0,0,0,0,0,0,0,0,0,0,0,0,0,0,0,0,0,0,0,0,0,0,0,0,0,0,0,0,0,0,0,0,0,0,0,0,0,0,0,0,0,0,0,0,0634406023309082,0,0646699061478831,0,0,0,0,0,0,0,0,0,0,0,0,0,0,708,15,7,50784586360459,11,607183628967,,0,2,01481770506187,0,0,0,0,0,0,0,0,0,0,0,0,00011330162348852,0,0,0,0,0,000216163080765475,0,0,853035418148609,0,0,0,43784,1425505272,41248,4728611652,0,
440-450C*,0,0165753263266047,723,150024,362,157133935708,951,661333183542,0,534675417701914,344,48991072169,42,1274045450809,44,9380912955848,0,660655264426366,0,10,6414172772334,309,281624544035,0,88206499598871,0,50,4489557837384,434,62762918757,312,57888605148,20,7347072429408,29,4917984429408,57,8672245762595,55,0566282669427,3,21098820851343,3674,65272254313,0,0,0,005370878659615,0,0052804374724631,250,583381913323,1,52439994545648,0,923231004410815,28,6873377385048,37,4444289385048,4,72465702624755,0,814253256570939,0,0,1,4212435536791E-08,5,91883542629875,0,702422428681139,1,9543401982159,123,91731502241,62,6843531419663,38,4176256140972,5,49923867214836,0,0,0,0,0,0,0,0,0,0,0,0,0,0,0,0,0,0,0,0,0,0,0,0,0,0,0,0,0,0,0,0,0,0,0,0,0,0,0,0,0,0,0,0,0,0,0,0,0,0,0,0,0,0,0,0,0,0,0,0,0,0,0,0,0,0,0,0,0,0,0,0,0,0,0,0,0,0,0,0,0,0,0,0,0,0,0,0,0,0,0,0,0,0,0,0,0,0052804374724631,0,005370878659615,0,0,0,0,0,0,0,0,0,0,0,0,0,0,718,15,8,59530722202975,11,5981335917678,,0,2,12187114840561,0,0,0,0,0,0,0,0,0,0,0,0,00014512792202213,0,0,0,0,0,00027688304689274,0,0,88206499598871,0,0,0,43777,431265306,41230,5355870344,0,
450-460C*,0,0146094699236896,733,150024,374,495978825248,952,950501225874,0,560985380903976,345,379690882326,42,3232407979623,45,1205788949661,0,7443319779509,0,10,6946243636196,311,440796479999,0,91109457382881,0,51,7041455529456,436,175324321093,314,738057987444,19,8766543636511,28,6337455636511,57,6767592020376,54,8794211050339,3,61117935516884,3851,14750745964,0,0,1,47077766368701E-14,1,44826201803762E-14,252,54686253724,1,52560758323874,0,8440762779087,28,440153685919,37,197244885919,4,44772327319672,0,820712912891665,0,0,5,76302027866878E-09,6,57538007313123,0,779412822972597,1,14746400897361,161,610209993611,79,0103238033631,47,2711585905659,5,49867009272218,0,0,0,0,0,0,0,0,0,0,0,0,0,0,0,0,0,0,0,0,0,0,0,0,0,0,0,0,0,0,0,0,0,0,0,0,0,0,0,0,0,0,0,0,0,0,0,0,0,0,0,0,0,0,0,0,0,0,0,0,0,0,0,0,0,0,0,0,0,0,0,0,0,0,0,0,0,0,0,0,0,0,0,0,0,0,0,0,0,0,0,0,0,0,0,0,1,44826201803762E-14,1,47077766368701E-14,0,0,0,0,0,0,0,0,0,0,0,0,0,0,728,15,9,87130198203277,11,5890835545687,,0,2,22892459174935,0,0,0,0,0,0,0,0,0,0,0,0,000217482511786164,0,0,0,0,0,000414925120336643,0,0,91109457382881,0,0,0,43770,7199800848,41212,8989836029,0,
460-480C*,0,0266534105290433,753,150024,393,738144808033,957,343149960053,0,59894481076906,346,631553871275,42,6006500944113,45,3769723229335,0,8698470482377,0,10,7480974854377,315,265192699486,2,32088740455324,0,52,7606168908847,438,019598392475,318,562454206932,18,5895750447166,27,3466662447166,57,3993499055887,54,6230276770665,4,21146607515195,4110,75513046404,0,0,1,47077766368701E-14,1,45127823581468E-14,255,364055160874,1,52939735226913,0,699638827753997,28,0693776070402,36,8264688070402,4,07108564971608,0,829298300473984,0,0,8,70669017649523E-10,7,56019704337995,0,894898414409784,0,0475298409755234,256,382609806125,117,692190613713,67,3633911395738,5,49781722358293,0,0,0,0,0,0,0,0,0,0,0,0,0,0,0,0,0,0,0,0,0,0,0,0,0,0,0,0,0,0,0,0,0,0,0,0,0,0,0,0,0,0,0,0,0,0,0,0,0,0,0,0,0,0,0,0,0,0,0,0,0,0,0,0,0,0,0,0,0,0,0,0,0,0,0,0,0,0,0,0,0,0,0,0,0,0,0,0,0,0,0,0,0,0,0,0,1,45127823581468E-14,1,47077766368701E-14,0,0,0,0,0,0,0,0,0,0,0,0,0,0,743,15,12,4038885461134,11,57550849877,,0,2,38950475676495,0,0,0,0,0,0,0,0,0,0,0,0,000326014396432215,0,0,0,0,0,000621988230502498,0,2,32088740455324,0,0,0,43760,653052253,41158,5076241528,0,
480-500C*,0,023545489986166,773,150024,420,874661100879,958,552482904725,0,646747089371559,348,154957291557,43,2416468148079,45,9920074554852,1,03720047528677,0,10,8018379728649,318,984243959387,4,19733509620821,0,55,536031715111,440,323947877575,322,281505466833,16,8734692861372,25,6305604861372,56,7583531851921,54,0079925445148,5,01184836846278,4453,59975552451,0,0,1,47077766368701E-14,1,45414133502654E-14,258,985243017254,1,53103068868848,0,572936211814186,27,5750095018685,36,3321007018685,3,63770873334208,0,839035746751669,0,0,1,1643634649436E-10,8,87328633704491,1,0488792029927,-1,22175683959148,447,111965376329,191,357599281474,104,186198557088,5,49668006473058,0,0,0,0,0,0,0,0,0,0,0,0,0,0,0,0,0,0,0,0,0,0,0,0,0,0,0,0,0,0,0,0,0,0,0,0,0,0,0,0,0,0,0,0,0,0,0,0,0,0,0,0,0,0,0,0,0,0,0,0,0,0,0,0,0,0,0,0,0,0,0,0,0,0,0,0,0,0,0,0,0,0,0,0,0,0,0,0,0,0,0,0,0,0,0,0,1,45414133502654E-14,1,47077766368701E-14,0,0,0,0,0,0,0,0,0,0,0,0,0,0,763,15,16,5812082430119,11,5648995414478,,0,2,60361164345243,0,0,0,0,0,0,0,0,0,0,0,0,000470723575960283,0,0,0,0,0,000898072377390304,0,4,19733509620821,0,0,0,43747,2304818105,41140,564404664,0,
500-520C*,0,0206584035549928,793,150024,452,71866076343,960,832714466095,0,687482085595249,349,402063118764,43,5822062953048,46,3218015772847,1,23881798443104,0,10,8558471627292,322,202760614219,6,05799483053156,0,57,8750851465311,442,116291793549,325,500022121665,15,1573635275579,23,9144547275579,56,4177937046952,53,6781984227152,5,95537123537852,4827,07773853882,0,0,1,47077766368701E-14,1,45733323448064E-14,262,968358396242,1,53366168351274,0,462969824847525,27,0806413966968,35,8377325966968,3,31346299608384,0,84836102034157,0,0,1,36162812895303E-11,10,4687710312584,1,23354900547516,-2,17397182985845,823,149292183001,325,592041801953,167,570181604557,5,49554290587824,0,0,0,0,0,0,0,0,0,0,0,0,0,0,0,0,0,0,0,0,0,0,0,0,0,0,0,0,0,0,0,0,0,0,0,0,0,0,0,0,0,0,0,0,0,0,0,0,0,0,0,0,0,0,0,0,0,0,0,0,0,0,0,0,0,0,0,0,0,0,0,0,0,0,0,0,0,0,0,0,0,0,0,0,0,0,0,0,0,0,0,0,0,0,0,0,1,45733323448064E-14,1,47077766368701E-14,0,0,0,0,0,0,0,0,0,0,0,0,0,0,783,15,22,6223399220384,11,5347212422363,,0,2,90117026896925,0,0,0,0,0,0,0,0,0,0,0,0,00061543275548835,0,0,0,0,0,00117415652427811,0,6,05799483053156,0,0,0,43709,1049826609,41110,4983234789,0,
520-540C*,0,0178887265472649,813,150024,493,693398433243,966,848255232281,0,716456931718914,350,662752021683,43,8470486358512,46,586196822384,1,96765865670898,0,10,9101263985429,324,667276824468,7,90286660752329,0,58,9421280528676,443,434260082625,327,964538331913,13,4412577689785,22,1983489689785,56,1529513641488,53,413803177616,9,10140534363016,5290,40430369009,0,0,1,47077766368701E-14,1,46022404257567E-14,268,190707161603,1,53938733959581,0,368650173084783,26,5862732915251,35,3433644915251,3,03050203411885,0,859845672994591,0,0,1,37320032233685E-12,16,4094880278547,1,89043221605683,-3,0067323821559,1767,92330823294,628,199102421162,299,670114542173,5,49440574702589,0,0,0,0,0,0,0,0,0,0,0,0,0,0,0,0,0,0,0,0,0,0,0,0,0,0,0,0,0,0,0,0,0,0,0,0,0,0,0,0,0,0,0,0,0,0,0,0,0,0,0,0,0,0,0,0,0,0,0,0,0,0,0,0,0,0,0,0,0,0,0,0,0,0,0,0,0,0,0,0,0,0,0,0,0,0,0,0,0,0,0,0,0,0,0,0,1,46022404257567E-14,1,47077766368701E-14,0,0,0,0,0,0,0,0,0,0,0,0,0,0,803,15,32,4990866703698,11,4967916035556,,0,4,48280501805945,0,0,0,0,0,0,0,0,0,0,0,0,000760141935016418,0,0,0,0,0,00145024067116592,0,7,90286660752329,0,0,0,43603,1719356815,41036,9381449545,0,
540-560C*,0,0162185837803256,833,150024,514,885550836815,973,486477395493,0,745431777842579,351,692564211692,44,0397163952169,46,78770618589,2,69649932898692,0,10,9646770305356,326,697287189576,9,76286221693098,0,59,7362941609588,444,314445340833,329,994548697021,11,7251520103992,20,4822432103992,55,960283604783,53,2122938141099,12,2474394518818,5777,41113446003,0,0,4,85066019532206E-14,4,82424926249348E-14,276,094453687973,1,54585096072033,0,288806715618069,26,0919051863534,34,8489963863534,2,82126523529917,0,870917497023816,0,0,1,17550415132813E-13,22,350205024451,2,5473154266385,-3,62359209727505,4188,39904273832,1314,2440492293,574,148459018746,5,43047817184044,0,0,0,0,0,0,0,0,0,0,0,0,0,0,0,0,0,0,0,0,0,0,0,0,0,0,0,0,0,0,0,0,0,0,0,0,0,0,0,0,0,0,0,0,0,0,0,0,0,0,0,0,0,0,0,0,0,0,0,0,0,0,0,0,0,0,0,0,0,0,0,0,0,0,0,0,0,0,0,0,0,0,0,0,0,0,0,0,0,0,0,0,0,0,0,0,4,82424926249348E-14,4,85066019532206E-14,0,0,0,0,0,0,0,0,0,0,0,0,0,0,823,15,48,3267084243132,11,4552326547483,,0,6,06443976714966,0,0,0,0,0,0,0,0,0,0,0,0,00108466030971533,0,0,0,0,0,0020693747089675,0,9,76286221693098,0,0,0,43497,2388887021,40957,0720131484,0,
560-580C*,0,0148207396028708,853,150024,550,751566992045,980,617453457533,0,805838551770722,352,616585793907,44,1558988668601,46,919583225235,3,42534000126486,0,11,0195004156882,328,321246697835,11,6717715180856,0,60,3101011111748,444,792138347168,331,618508205281,10,0090462518198,18,7661374518199,55,8441011331399,53,080416774765,15,3934735601334,6286,74375567588,0,0,4,85066019532206E-14,4,83127737071416E-14,282,477163280748,1,55298054205326,0,222200775091261,25,5975370811817,34,3546282811817,2,64612325231621,0,881663220725934,0,0,8,38721298380265E-15,28,2909220210474,3,20419863722017,-4,1406356037516,11101,687673566,3015,02719362073,1189,51285159396,5,12078859857482,0,0,0,0,0,0,0,0,0,0,0,0,0,0,0,0,0,0,0,0,0,0,0,0,0,0,0,0,0,0,0,0,0,0,0,0,0,0,0,0,0,0,0,0,0,0,0,0,0,0,0,0,0,0,0,0,0,0,0,0,0,0,0,0,0,0,0,0,0,0,0,0,0,0,0,0,0,0,0,0,0,0,0,0,0,0,0,0,0,0,0,0,0,0,0,0,4,83127737071416E-14,4,85066019532206E-14,0,0,0,0,0,0,0,0,0,0,0,0,0,0,843,15,74,6913082458761,11,4107796638241,,0,6,86245005137434,0,0,0,0,0,0,0,0,0,0,0,0,0017431100468744,0,0,0,0,0,00332560140132327,0,11,6717715180856,0,0,0,43473,4941983898,40872,5172887264,0,
580-600C*,0,013538591128419,873,150024,589,051945493951,988,111255920207,0,837582004367805,353,45602183325,44,3514281838207,47,13972050967,4,1541806735428,0,11,0745979177667,329,568089491057,13,5044655961657,0,60,7142029183441,444,901129982781,332,865350998503,8,2929404932405,17,0500316932405,55,6485718161793,52,8602794903299,18,5395076683851,6817,0476921649,0,0,4,85066019532206E-14,4,83614679150163E-14,288,859872873523,1,56069848812377,0,167541627730274,25,10316897601,33,86026017601,2,49064148555445,0,892169572397631,0,0,4,8841076376234E-16,34,2316390176437,3,86108184780185,-4,60017403806614,22924,6724818857,5917,38173169781,2240,11894141387,4,8110990253092,0,0,0,0,0,0,0,0,0,0,0,0,0,0,0,0,0,0,0,0,0,0,0,0,0,0,0,0,0,0,0,0,0,0,0,0,0,0,0,0,0,0,0,0,0,0,0,0,0,0,0,0,0,0,0,0,0,0,0,0,0,0,0,0,0,0,0,0,0,0,0,0,0,0,0,0,0,0,0,0,0,0,0,0,0,0,0,0,0,0,0,0,0,0,0,0,4,83614679150163E-14,4,85066019532206E-14,0,0,0,0,0,0,0,0,0,0,0,0,0,0,863,15,120,84647922034,11,364167898793,,0,8,45408833148242,0,0,0,0,0,0,0,0,0,0,0,0,00240155978403347,0,0,0,0,0,00458182809367904,0,13,5044655961657,0,0,0,43369,9164349921,40784,8500166721,0,
600-625C*,0,0146070894333375,898,150024,635,207628937795,996,813699661588,0,869454325447603,354,32568401159,44,4641186154188,47,2913254751591,4,97412642985548,0,11,1299709073555,330,739812622296,15,4245106696343,0,61,0259760296598,444,642476882759,337,894430303728,6,36232151483874,15,1194127148387,55,5358813845811,52,7086745248408,22,0787960401682,7437,02041568484,0,0,4,85066019532206E-14,4,84040407372573E-14,292,908792352355,1,56997712142114,0,114000181889301,24,5470048576918,33,3040960576918,2,28298801509203,0,903811080541026,0,0,1,01130060428898E-17,40,9149456388145,4,60007545970623,-5,21469421906944,47227,4280674399,12067,4832770302,4497,75803195697,4,7592289960261,0,0,0,0,0,0,0,0,0,0,0,0,0,0,0,0,0,0,0,0,0,0,0,0,0,0,0,0,0,0,0,0,0,0,0,0,0,0,0,0,0,0,0,0,0,0,0,0,0,0,0,0,0,0,0,0,0,0,0,0,0,0,0,0,0,0,0,0,0,0,0,0,0,0,0,0,0,0,0,0,0,0,0,0,0,0,0,0,0,0,0,0,0,0,0,0,4,84040407372573E-14,4,85066019532206E-14,0,0,0,0,0,0,0,0,0,0,0,0,0,0,885,65,219,981850841585,11,3100647482946,,0,10,3447073785904,0,0,0,0,0,0,0,0,0,0,0,0,00314231573833742,0,0,0,0,0,00599508312257927,0,15,4245106696343,0,0,0,43243,5728748661,40684,3994012135,0,
625-650C*,0,0122679766793902,923,150024,690,513172523091,1006,60378625294,0,900100551565911,355,234617236849,44,5643495621832,47,4485156852551,5,28331603733895,0,11,1856207618923,331,325898688996,16,7926809159908,0,61,2706216787831,443,902909838266,343,359667410647,4,21718931661456,12,9742805166146,55,4356504378167,52,5514843147448,23,497021733814,8152,65210379904,0,0,4,85066019532206E-14,4,84289572193139E-14,301,408460081603,1,58086317655118,0,0744549568937233,23,9290447262272,32,6861359262272,2,03165265387452,0,916669702581608,0,0,1,38605125770891E-19,43,3804625737416,4,88211563081333,-5,95968433455393,117220,885591513,29349,2893184495,10688,4514523091,4,29980892350391,0,0,0,0,0,0,0,0,0,0,0,0,0,0,0,0,0,0,0,0,0,0,0,0,0,0,0,0,0,0,0,0,0,0,0,0,0,0,0,0,0,0,0,0,0,0,0,0,0,0,0,0,0,0,0,0,0,0,0,0,0,0,0,0,0,0,0,0,0,0,0,0,0,0,0,0,0,0,0,0,0,0,0,0,0,0,0,0,0,0,0,0,0,0,0,0,4,84289572193139E-14,4,85066019532206E-14,0,0,0,0,0,0,0,0,0,0,0,0,0,0,910,65,461,319267822396,11,2491104354609,,0,12,5238971080391,0,0,0,0,0,0,0,0,0,0,0,0,00376366580520071,0,0,0,0,0,00718052901957132,0,16,7926809159908,0,0,0,43093,2959329966,40572,9535350824,0,
650-675C*,0,0101850538348718,948,150024,750,291303736339,1016,275624554,0,925728394557525,356,123209135916,44,6912055626091,47,6466610539794,6,4209062407103,0,11,2415488657017,331,478991495426,17,8343320774662,0,61,4876984372356,442,743732994451,358,785978088501,2,07205711839038,10,8291483183904,55,3087944373908,52,3533389460206,28,3759482318929,8893,90873185871,0,0,6,99143400886202E-14,6,97989908256983E-14,310,377587756694,1,59214337374518,0,0463539579261727,23,3110845947626,32,0681757947626,1,780317292657,0,929611662076718,0,0,1,17292580372822E-21,52,6734356605765,5,90612219491912,-6,70598837488543,314166,93145817,77636,5033467735,27764,0853147516,3,74010021583588,0,0,0,0,0,0,0,0,0,0,0,0,0,0,0,0,0,0,0,0,0,0,0,0,0,0,0,0,0,0,0,0,0,0,0,0,0,0,0,0,0,0,0,0,0,0,0,0,0,0,0,0,0,0,0,0,0,0,0,0,0,0,0,0,0,0,0,0,0,0,0,0,0,0,0,0,0,0,0,0,0,0,0,0,0,0,0,0,0,0,0,0,0,0,0,0,6,97989908256983E-14,6,99143400886202E-14,0,0,0,0,0,0,0,0,0,0,0,0,0,0,935,65,1069,35734270795,11,192017012013,,0,14,73403668083,0,0,0,0,0,0,0,0,0,0,0,0,00629469290225823,0,0,0,0,0,0120093619873204,0,17,8343320774662,0,0,0,42935,2008790075,40464,2900586773,0,
675-700C*,0,00835970411526361,973,150024,814,789762007642,1025,57544991987,0,946337854422448,357,032875851217,44,8328070048638,47,8740165378038,7,67020323688793,0,11,2977566100303,331,254569379748,18,8759832389415,0,61,7534034170054,441,215787687061,375,51087521403,-0,0730750798338065,8,6840161201662,55,1671929951362,52,1259834621961,33,7215375856533,9658,14484054205,0,0,6,99143400886202E-14,6,9757104363136E-14,319,81617537763,1,6035644873453,0,027275358383197,22,6931244632979,31,450215663298,1,52898193143949,0,942806350230824,0,0,5,622719383272E-24,62,8870662572453,7,03018021546198,-7,45360634006394,915121,572759512,225153,236071187,79559,8694385925,3,03267663049233,0,0,0,0,0,0,0,0,0,0,0,0,0,0,0,0,0,0,0,0,0,0,0,0,0,0,0,0,0,0,0,0,0,0,0,0,0,0,0,0,0,0,0,0,0,0,0,0,0,0,0,0,0,0,0,0,0,0,0,0,0,0,0,0,0,0,0,0,0,0,0,0,0,0,0,0,0,0,0,0,0,0,0,0,0,0,0,0,0,0,0,0,0,0,0,0,6,9757104363136E-14,6,99143400886202E-14,0,0,0,0,0,0,0,0,0,0,0,0,0,0,960,65,2779,24940687775,11,1367503548256,,0,16,9216601643094,0,0,0,0,0,0,0,0,0,0,0,0,00919821477125286,0,0,0,0,0,0175488610072563,0,18,8759832389415,0,0,0,42771,975192263,40360,9498657433,0,
700-725C*,0,00678700606749937,998,150024,883,923235574561,1034,11948757796,0,684072858831763,358,053363760564,44,9738397110298,48,1154527862847,8,61832979124518,0,11,3542453930804,330,719960976443,20,6634123443507,0,62,1744882260841,439,365611027999,365,505868153421,-2,21820727805799,6,53888392194201,55,0261602889702,51,8845472137152,37,8089665814264,10458,7184283379,0,0,6,99143400886202E-14,6,96780364675537E-14,307,512749377227,1,61470540639062,0,0150068335183521,22,0751643318333,30,8322555318333,71,3618732832172,0,956713151591138,0,0,1,37064635256234E-26,70,6185306217961,7,88449151261459,149,735700340905,2917529,28213598,722128,312542348,254063,53335391,2,27720958139475,0,0,0,0,0,0,0,0,0,0,0,0,0,0,0,0,0,0,0,0,0,0,0,0,0,0,0,0,0,0,0,0,0,0,0,0,0,0,0,0,0,0,0,0,0,0,0,0,0,0,0,0,0,0,0,0,0,0,0,0,0,0,0,0,0,0,0,0,0,0,0,0,0,0,0,0,0,0,0,0,0,0,0,0,0,0,0,0,0,0,0,0,0,0,0,0,6,96780364675537E-14,6,99143400886202E-14,0,0,0,0,0,0,0,0,0,0,0,0,0,0,985,65,8229,1934154212,11,081667629965,,0,19,0226094463557,0,0,0,0,0,0,0,0,0,0,0,0,0121017366402475,0,0,0,0,0,0230883600271923,0,20,6634123443507,0,0,0,42606,0798444757,40266,5503846663,0,
725-750C*,0,00544056120174724,1023,150024,958,778581785098,1041,98147217222,0,445194799699802,359,104359738828,45,1145588406355,48,3713803974178,9,5293806315926,0,11,4110166200458,329,894481586782,20,9592855618923,0,62,7267009575233,437,235577770466,355,066289068958,-4,36333947628217,4,39375172371783,54,8854411593645,51,6286196025821,41,7415092167409,11252,6761586297,0,0,6,99143400886202E-14,6,95614172546806E-14,292,303813033642,1,62557821289843,0,00761602547451487,21,4572042003687,30,2142954003687,148,368564258133,0,970771051707672,0,0,1,48132469721263E-29,78,0444268675415,8,70559552584168,205,473408908517,10258471,2760827,2585892,17394103,914264,099839952,1,76489081970961,0,0,0,0,0,0,0,0,0,0,0,0,0,0,0,0,0,0,0,0,0,0,0,0,0,0,0,0,0,0,0,0,0,0,0,0,0,0,0,0,0,0,0,0,0,0,0,0,0,0,0,0,0,0,0,0,0,0,0,0,0,0,0,0,0,0,0,0,0,0,0,0,0,0,0,0,0,0,0,0,0,0,0,0,0,0,0,0,0,0,0,0,0,0,0,0,6,95614172546806E-14,6,99143400886202E-14,0,0,0,0,0,0,0,0,0,0,0,0,0,0,1010,65,28264,5377650381,11,026785324093,,0,21,0103377906882,0,0,0,0,0,0,0,0,0,0,0,0,0143436465470891,0,0,0,0,0,027365599287675,0,20,9592855618923,0,0,0,42440,7728193804,40180,250076728,0,
750-775C*,0,0043181262450758,1048,150024,1039,87411951916,1046,87062131425,0,356352276480865,360,188872168739,45,2552195532094,48,642236470491,10,44043147194,0,11,468071703146,329,034407471606,22,0009367233676,0,64,0275162785104,434,864093543517,351,468719990698,-6,50847167450635,2,24861952549365,54,7447804467906,51,3577635295089,45,6740518520555,12024,6547163479,0,0,9,13821260322308E-14,9,07187442497548E-14,275,210839116835,1,63366142684335,0,00350315367652875,20,8392440689041,29,5963352689041,145,248710400917,0,984918985745671,0,0,5,94693471596448E-33,85,4703231132869,9,52669953906877,205,612615715813,40111931,241445,10447022,1957892,3753373,24332806,1,4933691551389,0,0,0,0,0,0,0,0,0,0,0,0,0,0,0,0,0,0,0,0,0,0,0,0,0,0,0,0,0,0,0,0,0,0,0,0,0,0,0,0,0,0,0,0,0,0,0,0,0,0,0,0,0,0,0,0,0,0,0,0,0,0,0,0,0,0,0,0,0,0,0,0,0,0,0,0,0,0,0,0,0,0,0,0,0,0,0,0,0,0,0,0,0,0,0,0,9,07187442497548E-14,9,13821260322308E-14,0,0,0,0,0,0,0,0,0,0,0,0,0,0,1035,65,114932,268739773,10,9721199238717,,0,22,3748365661058,0,0,0,0,0,0,0,0,0,0,0,0,0216601817068286,0,0,0,0,0,0413244882423285,0,22,0009367233676,0,0,0,42278,9216006676,40124,9605597551,0,
775-800C*,0,00338867476849805,1073,150024,1127,67038510172,1050,90727201582,0,307505335636226,361,317724108096,45,3960770082798,48,9284849967486,11,3514823122875,0,11,5254120616618,327,947997815087,23,042587884843,0,65,4924240106784,432,285821973532,349,695053317584,-8,65360387273054,0,103487327269467,54,6039229917201,51,0715150032513,49,60659448737,12761,8784382683,0,0,9,13821260322308E-14,9,04663090701476E-14,259,829211407945,1,64108765003051,0,00142714126773831,20,2212839374394,28,9783751374394,114,436740242558,0,999142778849875,0,0,7,03082695798661E-37,92,8962193590323,10,3478035522959,196,114169209493,175988328,580764,48163113,6297648,17818893,8413259,1,22184749056819,0,0,0,0,0,0,0,0,0,0,0,0,0,0,0,0,0,0,0,0,0,0,0,0,0,0,0,0,0,0,0,0,0,0,0,0,0,0,0,0,0,0,0,0,0,0,0,0,0,0,0,0,0,0,0,0,0,0,0,0,0,0,0,0,0,0,0,0,0,0,0,0,0,0,0,0,0,0,0,0,0,0,0,0,0,0,0,0,0,0,0,0,0,0,0,0,9,04663090701476E-14,9,13821260322308E-14,0,0,0,0,0,0,0,0,0,0,0,0,0,0,1060,65,566249,716238082,10,9176879159629,,0,23,5557669615223,0,0,0,0,0,0,0,0,0,0,0,0,0301795738282063,0,0,0,0,0,057578253991702,0,23,042587884843,0,0,0,42123,3570472587,40078,61160309,0,
800-825C*,0,00263040877669152,1098,150024,1222,62791485778,1054,94392271738,0,258658394791587,362,501738614697,45,5373863653754,49,2306173254174,12,2625331526349,0,11,5830391219701,326,57160301078,24,0842390463183,0,66,8929448897897,429,531931791022,347,921386644469,-10,7987360709547,-2,04164487095472,54,4626136346245,50,7693826745825,53,5391371226846,13451,5716611669,0,0,9,13821260322308E-14,9,01627455158644E-14,242,563546125832,1,64875550793571,0,000499276051668326,19,6033238059748,28,3604150059748,83,6247700841987,1,01342825616502,0,0,1,79365614365673E-41,100,322115604778,11,168907565523,166,868670598349,874859737,139592,256565762,252504,99298397,7568154,0,950325825997483,0,0,0,0,0,0,0,0,0,0,0,0,0,0,0,0,0,0,0,0,0,0,0,0,0,0,0,0,0,0,0,0,0,0,0,0,0,0,0,0,0,0,0,0,0,0,0,0,0,0,0,0,0,0,0,0,0,0,0,0,0,0,0,0,0,0,0,0,0,0,0,0,0,0,0,0,0,0,0,0,0,0,0,0,0,0,0,0,0,0,0,0,0,0,0,0,9,01627455158644E-14,9,13821260322308E-14,0,0,0,0,0,0,0,0,0,0,0,0,0,0,1085,65,3470205,20851246,10,8635057870285,,0,25,8389327149262,0,0,0,0,0,0,0,0,0,0,0,0,0386989659495839,0,0,0,0,0,0738320197410755,0,24,0842390463183,0,0,0,41976,9100180753,40032,5154841173,0,
825-850C*,0,00201834978554593,1123,150024,1325,20724511232,1063,40501464228,0,209811453946949,363,751738746342,45,6794027840243,49,5491527012379,13,1735839929823,0,11,6409543175799,324,486352659882,25,1258902077937,0,67,0523345160414,426,630353116244,346,147719971354,-12,9438682691789,-4,1867770691789,54,3205972159756,50,450847298762,57,4716797579991,14080,9587218197,0,0,9,13821260322308E-14,8,98071631309438E-14,224,612304530877,1,66164711238401,0,000143780415006924,18,9853636745102,27,7424548745102,52,8127999258398,1,02776124283585,0,0,6,44754093073519E-47,107,748011850523,11,99001157875,117,876119882381,4979881478,30795,1600957529,50812,660340423,508521,0,678804161426773,0,0,0,0,0,0,0,0,0,0,0,0,0,0,0,0,0,0,0,0,0,0,0,0,0,0,0,0,0,0,0,0,0,0,0,0,0,0,0,0,0,0,0,0,0,0,0,0,0,0,0,0,0,0,0,0,0,0,0,0,0,0,0,0,0,0,0,0,0,0,0,0,0,0,0,0,0,0,0,0,0,0,0,0,0,0,0,0,0,0,0,0,0,0,0,0,8,98071631309438E-14,9,13821260322308E-14,0,0,0,0,0,0,0,0,0,0,0,0,0,0,1110,65,27255664,1573576,10,8095900237306,,0,26,9150646799858,0,0,0,0,0,0,0,0,0,0,0,0,0453855336989307,0,0,0,0,0,0865890221558938,0,25,1258902077937,0,0,0,41842,4113720387,39942,9209238684,0,
850-875C*,0,00153073360756782,1148,150024,1435,86891219032,1065,39925264485,0,16096451310231,365,078547560829,45,8223814237552,49,8846388696495,14,0846348333297,0,11,6991590891678,322,798182947858,26,1675413692691,0,68,8808438877616,423,606034728143,344,37405329824,-15,0890004674031,-6,33190926740308,54,1776185762447,50,1153611303504,61,4042223933137,14637,2639570025,0,0,9,13821260322308E-14,8,93985615410606E-14,205,97548662308,1,66752335108589,3,21111780549555E-05,18,3674035430456,27,1244947430456,22,0008297674808,1,04212756400709,0,0,1,79175042785312E-53,115,173908096268,12,8111155919771,49,13651706159,32831772944,6489,11878290278,01,5336495386,99989,0,407282496856064,0,0,0,0,0,0,0,0,0,0,0,0,0,0,0,0,0,0,0,0,0,0,0,0,0,0,0,0,0,0,0,0,0,0,0,0,0,0,0,0,0,0,0,0,0,0,0,0,0,0,0,0,0,0,0,0,0,0,0,0,0,0,0,0,0,0,0,0,0,0,0,0,0,0,0,0,0,0,0,0,0,0,0,0,0,0,0,0,0,0,0,0,0,0,0,0,8,93985615410606E-14,9,13821260322308E-14,0,0,0,0,0,0,0,0,0,0,0,0,0,0,1135,65,283831326,351891,10,7559571127311,,0,27,6468953201522,0,0,0,0,0,0,0,0,0,0,0,0,0638323328949197,0,0,0,0,0,121782842170936,0,26,1675413692691,0,0,0,41722,6919680705,39917,663572233,0,
875-900C*,0,00115327937444452,1173,150024,1547,87170973316,1067,05387482208,0,121135964142601,366,427935573866,45,9657638047351,50,2368376600383,14,9956856736771,0,11,7576548846137,320,91279140727,27,2091925307444,0,70,7437311040711,420,481196278073,342,600386625125,-17,2341326656273,-8,47704146562726,54,0342361952648,49,7631623399616,65,3367650286282,15169,5807362439,0,0,1,23440089980552E-13,1,20135775881694E-13,187,234791780889,1,67320792153686,5,09973207876392E-06,17,7494434115809,26,5065346115809,0,001,1,05648460619605,0,0,1,60737721426156E-61,122,599804342014,13,6322196052042,-12,0269910104,253835780031,51,106520056420,247,53470981632,8308,0,135760832285354,0,0,0,0,0,0,0,0,0,0,0,0,0,0,0,0,0,0,0,0,0,0,0,0,0,0,0,0,0,0,0,0,0,0,0,0,0,0,0,0,0,0,0,0,0,0,0,0,0,0,0,0,0,0,0,0,0,0,0,0,0,0,0,0,0,0,0,0,0,0,0,0,0,0,0,0,0,0,0,0,0,0,0,0,0,0,0,0,0,0,0,0,0,0,0,0,1,20135775881694E-13,1,23440089980552E-13,0,0,0,0,0,0,0,0,0,0,0,0,0,0,1160,65,4073158463,82723,10,7023837256735,,0,28,2794885431885,0,0,0,0,0,0,0,0,0,0,0,0,0855781673407755,0,0,0,0,0,163270743428666,0,27,2091925307444,0,0,0,41608,0736732605,39895,8063919556,0,
900-925C*,0,000869970593965984,1198,150024,1646,91913594696,1071,09052552365,0,102810619853408,367,655249640546,46,1076860728285,50,6042358939461,15,9067365140246,0,11,8164431590367,318,581724819617,28,2508436922198,0,71,9209684318807,417,275571158095,340,82671995201,-19,3792648638514,-10,6221736638514,53,8923139271714,49,3957641060538,69,2693076639428,15816,6149847807,0,0,1,29022027879966E-13,1,24837686209368E-13,169,639582313699,1,68184358197752,5,0510426232693E-07,17,1314832801163,25,8885744801163,0,001,1,07077775227715,0,0,1,24163910207317E-71,130,025700587759,14,4533236184313,-12,0269910104,2332588187021,4,1175424790589,29,679143273329,599,0,0,0,0,0,0,0,0,0,0,0,0,0,0,0,0,0,0,0,0,0,0,0,0,0,0,0,0,0,0,0,0,0,0,0,0,0,0,0,0,0,0,0,0,0,0,0,0,0,0,0,0,0,0,0,0,0,0,0,0,0,0,0,0,0,0,0,0,0,0,0,0,0,0,0,0,0,0,0,0,0,0,0,0,0,0,0,0,0,0,0,0,0,0,0,0,0,1,24837686209368E-13,1,29022027879966E-13,0,0,0,0,0,0,0,0,0,0,0,0,0,0,1185,65,84164629068,4655,10,6483472758296,,0,29,4604189386051,0,0,0,0,0,0,0,0,0,0,0,0,107324001786631,0,0,0,0,0,204758644686396,0,28,2508436922198,0,0,0,41470,3992414828,39850,8102730014,0,
925-950C*,0,000651421871556435,1223,150024,1745,96656216077,1075,12717622521,0,0844852755642145,368,882563707225,46,2496083409219,50,9886831617646,16,817787354372,0,11,8755253748319,316,058352228594,29,2924948536951,0,73,0497508342451,414,00663712532,339,053053278895,-21,5243970620756,-12,7673058620756,53,750391659078,49,0113168382353,73,2018502992574,16463,6492333175,0,0,1,34603965779379E-13,1,29393356819843E-13,152,04437284651,1,69072365652168,0,16,5135231486517,25,2706143486517,0,001,1,08507089835824,0,0,1,01179546585337E-84,137,451596833505,15,2744276316584,-12,0269910104,25851584351460,1,16276571100389,7,11204226432012,5,0,0,0,0,0,0,0,0,0,0,0,0,0,0,0,0,0,0,0,0,0,0,0,0,0,0,0,0,0,0,0,0,0,0,0,0,0,0,0,0,0,0,0,0,0,0,0,0,0,0,0,0,0,0,0,0,0,0,0,0,0,0,0,0,0,0,0,0,0,0,0,0,0,0,0,0,0,0,0,0,0,0,0,0,0,0,0,0,0,0,0,0,0,0,0,0,0,1,29393356819843E-13,1,34603965779379E-13,0,0,0,0,0,0,0,0,0,0,0,0,0,0,1210,65,2632228879162,03,10,5943108259858,,0,30,6413493340216,0,0,0,0,0,0,0,0,0,0,0,0,124610868731658,0,0,0,0,0,237739482035108,0,29,2924948536951,0,0,0,41332,7248097051,39806,0880644547,0,
950-975C*,0,00123525548335259,1248,150024,1845,01398837457,1079,16382692678,0,0661599312750214,370,109877773905,46,3915306090153,51,3905992379082,17,7288381947194,0,11,9349030017061,313,359308488104,30,3341460151705,0,74,1326185533553,410,689832872001,337,279386605781,-23,6695292602998,-14,9124380602998,53,6084693909845,48,6094007620917,77,1343929345719,17110,6834818544,0,0,1,40185903678793E-13,1,33790320394971E-13,134,449163379321,1,69984991580043,0,15,895563017187,24,652654217187,0,001,1,09936404443934,0,0,2,50092970122616E-102,144,87749307925,16,0955316448855,-12,0269910104,351052858244493,288974649960522,246641314537958,0,0,0,0,0,0,0,0,0,0,0,0,0,0,0,0,0,0,0,0,0,0,0,0,0,0,0,0,0,0,0,0,0,0,0,0,0,0,0,0,0,0,0,0,0,0,0,0,0,0,0,0,0,0,0,0,0,0,0,0,0,0,0,0,0,0,0,0,0,0,0,0,0,0,0,0,0,0,0,0,0,0,0,0,0,0,0,0,0,0,0,0,0,0,0,0,0,1,33790320394971E-13,1,40185903678793E-13,0,0,0,0,0,0,0,0,0,0,0,0,0,0,1235,65,131870396851476,10,5402743761419,,0,31,8222797294382,0,0,0,0,0,0,0,0,0,0,0,0,166399558323905,0,0,0,0,0,317466246800553,0,30,3341460151705,0,0,0,41195,0503779274,39761,6389237713,0,
975-1000C*,0,000671021964816613,1273,150024,1944,06141458837,1083,20047762834,0,0478345869858283,371,337191840584,46,5334528771087,51,8104390858417,18,6398890350668,0,11,9945775167146,310,500319797372,31,3757971766459,0,75,1719394592264,407,338759566125,335,505719932666,-25,814661458524,-17,057570258524,53,4665471228911,48,1895609141581,81,0669355698865,17757,7177303912,0,0,1,45767841578206E-13,1,38015572691664E-13,116,853953912132,1,70922449588174,0,15,2776028857224,24,0346940857224,0,001,1,11365719052044,0,0,2,79050048688521E-127,152,303389324995,16,9166356581126,-12,0269910104,5,94219625181637E+15,6,73427988811153E+15,7,46280214387682E+15,0,0,0,0,0,0,0,0,0,0,0,0,0,0,0,0,0,0,0,0,0,0,0,0,0,0,0,0,0,0,0,0,0,0,0,0,0,0,0,0,0,0,0,0,0,0,0,0,0,0,0,0,0,0,0,0,0,0,0,0,0,0,0,0,0,0,0,0,0,0,0,0,0,0,0,0,0,0,0,0,0,0,0,0,0,0,0,0,0,0,0,0,0,0,0,0,0,1,38015572691664E-13,1,45767841578206E-13,0,0,0,0,0,0,0,0,0,0,0,0,0,0,1260,65,1,12877103215178E+16,10,4862379262981,,0,33,0032101248547,0,0,0,0,0,0,0,0,0,0,0,0,216173967671851,0,0,0,0,0,41242860776817,0,31,3757971766459,0,0,0,41057,3759461498,39717,4619564526,0,
1000-1050C*,1,57444166188504E-05,1323,150024,2092,63255390908,1089,25545368069,0,0203465705520387,373,178162940603,46,7463362792489,52,4748924570527,35,4690150311995,0,12,0545504042982,304,549424401706,32,9382739188589,0,76,6540653351376,403,021771717758,332,845219922994,-29,0323597558603,-20,2752685558603,53,253663720751,47,5251075429472,86,9657495228583,18728,2691031965,0,0,1,54140748427327E-13,1,44001595590344E-13,90,4611397113478,1,72375751056618,0,14,3506626885255,23,1077538885255,0,001,1,13509690964208,0,0,9,04794078109171E-231,290,880433087266,31,9974997915687,-12,0269910104,6,51765180111776E+17,1,33555930337755E+18,2,42483510154562E+18,0,0,0,0,0,0,0,0,0,0,0,0,0,0,0,0,0,0,0,0,0,0,0,0,0,0,0,0,0,0,0,0,0,0,0,0,0,0,0,0,0,0,0,0,0,0,0,0,0,0,0,0,0,0,0,0,0,0,0,0,0,0,0,0,0,0,0,0,0,0,0,0,0,0,0,0,0,0,0,0,0,0,0,0,0,0,0,0,0,0,0,0,0,0,0,0,0,1,44001595590344E-13,1,54140748427327E-13,0,0,0,0,0,0,0,0,0,0,0,0,0,0,1298,15,2,87279983152831E+19,10,4051832515323,,0,34,7746057179795,0,0,0,0,0,0,0,0,0,0,0,0,277017209019135,0,0,0,0,0,52850869637095,0,32,9382739188589,0,0,0,40850,8642984832,39651,7047541425,0,
1050-1100C*,0,1373,150024,2290,72740633668,1097,32875508382,0,375,632791073962,47,0301808154357,53,4284857275816,41,3188128077428,,12,1148231563197,297,933648493106,35,0215762418096,,,,329,297886576764,-33,3226241523086,,52,9698191845642,46,5715142724183,176,252685239212,20022,3376002701,,,1,65304624226154E-13,1,51249669707393E-13,55,2707207769693,,,13,1147424255962,,1E-06,1,16368320180427,0,,,338,92741957562,37,2471595257664,,,,,0,0,0,0,0,0,0,0,0,0,0,0,0,0,0,0,0,0,0,0,0,0,0,0,0,0,0,0,0,0,0,0,0,0,0,0,0,0,0,0,0,0,0,0,0,0,0,0,0,0,0,0,0,0,0,0,0,0,0,0,0,0,0,0,0,0,0,0,0,0,0,0,0,0,0,0,0,0,0,0,0,0,0,0,0,0,0,0,0,0,0,0,0,0,0,0,0,,,,,0,0,0,0,0,0,0,0,0,0,0,0,1348,15,,10,2971103518446,124,322932006971,,37,1364665088126,,,,,,,,,,,,0,390384400389662,,,,,0,744796871154832,,35,0215762418096,,,,40575,5154349279,,,
1100-1150C*,0,1423,150024,2488,82225876429,1105,40205648695,0,378,087419207321,47,3140253516225,54,463955747318,47,6154377555112,,12,1753972721013,290,941548671244,37,1048785647603,,,,325,750553230535,-37,612888548757,,52,6859746483773,45,5360442526818,202,810401039903,21316,4060973438,,,1,76468500024981E-13,1,57543999356872E-13,20,0803018425908,,,11,878822162667,,1E-06,1,19226949396646,0,,,390,65703610331,42,8970250857125,,,,,0,0,0,0,0,0,0,0,0,0,0,0,0,0,0,0,0,0,0,0,0,0,0,0,0,0,0,0,0,0,0,0,0,0,0,0,0,0,0,0,0,0,0,0,0,0,0,0,0,0,0,0,0,0,0,0,0,0,0,0,0,0,0,0,0,0,0,0,0,0,0,0,0,0,0,0,0,0,0,0,0,0,0,0,0,0,0,0,0,0,0,0,0,0,0,0,0,,,,,0,0,0,0,0,0,0,0,0,0,0,0,1398,15,,10,1890374521569,123,649852961382,,39,4983272996457,,,,,,,,,,,,0,489933219085554,,,,,0,934721593090067,,37,1048785647603,,,,40300,1665713725,,,
1150+C*,0,1623,150024,2984,05938983331,1125,58530999478,0,384,223989540718,48,0236366920896,57,4502998836335,65,3118689990419,,12,2362742584618,261,728433973497,42,3131343721371,,,,316,882219864961,-48,3385495398779,,51,9763633079102,42,5497001163663,277,371290516059,24551,577340028,,,2,04378189522049E-13,1,68155068889341E-13,0,,,8,78902150534383,,1E-06,1,26373522437194,0,,,536,092583844628,58,7725894732263,,,,,0,0,0,0,0,0,0,0,0,0,0,0,0,0,0,0,0,0,0,0,0,0,0,0,0,0,0,0,0,0,0,0,0,0,0,0,0,0,0,0,0,0,0,0,0,0,0,0,0,0,0,0,0,0,0,0,0,0,0,0,0,0,0,0,0,0,0,0,0,0,0,0,0,0,0,0,0,0,0,0,0,0,0,0,0,0,0,0,0,0,0,0,0,0,0,0,0,,,,,0,0,0,0,0,0,0,0,0,0,0,0,1523,15,,9,9188552029377,119,063433529582,,45,4029792767285,,,,,,,,,,,,0,738805265825285,,,,,1,40953339792815,,42,3131343721371,,,,39611,7944124841,,,
