Name,Gamba-1984
Created,26/03/2026 11:03:37
Cpt,Composition,Boiling Temperature,Molecular Weight,Standard Liquid Density,Acidity,Aniline Point,Assay - Aromatics Vol Pct,Assay - Aromatics Wt Pct,Asphaltene Content,Basic Nitrogen Content,C to H Ratio,Cloud Point,Conradson Carbon Content,Copper Content,Cetane Number,Flash Point,Freeze Point,MON (Clear),MON (Leaded),Assay - Naphthenes Vol Pct,Assay - Naphthenes Wt Pct,Nickel Content,Nitrogen Content,Assay - Olefins Vol Pct,Assay - Olefins Wt Pct,Assay - Paraffins Vol Pct,Assay - Paraffins Wt Pct,Pour Point,Refractive Index,Reid Vapour Pressure,RON (Clear),RON (Leaded),Smoke Point,Sulfur Content,Mercaptan Sulfur Content,Sodium Content,True Vapour Pressure,Vanadium Content,Iron Content,Luminometer Number,Viscosity @ 38C,Viscosity @ 50C,Viscosity @ 60C,Wax Content,Pi C6 22DMB Wt Pct,Pi C6 22DMB Vol Pct,Pi C6 23DMB Wt Pct,Pi C6 23DMB Vol Pct,Pi C6 2MP Wt Pct,Pi C6 2MP Vol Pct,Pi C6 3MP Wt Pct,Pi C6 3MP Vol Pct,Pi C7 22-mPentane Wt Pct,Pi C7 22-mPentane Vol Pct,Pi C7 24-mPentane Wt Pct,Pi C7 24-mPentane Vol Pct,Pi C7 223-mButane Wt Pct,Pi C7 223-mButane Vol Pct,Pi C7 33-mPentane Wt Pct,Pi C7 33-mPentane Vol Pct,Pi C7 23-mPentane Wt Pct,Pi C7 23-mPentane Vol Pct,Pi C7 2-mHexane Wt Pct,Pi C7 2-mHexane Vol Pct,Pi C7 3-mHexane Wt Pct,Pi C7 3-mHexane Vol Pct,Pi C7 3-ePentane Wt Pct,Pi C7 3-ePentane Vol Pct,Pi C6 Wt Pct,Pi C6 Vol Pct,Pi C7 Wt Pct,Pi C7 Vol Pct,Pi C8 Wt Pct,Pi C8 Vol Pct,Pi C9 Wt Pct,Pi C9 Vol Pct,Pi C10  Wt Pct,Pi C10  Vol Pct,Pi C11  Wt Pct,Pi C11  Vol Pct,Pn C6 Hexane Wt Pct,Pn C6 Hexane Vol Pct,Pn C7 Heptane Wt Pct,Pn C7 Heptane Vol Pct,Pn C8 Octane Wt Pct,Pn C8 Octane Vol Pct,Pn C9 Nonane Wt Pct,Pn C9 Nonane Vol Pct,Pn C10 Decane Wt Pct,Pn C10 Decane Vol Pct,Pn C11 n-C11 Wt Pct,Pn C11 n-C11 Vol Pct,On C6 Wt Pct,On C6 Vol Pct,On C7 Wt Pct,On C7 Vol Pct,On C8 Wt Pct,On C8 Vol Pct,On C9 Wt Pct,On C9 Vol Pct,On C10 Wt Pct,On C10 Vol Pct,On C11 Wt Pct,On C11 Vol Pct,A C6 Benzene Wt Pct,A C6 Benzene Vol Pct,A C7 Toluene Wt Pct,A C7 Toluene Vol Pct,A C8 m-Xylene Wt Pct,A C8 m-Xylene Vol Pct,A C8 o-Xylene Wt Pct,A C8 o-Xylene Vol Pct,A C8 p-Xylene Wt Pct,A C8 p-Xylene Vol Pct,A C8 EthBenz Wt Pct,A C8 EthBenz Vol Pct,N C6 cyc-C5 Wt Pct,N C6 cyc-C5 Vol Pct,N C6 cyc-C6 Wt Pct,N C6 cyc-C6 Vol Pct,A C8 Wt Pct,A C8 Vol Pct,A C9 Wt Pct,A C9 Vol Pct,A C10 Wt Pct,A C10 Vol Pct,A C11 Wt Pct,A C11 Vol Pct,N C6 Wt Pct,N C6 Vol Pct,N C7 Wt Pct,N C7 Vol Pct,N C8 Wt Pct,N C8 Vol Pct,N C9 Wt Pct,N C9 Vol Pct,N C10 Wt Pct,N C10 Vol Pct,N C11 Wt Pct,N C11 Vol Pct,Pi Wt Pct,Pi Vol Pct,Pn Wt Pct,Pn Vol Pct,Oi C6 Wt Pct,Oi C6 Vol Pct,Oi C7 Wt Pct,Oi C7 Vol Pct,Oi C8 Wt Pct,Oi C8 Vol Pct,Oi C9 Wt Pct,Oi C9 Vol Pct,Oi C10 Wt Pct,Oi C10 Vol Pct,Oi C11 Wt Pct,Oi C11 Vol Pct,Centroid Boiling Temperature,Viscosity @ 100C,Hydrogen,CarbonByWt,PValue,RamsCarbonResidueByWt,SulfideByWt,ZincByWt,TinByWt,ChromiumByWt,LeadByWt,AluminiumByWt,MagnesiumByWt,MetalByWt,ArsenicByWt,CadmiumByWt,MercuryByWt,NaClByWt,SaltByWt,MudByWt,ChloridesByWt,MolybdenumByWt,AshByWt,GumByWt,MicroCarbonResidueByWt,nC5InsolublesByWt,NaphthenicAcidByWt,NaphthenicAcidByVol,Gross Heating Value,Net Heating Value,Oxygen Content,
Hydrogen,0,20,5548,2,016000032,69,85910034,0,,0,0,0,0,0,13,9,0,0,,,13,9,10,,0,0,0,0,0,0,0,0,13,9,,,130,,,0,0,0,,0,0,,,,,0,,,,,,,,,,,,,,,,,,,,,,,,,,,,,,,,,,,,,,,,,,,,,,,,,,,,,,,,,,,,,,,,,,,,,,,,,,,,,,,,,,,,,,,,,,,,,,,,,0,0,0,0,,,,,,,,,,,,,,,100,0,,,,,,,,,,,,,,,,,,,,,0,,,,,,,
Nitrogen,0,77,3498,28,0135,806,3740234,0,,0,0,0,0,0,63,1,0,0,,,63,1,,,0,0,0,0,0,0,0,0,63,1,,,,,,0,0,0,,0,0,,,,,0,,,,,,,,,,,,,,,,,,,,,,,,,,,,,,,,,,,,,,,,,,,,,,,,,,,,,,,,,,,,,,,,,,,,,,,,,,,,,,,,,,,,,,,,,,,,,,,,,0,0,0,0,,,,,,,,,,,,,,,0,0,,,,,,,,,,,,,,,,,,,,,0,,,,,,,
CO,0,81,6996,28,0109005,799,3880005,0,,0,0,0,0,0,68,2,0,0,,,68,2,,,0,0,0,0,0,0,0,0,68,2,,,120,,,0,0,0,,0,0,,,,,0,,,,,,,,,,,,,,,,,,,,,,,,,,,,,,,,,,,,,,,,,,,,,,,,,,,,,,,,,,,,,,,,,,,,,,,,,,,,,,,,,,,,,,,,,,,,,,,,,0,0,0,0,,,,,,,,,,,,,,,0,0,,,,,,,,,,,,,,,,,,,,,0,,,,,,,
Oxygen,0,90,1996,32,1137,680054,0,,0,0,0,0,0,54,4,0,0,,,54,4,,,0,0,0,0,0,0,0,0,54,4,,,120,,,0,0,0,,0,0,,,,,0,,,,,,,,,,,,,,,,,,,,,,,,,,,,,,,,,,,,,,,,,,,,,,,,,,,,,,,,,,,,,,,,,,,,,,,,,,,,,,,,,,,,,,,,,,,,,,,,,0,0,0,0,,,,,,,,,,,,,,,0,0,,,,,,,,,,,,,,,,,,,,,0,,,,,,,
Methane,0,111,625,16,04290009,299,3940125,0,,0,0,0,0,3,90,4,0,0,,85,15,90,4,,,0,0,0,0,0,0,100,100,90,4,,,120,,,0,0,0,,0,0,,,,,0,,,,,,,,,,,,,,,,,,,,,,,,,,,,,,,,,,,,,,,,,,,,,,,,,,,,,,,,,,,,,,,,,,,,,,,,,,,,,,,,,,,,,,,,,,,,,,,,,0,0,100,100,,,,,,,,,,,,,,,25,13516209,75,,,,,,,,,,,,,,,,,,,,,0,,,,,,,
Ethylene,0,169,399,28,05380058,383,2260132,0,,0,0,0,0,6,104,0,0,,137,15,104,75,6,,0,0,0,0,100,100,0,0,104,,,100,51,,,0,0,0,,0,0,,,,,0,,,,,,,,,,,,,,,,,,,,,,,,,,,,,,,,,,,,,,,,,,,,,,,,,,,,,,,,,,,,,,,,,,,,,,,,,,,,,,,,,,,,,,,,,,,,,,,,,0,0,0,0,,,,,,,,,,,,,,,14,34761566,85,71428571,,,,,,,,,,,,,,,,,,,,,0,,,,,,,
Ethane,0,184,55,30,06990051,355,6830139,0,,0,0,0,0,4,90,4,0,0,,138,15,90,4,100,79,,0,0,0,0,0,0,100,100,90,4,,,111,38,,,0,0,0,,0,0,,,,,0,,,,,,,,,,,,,,,,,,,,,,,,,,,,,,,,,,,,,,,,,,,,,,,,,,,,,,,,,,,,,,,,,,,,,,,,,,,,,,,,,,,,,,,,,,,,,,,,,0,0,100,100,,,,,,,,,,,,,,,20,11147323,80,,,,,,,,,,,,,,,,,,,,,0,,,,,,,
CO2,0,194,598,44,00970078,825,335022,0,,0,0,0,0,0,217,0,0,,,217,,,0,0,0,0,0,0,0,0,217,,,,,,0,0,0,,0,0,,,,,0,,,,,,,,,,,,,,,,,,,,,,,,,,,,,,,,,,,,,,,,,,,,,,,,,,,,,,,,,,,,,,,,,,,,,,,,,,,,,,,,,,,,,,,,,,,,,,,,,0,0,0,0,,,,,,,,,,,,,,,0,0,,,,,,,,,,,,,,,,,,,,,0,,,,,,,
H2S,0,213,498,34,07600021,788,40802,0,,0,0,0,0,0,188,0,0,,,188,,,0,0,0,0,0,0,0,0,188,,2759,,,,94,1177,0,0,,0,0,,,,,0,,,,,,,,,,,,,,,,,,,,,,,,,,,,,,,,,,,,,,,,,,,,,,,,,,,,,,,,,,,,,,,,,,,,,,,,,,,,,,,,,,,,,,,,,,,,,,,,,0,0,0,0,,,,,,,,,,,,,,,5,911554252,0,,,,,,,,,,,,,,,,,,,,,0,,,,,,,
Propene,0,225,399,42,08060074,520,9550171,0,,0,0,0,0,6,87,9,0,0,,165,87,9,84,9,,0,0,0,0,100,100,0,0,87,9,,1565,102,54,,,0,0,0,,0,0,,,,,0,,,,,,,,,,,,,,,,,,,,,,,,,,,,,,,,,,,,,,,,,,,,,,,,,,,,,,,,,,,,,,,,,,,,,,,,,,,,,,,,,,,,,,,,,,,,,,,,,0,0,0,0,,,,,,,,,,,,,,,14,36465558,85,71428571,,,,,,,,,,,,,,,,,,,,,0,,,,,,,
Propane,0,00230192885598483,231,048,44,09700012,506,678009,0,,0,0,0,0,4,5,85,5,0,0,,169,15,85,5,97,1,,0,0,0,0,0,0,100,100,85,5,,1303,112,14,,,0,0,0,,0,0,,,,,0,,,,,,,,,,,,,,,,,,,,,,,,,,,,,,,,,,,,,,,,,,,,,,,,,,,,,,,,,,,,,,,,,,,,,,,,,,,,,,,,,,,,,,,,,,,,,,,,,0,0,100,100,,,,,,,,,,,,,,,18,28426304,81,81818182,,,,,,,,,,,,,,,,,,,,,0,,,,,,,
i-Butane,0,00349281384894607,261,42,58,12400055,561,9660034,0,380,85,0,0,0,0,4,8,114,0,0,,190,15,114,97,6,,0,0,0,0,0,0,100,100,114,,489,6,101,426,,,0,0,0,,0,0,,,,,0,,,,,,,,,,,,,,,,,,,,,,,,,,,,,,,,,,,,,,,,,,,,,,,,,,,,,,,,,,,,,,,,,,,,,,,,,,,,,,,,,,,,,,,,,,,,,,,,,100,100,0,0,,,,,,,,,,,,,,,17,34802065,82,75862069,,,,,,,,,,,,,,,,,,,,,0,,,,,,,
i-Butene,0,266,299,56,10770035,592,7930298,0,286,7055556,0,0,0,0,6,133,0,0,,193,15,133,88,1,,0,0,0,0,100,100,0,0,133,,442,7,105,2096138,,,0,0,0,,0,0,,,,,0,,,,,,,,,,,,,,,,,,,,,,,,,,,,,,,,,,,,,,,,,,,,,,,,,,,,,,,,,,,,,,,,,,,,,,,,,,,,,,,,,,,,,,,,,,,,,,,,,0,0,0,0,,,,,,,,,,,,,,,14,37319073,85,71428571,,,,,,,,,,,,,,,,,,,,,0,,,,,,,
1-Butene,0,266,898,56,10770035,593,7890015,0,,0,0,0,0,6,87,8,0,0,,193,15,87,8,80,8,,0,0,0,0,100,100,0,0,87,8,,432,97,4,,,0,0,0,,0,0,,0,236064836133691,0,219972008704656,0,208210021632581,0,,,,,,,,,,,,,,,,,,,,,,,,,,,,,,,,,,,,,,,,,,,,,,,,,,,,,,,,,,,,,,,,,,,,,,,,,,,,,,,,,,,,,,,,,,,,,,,,,0,0,0,0,,,,,,,,,,,,,,,14,37319073,85,71428571,,,,,,,,,,,,,,,,,,,,,0,,,,,,,
13-Butadiene,0,268,7,54,1,619,7440186,0,,0,0,0,0,8,164,0,0,,197,15,164,73,94513286,,0,0,0,0,100,100,0,0,164,,409,6,102,9723045,,,0,0,0,,0,0,,,,,0,,,,,,,,,,,,,,,,,,,,,,,,,,,,,,,,,,,,,,,,,,,,,,,,,,,,,,,,,,,,,,,,,,,,,,,,,,,,,,,,,,,,,,,,,,,,,,,,,0,0,0,0,,,,,,,,,,,,,,,11,17841035,88,88888889,,,,,,,,,,,,,,,,,,,,,0,,,,,,,
n-Butane,0,00582135641491012,272,648,58,12400055,583,2230225,0,356,35,0,0,0,0,4,8,135,0,0,,213,15,135,89,6,,0,0,0,0,0,0,100,100,135,,358,5,93,8,,,0,0,0,,0,0,,0,241514675581771,0,217701202498228,,0,,,,,,,,,,,,,,,,,,,,,,,,,,,,,,,,,,,,,,,,,,,,,,,,,,,,,,,,,,,,,,,,,,,,,,,,,,,,,,,,,,,,,,,,,,,,,,,,,0,0,100,100,,,,,,,,,,,,,,,17,34802065,82,75862069,,,,,,,,,,,,,,,,,,,,,0,,,,,,,
tr2-Butene,0,274,027,56,1,608,684021,0,,0,0,0,0,6,168,0,0,,201,168,83,84306902,,0,0,0,0,100,100,0,0,168,,343,9,105,0089318,,,0,0,0,,0,0,,,,,0,,,,,,,,,,,,,,,,,,,,,,,,,,,,,,,,,,,,,,,,,,,,,,,,,,,,,,,,,,,,,,,,,,,,,,,,,,,,,,,,,,,,,,,,,,,,,,,,,0,0,0,0,,,,,,,,,,,,,,,14,37319073,85,71428571,,,,,,,,,,,,,,,,,,,,,0,,,,,,,
i-Pentane,0,0215722358218781,301,028,72,15100098,623,4420166,0,343,95,0,0,0,0,5,113,0,0,,217,113,90,3,,0,0,0,0,0,0,100,100,113,,133,8,92,3,,,0,0,0,,0,0,,,,,0,,,,,,,,,,,,,,,,,,,,,,,,,,,,,,,,,,,,,,,,,,,,,,,,,,,,,,,,,,,,,,,,,,,,,,,,,,,,,,,,,,,,,,,,,,,,,,,,,100,100,0,0,,,,,,,,,,,,,,,16,75213296,83,33333333,,,,,,,,,,,,,,,,,,,,,0,,,,,,,
1-Pentene,0,303,096,70,13500214,638,7230225,0,292,25,0,0,0,0,6,108,0,0,,245,108,77,1,,0,0,0,0,100,100,0,0,108,,131,8,90,9,,,0,0,0,,0,0,,,,,0,,,,,,,,,,,,,,,,,,,,,,,,,,,,,,,,,,,,,,,,,,,,,,,,,,,,,,,,,,,,,,,,,,,,,,,,,,,,,,,,,,,,,,,,,,,,,,,,,0,0,0,0,,,,,,,,,,,,,,,14,37831669,85,71428571,,,,,,,,,,,,,,,,,,,,,0,,,,,,,
2M-1-butene,0,304,303,70,1,654,3800049,0,,0,0,0,0,6,136,0,0,,221,136,81,9,,0,0,0,0,100,100,0,0,136,,127,2,102,54,,,0,0,0,,0,0,,,,,0,,,,,,,,,,,,,,,,,,,,,,,,,,,,,,,,,,,,,,,,,,,,,,,,,,,,,,,,,,,,,,,,,,,,,,,,,,,,,,,,,,,,,,,,,,,,,,,,,0,0,0,0,,,,,,,,,,,,,,,14,37831669,85,71428571,,,,,,,,,,,,,,,,,,,,,0,,,,,,,
n-Pentane,0,309,209,72,15100098,629,7290039,0,343,95,0,0,0,0,5,143,0,0,,233,143,61,9,,0,0,0,0,0,0,100,100,143,,101,35,61,7,,,0,0,0,,0,0,,0,317713556013358,0,28795065870348,0,265338970196147,0,,,,,,,,,,,,,,,,,,,,,,,,,,,,,,,,,,,,,,,,,,,,,,,,,,,,,,,,,,,,,,,,,,,,,,,,,,,,,,,,,,,,,,,,,,,,,,,,,0,0,100,100,,,,,,,,,,,,,,,16,75213296,83,33333333,,,,,,,,,,,,,,,,,,,,,0,,,,,,,
cis2-Butene,0,276,867,56,1,625,9530029,0,,0,0,0,0,6,134,0,0,,203,134,83,5,,0,0,0,0,100,100,0,0,134,,314,4,100,,,0,0,0,,0,0,,,,,0,,,,,,,,,,,,,,,,,,,,,,,,,,,,,,,,,,,,,,,,,,,,,,,,,,,,,,,,,,,,,,,,,,,,,,,,,,,,,,,,,,,,,,,,,,,,,,,,,0,0,0,0,,,,,,,,,,,,,,,14,37319073,85,71428571,,,,,,,,,,,,,,,,,,,,,0,,,,,,,
3M-1-butene,0,293,204,70,1,631,2700195,0,,0,0,0,0,6,105,0,0,,217,105,85,26729455,,0,0,0,0,100,100,0,0,105,,190,101,6748769,,,0,0,0,,0,0,,,,,0,,,,,,,,,,,,,,,,,,,,,,,,,,,,,,,,,,,,,,,,,,,,,,,,,,,,,,,,,,,,,,,,,,,,,,,,,,,,,,,,,,,,,,,,,,,,,,,,,0,0,0,0,,,,,,,,,,,,,,,14,37831669,85,71428571,,,,,,,,,,,,,,,,,,,,,0,,,,,,,
2M-2-butene,0,311,704,70,1,666,1090088,0,406,15,0,0,0,0,6,139,0,0,,228,139,84,7,,0,0,0,0,100,100,0,0,139,,98,11,97,3,,,0,0,0,,0,0,,,,,0,,,,,,,,,,,,,,,,,,,,,,,,,,,,,,,,,,,,,,,,,,,,,,,,,,,,,,,,,,,,,,,,,,,,,,,,,,,,,,,,,,,,,,,,,,,,,,,,,0,0,0,0,,,,,,,,,,,,,,,14,37831669,85,71428571,,,,,,,,,,,,,,,,,,,,,0,,,,,,,
2M-13-C4==,0,307,204,68,1,684,8460083,0,,0,0,0,0,7,5,127,0,0,,219,127,81,,0,0,0,0,100,100,0,0,127,,118,6,99,1,,,0,0,0,,0,0,,,,,0,,,,,,,,,,,,,,,,,,,,,,,,,,,,,,,,,,,,,,,,,,,,,,,,,,,,,,,,,,,,,,,,,,,,,,,,,,,,,,,,,,,,,,,,,,,,,,,,,0,0,0,0,,,,,,,,,,,,,,,11,8404699,88,23529412,,,,,,,,,,,,,,,,,,,,,0,,,,,,,
tr2-Pentene,0,309,493,70,1,652,2630005,0,404,4833333,0,0,0,0,6,133,0,0,,225,133,85,14880659,,0,0,0,0,100,100,0,0,133,,106,7,100,3776273,,,0,0,0,,0,0,,,,,0,,,,,,,,,,,,,,,,,,,,,,,,,,,,,,,,,,,,,,,,,,,,,,,,,,,,,,,,,,,,,,,,,,,,,,,,,,,,,,,,,,,,,,,,,,,,,,,,,0,0,0,0,,,,,,,,,,,,,,,14,37831669,85,71428571,,,,,,,,,,,,,,,,,,,,,0,,,,,,,
cis2-Pentene,0,310,083,70,1,659,5750122,0,403,9277778,0,0,0,0,6,122,0,0,,226,122,85,14880659,,0,0,0,0,100,100,0,0,122,,104,4,100,3776273,,,0,0,0,,0,0,,,,,0,,,,,,,,,,,,,,,,,,,,,,,,,,,,,,,,,,,,,,,,,,,,,,,,,,,,,,,,,,,,,,,,,,,,,,,,,,,,,,,,,,,,,,,,,,,,,,,,,0,0,0,0,,,,,,,,,,,,,,,14,37831669,85,71428571,,,,,,,,,,,,,,,,,,,,,0,,,,,,,
Cyclopentane,0,322,398,70,13500214,748,8740234,0,289,95,0,0,0,0,6,179,0,0,,233,179,84,9,,100,100,0,0,0,0,0,0,179,,41,7,101,426,,,0,0,0,,0,0,,0,483269667509962,0,429891392256475,,0,,,,,,,,,,,,,,,,,,,,,,,,,,,,,,,,,,,,,,,,,,,,,,,,,,,,,,,,,,,,,,,,,,,,,,,,,,,,,,,,,,,,,,,,,,,,,,,,,0,0,0,0,,,,,,,,,,,,,,,14,37831669,85,71428571,,,,,,,,,,,,,,,,,,,,,0,,,,,,,
Cyclopentene,0,317,38,68,1,776,5159912,0,458,3722222,0,0,0,0,7,5,138,0,0,,244,138,69,7,,100,100,0,0,0,0,0,0,138,,81,04,93,3,,,0,0,0,,0,0,,,,,0,,,,,,,,,,,,,,,,,,,,,,,,,,,,,,,,,,,,,,,,,,,,,,,,,,,,,,,,,,,,,,,,,,,,,,,,,,,,,,,,,,,,,,,,,,,,,,,,,0,0,0,0,,,,,,,,,,,,,,,11,8404699,88,23529412,,,,,,,,,,,,,,,,,,,,,0,,,,,,,
22-Mpropane,0,282,648,72,2,595,5930176,0,291,7055556,0,0,0,0,5,257,0,0,,225,257,80,2,,0,0,0,0,0,0,100,100,257,,251,8,85,5,,,0,0,0,,0,0,,,,,0,,,,,,,,,,,,,,,,,,,,,,,,,,,,,,,,,,,,,,,,,,,,,,,,,,,,,,,,,,,,,,,,,,,,,,,,,,,,,,,,,,,,,,,,,,,,,,,,,100,100,0,0,,,,,,,,,,,,,,,16,75213296,83,33333333,,,,,,,,,,,,,,,,,,,,,0,,,,,,,
33M-1-butene,0,314,397,84,16,657,1190186,0,,0,0,0,0,6,,0,0,,241,15,157,95,93,3,,0,0,0,0,100,100,0,0,,,91,82,111,77,,,0,0,0,,0,0,,,,,0,,,,,,,,,,,,,,,,,,,,,,,,,,,,,,,,,,,,,,,,,,,,,,,,,,,,,,,,,,,,,,,,,,,,,,,,,,,,,,,,,,,,,,,,,,,,,,,,,0,0,0,0,,,,,,,,,,,,,,,14,3716,85,71428571,,,,,,,,,,,,,,,,,,,,,0,,,,,,,
H2O,0,373,148,18,01510048,997,9860229,0,,0,0,0,0,0,,0,0,,,,,,0,0,0,0,0,0,0,0,,,,,,,0,0,0,,0,0,,0,698140124178851,0,560124358458913,0,474686748589316,0,,,,,,,,,,,,,,,,,,,,,,,,,,,,,,,,,,,,,,,,,,,,,,,,,,,,,,,,,,,,,,,,,,,,,,,,,,,,,,,,,,,,,,,,,,,,,,,,,0,0,0,0,,,,,,,,,,,,,,0,279783740086422,11,18972388,0,,,,,,,,,,,,,,,,,,,,,0,,,,,,,
36-40C*,0,000891988736170815,313,149994,70,5130483808907,657,134670249665,0,0214722222925387,312,632817898059,0,239741510509545,0,300066359004655,0,000112412740978294,0,160946967012636,5,21500942872075,184,904024092517,0,0,22,3845863447565,213,15,189,904024092517,63,5124558619309,72,2695470619309,39,2898665204691,44,3475403766643,0,0170928034590711,0,698207107571594,0,0,60,4703919690213,55,3523932643311,179,904024092517,1,36757315904634,75,9653160187236,65,2471677914749,74,0042589914749,55,0731802799095,0,00807541672203332,0,00806908955772661,0,94,1972145768408,0,00163341630864644,8,54330017261876E-08,122,141425526356,0,470848567958515,0,432794816248245,0,402788617082598,1,46790803135004,0,0,0,0,0,0,0,0,0,0,0,0,0,0,0,0,0,0,0,0,0,0,0,0,0,0,0,0,0,0,0,0,0,0,0,0,0,0,0,0,0,0,0,0,0,0,0,0,0,0,0,0,0,0,0,0,0,0,0,0,0,0,0,0,0,0,0,0,0,0,0,0,0,0,0,0,0,0,0,0,0,0,0,0,0,0,0,0,0,0,0,0,0,0,0,0,0,0,55,3523932643311,60,4703919690213,0,0,0,0,0,0,0,0,0,0,0,0,311,149997,0,317097640746905,16,067054445188,83,7898404234253,0,0,0,0,0,0,0,0,0,0,0,0,0,5,18339658757179E-11,0,0,0,0,7,65197925521844E-06,0,0,0,0,0,48221,1525106349,44643,8160009659,0,
40-50C*,0,00228203480971481,323,149994,73,5223907069542,665,967942709563,0,0234227175804824,313,532022946471,0,311077035599774,0,388511923044137,0,000145861357730039,0,208837031520546,5,17997243751161,187,248486010804,0,0,25,3981545319863,213,15,192,248486010804,62,0395431235625,70,7966343235625,40,5948796677978,45,2562127401787,0,0221787984018132,0,710144789458636,0,0,59,0940432966024,54,3552753367772,182,248486010804,1,37202521357453,58,6341858505883,63,6854240695828,72,4425152695828,52,7446719843825,0,00807541672203332,0,00751820213581728,0,66,689087343625,0,00211944231983067,3,84448507767844E-07,117,74591360451,0,485833436653493,0,445477802802352,0,413699364006787,1,76607275855121,43,7549704696269,42,8803714280453,0,0,0,0,0,0,0,0,0,0,0,0,0,0,0,0,0,0,0,0,0,0,43,7549704696269,42,8803714280453,0,0,0,0,0,0,0,0,0,0,0,0,0,0,0,0,0,0,0,0,0,0,0,0,0,0,0,0,0,0,0,0,0,0,0,0,0,0,0,0,0,0,0,0,0,0,0,0,0,0,0,0,0,0,0,0,0,0,0,0,0,0,0,0,0,0,0,0,0,0,23,7831346722912,25,339745257433,30,572140664486,33,7542980391694,0,0,0,0,0,0,0,0,0,0,0,0,318,15,0,323163872541022,16,1263975123602,83,5342946303815,0,0,0,0,0,0,0,0,0,0,0,0,0,2,33252846440731E-10,0,0,0,0,9,92883968289481E-06,0,0,0,0,0,48093,4089015877,44555,3152798123,0,
50-60C*,0,001326556924171,333,149994,77,910744506446,678,616086379437,0,0262091394204019,314,831738954277,0,412984928585814,0,514371004727622,0,000193645095946819,0,27725140938899,5,17241965484385,190,597717322642,0,0,28,529389544455,213,15,195,597717322642,59,9347984084929,68,6918896084929,42,4591841639816,46,5689623827109,0,0294445054628734,0,727198620725839,0,0,57,1278309074325,52,9166666125615,185,597717322642,1,37848562923078,44,0504785102584,61,4543616097369,70,2114528097369,49,5215944253945,0,00807541672203332,0,00673122010451823,0,46,9073840140768,0,00281376519295099,8,11613516398782E-07,111,475639155906,0,509030331124773,0,4650744758796,0,430532068805094,2,19202236883859,46,9484562588732,47,2810986899797,29,7461396556182,29,3893016872392,23,3054040837876,23,329599621087,1,72103818531072E-09,1,6939849410996E-09,0,0,0,0,0,0,0,0,0,0,0,0,0,0,0,0,2,22044604925031E-14,100,0,0,0,0,0,0,0,0,0,0,0,0,0,0,0,0,0,0,0,0,0,0,0,0,0,0,0,0,0,0,0,0,0,0,0,0,0,0,0,0,0,0,0,0,0,0,0,0,0,0,0,0,0,0,0,0,0,0,0,0,0,0,0,0,0,0,0,0,0,0,52,9166666125615,57,1278309074325,0,0,0,0,0,0,0,0,0,0,0,0,0,0,328,15,0,332479992251795,16,1460985358316,83,5143974157807,0,0,0,0,0,0,0,0,0,0,0,0,0,4,9242267581932E-10,0,0,0,0,1,31814974367182E-05,0,0,0,0,0,47916,2860578092,44432,604644626,0,
60-70C*,0,00430877593550355,343,149994,82,4066647747132,691,207915695975,0,0289955612603215,316,151836149147,0,514892821571854,0,639782437766702,0,000241428834163598,0,345665787257433,5,19238790785191,193,94694863448,0,0,30,6559295002674,213,15,198,94694863448,57,6757953361914,66,4328865361914,44,3234886601655,47,8995477522181,0,0367102125239335,0,744252451993042,0,0,55,1616185182627,51,4606698100152,188,94694863448,1,38502217291167,32,2097600393356,59,0360887350734,67,7931799350734,46,4376862358343,0,00807541672203332,0,00594423807321918,0,32,7730229688828,0,00350808806607132,1,23877852502972E-06,105,273827373072,0,534563545281248,0,486594029435116,0,448981129495093,2,63192703760328,0,0,0,000310196216620821,0,000308923595458581,21,6816593458197,21,8775706327346,22,3973848993178,22,2214442707985,0,0,0,0,0,0,0,0,0,0,0,0,0,0,0,0,44,0793544413541,44,0993238271286,0,0,0,0,0,0,0,0,0,0,55,9123178938508,55,8933409416504,0,0,0,0,0,0,0,0,0,0,0,0,0,0,0,0,0,0,0,0,0,0,0,0,0,0,0,0,0,0,0,0,0,0,0,00832766479513048,0,00733523122091623,0,0,0,0,0,0,0,0,0,0,0,00832766479513048,0,00733523122091623,0,0,0,0,0,0,0,0,0,0,22,6854202092039,24,3276852706193,28,7752496008113,30,8339332476434,0,0,0,0,0,0,0,0,0,0,0,0,338,15,0,342632290144262,16,0936152922276,83,5642934369833,0,0,0,0,0,0,0,0,0,0,0,0,0,7,51592505197909E-10,0,0,0,0,1,64341551905416E-05,0,0,0,0,0,47746,3908082615,44314,9012838263,0,
70-80C*,0,00629978695609013,353,149994,87,0135583593558,703,642711426223,0,0317819831002411,317,494735501042,0,616800714557894,0,764886387778947,0,000289212572380378,0,414080165125876,5,23756556476879,197,296179946318,0,0,32,0887757130222,213,15,202,296179946318,55,3977351292873,64,1548263292873,46,1877931563493,49,2486430470277,0,0439759195849936,0,761306283260245,0,0,53,1954061290928,49,9864705651933,192,296179946318,1,39158337154444,22,92209027639,56,5910715154359,65,3481627154359,43,5094785854364,0,00807541672203332,0,00515725604192014,0,22,7403242732689,0,00420241093919164,1,66594353366066E-06,99,202043905102,0,562724917048336,0,510268163840487,0,469235441625213,3,04853677525876,0,0,0,0,0,0,0,0,14,5312612956755,15,8336436433672,4,98533708996154,5,43996479802746,0,0,0,0,0,0,0,0,0,0,0,0,0,0,19,5165983856371,21,2736084413946,0,0,0,0,0,0,0,0,0,418520477969821,0,465873221196694,0,0,0,0,0,0,0,0,0,0,0,0,0,0,0,0,0,0,0,0,0,0,0,856690758231041,0,71631882340621,0,0,0,0,0,0,0,0,0,0,75,3313150774039,73,8864130640238,3,87687530075814,3,6577864499787,0,0,0,0,0,0,0,0,79,208190378162,77,5441995140025,0,0,0,0,0,0,0,0,0,0,48,9370481014447,52,055438047477,1,04942246374868,1,13996808161583,0,0,0,0,0,0,0,0,0,0,0,0,348,15,0,353709118483063,15,9763380584058,83,6771180658114,0,0,0,0,0,0,0,0,0,0,0,0,0,1,0107623345765E-09,0,0,0,0,1,96868129443649E-05,0,0,0,0,0,47584,5816794113,44202,7999842053,0,
80-90C*,0,008279964757935,363,149994,91,735321699049,715,819754337222,0,0345684049401606,318,862456165755,0,718708607543934,0,889817963190324,0,000336996310597157,0,48249454299432,5,30526519674037,200,731237230143,0,0,33,0586382086719,213,15,205,731237230143,53,3024124293952,62,0595036293952,48,0520976525331,50,6169261915528,0,0512416266460538,0,778377234517081,0,0,51,2291937399229,48,4932558452569,195,731237230143,1,39811255330092,15,6935558125233,54,36000905559,63,11710025559,40,7507589262009,0,00807541672203332,0,00437027401062109,0,15,6673092791443,0,00489673381231197,2,0931085422916E-06,93,3185403371006,0,593851593491706,0,536363059349958,0,491510988482623,3,4410089906514,0,0,0,0,0,0,0,0,0,143360267344345,0,155958455816413,4,55902726803502,4,96679597177016,0,0,0,0,6,98408677673186,7,3683891585393,17,9954705840803,19,4455162706361,0,00332187665946959,0,00354450443560406,3,6728800970792E-12,3,85772822468928E-12,0,0,29,6852667728546,31,9402043612014,0,0,0,0,0,0,0,0,0,0,0,0,0,0,0,0,0,0,0,0,0,0,0,0,0,0,0,0,0,0,0,0,0,201383374594445,0,168115774605443,0,0,0,0,0,0,0,0,0,0,0,0,8,81895258943988,8,30722727745173,0,0,0,0,0,0,0,0,8,81895258943988,8,30722727745173,61,2943972631111,59,5844525867414,0,0,0,0,0,0,0,0,48,4932558452569,51,2291937399229,0,0,0,0,0,0,0,0,0,0,0,0,0,0,358,15,0,365809952703322,15,8038787720959,83,8437680231044,0,0,0,0,0,0,0,0,0,0,0,0,0,1,26993216395509E-09,0,0,0,0,2,29394706981883E-05,0,0,0,0,0,47431,5747060366,44096,7968143701,0,
90-100C*,0,0105799981713891,373,149994,96,766999371037,727,638325196017,0,0373548267800802,320,256688255431,1,63436256164193,2,00078797943213,0,000384780048813937,0,550908920862763,5,39236997934023,204,229541872478,0,0,33,7404926388424,213,15,209,229541872478,51,3918416211743,60,1489328211743,49,102656087605,51,4870115538356,0,058507333707114,0,79545460644916,0,0,49,2629813507531,46,5122004667322,199,229541872478,1,4045480859701,9,94906518901868,52,3429013555357,61,0999925555357,38,1730678931811,0,00807541672203332,0,00358329197932204,0,10,7156648150324,0,00559105668543229,2,52027355092253E-06,87,6780569218569,0,62833464550481,0,565185649707963,0,516055580219817,3,81745486460322,0,0,0,0,0,0,0,0,0,0,0,0,0,0,0,0,2,68563547196162,2,65083259786175,16,5392716005944,16,7203344060632,23,6517637306761,23,6106456320038,1,51476901580718,1,48848204709185,0,0,44,3914398190393,44,4702946830205,0,0,0,0,0,0,0,0,0,0,53,3081754600205,53,4777761593739,0,0,0,0,0,0,0,0,0,0,0,0,0,0,0,0,0,0,0,0,0,0,0,0,0,0,0,0,0,0,0,0,0,0,0,0,0,0,0,0,0,0,0,0,0,0,2,30038472094018,2,05192915760554,0,0,0,0,0,0,0,0,21,1335893388372,22,3663343115475,25,378611127895,26,8966470392056,0,0,0,0,0,0,0,0,0,0,0,0,368,15,0,379047073724934,15,5874860918297,84,0534920549657,0,0,0,0,0,0,0,0,0,0,0,0,0,1,52910199333368E-09,0,0,0,0,2,61921284520117E-05,0,0,0,0,0,47287,9692371727,43997,3070030923,0,
100-110C*,0,0130710748648257,383,149994,102,016658804464,738,997704769652,0,0401412486199997,321,67886175165,2,53442613447079,3,06988704558699,0,000432563787030716,0,619323298731206,5,49527569889769,207,694325878778,0,0,34,2697648391556,213,15,212,694325878778,49,6680370892836,58,4251282892836,50,168804903946,52,3709136519682,0,0657730407681741,0,812517475828507,0,0,47,2967689615832,44,5591993024448,202,694325878778,1,41082377208024,7,36360064979096,50,5397484152731,59,2968396152731,35,7861698653493,0,00807541672203332,0,002796309948023,0,7,27405367643317,0,00628537955855262,2,94743855955347E-06,82,331825607067,0,666629637783874,0,59709125974751,0,543154584377825,4,18598557793623,0,0,0,0,0,0,0,0,0,0,0,0,0,0,0,0,0,0,0,0,0,0,0,0,0,0,0,0,0,0,0,0,0,0,0,0,0,0,0,0582579916031608,0,0655401139613276,0,0,0,0,0,0,0,0,0,0,0,0,0,0,0,0,0,0,0,0,0,0,0,59012944849045,0,524079925131074,0,0,0,0,0,0,0,0,0,0,0,0,0,0,0,0,0,0,0,0,0,0,99,3516125599064,99,4103799609076,0,0,0,0,0,0,0,0,44,5009413108416,47,2312288476219,0,0582579916031608,0,0655401139613276,0,0,0,0,0,0,0,0,0,0,0,0,378,15,0,393547554080429,15,3394474748794,84,2944929432224,0,0,0,0,0,0,0,0,0,0,0,0,0,1,78827182271227E-09,0,0,0,0,2,9444786205835E-05,0,0,0,0,0,47154,2723741267,43904,6818699542,0,
110-120C*,0,0161045324957215,393,149994,107,459541402706,749,79717382517,0,0429276704599193,323,130211201996,3,4563664785617,4,14316490357784,0,000480347525247496,0,68773767659965,5,60984349455967,211,122834760885,0,0,34,7534482679553,213,564884614163,216,122834760885,48,1330132183823,56,8901044183823,51,213076949025,53,244976270403,0,0730387478292343,0,829565842655124,0,0,45,3305565724133,42,6118588260192,206,122834760885,1,41686941613823,7,08025668305691,48,9505502348021,57,7076414348021,33,5984947348621,0,00807541672203332,0,00200932791672395,0,4,89968911879822,0,00697970243167295,3,37460356818441E-06,77,327738633335,0,709269671065242,0,632492952824773,0,573137889937119,4,55471231147244,0,0,0,0,0,0,0,0,0,0,0,0,0,0,0,0,0,0,0,0,0,0,0,0,0,0,0,0,45,5337457179618,48,3510830218396,0,0,0,0,0,0,0,0,0,0,0,0,0,0,0,0,0,0,0,0,0,0,0,0,0,0,0,0,0,0,0,0,4,60672722915497,3,9740851173714,0,0,0,0,0,0,0,0,0,0,0,0,0,0,0,0,0,0,0,0,0,0,0,0,49,8595270528832,47,674831860789,0,0,0,0,0,0,42,6118588260192,45,3305565724133,0,0,0,0,0,0,0,0,0,0,0,0,0,0,388,15,0,409455612192009,15,0725231518583,84,5544959500521,0,0,0,0,0,0,0,0,0,0,0,0,0,2,04744165209086E-09,0,0,0,0,3,26974439596584E-05,0,0,0,0,0,47030,9219132338,43819,2247200813,0,
120-130C*,0,0202085797916727,403,149994,112,883205215905,759,936013129615,0,0457140922998389,324,611836325635,4,39957363531286,5,23485114308742,0,000528131263464275,0,756152054468093,5,73137944611581,214,512314030643,0,0,35,2780403466795,218,636853087011,219,512314030643,46,7887843931295,55,5458755931295,52,5384793878951,54,2632860907406,0,0803044548902944,0,846599706929011,0,0,43,061946976792,40,5018627661719,209,512314030643,1,42261157710505,6,80242024356371,47,5753068141227,56,3323980141227,31,6175517416046,0,00823120051512952,0,00166527556439574,0,3,27410946973025,0,00767402530479327,3,80176857681535E-06,72,7106495779046,0,756881569944976,0,671873034286186,0,606388414738258,4,93174624603386,0,0,0,0,0,0,0,0,0,0,0,0,0,0,0,0,0,0,0,0,0,0,0,0,0,0,0,0,0,00011300655870119,0,000117186195804622,0,0,0,0,0,0,0,0,0,0,67,4887325389979,69,7799083779008,0,0,0,0,0,0,0,0,0,0,0,0,0,0,0,0,0,0,0,0,0,0,0,0,0,0,0,0,0,0,0,0,0,0,0,0,0,0,0,0,0,0,0,0,0,0,32,5111544544434,30,2199744359034,0,0,0,0,0,0,0,0,40,5018627661719,43,061946976792,0,0,0,0,0,0,0,0,0,0,0,0,398,15,0,426935414785333,14,7994473657914,84,8212484461695,0,0,0,0,0,0,0,0,0,0,0,0,0,2,30661148146945E-09,0,0,0,0,3,59501017134818E-05,0,0,0,0,0,46968,2939080211,43771,3443007027,0,
130-140C*,0,022780671012655,413,149994,118,40540404408,768,855668978737,0,0485005141397584,326,13857308786,5,35579891605063,6,32839390217405,0,000575915001681054,0,824566432336537,5,84584407613581,217,860009199892,0,0,36,1230953791381,223,699887471177,222,860009199892,45,6465216876102,54,4036128876102,53,8705442953935,55,2923773315029,0,0875701619513546,0,863619068650166,0,0,40,7736567885559,38,379228766323,212,860009199892,1,4277250313166,6,53014843267338,46,4140181532349,55,1711093532349,29,9446456784811,0,00849713024123337,0,00163439380431836,0,2,16992315290012,0,0083683481779136,4,22893358544629E-06,68,7479480765279,0,810206099334933,0,715797290396271,0,643352555209187,5,32519856244249,0,0,0,0,0,0,0,0,0,0,0,0,0,0,0,0,0,0,0,0,0,0,0,0,0,0,0,0,0,0,9,26773574375499E-16,1,01348524957507E-15,0,0,0,0,0,0,0,0,0,0,0,0,0,0,0,0,0,0,0,0,0,0,0,0,0,0,0,0,0,0,0,0,4,6085650447835,4,20980410266804,1,96562110672151E-18,1,76247896835058E-18,4,80257854274077,4,40049770921782,4,80524654775537,4,37357018481575,0,0,0,0,14,2163901352796,12,9838719967016,0,0,0,0,0,0,0,0,0,0,85,7836098647203,87,0161280032984,0,0,0,0,0,0,38,379228766323,40,7736567885559,0,0,0,0,0,0,0,0,0,0,0,0,0,0,408,15,0,446174427384116,14,5513861510849,85,0651345308843,0,0,0,0,0,0,0,0,0,0,0,0,0,2,56578131084804E-09,0,0,0,0,3,92027594673051E-05,0,0,0,0,0,46863,8835604659,43697,0891018679,0,
140-150C*,0,0232501898628828,423,149994,124,108411850946,775,621830547703,0,0488328810062499,327,735267818493,6,31679363210132,7,33118617329919,0,000623698739897834,0,871817688540404,5,92867562600636,221,163165780478,0,0,37,714427403133,228,754587645164,226,163165780478,44,7249113183211,53,4820025183211,54,9767941910523,56,6135222384033,0,0948358690124147,0,88062392781859,0,0,38,7064121768464,36,0552915882975,216,163165780478,1,43166511085348,6,26349607326183,45,4666842521388,54,2237754521388,28,7494353608932,0,00876305996733721,0,00160351204424099,0,1,42597351899186,0,00906267105103392,4,65609859407722E-06,65,8811386517978,0,870123376122317,0,764932720315125,0,684553095366097,5,74318044152036,0,0,0,0,0,0,0,0,0,0,0,0,0,0,0,0,0,0,0,0,0,0,0,0,0,0,0,0,0,0,91,2097099509749,92,2151055994327,0,0,0,0,0,0,0,0,0,0,2,63558852805412,2,67898022766112,0,0,0,0,0,0,0,0,0,0,0,0,0,0,0,0,0,0,0,0,0,241879837246044,0,204273973246659,5,90951480101321,4,89883897076285,0,00328112511328884,0,002779504086832,9,33476482607336E-14,7,85490630329766E-14,0,0,0,0,6,15467576337264,5,10589244809642,2,57575983119613E-05,2,1724809707136E-05,0,0,0,0,0,0,0,0,0,0,0,0,0,0,0,0,33,4197030602434,36,0274319491853,2,63558852805412,2,67898022766112,0,0,0,0,0,0,0,0,0,0,0,0,418,15,0,467387438413771,14,3776475474617,85,2404085739464,0,0,0,0,0,0,0,0,0,0,0,0,0,2,82495114022663E-09,0,0,0,0,4,24554172211285E-05,0,0,0,0,0,46778,4876589734,43634,5961009022,0,
150-160C*,0,022387934057376,433,149994,130,0195014174,781,719847159712,0,0523499210154924,329,354961468404,7,27430909479127,8,36879434850201,0,000671482478114613,0,888638141589941,6,00415892399772,224,419029284242,0,0,39,3882563862677,233,80147876287,229,419029284242,43,750070429186,52,507161629186,55,8930729944087,57,3720151469485,0,102101576073475,0,897614284434284,0,0,36,8326179108,34,2591905045494,219,419029284242,1,43521965660917,6,00251554664148,44,4391173161208,53,1962085161208,27,7112691390844,0,00902898969344106,0,00157263028416362,0,0,928922263560238,0,00975699392415425,5,08326360270816E-06,63,3668986915977,0,937685028921636,0,820069758749995,0,730605249529354,6,19380306408947,0,0,0,0,0,0,0,0,0,0,0,0,0,0,0,0,0,0,0,0,0,0,0,0,0,0,0,0,0,0,0,0,0,0,0,0,0,0,0,0,0,0,16,4997252700416,18,1306501565595,0,0,0,0,0,0,0,0,0,0,0,0,0,0,0,0,0,0,0,0,0,0,0,0,0,0,0,0,0,0,0,0,0,0,12,1048543572183,11,0370992670226,0,0,0,0,0,0,0,0,0,0,71,3954203727401,70,8322505764179,0,0,0,0,17,7594652345079,18,7019677542405,16,4997252700416,18,1306501565595,0,0,0,0,0,0,0,0,0,0,0,0,428,15,0,490821415428221,14,2230718241453,85,3975836196025,0,0,0,0,0,0,0,0,0,0,0,0,0,3,08412096960521E-09,0,0,0,0,4,57080749749519E-05,0,0,0,0,0,46697,32333806,43574,0927405862,0,
160-170C*,0,019585766909204,443,149994,136,152753840888,787,224374050564,0,0559894863194923,330,994512319007,8,22009661544682,9,38342260374355,0,000719266216331393,0,905444237112275,6,0720214740232,227,624845223028,0,0,41,129445268788,238,841024359569,232,624845223028,42,5873190775186,51,3444102775186,56,6552246250002,57,9697766125772,0,109367283134535,0,914590138497247,0,0,35,124678759553,32,6468007836792,222,624845223028,1,4384217086205,5,74725662450921,43,1708512753372,51,9279424753372,26,808694337445,0,0092949194195449,0,00154174852408624,0,0,599691777132532,0,0104513167972746,5,5104286113391E-06,61,1628179037551,1,01415518965029,0,882150312855851,0,782236724861045,6,68517761097183,0,0,0,0,0,0,0,0,0,0,0,0,0,0,0,0,0,0,0,0,0,0,0,0,0,0,0,0,0,0,0,0,5,94116829249753E-05,6,44216041478546E-05,0,0,0,0,0,0,0,0,0,0,9,90734080189255E-06,1,07863839655125E-05,0,0,0,0,0,0,0,0,0,0,0,0,0,0,0,0,0,0,0,0,0,0,0,0,0,0,0,0,0,0,0,0,0,0,0,0,0,0,0,0,0,0,0,0,99,9999306809763,99,9999247920119,0,0,0,0,32,6467908763384,35,124667973169,9,90734080189255E-06,1,07863839655125E-05,0,0,0,0,0,0,0,0,0,0,0,0,438,15,0,516761394756029,14,0870840644098,85,5370769454662,0,0,0,0,0,0,0,0,0,0,0,0,0,3,3432907989838E-09,0,0,0,0,4,89607327287753E-05,0,0,0,0,0,46620,8797323485,43516,3143118298,0,
170-180C*,0,0177758156924584,453,149994,142,523978571059,792,210066456063,0,0596904611994016,332,651024443597,9,1459075053943,10,3679676223584,0,000767049954548172,0,922235975107404,6,13246908572965,230,777859108678,0,0,42,9210424724067,243,873636565558,235,777859108678,41,4349444155582,50,1920356155582,57,299093002364,58,4469969016914,0,116632990195595,0,931551490007479,0,0,33,5549994922417,31,1850354759502,225,777859108678,1,44130715330715,5,49776629605093,41,9025852345536,50,6596764345536,26,0219366272229,0,00956084914564875,0,00151086676400887,0,0,383559308039418,0,0111456396703949,0,000163400181590035,59,2277389786692,1,10106313652379,0,952303383235063,0,8403129765507,7,22541526298945,0,0,0,0,0,0,0,0,0,0,0,0,0,0,0,0,0,0,0,0,0,0,0,0,0,0,0,0,0,0,0,0,84,7536641253432,84,8852016482741,0,0,0,0,0,0,0,0,0,0,12,7764441892059,12,8482091298587,0,0,0,0,0,0,0,0,0,0,0,0,0,0,0,0,0,0,0,0,0,0,0,0,0,0,0,0,0,0,0,0,0,0,3,58034386388593E-10,3,04803487623424E-10,0,0,0,0,0,0,0,0,0,0,2,46989168509284,2,26658922156241,0,0,18,4085912867443,20,7067903623829,12,7764441892059,12,8482091298587,0,0,0,0,0,0,0,0,0,0,0,0,448,15,0,545537661693659,13,9682908828394,85,6601120194922,0,0,0,0,0,0,0,0,0,0,0,0,0,9,91382634987973E-08,0,0,0,0,5,22133904825986E-05,0,0,0,0,0,46549,2071006561,43461,5590546133,0,
180-190C*,0,0179790287807807,463,149994,149,150746527505,796,751579612009,0,0633917299363719,334,321801637666,10,04349307596,11,3150312441894,0,000814833692764952,0,939013355575331,6,18610459335644,233,875316453035,0,0,44,7445431990053,248,899684183268,238,875316453035,40,2914533385889,49,0485445385889,57,8605220460376,58,8427065692935,0,123898697256655,0,94849833896498,0,0,32,0959848780024,29,842262186517,228,875316453035,1,44391406959939,5,25408859037034,40,63431919377,49,39141039377,25,332585447737,0,00982677887175259,0,00147998500393149,0,0,242975333809528,0,0118399625435152,0,000371014962348751,57,5216548033848,1,2002714375883,1,03189065520012,0,905869220035143,7,91797752462612,0,0,0,0,0,0,0,0,0,0,0,0,0,0,0,0,0,0,0,0,0,0,0,0,0,0,0,0,0,0,0,0,0,0,0,0,0,0,0,0,0,0,0,0,0,0,0,0,0,0,0,0,0,0,0,0,0,0,0,0,0,0,0,0,0,0,0,0,0,0,0,0,0,0,0,0,0,0,0,0,16,138316879237,15,1480511525407,0,0,0,0,0,0,0,0,0,0,83,861670520805,84,8519352662879,1,25999579585106E-05,1,35811714142115E-05,29,842262186517,32,0959848780024,0,0,0,0,0,0,0,0,0,0,0,0,0,0,458,15,0,577534551707429,13,8647023435016,85,768498852655,0,0,0,0,0,0,0,0,0,0,0,0,0,2,25102437105064E-07,0,0,0,0,5,5466048236422E-05,0,0,0,0,0,46482,0260239449,43409,7970128343,0,
190-200C*,0,0192355971499425,473,149994,156,052394981134,800,923568754205,0,0670321768115552,336,004310346977,10,9046046384704,12,2169131260078,0,000862617430981731,0,955776378516053,6,2338522710649,236,914462767943,0,0,46,5800704571229,253,919499158448,241,914462767943,39,1553527418946,47,9124439418946,58,3753556755581,59,1951564209525,0,131164404317716,0,965430685369751,0,0,30,7200396859716,28,5879304530397,231,914462767943,1,44628214347783,5,01626439445025,39,3660531529864,48,1231443529864,24,7233408672216,0,0100927085978564,0,00144910324385412,0,0,152398580138068,0,0125342854166355,0,000578629743107467,56,0055993996467,1,31406489829466,1,12256530534552,0,98015130394798,8,75472789292814,0,0,0,0,0,0,0,0,0,0,0,0,0,0,0,0,0,0,0,0,0,0,0,0,0,0,0,0,0,0,0,0,0,0,33,1122940085481,33,3791079759423,0,0,0,0,0,0,0,0,0,0,3,67914377872757,3,71508882379737,0,0,0,0,0,0,0,0,0,0,0,0,0,0,0,0,0,0,0,0,0,0,0,0,0,0,0,0,0,0,0,0,0,0,0,0,0,0,0,0,0,0,0,0,0,0,63,2085622127243,62,9058032002604,24,9087866743121,27,0049508621742,3,67914377872757,3,71508882379737,0,0,0,0,0,0,0,0,0,0,0,0,468,15,0,613201300080087,13,7739908419237,85,8650240915531,0,0,0,0,0,0,0,0,0,0,0,0,0,3,5106661071133E-07,0,0,0,0,5,87187059902454E-05,0,0,0,0,0,46418,8077214566,43360,7500408951,0,
200-210C*,0,0231138737479892,483,149994,163,250001735529,804,800689118453,0,0705506861061032,337,6961501375,11,7209935042516,13,065613807387,0,00091040116919851,0,972525043929573,6,27689003815767,239,892543565243,0,0,48,406518447369,258,933381825426,244,892543565243,38,0251495207593,46,7822407207593,58,879437810463,59,5421031242146,0,138430111378776,0,982348529221791,0,0,29,3995686852854,27,3922830683984,234,892543565243,1,44845215756573,4,7843312668997,38,0977871122029,46,8548783122029,24,1778119419358,0,0103586383239603,0,00142778340679958,0,0,0946120787502722,0,0132286082897559,0,000786244523866183,54,6415435941688,1,45215297502948,1,22742536522331,1,06464020747225,9,63096530156729,0,0,0,0,0,0,0,0,0,0,0,0,0,0,0,0,0,0,0,0,0,0,0,0,0,0,0,0,0,0,0,0,0,0,7,33333175314156E-14,8,49308910387056E-14,0,0,0,0,0,0,0,0,0,0,4,07407319618976E-15,4,72639658795646E-15,0,0,0,0,0,0,0,0,0,0,0,0,0,0,0,0,0,0,0,0,0,0,0,0,0,0,0,0,0,0,0,0,0,0,88,3695547095361,88,3479007764127,0,0,0,0,0,0,0,0,0,0,0,0,27,3922830683984,29,3995686852854,0,0,0,0,0,0,0,0,0,0,0,0,0,0,478,15,0,65639705600529,13,6929443768004,85,9491061517856,0,0,0,0,0,0,0,0,0,0,0,0,0,4,77030784317596E-07,0,0,0,0,6,19713637440688E-05,0,0,0,0,0,46358,8331459765,43313,9506383486,0,
210-220C*,0,0289861621681609,493,149994,170,833228785989,809,248495756655,0,0738861421011679,339,37345598358,12,4154349128204,13,7868637275809,0,00095818490741529,1,37188145528408,6,33595561438589,242,80680435678,0,0,49,857837101473,263,941605203447,247,80680435678,36,8835325741449,45,6406237741449,59,4775884420993,59,966908609842,0,145695818439836,2,09986404506134,0,0,28,1069766450803,26,2462276625771,237,80680435678,1,45090906732739,4,55832324778861,36,8295210714193,45,5866122714193,23,533040520281,0,0161718368199337,0,00123185273443636,0,0,0581180077396885,0,0139229311628762,0,000993859304624899,53,0213573657819,1,61278178090861,1,34811535911421,1,16126475317229,10,5403456966897,0,0,0,0,0,0,0,0,0,0,0,0,0,0,0,0,0,0,0,0,0,0,0,0,0,0,0,0,0,0,0,0,0,0,0,0,0,0,0,0,0,0,0,0,0,0,0,0,0,0,0,0,0,0,0,0,0,0,0,0,0,0,0,0,0,0,0,0,0,0,0,0,0,0,0,0,0,0,0,0,0,0,0,0,0,0,0,0,0,0,0,0,0,0,0,0,26,2462276625771,28,1069766450803,0,0,0,0,0,0,0,0,0,0,0,0,0,0,488,15,0,70456725196966,13,5824748002937,86,0579574681754,0,0,0,0,0,0,0,0,0,0,0,0,0,6,02994957923862E-07,0,0,0,0,6,52240214978921E-05,0,0,0,0,0,46288,652738449,43258,8906013967,0,
220-230C*,0,0311156720348677,503,149994,178,776823964224,813,6231216894,0,0769774290779009,341,054067026891,13,0519863018275,14,4428082573035,0,00100596864563207,1,44029583315253,6,39567208786622,245,654490654395,0,0,51,2262203798194,268,944418549237,250,654490654395,35,7433792416396,44,5004704416396,60,1333453636799,60,459115380552,0,152961525500896,3,35805103801176,0,0,26,8146683344926,25,0980763621445,240,654490654395,1,45329181867435,4,33827066492532,35,5612550306357,44,3183462306357,22,9108380595505,0,0224185397587727,0,00101974198837111,0,0,0353116644106493,0,0146172540359965,0,00120147408538362,51,4496841150416,1,80078908510283,1,48778126766008,1,27231306722553,11,4765250244415,0,0,0,0,0,0,0,0,0,0,0,0,0,0,0,0,0,0,0,0,0,0,0,0,0,0,0,0,0,0,0,0,0,0,0,0,0,0,0,0,0,0,0,0,0,0,0,0,0,0,0,0,0,0,0,0,0,0,0,0,0,0,0,0,0,0,0,0,0,0,0,0,0,0,0,0,0,0,0,0,0,0,0,0,0,0,0,0,0,0,0,0,0,0,0,0,25,0980763621445,26,8146683344926,0,0,0,0,0,0,0,0,0,0,0,0,0,0,498,15,0,758393771797357,13,4727776140181,86,1674677320047,0,0,0,0,0,0,0,0,0,0,0,0,0,7,28959131530128E-07,0,0,0,0,6,84766792517155E-05,0,0,0,0,0,46218,2667674703,43203,381754257,0,
230-240C*,0,0302257148445052,513,150024,187,091532824582,817,821459177741,0,0784976484457402,342,740649342979,13,6398816788145,14,945594376849,0,00105375238384885,1,50871021102097,6,45319613126342,248,142279726942,0,0,52,5647415139846,273,942050319986,253,142279726942,34,6067516780224,43,3638428780225,61,2530637621658,61,6524030406707,0,160227232561956,4,61623803096219,0,0,25,1070545590197,23,4020025824803,243,142279726942,1,4555418774629,4,12419993699039,34,2929889898521,43,0500801898521,22,3294093900783,0,0283731862224066,0,000809690576948647,0,0,021213230353765,0,0153115769091169,0,00140908886614233,49,9737266081645,2,02232689055992,1,65036356321953,1,40062229830802,12,4331592309687,0,0,0,0,0,0,0,0,0,0,0,0,0,0,0,0,0,0,0,0,0,0,0,0,0,0,0,0,0,0,0,0,0,0,0,0,0,0,0,0,0,0,0,0,0,0,0,0,0,0,0,0,0,0,0,0,0,0,0,0,0,0,0,0,0,0,0,0,0,0,0,0,0,0,0,0,0,0,0,0,0,0,0,0,0,0,0,0,0,0,0,0,0,0,0,0,23,4020025824803,25,1070545590197,0,0,0,0,0,0,0,0,0,0,0,0,0,0,508,15,0,818674005572655,13,3685250151414,86,2697139084089,0,0,0,0,0,0,0,0,0,0,0,0,0,8,54923305136395E-07,0,0,0,0,7,17293370055389E-05,0,0,0,0,0,46149,5184401081,43148,9155829553,0,
240-250C*,0,0297142016670899,523,150024,195,79435002336,821,838722345606,0,0798031080904028,344,43316541594,14,1791210437813,15,4996527469208,0,00110153612206563,1,57712458888941,6,50806000574883,250,528691711896,0,0,53,8825200408599,278,934710664064,255,528691711896,33,4737456008147,42,2308368008147,62,565439407863,62,7566712650035,0,167492939623016,5,87442502391262,0,0,23,2554395483556,21,7436759880757,245,528691711896,1,45765602515112,3,91613337400298,33,0247229490685,41,7818141490685,21,788498341084,0,0340357762108352,0,000610304220887159,0,0,0125952540633132,0,0160058997822372,0,00161670364690105,48,5943094447437,2,28529531904322,1,8408422314946,1,54973998211966,13,4039042624176,0,0,0,0,0,0,0,0,0,0,0,0,0,0,0,0,0,0,0,0,0,0,0,0,0,0,0,0,0,0,0,0,0,0,0,0,0,0,0,0,0,0,0,0,0,0,0,0,0,0,0,0,0,0,0,0,0,0,0,0,0,0,0,0,0,0,0,0,0,0,0,0,0,0,0,0,0,0,0,0,0,0,0,0,0,0,0,0,0,0,0,0,0,0,0,0,21,7436759880757,23,2554395483556,0,0,0,0,0,0,0,0,0,0,0,0,0,0,518,15,0,886344552642854,13,2705294795754,86,3654021611354,0,0,0,0,0,0,0,0,0,0,0,0,0,9,80887478742661E-07,0,0,0,0,7,49819947593623E-05,0,0,0,0,0,46082,6953102022,43095,7622372064,0,
250-260C*,0,0284691445973707,533,150024,204,900472480762,825,670125316927,0,0811085677350654,346,131583741867,14,669704396728,15,9301800730782,0,00114931986028241,1,64553896675786,6,55981231970287,252,907952656517,0,0,55,1878071565606,283,922593529919,257,907952656517,32,344456727538,41,101547927538,63,993887498087,64,1466584622784,0,174758646684076,7,13261201686305,0,0,21,336408105185,19,9231614646435,247,907952656517,1,45963127797278,3,71408897566456,31,756456908285,40,513548108285,21,2878897936542,0,0394063097240586,0,000430188640904814,0,0,00738824050957575,0,0167002226553575,0,00182431842765976,47,3122481696911,2,59994559786083,2,065571341635,1,72414174953641,14,3824160649343,0,0,0,0,0,0,0,0,0,0,0,0,0,0,0,0,0,0,0,0,0,0,0,0,0,0,0,0,0,0,0,0,0,0,0,0,0,0,0,0,0,0,0,0,0,0,0,0,0,0,0,0,0,0,0,0,0,0,0,0,0,0,0,0,0,0,0,0,0,0,0,0,0,0,0,0,0,0,0,0,0,0,0,0,0,0,0,0,0,0,0,0,0,0,0,0,19,9231614646435,21,336408105185,0,0,0,0,0,0,0,0,0,0,0,0,0,0,528,15,0,962510608407991,13,1793542142955,86,4540901406636,0,0,0,0,0,0,0,0,0,0,0,0,0,1,10685165234893E-06,0,0,0,0,7,82346525131856E-05,0,0,0,0,0,46018,065960181,43044,1730357795,0,
260-270C*,0,0269278175814584,543,150024,214,422390700951,829,310882215631,0,082414027379728,347,835878955238,15,1116317376546,16,3007029040009,0,00119710359849919,1,7139533446263,6,60802140217188,255,331293231204,0,0,56,4881189135821,278,839827054685,260,331293231204,31,2189807757135,39,9760719757135,65,5166985627495,65,6390529849639,0,182024353745137,8,39079900981347,0,0,19,3716696995959,18,0602441110352,250,331293231204,1,46146490276607,3,51808022819797,30,4881908675014,39,2452820675014,20,8274105437537,0,0444847867620768,0,000277949557719784,0,0,00427979722025108,0,0173945455284778,0,00203193320841848,46,128355614591,2,97972845559032,2,33274116569454,1,92952826143615,15,2837141332981,0,0,0,0,0,0,0,0,0,0,0,0,0,0,0,0,0,0,0,0,0,0,0,0,0,0,0,0,0,0,0,0,0,0,0,0,0,0,0,0,0,0,0,0,0,0,0,0,0,0,0,0,0,0,0,0,0,0,0,0,0,0,0,0,0,0,0,0,0,0,0,0,0,0,0,0,0,0,0,0,0,0,0,0,0,0,0,0,0,0,0,0,0,0,0,0,18,0602441110352,19,3716696995959,0,0,0,0,0,0,0,0,0,0,0,0,0,0,538,15,1,04848258984539,13,0955066926268,86,5353884971627,0,0,0,0,0,0,0,0,0,0,0,0,0,1,23281582595519E-06,0,0,0,0,8,1487310267009E-05,0,0,0,0,0,45955,8815352925,42994,3819984653,0,
270-280C*,0,0244661188724969,553,150024,224,369242753026,832,756207165648,0,0855591157597536,349,546031969014,15,4567837571819,16,5711730755327,0,00124488733671597,1,78236772249474,6,65227884551113,259,129429258552,0,0,57,7903492891165,282,432397323501,264,129429258552,30,0974134628628,38,8545046628628,67,1602824411416,67,2418359606885,0,189290060806197,9,6489860027639,0,0,17,3829338016765,16,1869909637788,252,849944106356,1,46315443201942,3,3281159003791,29,2199248267178,37,9770160267178,20,4069302588796,0,0492712073248898,0,000168352969997644,0,0,00244713928527653,0,0180888684015982,0,00223954798917719,45,0434480020247,3,44250355648198,2,65302430556831,2,17323490393617,16,1419883709892,0,0,0,0,0,0,0,0,0,0,0,0,0,0,0,0,0,0,0,0,0,0,0,0,0,0,0,0,0,0,0,0,0,0,0,0,0,0,0,0,0,0,0,0,0,0,0,0,0,0,0,0,0,0,0,0,0,0,0,0,0,0,0,0,0,0,0,0,0,0,0,0,0,0,0,0,0,0,0,0,0,0,0,0,0,0,0,0,0,0,0,0,0,0,0,0,16,1869909637788,17,3829338016765,0,0,0,0,0,0,0,0,0,0,0,0,0,0,548,15,1,14582203318737,13,0194418887519,86,608957856906,0,0,0,0,0,0,0,0,0,0,0,0,0,1,35877999956146E-06,0,0,0,0,8,47399680208324E-05,0,0,0,0,0,45896,3771573699,42946,6072550168,0,
280-290C*,0,0229309994352955,563,150024,234,7456023057,836,001314290907,0,0862130514712449,351,262030129924,15,33199119133,16,4131466174105,0,00129267107493275,1,85078210036319,6,69220315206551,264,01678057194,0,0,59,1008668137409,285,870882406944,269,01678057194,28,9798505065073,37,7369417065073,69,2760989271552,69,2065966506802,0,196555767867257,10,9071729957143,0,0,15,3919098815148,14,3802567319093,255,515135952373,1,46469767805636,3,14419983954301,27,9516587859342,36,7087499859342,20,0263625383818,0,0537655714124976,0,000126457971526865,0,0,00138052215698748,0,0187831912747185,0,00244716276993591,44,0583508341965,4,01228782736723,3,04049089391657,2,46480404740739,16,9947321231815,0,0,0,0,0,0,0,0,0,0,0,0,0,0,0,0,0,0,0,0,0,0,0,0,0,0,0,0,0,0,0,0,0,0,0,0,0,0,0,0,0,0,0,0,0,0,0,0,0,0,0,0,0,0,0,0,0,0,0,0,0,0,0,0,0,0,0,0,0,0,0,0,0,0,0,0,0,0,0,0,0,0,0,0,0,0,0,0,0,0,0,0,0,0,0,0,14,3802567319093,15,3919098815148,0,0,0,0,0,0,0,0,0,0,0,0,0,0,558,15,1,25639943944915,12,9515652816714,86,6745060021833,0,0,0,0,0,0,0,0,0,0,0,0,0,1,48474417316773E-06,0,0,0,0,8,79926257746557E-05,0,0,0,0,0,45839,7732242915,42901,052337629,0,
290-300C*,0,0222000057344653,573,150024,245,550237291124,839,041417715338,0,0865160982655074,352,983867390486,15,2071986254782,16,2508389508088,0,00134045481314953,1,91919647823163,6,7274434172954,268,764896873257,0,0,60,4255977080212,289,156039183469,273,764896873257,27,8663876241683,36,6234788241683,71,372493965323,71,1753329127363,0,203821474928317,12,1653599886648,0,0,13,4203074091989,12,573828136455,258,378099439653,1,46609274628534,2,9663307684368,26,6833927451506,35,4404839451506,19,685666088095,0,0579678790249002,9,79124527270269E-05,0,0,000768003459251162,0,0194775141478388,0,00265477755069463,43,1739045860252,4,72182061141823,3,51392296453903,2,8167948927545,17,843705299745,0,0,0,0,0,0,0,0,0,0,0,0,0,0,0,0,0,0,0,0,0,0,0,0,0,0,0,0,0,0,0,0,0,0,0,0,0,0,0,0,0,0,0,0,0,0,0,0,0,0,0,0,0,0,0,0,0,0,0,0,0,0,0,0,0,0,0,0,0,0,0,0,0,0,0,0,0,0,0,0,0,0,0,0,0,0,0,0,0,0,0,0,0,0,0,0,12,573828136455,13,4203074091989,0,0,0,0,0,0,0,0,0,0,0,0,0,0,568,15,1,38246761142904,12,8922303095206,86,7317499300406,0,0,0,0,0,0,0,0,0,0,0,0,0,1,61070834677399E-06,0,0,0,0,9,12452835284791E-05,0,0,0,0,0,45786,276600513,42857,9073627076,0,
300-310C*,0,021813857837138,583,150024,256,861767664343,841,302372393335,0,0980051968415119,354,725891108108,15,0824060596263,16,0862299195908,0,00138823855136631,1,98761085610007,6,74197707852495,273,431934318319,0,0,62,0078141420546,292,288970643023,278,431934318319,26,768507716758,35,525598916758,73,4277580855567,73,121807213796,0,211087181989377,28,6057097958199,0,0,11,489835854817,10,7919628666133,262,486903138111,1,4670226305323,2,79450208388736,25,4151267043671,34,1722179043671,19,4828093274695,0,0608303519693235,7,3014080641703E-05,0,0,000421107916783318,0,0201718370209591,0,00732150408102009,42,6461427297341,5,32056080515548,3,9238276451636,3,13218719175161,18,6906678105494,0,0,0,0,0,0,0,0,0,0,0,0,0,0,0,0,0,0,0,0,0,0,0,0,0,0,0,0,0,0,0,0,0,0,0,0,0,0,0,0,0,0,0,0,0,0,0,0,0,0,0,0,0,0,0,0,0,0,0,0,0,0,0,0,0,0,0,0,0,0,0,0,0,0,0,0,0,0,0,0,0,0,0,0,0,0,0,0,0,0,0,0,0,0,0,0,10,7919628666133,11,489835854817,0,0,0,0,0,0,0,0,0,0,0,0,0,0,578,15,1,49593907904149,12,8680315310718,86,7559736282221,0,0,0,0,0,0,0,0,0,0,0,0,0,4,44210767533171E-06,0,0,0,0,9,44979412823025E-05,0,0,0,0,0,45746,2085831302,42825,5382178459,0,
310-320C*,0,0213137144348842,593,150024,268,596175616169,843,279454025189,0,111569208257019,356,47534314963,14,9576134937744,15,9212068485109,0,00143602228958308,2,05602523396852,6,74935818245746,277,9721637236,0,0,63,6434201064737,295,2711018498,282,9721637236,25,6763052702705,34,4333964702705,75,4201818177685,75,0205572781846,0,218352889050437,47,8121454220585,0,0,9,62220468845714,9,05823587330445,267,065000158679,1,4677667299041,2,62870165835413,24,1468606635835,32,9039518635835,19,3306755767427,0,0634794218488824,4,3663848973416E-05,0,0,000227456403777024,0,0208661598940795,0,0147212345868866,42,2497826205847,5,96188322103468,4,36360718588524,3,4725666825279,19,5373795654646,0,0,0,0,0,0,0,0,0,0,0,0,0,0,0,0,0,0,0,0,0,0,0,0,0,0,0,0,0,0,0,0,0,0,0,0,0,0,0,0,0,0,0,0,0,0,0,0,0,0,0,0,0,0,0,0,0,0,0,0,0,0,0,0,0,0,0,0,0,0,0,0,0,0,0,0,0,0,0,0,0,0,0,0,0,0,0,0,0,0,0,0,0,0,0,0,9,05823587330445,9,62220468845714,0,0,0,0,0,0,0,0,0,0,0,0,0,0,588,15,1,61737737488327,12,8558445613093,86,7686996822744,0,0,0,0,0,0,0,0,0,0,0,0,0,8,93167693756939E-06,0,0,0,0,9,77505990361259E-05,0,0,0,0,0,45710,9809749718,42797,0429402049,0,
320-330C*,0,0213934694912056,603,150024,280,702681619073,845,121590663861,0,125133219672526,358,228399252437,14,8335639256838,15,7583386712379,0,00148380602779986,5,57059828348734,6,75367548763478,282,372392003295,0,0,65,2735337815268,298,104155556102,287,372392003295,24,5868017236467,33,3438929236467,77,3245063665387,76,8434879391518,0,225618596111497,67,0185810482971,0,0,7,84192970777756,7,39817338961036,272,953266760296,1,46840948451638,2,46891164554376,22,8785946227999,31,6356858227999,19,2031515278286,0,0661284917284414,1,80421061695852E-06,0,0,000120956611860094,0,0215604827671998,0,022120965092753,41,9171682497884,6,70660514842181,4,86983557572715,3,86246505046559,20,3856004743605,0,0,0,0,0,0,0,0,0,0,0,0,0,0,0,0,0,0,0,0,0,0,0,0,0,0,0,0,0,0,0,0,0,0,0,0,0,0,0,0,0,0,0,0,0,0,0,0,0,0,0,0,0,0,0,0,0,0,0,0,0,0,0,0,0,0,0,0,0,0,0,0,0,0,0,0,0,0,0,0,0,0,0,0,0,0,0,0,0,0,0,0,0,0,0,0,7,39817338961036,7,84192970777756,0,0,0,0,0,0,0,0,0,0,0,0,0,0,598,15,1,75385116486872,12,8487603409661,86,7763577612768,0,0,0,0,0,0,0,0,0,0,0,0,0,1,34212461998071E-05,0,0,0,0,0,000101003256789949,0,0,0,0,0,45678,0027309334,42770,3375238387,0,
330-340C*,0,0208385094017936,613,150024,293,128363964621,846,872234447745,0,138697231088032,359,983932512131,15,023145693546,15,9252464230086,0,00153158976601664,9,08517133300616,6,75610484066935,286,629615655202,0,0,66,8831166242201,300,790127711017,291,629615655202,23,4991280341186,32,2562192341186,77,6812175878466,77,1797219197609,0,232884303172558,86,2250166745358,0,0,7,29563671860738,6,89503165723051,277,912385225304,1,46897611616135,2,31510829137625,21,6103285820163,30,3674197820163,19,0925423112509,0,0718565447224584,0,0,6,32888462072036E-05,0,0222548056403201,0,0295206955986195,41,6283980267221,7,57536603456875,5,45502099966756,4,31081664205585,21,2370904471068,0,0,0,0,0,0,0,0,0,0,0,0,0,0,0,0,0,0,0,0,0,0,0,0,0,0,0,0,0,0,0,0,0,0,0,0,0,0,0,0,0,0,0,0,0,0,0,0,0,0,0,0,0,0,0,0,0,0,0,0,0,0,0,0,0,0,0,0,0,0,0,0,0,0,0,0,0,0,0,0,0,0,0,0,0,0,0,0,0,0,0,0,0,0,0,0,6,89503165723051,7,29563671860738,0,0,0,0,0,0,0,0,0,0,0,0,0,0,608,15,1,90778741849371,12,8444999638398,86,7787883816754,0,0,0,0,0,0,0,0,0,0,0,0,0,1,79108154620448E-05,0,0,0,0,0,000589425164068021,0,0,0,0,0,45646,5275524386,42744,8235800155,0,
340-350C*,0,0200469568657751,623,150024,305,802008479229,848,574837515234,0,152261242503539,361,74083647967,15,2127274614082,16,0932209271527,0,00157937350423342,12,599744382525,6,75780226244906,290,740745027802,0,00619254020367534,0,68,4568800303417,303,331263083999,295,740745027802,22,4124151589185,31,1695063589185,78,0379288091546,77,5169809258984,0,240150010233618,105,431452300774,0,0,6,74934372943719,6,38979814694891,282,004532312921,1,46112346021878,2,16726175170903,20,3420625412327,29,0991537412327,18,991292733337,0,074598569958835,0,0,3,25624266988254E-05,0,0229491285134404,0,0369204261044859,41,3638401579047,8,59367790625705,6,13447512773205,4,82847314947415,22,0936093935735,0,0,0,0,0,0,0,0,0,0,0,0,0,0,0,0,0,0,0,0,0,0,0,0,0,0,0,0,0,0,0,0,0,0,0,0,0,0,0,0,0,0,0,0,0,0,0,0,0,0,0,0,0,0,0,0,0,0,0,0,0,0,0,0,0,0,0,0,0,0,0,0,0,0,0,0,0,0,0,0,0,0,0,0,0,0,0,0,0,0,0,0,0,0,0,0,6,38979814694891,6,74934372943719,0,0,0,0,0,0,0,0,0,0,0,0,0,0,618,15,2,08210260647742,12,841724470043,86,7818346774042,0,0,049607687223051,0,0,0,0,0,0,0,0,0,0,0,2,24003847242824E-05,0,0,0,0,0,00107784707134609,0,0,00619254020367534,0,0,0,45615,7933542152,42719,8869446161,0,
350-360C*,0,018781308585602,633,150024,318,630752475486,850,272852004721,0,165825253919046,363,498023054491,15,4023092292704,16,262289640735,0,0016271572424502,16,1143174320438,6,75989559496127,294,702609109016,0,00733894676621572,0,69,9793157499914,305,730031199588,299,702609109016,21,3257940552784,30,0828852552784,78,3946400304626,77,8551760828583,0,247415717294678,124,637887927013,0,0,6,203050740267,5,88253427640667,287,203729041249,1,46193211736895,2,02533591834676,19,0737965004492,27,8308877004492,18,8919728897953,0,0770485387200064,0,0,1,64630325732032E-05,0,0236434513865608,0,0443201566103524,41,1041173728388,9,79324431337018,6,92703686502068,5,42867646788344,22,9569172236303,0,0,0,0,0,0,0,0,0,0,0,0,0,0,0,0,0,0,0,0,0,0,0,0,0,0,0,0,0,0,0,0,0,0,0,0,0,0,0,0,0,0,0,0,0,0,0,0,0,0,0,0,0,0,0,0,0,0,0,0,0,0,0,0,0,0,0,0,0,0,0,0,0,0,0,0,0,0,0,0,0,0,0,0,0,0,0,0,0,0,0,0,0,0,0,0,5,88253427640667,6,203050740267,0,0,0,0,0,0,0,0,0,0,0,0,0,0,628,15,2,28032115578587,12,8382680127945,86,785351386622,0,0,0519012725036557,0,0,0,0,0,0,0,0,0,0,0,2,68899539865201E-05,0,0,0,0,0,00156626897862416,0,0,00733894676621572,0,0,0,45680,2886390254,42784,1237049382,0,
360-370C*,0,0180882787660132,643,150024,331,497155723409,852,009730054598,0,179389265334553,365,254421538843,15,5918909971326,16,6580934430833,0,00167494098066698,19,6288904815626,6,7634814756278,300,233660646496,0,0084853533287561,0,71,4347447081015,307,98910275588,305,233660646496,20,2383956804305,28,9954868804305,80,17717743894,79,2678050593435,0,254681424355738,143,844323553252,0,0,4,23093156392738,4,07410149757324,292,421404931069,1,46281221110979,1,88928825498987,17,8055304596656,26,5626216596656,18,7872717083933,0,0792064510059725,0,0,8,17339486242815E-06,0,0243377742596811,0,0517198871162188,40,8301001568075,11,2136805222003,7,8560067855402,6,12766264428263,23,8287738471472,0,0,0,0,0,0,0,0,0,0,0,0,0,0,0,0,0,0,0,0,0,0,0,0,0,0,0,0,0,0,0,0,0,0,0,0,0,0,0,0,0,0,0,0,0,0,0,0,0,0,0,0,0,0,0,0,0,0,0,0,0,0,0,0,0,0,0,0,0,0,0,0,0,0,0,0,0,0,0,0,0,0,0,0,0,0,0,0,0,0,0,0,0,0,0,0,4,07410149757324,4,23093156392738,0,0,0,0,0,0,0,0,0,0,0,0,0,0,638,15,2,50672733315808,12,8322982611982,86,7910115793448,0,0,0540034625177183,0,0,0,0,0,0,0,0,0,0,0,3,13795232487578E-05,0,0,0,0,0,00205469088590223,0,0,0084853533287561,0,0,0,45651,5749219344,42761,1499274671,0,
370-380C*,0,0178826814617495,653,150024,344,256045736816,853,82892380326,0,192953276750059,367,008978803841,15,7814727649948,16,8470797021623,0,00442451152958509,23,1434635310814,6,76962737945818,306,320379797504,0,00963175989129648,0,72,8073837003912,310,111326676189,311,320379797504,19,1493509916069,27,9064421916069,80,6257418424635,79,684617109169,0,261947131416798,163,05075917949,0,0,3,59278539254176,3,46830318866872,297,602841676202,1,46378265270416,1,75906964490167,16,537264418882,25,294355618882,18,6699980828171,0,0810723068167335,0,0,3,98175321496617E-06,0,0250320971328014,0,0591196176220853,40,5229084157078,12,9047702334019,8,95036039079596,6,94543715753722,24,7332284867042,0,0,0,0,0,0,0,0,0,0,0,0,0,0,0,0,0,0,0,0,0,0,0,0,0,0,0,0,0,0,0,0,0,0,0,0,0,0,0,0,0,0,0,0,0,0,0,0,0,0,0,0,0,0,0,0,0,0,0,0,0,0,0,0,0,0,0,0,0,0,0,0,0,0,0,0,0,0,0,0,0,0,0,0,0,0,0,0,0,0,0,0,0,0,0,0,3,46830318866872,3,59278539254176,0,0,0,0,0,0,0,0,0,0,0,0,0,0,648,15,2,76656134897046,12,8220396962425,86,8004309881832,0,0,0559630504955813,0,0,0,0,0,0,0,0,0,0,0,3,58690925109955E-05,0,0,0,0,0,0025431127931803,0,0,00963175989129648,0,0,0,45621,693690692,42737,260840943,0,
380-390C*,0,0174804003505994,663,150024,356,731733699405,855,773885389099,0,206517288165566,368,760660519858,15,971054532857,17,0228168247319,0,0071740820785032,26,6580365806003,6,779378474749,312,300249731713,0,0107781664538369,0,74,0814293128669,312,099707920925,317,300249731713,18,0577909460397,26,8148821460397,80,9843237138146,80,0333497686268,0,269212838477858,182,257194805729,0,0,3,04462175332844,2,94383340664122,302,693320970469,1,46486293156718,1,63462425220318,15,2689983780984,24,0260895780984,18,5330892742143,0,0826461061522892,0,0,1,90189923734545E-06,0,0257264200059217,0,0665193481279518,40,1639214864324,14,9294441093536,10,2463325513759,7,9067752911154,25,6478345379948,0,0,0,0,0,0,0,0,0,0,0,0,0,0,0,0,0,0,0,0,0,0,0,0,0,0,0,0,0,0,0,0,0,0,0,0,0,0,0,0,0,0,0,0,0,0,0,0,0,0,0,0,0,0,0,0,0,0,0,0,0,0,0,0,0,0,0,0,0,0,0,0,0,0,0,0,0,0,0,0,0,0,0,0,0,0,0,0,0,0,0,0,0,0,0,0,2,94383340664122,3,04462175332844,0,0,0,0,0,0,0,0,0,0,0,0,0,0,658,15,3,06627440401265,12,8057712900444,86,8151702362859,0,0,0578117391049102,0,0,0,0,0,0,0,0,0,0,0,4,03586617732332E-05,0,0,0,0,0,00303153470045837,0,0,0107781664538369,0,0,0,45589,9550607191,42711,9071223286,0,
390-400C*,0,0170288787346705,673,150024,369,41158842446,858,082355072685,0,200253577568823,370,503743111595,16,1606363007192,17,1861097239528,0,00992365262742132,30,1726096301191,6,79883914864847,317,848170222326,0,0119245730163772,0,75,1603859419052,313,957386165335,322,848170222326,16,9589607385176,25,7160519385176,81,2607822831236,80,3187777110175,0,276478545538919,201,463630431967,0,0,2,57858141615718,2,49511256502967,307,416094993052,1,46616426510687,1,51588939883341,14,0007323373148,22,7578235373148,18,3374628501955,0,0833009359219726,0,0,8,89990331363295E-07,0,0264207428790421,0,0739190786338182,39,6502952609022,17,3677355132618,11,7894990839176,9,00906253691697,26,5711554009099,0,0,0,0,0,0,0,0,0,0,0,0,0,0,0,0,0,0,0,0,0,0,0,0,0,0,0,0,0,0,0,0,0,0,0,0,0,0,0,0,0,0,0,0,0,0,0,0,0,0,0,0,0,0,0,0,0,0,0,0,0,0,0,0,0,0,0,0,0,0,0,0,0,0,0,0,0,0,0,0,0,0,0,0,0,0,0,0,0,0,0,0,0,0,0,0,2,49511256502967,2,57858141615718,0,0,0,0,0,0,0,0,0,0,0,0,0,0,668,15,3,41386293084617,12,773428621708,86,8444865757351,0,0,059571335802914,0,0,0,0,0,0,0,0,0,0,0,4,48482310354708E-05,0,0,0,0,0,00351995660773644,0,0,0119245730163772,0,0,0,45552,860292294,42682,3435108956,0,
400-410C*,0,0163636704329747,683,150024,386,222696860361,860,711078571918,0,175507378476438,372,239408812178,16,3502180685814,17,337881590623,0,0126732231763394,33,6871826796379,6,82679049333913,323,016213807725,0,0119916624408079,0,76,0655175855749,315,687615428548,328,016213807725,15,8537254546826,24,6108166546826,81,4629767805209,80,5461153356577,0,283744252599979,220,670066058206,0,0,2,18680515089773,2,11600307371928,311,815491493776,1,46766948218007,1,40279545933943,12,7324662965313,21,4895574965313,18,0911914827954,0,0833009359219726,0,0,4,07653247615336E-07,0,0271150657521624,0,0813188091396847,39,0025665953527,20,3220678229482,13,6375283153977,10,2778177395502,27,5031910754494,0,0,0,0,0,0,0,0,0,0,0,0,0,0,0,0,0,0,0,0,0,0,0,0,0,0,0,0,0,0,0,0,0,0,0,0,0,0,0,0,0,0,0,0,0,0,0,0,0,0,0,0,0,0,0,0,0,0,0,0,0,0,0,0,0,0,0,0,0,0,0,0,0,0,0,0,0,0,0,0,0,0,0,0,0,0,0,0,0,0,0,0,0,0,0,0,2,11600307371928,2,18680515089773,0,0,0,0,0,0,0,0,0,0,0,0,0,0,678,15,3,81931012849314,12,7272498227242,86,8862680961255,0,0,0596719068977289,0,0,0,0,0,0,0,0,0,0,0,4,93378002977085E-05,0,0,0,0,0,00400837851501451,0,0,0119916624408079,0,0,0,45510,9921948875,42649,0142953574,0,
410-420C*,0,0149138661548049,693,150024,402,928815653125,863,458838879632,0,150761179384052,373,972611506805,16,5397998364436,17,4791578970854,0,0154227937252575,37,2017557291567,6,85794259731157,328,068532847103,0,0133246070277869,0,76,883281056939,317,293744720456,333,068532847103,14,7461094346779,23,5032006346779,81,5987664361365,80,7209304628884,0,291009959661039,239,876501684445,0,0,1,86143372741985,1,79991164002618,316,116375248932,1,46928599972802,1,29526577578406,11,4642002557477,20,2212914557477,17,828101910215,0,0833009359219726,0,0,1,82602213192908E-07,0,0278093886252827,0,0887185396455511,38,3092099835383,23,9243682992179,15,863841391021,11,7829838230897,28,4439415616133,0,0,0,0,0,0,0,0,0,0,0,0,0,0,0,0,0,0,0,0,0,0,0,0,0,0,0,0,0,0,0,0,0,0,0,0,0,0,0,0,0,0,0,0,0,0,0,0,0,0,0,0,0,0,0,0,0,0,0,0,0,0,0,0,0,0,0,0,0,0,0,0,0,0,0,0,0,0,0,0,0,0,0,0,0,0,0,0,0,0,0,0,0,0,0,0,1,79991164002618,1,86143372741985,0,0,0,0,0,0,0,0,0,0,0,0,0,0,688,15,4,29517413020804,12,6761423939671,86,9322568931743,0,0,0616218765023389,0,0,0,0,0,0,0,0,0,0,0,5,38273695599462E-05,0,0,0,0,0,00449680042229259,0,0,0133246070277869,0,0,0,45467,2704713008,42614,2006555515,0,
420-430C*,0,015769020145201,703,150024,419,511521404281,866,321186547818,0,126014980291667,375,7035076363,16,7293816043058,17,611050667221,0,0181723642741757,40,7163287786755,6,89215629658146,333,005127340462,0,0147289579346667,0,77,6180152757322,318,779199755598,338,005127340462,13,6362016674638,22,3932928674638,81,6760104801009,80,8490619478743,0,298275666722099,259,082937310683,0,0,1,59460791559329,1,53988738490476,320,318746258522,1,47101273866196,1,19321659517502,10,1959342149641,18,9530254149641,17,5492623612518,0,0833009359219726,0,0,7,99114963384254E-08,0,028503711498403,0,0961182701514176,37,5727737069964,28,3457046900072,18,5625133163035,13,5785862271342,29,3934068594015,0,0,0,0,0,0,0,0,0,0,0,0,0,0,0,0,0,0,0,0,0,0,0,0,0,0,0,0,0,0,0,0,0,0,0,0,0,0,0,0,0,0,0,0,0,0,0,0,0,0,0,0,0,0,0,0,0,0,0,0,0,0,0,0,0,0,0,0,0,0,0,0,0,0,0,0,0,0,0,0,0,0,0,0,0,0,0,0,0,0,0,0,0,0,0,0,1,53988738490476,1,59460791559329,0,0,0,0,0,0,0,0,0,0,0,0,0,0,698,15,4,85737840433242,12,6209138921329,86,9853111502762,0,0,0635893742062177,0,0,0,0,0,0,0,0,0,0,0,5,83169388221839E-05,0,0,0,0,0,00498522232957066,0,0,0147289579346667,0,0,0,45421,7758521511,42577,9670302794,0,
430-440C*,0,0143430226625368,713,150024,435,957318544321,869,293672128469,0,101268781199281,377,432252073561,16,918963372168,17,7347435010899,0,0209219348230938,44,2309018281943,6,92930009583188,337,8259972878,0,0162047151614475,0,78,273978681736,320,147465767297,342,8259972878,12,5240911420005,21,2811823420005,81,7025681425442,80,9365432903468,0,305541373783159,278,289372936922,0,0,1,3784684852878,1,32871320856335,324,422604522543,1,47284873861161,1,0965570319268,8,92766817418052,17,6847593741805,17,2557303583834,0,0833009359219726,0,0,3,41314212017786E-08,0,0291980343715234,0,142577278359413,36,7957862542827,33,8094307003176,21,8548795343037,15,7331386859333,30,3515869688142,0,0,0,0,0,0,0,0,0,0,0,0,0,0,0,0,0,0,0,0,0,0,0,0,0,0,0,0,0,0,0,0,0,0,0,0,0,0,0,0,0,0,0,0,0,0,0,0,0,0,0,0,0,0,0,0,0,0,0,0,0,0,0,0,0,0,0,0,0,0,0,0,0,0,0,0,0,0,0,0,0,0,0,0,0,0,0,0,0,0,0,0,0,0,0,0,1,32871320856335,1,3784684852878,0,0,0,0,0,0,0,0,0,0,0,0,0,0,708,15,5,52628374925622,12,5606098351171,87,0362349341839,0,0,0655770675655418,0,0,0,0,0,0,0,0,0,0,0,8,65045782286869E-05,0,0,0,0,0,00547364423684873,0,0,0162047151614475,0,0,0,45374,5898838895,42540,3787843789,0,
440-450C*,0,0136670416924935,723,150024,452,18268304928,872,418785980033,0,0860949670464541,379,157897119208,17,0575090127854,17,8077084330511,0,0236715053720119,68,4208417943693,6,97049964470982,341,158488759303,0,0577520620588983,0,78,8363191560625,321,402071440929,346,158488759303,11,4089280511188,20,1660192511188,81,7373347808414,81,0326856755769,0,312807080844219,333,685454224493,0,0,1,20515620637314,1,15960589137208,327,259451982546,1,47481651722116,1,00518905796089,7,65940213339694,16,4164933333969,16,9410347022384,0,0834695633542821,0,0,1,4212435536791E-08,0,0298923572446437,0,231350504078046,35,9607873884978,40,4105342303128,25,7648957146783,18,2633878294368,31,2175058373505,0,0,0,0,0,0,0,0,0,0,0,0,0,0,0,0,0,0,0,0,0,0,0,0,0,0,0,0,0,0,0,0,0,0,0,0,0,0,0,0,0,0,0,0,0,0,0,0,0,0,0,0,0,0,0,0,0,0,0,0,0,0,0,0,0,0,0,0,0,0,0,0,0,0,0,0,0,0,0,0,0,0,0,0,0,0,0,0,0,0,0,0,0,0,0,0,1,15960589137208,1,20515620637314,0,0,0,0,0,0,0,0,0,0,0,0,0,0,718,15,6,28551654420869,12,4934079876733,87,0852959392915,0,0,108781298378069,0,0,0,0,0,0,0,0,0,0,0,0,000140365126958143,0,0,0,0,0,0059620661441268,0,0,0577520620588983,0,0,0,45324,9751737831,42500,8382981359,0,
450-460C*,0,0129991708627673,733,150024,467,969400078355,875,839393091831,0,106131668211788,380,877190044619,17,5929986040417,18,3392263315535,0,02642107592093,118,396913533003,7,01962181176273,339,644656650931,0,239241472102563,0,79,250180183814,322,546573972449,344,644656650931,10,2878550950325,19,0449462950325,81,3215772650496,80,6157046278495,1,71976372316957,513,276910988679,0,0,1,08542413090879,1,0450690405971,325,970773284272,1,47699079734261,0,919007523127589,6,39113609261336,15,1482272926134,16,5829647045938,0,0842280228025971,0,0,5,76302027866878E-09,0,164343439575029,0,32012372979668,35,0081957248272,47,7919560662336,30,0082355634515,21,0286345294969,31,1141352435765,0,0,0,0,0,0,0,0,0,0,0,0,0,0,0,0,0,0,0,0,0,0,0,0,0,0,0,0,0,0,0,0,0,0,0,0,0,0,0,0,0,0,0,0,0,0,0,0,0,0,0,0,0,0,0,0,0,0,0,0,0,0,0,0,0,0,0,0,0,0,0,0,0,0,0,0,0,0,0,0,0,0,0,0,0,0,0,0,0,0,0,0,0,0,0,0,1,0450690405971,1,08542413090879,0,0,0,0,0,0,0,0,0,0,0,0,0,0,728,15,7,01534616611506,12,4141055597184,87,1423261605243,0,0,250746295285309,0,0,0,0,0,0,0,0,0,0,0,0,000194225675687599,0,0,0,0,0,00645048805140487,0,0,239241472102563,0,0,0,45270,4993839734,42457,3811913742,0,
460-480C*,0,0239987481482755,753,150024,491,178742960801,881,226912045579,0,134892709335231,383,451393664933,18,489715646778,19,2651899945541,0,0305454317443072,193,361021140952,7,07845276707063,337,373908488374,0,511475587168061,0,79,7195436968803,323,910393175464,342,373908488374,8,60111349518196,17,358204695182,80,5923308957231,79,8487806841155,3,8301986866576,775,330965878927,0,0,0,917953457498922,0,88602932133037,324,037755236862,1,48049926361036,0,761747916635134,4,48873703143799,13,245828231438,16,0135223463952,0,0853657119750696,0,0,8,70669017649523E-10,0,366020063070608,0,45328356837463,33,4877866017428,62,2144330471639,38,1274823680094,26,2385649238481,30,9590793529156,0,0,0,0,0,0,0,0,0,0,0,0,0,0,0,0,0,0,0,0,0,0,0,0,0,0,0,0,0,0,0,0,0,0,0,0,0,0,0,0,0,0,0,0,0,0,0,0,0,0,0,0,0,0,0,0,0,0,0,0,0,0,0,0,0,0,0,0,0,0,0,0,0,0,0,0,0,0,0,0,0,0,0,0,0,0,0,0,0,0,0,0,0,0,0,0,0,88602932133037,0,917953457498922,0,0,0,0,0,0,0,0,0,0,0,0,0,0,743,15,8,32883437107886,12,2848531017104,86,9577524308582,0,0,446524285985249,0,0,0,0,0,0,0,0,0,0,0,0,000275016498781784,0,0,0,0,0,00718312091232197,0,0,511475587168061,0,0,0,45184,930607676,42389,1154391435,0,
480-500C*,0,0213916407167989,773,150024,521,3542599066,888,805814824909,0,171830649677125,386,877075527244,19,7727268707721,20,5751868974295,0,0360445728421434,293,313164618219,7,19623698866331,334,34624427163,0,874454407255391,0,80,1087852469214,325,614432790294,339,34624427163,6,34421381189461,15,1013050118946,79,5326139029421,78,752876215423,6,6441119713083,1111,047862588,0,0,0,694659226285759,0,671936887147497,321,460397840314,1,48560986289633,0,623797520093808,1,95220494987083,10,7092961498708,15,2092697235946,0,0868826308716995,0,0,1,1643634649436E-10,0,63492222773138,0,630830019811897,31,3289449888356,90,5838922391344,53,6092969503903,35,9490543068417,30,7523381653678,0,0,0,0,0,0,0,0,0,0,0,0,0,0,0,0,0,0,0,0,0,0,0,0,0,0,0,0,0,0,0,0,0,0,0,0,0,0,0,0,0,0,0,0,0,0,0,0,0,0,0,0,0,0,0,0,0,0,0,0,0,0,0,0,0,0,0,0,0,0,0,0,0,0,0,0,0,0,0,0,0,0,0,0,0,0,0,0,0,0,0,0,0,0,0,0,0,671936887147497,0,694659226285759,0,0,0,0,0,0,0,0,0,0,0,0,0,0,763,15,10,6152804784632,12,1012165090047,87,0832218499226,0,0,70782012215876,0,0,0,0,0,0,0,0,0,0,0,0,000382737596240697,0,0,0,0,0,00815996472687812,0,0,874454407255391,0,0,0,45065,0619406846,42293,4860700707,0,
500-520C*,0,0188588198479721,793,150024,550,915567307976,896,720191891613,0,207157030602604,390,298229102789,21,1180124824207,21,9373384368769,0,0415437139399796,393,265308095485,7,32371618244121,336,857185932374,1,23743322734272,0,80,2890921119106,326,939850248003,341,857185932374,4,0806046428598,12,8376958428598,78,4106225225067,77,6061793771146,9,458025255959,1431,12074808419,0,0,0,471364995072597,0,456482186008524,318,883040443766,1,49117096569644,0,504069079005629,-0,584327131696327,8,17276406830368,14,3740964870072,0,0883995497683295,0,0,1,36162812895303E-11,0,903824392392151,0,808376471249164,29,0728639712996,135,862673279924,77,41032578189,50,4764076394423,30,5455969778199,0,0,0,0,0,0,0,0,0,0,0,0,0,0,0,0,0,0,0,0,0,0,0,0,0,0,0,0,0,0,0,0,0,0,0,0,0,0,0,0,0,0,0,0,0,0,0,0,0,0,0,0,0,0,0,0,0,0,0,0,0,0,0,0,0,0,0,0,0,0,0,0,0,0,0,0,0,0,0,0,0,0,0,0,0,0,0,0,0,0,0,0,0,0,0,0,0,456482186008524,0,471364995072597,0,0,0,0,0,0,0,0,0,0,0,0,0,0,783,15,13,7633925061144,11,9084410234281,87,2140422309269,0,0,974963828935015,0,0,0,0,0,0,0,0,0,0,0,0,000490458693699609,0,0,0,0,0,00843054192114069,0,1,23743322734272,0,0,0,44940,5611640244,42194,177701581,0,
520-540C*,0,0173494027028702,813,150024,580,292569067099,904,842869211967,0,240871852111668,393,717942022566,22,4845562808124,23,3166978792732,0,0496914004784647,493,217451572752,7,4574435504618,339,558589777303,1,83336680172371,0,80,3234845419872,327,91447245275,344,558589777303,1,81282946875196,10,569920668752,77,2673729553282,76,442913510881,14,3533283404904,1734,48660313412,0,0,0,248070763859434,0,240388609845769,316,305683047219,1,4971279418056,0,401376381891222,-3,12085921326349,5,63623198673652,13,5290859846002,0,0927876540450707,0,0,1,37320032233685E-12,1,27626664992625,0,985922922686431,26,7754435848435,210,440641430374,115,061535997314,72,799821221934,30,3388557902721,0,0,0,0,0,0,0,0,0,0,0,0,0,0,0,0,0,0,0,0,0,0,0,0,0,0,0,0,0,0,0,0,0,0,0,0,0,0,0,0,0,0,0,0,0,0,0,0,0,0,0,0,0,0,0,0,0,0,0,0,0,0,0,0,0,0,0,0,0,0,0,0,0,0,0,0,0,0,0,0,0,0,0,0,0,0,0,0,0,0,0,0,0,0,0,0,0,240388609845769,0,248070763859434,0,0,0,0,0,0,0,0,0,0,0,0,0,0,803,15,18,1846605156055,11,712485902834,87,3452024559639,0,1,42797185307975,0,0,0,0,0,0,0,0,0,0,0,0,000598179791158522,0,0,0,0,0,0105381075517053,0,1,83336680172371,0,0,0,44812,2707069142,42091,7006779706,0,
540-560C*,0,0163179075478035,833,150024,610,05139444182,913,046672752251,0,272975114204317,397,139097147162,23,8062031737552,24,6535275722109,0,0673183077625932,593,169595050018,7,59359877104421,341,801362248548,3,3297550603502,0,80,2705786312808,328,565359203251,346,801362248548,-0,456568229754449,8,30052297024555,76,1370837598861,75,2914912916662,25,7873743646897,2018,79268246308,0,0,0,0567130663586246,0,054981136122854,313,728325650671,1,50341756851945,0,314444975328976,-5,65739129483065,3,09969990516936,12,6939233254409,0,106426945207012,0,0,1,17550415132813E-13,1,97398293892088,1,1634693741237,24,490204116573,337,509165254631,176,48284376381,108,108330799159,28,6149239200758,0,0,0,0,0,0,0,0,0,0,0,0,0,0,0,0,0,0,0,0,0,0,0,0,0,0,0,0,0,0,0,0,0,0,0,0,0,0,0,0,0,0,0,0,0,0,0,0,0,0,0,0,0,0,0,0,0,0,0,0,0,0,0,0,0,0,0,0,0,0,0,0,0,0,0,0,0,0,0,0,0,0,0,0,0,0,0,0,0,0,0,0,0,0,0,0,0,054981136122854,0,0567130663586246,0,0,0,0,0,0,0,0,0,0,0,0,0,0,823,15,24,5282187856404,11,5191555962217,87,4718457789362,0,2,63587142206629,0,0,0,0,0,0,0,0,0,0,0,0,000705900888617434,0,0,0,0,0,0132728441594629,0,3,3297550603502,0,0,0,44679,4508816649,41985,0815114407,0,
560-580C*,0,0145783030862187,853,150024,640,877967259973,921,204428478741,0,303466816880551,400,564376925528,24,9370698476483,25,8014346205861,0,0866482775734502,678,31777076366,7,72795289734142,343,621080437143,5,02638544058164,0,80,1846639026515,328,918607619685,348,621080437143,-2,725044971985,6,03204622801501,75,0234789260634,74,1603045267829,37,221420388889,2288,12464150021,0,0,0,0394512262882615,0,0382608526309978,311,150968254123,1,50996687728677,0,241926220767146,-8,19392337639781,0,563167823602197,11,8869251427812,0,120438830151751,0,0,8,38721298380265E-15,2,44534600377325,1,75926719259619,22,2682482653879,562,044364774544,280,050535885541,165,721276727163,26,6677259736176,0,0,0,0,0,0,0,0,0,0,0,0,0,0,0,0,0,0,0,0,0,0,0,0,0,0,0,0,0,0,0,0,0,0,0,0,0,0,0,0,0,0,0,0,0,0,0,0,0,0,0,0,0,0,0,0,0,0,0,0,0,0,0,0,0,0,0,0,0,0,0,0,0,0,0,0,0,0,0,0,0,0,0,0,0,0,0,0,0,0,0,0,0,0,0,0,0,0382608526309978,0,0394512262882615,0,0,0,0,0,0,0,0,0,0,0,0,0,0,843,15,33,8420650563904,11,3340863444374,87,5892854042129,0,4,1016798095095,0,0,0,0,0,0,0,0,0,0,0,0,00106738372508043,0,0,0,0,0,0149830836488817,0,5,02638544058164,0,0,0,44548,0962051211,41879,6765398692,0,
580-600C*,0,0128993986127712,873,150024,673,563129457312,929,188962357714,0,33234696014037,403,996275408213,26,0149760160776,26,9107970756169,0,107462232184717,1071,26549442975,7,85588304551007,345,05338173483,6,8276843649167,0,80,1159663724585,328,999205665237,350,05338173483,-4,9900572772652,3,7670339227348,73,9595041172124,73,0644400666853,43,3337977142908,2543,54350552108,0,0,0,0255198667099903,0,0247628576977972,308,573610857576,1,51669242682444,0,182414812915544,-10,730455457965,-1,97336425796496,11,1251216243803,0,134823308879286,0,0,4,8841076376234E-16,3,15153524520372,2,93265023221257,20,1583003237248,974,644000519401,461,003843514454,262,934318072899,24,7583534134309,0,0,0,0,0,0,0,0,0,0,0,0,0,0,0,0,0,0,0,0,0,0,0,0,0,0,0,0,0,0,0,0,0,0,0,0,0,0,0,0,0,0,0,0,0,0,0,0,0,0,0,0,0,0,0,0,0,0,0,0,0,0,0,0,0,0,0,0,0,0,0,0,0,0,0,0,0,0,0,0,0,0,0,0,0,0,0,0,0,0,0,0,0,0,0,0,0,0247628576977972,0,0255198667099903,0,0,0,0,0,0,0,0,0,0,0,0,0,0,863,15,47,8603678476622,11,1657009842382,87,716441053312,0,5,7420449788015,0,0,0,0,0,0,0,0,0,0,0,0,00177929943921574,0,0,0,0,0,0176602539928196,0,6,8276843649167,0,0,0,44420,1681135894,41777,0578444908,0,
600-625C*,0,0138710245063696,898,150024,713,662767943378,937,806162156759,0,362910804192733,407,867960306117,27,1643161013733,28,1154743441224,0,132378979261695,1530,48790401713,7,96957431140239,346,465250298108,8,86025696989975,0,80,1171260198029,328,807934709254,351,465250298108,-7,53088810440944,1,22620309559056,72,8229036411359,71,8721149863703,57,5917317276642,2815,58033196494,0,0,0,0127802574908096,0,0124106695072697,305,67408378646,1,52435167176471,0,124120328382825,-13,584054049728,-4,82696284972802,10,3418324641719,0,151451213453763,0,0,1,01130060428898E-17,4,0015290045246,4,252706151781,17,9762574980365,1907,57916404064,846,849806631276,462,126876370102,22,6555224402485,0,0,0,0,0,0,0,0,0,0,0,0,0,0,0,0,0,0,0,0,0,0,0,0,0,0,0,0,0,0,0,0,0,0,0,0,0,0,0,0,0,0,0,0,0,0,0,0,0,0,0,0,0,0,0,0,0,0,0,0,0,0,0,0,0,0,0,0,0,0,0,0,0,0,0,0,0,0,0,0,0,0,0,0,0,0,0,0,0,0,0,0,0,0,0,0,0,0124106695072697,0,0127802574908096,0,0,0,0,0,0,0,0,0,0,0,0,0,0,885,65,72,9977190108219,10,994872412035,87,6244527321013,0,7,67227483890256,0,0,0,0,0,0,0,0,0,0,0,0,00258020461761796,0,0,0,0,0,0209667090457954,0,8,86025696989975,0,0,0,44282,7001757808,41666,8196426414,0,
625-650C*,0,0115317580227775,923,150024,764,009960406901,946,714692181572,0,394478472408839,412,186852915002,28,3627473902929,29,4025745462008,0,161562457813103,2040,73502578089,8,08733360228976,347,273418685871,10,9666597825326,0,80,287844266664,328,261033490586,352,273418685871,-10,3407107395316,-1,58361953953162,71,6330309731373,70,5933216450505,74,8268930472825,3100,60363406247,0,0,0,00422163656981834,0,00410380874864311,302,452387040775,1,532800699709,0,0810645522333626,-16,754719151687,-7,99762795168696,9,58773268163054,0,170479731877298,0,0,1,38605125770891E-19,4,9907418492792,5,71943495130148,15,8634716120925,4315,40108130812,1774,01549965019,918,550061900506,20,3751906389036,0,0,0,0,0,0,0,0,0,0,0,0,0,0,0,0,0,0,0,0,0,0,0,0,0,0,0,0,0,0,0,0,0,0,0,0,0,0,0,0,0,0,0,0,0,0,0,0,0,0,0,0,0,0,0,0,0,0,0,0,0,0,0,0,0,0,0,0,0,0,0,0,0,0,0,0,0,0,0,0,0,0,0,0,0,0,0,0,0,0,0,0,0,0,0,0,0,00410380874864311,0,00422163656981834,0,0,0,0,0,0,0,0,0,0,0,0,0,0,910,65,121,911576587361,10,8401344169113,87,6677833232243,0,9,74110058673775,0,0,0,0,0,0,0,0,0,0,0,0,00347009926028709,0,0,0,0,0,0250064388370018,0,10,9666597825326,0,0,0,44141,0068515867,41553,2044023561,0,
650-675C*,0,00935391660471458,948,150024,826,358508712453,953,710228530169,0,373124196162823,416,546544586432,28,6408993213185,29,7549432336804,0,191909369917768,2550,98214754465,8,13706171568723,347,782111557484,11,9335141147398,0,81,043764877663,327,403835710811,352,782111557484,-13,1122735011295,-4,35518230112948,71,3591006786815,70,2450567663196,93,1438011527473,3350,05243580035,0,0,2,89244356980393E-15,2,81390770836396E-15,299,230690295091,1,54027253949954,0,0504689412270159,-19,9253842536459,-11,1682930536459,9,11222215837394,0,189442150511527,0,0,1,17292580372822E-21,5,89863706451568,7,18616375082196,14,5251375108462,10579,5403737278,3997,96636765536,1957,01545164113,18,1539610036079,0,0,0,0,0,0,0,0,0,0,0,0,0,0,0,0,0,0,0,0,0,0,0,0,0,0,0,0,0,0,0,0,0,0,0,0,0,0,0,0,0,0,0,0,0,0,0,0,0,0,0,0,0,0,0,0,0,0,0,0,0,0,0,0,0,0,0,0,0,0,0,0,0,0,0,0,0,0,0,0,0,0,0,0,0,0,0,0,0,0,0,0,0,0,0,0,2,81390770836396E-15,2,89244356980393E-15,0,0,0,0,0,0,0,0,0,0,0,0,0,0,935,65,214,165636667652,10,7730874953962,87,6612778185375,0,10,7096762540666,0,0,0,0,0,0,0,0,0,0,0,0,00435999390295622,0,0,0,0,0,0286557375780992,0,11,9335141147398,0,0,0,44028,8911501565,41463,1570062178,0,
675-700C*,0,00743523257360019,973,150024,899,102845072667,959,689088085834,0,332403740516699,420,927929916738,28,5792893783928,29,7633781435136,0,222991829391475,2884,58079299266,8,14731829355979,347,917402672094,12,8893565197631,0,82,0639433589617,326,273937945771,352,917402672094,,-7,10641152686871,71,4207106216072,70,2366218564864,104,39644078106,3586,95215695374,0,0,2,89244356980393E-15,2,81458221129387E-15,296,008993549406,1,5473077513013,0,029696675769948,-23,0960493556049,-14,3389581556049,8,78484298864895,0,209037545555304,0,0,5,622719383272E-24,6,77078242575896,8,24911497301706,13,6009885029585,28308,2268414642,9755,8912205074,4498,19867045482,15,9918335343613,0,0,0,0,0,0,0,0,0,0,0,0,0,0,0,0,0,0,0,0,0,0,0,0,0,0,0,0,0,0,0,0,0,0,0,0,0,0,0,0,0,0,0,0,0,0,0,0,0,0,0,0,0,0,0,0,0,0,0,0,0,0,0,0,0,0,0,0,0,0,0,0,0,0,0,0,0,0,0,0,0,0,0,0,0,0,0,0,0,0,0,0,0,0,0,0,2,81458221129387E-15,2,89244356980393E-15,0,0,0,0,0,0,0,0,0,0,0,0,0,0,960,65,397,644199913173,10,7537447450374,87,6141812855153,0,11,6772637718354,0,0,0,0,0,0,0,0,0,0,0,0,00500490835364354,0,0,0,0,0,0320741583377962,0,12,8893565197631,0,0,0,43932,2479899814,41385,4032186926,0,
700-725C*,0,00577116887084681,998,150024,987,54422523356,965,115879270437,0,292538383594207,425,321330609091,28,5176794354671,29,7840050857868,0,254381950050007,3791,7056736784,8,18805488502759,347,655581982452,13,4214939894487,0,83,1891403096223,324,90575384789,352,655581982452,,-9,84659938518671,71,4823205645329,70,2159949142132,118,688998311309,3830,00573098828,0,0,2,89244356980393E-15,2,81409556015863E-15,292,787296803722,1,55420067882768,0,0163390362490209,-26,2667144575638,-17,5096232575638,8,53950861612351,0,229820778432154,0,0,1,37064635256234E-26,7,64292778700225,14,1811749954359,12,9069800689052,83304,3070823493,25955,8235416137,11231,0302175684,13,8888082311638,0,0,0,0,0,0,0,0,0,0,0,0,0,0,0,0,0,0,0,0,0,0,0,0,0,0,0,0,0,0,0,0,0,0,0,0,0,0,0,0,0,0,0,0,0,0,0,0,0,0,0,0,0,0,0,0,0,0,0,0,0,0,0,0,0,0,0,0,0,0,0,0,0,0,0,0,0,0,0,0,0,0,0,0,0,0,0,0,0,0,0,0,0,0,0,0,2,81409556015863E-15,2,89244356980393E-15,0,0,0,0,0,0,0,0,0,0,0,0,0,0,985,65,784,176110046244,10,7630147277862,88,1281553194738,0,12,2198889937303,0,0,0,0,0,0,0,0,0,0,0,0,0086040116341328,0,0,0,0,0,0354925790974932,0,13,4214939894487,0,0,0,43843,7634025815,41314,0932523661,0,
725-750C*,0,00438831661274907,1023,150024,1091,47367463433,970,027658563019,0,253528125395346,429,725663587379,28,4560694925415,29,8169605745899,0,285651845709149,4049,42229857651,8,22899515945273,347,023281017772,13,841235257924,0,84,4082249312092,323,330619053793,352,023281017772,,-12,5764870056643,71,5439305074585,70,1830394254101,132,981555841558,4090,32555411769,0,0,2,89244356980393E-15,2,81244310697479E-15,289,565600058037,1,56095414767256,0,00829212346158081,,-20,6802883595228,8,3688234450943,0,252093461036041,0,0,1,48132469721263E-29,8,51507314824554,20,8550238533832,12,4234028053951,271814,66103674,75845,7434975798,30684,5292587883,11,8448850940156,0,0,0,0,0,0,0,0,0,0,0,0,0,0,0,0,0,0,0,0,0,0,0,0,0,0,0,0,0,0,0,0,0,0,0,0,0,0,0,0,0,0,0,0,0,0,0,0,0,0,0,0,0,0,0,0,0,0,0,0,0,0,0,0,0,0,0,0,0,0,0,0,0,0,0,0,0,0,0,0,0,0,0,0,0,0,0,0,0,0,0,0,0,0,0,0,2,81244310697479E-15,2,89244356980393E-15,0,0,0,0,0,0,0,0,0,0,0,0,0,0,1010,65,1650,82725659505,10,798756797796,88,8629174171705,0,12,6497603500253,0,0,0,0,0,0,0,0,0,0,0,0,0126531735150562,0,0,0,0,0,0389109998571902,0,13,841235257924,0,0,0,43762,6273947582,41248,5504918134,0,
750-775C*,0,00329297864482382,1048,150024,1205,00172908292,974,461482442618,0,215372965920116,434,139918580856,27,97610810746,29,4325231101591,0,316373630184684,4429,12071847207,8,27014013524999,346,045562487131,14,4570140770094,0,85,7105542426341,321,576934079012,351,045562487131,,-15,2968155178822,72,02389189254,70,5674768898409,147,274113371807,4473,85931158795,0,0,3,48031733323778E-15,3,3818158422109E-15,286,343903312353,1,56757521206399,0,00381413939434301,,-23,8509534614817,8,26588901856415,0,276157205260929,0,0,5,94693471596448E-33,9,38721850948883,27,5288727113305,12,1314808756805,992019,118661801,245331,863985415,92456,4702803541,9,86006412291645,0,0,0,0,0,0,0,0,0,0,0,0,0,0,0,0,0,0,0,0,0,0,0,0,0,0,0,0,0,0,0,0,0,0,0,0,0,0,0,0,0,0,0,0,0,0,0,0,0,0,0,0,0,0,0,0,0,0,0,0,0,0,0,0,0,0,0,0,0,0,0,0,0,0,0,0,0,0,0,0,0,0,0,0,0,0,0,0,0,0,0,0,0,0,0,0,3,3818158422109E-15,3,48031733323778E-15,0,0,0,0,0,0,0,0,0,0,0,0,0,0,1035,65,3729,20679682729,10,8588959033862,89,8045908350955,0,13,2832010698239,0,0,0,0,0,0,0,0,0,0,0,0,0167023353959796,0,0,0,0,0,0423294206168872,0,14,4570140770094,0,0,0,43688,0528387281,41188,118599884,0,
775-800C*,0,00244074622354934,1073,150024,1327,68121394554,978,454407388275,0,178072905168518,438,56314720767,27,3901795186827,28,9490649173229,0,346119417292397,4835,88493760349,8,31149083592624,344,745973839263,15,1311437228501,0,87,0858598622945,319,670332271669,351,753321531632,,-18,0083260514212,72,6098204813173,71,0509350826771,161,566670902056,4884,73226020555,0,0,3,48031733323778E-15,3,37863032260819E-15,283,122206566668,1,57407472281653,0,00155383298398917,,-27,0216185634407,8,22422947700367,0,302313623000781,0,0,7,03082695798661E-37,10,2593638707321,34,2027215692779,12,0132718112037,4087566,14462088,885775,069017794,309817,437534975,7,93434531786649,0,0,0,0,0,0,0,0,0,0,0,0,0,0,0,0,0,0,0,0,0,0,0,0,0,0,0,0,0,0,0,0,0,0,0,0,0,0,0,0,0,0,0,0,0,0,0,0,0,0,0,0,0,0,0,0,0,0,0,0,0,0,0,0,0,0,0,0,0,0,0,0,0,0,0,0,0,0,0,0,0,0,0,0,0,0,0,0,0,0,0,0,0,0,0,0,3,37863032260819E-15,3,48031733323778E-15,0,0,0,0,0,0,0,0,0,0,0,0,0,0,1060,65,9088,3030625792,10,9414241548245,90,9395465948057,0,13,9802573986674,0,0,0,0,0,0,0,0,0,0,0,0,020751497276903,0,0,0,0,0,0457478413765841,0,15,1311437228501,0,0,0,43619,2736600147,41132,1601486003,0,
800-825C*,0,00178835736718054,1098,150024,1458,73522452975,982,043489879029,0,141627943140551,442,994453564233,26,8042509299054,28,4749018703685,0,374461320848071,5035,14641541024,8,35304829010587,343,146607480017,15,8052733686909,0,88,5241512138833,317,63386254508,352,330118467084,,-20,7117597358622,73,1957490700946,71,5250981296315,175,859228432305,5086,00648021237,0,0,3,48031733323778E-15,3,37424097100061E-15,279,900509820984,1,58046690960567,0,000543598321158199,,-30,1922836653996,8,23772729953736,0,330864326149561,0,0,1,79365614365673E-41,11,1315092319754,38,1428579448018,12,0515758732679,19206237,9130525,3601591,86367845,1164949,03231479,6,06772867886569,0,0,0,0,0,0,0,0,0,0,0,0,0,0,0,0,0,0,0,0,0,0,0,0,0,0,0,0,0,0,0,0,0,0,0,0,0,0,0,0,0,0,0,0,0,0,0,0,0,0,0,0,0,0,0,0,0,0,0,0,0,0,0,0,0,0,0,0,0,0,0,0,0,0,0,0,0,0,0,0,0,0,0,0,0,0,0,0,0,0,0,0,0,0,0,0,3,37424097100061E-15,3,48031733323778E-15,0,0,0,0,0,0,0,0,0,0,0,0,0,0,1085,65,24026,8351200481,11,0444009484567,92,25441445775,0,14,6808116491899,0,0,0,0,0,0,0,0,0,0,0,0,023142059358394,0,0,0,0,0,0491662621362811,0,15,8052733686909,0,0,0,43555,5428320186,41080,0549748534,0,
825-850C*,0,00129629240088466,1123,150024,1597,04309932174,985,265786393919,0,106038079836216,447,432986104791,26,2183223411281,28,0097486762194,0,400971454667491,5471,25010923991,8,3948135315564,341,268165490964,16,4794030145316,0,90,0156332893643,315,488178897987,352,722249972623,,-23,407857700786,73,7816776588719,71,9902513237806,190,151785962554,5526,51526185849,0,0,3,48031733323778E-15,3,36865909394069E-15,276,678813075299,1,58676898083009,0,000156544244315396,,-33,3629487673586,8,30056785499512,0,362110926601233,0,0,6,44754093073519E-47,12,0036545932187,56,3900540132076,12,2298546378404,104011474,971093,16648186,4909186,4962328,19366962,4,26021420591404,0,0,0,0,0,0,0,0,0,0,0,0,0,0,0,0,0,0,0,0,0,0,0,0,0,0,0,0,0,0,0,0,0,0,0,0,0,0,0,0,0,0,0,0,0,0,0,0,0,0,0,0,0,0,0,0,0,0,0,0,0,0,0,0,0,0,0,0,0,0,0,0,0,0,0,0,0,0,0,0,0,0,0,0,0,0,0,0,0,0,0,0,0,0,0,0,3,36865909394069E-15,3,48031733323778E-15,0,0,0,0,0,0,0,0,0,0,0,0,0,0,1110,65,69299,0990328086,11,1659534695729,93,7360972791,0,15,3846192673815,0,0,0,0,0,0,0,0,0,0,0,0,034213009918795,0,0,0,0,0,0525846828959781,0,16,4794030145316,0,0,0,43496,1303241488,41031,1984238562,0,
850-875C*,0,00093171451163843,1148,150024,1738,20132374148,988,158353411985,0,0713033152555125,451,877930637577,25,6323937523508,27,5533244902466,0,42522193256644,5979,45375093142,8,43678759921418,339,130027117227,16,8900158403404,0,91,5506374514947,313,251730661943,352,976683435221,,-26,0973610757732,74,3676062476492,72,4466755097534,230,880727436233,6039,8522736681,0,0,3,48031733323778E-15,3,36189218763631E-15,273,457116329615,1,59300074486721,3,49617860154881E-05,,-36,5336138693175,8,40719157736117,0,396355036249761,0,0,1,79175042785312E-53,12,875799954462,79,9334347948859,12,5321584060078,656625621,370974,88368083,0429737,24191496,0450054,2,51180189901156,0,0,0,0,0,0,0,0,0,0,0,0,0,0,0,0,0,0,0,0,0,0,0,0,0,0,0,0,0,0,0,0,0,0,0,0,0,0,0,0,0,0,0,0,0,0,0,0,0,0,0,0,0,0,0,0,0,0,0,0,0,0,0,0,0,0,0,0,0,0,0,0,0,0,0,0,0,0,0,0,0,0,0,0,0,0,0,0,0,0,0,0,0,0,0,0,3,36189218763631E-15,3,48031733323778E-15,0,0,0,0,0,0,0,0,0,0,0,0,0,0,1135,65,219340,802654645,11,3042788127326,95,3717993053223,0,15,8148057360831,0,0,0,0,0,0,0,0,0,0,0,0,0484972650822476,0,0,0,0,0,0560031036556751,0,16,8900158403404,0,0,0,43440,3211049278,40984,999593556,0,
875-900C*,0,000661056561649203,1173,150024,1889,21823616679,991,265517848283,0,0533160266927694,456,319286167925,25,0464651635735,27,1053524101107,0,446784868360703,6462,94181412917,8,47897153721025,336,6903129106,17,8276623062131,0,92,9561991187262,310,940949010422,353,14732537515,,-28,7911563991251,74,9535348364265,72,8946475898893,241,0303980453,6528,22405467593,0,0,5,73603877887741E-15,5,52775785665222E-15,270,23541958393,1,5995948180703,5,5524509679753E-06,,-39,7042789712765,8,48930842460863,0,429390410031279,0,0,1,60737721426156E-61,13,7479453157053,103,476815576564,12,7648181313548,4891134475,5194,544375631,500612,136442119,429182,0,822491758158225,0,0,0,0,0,0,0,0,0,0,0,0,0,0,0,0,0,0,0,0,0,0,0,0,0,0,0,0,0,0,0,0,0,0,0,0,0,0,0,0,0,0,0,0,0,0,0,0,0,0,0,0,0,0,0,0,0,0,0,0,0,0,0,0,0,0,0,0,0,0,0,0,0,0,0,0,0,0,0,0,0,0,0,0,0,0,0,0,0,0,0,0,0,0,0,0,5,52775785665222E-15,5,73603877887741E-15,0,0,0,0,0,0,0,0,0,0,0,0,0,0,1160,65,862907,071584336,11,4416638343252,97,0135419895715,0,16,801100859213,0,0,0,0,0,0,0,0,0,0,0,0,0627815202457002,0,0,0,0,0,059421524415372,0,17,8276623062131,0,0,0,43382,1768520807,40937,0705259047,0,
900-925C*,0,000464747111434164,1198,150024,2047,94386283986,994,767379241983,0,0499436176879942,460,753874281003,24,4605365747962,26,6655589287636,0,465232375866064,6869,70603326059,8,5213663948963,333,950406637621,18,5017919520538,0,94,1787425164846,308,570426557098,353,255635301658,,-31,492845661625,75,5394634252038,73,3344410712364,248,283380202656,6939,09700329352,0,0,6,12509744330571E-15,5,88662020786719E-15,267,013722838246,1,60670390987971,5,49943919988318E-07,,-42,8749440732354,8,52521514724582,0,459157713502533,0,0,1,24163910207317E-71,14,6200906769486,127,020196358243,12,8665077276716,43546117920,7369,3936116719,73821,900643725,40223,0,0,0,0,0,0,0,0,0,0,0,0,0,0,0,0,0,0,0,0,0,0,0,0,0,0,0,0,0,0,0,0,0,0,0,0,0,0,0,0,0,0,0,0,0,0,0,0,0,0,0,0,0,0,0,0,0,0,0,0,0,0,0,0,0,0,0,0,0,0,0,0,0,0,0,0,0,0,0,0,0,0,0,0,0,0,0,0,0,0,0,0,0,0,0,0,0,5,88662020786719E-15,6,12509744330571E-15,0,0,0,0,0,0,0,0,0,0,0,0,0,0,1185,65,4468778,29700886,11,5735752382508,98,6226751040344,0,17,5133653492144,0,0,0,0,0,0,0,0,0,0,0,0,0770657754091527,0,0,0,0,0,062839945175069,0,18,5017919520538,0,0,0,43320,0815144221,40886,2877757004,0,
925-950C*,0,00032107242019398,1223,150024,2214,34351695154,998,269240635682,0,0465712086832191,465,188907055706,23,8746079860189,26,2336733399017,0,480136568898306,7276,47025239201,8,56397322687078,330,97830081675,19,1759215978946,0,95,3489300229046,306,153087899863,353,320899804787,,-34,1945349241249,76,1253920139811,73,7663266600983,252,241830384543,7349,96995191112,0,0,6,51415610773401E-15,6,24121878090165E-15,263,792026092561,1,61401208885183,0,,-46,0456091751943,8,56415816397312,0,488925016973787,0,0,1,01179546585337E-84,15,4922360381918,139,647843861541,12,9767659427966,469763446087,435,33804566044,3418,7043668694,72635,0,0,0,0,0,0,0,0,0,0,0,0,0,0,0,0,0,0,0,0,0,0,0,0,0,0,0,0,0,0,0,0,0,0,0,0,0,0,0,0,0,0,0,0,0,0,0,0,0,0,0,0,0,0,0,0,0,0,0,0,0,0,0,0,0,0,0,0,0,0,0,0,0,0,0,0,0,0,0,0,0,0,0,0,0,0,0,0,0,0,0,0,0,0,0,0,0,6,24121878090165E-15,6,51415610773401E-15,0,0,0,0,0,0,0,0,0,0,0,0,0,0,1210,65,28206547,1610883,11,7132248856361,,0,18,2280614790845,0,0,0,0,0,0,0,0,0,0,0,0,0847272298418829,0,0,0,0,0,066258365934766,0,19,1759215978946,0,0,0,43258,2333428024,40835,7320046514,0,
950-975C*,0,000219831029368235,1248,150024,2388,44001673081,1001,77110202938,0,0431987996784439,469,624379828862,23,2886793972416,25,809427087745,0,500863908604886,7683,23447152343,8,60679309300513,327,793891852927,19,8500512437353,0,96,4695814429775,303,700349771885,353,356869475901,,-36,8962241866248,76,7113206027584,74,190572912255,261,6145736138,7760,84290052872,0,0,6,90321477216231E-15,6,5911357340669E-15,260,570329346877,1,62152000933623,0,,-49,2162742771533,8,60610563314217,0,518692320445041,0,0,2,50092970122616E-102,16,3643813994351,186,310772059655,13,0954952867692,6230220416738,46,349205594722,601,66119864317,3892,0,0,0,0,0,0,0,0,0,0,0,0,0,0,0,0,0,0,0,0,0,0,0,0,0,0,0,0,0,0,0,0,0,0,0,0,0,0,0,0,0,0,0,0,0,0,0,0,0,0,0,0,0,0,0,0,0,0,0,0,0,0,0,0,0,0,0,0,0,0,0,0,0,0,0,0,0,0,0,0,0,0,0,0,0,0,0,0,0,0,0,0,0,0,0,0,0,6,5911357340669E-15,6,90321477216231E-15,0,0,0,0,0,0,0,0,0,0,0,0,0,0,1235,65,222222284,889482,11,8610234362857,,0,18,9450159763392,0,0,0,0,0,0,0,0,0,0,0,0,113038591716234,0,0,0,0,0,0696767866944629,0,19,8500512437353,0,0,0,43196,6327813419,40785,4038240051,0,
975-1000C*,0,000148693986852855,1273,150024,2570,31031826313,1005,27296342308,0,0398263906736687,474,060288002276,22,7027508084643,25,3925530513127,0,526882576289936,8089,99869065485,8,64982705847016,324,415996019092,20,5241808895761,0,97,5433186487116,301,222270078534,353,373170420893,,-39,5979134491248,77,2972491915357,74,6074469486873,275,907131144049,8171,71584914631,0,0,7,2922734365906E-15,6,9359380626195E-15,257,348632601192,1,62922861613781,0,,-52,3869393791122,8,65102615678522,0,548459623916295,0,0,2,79050048688521E-127,17,2365267606784,255,390772759452,13,2225990686868,103157891029876,4396842488666,42,755321876582,872,0,0,0,0,0,0,0,0,0,0,0,0,0,0,0,0,0,0,0,0,0,0,0,0,0,0,0,0,0,0,0,0,0,0,0,0,0,0,0,0,0,0,0,0,0,0,0,0,0,0,0,0,0,0,0,0,0,0,0,0,0,0,0,0,0,0,0,0,0,0,0,0,0,0,0,0,0,0,0,0,0,0,0,0,0,0,0,0,0,0,0,0,0,0,0,0,0,6,9359380626195E-15,7,2922734365906E-15,0,0,0,0,0,0,0,0,0,0,0,0,0,0,1260,65,2244326586,64463,12,0173908863333,,0,19,6640662133455,0,0,0,0,0,0,0,0,0,0,0,0,154950854268402,0,0,0,0,0,0730952074541599,0,20,5241808895761,0,0,0,43135,2801921146,40735,3037557146,0,
1000-1050C*,0,000164128380707201,1323,150024,2857,97962289353,1010,52575551363,0,034767777166506,480,714956736186,21,8238579252983,24,7804819374481,0,565910577817512,8700,14501935198,8,69307619376251,317,346488171183,21,5353753583372,0,99,0712553717624,298,029907827096,353,374662446535,,-43,6504473428746,78,1761420747016,75,2195180625519,297,345967439422,8788,0252720727,0,0,7,87586143323305E-15,7,44255670003096E-15,252,516087482665,1,64117056091764,0,,-57,1429370320507,8,723913807394,0,593110579123176,0,0,9,04794078109171E-231,18,5447448025433,359,010773809148,13,4287472564126,1,09213825335251E+16,293580131996258,43514998245037,5,0,0,0,0,0,0,0,0,0,0,0,0,0,0,0,0,0,0,0,0,0,0,0,0,0,0,0,0,0,0,0,0,0,0,0,0,0,0,0,0,0,0,0,0,0,0,0,0,0,0,0,0,0,0,0,0,0,0,0,0,0,0,0,0,0,0,0,0,0,0,0,0,0,0,0,0,0,0,0,0,0,0,0,0,0,0,0,0,0,0,0,0,0,0,0,0,0,7,44255670003096E-15,7,87586143323305E-15,0,0,0,0,0,0,0,0,0,0,0,0,0,0,1298,15,122626400963,951,12,1786985444089,,0,20,7462391393074,0,0,0,0,0,0,0,0,0,0,0,0,217819248096655,0,0,0,0,0,0782228385937054,0,21,5353753583372,0,0,0,43043,7168563915,40660,5822967456,0,
1050-1100C*,7,49540299876605E-05,1373,150024,3270,27599878896,1017,52947830103,0,0280229591569556,489,589330484886,20,6520007477437,23,9876979103026,0,617947913187613,9513,67345761482,8,73654157473132,309,502555636565,22,8836346500187,0,,292,296435989897,353,353715908154,,-49,0538258678745,79,3479992522563,76,0123020896974,325,93108249992,9609,7711693079,0,0,8,65397876208965E-15,8,09571999698234E-15,246,072693991296,1,65780918372443,0,,-63,4842672359686,8,83121762584798,0,652645186065683,0,0,0,20,2890355250299,478,40792120081,13,7320336267237,1,39531061986787E+19,2,82926944563792E+17,3,17744190403787E+16,0,0,0,0,0,0,0,0,0,0,0,0,0,0,0,0,0,0,0,0,0,0,0,0,0,0,0,0,0,0,0,0,0,0,0,0,0,0,0,0,0,0,0,0,0,0,0,0,0,0,0,0,0,0,0,0,0,0,0,0,0,0,0,0,0,0,0,0,0,0,0,0,0,0,0,0,0,0,0,0,0,0,0,0,0,0,0,0,0,0,0,0,0,0,0,0,0,8,09571999698234E-15,8,65397876208965E-15,0,0,0,0,0,0,0,0,0,0,0,0,0,0,1348,15,82700427330592,2,12,5260238357124,,0,22,1951178224804,0,0,0,0,0,0,0,0,0,0,0,0,290259962323139,0,0,0,0,0,158047584166645,0,22,8836346500187,0,0,0,42922,5023426038,40561,7554804161,0,
1100-1150C*,2,74557477738754E-05,1423,150024,3717,20820633539,1024,53320108843,0,0212781411474053,498,465366223721,19,4801435701891,23,2195666758033,0,669985248557714,10327,2018958777,8,78022428260497,301,200269047467,24,2318939417002,0,,288,033239535345,353,321322994712,,-54,4572043928743,80,5198564298109,76,7804333241966,354,516197560419,10431,5170665431,0,0,9,43209609094624E-15,8,71937915114103E-15,239,629300499927,1,67528100670297,0,,-69,8255974398865,8,94987005311192,0,712179793008191,0,0,0,22,0333262475165,797,488843710326,14,0671171805508,3,65335988701563E+22,3,08980640067114E+21,2,40470858232521E+20,0,0,0,0,0,0,0,0,0,0,0,0,0,0,0,0,0,0,0,0,0,0,0,0,0,0,0,0,0,0,0,0,0,0,0,0,0,0,0,0,0,0,0,0,0,0,0,0,0,0,0,0,0,0,0,0,0,0,0,0,0,0,0,0,0,0,0,0,0,0,0,0,0,0,0,0,0,0,0,0,0,0,0,0,0,0,0,0,0,0,0,0,0,0,0,0,0,8,71937915114103E-15,9,43209609094624E-15,0,0,0,0,0,0,0,0,0,0,0,0,0,0,1398,15,2,9386484592414E+17,12,8607094652569,,0,23,6498988310499,0,0,0,0,0,0,0,0,0,0,0,0,483852945301298,0,0,0,0,0,180762677487276,0,24,2318939417002,0,0,0,42802,2824957234,40463,8464324121,0,
1150+C*,1,21433160657895E-05,1623,150024,5002,46562238782,1042,04250805692,0,00441609612352944,520,662506858763,16,5505006263026,21,3920783624795,0,800078586982966,12361,0229915348,8,824125404018,266,280227793189,27,6025421709039,0,,280,480983368076,353,22873623446,,-67,9656507053738,83,4494993736973,78,6079216375204,425,978985211664,12485,8818096311,0,0,1,13773894130877E-14,1,01139925446608E-14,223,520816771505,1,7227457524813,0,,-85,6789229496812,9,2946496071907,0,86101631036446,0,0,0,26,3940530537329,1964,57869040182,15,0391393503041,3,65335988701563E+22,3,65335988701563E+22,3,65335988701563E+22,0,0,0,0,0,0,0,0,0,0,0,0,0,0,0,0,0,0,0,0,0,0,0,0,0,0,0,0,0,0,0,0,0,0,0,0,0,0,0,0,0,0,0,0,0,0,0,0,0,0,0,0,0,0,0,0,0,0,0,0,0,0,0,0,0,0,0,0,0,0,0,0,0,0,0,0,0,0,0,0,0,0,0,0,0,0,0,0,0,0,0,0,0,0,0,0,0,1,01139925446608E-14,1,13773894130877E-14,0,0,0,0,0,0,0,0,0,0,0,0,0,0,1523,15,3,65335988701563E+22,13,9027301430561,,0,27,3068820130633,0,0,0,0,0,0,0,0,0,0,0,1,19195044936875,0,0,0,0,0,244290505273561,0,27,6025421709039,0,0,0,42506,0793495226,40223,090031181,0,
