Name,Grane-2021
Created,26/03/2026 11:30:03
Cpt,Composition,Boiling Temperature,Molecular Weight,Standard Liquid Density,Acidity,Aniline Point,Assay - Aromatics Vol Pct,Assay - Aromatics Wt Pct,Asphaltene Content,Basic Nitrogen Content,C to H Ratio,Cloud Point,Conradson Carbon Content,Copper Content,Cetane Number,Flash Point,Freeze Point,MON (Clear),MON (Leaded),Assay - Naphthenes Vol Pct,Assay - Naphthenes Wt Pct,Nickel Content,Nitrogen Content,Assay - Olefins Vol Pct,Assay - Olefins Wt Pct,Assay - Paraffins Vol Pct,Assay - Paraffins Wt Pct,Pour Point,Refractive Index,Reid Vapour Pressure,RON (Clear),RON (Leaded),Smoke Point,Sulfur Content,Mercaptan Sulfur Content,Sodium Content,True Vapour Pressure,Vanadium Content,Iron Content,Luminometer Number,Viscosity @ 38C,Viscosity @ 50C,Viscosity @ 60C,Wax Content,Pi C6 22DMB Wt Pct,Pi C6 22DMB Vol Pct,Pi C6 23DMB Wt Pct,Pi C6 23DMB Vol Pct,Pi C6 2MP Wt Pct,Pi C6 2MP Vol Pct,Pi C6 3MP Wt Pct,Pi C6 3MP Vol Pct,Pi C7 22-mPentane Wt Pct,Pi C7 22-mPentane Vol Pct,Pi C7 24-mPentane Wt Pct,Pi C7 24-mPentane Vol Pct,Pi C7 223-mButane Wt Pct,Pi C7 223-mButane Vol Pct,Pi C7 33-mPentane Wt Pct,Pi C7 33-mPentane Vol Pct,Pi C7 23-mPentane Wt Pct,Pi C7 23-mPentane Vol Pct,Pi C7 2-mHexane Wt Pct,Pi C7 2-mHexane Vol Pct,Pi C7 3-mHexane Wt Pct,Pi C7 3-mHexane Vol Pct,Pi C7 3-ePentane Wt Pct,Pi C7 3-ePentane Vol Pct,Pi C6 Wt Pct,Pi C6 Vol Pct,Pi C7 Wt Pct,Pi C7 Vol Pct,Pi C8 Wt Pct,Pi C8 Vol Pct,Pi C9 Wt Pct,Pi C9 Vol Pct,Pi C10  Wt Pct,Pi C10  Vol Pct,Pi C11  Wt Pct,Pi C11  Vol Pct,Pn C6 Hexane Wt Pct,Pn C6 Hexane Vol Pct,Pn C7 Heptane Wt Pct,Pn C7 Heptane Vol Pct,Pn C8 Octane Wt Pct,Pn C8 Octane Vol Pct,Pn C9 Nonane Wt Pct,Pn C9 Nonane Vol Pct,Pn C10 Decane Wt Pct,Pn C10 Decane Vol Pct,Pn C11 n-C11 Wt Pct,Pn C11 n-C11 Vol Pct,On C6 Wt Pct,On C6 Vol Pct,On C7 Wt Pct,On C7 Vol Pct,On C8 Wt Pct,On C8 Vol Pct,On C9 Wt Pct,On C9 Vol Pct,On C10 Wt Pct,On C10 Vol Pct,On C11 Wt Pct,On C11 Vol Pct,A C6 Benzene Wt Pct,A C6 Benzene Vol Pct,A C7 Toluene Wt Pct,A C7 Toluene Vol Pct,A C8 m-Xylene Wt Pct,A C8 m-Xylene Vol Pct,A C8 o-Xylene Wt Pct,A C8 o-Xylene Vol Pct,A C8 p-Xylene Wt Pct,A C8 p-Xylene Vol Pct,A C8 EthBenz Wt Pct,A C8 EthBenz Vol Pct,N C6 cyc-C5 Wt Pct,N C6 cyc-C5 Vol Pct,N C6 cyc-C6 Wt Pct,N C6 cyc-C6 Vol Pct,A C8 Wt Pct,A C8 Vol Pct,A C9 Wt Pct,A C9 Vol Pct,A C10 Wt Pct,A C10 Vol Pct,A C11 Wt Pct,A C11 Vol Pct,N C6 Wt Pct,N C6 Vol Pct,N C7 Wt Pct,N C7 Vol Pct,N C8 Wt Pct,N C8 Vol Pct,N C9 Wt Pct,N C9 Vol Pct,N C10 Wt Pct,N C10 Vol Pct,N C11 Wt Pct,N C11 Vol Pct,Pi Wt Pct,Pi Vol Pct,Pn Wt Pct,Pn Vol Pct,Oi C6 Wt Pct,Oi C6 Vol Pct,Oi C7 Wt Pct,Oi C7 Vol Pct,Oi C8 Wt Pct,Oi C8 Vol Pct,Oi C9 Wt Pct,Oi C9 Vol Pct,Oi C10 Wt Pct,Oi C10 Vol Pct,Oi C11 Wt Pct,Oi C11 Vol Pct,Centroid Boiling Temperature,Viscosity @ 100C,Hydrogen,CarbonByWt,NaphthalenesByVol,PValue,RamsCarbonResidueByWt,SulfideByWt,ZincByWt,TinByWt,ChromiumByWt,LeadByWt,AluminiumByWt,MagnesiumByWt,MetalByWt,ArsenicByWt,CadmiumByWt,MercuryByWt,NaClByWt,SaltByWt,MudByWt,ChloridesByWt,MolybdenumByWt,AshByWt,GumByWt,MicroCarbonResidueByWt,nC5InsolublesByWt,NaphthenicAcidByWt,NaphthenicAcidByVol,Gross Heating Value,Net Heating Value,Oxygen Content,
Hydrogen,0,20,5548,2,016000032,69,85910034,0,,0,0,0,0,0,13,9,0,0,,,13,9,10,,0,0,0,0,0,0,0,0,13,9,,,130,,,0,0,0,,0,0,,,,,0,,,,,,,,,,,,,,,,,,,,,,,,,,,,,,,,,,,,,,,,,,,,,,,,,,,,,,,,,,,,,,,,,,,,,,,,,,,,,,,,,,,,,,,,,,,,,,,,,0,0,0,0,,,,,,,,,,,,,,,100,0,,,,,,,,,,,,,,,,,,,,,,0,,,,,,,
Nitrogen,0,77,3498,28,0135,806,3740234,0,,0,0,0,0,0,63,1,0,0,,,63,1,,,0,0,0,0,0,0,0,0,63,1,,,,,,0,0,0,,0,0,,,,,0,,,,,,,,,,,,,,,,,,,,,,,,,,,,,,,,,,,,,,,,,,,,,,,,,,,,,,,,,,,,,,,,,,,,,,,,,,,,,,,,,,,,,,,,,,,,,,,,,0,0,0,0,,,,,,,,,,,,,,,0,0,,,,,,,,,,,,,,,,,,,,,,0,,,,,,,
CO,0,81,6996,28,0109005,799,3880005,0,,0,0,0,0,0,68,2,0,0,,,68,2,,,0,0,0,0,0,0,0,0,68,2,,,120,,,0,0,0,,0,0,,,,,0,,,,,,,,,,,,,,,,,,,,,,,,,,,,,,,,,,,,,,,,,,,,,,,,,,,,,,,,,,,,,,,,,,,,,,,,,,,,,,,,,,,,,,,,,,,,,,,,,0,0,0,0,,,,,,,,,,,,,,,0,0,,,,,,,,,,,,,,,,,,,,,,0,,,,,,,
Oxygen,0,90,1996,32,1137,680054,0,,0,0,0,0,0,54,4,0,0,,,54,4,,,0,0,0,0,0,0,0,0,54,4,,,120,,,0,0,0,,0,0,,,,,0,,,,,,,,,,,,,,,,,,,,,,,,,,,,,,,,,,,,,,,,,,,,,,,,,,,,,,,,,,,,,,,,,,,,,,,,,,,,,,,,,,,,,,,,,,,,,,,,,0,0,0,0,,,,,,,,,,,,,,,0,0,,,,,,,,,,,,,,,,,,,,,,0,,,,,,,
Methane,0,0055523032977204,111,625,16,04290009,299,3940125,0,,0,0,0,0,3,90,4,0,0,,85,15,90,4,,,0,0,0,0,0,0,100,100,90,4,,,120,,,0,0,0,,0,0,,,,,0,,,,,,,,,,,,,,,,,,,,,,,,,,,,,,,,,,,,,,,,,,,,,,,,,,,,,,,,,,,,,,,,,,,,,,,,,,,,,,,,,,,,,,,,,,,,,,,,,0,0,100,100,,,,,,,,,,,,,,,25,13516209,75,,,,,,,,,,,,,,,,,,,,,,0,,,,,,,
Ethylene,0,169,399,28,05380058,383,2260132,0,,0,0,0,0,6,104,0,0,,137,15,104,75,6,,0,0,0,0,100,100,0,0,104,,,100,51,,,0,0,0,,0,0,,,,,0,,,,,,,,,,,,,,,,,,,,,,,,,,,,,,,,,,,,,,,,,,,,,,,,,,,,,,,,,,,,,,,,,,,,,,,,,,,,,,,,,,,,,,,,,,,,,,,,,0,0,0,0,,,,,,,,,,,,,,,14,34761566,85,71428571,,,,,,,,,,,,,,,,,,,,,,0,,,,,,,
Ethane,0,184,55,30,06990051,355,6830139,0,,0,0,0,0,4,90,4,0,0,,138,15,90,4,100,79,,0,0,0,0,0,0,100,100,90,4,,,111,38,,,0,0,0,,0,0,,,,,0,,,,,,,,,,,,,,,,,,,,,,,,,,,,,,,,,,,,,,,,,,,,,,,,,,,,,,,,,,,,,,,,,,,,,,,,,,,,,,,,,,,,,,,,,,,,,,,,,0,0,100,100,,,,,,,,,,,,,,,20,11147323,80,,,,,,,,,,,,,,,,,,,,,,0,,,,,,,
CO2,0,194,598,44,00970078,825,335022,0,,0,0,0,0,0,217,0,0,,,217,,,0,0,0,0,0,0,0,0,217,,,,,,0,0,0,,0,0,,,,,0,,,,,,,,,,,,,,,,,,,,,,,,,,,,,,,,,,,,,,,,,,,,,,,,,,,,,,,,,,,,,,,,,,,,,,,,,,,,,,,,,,,,,,,,,,,,,,,,,0,0,0,0,,,,,,,,,,,,,,,0,0,,,,,,,,,,,,,,,,,,,,,,0,,,,,,,
H2S,0,213,498,34,07600021,788,40802,0,,0,0,0,0,0,188,0,0,,,188,,,0,0,0,0,0,0,0,0,188,,2759,,,,94,1177,0,0,,0,0,,,,,0,,,,,,,,,,,,,,,,,,,,,,,,,,,,,,,,,,,,,,,,,,,,,,,,,,,,,,,,,,,,,,,,,,,,,,,,,,,,,,,,,,,,,,,,,,,,,,,,,0,0,0,0,,,,,,,,,,,,,,,5,911554252,0,,,,,,,,,,,,,,,,,,,,,,0,,,,,,,
Propene,0,225,399,42,08060074,520,9550171,0,,0,0,0,0,6,87,9,0,0,,165,87,9,84,9,,0,0,0,0,100,100,0,0,87,9,,1565,102,54,,,0,0,0,,0,0,,,,,0,,,,,,,,,,,,,,,,,,,,,,,,,,,,,,,,,,,,,,,,,,,,,,,,,,,,,,,,,,,,,,,,,,,,,,,,,,,,,,,,,,,,,,,,,,,,,,,,,0,0,0,0,,,,,,,,,,,,,,,14,36465558,85,71428571,,,,,,,,,,,,,,,,,,,,,,0,,,,,,,
Propane,0,0247447518809846,231,048,44,09700012,506,678009,0,,0,0,0,0,4,5,85,5,0,0,,169,15,85,5,97,1,,0,0,0,0,0,0,100,100,85,5,,1303,112,14,,,0,0,0,,0,0,,,,,0,,,,,,,,,,,,,,,,,,,,,,,,,,,,,,,,,,,,,,,,,,,,,,,,,,,,,,,,,,,,,,,,,,,,,,,,,,,,,,,,,,,,,,,,,,,,,,,,,0,0,100,100,,,,,,,,,,,,,,,18,28426304,81,81818182,,,,,,,,,,,,,,,,,,,,,,0,,,,,,,
i-Butane,0,0103443768850192,261,42,58,12400055,561,9660034,0,380,85,0,0,0,0,4,8,114,0,0,,190,15,114,97,6,,0,0,0,0,0,0,100,100,114,,489,6,101,426,,,0,0,0,,0,0,,,,,0,,,,,,,,,,,,,,,,,,,,,,,,,,,,,,,,,,,,,,,,,,,,,,,,,,,,,,,,,,,,,,,,,,,,,,,,,,,,,,,,,,,,,,,,,,,,,,,,,100,100,0,0,,,,,,,,,,,,,,,17,34802065,82,75862069,,,,,,,,,,,,,,,,,,,,,,0,,,,,,,
i-Butene,0,266,299,56,10770035,592,7930298,0,286,7055556,0,0,0,0,6,133,0,0,,193,15,133,88,1,,0,0,0,0,100,100,0,0,133,,442,7,105,2096138,,,0,0,0,,0,0,,,,,0,,,,,,,,,,,,,,,,,,,,,,,,,,,,,,,,,,,,,,,,,,,,,,,,,,,,,,,,,,,,,,,,,,,,,,,,,,,,,,,,,,,,,,,,,,,,,,,,,0,0,0,0,,,,,,,,,,,,,,,14,37319073,85,71428571,,,,,,,,,,,,,,,,,,,,,,0,,,,,,,
1-Butene,0,266,898,56,10770035,593,7890015,0,,0,0,0,0,6,87,8,0,0,,193,15,87,8,80,8,,0,0,0,0,100,100,0,0,87,8,,432,97,4,,,0,0,0,,0,0,,0,236064836133691,0,219972008704656,0,208210021632581,0,,,,,,,,,,,,,,,,,,,,,,,,,,,,,,,,,,,,,,,,,,,,,,,,,,,,,,,,,,,,,,,,,,,,,,,,,,,,,,,,,,,,,,,,,,,,,,,,,0,0,0,0,,,,,,,,,,,,,,,14,37319073,85,71428571,,,,,,,,,,,,,,,,,,,,,,0,,,,,,,
13-Butadiene,0,268,7,54,1,619,7440186,0,,0,0,0,0,8,164,0,0,,197,15,164,73,94513286,,0,0,0,0,100,100,0,0,164,,409,6,102,9723045,,,0,0,0,,0,0,,,,,0,,,,,,,,,,,,,,,,,,,,,,,,,,,,,,,,,,,,,,,,,,,,,,,,,,,,,,,,,,,,,,,,,,,,,,,,,,,,,,,,,,,,,,,,,,,,,,,,,0,0,0,0,,,,,,,,,,,,,,,11,17841035,88,88888889,,,,,,,,,,,,,,,,,,,,,,0,,,,,,,
n-Butane,0,0344812562833974,272,648,58,12400055,583,2230225,0,356,35,0,0,0,0,4,8,135,0,0,,213,15,135,89,6,,0,0,0,0,0,0,100,100,135,,358,5,93,8,,,0,0,0,,0,0,,0,241514675581771,0,217701202498228,,0,,,,,,,,,,,,,,,,,,,,,,,,,,,,,,,,,,,,,,,,,,,,,,,,,,,,,,,,,,,,,,,,,,,,,,,,,,,,,,,,,,,,,,,,,,,,,,,,,0,0,100,100,,,,,,,,,,,,,,,17,34802065,82,75862069,,,,,,,,,,,,,,,,,,,,,,0,,,,,,,
tr2-Butene,0,274,027,56,1,608,684021,0,,0,0,0,0,6,168,0,0,,201,168,83,84306902,,0,0,0,0,100,100,0,0,168,,343,9,105,0089318,,,0,0,0,,0,0,,,,,0,,,,,,,,,,,,,,,,,,,,,,,,,,,,,,,,,,,,,,,,,,,,,,,,,,,,,,,,,,,,,,,,,,,,,,,,,,,,,,,,,,,,,,,,,,,,,,,,,0,0,0,0,,,,,,,,,,,,,,,14,37319073,85,71428571,,,,,,,,,,,,,,,,,,,,,,0,,,,,,,
i-Pentane,0,0188271049526507,301,028,72,15100098,623,4420166,0,343,95,0,0,0,0,5,113,0,0,,217,113,90,3,,0,0,0,0,0,0,100,100,113,,133,8,92,3,,,0,0,0,,0,0,,,,,0,,,,,,,,,,,,,,,,,,,,,,,,,,,,,,,,,,,,,,,,,,,,,,,,,,,,,,,,,,,,,,,,,,,,,,,,,,,,,,,,,,,,,,,,,,,,,,,,,100,100,0,0,,,,,,,,,,,,,,,16,75213296,83,33333333,,,,,,,,,,,,,,,,,,,,,,0,,,,,,,
1-Pentene,0,303,096,70,13500214,638,7230225,0,292,25,0,0,0,0,6,108,0,0,,245,108,77,1,,0,0,0,0,100,100,0,0,108,,131,8,90,9,,,0,0,0,,0,0,,,,,0,,,,,,,,,,,,,,,,,,,,,,,,,,,,,,,,,,,,,,,,,,,,,,,,,,,,,,,,,,,,,,,,,,,,,,,,,,,,,,,,,,,,,,,,,,,,,,,,,0,0,0,0,,,,,,,,,,,,,,,14,37831669,85,71428571,,,,,,,,,,,,,,,,,,,,,,0,,,,,,,
2M-1-butene,0,304,303,70,1,654,3800049,0,,0,0,0,0,6,136,0,0,,221,136,81,9,,0,0,0,0,100,100,0,0,136,,127,2,102,54,,,0,0,0,,0,0,,,,,0,,,,,,,,,,,,,,,,,,,,,,,,,,,,,,,,,,,,,,,,,,,,,,,,,,,,,,,,,,,,,,,,,,,,,,,,,,,,,,,,,,,,,,,,,,,,,,,,,0,0,0,0,,,,,,,,,,,,,,,14,37831669,85,71428571,,,,,,,,,,,,,,,,,,,,,,0,,,,,,,
n-Pentane,0,309,209,72,15100098,629,7290039,0,343,95,0,0,0,0,5,143,0,0,,233,143,61,9,,0,0,0,0,0,0,100,100,143,,101,35,61,7,,,0,0,0,,0,0,,0,317713556013358,0,28795065870348,0,265338970196147,0,,,,,,,,,,,,,,,,,,,,,,,,,,,,,,,,,,,,,,,,,,,,,,,,,,,,,,,,,,,,,,,,,,,,,,,,,,,,,,,,,,,,,,,,,,,,,,,,,0,0,100,100,,,,,,,,,,,,,,,16,75213296,83,33333333,,,,,,,,,,,,,,,,,,,,,,0,,,,,,,
cis2-Butene,0,276,867,56,1,625,9530029,0,,0,0,0,0,6,134,0,0,,203,134,83,5,,0,0,0,0,100,100,0,0,134,,314,4,100,,,0,0,0,,0,0,,,,,0,,,,,,,,,,,,,,,,,,,,,,,,,,,,,,,,,,,,,,,,,,,,,,,,,,,,,,,,,,,,,,,,,,,,,,,,,,,,,,,,,,,,,,,,,,,,,,,,,0,0,0,0,,,,,,,,,,,,,,,14,37319073,85,71428571,,,,,,,,,,,,,,,,,,,,,,0,,,,,,,
3M-1-butene,0,293,204,70,1,631,2700195,0,,0,0,0,0,6,105,0,0,,217,105,85,26729455,,0,0,0,0,100,100,0,0,105,,190,101,6748769,,,0,0,0,,0,0,,,,,0,,,,,,,,,,,,,,,,,,,,,,,,,,,,,,,,,,,,,,,,,,,,,,,,,,,,,,,,,,,,,,,,,,,,,,,,,,,,,,,,,,,,,,,,,,,,,,,,,0,0,0,0,,,,,,,,,,,,,,,14,37831669,85,71428571,,,,,,,,,,,,,,,,,,,,,,0,,,,,,,
2M-2-butene,0,311,704,70,1,666,1090088,0,406,15,0,0,0,0,6,139,0,0,,228,139,84,7,,0,0,0,0,100,100,0,0,139,,98,11,97,3,,,0,0,0,,0,0,,,,,0,,,,,,,,,,,,,,,,,,,,,,,,,,,,,,,,,,,,,,,,,,,,,,,,,,,,,,,,,,,,,,,,,,,,,,,,,,,,,,,,,,,,,,,,,,,,,,,,,0,0,0,0,,,,,,,,,,,,,,,14,37831669,85,71428571,,,,,,,,,,,,,,,,,,,,,,0,,,,,,,
2M-13-C4==,0,307,204,68,1,684,8460083,0,,0,0,0,0,7,5,127,0,0,,219,127,81,,0,0,0,0,100,100,0,0,127,,118,6,99,1,,,0,0,0,,0,0,,,,,0,,,,,,,,,,,,,,,,,,,,,,,,,,,,,,,,,,,,,,,,,,,,,,,,,,,,,,,,,,,,,,,,,,,,,,,,,,,,,,,,,,,,,,,,,,,,,,,,,0,0,0,0,,,,,,,,,,,,,,,11,8404699,88,23529412,,,,,,,,,,,,,,,,,,,,,,0,,,,,,,
tr2-Pentene,0,309,493,70,1,652,2630005,0,404,4833333,0,0,0,0,6,133,0,0,,225,133,85,14880659,,0,0,0,0,100,100,0,0,133,,106,7,100,3776273,,,0,0,0,,0,0,,,,,0,,,,,,,,,,,,,,,,,,,,,,,,,,,,,,,,,,,,,,,,,,,,,,,,,,,,,,,,,,,,,,,,,,,,,,,,,,,,,,,,,,,,,,,,,,,,,,,,,0,0,0,0,,,,,,,,,,,,,,,14,37831669,85,71428571,,,,,,,,,,,,,,,,,,,,,,0,,,,,,,
cis2-Pentene,0,310,083,70,1,659,5750122,0,403,9277778,0,0,0,0,6,122,0,0,,226,122,85,14880659,,0,0,0,0,100,100,0,0,122,,104,4,100,3776273,,,0,0,0,,0,0,,,,,0,,,,,,,,,,,,,,,,,,,,,,,,,,,,,,,,,,,,,,,,,,,,,,,,,,,,,,,,,,,,,,,,,,,,,,,,,,,,,,,,,,,,,,,,,,,,,,,,,0,0,0,0,,,,,,,,,,,,,,,14,37831669,85,71428571,,,,,,,,,,,,,,,,,,,,,,0,,,,,,,
Cyclopentane,0,322,398,70,13500214,748,8740234,0,289,95,0,0,0,0,6,179,0,0,,233,179,84,9,,100,100,0,0,0,0,0,0,179,,41,7,101,426,,,0,0,0,,0,0,,0,483269667509962,0,429891392256475,,0,,,,,,,,,,,,,,,,,,,,,,,,,,,,,,,,,,,,,,,,,,,,,,,,,,,,,,,,,,,,,,,,,,,,,,,,,,,,,,,,,,,,,,,,,,,,,,,,,0,0,0,0,,,,,,,,,,,,,,,14,37831669,85,71428571,,,,,,,,,,,,,,,,,,,,,,0,,,,,,,
Cyclopentene,0,317,38,68,1,776,5159912,0,458,3722222,0,0,0,0,7,5,138,0,0,,244,138,69,7,,100,100,0,0,0,0,0,0,138,,81,04,93,3,,,0,0,0,,0,0,,,,,0,,,,,,,,,,,,,,,,,,,,,,,,,,,,,,,,,,,,,,,,,,,,,,,,,,,,,,,,,,,,,,,,,,,,,,,,,,,,,,,,,,,,,,,,,,,,,,,,,0,0,0,0,,,,,,,,,,,,,,,11,8404699,88,23529412,,,,,,,,,,,,,,,,,,,,,,0,,,,,,,
22-Mpropane,0,282,648,72,2,595,5930176,0,291,7055556,0,0,0,0,5,257,0,0,,225,257,80,2,,0,0,0,0,0,0,100,100,257,,251,8,85,5,,,0,0,0,,0,0,,,,,0,,,,,,,,,,,,,,,,,,,,,,,,,,,,,,,,,,,,,,,,,,,,,,,,,,,,,,,,,,,,,,,,,,,,,,,,,,,,,,,,,,,,,,,,,,,,,,,,,100,100,0,0,,,,,,,,,,,,,,,16,75213296,83,33333333,,,,,,,,,,,,,,,,,,,,,,0,,,,,,,
33M-1-butene,0,314,397,84,16,657,1190186,0,,0,0,0,0,6,,0,0,,241,15,157,95,93,3,,0,0,0,0,100,100,0,0,,,91,82,111,77,,,0,0,0,,0,0,,,,,0,,,,,,,,,,,,,,,,,,,,,,,,,,,,,,,,,,,,,,,,,,,,,,,,,,,,,,,,,,,,,,,,,,,,,,,,,,,,,,,,,,,,,,,,,,,,,,,,,0,0,0,0,,,,,,,,,,,,,,,14,3716,85,71428571,,,,,,,,,,,,,,,,,,,,,,0,,,,,,,
H2O,0,373,148,18,01510048,997,9860229,0,,0,0,0,0,0,,0,0,,,,,,0,0,0,0,0,0,0,0,,,,,,,0,0,0,,0,0,,0,698140124178851,0,560124358458913,0,474686748589316,0,,,,,,,,,,,,,,,,,,,,,,,,,,,,,,,,,,,,,,,,,,,,,,,,,,,,,,,,,,,,,,,,,,,,,,,,,,,,,,,,,,,,,,,,,,,,,,,,,0,0,0,0,,,,,,,,,,,,,,0,279783740086422,11,18972388,0,,,,,,,,,,,,,,,,,,,,,,0,,,,,,,
36-40C*,0,0111974511446077,313,149994,72,6603032932146,628,537449265584,0,284,05506453027,0,0,1,1922736370477E-09,0,650277570170206,5,31213820593011,124,931153278467,0,0,40,5149376582295,237,452880911821,149,8449390929,81,1824804292129,89,9395716292129,0,0,0,0522708851085767,0,694771572879548,0,0,100,100,121,931153278467,1,35572591920967,108,288846457567,81,0546951104851,89,8117863104851,33,4387018389637,0,7,89898779213116E-06,3,48598025798794E-12,94,1972145768408,0,188856641067953,6,83144532727303E-09,76,9583273144205,0,380649410129002,0,355612348117432,0,337524975186402,0,0403337999884698,0,0,0,0,0,0,0,0,0,0,0,0,0,0,0,0,0,0,0,0,0,0,0,0,0,0,0,0,0,0,0,0,0,0,0,0,0,0,0,0,0,0,0,0,0,0,0,0,0,0,0,0,0,0,0,0,0,0,0,0,0,0,0,0,0,0,0,0,0,0,0,0,0,0,0,0,0,0,0,0,0,0,0,0,0,0,0,0,0,0,0,0,0,0,0,0,0,0,100,100,0,0,0,0,0,0,0,0,0,0,0,0,311,149997,0,284438281506751,16,8388289299411,89,3349282350701,0,0,0,0,0,0,0,0,0,0,0,0,0,0,1,00150985512006E-11,3,00276323404605E-12,0,0,1,76633131414474E-14,9,23184365858156E-12,0,0,6,75523598064405E-09,0,0,48557,6095826999,44947,3946193967,0,
40-50C*,0,0143190731117179,323,149994,75,5093203927791,642,36115228815,0,286,64630077064,0,0,5,36523136671463E-09,0,701723408157406,5,20754510292374,129,461803398666,0,0,39,9483656818473,241,95145889631,151,843629811314,77,3019804173498,86,0590716173498,0,0,0,0592504710563835,0,708811523391319,0,0,100,100,126,461803398666,1,36196083478389,83,5832545891577,77,2227945302992,85,9798857302992,32,8404479126594,0,9,04084695809515E-06,1,56869111609457E-11,66,689087343625,0,214074143228284,3,07415039727287E-08,75,5705595705096,0,3934143795803,0,366486401205224,0,34705643101553,0,0454228893764365,0,0,0,0,0,0,0,0,0,0,0,0,0,0,0,0,0,0,0,0,0,0,0,0,0,0,0,0,0,0,0,0,0,0,0,0,0,0,0,0,0,0,0,0,0,0,0,0,0,0,0,0,0,0,0,0,0,0,0,0,0,0,0,0,0,0,0,0,0,0,0,0,0,0,0,0,0,0,0,0,0,0,0,0,0,0,0,0,0,0,0,0,0,0,0,0,0,0,100,100,0,0,0,0,0,0,0,0,0,0,0,0,318,15,0,290145804895696,16,6145295313079,85,3972166389374,0,0,0,0,0,0,0,0,0,0,0,0,0,0,4,50679434804029E-11,1,35124345532072E-11,0,0,7,94849091365131E-14,4,1543296463617E-11,0,0,3,03985619128982E-08,0,0,48341,3724462634,44797,2717500698,0,
50-60C*,0,0157025347342507,333,149994,79,6382279991085,663,264250965733,0,290,348066828311,0,428565971009116,0,552079519408851,1,13265995519531E-08,0,720426743869665,5,14060501229186,130,215086472278,0,0,37,5451096703013,246,919469649669,154,698902266192,71,7782032739729,80,5352944739729,8,04140424975074,11,7579298733487,0,0692213081246791,0,72770378168653,0,0,91,5300297792401,87,6899906072424,127,215086472278,1,3716628868343,62,7941243949277,71,9046743613283,80,6617655613283,32,2421939863552,0,000212493127256077,2,73409987773386E-05,3,31168124508854E-11,46,9073840140768,0,250099146314469,6,48987306090938E-08,74,1753473451837,0,4134035875653,0,383484470301569,0,361936414296556,0,0527052713045759,45,3192140882433,45,4765494979388,18,2895746099954,18,0053327252754,31,2081401053493,31,1284450800908,2,70350745996676E-09,2,651462587705E-09,0,0,0,0,0,0,0,0,0,0,0,0,0,0,0,0,94,8169288062914,94,6103273059566,0,0,0,0,0,0,0,0,0,0,0,0,0,0,0,0,0,0,0,0,0,0,0,0,0,0,0,0,0,0,0,0,0,0,0,0,0,0,0,0,0,0,0,0,0,0,0,0,0,0,0,0,0,0,0,0,0,0,0,0,0,0,0,0,0,0,0,0,0,0,83,1449559643127,86,5968607573786,4,54503464292969,4,93316902186155,0,0,0,0,0,0,0,0,0,0,0,0,328,15,0,299021037015818,16,254773853867,82,1446996118573,0,0,0,0,0,0,0,0,0,0,0,0,0,0,9,51434362364061E-11,2,85262507234375E-11,0,0,1,6780147484375E-13,8,77025147565248E-11,0,0,6,41747418161185E-08,0,0,48031,5155789896,44582,153279846,0,
60-70C*,0,0200599911347254,343,149994,83,8235188986212,684,80573593035,0,294,049832885982,1,05521032016506,1,29700106820885,1,72879677371916E-08,0,737773414022139,5,15908665818331,130,812247802564,0,0,34,2216197944348,252,357995291657,157,554174721069,66,2777135448803,75,0348047448803,19,7007899892948,25,5738282702072,0,0791921451929746,0,745225670729434,0,0,79,2439996905402,73,129170661584,127,812247802564,1,38205742983116,45,9151352503423,66,7701112711916,75,5272024711916,31,643940060051,0,000583685475160216,5,05836564814513E-05,5,05467137408251E-11,32,7730229688828,0,286124149400655,9,9055957245459E-08,72,7726906384427,0,435700805398309,0,40240261405308,0,378469843710435,0,06000206997512,0,0,0,000125353495635355,0,0001248755279256,19,0823003445421,19,2603248956242,23,1239137194338,22,9489390650659,0,0,0,0,0,0,0,0,0,0,0,0,0,0,0,0,42,2063394174715,42,209388836218,0,0,0,0,0,0,0,0,0,0,57,7916540732009,57,7888432623026,0,0,0,0,0,0,0,0,0,0,0,0,0,0,0,0,0,0,0,0,0,0,0,0,0,0,0,0,0,0,0,0,0,0,0,00200650932760343,0,00176790147939491,0,0,0,0,0,0,0,0,0,0,0,00200650932760343,0,00176790147939491,0,0,0,0,0,0,0,0,0,0,30,86576530707,33,4489993041051,42,2634053545139,45,7950003864351,0,0,0,0,0,0,0,0,0,0,0,0,338,15,0,308833178999517,15,853206953291,80,2837283466215,0,0,0,0,0,0,0,0,0,0,0,0,0,0,1,45218928992409E-10,4,35400668936677E-11,0,0,2,56118040550987E-13,1,33861733049433E-10,0,0,9,79509217193387E-08,0,0,47731,9872026732,44374,2053758066,0,
70-80C*,0,0255576363943303,353,149994,88,0474077068911,706,185184752578,0,297,751598943653,1,69625248126036,2,04192261700884,2,32493359224301E-08,0,753629314645996,5,25849636238996,131,490859528239,0,0,30,7468330101139,261,223747297896,160,409447175946,60,8005112300723,69,5576024300723,31,515531453328,37,0359714498439,0,0891629822612702,0,761241731965652,0,0,66,7882160654116,60,9221059331473,128,438632492847,1,39280824544868,32,675526733999,61,8191052598891,70,5761964598891,31,0456861337467,0,000846965339691716,7,28155085741097E-05,6,79766150307648E-11,22,7403242732689,0,322149152486841,1,33213183881824E-07,71,3625894502867,0,460618604585699,0,423492164821754,0,396867568475612,0,0673132853880689,0,0,0,0,0,0,0,0,4,88825247012089,5,43574374755384,1,92469441730896,2,14334034713682,0,0,0,0,0,0,0,0,0,0,0,0,0,0,6,81294688742985,7,57908409469066,0,0,0,0,0,0,0,0,1,90991920193268,2,16967069092952,0,0,0,0,0,0,0,0,0,0,0,0,0,0,0,0,0,0,0,0,0,0,6,29077980988111,5,36802535482005,0,0,0,0,0,0,0,0,0,0,80,1371975472249,80,2141484907846,4,84915655353145,4,66907136877521,0,0,0,0,0,0,0,0,84,9863541007563,84,8832198595598,0,0,0,0,0,0,0,0,0,0,47,5828778913698,51,9239141024227,13,3392280417775,14,8643019629889,0,0,0,0,0,0,0,0,0,0,0,0,348,15,0,319691906961054,15,4147810197015,79,6392046403912,0,0,0,0,0,0,0,0,0,0,0,0,0,0,1,95294421748413E-10,5,8553883063898E-11,0,0,3,44434606258223E-13,1,8002095134234E-10,0,0,1,31727101622559E-07,0,0,47452,7798655628,44180,3653755416,0,
80-90C*,0,028459441635274,363,149994,92,2654718035109,726,364122558875,0,301,453365001324,3,25822476415421,3,93055068834168,2,92107041076686E-08,0,762204367925234,5,42269734754091,135,602326472441,0,0,27,7684043023435,268,141955218325,163,264719630824,56,5049270919137,65,2620182919137,40,6056054667656,44,2931938722469,0,0991338193295657,0,769903401944681,0,0,56,1361697690802,51,7762554394114,131,743960245018,1,40338169938237,22,3712234059123,58,2192918804236,66,9763830804236,30,4474322074425,0,00104196508913907,9,39918643121317E-05,8,54065163207045E-11,15,6673092791443,0,358174155573027,1,67370410518189E-07,69,9450437807157,0,4885211845303,0,44704420357182,0,417372656294243,0,0746389175434224,0,0,0,0,0,0,0,0,0,132085518477173,0,144651031854063,4,82076025959829,5,28695813080058,0,0,0,0,8,07244688590523,8,57342455967398,21,5986425607607,23,4946475128271,0,00428485308788083,0,00460250388305771,4,73768334121647E-12,5,00930083314004E-12,0,0,34,628220077834,37,5042837390438,0,0,0,0,0,0,0,0,0,0,0,0,0,0,0,0,0,0,0,0,0,0,0,0,0,0,0,0,0,0,0,0,4,05023389034777,3,40369911436927,0,0,0,0,0,0,0,0,0,0,0,0,30,2118603022102,28,6485574688838,0,0,0,0,0,0,0,0,30,2118603022102,28,6485574688838,31,109685729608,30,4434596777032,0,0,0,0,0,0,0,0,51,7762554394114,56,1361697690802,0,0,0,0,0,0,0,0,0,0,0,0,0,0,358,15,0,331721754664231,14,9463044151157,79,8726236649441,0,0,0,0,0,0,0,0,0,0,0,0,0,0,2,45369914504416E-10,7,35676992341282E-11,0,0,4,3275117196546E-13,2,26180169635248E-10,0,0,1,65503281525779E-07,0,0,47204,328362569,44007,8776468717,0,
90-100C*,0,0307458895927158,373,149994,96,5317630948759,743,534484818913,0,305,155131058995,10,2879754587396,12,2136242985183,3,5172072292907E-08,0,770779421204472,5,61112578392137,139,713793416643,0,0,26,0972463754607,275,043226968107,166,119992085701,58,6954294880383,67,4525206880383,37,7418900346216,40,2022593802798,0,109104656397861,0,77856507192371,0,0,51,9701345066389,47,5841163212019,135,049287997189,1,41274355056731,14,1824302078125,61,2255645594732,69,9826557594732,29,8491782811383,0,00112647274071874,0,000113925379968773,1,02836417610644E-10,10,7156648150324,0,394199158659213,2,01527637154555E-07,68,5200536297296,0,519834834746384,0,473397250636044,0,440266397557863,0,0819789664411806,0,0,0,0,0,0,0,0,0,0,0,0,0,0,0,0,2,46139756440358,2,42752916302853,15,7405086029999,15,8999146270996,24,1910710845614,24,1294198414161,1,54933319137958,1,52121102379444,0,0,43,9423104433445,43,9780746553386,0,0,0,0,0,0,0,0,0,0,54,5411813698854,54,6703069842287,0,0,0,0,0,0,0,0,0,0,0,0,0,0,0,0,0,0,0,0,0,0,0,0,0,0,0,0,0,0,0,0,0,0,0,0,0,0,0,0,0,0,0,0,0,0,1,51650818677012,1,35161836043263,0,0,0,0,0,0,0,0,21,2315381294957,23,1686158170509,26,3525781917062,28,801518689588,0,0,0,0,0,0,0,0,0,0,0,0,368,15,0,345064521480802,14,4605104076971,80,3231386378969,0,0,0,0,0,0,0,0,0,0,0,0,0,0,2,95445407260419E-10,8,85815154043584E-11,0,0,5,21067737672697E-13,2,72339387928156E-10,0,0,1,99279461428999E-07,0,0,47003,5391988258,43868,4795495438,0,
100-110C*,0,0276189357851456,383,149994,100,939763322683,758,76637746534,0,314,440184802137,18,419022323285,20,4966979086949,4,11334404781455E-08,0,779354474483711,5,81592098465814,143,825260360845,0,0,25,1109834590377,281,929104575811,168,975264540578,60,8859318841628,69,6430230841628,37,1878437106047,41,0798590401374,0,119075493466157,0,787226741902738,0,0,44,3931339661104,38,4234430511677,138,35461574936,1,42129879039878,10,496840689026,64,2318372385229,72,9889284385229,29,250924354834,0,0012109803922984,0,000132964572517733,1,20266318900584E-10,7,27405367643317,0,430224161745398,2,3568486379092E-07,67,0876189973284,0,555060940067183,0,502946743723738,0,465875654639078,0,0893334320813436,0,0,0,0,0,0,0,0,0,0,0,0,0,0,0,0,0,0,0,0,0,0,0,0,0,0,0,0,0,0,0,0,0,0,0,0,0,0,0,0833481957614579,0,0945800761216176,0,0,0,0,0,0,0,0,0,0,0,0,0,0,0,0,0,0,0,0,0,0,8,26467987253157,7,4033459810375,0,0,0,0,0,0,0,0,0,0,0,0,0,0,0,0,0,0,0,0,0,0,91,651971931707,92,5020739428409,0,0,0,0,0,0,0,0,38,3400948554063,44,2985538899888,0,0833481957614579,0,0945800761216176,0,0,0,0,0,0,0,0,0,0,0,0,378,15,0,359882149284648,13,9478759883257,80,8520390246331,0,0,0,0,0,0,0,0,0,0,0,0,0,0,3,45520900016422E-10,1,03595331574589E-10,0,0,6,09384303379934E-13,3,18498606221064E-10,0,0,2,3305564133222E-07,0,0,46883,0245960336,43780,3495499997,0,
110-120C*,0,0272153155276608,393,149994,105,539772380736,771,899261079205,0,315,384244370995,25,524137596428,28,7797715188714,4,7094808663384E-08,0,787929527762949,6,01813727489295,147,936727305047,0,0,24,8282743278299,288,800875057926,171,830536995456,63,0764342802874,71,8335254802873,34,1791497298057,35,5888292895104,0,129046330534452,0,795888411881767,0,0,40,2967126737662,35,6313991916181,141,659943501531,1,42885755471811,10,092932788468,67,2381099175725,75,9952011175725,28,6526704285298,0,00137508176049353,0,000151228675020026,1,37696220190524E-10,4,89968911879822,0,466249164831584,2,69842090427285E-07,65,6477398835123,0,594792250138739,0,536156788514408,0,49458190886107,0,0967023144639112,0,0,0,0,0,0,0,0,0,0,0,0,0,0,0,0,0,0,0,0,0,0,0,0,0,0,0,0,36,9804375459379,40,8050802695564,0,0,0,0,0,0,0,0,0,0,0,0,0,0,0,0,0,0,0,0,0,0,0,0,0,0,0,0,0,0,0,0,35,2070578760413,31,5604918755943,0,0,0,0,0,0,0,0,0,0,0,0,0,0,0,0,0,0,0,0,0,0,0,0,27,8125045780208,27,6344278548492,0,0,0,0,0,0,35,6313991916181,40,2967126737662,0,0,0,0,0,0,0,0,0,0,0,0,0,0,388,15,0,376360175796341,13,4084011570014,81,1842062126694,0,0,0,0,0,0,0,0,0,0,0,0,0,0,3,95596392772425E-10,1,18609147744819E-10,0,0,6,9770086908717E-13,3,64657824513972E-10,0,0,2,6683182123544E-07,0,0,46728,199681912,43669,6058015415,0,
120-130C*,0,026587465166577,403,149994,110,151378150605,782,509920873871,6,66060909837761E-05,316,146448212521,31,1691837462642,36,6436495113895,5,30561768486225E-08,0,796504581042187,6,19253259565732,152,04819424925,0,0,25,3834778061657,295,659628714321,174,685809450333,64,9753362399887,73,7324274399887,30,8913858277394,28,0988364008639,0,139017167602748,0,804550081860795,0,0,37,9394304259965,35,2575140877465,144,965271253701,1,43508730640514,9,6968758889064,69,9190384125642,78,6761296125642,28,0544165022255,0,00142030736454324,0,000168852420998456,1,55126121480463E-10,3,27410946973025,0,50227416791777,3,0399931706365E-07,64,2004162882811,0,639733368597742,0,573574818036788,0,526832463563258,0,104085613588884,0,0,0,0,0,0,0,0,0,0,0,0,0,0,0,0,0,0,0,0,0,0,0,0,0,0,0,0,0,000102416983846785,0,000104932111562125,0,0,0,0,0,0,0,0,0,0,79,0740738643926,80,7787002964847,0,0,0,0,0,0,0,0,0,0,0,0,0,0,0,0,0,0,0,0,0,0,0,0,0,0,0,0,0,0,0,0,0,0,0,0,0,0,0,0,0,0,0,0,0,0,20,9258237186236,19,2211947714038,0,0,0,0,0,0,0,0,35,2575140877465,37,9394304259965,0,0,0,0,0,0,0,0,0,0,0,0,398,15,0,394711900204756,12,8729327210625,82,6945464459161,0,0,0,0,0,0,0,0,0,0,0,0,0,0,4,45671885528429E-10,1,33622963915049E-10,0,0,7,86017434794407E-13,4,1081704280688E-10,0,0,3,0060800113866E-07,0,0,46588,922142601,43565,9791251046,0,
130-140C*,0,0253882555951132,413,149994,115,879169407088,785,606295970411,0,0018218468383044,316,801012622759,29,0052041111926,33,8798471024998,2,25651135497527E-06,0,821213469415493,6,20282294331503,156,159661193452,0,0,28,8126300503706,302,506300924676,176,284409776696,57,7198719993241,66,4769631993241,30,5338101246585,28,4715109398602,0,148988004671043,0,829508554965144,0,0,40,4609857641489,37,64864195764,148,270599005872,1,43704793749847,9,30875138854942,62,5849371372616,71,3420283372616,27,4561625759213,0,00256713053601472,0,000186328379391357,6,59760795755541E-09,2,16992315290012,0,538299171003956,1,29292751872427E-05,62,7456482116348,0,690726737287312,0,615850000856461,0,563154403380591,0,111483329456261,0,0,0,0,0,0,0,0,0,0,0,0,0,0,0,0,0,0,0,0,0,0,0,0,0,0,0,0,0,0,6,18860931086697E-16,7,09476225233116E-16,0,0,0,0,0,0,0,0,0,0,0,0,0,0,0,0,0,0,0,0,0,0,0,0,0,0,0,0,0,0,0,0,19,4327113027873,18,6093221590103,8,83728947044948E-18,8,30699993665091E-18,20,1979797467492,19,4015418764042,20,2084756230407,19,2821283648207,0,0,0,0,59,8391666725772,57,2929924002352,0,0,0,0,0,0,0,0,0,0,40,1608333274228,42,7070075997648,0,0,0,0,0,0,37,64864195764,40,4609857641489,0,0,0,0,0,0,0,0,0,0,0,0,0,0,408,15,0,415183433621338,13,1065987481298,83,4536183885771,0,0,0,0,0,0,0,0,0,0,0,0,0,0,1,89546953817923E-08,5,68306563475253E-09,0,0,3,34297978514855E-11,1,74722977977851E-08,0,0,1,27850404657157E-05,0,0,46546,1314735174,43533,5976637508,0,
140-150C*,0,0241609065795958,423,149994,121,846567855785,788,702671066951,0,00357708758562502,317,422153897752,26,8183506098037,31,1160446936101,5,15391194676764E-06,0,827706815089691,6,21564835684588,160,271128137654,0,0,32,0097403254363,309,341702896494,179,534903919575,51,4042057331187,60,1612969331187,30,1853860378184,28,8441854788565,0,158958841739339,0,836067489989587,0,0,42,9962633523779,40,0397698275335,151,575926758043,1,43897525084903,8,92863743761492,56,1933938332747,64,9504850332747,26,8579086496171,0,00371395370748621,0,000203297972772902,1,50690535625099E-08,1,42597351899186,0,574324174090142,2,95306937869616E-05,61,2834356535735,0,748785831920377,0,663756515700474,0,604172101031266,0,118895462066043,0,0,0,0,0,0,0,0,0,0,0,0,0,0,0,0,0,0,0,0,0,0,0,0,0,0,0,0,0,0,67,4698144872125,71,3797601314684,0,0,0,0,0,0,0,0,0,0,1,9529772999057,2,07727344851851,0,0,0,0,0,0,0,0,0,0,0,0,0,0,0,0,0,0,0,0,1,12983848035735,0,998468355763624,29,4320230927968,25,5308944289293,0,0152864015655438,0,0135504701873345,4,34880843602523E-13,3,82923906012774E-13,0,0,0,0,30,5771479747201,26,5429132548806,6,02381617268056E-05,5,31651324246539E-05,0,0,0,0,0,0,0,0,0,0,0,0,0,0,0,0,38,0867925276278,40,9189899038594,1,9529772999057,2,07727344851851,0,0,0,0,0,0,0,0,0,0,0,0,418,15,0,438059854864662,13,3402647751972,84,2491141438694,0,0,0,0,0,0,0,0,0,0,0,0,0,0,4,32928603528482E-08,1,29802226807481E-08,0,0,7,63542510632243E-11,3,9907037985401E-08,0,0,2,92012591254529E-05,0,0,46502,4345576714,43500,3123569868,0,
150-160C*,0,0231469762935234,433,149994,128,066561227645,794,304851643506,0,00533232833294564,318,084088333543,24,6064714764794,28,3522422847203,8,05131253856001E-06,0,832843495204104,6,29142452898086,164,382595081856,0,0,33,934457441098,316,166544788216,182,527368428857,45,9476357340362,54,7047269340362,29,84537398224,29,2168600178527,0,168929678807635,0,841256055761721,0,0,45,5481545412806,42,4308976974269,154,881254510214,1,44229675713312,8,55660870586265,50,6634697886504,59,4205609886504,26,2596547233128,0,0048607768789577,0,00021976120114309,2,35404991674643E-08,0,928922263560238,0,610349177176328,4,61321123866805E-05,59,8137786140972,0,815137899080806,0,718223191433505,0,650629322898941,0,126322011418229,0,0,0,0,0,0,0,0,0,0,0,0,0,0,0,0,0,0,0,0,0,0,0,0,0,0,0,0,0,0,0,0,0,0,0,0,0,0,0,0,0,0,18,1890141872821,20,4428234847627,0,0,0,0,0,0,0,0,0,0,0,0,0,0,0,0,0,0,0,0,0,0,0,0,0,0,0,0,0,0,0,0,0,0,42,1151909700596,39,2761768152437,0,0,0,0,0,0,0,0,0,0,39,6957948426584,40,2809996999935,0,0,0,0,24,2418835101449,25,1053310565179,18,1890141872821,20,4428234847627,0,0,0,0,0,0,0,0,0,0,0,0,428,15,0,463672755054338,13,5739308022646,85,9067467015753,0,0,0,0,0,0,0,0,0,0,0,0,0,0,6,76310253239041E-08,2,02773797267437E-08,0,0,1,19278704274963E-10,6,23417781730168E-08,0,0,4,56174777851902E-05,0,0,46421,1795402668,43437,9005076746,0,
160-170C*,0,0220667122017489,443,149994,134,335976180533,796,084689563669,0,00626222124002919,318,861032226174,22,3674729432561,25,5884398758306,1,09487131303524E-05,0,836623509758733,6,32288165162577,168,494062026058,0,0,37,280416327944,322,981453432259,185,301094852524,41,3501620020765,50,1072532020765,29,5130744955242,29,589534556849,0,17890051587593,0,845074252281549,0,0,48,1194525612197,44,8220255673204,158,186582262385,1,44340614295907,8,19273614303552,45,9951650033888,54,7522562033888,25,6614007970086,0,00600760005042918,0,000235718064501921,3,20119447724188E-08,0,599691777132532,0,646374180262513,6,27335309863993E-05,58,3366770932058,0,891279425858124,0,780371539627489,0,703417341229784,0,13376297751282,0,0,0,0,0,0,0,0,0,0,0,0,0,0,0,0,0,0,0,0,0,0,0,0,0,0,0,0,0,0,0,0,0,000135533792612691,0,000146962739442551,0,0,0,0,0,0,0,0,0,0,2,2601269775216E-05,2,46065983177434E-05,0,0,0,0,0,0,0,0,0,0,0,0,0,0,0,0,0,0,0,0,0,0,0,0,0,0,0,0,0,0,0,0,0,0,0,0,0,0,0,0,0,0,0,0,99,9998418649376,99,9998284306622,0,0,0,0,44,8220029660506,48,1194279546214,2,2601269775216E-05,2,46065983177434E-05,0,0,0,0,0,0,0,0,0,0,0,0,438,15,0,492409537789521,13,807596829332,86,9699684126494,0,0,0,0,0,0,0,0,0,0,0,0,0,0,9,196919029496E-08,2,75745367727393E-08,0,0,1,62203157486702E-10,8,47765183606327E-08,0,0,6,20336964449274E-05,0,0,46394,797447662,43417,5064304474,0,
170-180C*,0,0209934783534089,453,149994,141,296673701917,798,123800363758,0,00894870825089958,319,861820976317,20,2904128226116,23,038034655068,1,38461137221448E-05,0,842543464647028,6,3544960598839,172,60552897026,0,0,40,3475269218156,329,786986146791,187,895374738562,37,717409502976,46,474500702976,29,3327924332962,30,0690477761714,0,188871352944226,0,851054004693967,0,0,50,3767947440921,46,8929175687606,161,96894471968,1,4446335735437,7,8370867323965,42,2944146424193,51,0515058424194,25,0631468707044,0,00738362635587755,0,000249281192439937,4,04833903773732E-08,0,383559308039418,0,682399183348699,7,93349495861182E-05,56,8521310908994,0,983675435054375,0,854429634062612,0,765653436846297,0,155577447715081,0,0,0,0,0,0,0,0,0,0,0,0,0,0,0,0,0,0,0,0,0,0,0,0,0,0,0,0,0,0,0,0,85,8713949941938,85,9114074655787,0,0,0,0,0,0,0,0,0,0,12,9449398667887,13,0035354611272,0,0,0,0,0,0,0,0,0,0,0,0,0,0,0,0,0,0,0,0,0,0,0,0,0,0,0,0,0,0,0,0,0,0,7,97511692553671E-10,6,78205123075601E-10,0,0,0,0,0,0,0,0,0,0,1,18366513822001,1,08505707261587,0,0,33,9479777019719,37,373259282965,12,9449398667887,13,0035354611272,0,0,0,0,0,0,0,0,0,0,0,0,448,15,0,525595754292787,14,0225819865718,87,287307968589,0,0391024850364571,0,7,762471193006E-05,0,0,0,0,0,0,0,0,0,0,0,1,16307355266016E-07,3,48716938187349E-08,0,0,2,05127610698441E-10,1,07211258548249E-07,0,0,7,84499151046647E-05,0,0,46364,2490391702,43393,819133489,0,
180-190C*,0,0202645006078586,463,149994,147,813004060421,804,265292096232,0,0128654964719116,321,768195737217,21,5956823918966,24,2435860670139,1,67435143139371E-05,0,915692744540467,6,36791661947226,178,176982338451,0,0,41,4980340120414,336,583641658298,190,349499634954,36,5435015612128,45,3005927612128,32,2966275407076,33,0381735026729,0,198842190012521,0,924942166202492,0,0,46,1076900673958,42,7182404303131,175,176982338451,1,44815889444513,7,48972323760009,41,0597299686821,49,8168211686821,24,4648929444001,0,0132088332058951,0,000221768750544886,4,89548359823277E-08,0,242975333809528,0,718424186434885,9,59363681858371E-05,55,360140607178,1,0896939940801,0,939006504770504,0,836455307243405,0,456130442441363,0,0,0,0,0,0,0,0,0,0,0,0,0,0,0,0,0,0,0,0,0,0,0,0,0,0,0,0,0,0,0,0,0,0,0,0,0,0,0,0,0,0,0,0,0,0,0,0,0,0,0,0,0,0,0,0,0,0,0,0,0,0,0,0,0,0,0,0,0,0,0,0,0,0,0,0,0,0,0,0,47,2142295318665,45,3482420509919,0,0,0,0,0,0,0,0,0,0,52,7857633574131,54,6517501062149,7,11072044039296E-06,7,84279320617044E-06,42,7182404303131,46,1076900673958,0,0,0,0,0,0,0,0,0,0,0,0,0,0,458,15,0,562837900750992,13,8350193896131,86,7707593898246,0,837243525305153,0,0,00166206284348748,0,0,0,0,0,0,0,0,0,0,0,1,40645520237072E-07,4,21688508647305E-08,0,0,2,4805206391018E-10,1,29645998735864E-07,0,0,9,48661337644019E-05,0,0,46270,2414008342,43320,4809355053,0,
190-200C*,0,019616693577454,473,149994,154,44443250735,810,947390492942,0,0167822846929236,323,840768691052,23,0920987687523,25,6549767636963,1,96409149057295E-05,0,988842024433907,6,4846667767759,191,398327194285,0,0,42,2841759838956,343,371868852483,194,398327194285,35,3695936194497,44,1266848194497,35,1238907704585,35,7858490682973,0,208813027080817,0,998830327711017,0,0,41,7840104607892,38,5591741680064,188,398327194285,1,45196979424346,7,15070394319555,39,8250452949448,48,5821364949448,23,8666390180959,0,0190340400559127,0,000196492625402126,5,74262815872821E-08,0,152398580138068,0,754449189521071,0,000112537786785556,53,8607056420415,1,21173290652476,1,03590330568224,0,917244229424708,0,756683437167645,0,0,0,0,0,0,0,0,0,0,0,0,0,0,0,0,0,0,0,0,0,0,0,0,0,0,0,0,0,0,0,0,0,0,51,9627244053624,52,2389871206496,0,0,0,0,0,0,0,0,0,0,5,77363604504027,5,81419004241504,0,0,0,0,0,0,0,0,0,0,0,0,0,0,0,0,0,0,0,0,0,0,0,0,0,0,0,0,0,0,0,0,0,0,0,0,0,0,0,0,0,0,0,0,0,0,42,2636395495973,41,9468228369354,32,7855381229662,35,9698204183742,5,77363604504027,5,81419004241504,0,0,0,0,0,0,0,0,0,0,0,0,468,15,0,604712681310978,13,6687242187873,87,6977060113853,1,44795838925246,0,0,00324650097504489,0,0,0,0,0,0,0,0,0,0,0,1,64983685208128E-07,4,94660079107261E-08,0,0,2,90976517121918E-10,1,5208073892348E-07,0,0,0,000111282352424139,0,0,46164,7534837332,43237,4889986019,0,
200-210C*,0,0193066416327528,483,149994,161,208411069766,817,974439134265,0,0192404420466977,325,986084829038,24,7622002636123,27,2496699058115,2,25383154975219E-05,1,06199130432735,6,61772479289925,204,18988812971,0,0,42,8100933940606,350,152073867354,207,18988812971,32,8333406730187,41,5904318730187,37,8231760733919,38,3363205089545,0,218783864149112,1,07271848921954,0,0,37,4146236629958,34,414009585234,201,18988812971,1,45595872879066,6,82008238912271,37,2373926234561,45,9944838234561,23,2683850917916,0,0248592469059303,0,000173207968165907,6,58977271922366E-08,0,0946120787502722,0,790474192607257,0,000129139205385275,52,35382619549,1,35270409111114,1,14730220295644,1,00973416908931,1,05723643189393,0,0,0,0,0,0,0,0,0,0,0,0,0,0,0,0,0,0,0,0,0,0,0,0,0,0,0,0,0,0,0,0,0,0,3,31641403008126E-14,3,84094703692068E-14,0,0,0,0,0,0,0,0,0,0,1,84245223893404E-15,2,13748363496506E-15,0,0,0,0,0,0,0,0,0,0,0,0,0,0,0,0,0,0,0,0,0,0,0,0,0,0,0,0,0,0,0,0,0,0,88,9408080795357,88,9200843713531,0,0,0,0,0,0,0,0,0,0,0,0,34,414009585234,37,4146236629958,0,0,0,0,0,0,0,0,0,0,0,0,0,0,478,15,0,651897546891392,13,5213679556787,88,8704729433497,2,24700361449398,0,0,00483093910660231,0,0,0,0,0,0,0,0,0,0,0,1,89321850179184E-07,5,67631649567217E-08,0,0,3,33900970333657E-10,1,74515479111096E-07,0,0,0,000127698571083876,0,0,46050,5106852037,43146,9096752476,0,
210-220C*,0,0190686726219633,493,149994,168,131944214826,825,150781600577,0,0236268662297794,328,110689142391,26,6064180086334,29,0276654933598,2,54357160893142E-05,1,13514058422079,6,76284415056781,216,108573987254,0,0,43,1743668532439,356,924625903101,219,108573987254,32,2155330755428,40,9726242755428,40,3854953606426,40,6895878246443,0,228754701217408,1,14660665072807,0,0,33,008086630724,30,2827466819958,213,108573987254,1,46001497502326,6,4979070996305,36,5571461356377,45,3142373356377,22,6701311654874,0,0306844537559479,0,000151914778836227,7,43691727971911E-08,0,0581180077396885,0,826499195693442,0,000145740623984994,50,8395022675234,1,51616335595412,1,27586292720887,1,11600457177867,1,26461962062867,0,0,0,0,0,0,0,0,0,0,0,0,0,0,0,0,0,0,0,0,0,0,0,0,0,0,0,0,0,0,0,0,0,0,0,0,0,0,0,0,0,0,0,0,0,0,0,0,0,0,0,0,0,0,0,0,0,0,0,0,0,0,0,0,0,0,0,0,0,0,0,0,0,0,0,0,0,0,0,0,0,0,0,0,0,0,0,0,0,0,0,0,0,0,0,0,30,2827466819958,33,008086630724,0,0,0,0,0,0,0,0,0,0,0,0,0,0,488,15,0,705192226991766,13,3929506002875,90,2308368312621,3,10664366551854,0,0,00706456251543751,0,0,0,0,0,0,0,0,0,0,0,2,13660015150239E-07,6,40603220027173E-08,0,0,3,76825423545396E-10,1,96950219298712E-07,0,0,0,000144114789743614,0,0,45930,6458699177,43051,2154437522,0,
220-230C*,0,0188590219895375,503,149994,175,253895499775,832,280761472256,0,0285092136992312,330,121126622328,28,6242591121606,30,9889635263411,9,05629491373905E-05,1,20471832690306,6,91478012199038,226,711293609444,0,0,43,4692098366944,363,689862026194,229,711293609444,31,8314853172275,40,5885765172275,42,8023771173064,42,8456510153669,0,238725538285703,1,21688719889198,0,0,28,573363770533,26,165385458292,223,711293609444,1,46402414080564,6,18422130712488,36,1048210401321,44,8619122401321,22,075375145284,0,0364097658298945,0,000132613057413089,2,64788755691895E-07,0,0353116644106493,0,862524198779628,0,000518904231784118,49,3266530589874,1,70647741076786,1,42484762257194,1,23859424924394,1,65615956038831,0,0,0,0,0,0,0,0,0,0,0,0,0,0,0,0,0,0,0,0,0,0,0,0,0,0,0,0,0,0,0,0,0,0,0,0,0,0,0,0,0,0,0,0,0,0,0,0,0,0,0,0,0,0,0,0,0,0,0,0,0,0,0,0,0,0,0,0,0,0,0,0,0,0,0,0,0,0,0,0,0,0,0,0,0,0,0,0,0,0,0,0,0,0,0,0,26,165385458292,28,573363770533,0,0,0,0,0,0,0,0,0,0,0,0,0,0,498,15,0,765545696061804,13,2834721526135,91,731785060688,4,02687854232617,0,0,00801502503105876,0,0,0,0,0,0,0,0,0,0,0,7,6072877275408E-07,2,28084464494169E-07,0,0,1,34167332055393E-09,7,01234147696764E-07,0,0,0,000513115507645552,0,0,45808,6508697194,42953,2368638261,0,
230-240C*,0,0189028028802711,513,150024,182,838183938587,838,39053658611,0,0339692381355025,331,407260615254,30,9503113042734,33,3453716603952,0,000193831047239319,1,6463730911301,7,04230834134454,230,324562520637,0,0,44,0877745119749,370,448091176164,233,324562520637,30,9778321477783,39,7349233477783,44,9773540131848,44,5927024254824,0,248696375353999,1,66300312235364,0,0,24,0723346825417,22,0619259141223,227,324562520637,1,46740738893308,5,87906267153529,35,1629445586497,43,9200357586497,21,4820136453521,0,0553497642914805,0,000115302803896491,5,66724938860964E-07,0,021213230353765,0,898549201865814,0,00111060595554418,47,8100191921699,1,89769130408837,1,57093863473812,1,36286629164071,2,08033634814927,0,0,0,0,0,0,0,0,0,0,0,0,0,0,0,0,0,0,0,0,0,0,0,0,0,0,0,0,0,0,0,0,0,0,0,0,0,0,0,0,0,0,0,0,0,0,0,0,0,0,0,0,0,0,0,0,0,0,0,0,0,0,0,0,0,0,0,0,0,0,0,0,0,0,0,0,0,0,0,0,0,0,0,0,0,0,0,0,0,0,0,0,0,0,0,0,22,0619259141223,24,0723346825417,0,0,0,0,0,0,0,0,0,0,0,0,0,0,508,15,0,814724099269275,13,2107338906701,92,9607004742878,5,09203551995314,0,0,00803015468622277,0,0,0,0,0,0,0,0,0,0,0,1,62818079681028E-06,4,88167081936063E-07,0,0,2,87157107021214E-09,1,50084499790122E-06,0,0,0,00109821640250239,0,0,45702,0160358275,42867,1817042842,0,
240-250C*,0,018990307367289,523,150024,190,720433273632,844,242980647817,0,0399428986972141,332,512023331415,33,4074989222186,35,836010326263,0,000297099145341248,2,09158060549384,7,16689591184699,236,002403446774,0,0,44,72502825093,377,199597533784,239,002403446774,30,1739674671598,38,9310586671598,47,0043314238497,46,19162162425,0,258667212422295,2,11270768231701,0,0,19,5881696539317,17,972368049487,233,002403446774,1,47060734986883,5,58246299587879,34,2636477607259,43,0207389607259,20,8854351174005,0,0744439464632256,9,99840182864334E-05,8,68661122030032E-07,0,0125952540633132,0,934574204952,0,00170230767930423,46,2777797078094,2,12133548781827,1,73824179004084,1,50070002391814,2,55257028577507,0,0,0,0,0,0,0,0,0,0,0,0,0,0,0,0,0,0,0,0,0,0,0,0,0,0,0,0,0,0,0,0,0,0,0,0,0,0,0,0,0,0,0,0,0,0,0,0,0,0,0,0,0,0,0,0,0,0,0,0,0,0,0,0,0,0,0,0,0,0,0,0,0,0,0,0,0,0,0,0,0,0,0,0,0,0,0,0,0,0,0,0,0,0,0,0,17,972368049487,19,5881696539317,0,0,0,0,0,0,0,0,0,0,0,0,0,0,518,15,0,86922765151973,13,1528103097991,94,1719922846165,6,19825025448887,0,0,00803015468622277,0,0,0,0,0,0,0,0,0,0,0,2,49563282086648E-06,7,48249699377958E-07,0,0,4,40146881987034E-09,2,30045584810568E-06,0,0,0,00168331729735924,0,0,45598,2164035484,42783,0931072004,0,
250-260C*,0,0203645568662038,533,150024,198,908066338388,849,853832243584,0,0464288662063205,333,482369042497,35,9598849922853,38,4033203657563,0,000400367243443177,2,3140807778276,7,28821101847776,239,070838250783,0,0,45,3789865783773,383,944643372887,242,070838250783,29,3701027865414,38,1271939865414,48,9071527444213,47,6999677698578,0,26863804949059,2,33745533113899,0,0,15,1329622632934,13,8967118643859,236,070838250783,1,47363052168965,5,29444793879816,33,3643509628021,42,1214421628021,20,2856395614292,0,0935381286349707,8,66567005829164E-05,1,1705973051991E-06,0,00738824050957575,0,970599208038186,0,00229400940306429,44,7298148472118,2,3855437467124,1,93136665553988,1,65375621602794,3,07626363123782,0,0,0,0,0,0,0,0,0,0,0,0,0,0,0,0,0,0,0,0,0,0,0,0,0,0,0,0,0,0,0,0,0,0,0,0,0,0,0,0,0,0,0,0,0,0,0,0,0,0,0,0,0,0,0,0,0,0,0,0,0,0,0,0,0,0,0,0,0,0,0,0,0,0,0,0,0,0,0,0,0,0,0,0,0,0,0,0,0,0,0,0,0,0,0,0,13,8967118643859,15,1329622632934,0,0,0,0,0,0,0,0,0,0,0,0,0,0,528,15,0,930256513750883,13,1048638767489,95,3521082789724,7,32260663863442,0,0,00803015468622277,0,0,0,0,0,0,0,0,0,0,0,3,36308484492268E-06,1,00833231681985E-06,0,0,5,93136656952854E-09,3,10006669831014E-06,0,0,0,00226841819221608,0,0,45583,9590072746,42782,403852433,0,
260-270C*,0,0205121670722758,543,150024,207,409857074759,855,223059069074,0,0534271406628219,334,354739733446,38,5789415134495,40,994052010874,0,000503635341545105,2,83163612205612,7,40546322359156,241,694994898696,0,0,46,0533965911955,377,071287725423,244,694994898696,28,566238105923,37,323329305923,50,7122697445834,49,1709906303069,0,278608886558886,2,86023850712739,0,0,10,7087887419672,9,83495735881909,238,694994898696,1,4764745321802,5,01503672495528,32,4650541648782,41,2221453648783,19,6826269774382,0,100547637864488,7,53208507859399E-05,1,47253348836817E-06,0,00427979722025108,1,00662421112437,0,00288571112682435,43,1660042058886,2,70008730876923,2,15543484273962,1,82350762930892,3,65456391923742,0,0,0,0,0,0,0,0,0,0,0,0,0,0,0,0,0,0,0,0,0,0,0,0,0,0,0,0,0,0,0,0,0,0,0,0,0,0,0,0,0,0,0,0,0,0,0,0,0,0,0,0,0,0,0,0,0,0,0,0,0,0,0,0,0,0,0,0,0,0,0,0,0,0,0,0,0,0,0,0,0,0,0,0,0,0,0,0,0,0,0,0,0,0,0,0,9,83495735881909,10,7087887419672,0,0,0,0,0,0,0,0,0,0,0,0,0,0,538,15,0,998829067575317,13,0624192390046,96,480737722977,8,44390426856919,0,0,00803015468622277,0,0,0,0,0,0,0,0,0,0,0,4,23053686897888E-06,1,26841493426175E-06,0,0,7,46126431918675E-09,3,89967754851459E-06,0,0,0,00285351908707292,0,0,45495,277470653,42711,2674927053,0,
270-280C*,0,0205110746528246,553,150024,216,232077108239,860,350628819953,0,0609377220667181,335,165577389207,41,2411524217814,43,5549554936148,0,000606903439647034,3,42307539657814,7,51789219078314,244,31240803857,0,0,46,7515288320433,381,92947140677,247,31240803857,27,7623734253045,36,5194646253045,52,4500641423663,50,6579399735986,0,288579723627181,3,4576519157355,0,0,6,3087834358523,5,78710453278654,241,31240803857,1,47913742606129,4,74424185427347,31,5657573669544,40,3228485669544,19,0763973654275,0,131374344000896,6,59764688955039E-05,1,77446967153724E-06,0,00244713928527653,1,04264921421056,0,0034774128505844,41,586226733557,3,07770799978598,2,41682898466177,2,01149835201588,4,29061868447379,0,0,0,0,0,0,0,0,0,0,0,0,0,0,0,0,0,0,0,0,0,0,0,0,0,0,0,0,0,0,0,0,0,0,0,0,0,0,0,0,0,0,0,0,0,0,0,0,0,0,0,0,0,0,0,0,0,0,0,0,0,0,0,0,0,0,0,0,0,0,0,0,0,0,0,0,0,0,0,0,0,0,0,0,0,0,0,0,0,0,0,0,0,0,0,0,5,78710453278654,6,3087834358523,0,0,0,0,0,0,0,0,0,0,0,0,0,0,548,15,1,07616535290921,13,0210010440514,97,4875428815342,9,54094274047258,0,0,00803015468622277,0,0,0,0,0,0,0,0,0,0,0,5,09798889303509E-06,1,52849755170364E-06,0,0,8,99116206884495E-09,4,69928839871905E-06,0,0,0,00343861998192976,0,0,45399,789414565,42633,1325390596,0,
280-290C*,0,0203593843594764,563,150024,225,446008119245,865,010165817561,0,148254536648221,335,881985618461,42,7380734037185,44,8276101980575,0,000710171537748963,18,3646059977693,7,61645113526018,249,590403731152,0,0,47,5614781550778,386,57928779754,252,590403731152,26,9585087446861,35,7155999446861,51,5727412519584,49,9645026088856,0,298550560695477,19,4763398098019,0,0,5,68918534432312,5,2078871930569,246,590403731152,1,4814820219328,4,48206881114349,30,6664605690306,39,4235517690306,18,4669507253971,0,183716787524866,5,28018147049881E-05,2,07640585470631E-06,0,00138052215698748,1,07867421729674,0,00406911457434446,39,9903607341397,3,53605968557063,2,737124651534,2,24119275418318,5,44618046947088,0,0,0,0,0,0,0,0,0,0,0,0,0,0,0,0,0,0,0,0,0,0,0,0,0,0,0,0,0,0,0,0,0,0,0,0,0,0,0,0,0,0,0,0,0,0,0,0,0,0,0,0,0,0,0,0,0,0,0,0,0,0,0,0,0,0,0,0,0,0,0,0,0,0,0,0,0,0,0,0,0,0,0,0,0,0,0,0,0,0,0,0,0,0,0,0,5,2078871930569,5,68918534432312,0,0,0,0,0,0,0,0,0,0,0,0,0,0,558,15,1,1667364444025,12,9471704992976,98,2511366391947,10,4803403054934,0,0,00803015468622277,0,0,0,0,0,0,0,0,0,0,0,5,96544091709129E-06,1,78858016914554E-06,0,0,1,05210598185032E-08,5,49889924892351E-06,0,0,0,0040237208767866,0,0,45302,1953680262,42551,9124258032,0,
290-300C*,0,0200696759802741,573,150024,234,972742397773,869,483394549714,0,23739672904231,336,626720477216,44,1853814780672,46,0714733172017,0,000813439635850892,28,1275601934077,7,71051545120139,255,190818882241,0,0,48,3786057389491,391,021760414127,258,190818882241,26,1546440640677,34,9117352640677,50,6334437611245,49,1919974594261,0,308521397763772,35,8480385205391,0,0,5,18117476080832,4,73652922337219,252,190818882241,1,48367604392046,4,22851577483646,29,7671637711067,38,5242549711067,17,854287057347,0,241986316014921,3,95159010617704E-05,2,37834203787538E-06,0,000768003459251162,1,11469922038293,0,00466081629810452,38,3782838657651,4,09404649530673,3,12217621665549,2,52039232421721,6,61296143393099,0,0,0,0,0,0,0,0,0,0,0,0,0,0,0,0,0,0,0,0,0,0,0,0,0,0,0,0,0,0,0,0,0,0,0,0,0,0,0,0,0,0,0,0,0,0,0,0,0,0,0,0,0,0,0,0,0,0,0,0,0,0,0,0,0,0,0,0,0,0,0,0,0,0,0,0,0,0,0,0,0,0,0,0,0,0,0,0,0,0,0,0,0,0,0,0,4,73652922337219,5,18117476080832,0,0,0,0,0,0,0,0,0,0,0,0,0,0,568,15,1,273209525164,12,8725066359577,98,9628910245181,11,3805425842565,0,0,00803015468622277,0,0,0,0,0,0,0,0,0,0,0,6,83289294114749E-06,2,04866278658743E-06,0,0,1,20509575681614E-08,6,29851009912797E-06,0,0,0,00460882177164345,0,0,45205,1038239025,42470,6971943761,0,
300-310C*,0,0205416298130308,583,150024,244,780014875381,873,835334733528,0,297966222871587,337,456151863381,45,6059872117175,47,315336436346,0,000916707733952821,37,8905143890462,7,80209048639947,260,910344041827,0,0,49,1816428059105,395,258380814762,263,910344041827,25,3507793834492,34,1078705834492,49,6943065272194,48,3907454179472,0,318492234832068,52,2197372312764,0,0,4,69970626106311,4,2939181457068,257,910344041827,1,48575795741394,3,98357333250404,28,8678669731829,37,6249581731829,17,2384063612772,0,303426146467782,2,62299874185526E-05,2,68027822104445E-06,0,000421107916783318,1,15072422346911,0,00525251802186458,36,7498731407672,4,77995618364893,3,58899717753862,2,86322228836672,7,77974239839109,0,0,0,0,0,0,0,0,0,0,0,0,0,0,0,0,0,0,0,0,0,0,0,0,0,0,0,0,0,0,0,0,0,0,0,0,0,0,0,0,0,0,0,0,0,0,0,0,0,0,0,0,0,0,0,0,0,0,0,0,0,0,0,0,0,0,0,0,0,0,0,0,0,0,0,0,0,0,0,0,0,0,0,0,0,0,0,0,0,0,0,0,0,0,0,0,4,2939181457068,4,69970626106311,0,0,0,0,0,0,0,0,0,0,0,0,0,0,578,15,1,39925106326483,12,8008582207717,99,6643946492793,12,2525901944408,0,0,00803015468622277,0,0,0,0,0,0,0,0,0,0,0,7,70034496520369E-06,2,30874540402933E-06,0,0,1,35808553178196E-08,7,09812094933243E-06,0,0,0,00519392266650029,0,0,45108,7413433713,42389,8506111273,0,
310-320C*,0,0197657460712099,593,150024,254,824331809331,878,125568896917,0,397640558347097,338,424984446792,47,7705497774317,50,0914041276299,0,00156507369992116,42,4799839008511,7,8931664829612,266,599220354166,0,0,49,9516706366189,399,291076094282,269,599220354166,24,5469147028308,33,3040059028308,48,0455680732587,46,0285419123094,0,328463071900363,68,5914359420136,0,0,4,18388214930956,3,88005396006074,263,599220354166,1,4877630646435,3,74722419629111,27,9685701752591,36,7256613752591,16,6193086371876,0,365601370044592,1,29440737753349E-05,4,5759763955957E-06,0,000227456403777024,1,1867492265553,0,00896750132011565,35,1050049256854,5,63211967794494,4,16063173243578,3,28955318581864,8,94652336285119,0,0,0,0,0,0,0,0,0,0,0,0,0,0,0,0,0,0,0,0,0,0,0,0,0,0,0,0,0,0,0,0,0,0,0,0,0,0,0,0,0,0,0,0,0,0,0,0,0,0,0,0,0,0,0,0,0,0,0,0,0,0,0,0,0,0,0,0,0,0,0,0,0,0,0,0,0,0,0,0,0,0,0,0,0,0,0,0,0,0,0,0,0,0,0,0,3,88005396006074,4,18388214930956,0,0,0,0,0,0,0,0,0,0,0,0,0,0,588,15,1,54969121305386,12,735378435494,,13,1048296103819,0,0,00803015468622277,0,0,0,0,0,0,0,0,0,0,0,1,31466190793377E-05,3,94166709609773E-06,0,0,2,3186277035869E-08,1,211845608497E-05,0,0,0,0088674628386874,0,0,45013,2735711236,42309,6652677984,0,
320-330C*,0,0186746234112983,603,150024,265,033798169866,882,447165709148,0,509648163974886,339,616010798354,49,1116331042989,51,3408727312571,0,00280396235607811,58,4822868913532,7,98722129013679,272,078118777375,0,0,50,6578011003298,403,122175907082,275,078118777375,23,7430500222124,32,5001412222124,47,1237238735,45,1641906023089,0,338433908968659,90,6270493262429,0,0,3,76464302220107,3,49493666643399,269,078118777375,1,48974662013229,3,51944292623874,27,0692733773353,35,8263645773353,16,002313057248,0,425347652359479,0,8,19825006081101E-06,0,000120956611860094,1,22277422964149,0,0160660396573987,33,4577901481647,6,71854724639744,4,87659772849769,3,82885541058639,10,1133043273113,0,0,0,0,0,0,0,0,0,0,0,0,0,0,0,0,0,0,0,0,0,0,0,0,0,0,0,0,0,0,0,0,0,0,0,0,0,0,0,0,0,0,0,0,0,0,0,0,0,0,0,0,0,0,0,0,0,0,0,0,0,0,0,0,0,0,0,0,0,0,0,0,0,0,0,0,0,0,0,0,0,0,0,0,0,0,0,0,0,0,0,0,0,0,0,0,3,49493666643399,3,76464302220107,0,0,0,0,0,0,0,0,0,0,0,0,0,0,598,15,1,73345945162217,12,6821138949059,,13,9483476937842,0,0,00803015468622277,0,0,0,0,0,0,0,0,0,0,0,2,35532837910561E-05,7,06183111901154E-06,0,0,4,15401830530091E-08,2,17112425298267E-05,0,0,0,0158868122279823,0,0,44918,6704544046,42230,3226007697,0,
330-340C*,0,0173212460729735,613,150024,275,24576068204,887,064318742234,0,647505470908418,341,255532353112,50,3547639280824,52,4646268757713,0,00404285101223507,80,2145775806766,8,09488338807916,276,534496796679,0,0,51,2077132236082,406,754379347841,279,534496796679,22,9391853415939,31,6962765415939,46,2664748880576,44,3968068594021,0,348404746036955,168,931300013429,0,0,3,37876118385997,3,13856626482656,273,534496796679,1,49186580139883,3,30019566081568,26,1699765794114,34,9270677794114,15,3881716171888,0,475773821927708,0,1,18205237260263E-05,6,32888462072036E-05,1,25879923272767,0,0231645779946818,31,8103318086325,8,28653604734865,5,86949746826786,4,52846970522557,11,2800852917714,0,0,0,0,0,0,0,0,0,0,0,0,0,0,0,0,0,0,0,0,0,0,0,0,0,0,0,0,0,0,0,0,0,0,0,0,0,0,0,0,0,0,0,0,0,0,0,0,0,0,0,0,0,0,0,0,0,0,0,0,0,0,0,0,0,0,0,0,0,0,0,0,0,0,0,0,0,0,0,0,0,0,0,0,0,0,0,0,0,0,0,0,0,0,0,0,3,13856626482656,3,37876118385997,0,0,0,0,0,0,0,0,0,0,0,0,0,0,608,15,1,97140999921141,12,65054318284,,14,8111468315381,0,0,00803015468622277,0,0,0,0,0,0,0,0,0,0,0,3,39599485027746E-05,1,01819951419254E-05,0,0,5,98940890701491E-08,3,13040289746835E-05,0,0,0,0229061616172773,0,0,44823,9098773447,42151,4480378401,0,
340-350C*,0,0157282393783426,623,150024,285,531813126185,891,627111404027,0,784160398932432,343,054816271077,51,5069383063447,53,4761230155173,0,00528173966839202,104,639696395392,8,20239838639024,281,62655093323,0,602405138973455,0,51,7331578483711,410,190721987614,284,62655093323,22,1353206609755,30,8924118609755,45,4677639842715,43,7129342292442,0,35837558310525,257,45013715889,0,0,3,02529770938381,2,81094275523845,278,62655093323,1,49391090960365,3,08943985708334,25,2706797814876,34,0277709814876,14,7740301771295,0,523363831197689,0,1,54427973912416E-05,3,25624266988254E-05,1,29482423581386,0,0302631163319649,30,1550283391655,10,3970916312318,7,16743665268279,5,42463700188821,12,4468662562315,0,0,0,0,0,0,0,0,0,0,0,0,0,0,0,0,0,0,0,0,0,0,0,0,0,0,0,0,0,0,0,0,0,0,0,0,0,0,0,0,0,0,0,0,0,0,0,0,0,0,0,0,0,0,0,0,0,0,0,0,0,0,0,0,0,0,0,0,0,0,0,0,0,0,0,0,0,0,0,0,0,0,0,0,0,0,0,0,0,0,0,0,0,0,0,0,2,81094275523845,3,02529770938381,0,0,0,0,0,0,0,0,0,0,0,0,0,0,618,15,2,2404779967224,12,6274159653945,,15,6722909999175,0,0,00803015468622277,0,0,0,0,0,0,0,0,0,0,0,4,4366613214493E-05,1,33021591648392E-05,0,0,7,82479950872892E-08,4,08968154195403E-05,0,0,602405138973455,0,0299255110065723,0,0,44731,5697492563,42074,6919072879,0,
350-360C*,0,0135088414196445,633,150024,295,842969330159,896,083331303583,0,912227549047659,344,974806482754,52,5745483612495,54,3888176048402,0,00652062832454898,131,224386602163,8,30738221210624,285,856837502053,0,631956468027699,0,52,2551698649519,413,434543330691,288,856837502053,21,3314559803571,30,0885471803571,44,7219058893316,43,0991162574902,0,368346420173546,351,82974223024,0,0,2,70354574941885,2,51206613766967,282,856837502053,1,49585038109368,2,88712404267219,24,3713829835638,33,1284741835638,14,1598887370703,0,568117680169421,0,1,9065071056457E-05,1,64630325732032E-05,1,33084923890004,0,037361654669248,28,491879739764,13,2988525214394,8,89551399297694,6,59159101257649,13,6136472206916,0,0,0,0,0,0,0,0,0,0,0,0,0,0,0,0,0,0,0,0,0,0,0,0,0,0,0,0,0,0,0,0,0,0,0,0,0,0,0,0,0,0,0,0,0,0,0,0,0,0,0,0,0,0,0,0,0,0,0,0,0,0,0,0,0,0,0,0,0,0,0,0,0,0,0,0,0,0,0,0,0,0,0,0,0,0,0,0,0,0,0,0,0,0,0,0,2,51206613766967,2,70354574941885,0,0,0,0,0,0,0,0,0,0,0,0,0,0,628,15,2,54284362749461,12,6091404116,,16,5336291356442,0,0,00803015468622277,0,0,0,0,0,0,0,0,0,0,0,5,47732779262114E-05,1,6422323187753E-05,0,0,9,66019011044293E-08,5,0489601864397E-05,0,0,631956468027699,0,0369448603958672,0,0,44642,4546734094,42000,7000569334,0,
360-370C*,0,01240444127023,643,150024,306,144556366169,900,320576754091,0,9873708039994,347,004936499791,53,5634805324606,55,2161670980848,0,00775951698070593,159,273454004439,8,40473595307058,289,462437467244,0,661507797081942,0,52,8153064946941,416,489454925612,292,462437467244,20,5275912997386,29,2846824997386,44,0235241225685,42,541896489795,0,378317257241841,439,380611996227,0,0,2,41299534497086,2,2419364121202,286,462437467244,1,48860797618288,2,69318758192564,23,4720861856399,32,2291773856399,13,5457472970111,0,591536581342299,0,2,26873447216723E-05,8,17339486242815E-06,1,36687424198623,0,044460193006531,26,8208860104277,17,0160978393788,11,0704685215917,8,04357910655465,14,7804281851517,0,0,0,0,0,0,0,0,0,0,0,0,0,0,0,0,0,0,0,0,0,0,0,0,0,0,0,0,0,0,0,0,0,0,0,0,0,0,0,0,0,0,0,0,0,0,0,0,0,0,0,0,0,0,0,0,0,0,0,0,0,0,0,0,0,0,0,0,0,0,0,0,0,0,0,0,0,0,0,0,0,0,0,0,0,0,0,0,0,0,0,0,0,0,0,0,2,2419364121202,2,41299534497086,0,0,0,0,0,0,0,0,0,0,0,0,0,0,638,15,2,92455515769389,12,589467403108,,17,3970101754404,0,0,00803015468622277,0,0,0,0,0,0,0,0,0,0,0,6,51799426379298E-05,1,95424872106668E-05,0,0,1,14955807121569E-07,6,00823883092538E-05,0,0,661507797081942,0,0439642097851622,0,0,44566,5232433088,41938,6006924632,0,
370-380C*,0,0117417309661937,653,150024,316,362233697287,904,298340876467,1,02344442257806,349,10060964325,54,4702013848338,55,9762983183382,0,00899840563686289,188,285135214951,8,49219210236314,292,430029606193,0,691059126136186,0,53,4285308648146,419,359309332442,295,430029606193,19,7237266191202,28,4808178191202,43,3657883776997,42,0126965258148,0,388288094310137,517,370038924395,0,0,2,16401023746648,2,011005155847,289,430029606193,1,49103039439286,2,507560458749,22,5727893877161,31,3298805877161,12,9316058569518,0,597078702386683,0,2,63096183868876E-05,3,98175321496617E-06,1,40289924507242,0,0515587313438141,25,1420471511567,21,7618490064264,13,813520769857,9,85951906333221,14,7827017912733,0,0,0,0,0,0,0,0,0,0,0,0,0,0,0,0,0,0,0,0,0,0,0,0,0,0,0,0,0,0,0,0,0,0,0,0,0,0,0,0,0,0,0,0,0,0,0,0,0,0,0,0,0,0,0,0,0,0,0,0,0,0,0,0,0,0,0,0,0,0,0,0,0,0,0,0,0,0,0,0,0,0,0,0,0,0,0,0,0,0,0,0,0,0,0,0,2,011005155847,2,16401023746648,0,0,0,0,0,0,0,0,0,0,0,0,0,0,648,15,3,44801860554558,12,5668103745084,,18,2662130385356,0,0,00803015468622277,0,0,0,0,0,0,0,0,0,0,0,7,55866073496483E-05,2,26626512335806E-05,0,0,1,33309713138709E-07,6,96751747541106E-05,0,0,691059126136186,0,0509835591744571,0,0,44502,7817312902,41887,3800537411,0,
380-390C*,0,0111038601594215,663,150024,326,369215951153,908,055496151211,1,05951804115672,351,17965650954,55,2349999595524,56,7183779382715,0,0102372942930198,217,971233753109,8,57092036923414,295,002144644439,0,720610455190429,0,54,0816583155834,422,048170118079,298,002144644439,18,9198619385018,27,6769531385018,42,737074275838,41,3925716530493,0,398258931378432,594,058611047576,0,0,2,02792576460958,1,88905040867913,292,002144644439,1,49339494701014,2,3301630788848,21,6734925897923,30,4305837897923,12,3174644168926,0,602620823431068,0,2,99318920521029E-05,1,90189923734545E-06,1,4389242481586,0,0586572696810972,23,4553631619511,28,3901453886473,17,5472751643026,12,2857371765421,16,2153657028081,0,0,0,0,0,0,0,0,0,0,0,0,0,0,0,0,0,0,0,0,0,0,0,0,0,0,0,0,0,0,0,0,0,0,0,0,0,0,0,0,0,0,0,0,0,0,0,0,0,0,0,0,0,0,0,0,0,0,0,0,0,0,0,0,0,0,0,0,0,0,0,0,0,0,0,0,0,0,0,0,0,0,0,0,0,0,0,0,0,0,0,0,0,0,0,0,1,88905040867913,2,02792576460958,0,0,0,0,0,0,0,0,0,0,0,0,0,0,658,15,4,13225112450922,12,5447306838894,,19,159630959761,0,0,00803015468622277,0,0,0,0,0,0,0,0,0,0,0,8,59932720613667E-05,2,57828152564944E-05,0,0,1,5166361915585E-07,7,92679611989673E-05,0,0,720610455190429,0,0580029085637521,0,0,44442,6254824592,41839,0323500409,0,
390-400C*,0,0105656578793084,673,150024,336,742394079636,911,578875079196,1,11984044305672,353,184539919057,56,0129171604392,57,4081836626037,0,0114761829491768,247,903541256579,8,63994305250894,297,253579863864,0,750161784244673,0,54,7799503929364,424,56028302246,300,253579863864,18,1159972578833,26,8730884578833,42,1949946739608,40,9205904352504,0,408229768446728,670,499844747871,0,0,1,79208816559991,1,67122590214596,294,253579863864,1,49568648319291,2,16090609451903,20,7741957918684,29,5312869918684,11,7033229768334,0,608162944475452,0,3,35541657173182E-05,8,89990331363295E-07,1,47494925124479,0,0657558080183803,21,7608340428108,37,8640629014157,22,7394064710221,15,5932704952627,17,7177345882278,0,0,0,0,0,0,0,0,0,0,0,0,0,0,0,0,0,0,0,0,0,0,0,0,0,0,0,0,0,0,0,0,0,0,0,0,0,0,0,0,0,0,0,0,0,0,0,0,0,0,0,0,0,0,0,0,0,0,0,0,0,0,0,0,0,0,0,0,0,0,0,0,0,0,0,0,0,0,0,0,0,0,0,0,0,0,0,0,0,0,0,0,0,0,0,0,1,67122590214596,1,79208816559991,0,0,0,0,0,0,0,0,0,0,0,0,0,0,668,15,5,04591254495962,12,5234147729385,,20,0598119475178,0,0,00803015468622277,0,0,0,0,0,0,0,0,0,0,0,9,63999367730851E-05,2,89029792794082E-05,0,0,1,7001752517299E-07,8,88607476438241E-05,0,0,750161784244673,0,065022257953047,0,0,44386,2293385931,41793,6965471899,0,
400-410C*,0,0100195214786548,683,150024,350,993929158981,914,855310161291,1,13833501552944,355,057722692194,56,705865637892,58,0553095492998,0,0150776556978229,277,653849363025,8,69832998827057,299,259132546352,0,779713113298916,0,55,5285768983612,426,900048411183,302,259132546352,17,3121325772649,26,0692237772649,41,6494285827183,40,4081786436589,0,418200605515023,747,747256407379,0,0,1,64470577938961,1,53651180704132,296,259132546352,1,49788986052774,1,99969025430419,19,8748989939446,28,6319901939446,11,0891815367741,0,611791637344535,0,4,40841837529008E-05,4,07653247615336E-07,1,51097425433097,0,0863913931856932,20,0584597937358,51,7525127362846,30,1314978633565,20,2036592381293,19,2898084475325,0,0,0,0,0,0,0,0,0,0,0,0,0,0,0,0,0,0,0,0,0,0,0,0,0,0,0,0,0,0,0,0,0,0,0,0,0,0,0,0,0,0,0,0,0,0,0,0,0,0,0,0,0,0,0,0,0,0,0,0,0,0,0,0,0,0,0,0,0,0,0,0,0,0,0,0,0,0,0,0,0,0,0,0,0,0,0,0,0,0,0,0,0,0,0,0,1,53651180704132,1,64470577938961,0,0,0,0,0,0,0,0,0,0,0,0,0,0,678,15,6,29608282452871,12,5030490833429,,20,9654846315015,0,0,00803015468622277,0,0,0,0,0,0,0,0,0,0,0,0,000126652307861712,3,79733550908133E-05,0,0,2,23372677004784E-07,0,000116747159221683,0,0,779713113298916,0,0854276393512352,0,0,44334,6124666837,41752,306431255,0,
410-420C*,0,00956295527726316,693,150024,365,544386109388,917,549507269931,1,17277574190089,356,068417333654,57,3611850043057,58,669349656325,0,0232653210965951,301,08040110752,8,73091931372782,301,337099219753,0,80926444235316,0,56,4438564324343,429,07199510456,304,337099219753,16,5082678966464,25,2653590966464,41,1225429926577,39,9116463220009,0,428171442583319,836,077646389183,0,0,1,51627200303657,1,41900402167411,298,337099219753,1,49978003915164,1,8464062820597,18,9756021960208,27,7326933960208,10,4750400967149,0,628306864090725,0,6,8023352625079E-05,1,82602213192908E-07,1,54699925741716,0,133304775140712,18,3482404147261,63,4302759569728,36,1072074361173,23,8221268794626,19,7372548276043,0,0,0,0,0,0,0,0,0,0,0,0,0,0,0,0,0,0,0,0,0,0,0,0,0,0,0,0,0,0,0,0,0,0,0,0,0,0,0,0,0,0,0,0,0,0,0,0,0,0,0,0,0,0,0,0,0,0,0,0,0,0,0,0,0,0,0,0,0,0,0,0,0,0,0,0,0,0,0,0,0,0,0,0,0,0,0,0,0,0,0,0,0,0,0,0,1,41900402167411,1,51627200303657,0,0,0,0,0,0,0,0,0,0,0,0,0,0,688,15,7,17455381166364,12,4860564912717,,21,8753776414077,0,0,00803015468622277,0,0,0,0,0,0,0,0,0,0,0,0,000195428697211399,5,85941420210543E-05,0,0,3,44671423653261E-07,0,000180144725469488,0,0,80926444235316,0,131817671119628,0,0,44286,2971122787,41712,7348543662,0,
420-430C*,0,00920968521835124,703,150024,380,338410058733,919,812381735905,1,21972006835585,356,681057301579,57,9889280220175,59,2598980416444,0,0314529864953673,320,665153510602,8,74424563688934,303,438252129033,0,838815771407403,0,57,4735895420133,431,080755649549,306,438252129033,15,704403216028,24,461494416028,40,6075374684058,39,4243664918429,0,438292726997556,929,754253559661,0,0,1,40353450957671,1,31573546651269,300,438252129033,1,50144495338601,1,70093478757701,18,0763053980969,26,8333965980969,9,86089865665564,0,647760377842492,0,9,19625214972571E-05,7,99114963384254E-08,1,58302426050334,0,18021815709573,16,6301759057818,72,806710318418,40,7156930878508,26,5258926649825,19,5572572826478,0,0,0,0,0,0,0,0,0,0,0,0,0,0,0,0,0,0,0,0,0,0,0,0,0,0,0,0,0,0,0,0,0,0,0,0,0,0,0,0,0,0,0,0,0,0,0,0,0,0,0,0,0,0,0,0,0,0,0,0,0,0,0,0,0,0,0,0,0,0,0,0,0,0,0,0,0,0,0,0,0,0,0,0,0,0,0,0,0,0,0,0,0,0,0,0,1,31573546651269,1,40353450957671,0,0,0,0,0,0,0,0,0,0,0,0,0,0,698,15,7,71746683240782,12,4714843224858,,22,788219606932,0,0,00803015468622277,0,0,0,0,0,0,0,0,0,0,0,0,000264205086561085,7,92149289512954E-05,0,0,4,65970170301738E-07,0,000243542291717293,0,0,838815771407403,0,178207702888021,0,0,44243,3409547388,41677,2546735036,0,
430-440C*,0,00891517076973935,713,150024,395,240702730752,921,886352573933,1,27086838054595,357,293697269504,58,5991925097573,59,836548763223,0,0396406518941395,340,513443932447,8,7490817924441,305,444178514162,0,868367100461647,0,58,5349691939552,432,931043079548,308,444178514162,14,9005385354096,23,6576297354096,40,0975486818829,38,9397121747515,0,448421348221498,973,976334122244,0,0,1,30325880835977,1,22373906202545,302,444178514162,1,50303778337053,1,56314621310887,17,1770086001731,25,9340998001731,9,2467572165964,0,667213891594258,0,0,000115901690369435,3,41314212017786E-08,1,65409506942632,0,227131539050748,14,9042662669027,83,8120069749172,46,0136712565219,29,5860604142361,19,3772597376913,0,0,0,0,0,0,0,0,0,0,0,0,0,0,0,0,0,0,0,0,0,0,0,0,0,0,0,0,0,0,0,0,0,0,0,0,0,0,0,0,0,0,0,0,0,0,0,0,0,0,0,0,0,0,0,0,0,0,0,0,0,0,0,0,0,0,0,0,0,0,0,0,0,0,0,0,0,0,0,0,0,0,0,0,0,0,0,0,0,0,0,0,0,0,0,0,1,22373906202545,1,30325880835977,0,0,0,0,0,0,0,0,0,0,0,0,0,0,708,15,8,29744790034054,12,4577444686187,,23,70273915777,0,0,00803015468622277,0,0,0,0,0,0,0,0,0,0,0,0,000332981475910772,9,98357158815365E-05,0,0,5,87268916950215E-07,0,000306939857965098,0,0,868367100461647,0,224597734656415,0,0,44203,3311472101,41644,1288068778,0,
440-450C*,0,00869909642166344,723,150024,410,218718382639,923,84881635037,1,32667899903466,358,674142185873,59,2021130665437,60,408895879026,0,0478283172929117,361,803436136235,8,79282720140632,307,361215505808,0,89791842951589,0,59,6024713235557,434,62762918757,310,361215505808,14,0966738547911,22,8537650547911,39,5856578504136,38,4510563922932,0,458417547347493,1061,55503330407,0,0,1,21222908304276,1,14004772868074,304,361215505808,1,50460677009979,1,43290081925709,16,2777118022493,25,0348030022493,8,63261577653716,0,686667405346024,0,0,000139840859241613,1,4212435536791E-08,1,65507426667572,0,274044921005766,13,170511498089,96,7637755560962,52,1161266877282,33,0542985585592,19,1972621927348,0,0,0,0,0,0,0,0,0,0,0,0,0,0,0,0,0,0,0,0,0,0,0,0,0,0,0,0,0,0,0,0,0,0,0,0,0,0,0,0,0,0,0,0,0,0,0,0,0,0,0,0,0,0,0,0,0,0,0,0,0,0,0,0,0,0,0,0,0,0,0,0,0,0,0,0,0,0,0,0,0,0,0,0,0,0,0,0,0,0,0,0,0,0,0,0,1,14004772868074,1,21222908304276,0,0,0,0,0,0,0,0,0,0,0,0,0,0,718,15,8,9158166364456,12,4443945946967,,24,6176649236171,0,0,00803015468622277,0,0,0,0,0,0,0,0,0,0,0,0,000401757865260458,0,000120456502811778,0,0,7,08567663598692E-07,0,000370337424212903,0,0,89791842951589,0,270987766424808,0,0,44165,081005296,41612,4107106475,0,
450-460C*,0,00911253557751569,733,150024,425,233019793942,925,777169631567,1,38761024438542,359,111695295875,59,8990700547182,61,0733268521327,0,0560159826916839,385,713293885148,8,83679133741335,309,195700234641,0,927469758570133,0,60,6506271423501,436,175324321093,312,195700234641,13,2928091741727,22,0499003741727,39,0015117829006,37,8912955287331,0,468318920871771,1160,11938762298,0,0,1,09941816238122,1,03537761913418,306,195700234641,1,50620145986426,1,31004871408398,15,3784150043254,24,1355062043255,8,01847433647792,0,691323696230432,0,0,000163780028113791,5,76302027866878E-09,1,6910992697619,0,320958302960785,11,4289115993406,112,04729400254,59,1587625539238,36,9902110533186,19,1666372178353,0,0,0,0,0,0,0,0,0,0,0,0,0,0,0,0,0,0,0,0,0,0,0,0,0,0,0,0,0,0,0,0,0,0,0,0,0,0,0,0,0,0,0,0,0,0,0,0,0,0,0,0,0,0,0,0,0,0,0,0,0,0,0,0,0,0,0,0,0,0,0,0,0,0,0,0,0,0,0,0,0,0,0,0,0,0,0,0,0,0,0,0,0,0,0,0,1,03537761913418,1,09941816238122,0,0,0,0,0,0,0,0,0,0,0,0,0,0,728,15,9,57369993261849,12,4309923657463,,25,5208796544391,0,0,00803015468622277,0,0,0,0,0,0,0,0,0,0,0,0,000470534254610145,0,000141077289742019,0,0,8,29866410247169E-07,0,000433734990460708,0,0,927469758570133,0,317377798193201,0,0,44133,9310197727,41587,3037036452,0,
460-480C*,0,0171133083796445,753,150024,447,717618286322,928,775047363687,1,48961086401049,359,591649566764,61,061233738062,62,1852979882606,0,0682974807898422,429,067561637582,8,88097529410042,311,806504308454,2,36260092267206,0,62,1309806230373,438,019598392476,314,806504308454,12,087012153245,20,844103353245,38,0311203201722,36,9584078498325,0,483075425490474,1334,36048236111,0,0,0,907645941765799,0,856294161906828,308,806504308454,1,50875295378435,1,08587454784684,14,0294698074397,22,7865610074397,6,79019145635945,0,730694331925394,0,0,000199688781422059,8,70669017649523E-10,1,74513677439118,0,391328375893312,7,92217641203981,140,396650950353,71,8442499170399,43,9243166576542,18,7919412688079,0,0,0,0,0,0,0,0,0,0,0,0,0,0,0,0,0,0,0,0,0,0,0,0,0,0,0,0,0,0,0,0,0,0,0,0,0,0,0,0,0,0,0,0,0,0,0,0,0,0,0,0,0,0,0,0,0,0,0,0,0,0,0,0,0,0,0,0,0,0,0,0,0,0,0,0,0,0,0,0,0,0,0,0,0,0,0,0,0,0,0,0,0,0,0,0,0,856294161906828,0,907645941765799,0,0,0,0,0,0,0,0,0,0,0,0,0,0,743,15,10,6364703536754,12,4098232488875,,26,8607494080591,0,0,00803015468622277,0,0,0,0,0,0,0,0,0,0,0,0,000573698838634674,0,00017200847013738,0,0,1,01181453021988E-06,0,000528831339832416,0,2,36260092267206,0,38696284584579,0,0,44071,4836519094,41535,0523843412,0,
480-500C*,0,0154989993890605,773,150024,476,904301871561,933,835731202386,1,65956732257946,360,292969234128,62,643562681237,63,7062000129804,0,0815605414868829,515,75520485677,8,92538017057092,315,104095675677,4,27277417750228,0,63,6436806654911,440,323947877575,318,104095675677,10,4792827920082,19,2363739920082,36,6903578255791,35,664133226308,0,502769776007553,1652,25800746117,0,0,0,666079493183908,0,629666760711612,312,104095675677,1,51304403797943,0,889225733720373,12,230876211592,20,987967411592,5,56190857624097,0,801529828578199,0,0,000238467436181939,1,1643634649436E-10,1,82215717683228,0,467322569850746,4,38406070500027,219,137460638608,105,978146603874,62,2005104723621,18,1726342451225,0,0,0,0,0,0,0,0,0,0,0,0,0,0,0,0,0,0,0,0,0,0,0,0,0,0,0,0,0,0,0,0,0,0,0,0,0,0,0,0,0,0,0,0,0,0,0,0,0,0,0,0,0,0,0,0,0,0,0,0,0,0,0,0,0,0,0,0,0,0,0,0,0,0,0,0,0,0,0,0,0,0,0,0,0,0,0,0,0,0,0,0,0,0,0,0,0,629666760711612,0,666079493183908,0,0,0,0,0,0,0,0,0,0,0,0,0,0,763,15,13,444906072116,12,3730270156174,,28,6410690064525,0,0,187712522779677,0,0,0,0,0,0,0,0,0,0,0,0,000685108548489817,0,000205411734115113,0,0,1,20830431832419E-06,0,000631527985119776,0,4,27277417750228,0,462109273687616,0,0,43964,5470913642,41445,3906062433,0,
500-520C*,0,0138979984565404,793,150024,505,437493369416,939,780434560836,1,84302038379818,360,916260750383,64,24360511679,65,2510647938021,0,150462912493811,622,832889380404,8,97000707142377,318,148082426921,6,16687571662339,0,64,7567610832447,442,116291793548,321,148082426921,8,87155343077131,17,6286446307713,35,3101939534895,34,3264380564106,1,15595277546542,2032,77084151906,0,0,0,446200929720526,0,422497149787279,315,148082426921,1,51815523699472,0,718552386288946,10,4322826157444,19,1893738157444,4,3336256961225,0,884495913869893,0,0,000439924800997515,1,36162812895303E-11,3,88300420071855,0,862116823306575,0,814564478222022,370,167408379731,167,632806081644,93,8043253305068,17,4256241820402,0,0,0,0,0,0,0,0,0,0,0,0,0,0,0,0,0,0,0,0,0,0,0,0,0,0,0,0,0,0,0,0,0,0,0,0,0,0,0,0,0,0,0,0,0,0,0,0,0,0,0,0,0,0,0,0,0,0,0,0,0,0,0,0,0,0,0,0,0,0,0,0,0,0,0,0,0,0,0,0,0,0,0,0,0,0,0,0,0,0,0,0,0,0,0,0,0,422497149787279,0,446200929720526,0,0,0,0,0,0,0,0,0,0,0,0,0,0,783,15,17,7852380841504,12,3315051419251,,30,4162733786738,0,0,417829402580894,0,0,0,0,0,0,0,0,0,0,0,0,00126388846494801,0,000378943631465894,0,0,2,22908018509349E-06,0,0011650430248523,0,6,16687571662339,0,852499332911131,0,0,43839,6992804363,41340,7531002395,0,
520-540C*,0,012088399862588,813,150024,532,655724274969,947,000500685827,1,93316337334222,361,485638329907,65,8397865818992,66,7983154809052,0,224973266948861,741,576718136679,9,01485710678089,319,838725219794,8,04490554003541,0,65,3563244174228,443,434260082625,322,838725219794,7,26382406953444,16,0209152695344,33,9061524634499,32,9608212370727,1,93191545259277,2445,10176937153,0,0,0,254060954650949,0,240863282022063,316,838725219794,1,52440482820076,0,572163556584156,8,63368901989671,17,3907802198967,3,10534281600402,0,965229747352578,0,0,000657778837667454,1,37320032233685E-12,6,76155976422875,1,28904349262037,-2,78631226829494,690,203827578449,290,383089732007,153,940228462463,16,4675650360816,0,0,0,0,0,0,0,0,0,0,0,0,0,0,0,0,0,0,0,0,0,0,0,0,0,0,0,0,0,0,0,0,0,0,0,0,0,0,0,0,0,0,0,0,0,0,0,0,0,0,0,0,0,0,0,0,0,0,0,0,0,0,0,0,0,0,0,0,0,0,0,0,0,0,0,0,0,0,0,0,0,0,0,0,0,0,0,0,0,0,0,0,0,0,0,0,0,240863282022063,0,254060954650949,0,0,0,0,0,0,0,0,0,0,0,0,0,0,803,15,24,9831191019838,12,2886029149052,,32,188478992504,0,1,72323925279624,0,0,0,0,0,0,0,0,0,0,0,0,00188977544237044,0,000566599338982318,0,0,3,33293728813128E-06,0,00174198100444046,0,8,04490554003541,1,27466334937941,0,0,43697,7835695689,41222,7806422912,0,
540-560C*,0,0100335151804596,833,150024,556,66467357819,956,589903031244,1,97775926666299,362,14230033731,67,4139066159259,68,3441673198964,0,299483621403912,869,414380344022,9,20103007777278,318,615285937668,9,93833101786401,0,65,1095955196166,444,314445340833,321,615285937668,5,65609470829757,14,4131859082976,32,4506702611895,31,527308029252,2,7625562066139,2880,3854679216,0,0,0,135423122884644,0,128524650851593,315,615285937668,1,53268506738414,0,448242506413851,6,83509542404905,15,592186624049,1,87705993588555,1,04082201481741,0,0,000875632874337393,1,17550415132813E-13,10,0973941001647,1,71597016193416,-6,41856953455062,1579,75431062024,611,060763775574,304,055507947489,15,3165393800211,0,0,0,0,0,0,0,0,0,0,0,0,0,0,0,0,0,0,0,0,0,0,0,0,0,0,0,0,0,0,0,0,0,0,0,0,0,0,0,0,0,0,0,0,0,0,0,0,0,0,0,0,0,0,0,0,0,0,0,0,0,0,0,0,0,0,0,0,0,0,0,0,0,0,0,0,0,0,0,0,0,0,0,0,0,0,0,0,0,0,0,0,0,0,0,0,0,128524650851593,0,135423122884644,0,0,0,0,0,0,0,0,0,0,0,0,0,0,823,15,40,3112983864672,12,2471694837076,,33,9648357794956,0,3,55715821706129,0,0,0,0,0,0,0,0,0,0,0,0,00251566241979286,0,000754255046498741,0,0,4,43679439116907E-06,0,00231891898402862,0,9,93833101786401,1,69682736584769,0,0,43524,6380679303,41080,5003833393,0,
560-580C*,0,00796304602571937,853,150024,579,628704465089,967,314822937992,2,02235515998375,362,80449925433,68,9590863208935,69,8804190281577,0,332110500326986,1005,62507318164,9,49141665156325,317,391846655541,11,8815493176217,0,64,462840310153,444,792138347168,320,391846655541,4,04836534706069,12,8054565470607,30,9339230395118,30,0179548179758,3,59319696063502,3338,40282435403,0,0,0,10699063959469,0,101626153866542,314,391846655541,1,54224052896275,0,344866746401156,5,03650182820138,13,7935930282014,0,64877705576707,1,1145903109085,0,0,000971027632949376,8,38721298380265E-15,13,4332284361006,1,90291444438466,-10,082207320545,3986,34334143638,1407,07668200718,653,164054922616,14,0558964156097,0,0,0,0,0,0,0,0,0,0,0,0,0,0,0,0,0,0,0,0,0,0,0,0,0,0,0,0,0,0,0,0,0,0,0,0,0,0,0,0,0,0,0,0,0,0,0,0,0,0,0,0,0,0,0,0,0,0,0,0,0,0,0,0,0,0,0,0,0,0,0,0,0,0,0,0,0,0,0,0,0,0,0,0,0,0,0,0,0,0,0,0,0,0,0,0,0,101626153866542,0,10699063959469,0,0,0,0,0,0,0,0,0,0,0,0,0,0,843,149999999999,68,9607043928517,12,2057093114232,,35,7512442155139,0,5,39107718132635,0,0,0,0,0,0,0,0,0,0,0,0,00278972820274668,0,000836426445267963,0,0,4,92015556039979E-06,0,00257155079263853,0,11,8815493176217,1,88168615965867,0,0,43337,7102662203,40927,6431931254,0,
580-600C*,0,00676434415182741,873,150024,602,609203428592,978,768949222275,2,06695105330452,363,470110195034,70,439565626882,71,338573305144,0,501239618806009,1148,55845497303,9,82303811373018,316,168407373415,13,7471825712441,0,63,5726821354823,444,901129982781,319,168407373415,2,44063598582382,11,1977271858238,29,481774292743,28,5866990379745,4,42383771465615,3814,59394602349,0,0,0,0786600803750637,0,0747276568814917,313,168407373415,1,55286435380948,0,260033008518366,3,23790823235372,11,9949994323537,0,409161185622113,1,18672604671996,0,0,00146552885292829,4,8841076376234E-16,16,7690627720366,2,87198420340435,-10,8005750863716,11211,1412762405,3582,99299299989,1541,80077231817,12,7362186112656,0,0,0,0,0,0,0,0,0,0,0,0,0,0,0,0,0,0,0,0,0,0,0,0,0,0,0,0,0,0,0,0,0,0,0,0,0,0,0,0,0,0,0,0,0,0,0,0,0,0,0,0,0,0,0,0,0,0,0,0,0,0,0,0,0,0,0,0,0,0,0,0,0,0,0,0,0,0,0,0,0,0,0,0,0,0,0,0,0,0,0,0,0,0,0,0,0,0747276568814917,0,0786600803750637,0,0,0,0,0,0,0,0,0,0,0,0,0,0,863,15,126,134206041564,12,1642785172498,,37,5365467619239,0,7,2249961455914,0,0,0,0,0,0,0,0,0,0,0,0,00421041279797048,0,0012623812621781,0,0,7,4257721304594E-06,0,00388112732892624,0,13,7471825712441,2,83994529667455,0,0,43143,3307553056,40769,2879110669,0,
600-625C*,0,00714098420049254,898,150024,629,985201917541,992,020565751824,2,11712143329038,364,220355205887,71,9790449239111,72,842463104108,0,796946623116143,1315,33935484178,10,1934782265745,314,792038181022,15,7017367875534,0,62,4586517118459,444,642476882759,317,792038181022,0,631940454432346,9,38903165443235,27,9741224152273,27,1130700481187,5,35830856292991,4366,35468595568,0,0,0,0468326608615895,0,0444668477733097,311,792038181022,1,5657770477502,0,176933999447823,1,2144904370251,9,9715816370251,0,409161185622113,1,26616565904174,0,0,00233011962063696,1,01130060428898E-17,20,5218763999645,4,56631524458928,-10,8005750863716,41454,1709498789,11731,6049028224,4598,84517673331,11,2439971000853,0,0,0,0,0,0,0,0,0,0,0,0,0,0,0,0,0,0,0,0,0,0,0,0,0,0,0,0,0,0,0,0,0,0,0,0,0,0,0,0,0,0,0,0,0,0,0,0,0,0,0,0,0,0,0,0,0,0,0,0,0,0,0,0,0,0,0,0,0,0,0,0,0,0,0,0,0,0,0,0,0,0,0,0,0,0,0,0,0,0,0,0,0,0,0,0,0,0444668477733097,0,0468326608615895,0,0,0,0,0,0,0,0,0,0,0,0,0,0,885,65,272,628640904821,12,1177738648057,,39,541709278416,0,8,44031174192189,0,0,0,0,0,0,0,0,0,0,0,0,0066943516341756,0,0020071248285888,0,0,1,18066166387577E-05,0,00617080374859318,0,15,7017367875534,4,51537494065347,0,0,42923,2648634212,40590,557598507,0,
625-650C*,0,00613598202764113,923,150024,664,47944146304,1006,52024381384,2,17286629994134,365,052191553116,73,4660513699437,74,2859841128455,1,12550996123851,1505,3227177164,10,6368130067298,313,262739078364,17,0944972808341,0,61,2949605997168,443,902909838266,316,262739078364,-1,37772124711374,7,37936995288626,26,522512234528,25,7031721606125,6,39660950545632,4991,73357781125,0,0,0,0114363955282956,0,0108437265419963,310,262739078364,1,58078633423163,0,115557827045521,-1,03375155778448,7,72333964221553,0,409161185622113,1,35262416928251,0,0,00329077602920215,1,38605125770891E-19,22,2534520611391,6,44890529035031,-10,8005750863716,216748,02805305,52899,4369011804,18501,8158931938,9,66102395329233,0,0,0,0,0,0,0,0,0,0,0,0,0,0,0,0,0,0,0,0,0,0,0,0,0,0,0,0,0,0,0,0,0,0,0,0,0,0,0,0,0,0,0,0,0,0,0,0,0,0,0,0,0,0,0,0,0,0,0,0,0,0,0,0,0,0,0,0,0,0,0,0,0,0,0,0,0,0,0,0,0,0,0,0,0,0,0,0,0,0,0,0,0,0,0,0,0,0108437265419963,0,0114363955282956,0,0,0,0,0,0,0,0,0,0,0,0,0,0,910,65,731,426239714108,12,0663261244142,,41,7629092308155,0,11,2080426300761,0,0,0,0,0,0,0,0,0,0,0,0,00945428367440351,0,00283461768015625,0,0,1,6674221647978E-05,0,00871488865933423,0,17,0944972808341,6,37696343396339,0,0,42686,4983272491,40398,7192711693,0,
650-675C*,0,00534934002857639,948,150024,708,735998247484,1019,62989818703,2,08231874925094,365,867347820931,74,123727150967,74,9570406829546,1,34435153963155,1695,86365241324,11,0103896740813,309,169927360504,18,154870132346,0,60,5330010375618,442,743732994451,312,169927360504,-3,38738294865983,5,36970825134017,25,8762728490329,25,0429593170453,7,96771535195515,5618,0338097005,0,0,1,17729502161047E-14,1,11484109686491E-14,306,169927360504,1,59537066142017,0,0719436673713204,-3,28199355259406,5,47509764740594,0,409161185622113,1,43729907186958,0,0,00393062698136619,1,17292580372822E-21,30,1047071691033,7,7028156609831,-10,8005750863716,1439517,59915946,298610,144555541,92095,3121324782,8,33854291874025,0,0,0,0,0,0,0,0,0,0,0,0,0,0,0,0,0,0,0,0,0,0,0,0,0,0,0,0,0,0,0,0,0,0,0,0,0,0,0,0,0,0,0,0,0,0,0,0,0,0,0,0,0,0,0,0,0,0,0,0,0,0,0,0,0,0,0,0,0,0,0,0,0,0,0,0,0,0,0,0,0,0,0,0,0,0,0,0,0,0,0,0,0,0,0,0,1,11484109686491E-14,1,17729502161047E-14,0,0,0,0,0,0,0,0,0,0,0,0,0,0,935,65,2298,83152342759,12,0155918909772,,43,9646679906638,0,13,7990284958713,0,0,0,0,0,0,0,0,0,0,0,0,011292552932905,0,00338577424796094,0,0,1,99163191056526E-05,0,0104093916450116,0,18,154870132346,7,61688559485442,0,0,42473,1480253026,40225,8841657303,0,
675-700C*,0,00429536058382181,973,150024,765,58793572742,1029,57207420089,1,40669770184985,366,67233260401,74,4711861870075,75,351546074371,2,08004756352557,1880,94612101083,11,1980527177813,293,329375211629,19,2152429838578,0,60,6364708063883,441,215787687061,296,329375211629,-5,39704465020592,3,36004654979409,25,5288138129925,24,648453925629,12,204216401707,6228,64960392751,0,0,1,17920911134845E-14,1,11484109686491E-14,290,329375211629,1,60755516123919,0,0423327240810718,-5,53023554740363,3,22685565259637,0,409161185622113,1,52002050467058,0,0,00608166155554775,5,622719383272E-24,41,773791845188,11,9181794906902,-10,8005750863716,12534345,6037881,2175823,54454883,584321,369552444,7,56844555614772,0,0,0,0,0,0,0,0,0,0,0,0,0,0,0,0,0,0,0,0,0,0,0,0,0,0,0,0,0,0,0,0,0,0,0,0,0,0,0,0,0,0,0,0,0,0,0,0,0,0,0,0,0,0,0,0,0,0,0,0,0,0,0,0,0,0,0,0,0,0,0,0,0,0,0,0,0,0,0,0,0,0,0,0,0,0,0,0,0,0,0,0,0,0,0,0,1,11484109686491E-14,1,17920911134845E-14,0,0,0,0,0,0,0,0,0,0,0,0,0,0,960,65,8668,84387443552,11,9653141708857,,46,1526206772363,0,15,7239165275776,0,0,0,0,0,0,0,0,0,0,0,0,0174723995336148,0,00523863830813848,0,0,3,08155194596381E-05,0,0161059284649044,0,19,2152429838578,11,7852242186387,0,0,42305,7923046776,40089,5036090511,0,
700-725C*,0,0032990590856254,998,150024,837,169504440952,1038,31432900644,0,855987659315285,367,473917287942,75,0879184604329,76,0163088106357,3,0441043333623,2065,62542096933,11,3039023407943,276,694935317342,21,0347977133832,0,61,0202658684821,439,365611027999,279,694935317342,-7,40670635175201,1,35038484824799,24,9120815395671,23,9836911893642,16,7132995301913,6837,49974227322,0,0,1,18214629705269E-14,1,11484109686491E-14,273,694935317342,1,61903412196929,0,0232913582193055,-7,77847754221322,0,978613657786785,0,409161185622113,1,60277407738364,0,0,00890037930858989,1,37064635256234E-26,54,1606853529701,17,4419962646944,-10,8005750863716,148243656,541059,21179459,2962782,4886148,32238027,6,87711400418858,0,0,0,0,0,0,0,0,0,0,0,0,0,0,0,0,0,0,0,0,0,0,0,0,0,0,0,0,0,0,0,0,0,0,0,0,0,0,0,0,0,0,0,0,0,0,0,0,0,0,0,0,0,0,0,0,0,0,0,0,0,0,0,0,0,0,0,0,0,0,0,0,0,0,0,0,0,0,0,0,0,0,0,0,0,0,0,0,0,0,0,0,0,0,0,0,1,11484109686491E-14,1,18214629705269E-14,0,0,0,0,0,0,0,0,0,0,0,0,0,0,985,65,40278,8567152917,11,9152269320029,,48,3336509301678,0,17,7811614053399,0,0,0,0,0,0,0,0,0,0,0,0,0255704764002434,0,00766663313587543,0,0,4,50978419757378E-05,0,023570675734808,0,21,0347977133832,17,2474191180501,0,0,42156,082476782,39967,1279252233,0,
725-750C*,0,00249618291402345,1023,150024,922,136709947907,1045,82396300884,0,430188621647235,368,273348833269,75,1954432793546,76,1962974978694,4,00816110319904,2248,86977788585,11,3244756996691,260,622077365666,21,3359886868816,0,61,6830876893784,437,235577770466,263,622077365666,-9,4163680532981,-0,659276853298095,24,8045567206454,23,8037025021306,21,2513495140923,7441,72046125918,0,0,1,18560557360814E-14,1,11484109686491E-14,257,622077365666,1,62965945830327,0,0118204534832316,-10,0267195370228,-1,26962833702279,0,409161185622113,1,68636031123484,0,0,011719097061632,1,48132469721263E-29,66,7241378828959,22,9658130386986,-10,8005750863716,2477375244,26829,286191994,138695,55904667,8114556,6,21181105388235,0,0,0,0,0,0,0,0,0,0,0,0,0,0,0,0,0,0,0,0,0,0,0,0,0,0,0,0,0,0,0,0,0,0,0,0,0,0,0,0,0,0,0,0,0,0,0,0,0,0,0,0,0,0,0,0,0,0,0,0,0,0,0,0,0,0,0,0,0,0,0,0,0,0,0,0,0,0,0,0,0,0,0,0,0,0,0,0,0,0,0,0,0,0,0,0,1,11484109686491E-14,1,18560557360814E-14,0,0,0,0,0,0,0,0,0,0,0,0,0,0,1010,65,237547,211774302,11,8652541513089,,50,5100421198767,0,20,0611752400346,0,0,0,0,0,0,0,0,0,0,0,0,0336685532668719,0,0100946279636124,0,0,5,93801644918376E-05,0,0310354230047117,0,21,3359886868816,22,7096140174614,0,0,42023,5166933002,39858,2178133659,0,
750-775C*,0,00189127899053446,1048,150024,1013,71706771171,1050,11704396894,0,30401941997108,369,071874200535,75,3336616172429,76,4180566198074,4,86567533153807,2429,64741735747,11,3810980781674,243,755331668579,22,3963615383935,0,63,1500183117581,434,864093543517,255,912440381396,-11,4260297548442,-2,66893855484418,24,6663383827571,23,5819433801926,24,551013206473,8038,4479974069,0,0,1,28805544249475E-14,1,20679188932524E-14,240,755331668579,1,63716299847169,0,00543707019055863,-12,2749615318324,-3,51787033183237,0,409161185622113,1,77157972745022,0,0,0142263047847984,5,94693471596448E-33,78,9228996254116,27,8791663044493,-10,8005750863716,61130921337,3006,5603815305,79739,912647063,692558,5,32445037475184,0,0,0,0,0,0,0,0,0,0,0,0,0,0,0,0,0,0,0,0,0,0,0,0,0,0,0,0,0,0,0,0,0,0,0,0,0,0,0,0,0,0,0,0,0,0,0,0,0,0,0,0,0,0,0,0,0,0,0,0,0,0,0,0,0,0,0,0,0,0,0,0,0,0,0,0,0,0,0,0,0,0,0,0,0,0,0,0,0,0,0,0,0,0,0,0,1,20679188932524E-14,1,28805544249475E-14,0,0,0,0,0,0,0,0,0,0,0,0,0,0,1035,65,1838274,54421871,11,8153198057835,,52,6840776167817,0,23,3774766689016,0,0,0,0,0,0,0,0,0,0,0,0,0408716727849197,0,0122542934275773,0,0,7,20840789857491E-05,0,0376752052200073,0,22,3963615383935,27,5681555377905,0,0,41932,6888050126,39781,6714226132,0,
775-800C*,0,0014439513702688,1073,150024,1111,92550879076,1053,74992302591,0,243092220261555,369,870740350283,75,4866474120032,76,6642905140765,7,15160143598944,2606,92656498131,11,4380035685582,226,546521455421,23,4567343899053,0,64,7264072690887,432,285821973532,259,815901278909,-13,4356914563903,-4,67860025639027,24,5133525879968,23,3357094859234,27,5441183508131,8624,81858723793,0,0,1,29368108924329E-14,1,20679188932524E-14,223,546521455421,1,64419170659871,0,00221499481924664,-14,523203526642,-5,76611232664195,0,409161185622113,1,85923284725587,0,0,0209099158483365,7,03082695798661E-37,90,2157207709634,40,976981033805,-10,8005750863716,2339081127815,45,166790269079,061,22277823282,3963,4,34688171555463,0,0,0,0,0,0,0,0,0,0,0,0,0,0,0,0,0,0,0,0,0,0,0,0,0,0,0,0,0,0,0,0,0,0,0,0,0,0,0,0,0,0,0,0,0,0,0,0,0,0,0,0,0,0,0,0,0,0,0,0,0,0,0,0,0,0,0,0,0,0,0,0,0,0,0,0,0,0,0,0,0,0,0,0,0,0,0,0,0,0,0,0,0,0,0,0,1,20679188932524E-14,1,29368108924329E-14,0,0,0,0,0,0,0,0,0,0,0,0,0,0,1060,65,19373245,3438724,11,7653478724068,,54,8580407913011,0,25,651158223726,0,0,0,0,0,0,0,0,0,0,0,0,0600734520623113,0,018011440653603,0,0,0,000105949650903547,0,0553752631225048,0,23,4567343899053,40,5198553741811,0,0,41849,7235334152,39711,0901390485,0,
800-825C*,0,00100786959101414,1098,150024,1222,39262380358,1060,63014424857,0,188183881466192,370,671194243056,75,6296042916877,76,9105244083457,9,61236607912291,2779,67544635444,11,495193586401,208,995646726191,24,5171072414172,0,65,3722016821711,429,531931791022,263,719362176423,-15,4453531579364,-6,68826195793636,24,3703957083123,23,0894755916543,32,6031483651377,9197,9684672738,0,0,1,30028858315436E-14,1,20679188932524E-14,205,995646726191,1,65508899661801,0,000774901471086916,-16,7714455214515,-8,01435432145153,0,409161185622113,1,95012019187785,0,0,0281047213853936,1,79365614365673E-41,100,061351509998,55,0765791466,-10,8005750863716,146540585649572,7958736848181,05,856723687294,372,3,37211528625912,0,0,0,0,0,0,0,0,0,0,0,0,0,0,0,0,0,0,0,0,0,0,0,0,0,0,0,0,0,0,0,0,0,0,0,0,0,0,0,0,0,0,0,0,0,0,0,0,0,0,0,0,0,0,0,0,0,0,0,0,0,0,0,0,0,0,0,0,0,0,0,0,0,0,0,0,0,0,0,0,0,0,0,0,0,0,0,0,0,0,0,0,0,0,0,0,1,20679188932524E-14,1,30028858315436E-14,0,0,0,0,0,0,0,0,0,0,0,0,0,0,1085,65,289838522,972775,11,7152623281587,,57,0342150138536,0,29,1419515944752,0,0,0,0,0,0,0,0,0,0,0,0,0807438750646325,0,0242089219770503,0,0,0,000142405423394414,0,0744291059318,0,24,5171072414172,54,4621630296232,0,0,41724,6338546873,39607,7884016598,0,
825-850C*,0,000793207018170938,1123,150024,1332,73680360991,1062,88229908983,0,139294403584991,371,474482839397,75,5616530905455,76,9632675256945,11,2667155084413,2946,86228707397,11,552669554333,191,467223696523,25,5774800929291,0,67,1910922291174,426,630353116244,267,622823073936,-17,4550148594824,-8,69792365948245,24,4383469094545,23,0367324743055,34,8209135375475,9755,03387403605,0,0,1,30772501293498E-14,1,20679188932524E-14,188,102707480892,1,66105336439774,0,000223154414737214,-19,0196875162611,-10,2625963162611,0,409161185622113,2,04504228254222,0,0,032941722952163,6,44754093073519E-47,107,91854203296,64,5556092345075,-10,8005750863716,1,59653657487203E+16,645947817140337,55011183144133,6,2,4427800090743,0,0,0,0,0,0,0,0,0,0,0,0,0,0,0,0,0,0,0,0,0,0,0,0,0,0,0,0,0,0,0,0,0,0,0,0,0,0,0,0,0,0,0,0,0,0,0,0,0,0,0,0,0,0,0,0,0,0,0,0,0,0,0,0,0,0,0,0,0,0,0,0,0,0,0,0,0,0,0,0,0,0,0,0,0,0,0,0,0,0,0,0,0,0,0,0,1,20679188932524E-14,1,30772501293498E-14,0,0,0,0,0,0,0,0,0,0,0,0,0,0,1110,65,6447082497,20041,11,6649871500192,,59,2148836548577,0,33,2171623656616,0,0,0,0,0,0,0,0,0,0,0,0,094640410270907,0,0283754316508892,0,0,0,00016691430382876,0,087238829147646,0,25,5774800929291,63,835448190203,0,0,41656,9518767978,39548,585280992,0,
850-875C*,0,000451579374061693,1148,150024,1444,14853546373,1064,64856019684,0,0964237866179528,372,279726520084,75,8852393521591,77,4029921968839,15,0286838868863,3111,33689103283,11,6104329021047,194,324466419891,26,637852944441,0,69,0803780546523,423,606034728143,271,526283971449,-19,4646765610285,-10,7075853610285,24,1147606478409,22,5970078031161,36,5234337838332,10304,351233628,0,0,1,40139515862692E-14,1,28452082851152E-14,170,093368204498,1,6666668150456,4,98381587299703E-05,-21,2679295110707,-12,5108383110707,0,409161185622113,2,14197320528723,0,0,0439409995367793,1,79175042785312E-53,114,66917295306,86,1107963171593,-10,8005750863716,3,23358660503234E+18,9,52189205139439E+16,6,29132191721739E+15,1,67697387214903,0,0,0,0,0,0,0,0,0,0,0,0,0,0,0,0,0,0,0,0,0,0,0,0,0,0,0,0,0,0,0,0,0,0,0,0,0,0,0,0,0,0,0,0,0,0,0,0,0,0,0,0,0,0,0,0,0,0,0,0,0,0,0,0,0,0,0,0,0,0,0,0,0,0,0,0,0,0,0,0,0,0,0,0,0,0,0,0,0,0,0,0,0,0,0,0,1,28452082851152E-14,1,40139515862692E-14,0,0,0,0,0,0,0,0,0,0,0,0,0,0,1135,65,224470016369,612,11,6145870561913,,61,3988953891147,0,37,5630578193497,0,0,0,0,0,0,0,0,0,0,0,0,126240944649845,0,037850018678084,0,0,0,000222647168694612,0,116367967660118,0,26,637852944441,85,1501727286439,0,0,41594,6927405022,39493,4326918476,0,
875-900C*,0,00136726023762762,1173,150024,1565,53911101629,1068,28143925381,0,0595720305650766,373,081116150334,75,997746501709,77,6492260911531,20,6611698216636,3283,41546408515,11,6684850666152,197,18170914326,27,6982257959528,0,70,4177509715242,420,481196278073,275,429744868963,-21,4743382625746,-12,7172470625746,24,002253498291,22,3507739088469,39,5165389281733,10875,6615227392,0,0,1,42964915623441E-14,1,30075110908713E-14,152,553548199543,1,67461999876416,7,91503993988583E-06,-23,5161715058803,-14,7590803058803,0,409161185622113,2,23338969146515,0,0,0604093119794228,1,60737721426156E-61,124,13313939961,118,383605615656,-10,8005750863716,1,31066274939024E+21,2,74131848995851E+19,1,37655484936968E+18,0,890918599872798,0,0,0,0,0,0,0,0,0,0,0,0,0,0,0,0,0,0,0,0,0,0,0,0,0,0,0,0,0,0,0,0,0,0,0,0,0,0,0,0,0,0,0,0,0,0,0,0,0,0,0,0,0,0,0,0,0,0,0,0,0,0,0,0,0,0,0,0,0,0,0,0,0,0,0,0,0,0,0,0,0,0,0,0,0,0,0,0,0,0,0,0,0,0,0,0,1,30075110908713E-14,1,42964915623441E-14,0,0,0,0,0,0,0,0,0,0,0,0,0,0,1160,65,12951128856672,4,11,5644450064619,,63,5768055905799,0,41,1094531069618,0,0,0,0,0,0,0,0,0,0,0,0,173553826501974,0,0520355388101156,0,0,0,000306091404765386,0,15998063168562,0,27,6982257959528,100,0,0,41511,545288529,39422,6176890785,0,
900-925C*,9,73146326473259E-05,1198,150024,1692,92260956965,1071,91431831079,0,0287391354263626,373,882505780584,76,0998793110309,77,8954599854222,24,4982728912679,3455,49403713747,11,7268274919483,200,038951866628,28,7585986474647,0,71,7031194537229,417,275571158095,279,333205766476,-23,4839999641207,-14,7269087641207,23,9001206889691,22,1045400145778,42,5096440725133,11446,9718118504,0,0,1,45942962104782E-14,1,31698138966274E-14,135,013728194587,1,68280424137475,7,83947146316211E-07,-25,7644135006898,-17,0073223006898,0,409161185622113,2,32480617764307,0,0,0716282680419147,1,24163910207317E-71,133,597105846159,140,369296668946,-10,8005750863716,1,01849998435541E+24,1,67012446703634E+22,6,23717004748566E+20,0,623837124737073,0,0,0,0,0,0,0,0,0,0,0,0,0,0,0,0,0,0,0,0,0,0,0,0,0,0,0,0,0,0,0,0,0,0,0,0,0,0,0,0,0,0,0,0,0,0,0,0,0,0,0,0,0,0,0,0,0,0,0,0,0,0,0,0,0,0,0,0,0,0,0,0,0,0,0,0,0,0,0,0,0,0,0,0,0,0,0,0,0,0,0,0,0,0,0,0,1,31698138966274E-14,1,45942962104782E-14,0,0,0,0,0,0,0,0,0,0,0,0,0,0,1185,65,1,31887705592961E+15,11,5143029567325,,65,7547157920452,0,44,6558483945738,0,0,0,0,0,0,0,0,0,0,0,0,20578549228665,0,0616993539483784,0,0,0,000362937376166932,0,189691542452854,0,28,7585986474647,100,0,0,41428,7396433067,39352,1120492298,0,
925-950C*,6,81156464406296E-07,1223,150024,1826,27928378981,1075,54719736776,0,00574598009414197,374,683895410834,76,1914690835149,78,1416938796913,31,01714338158,3627,57261018978,11,785461629408,202,896194589997,29,8189714989766,0,72,9391576698014,414,00663712532,283,236666663989,-25,4936616656668,-16,7365704656668,23,8085309164851,21,8583061203087,45,5027492168533,12018,2821009615,0,0,1,49085101469415E-14,1,33321167023835E-14,117,473908189632,1,69122032649191,0,-28,0126554954994,-19,2555642954994,0,409161185622113,2,41622266382099,0,0,0906881995270047,1,01179546585337E-84,143,061072292709,177,720879364689,-10,8005750863716,2,47765514802745E+25,8,64229057285717E+24,6,3867634843171E+23,0,0972687510310941,0,0,0,0,0,0,0,0,0,0,0,0,0,0,0,0,0,0,0,0,0,0,0,0,0,0,0,0,0,0,0,0,0,0,0,0,0,0,0,0,0,0,0,0,0,0,0,0,0,0,0,0,0,0,0,0,0,0,0,0,0,0,0,0,0,0,0,0,0,0,0,0,0,0,0,0,0,0,0,0,0,0,0,0,0,0,0,0,0,0,0,0,0,0,0,0,1,33321167023835E-14,1,49085101469415E-14,0,0,0,0,0,0,0,0,0,0,0,0,0,0,1210,65,2,54138176412775E+17,11,4641609070031,,67,9326259935105,0,48,2022436821858,0,0,0,0,0,0,0,0,0,0,0,0,260544004405272,0,0781172499980533,0,0,0,000459513235282666,0,240167533305191,0,29,8189714989766,100,0,0,41346,2746674545,39281,9147380168,0,
950-975C*,0,1248,150024,1965,63890374293,1079,18007642474,0,375,485285041083,76,2723096362057,78,3879277739605,37,5586276259954,3799,6511832421,11,8443889375551,205,753437313365,30,8793443504885,,,,287,140127561502,-27,5033233672129,,23,7276903637943,21,6120722260395,48,4958543611934,12589,5923900727,,,1,52404065763695E-14,1,34944195081396E-14,99,9340881846765,,,-30,260897490309,,0,409161185622114,2,50763914999891,0,0,109814249307353,,152,525038739259,215,202033511146,,,,,0,0,0,0,0,0,0,0,0,0,0,0,0,0,0,0,0,0,0,0,0,0,0,0,0,0,0,0,0,0,0,0,0,0,0,0,0,0,0,0,0,0,0,0,0,0,0,0,0,0,0,0,0,0,0,0,0,0,0,0,0,0,0,0,0,0,0,0,0,0,0,0,0,0,0,0,0,0,0,0,0,0,0,0,0,0,0,0,0,0,0,0,0,0,0,0,0,,,,,0,0,0,0,0,0,0,0,0,0,0,0,1235,65,,11,4140188572737,135,025188484544,70,1105361949757,,51,7486389697979,,,,,,,,,,,,0,315492472058361,0,0945920992062106,,,0,00055642411297771,0,290818623762123,,30,8793443504885,100,,,41264,1491845539,,,
975-1000C*,0,1273,150024,2111,07732393261,1082,81295548171,0,376,286674671333,76,3421543189736,78,6341616682296,43,1911135607727,3971,72975629441,11,9036108822428,208,610680036734,31,9397172020003,,,,291,043588459016,-29,512985068759,,23,6578456810264,21,3658383317704,51,4889595055335,13160,9026791839,,,1,55914050388608E-14,1,36567223138957E-14,82,3942681797211,,,-32,5091394851186,,0,409161185622114,2,59905563617683,0,0,126282561749997,,161,989005185808,247,474842809643,,,,,0,0,0,0,0,0,0,0,0,0,0,0,0,0,0,0,0,0,0,0,0,0,0,0,0,0,0,0,0,0,0,0,0,0,0,0,0,0,0,0,0,0,0,0,0,0,0,0,0,0,0,0,0,0,0,0,0,0,0,0,0,0,0,0,0,0,0,0,0,0,0,0,0,0,0,0,0,0,0,0,0,0,0,0,0,0,0,0,0,0,0,0,0,0,0,0,0,,,,,0,0,0,0,0,0,0,0,0,0,0,0,1260,65,,11,3638768075442,135,105824547412,72,288446396441,,55,2950342574099,,,,,,,,,,,,0,36280535391049,0,108777619338242,,,0,000639868349048484,0,334431287787624,,31,9397172020003,100,,,41182,3619813136,,,
1000-1050C*,0,1323,150024,2340,89962225984,1088,26227406717,0,377,488759116708,76,425655411143,79,0035125096333,51,6398424629386,4229,84761587288,11,9631289366541,212,896544121786,33,5302764792681,,,,296,898779805286,-32,5274776210781,,23,574344588857,20,9964874903667,55,9786172220435,14017,8681128507,,,1,61572417919044E-14,1,39001765225298E-14,56,084538172288,,,-35,881502477333,,0,409161185622114,2,73618036544371,0,0,150985030413962,,176,184954855633,295,884056757388,,,,,0,0,0,0,0,0,0,0,0,0,0,0,0,0,0,0,0,0,0,0,0,0,0,0,0,0,0,0,0,0,0,0,0,0,0,0,0,0,0,0,0,0,0,0,0,0,0,0,0,0,0,0,0,0,0,0,0,0,0,0,0,0,0,0,0,0,0,0,0,0,0,0,0,0,0,0,0,0,0,0,0,0,0,0,0,0,0,0,0,0,0,0,0,0,0,0,0,,,,,0,0,0,0,0,0,0,0,0,0,0,0,1298,15,,11,2886637329501,134,586429012242,75,5553116986389,,60,6146271888279,,,,,,,,,,,,0,433774676688684,0,13005589953629,,,0,000765034703154646,0,399850283825876,,33,5302764792681,100,,,41060,3127115891,,,
1050-1100C*,0,1373,150024,2669,99605642131,1095,52803218112,0,379,091538377208,76,4953767578078,79,4959802981715,62,9048143324931,4574,00476197752,12,0229445813373,218,611029568523,35,6510221822919,,,,304,705701600313,-36,5468010241703,,23,5046232421922,20,5040197018285,61,9648275107236,15160,488691073,,,1,69950492369184E-14,1,4224782134042E-14,53,15,,,-40,3779864669521,,0,409161185622114,2,91901333779954,0,0,183921655299249,,195,112887748732,360,429675354381,,,,,0,0,0,0,0,0,0,0,0,0,0,0,0,0,0,0,0,0,0,0,0,0,0,0,0,0,0,0,0,0,0,0,0,0,0,0,0,0,0,0,0,0,0,0,0,0,0,0,0,0,0,0,0,0,0,0,0,0,0,0,0,0,0,0,0,0,0,0,0,0,0,0,0,0,0,0,0,0,0,0,0,0,0,0,0,0,0,0,0,0,0,0,0,0,0,0,0,,,,,0,0,0,0,0,0,0,0,0,0,0,0,1348,15,,11,1883796334913,134,058461876108,79,9111321015694,,67,707417764052,,,,,,,,,,,,0,528400440392942,0,158426939800353,,,0,000931923175296195,0,487075611876878,,35,6510221822919,100,,,40898,7524119848,,,
1100-1150C*,0,1423,150024,3026,58621777639,1102,79379029507,0,380,694317637707,76,5141724121587,79,9884480867098,74,1697862020477,4918,16190808215,12,083059304244,224,325515015261,37,7717678853156,,,,312,512623395339,-40,5661244272625,,23,4858275878413,20,0115519132902,67,9510377994037,16303,1092692954,,,1,79450198711843E-14,1,45493877455542E-14,53,15,,,-44,8744704565713,,0,409161185622114,3,10184631015538,0,0,216858280184535,,214,040820641831,424,975293951374,,,,,0,0,0,0,0,0,0,0,0,0,0,0,0,0,0,0,0,0,0,0,0,0,0,0,0,0,0,0,0,0,0,0,0,0,0,0,0,0,0,0,0,0,0,0,0,0,0,0,0,0,0,0,0,0,0,0,0,0,0,0,0,0,0,0,0,0,0,0,0,0,0,0,0,0,0,0,0,0,0,0,0,0,0,0,0,0,0,0,0,0,0,0,0,0,0,0,0,,,,,0,0,0,0,0,0,0,0,0,0,0,0,1398,15,,11,0880955340324,133,521850407886,84,2669525044999,,74,800208339276,,,,,,,,,,,,0,6230262040972,0,186797980064416,,,0,00109881164743774,0,57430093992788,,37,7717678853156,100,,,40738,5217542574,,,
1150+C*,0,1623,150024,4052,72166696787,1120,95818557995,0,384,701265788956,76,3039171886612,81,2196175580554,100,5778,55477334373,12,1434746007652,238,611728632103,43,073632142875,,,,332,029927882906,-50,6144329349929,,23,6960828113388,18,7803824419445,82,9165635211039,19159,6607148512,,,2,0982848509768E-14,1,53609017743347E-14,53,15,,,-56,1156804306192,,0,409161185622114,3,55892874104498,0,0,537470122672138,,261,36065287458,1053,2755455697,,,,,0,0,0,0,0,0,0,0,0,0,0,0,0,0,0,0,0,0,0,0,0,0,0,0,0,0,0,0,0,0,0,0,0,0,0,0,0,0,0,0,0,0,0,0,0,0,0,0,0,0,0,0,0,0,0,0,0,0,0,0,0,0,0,0,0,0,0,0,0,0,0,0,0,0,0,0,0,0,0,0,0,0,0,0,0,0,0,0,0,0,0,0,0,0,0,0,0,,,,,0,0,0,0,0,0,0,0,0,0,0,0,1523,15,,10,8373852853854,129,337706473967,95,1565035118262,,92,5321847773362,,,,,,,,,,,,1,54413273986648,0,462967488143388,,,0,00272333816554934,1,42337012158862,,43,073632142875,100,,,40343,6882341484,,,
