Name,Leona-1997
Created,25/03/2026 09:11:17
Cpt,Composition,Boiling Temperature,Molecular Weight,Standard Liquid Density,Acidity,Aniline Point,Assay - Aromatics Vol Pct,Assay - Aromatics Wt Pct,Asphaltene Content,Basic Nitrogen Content,C to H Ratio,Cloud Point,Conradson Carbon Content,Copper Content,Cetane Number,Flash Point,Freeze Point,MON (Clear),MON (Leaded),Assay - Naphthenes Vol Pct,Assay - Naphthenes Wt Pct,Nickel Content,Nitrogen Content,Assay - Olefins Vol Pct,Assay - Olefins Wt Pct,Assay - Paraffins Vol Pct,Assay - Paraffins Wt Pct,Pour Point,Refractive Index,Reid Vapour Pressure,RON (Clear),RON (Leaded),Smoke Point,Sulfur Content,Mercaptan Sulfur Content,Sodium Content,True Vapour Pressure,Vanadium Content,Iron Content,Luminometer Number,Viscosity @ 38C,Viscosity @ 50C,Viscosity @ 60C,Wax Content,Pi C6 22DMB Wt Pct,Pi C6 22DMB Vol Pct,Pi C6 23DMB Wt Pct,Pi C6 23DMB Vol Pct,Pi C6 2MP Wt Pct,Pi C6 2MP Vol Pct,Pi C6 3MP Wt Pct,Pi C6 3MP Vol Pct,Pi C7 22-mPentane Wt Pct,Pi C7 22-mPentane Vol Pct,Pi C7 24-mPentane Wt Pct,Pi C7 24-mPentane Vol Pct,Pi C7 223-mButane Wt Pct,Pi C7 223-mButane Vol Pct,Pi C7 33-mPentane Wt Pct,Pi C7 33-mPentane Vol Pct,Pi C7 23-mPentane Wt Pct,Pi C7 23-mPentane Vol Pct,Pi C7 2-mHexane Wt Pct,Pi C7 2-mHexane Vol Pct,Pi C7 3-mHexane Wt Pct,Pi C7 3-mHexane Vol Pct,Pi C7 3-ePentane Wt Pct,Pi C7 3-ePentane Vol Pct,Pi C6 Wt Pct,Pi C6 Vol Pct,Pi C7 Wt Pct,Pi C7 Vol Pct,Pi C8 Wt Pct,Pi C8 Vol Pct,Pi C9 Wt Pct,Pi C9 Vol Pct,Pi C10  Wt Pct,Pi C10  Vol Pct,Pi C11  Wt Pct,Pi C11  Vol Pct,Pn C6 Hexane Wt Pct,Pn C6 Hexane Vol Pct,Pn C7 Heptane Wt Pct,Pn C7 Heptane Vol Pct,Pn C8 Octane Wt Pct,Pn C8 Octane Vol Pct,Pn C9 Nonane Wt Pct,Pn C9 Nonane Vol Pct,Pn C10 Decane Wt Pct,Pn C10 Decane Vol Pct,Pn C11 n-C11 Wt Pct,Pn C11 n-C11 Vol Pct,On C6 Wt Pct,On C6 Vol Pct,On C7 Wt Pct,On C7 Vol Pct,On C8 Wt Pct,On C8 Vol Pct,On C9 Wt Pct,On C9 Vol Pct,On C10 Wt Pct,On C10 Vol Pct,On C11 Wt Pct,On C11 Vol Pct,A C6 Benzene Wt Pct,A C6 Benzene Vol Pct,A C7 Toluene Wt Pct,A C7 Toluene Vol Pct,A C8 m-Xylene Wt Pct,A C8 m-Xylene Vol Pct,A C8 o-Xylene Wt Pct,A C8 o-Xylene Vol Pct,A C8 p-Xylene Wt Pct,A C8 p-Xylene Vol Pct,A C8 EthBenz Wt Pct,A C8 EthBenz Vol Pct,N C6 cyc-C5 Wt Pct,N C6 cyc-C5 Vol Pct,N C6 cyc-C6 Wt Pct,N C6 cyc-C6 Vol Pct,A C8 Wt Pct,A C8 Vol Pct,A C9 Wt Pct,A C9 Vol Pct,A C10 Wt Pct,A C10 Vol Pct,A C11 Wt Pct,A C11 Vol Pct,N C6 Wt Pct,N C6 Vol Pct,N C7 Wt Pct,N C7 Vol Pct,N C8 Wt Pct,N C8 Vol Pct,N C9 Wt Pct,N C9 Vol Pct,N C10 Wt Pct,N C10 Vol Pct,N C11 Wt Pct,N C11 Vol Pct,Pi Wt Pct,Pi Vol Pct,Pn Wt Pct,Pn Vol Pct,Oi C6 Wt Pct,Oi C6 Vol Pct,Oi C7 Wt Pct,Oi C7 Vol Pct,Oi C8 Wt Pct,Oi C8 Vol Pct,Oi C9 Wt Pct,Oi C9 Vol Pct,Oi C10 Wt Pct,Oi C10 Vol Pct,Oi C11 Wt Pct,Oi C11 Vol Pct,Centroid Boiling Temperature,Viscosity @ 100C,Hydrogen,CarbonByWt,PValue,RamsCarbonResidueByWt,SulfideByWt,ZincByWt,TinByWt,ChromiumByWt,LeadByWt,AluminiumByWt,MagnesiumByWt,MetalByWt,ArsenicByWt,CadmiumByWt,MercuryByWt,NaClByWt,SaltByWt,MudByWt,ChloridesByWt,MolybdenumByWt,AshByWt,GumByWt,MicroCarbonResidueByWt,nC5InsolublesByWt,NaphthenicAcidByWt,NaphthenicAcidByVol,Gross Heating Value,Net Heating Value,Oxygen Content,
Hydrogen,0,20,5548,2,016000032,69,85910034,0,,0,0,0,0,0,13,9,0,0,,,13,9,10,,0,0,0,0,0,0,0,0,13,9,,,130,,,0,0,0,,0,0,,,,,0,,,,,,,,,,,,,,,,,,,,,,,,,,,,,,,,,,,,,,,,,,,,,,,,,,,,,,,,,,,,,,,,,,,,,,,,,,,,,,,,,,,,,,,,,,,,,,,,,0,0,0,0,,,,,,,,,,,,,,,100,0,,,,,,,,,,,,,,,,,,,,,0,,,,,,,
Nitrogen,0,77,3498,28,0135,806,3740234,0,,0,0,0,0,0,63,1,0,0,,,63,1,,,0,0,0,0,0,0,0,0,63,1,,,,,,0,0,0,,0,0,,,,,0,,,,,,,,,,,,,,,,,,,,,,,,,,,,,,,,,,,,,,,,,,,,,,,,,,,,,,,,,,,,,,,,,,,,,,,,,,,,,,,,,,,,,,,,,,,,,,,,,0,0,0,0,,,,,,,,,,,,,,,0,0,,,,,,,,,,,,,,,,,,,,,0,,,,,,,
CO,0,81,6996,28,0109005,799,3880005,0,,0,0,0,0,0,68,2,0,0,,,68,2,,,0,0,0,0,0,0,0,0,68,2,,,120,,,0,0,0,,0,0,,,,,0,,,,,,,,,,,,,,,,,,,,,,,,,,,,,,,,,,,,,,,,,,,,,,,,,,,,,,,,,,,,,,,,,,,,,,,,,,,,,,,,,,,,,,,,,,,,,,,,,0,0,0,0,,,,,,,,,,,,,,,0,0,,,,,,,,,,,,,,,,,,,,,0,,,,,,,
Oxygen,0,90,1996,32,1137,680054,0,,0,0,0,0,0,54,4,0,0,,,54,4,,,0,0,0,0,0,0,0,0,54,4,,,120,,,0,0,0,,0,0,,,,,0,,,,,,,,,,,,,,,,,,,,,,,,,,,,,,,,,,,,,,,,,,,,,,,,,,,,,,,,,,,,,,,,,,,,,,,,,,,,,,,,,,,,,,,,,,,,,,,,,0,0,0,0,,,,,,,,,,,,,,,0,0,,,,,,,,,,,,,,,,,,,,,0,,,,,,,
Methane,0,111,625,16,04290009,299,3940125,0,,0,0,0,0,3,90,4,0,0,,85,15,90,4,,,0,0,0,0,0,0,100,100,90,4,,,120,,,0,0,0,,0,0,,,,,0,,,,,,,,,,,,,,,,,,,,,,,,,,,,,,,,,,,,,,,,,,,,,,,,,,,,,,,,,,,,,,,,,,,,,,,,,,,,,,,,,,,,,,,,,,,,,,,,,0,0,100,100,,,,,,,,,,,,,,,25,13516209,75,,,,,,,,,,,,,,,,,,,,,0,,,,,,,
Ethylene,0,169,399,28,05380058,383,2260132,0,,0,0,0,0,6,104,0,0,,137,15,104,75,6,,0,0,0,0,100,100,0,0,104,,,100,51,,,0,0,0,,0,0,,,,,0,,,,,,,,,,,,,,,,,,,,,,,,,,,,,,,,,,,,,,,,,,,,,,,,,,,,,,,,,,,,,,,,,,,,,,,,,,,,,,,,,,,,,,,,,,,,,,,,,0,0,0,0,,,,,,,,,,,,,,,14,34761566,85,71428571,,,,,,,,,,,,,,,,,,,,,0,,,,,,,
Ethane,0,184,55,30,06990051,355,6830139,0,,0,0,0,0,4,90,4,0,0,,138,15,90,4,100,79,,0,0,0,0,0,0,100,100,90,4,,,111,38,,,0,0,0,,0,0,,,,,0,,,,,,,,,,,,,,,,,,,,,,,,,,,,,,,,,,,,,,,,,,,,,,,,,,,,,,,,,,,,,,,,,,,,,,,,,,,,,,,,,,,,,,,,,,,,,,,,,0,0,100,100,,,,,,,,,,,,,,,20,11147323,80,,,,,,,,,,,,,,,,,,,,,0,,,,,,,
CO2,0,194,598,44,00970078,825,335022,0,,0,0,0,0,0,217,0,0,,,217,,,0,0,0,0,0,0,0,0,217,,,,,,0,0,0,,0,0,,,,,0,,,,,,,,,,,,,,,,,,,,,,,,,,,,,,,,,,,,,,,,,,,,,,,,,,,,,,,,,,,,,,,,,,,,,,,,,,,,,,,,,,,,,,,,,,,,,,,,,0,0,0,0,,,,,,,,,,,,,,,0,0,,,,,,,,,,,,,,,,,,,,,0,,,,,,,
H2S,0,213,498,34,07600021,788,40802,0,,0,0,0,0,0,188,0,0,,,188,,,0,0,0,0,0,0,0,0,188,,2759,,,,94,1177,0,0,,0,0,,,,,0,,,,,,,,,,,,,,,,,,,,,,,,,,,,,,,,,,,,,,,,,,,,,,,,,,,,,,,,,,,,,,,,,,,,,,,,,,,,,,,,,,,,,,,,,,,,,,,,,0,0,0,0,,,,,,,,,,,,,,,5,911554252,0,,,,,,,,,,,,,,,,,,,,,0,,,,,,,
Propene,0,225,399,42,08060074,520,9550171,0,,0,0,0,0,6,87,9,0,0,,165,87,9,84,9,,0,0,0,0,100,100,0,0,87,9,,1565,102,54,,,0,0,0,,0,0,,,,,0,,,,,,,,,,,,,,,,,,,,,,,,,,,,,,,,,,,,,,,,,,,,,,,,,,,,,,,,,,,,,,,,,,,,,,,,,,,,,,,,,,,,,,,,,,,,,,,,,0,0,0,0,,,,,,,,,,,,,,,14,36465558,85,71428571,,,,,,,,,,,,,,,,,,,,,0,,,,,,,
Propane,0,000540634891333006,231,048,44,09700012,506,678009,0,,0,0,0,0,4,5,85,5,0,0,,169,15,85,5,97,1,,0,0,0,0,0,0,100,100,85,5,,1303,112,14,,,0,0,0,,0,0,,,,,0,,,,,,,,,,,,,,,,,,,,,,,,,,,,,,,,,,,,,,,,,,,,,,,,,,,,,,,,,,,,,,,,,,,,,,,,,,,,,,,,,,,,,,,,,,,,,,,,,0,0,100,100,,,,,,,,,,,,,,,18,28426304,81,81818182,,,,,,,,,,,,,,,,,,,,,0,,,,,,,
i-Butane,0,00474247068196506,261,42,58,12400055,561,9660034,0,380,85,0,0,0,0,4,8,114,0,0,,190,15,114,97,6,,0,0,0,0,0,0,100,100,114,,489,6,101,426,,,0,0,0,,0,0,,,,,0,,,,,,,,,,,,,,,,,,,,,,,,,,,,,,,,,,,,,,,,,,,,,,,,,,,,,,,,,,,,,,,,,,,,,,,,,,,,,,,,,,,,,,,,,,,,,,,,,100,100,0,0,,,,,,,,,,,,,,,17,34802065,82,75862069,,,,,,,,,,,,,,,,,,,,,0,,,,,,,
i-Butene,0,266,299,56,10770035,592,7930298,0,286,7055556,0,0,0,0,6,133,0,0,,193,15,133,88,1,,0,0,0,0,100,100,0,0,133,,442,7,105,2096138,,,0,0,0,,0,0,,,,,0,,,,,,,,,,,,,,,,,,,,,,,,,,,,,,,,,,,,,,,,,,,,,,,,,,,,,,,,,,,,,,,,,,,,,,,,,,,,,,,,,,,,,,,,,,,,,,,,,0,0,0,0,,,,,,,,,,,,,,,14,37319073,85,71428571,,,,,,,,,,,,,,,,,,,,,0,,,,,,,
1-Butene,0,266,898,56,10770035,593,7890015,0,,0,0,0,0,6,87,8,0,0,,193,15,87,8,80,8,,0,0,0,0,100,100,0,0,87,8,,432,97,4,,,0,0,0,,0,0,,0,236064836133691,0,219972008704656,0,208210021632581,0,,,,,,,,,,,,,,,,,,,,,,,,,,,,,,,,,,,,,,,,,,,,,,,,,,,,,,,,,,,,,,,,,,,,,,,,,,,,,,,,,,,,,,,,,,,,,,,,,0,0,0,0,,,,,,,,,,,,,,,14,37319073,85,71428571,,,,,,,,,,,,,,,,,,,,,0,,,,,,,
13-Butadiene,0,268,7,54,1,619,7440186,0,,0,0,0,0,8,164,0,0,,197,15,164,73,94513286,,0,0,0,0,100,100,0,0,164,,409,6,102,9723045,,,0,0,0,,0,0,,,,,0,,,,,,,,,,,,,,,,,,,,,,,,,,,,,,,,,,,,,,,,,,,,,,,,,,,,,,,,,,,,,,,,,,,,,,,,,,,,,,,,,,,,,,,,,,,,,,,,,0,0,0,0,,,,,,,,,,,,,,,11,17841035,88,88888889,,,,,,,,,,,,,,,,,,,,,0,,,,,,,
n-Butane,0,00796757102126855,272,648,58,12400055,583,2230225,0,356,35,0,0,0,0,4,8,135,0,0,,213,15,135,89,6,,0,0,0,0,0,0,100,100,135,,358,5,93,8,,,0,0,0,,0,0,,0,241514675581771,0,217701202498228,,0,,,,,,,,,,,,,,,,,,,,,,,,,,,,,,,,,,,,,,,,,,,,,,,,,,,,,,,,,,,,,,,,,,,,,,,,,,,,,,,,,,,,,,,,,,,,,,,,,0,0,100,100,,,,,,,,,,,,,,,17,34802065,82,75862069,,,,,,,,,,,,,,,,,,,,,0,,,,,,,
tr2-Butene,0,274,027,56,1,608,684021,0,,0,0,0,0,6,168,0,0,,201,168,83,84306902,,0,0,0,0,100,100,0,0,168,,343,9,105,0089318,,,0,0,0,,0,0,,,,,0,,,,,,,,,,,,,,,,,,,,,,,,,,,,,,,,,,,,,,,,,,,,,,,,,,,,,,,,,,,,,,,,,,,,,,,,,,,,,,,,,,,,,,,,,,,,,,,,,0,0,0,0,,,,,,,,,,,,,,,14,37319073,85,71428571,,,,,,,,,,,,,,,,,,,,,0,,,,,,,
i-Pentane,0,00961142783614591,301,028,72,15100098,623,4420166,0,343,95,0,0,0,0,5,113,0,0,,217,113,90,3,,0,0,0,0,0,0,100,100,113,,133,8,92,3,,,0,0,0,,0,0,,,,,0,,,,,,,,,,,,,,,,,,,,,,,,,,,,,,,,,,,,,,,,,,,,,,,,,,,,,,,,,,,,,,,,,,,,,,,,,,,,,,,,,,,,,,,,,,,,,,,,,100,100,0,0,,,,,,,,,,,,,,,16,75213296,83,33333333,,,,,,,,,,,,,,,,,,,,,0,,,,,,,
1-Pentene,0,303,096,70,13500214,638,7230225,0,292,25,0,0,0,0,6,108,0,0,,245,108,77,1,,0,0,0,0,100,100,0,0,108,,131,8,90,9,,,0,0,0,,0,0,,,,,0,,,,,,,,,,,,,,,,,,,,,,,,,,,,,,,,,,,,,,,,,,,,,,,,,,,,,,,,,,,,,,,,,,,,,,,,,,,,,,,,,,,,,,,,,,,,,,,,,0,0,0,0,,,,,,,,,,,,,,,14,37831669,85,71428571,,,,,,,,,,,,,,,,,,,,,0,,,,,,,
2M-1-butene,0,304,303,70,1,654,3800049,0,,0,0,0,0,6,136,0,0,,221,136,81,9,,0,0,0,0,100,100,0,0,136,,127,2,102,54,,,0,0,0,,0,0,,,,,0,,,,,,,,,,,,,,,,,,,,,,,,,,,,,,,,,,,,,,,,,,,,,,,,,,,,,,,,,,,,,,,,,,,,,,,,,,,,,,,,,,,,,,,,,,,,,,,,,0,0,0,0,,,,,,,,,,,,,,,14,37831669,85,71428571,,,,,,,,,,,,,,,,,,,,,0,,,,,,,
n-Pentane,0,309,209,72,15100098,629,7290039,0,343,95,0,0,0,0,5,143,0,0,,233,143,61,9,,0,0,0,0,0,0,100,100,143,,101,35,61,7,,,0,0,0,,0,0,,0,317713556013358,0,28795065870348,0,265338970196147,0,,,,,,,,,,,,,,,,,,,,,,,,,,,,,,,,,,,,,,,,,,,,,,,,,,,,,,,,,,,,,,,,,,,,,,,,,,,,,,,,,,,,,,,,,,,,,,,,,0,0,100,100,,,,,,,,,,,,,,,16,75213296,83,33333333,,,,,,,,,,,,,,,,,,,,,0,,,,,,,
cis2-Butene,0,276,867,56,1,625,9530029,0,,0,0,0,0,6,134,0,0,,203,134,83,5,,0,0,0,0,100,100,0,0,134,,314,4,100,,,0,0,0,,0,0,,,,,0,,,,,,,,,,,,,,,,,,,,,,,,,,,,,,,,,,,,,,,,,,,,,,,,,,,,,,,,,,,,,,,,,,,,,,,,,,,,,,,,,,,,,,,,,,,,,,,,,0,0,0,0,,,,,,,,,,,,,,,14,37319073,85,71428571,,,,,,,,,,,,,,,,,,,,,0,,,,,,,
3M-1-butene,0,293,204,70,1,631,2700195,0,,0,0,0,0,6,105,0,0,,217,105,85,26729455,,0,0,0,0,100,100,0,0,105,,190,101,6748769,,,0,0,0,,0,0,,,,,0,,,,,,,,,,,,,,,,,,,,,,,,,,,,,,,,,,,,,,,,,,,,,,,,,,,,,,,,,,,,,,,,,,,,,,,,,,,,,,,,,,,,,,,,,,,,,,,,,0,0,0,0,,,,,,,,,,,,,,,14,37831669,85,71428571,,,,,,,,,,,,,,,,,,,,,0,,,,,,,
2M-2-butene,0,311,704,70,1,666,1090088,0,406,15,0,0,0,0,6,139,0,0,,228,139,84,7,,0,0,0,0,100,100,0,0,139,,98,11,97,3,,,0,0,0,,0,0,,,,,0,,,,,,,,,,,,,,,,,,,,,,,,,,,,,,,,,,,,,,,,,,,,,,,,,,,,,,,,,,,,,,,,,,,,,,,,,,,,,,,,,,,,,,,,,,,,,,,,,0,0,0,0,,,,,,,,,,,,,,,14,37831669,85,71428571,,,,,,,,,,,,,,,,,,,,,0,,,,,,,
2M-13-C4==,0,307,204,68,1,684,8460083,0,,0,0,0,0,7,5,127,0,0,,219,127,81,,0,0,0,0,100,100,0,0,127,,118,6,99,1,,,0,0,0,,0,0,,,,,0,,,,,,,,,,,,,,,,,,,,,,,,,,,,,,,,,,,,,,,,,,,,,,,,,,,,,,,,,,,,,,,,,,,,,,,,,,,,,,,,,,,,,,,,,,,,,,,,,0,0,0,0,,,,,,,,,,,,,,,11,8404699,88,23529412,,,,,,,,,,,,,,,,,,,,,0,,,,,,,
tr2-Pentene,0,309,493,70,1,652,2630005,0,404,4833333,0,0,0,0,6,133,0,0,,225,133,85,14880659,,0,0,0,0,100,100,0,0,133,,106,7,100,3776273,,,0,0,0,,0,0,,,,,0,,,,,,,,,,,,,,,,,,,,,,,,,,,,,,,,,,,,,,,,,,,,,,,,,,,,,,,,,,,,,,,,,,,,,,,,,,,,,,,,,,,,,,,,,,,,,,,,,0,0,0,0,,,,,,,,,,,,,,,14,37831669,85,71428571,,,,,,,,,,,,,,,,,,,,,0,,,,,,,
cis2-Pentene,0,310,083,70,1,659,5750122,0,403,9277778,0,0,0,0,6,122,0,0,,226,122,85,14880659,,0,0,0,0,100,100,0,0,122,,104,4,100,3776273,,,0,0,0,,0,0,,,,,0,,,,,,,,,,,,,,,,,,,,,,,,,,,,,,,,,,,,,,,,,,,,,,,,,,,,,,,,,,,,,,,,,,,,,,,,,,,,,,,,,,,,,,,,,,,,,,,,,0,0,0,0,,,,,,,,,,,,,,,14,37831669,85,71428571,,,,,,,,,,,,,,,,,,,,,0,,,,,,,
Cyclopentane,0,322,398,70,13500214,748,8740234,0,289,95,0,0,0,0,6,179,0,0,,233,179,84,9,,100,100,0,0,0,0,0,0,179,,41,7,101,426,,,0,0,0,,0,0,,0,483269667509962,0,429891392256475,,0,,,,,,,,,,,,,,,,,,,,,,,,,,,,,,,,,,,,,,,,,,,,,,,,,,,,,,,,,,,,,,,,,,,,,,,,,,,,,,,,,,,,,,,,,,,,,,,,,0,0,0,0,,,,,,,,,,,,,,,14,37831669,85,71428571,,,,,,,,,,,,,,,,,,,,,0,,,,,,,
Cyclopentene,0,317,38,68,1,776,5159912,0,458,3722222,0,0,0,0,7,5,138,0,0,,244,138,69,7,,100,100,0,0,0,0,0,0,138,,81,04,93,3,,,0,0,0,,0,0,,,,,0,,,,,,,,,,,,,,,,,,,,,,,,,,,,,,,,,,,,,,,,,,,,,,,,,,,,,,,,,,,,,,,,,,,,,,,,,,,,,,,,,,,,,,,,,,,,,,,,,0,0,0,0,,,,,,,,,,,,,,,11,8404699,88,23529412,,,,,,,,,,,,,,,,,,,,,0,,,,,,,
22-Mpropane,0,282,648,72,2,595,5930176,0,291,7055556,0,0,0,0,5,257,0,0,,225,257,80,2,,0,0,0,0,0,0,100,100,257,,251,8,85,5,,,0,0,0,,0,0,,,,,0,,,,,,,,,,,,,,,,,,,,,,,,,,,,,,,,,,,,,,,,,,,,,,,,,,,,,,,,,,,,,,,,,,,,,,,,,,,,,,,,,,,,,,,,,,,,,,,,,100,100,0,0,,,,,,,,,,,,,,,16,75213296,83,33333333,,,,,,,,,,,,,,,,,,,,,0,,,,,,,
33M-1-butene,0,314,397,84,16,657,1190186,0,,0,0,0,0,6,,0,0,,241,15,157,95,93,3,,0,0,0,0,100,100,0,0,,,91,82,111,77,,,0,0,0,,0,0,,,,,0,,,,,,,,,,,,,,,,,,,,,,,,,,,,,,,,,,,,,,,,,,,,,,,,,,,,,,,,,,,,,,,,,,,,,,,,,,,,,,,,,,,,,,,,,,,,,,,,,0,0,0,0,,,,,,,,,,,,,,,14,3716,85,71428571,,,,,,,,,,,,,,,,,,,,,0,,,,,,,
H2O,0,373,148,18,01510048,997,9860229,0,,0,0,0,0,0,,0,0,,,,,,0,0,0,0,0,0,0,0,,,,,,,0,0,0,,0,0,,0,698140124178851,0,560124358458913,0,474686748589316,0,,,,,,,,,,,,,,,,,,,,,,,,,,,,,,,,,,,,,,,,,,,,,,,,,,,,,,,,,,,,,,,,,,,,,,,,,,,,,,,,,,,,,,,,,,,,,,,,,0,0,0,0,,,,,,,,,,,,,,0,279783740086422,11,18972388,0,,,,,,,,,,,,,,,,,,,,,0,,,,,,,
36-40C*,0,00528496272104156,313,149994,71,3092462856018,646,824836748019,0,102208016257064,334,790565989993,0,1,12191659425152,0,0,5,22806290182062,115,066534517787,0,0,23,1305250907158,211,166577319047,120,066534517787,66,2801952058987,75,0372864058987,36,7193021578289,47,3462872668141,0,14,644207885355,0,0,63,2806978421711,51,5317961389344,110,066534517787,1,3631845041541,121,375951378079,88,3401157595882,97,0972069595882,58,1889905941588,0,000183120454021098,5,54053911489105E-05,3,74644387377781E-14,94,1972145768408,0,1,59777906046891E-08,127,846702983606,0,344196306453399,0,291653104220747,0,263667896281307,0,0126083546419899,0,0,0,0,0,0,0,0,0,0,0,0,0,0,0,0,0,0,0,0,0,0,0,0,0,0,0,0,0,0,0,0,0,0,0,0,0,0,0,0,0,0,0,0,0,0,0,0,0,0,0,0,0,0,0,0,0,0,0,0,0,0,0,0,0,0,0,0,0,0,0,0,0,0,0,0,0,0,0,0,0,0,0,0,0,0,0,0,0,0,0,0,0,0,0,0,0,0,51,5317961389344,63,2806978421711,0,0,0,0,0,0,0,0,0,0,0,0,311,149997,0,323314223455076,16,0363456004154,83,8390235143061,0,0,0,0,0,0,0,0,0,0,0,0,0,5,26256342625792E-12,0,0,0,0,9,22480390810529E-11,0,0,0,0,0,48273,5233848893,44750,1674647353,0,
40-50C*,0,0148564749352863,323,149994,74,5017973427326,657,445539727564,0,114962381419724,332,418460300429,0,1,42619138347152,0,0,5,17572769926496,121,709790861096,0,0,23,9674008254468,217,529643825017,126,709790861096,64,6392072598039,73,3962984598039,38,6092960091961,53,0185361553526,0,18,3127023668667,0,0,61,3907039908039,45,5552724611759,116,709790861096,1,36831091726368,106,567900661467,84,0955522043602,92,8526434043602,55,2369528995551,0,000238625328682921,6,86017143501083E-05,1,68589974320002E-13,66,689087343625,0,7,19000577211008E-08,122,446333232234,0,356540312237668,0,301523501867764,0,271695165951645,0,0156044395313784,82,2264005210103,84,1498778920214,0,0,0,0,0,0,0,0,0,0,0,0,0,0,0,0,0,0,0,0,0,0,82,2264005210103,84,1498778920214,0,0,0,0,0,0,0,0,0,0,0,0,0,0,0,0,0,0,0,0,0,0,0,0,0,0,0,0,0,0,0,0,0,0,0,0,0,0,0,0,0,0,0,0,0,0,0,0,0,0,0,0,0,0,0,0,0,0,0,0,0,0,0,0,0,0,0,0,0,0,45,5552724611759,61,3907039908039,0,0,0,0,0,0,0,0,0,0,0,0,0,0,318,15,0,330640646376776,16,1425609181467,83,5494996811238,0,0,0,0,0,0,0,0,0,0,0,0,0,2,36815354181607E-11,0,0,0,0,4,15116175864738E-10,0,0,0,0,0,48115,7901878193,44640,6610195313,0,
50-60C*,0,0173613843622875,333,149994,79,1380403180663,672,626331903894,0,133182903080668,329,029737886768,0,1,8608696537858,0,0,5,15412259936527,128,089875125072,0,0,24,8042765601777,223,510716243881,133,089875125072,62,2947715784145,71,0518627784145,41,3002923202117,61,1217488532648,0,23,5534087690264,0,0,58,6997076797883,37,0173814929494,123,089875125072,1,3757877796829,87,1863386558928,78,3684240114208,87,1255152114208,51,1864793691409,0,000320018352849626,8,74536046375338E-05,3,55912168008892E-13,46,9073840140768,0,1,51789010744546E-07,114,741537451587,0,37602035560911,0,317336676862684,0,284741785989437,0,0198845608019333,47,222980182209,47,5851711487375,17,9409320469669,17,7359990424483,33,1065777601241,33,1601845564615,2,94471599560509E-09,2,90010989691546E-09,0,0,0,0,0,0,0,0,0,0,0,0,0,0,0,0,98,2704899922448,98,4813547505474,0,0,0,0,0,0,0,0,0,0,0,0,0,0,0,0,0,0,0,0,0,0,0,0,0,0,0,0,0,0,0,0,0,0,0,0,0,0,0,0,0,0,0,0,0,0,0,0,0,0,0,0,0,0,0,0,0,0,0,0,0,0,0,0,0,0,0,0,0,0,37,0173814929494,58,6997076797883,0,0,0,0,0,0,0,0,0,0,0,0,0,0,328,15,0,341928960193132,16,1978462226729,83,4856852773219,0,0,0,0,0,0,0,0,0,0,0,0,0,4,99943525494503E-11,0,0,0,0,8,76356371270002E-10,0,0,0,0,0,47898,981290817,44490,1412048039,0,
60-70C*,0,019840120910469,343,149994,83,8599588227742,687,665187768112,0,151403424741612,325,641015473106,0,2,29554792410008,0,0,5,17292172389679,134,385580612748,0,0,25,6411522949086,229,143190532547,139,385580612748,59,7385903263661,68,4956815263661,43,9718777704762,69,224961551177,0,25,6092372173938,0,0,56,0281222295238,28,4794905247229,129,385580612748,1,38337500409939,69,890419192688,73,0372182053225,81,7943094053225,47,3602611928737,0,00040388237240267,0,000106305494924959,5,43234361697783E-13,32,7730229688828,0,2,31677963767991E-07,107,149884790682,0,397927186931596,0,335407669961124,0,299883253159893,0,0241646820724883,0,0,0,000113393073320173,0,000112966724200173,18,6674849627665,18,8426426986598,23,2266119178069,23,0520873844825,0,0,0,0,0,0,0,0,0,0,0,0,0,0,0,0,41,8942102736467,41,8948430498664,0,0,0,0,0,0,0,0,0,0,58,0982181310713,58,0984853902391,0,0,0,0,0,0,0,0,0,0,0,0,0,0,0,0,0,0,0,0,0,0,0,0,0,0,0,0,0,0,0,0,0,0,0,00757159528194445,0,00667155989448355,0,0,0,0,0,0,0,0,0,0,0,00757159528194445,0,00667155989448355,0,0,0,0,0,0,0,0,0,0,11,9321611002376,23,4744599845041,16,5473294244853,32,5536622450197,0,0,0,0,0,0,0,0,0,0,0,0,338,15,0,354274897215962,16,1467728127253,83,5259918537726,0,0,0,0,0,0,0,0,0,0,0,0,0,7,63071696807399E-11,0,0,0,0,1,33759656667527E-09,0,0,0,0,0,47693,6381472769,44347,5815020033,0,
70-80C*,0,0222828443864362,353,149994,88,3318647323948,702,393473053937,0,169623946402555,322,815261090429,0,469143807902134,2,83388130506822,0,0,5,22776824477141,140,595399951693,0,0,26,4780280296395,261,223747297896,145,595399951693,57,16430797934,65,92139917934,46,1580517451401,72,4371628242693,0,34,6233457549604,0,0,53,3728044469577,24,7289558706625,135,595399951693,1,39098467137932,56,341963410165,68,1019347860652,76,8590259860652,43,7836752742635,0,000490217387342051,0,000116126706361142,7,30556555386673E-13,22,7403242732689,0,3,11566916791437E-07,99,7781726068284,0,422584122123303,0,356040391026579,0,317413910540073,0,0284448033430432,0,0,0,0,0,0,0,0,1,93734650881672,2,15423014225955,0,767859703830885,0,855048357479158,0,0,0,0,0,0,0,0,0,0,0,0,0,0,2,7052062126476,3,00927849973871,0,0,0,0,0,0,0,0,0,568246363349684,0,645498057335017,0,0,0,0,0,0,0,0,0,0,0,0,0,0,0,0,0,0,0,0,0,0,1,77261946981337,1,51253361944489,0,0,0,0,0,0,0,0,0,0,89,4961476646577,89,5778461250784,5,45778028953168,5,25484369840301,0,0,0,0,0,0,0,0,94,9539279541893,94,8326898234814,0,0,0,0,0,0,0,0,0,0,20,4361980204414,43,9462249975651,4,29275785022109,9,42657944939259,0,0,0,0,0,0,0,0,0,0,0,0,348,15,0,367641254496167,16,0026005596956,83,6578870397376,0,0,0,0,0,0,0,0,0,0,0,0,0,1,0261998681203E-10,0,0,0,0,1,79883676208053E-09,0,0,0,0,0,47501,0582304317,44213,8826833453,0,
80-90C*,0,0245755997752999,363,149994,92,6857945851359,716,642553495088,0,187844468063499,323,427865357989,3,90319540495912,4,10494140355031,0,0,5,31358640065694,146,720112567905,0,0,27,3149037643704,268,141955218325,151,720112567905,54,8448489256661,63,6019401256661,45,3025764586561,64,5727476858537,0,44,5046375138009,0,0,50,7942281363848,31,322310910596,141,720112567905,1,39851831668735,41,5555078933872,63,5625737536489,72,3196649536489,40,4769886043211,0,000579023397667771,0,000106435615021212,9,17878749075564E-13,15,6673092791443,0,3,91455869814882E-07,92,726038003069,0,450364751448061,0,379580870565754,0,337665590668486,0,0327249246135982,0,0,0,0,0,0,0,0,0,0726851811480868,0,0810499106903231,2,6703772561282,2,98197013843148,0,0,0,0,4,47240604990389,4,83649444819726,11,9592097225709,13,2460164837699,0,0023696667869354,0,0025917066423086,2,62009631519835E-12,2,82077647682255E-12,0,0,19,1770478765407,21,1481226877341,0,0,0,0,0,0,0,0,0,0,0,0,0,0,0,0,0,0,0,0,0,0,0,0,0,0,0,0,0,0,0,0,1,58463093518646,1,35593702946808,0,0,0,0,0,0,0,0,0,0,0,0,47,2132945743499,45,585836730555,0,0,0,0,0,0,0,0,47,2132945743499,45,585836730555,32,0250266139229,31,9101035522429,0,0,0,0,0,0,0,0,31,322310910596,50,7942281363848,0,0,0,0,0,0,0,0,0,0,0,0,0,0,358,15,0,379813930474381,15,7830145626994,83,86441154173,0,0,0,0,0,0,0,0,0,0,0,0,0,1,28932803943319E-10,0,0,0,0,2,2600769574858E-09,0,0,0,0,0,47322,2777533218,44089,7641408707,0,
90-100C*,0,0265332503226465,373,149994,97,3056316496585,730,243794825284,0,206064989724443,324,041621071571,7,12861505581606,5,53012651743679,0,0,5,42444314839442,152,762673253327,0,0,28,1517794991013,275,043226968107,157,762673253327,52,773438021851,61,530529221851,44,5354072235031,52,817718679721,0,55,0144181490575,0,0,48,3359777206809,41,6521548028422,147,762673253327,1,40586759568244,30,5165160572913,59,4191351080737,68,1762263080737,37,456577140306,0,000670300403379828,9,67445236812814E-05,1,10520094276445E-12,10,7156648150324,0,4,71344822838328E-07,86,0856908360767,0,481702509593597,0,406424111173635,0,361012599732933,0,0370050458841531,0,0,0,0,0,0,0,0,0,0,0,0,0,0,0,0,2,43927822638931,2,40848248722076,15,5897204726639,15,7657205284433,23,9304015230242,23,8968816176648,1,53263801678266,1,50655051122131,0,0,43,49203823886,43,5776351445501,0,0,0,0,0,0,0,0,0,0,53,9495711076104,54,1395239299662,0,0,0,0,0,0,0,0,0,0,0,0,0,0,0,0,0,0,0,0,0,0,0,0,0,0,0,0,0,0,0,0,0,0,0,0,0,0,0,0,0,0,0,0,0,0,2,55839065352961,2,28284092548369,0,0,0,0,0,0,0,0,18,5910015399571,21,5557597193414,23,0611532628851,26,7802180013395,0,0,0,0,0,0,0,0,0,0,0,0,368,15,0,393215305210727,15,5086300279438,84,1256818960636,0,0,0,0,0,0,0,0,0,0,0,0,0,1,55245621074609E-10,0,0,0,0,2,72131715289106E-09,0,0,0,0,0,47158,1339877678,43975,80715146,0,
100-110C*,0,0259215225933102,383,149994,102,11725701683,743,028562778244,0,224285511385386,324,656227092479,10,1494720620836,7,08145391070939,0,0,5,55341459531483,158,728101072076,0,0,28,9886552338322,281,929104575811,164,891040089494,51,1697235549248,59,9268147549248,43,8396807383673,44,8215554813711,0,65,9139933158726,0,0,46,0108471995491,48,0969906079195,153,728101072076,1,41291541006409,21,5631667635651,55,6716188493396,64,4287100493396,34,7360498135669,0,000764048404478223,8,70534323413513E-05,1,29252313645334E-12,7,27405367643317,0,5,51233775861773E-07,79,9422050598566,0,517102423681273,0,437022277560206,0,387877483278192,0,0412851671547081,0,0,0,0,0,0,0,0,0,0,0,0,0,0,0,0,0,0,0,0,0,0,0,0,0,0,0,0,0,0,0,0,0,0,0,0,0,0,0,0512996821039095,0,0579189943671805,0,0,0,0,0,0,0,0,0,0,0,0,0,0,0,0,0,0,0,0,0,0,3,7597693186896,3,35093568104187,0,0,0,0,0,0,0,0,0,0,0,0,0,0,0,0,0,0,0,0,0,0,96,1889309992065,96,591145324591,0,0,0,0,0,0,0,0,48,0456909258156,45,9529282051819,0,0512996821039095,0,0579189943671805,0,0,0,0,0,0,0,0,0,0,0,0,378,15,0,407997232081946,15,2015234866439,84,4203624017495,0,0,0,0,0,0,0,0,0,0,0,0,0,1,81558438205898E-10,0,0,0,0,3,18255734829633E-09,0,0,0,0,0,47009,3227327722,43872,4947743345,0,
110-120C*,0,0268915655850514,393,149994,107,120543968355,754,828223087688,0,24250603304633,325,271683420714,12,9675475057761,8,73094084734983,0,0,5,69251291390615,164,623371539076,0,0,29,8255309685631,288,800875057926,176,267739329466,49,3476600898237,58,1047512898237,43,2086810209741,37,7895844353354,0,76,9646686693883,0,0,43,8237714732498,53,4794747173147,159,623371539076,1,41953754659196,14,6954600122085,52,3200249774465,61,0771161774465,32,3272814973474,0,000860267400962956,7,73623410014212E-05,1,47984533014224E-12,4,89968911879822,0,6,31122728885218E-07,74,3742374838274,0,55715560772542,0,4718945064609,0,418737680130493,0,045565288425263,0,0,0,0,0,0,0,0,0,0,0,0,0,0,0,0,0,0,0,0,0,0,0,0,0,0,0,0,40,5896608579517,44,0727593400719,0,0,0,0,0,0,0,0,0,0,0,0,0,0,0,0,0,0,0,0,0,0,0,0,0,0,0,0,0,0,0,0,22,5951334442481,19,931572688625,0,0,0,0,0,0,0,0,0,0,0,0,0,0,0,0,0,0,0,0,0,0,0,0,36,8152056978001,35,9956679713031,0,0,0,0,0,0,53,4794747173147,43,8237714732498,0,0,0,0,0,0,0,0,0,0,0,0,0,0,388,15,0,424334541797274,14,8839304635978,84,7269663737116,0,0,0,0,0,0,0,0,0,0,0,0,0,2,07871255337188E-10,0,0,0,0,3,64379754370159E-09,0,0,0,0,0,46876,451128216,43780,2485170229,0,
120-130C*,0,0273656599502153,403,149994,112,101475647493,765,474141487334,0,260726554707274,325,887990056275,15,5827019872693,10,4506045913398,0,0,5,83273038821627,170,457314653658,0,0,30,662406703294,295,659628714321,186,221821007276,47,9797427746247,56,7368339746247,42,6361525463993,31,7497882776324,0,87,927749864747,0,0,41,7811454663313,57,7996071310278,165,457314653658,1,42560487088964,9,91339580322151,49,3643534923945,58,1214446923945,30,2413693725248,0,000958957392834028,6,76712496614911E-05,1,66716752383113E-12,3,27410946973025,0,7,11011681908663E-07,69,4550600580622,0,602557238901977,0,511638676846009,0,454133169087017,0,049845409695818,0,0,0,0,0,0,0,0,0,0,0,0,0,0,0,0,0,0,0,0,0,0,0,0,0,0,0,0,0,000101647058069561,0,000104568045513072,0,0,0,0,0,0,0,0,0,0,75,139087093618,77,0719608034436,0,0,0,0,0,0,0,0,0,0,0,0,0,0,0,0,0,0,0,0,0,0,0,0,0,0,0,0,0,0,0,0,0,0,0,0,0,0,0,0,0,0,0,0,0,0,24,8608112593239,22,9279346285109,0,0,0,0,0,0,0,0,57,7996071310278,41,7811454663313,0,0,0,0,0,0,0,0,0,0,0,0,398,15,0,4424292559844,14,5764571247708,85,0205444241824,0,0,0,0,0,0,0,0,0,0,0,0,0,2,34184072468478E-10,0,0,0,0,4,10503773910685E-09,0,0,0,0,0,46806,5376929259,43726,3713664318,0,
130-140C*,0,0272205047333263,413,149994,117,453442523274,772,9478470282,0,278947076368217,326,519183568963,17,6440232521593,11,8642757154524,0,0,5,92644785481464,176,349738597043,0,0,31,499282438025,302,506300924676,194,068148556351,46,8697697689652,55,6268609689652,42,1444617091713,29,0951142196796,0,93,3262027562861,0,0,40,2115150386694,59,040610064868,171,349738597043,1,42996549180537,9,34032604080946,49,253362735272,58,010453935272,28,8710850523506,0,0115247871801347,0,00043653086289301,1,85448971752002E-12,2,16992315290012,0,7,90900634932109E-07,66,1742835806824,0,65412897243586,0,556945552352732,0,494675202663318,0,0541255309663729,0,0,0,0,0,0,0,0,0,0,0,0,0,0,0,0,0,0,0,0,0,0,0,0,0,0,0,0,0,0,5,5693970580679E-16,6,28742898754067E-16,0,0,0,0,0,0,0,0,0,0,0,0,0,0,0,0,0,0,0,0,0,0,0,0,0,0,0,0,0,0,0,0,14,6746400643979,13,8383638425617,6,5540580562181E-18,6,06674222278918E-18,15,2634870996931,14,4378394698847,15,2715691851985,14,349118116234,0,0,0,0,45,2096963492895,42,6253214286805,0,0,0,0,0,0,0,0,0,0,54,7903036507105,57,3746785713195,0,0,0,0,0,0,59,040610064868,40,2115150386694,0,0,0,0,0,0,0,0,0,0,0,0,0,0,408,15,0,462515727046109,14,3776873008177,85,2086140611267,0,0,0,0,0,0,0,0,0,0,0,0,0,2,60496889599767E-10,0,0,0,0,4,56627793451212E-09,0,0,0,0,0,46714,9690925728,43659,8969778071,0,
140-150C*,0,0264842792120161,423,149994,123,089487489335,779,371902463033,0,297167598029161,327,152733838353,19,5763315973603,13,2547896702613,0,0,6,00641635075863,182,183417171317,0,0,32,3361581727559,309,341702896494,201,776217789693,45,9651419889711,54,7222331889711,41,6936404104579,26,5601546303984,0,98,517091072233,0,0,38,7300279921819,60,1850556993404,177,183417171317,1,43373571746311,9,10166315322698,49,2431691168617,58,0002603168617,27,7438558993669,0,0224902962719311,0,000819846899096875,2,04181191120891E-12,1,42597351899186,0,8,70789587955554E-07,63,4461583834807,0,712847047743697,0,608615794241269,0,541056200248371,0,0584056522369279,0,0,0,0,0,0,0,0,0,0,0,0,0,0,0,0,0,0,0,0,0,0,0,0,0,0,0,0,0,0,71,1406401853835,74,6958671595284,0,0,0,0,0,0,0,0,0,0,2,27176116327517,2,39812812099299,0,0,0,0,0,0,0,0,0,0,0,0,0,0,0,0,0,0,0,0,0,999639846951558,0,876747909539245,25,5743413263582,22,0172770665969,0,0135345628758642,0,0119071156330909,3,85046805815572E-13,3,36487522128354E-13,0,0,0,0,26,587515736186,22,9059320917696,8,29151553744824E-05,7,26277090292976E-05,0,0,0,0,0,0,0,0,0,0,0,0,0,0,0,0,57,9132945360652,36,3318998711889,2,27176116327517,2,39812812099299,0,0,0,0,0,0,0,0,0,0,0,0,418,15,0,484866943986441,14,2123787543955,85,3654641335756,0,0,0,0,0,0,0,0,0,0,0,0,0,2,86809706731057E-10,0,0,0,0,5,02751812991738E-09,0,0,0,0,0,46631,3282308502,43597,8385593739,0,
150-160C*,0,0229379291724385,433,149994,129,001850635979,785,113125922373,0,315388119690105,327,786563634872,21,4805716050698,14,6456908166022,0,0,6,07749986126594,187,936299001163,0,0,33,1730339074868,316,166544788216,209,377999268584,44,9948909358385,53,7519821358385,41,2695635217692,24,0248078495851,7,61698696057633E-16,108,189422681986,0,0,37,249864873161,61,3295013338127,182,936299001163,1,43710544656889,8,64724448229513,49,2329754984515,57,9900666984515,26,774883335228,0,0300588976246712,0,00120316293530074,7,12802895284607E-11,0,928922263560238,4,51760147045758E-15,3,039953563161E-05,61,0799224285043,0,779877736290344,0,667580447247996,0,594060834619833,0,0626857735074828,0,0,0,0,0,0,0,0,0,0,0,0,0,0,0,0,0,0,0,0,0,0,0,0,0,0,0,0,0,0,0,0,0,0,0,0,0,0,0,0,0,0,14,031560110512,15,794270414256,0,0,0,0,0,0,0,0,0,0,0,0,0,0,0,0,0,0,0,0,0,0,0,0,0,0,0,0,0,0,0,0,0,0,38,4443309317581,35,9074554567239,0,0,0,0,0,0,0,0,0,0,47,52410895773,48,2982741290201,0,0,0,0,47,2979412233007,21,455594458905,14,031560110512,15,794270414256,0,0,0,0,0,0,0,0,0,0,0,0,428,15,0,509802315588267,14,0685995111196,85,5019115770354,0,0,0,0,0,0,0,0,0,0,0,0,0,1,00126161587814E-08,0,0,0,0,1,7551222320861E-07,0,0,0,0,0,46553,0084451925,43538,816562604,0,
160-170C*,0,0215338535221315,443,149994,135,181214558268,790,465991562865,0,321053765046395,328,419094230057,23,4441566860865,16,0481578551893,0,0,6,14458910883104,193,588841533862,0,0,34,0099096422177,322,981453432259,216,843415843166,43,821205351788,52,578296551788,40,8591943795532,21,4778951765257,7,61698696057633E-16,113,619033098743,0,0,35,6966489343603,62,473946968285,188,588841533862,1,44023225081091,8,11838642068722,49,2227818800413,57,9798730800413,25,8994760817587,0,0422177506193653,0,0015864789715046,1,62324395174206E-10,0,599691777132532,4,51760147045758E-15,6,92279207565162E-05,58,9253817723921,0,856622320291871,0,734925625612402,0,654578284696252,0,0669658947780378,0,0,0,0,0,0,0,0,0,0,0,0,0,0,0,0,0,0,0,0,0,0,0,0,0,0,0,0,0,0,0,0,7,48102932140192E-05,8,11187090617239E-05,0,0,0,0,0,0,0,0,0,0,1,24751738020406E-05,1,35820514608467E-05,0,0,0,0,0,0,0,0,0,0,0,0,0,0,0,0,0,0,0,0,0,0,0,0,0,0,0,0,0,0,0,0,0,0,0,0,0,0,0,0,0,0,0,0,99,999912714533,99,9999052992395,0,0,0,0,62,4739344931112,35,6966353523088,1,24751738020406E-05,1,35820514608467E-05,0,0,0,0,0,0,0,0,0,0,0,0,438,15,0,537697338406893,13,9359433135591,85,6306455057817,0,0,0,0,0,0,0,0,0,0,0,0,0,2,28014206008061E-08,0,0,0,0,3,99688548776761E-07,0,0,0,0,0,46477,1579752624,43480,9659995396,0,
170-180C*,0,0203956665496203,453,149994,141,593336912634,795,817368617988,0,351459484060895,329,048746895443,25,5907940256793,17,4733694867368,0,0,6,21581300525476,199,113807931534,0,0,34,8467853769486,329,786986146791,223,918008006205,42,6475495394448,51,4046407394448,40,4410505328189,19,2868781001659,7,61698696057633E-16,118,580564616236,0,0,33,9681554415018,63,2397524130972,194,113807931534,1,44333027909887,7,50957065891568,49,1737720480217,57,9308632480217,25,0386919166547,0,0557297251854119,0,00193125925568945,2,53368500819951E-10,0,383559308039418,4,51760147045758E-15,0,000108056305881422,56,7912886110837,0,944774526006876,0,81192227564291,0,723615535710179,0,0712460160485927,0,0,0,0,0,0,0,0,0,0,0,0,0,0,0,0,0,0,0,0,0,0,0,0,0,0,0,0,0,0,0,0,85,0626155304233,85,1690773993288,0,0,0,0,0,0,0,0,0,0,12,8230179913526,12,8911765134029,0,0,0,0,0,0,0,0,0,0,0,0,0,0,0,0,0,0,0,0,0,0,0,0,0,0,0,0,0,0,0,0,0,0,1,39226841724394E-09,1,18491684343506E-09,0,0,0,0,0,0,0,0,0,0,2,11436647683176,1,93974608608333,0,0,50,4167344217446,21,0769789280989,12,8230179913526,12,8911765134029,0,0,0,0,0,0,0,0,0,0,0,0,448,15,0,568995686874449,13,7955808397574,85,7507507988075,0,0,0,0,0,0,0,0,0,0,0,0,0,3,55902250428309E-08,0,0,0,0,6,23864874344912E-07,0,0,0,0,0,46398,7768201006,43420,5863962917,0,
180-190C*,0,0196392388700687,463,149994,147,992319444403,802,802390215601,0,383814591993582,329,673942902566,28,5277846783556,18,9325044119588,0,0,6,33130649136336,204,397352861871,0,0,35,6836611116795,336,583641658298,227,085507968497,41,4412208362518,50,1983120362518,39,8808315150801,23,8587835740583,7,61698696057633E-16,123,179583634874,0,0,31,5913838065643,57,2087120139829,199,397352861871,1,44732610307016,6,74079812222984,48,4964759064297,57,2535671064297,23,8781971398911,0,0725884043395072,0,00165229283272983,3,44412606465696E-10,0,242975333809528,4,51760147045758E-15,0,000146884691006329,53,8897448879568,1,04639434458584,0,900062067832227,0,802311475858748,0,0755261373191476,0,0,0,0,0,0,0,0,0,0,0,0,0,0,0,0,0,0,0,0,0,0,0,0,0,0,0,0,0,0,0,0,0,0,0,0,0,0,0,0,0,0,0,0,0,0,0,0,0,0,0,0,0,0,0,0,0,0,0,0,0,0,0,0,0,0,0,0,0,0,0,0,0,0,0,0,0,0,0,0,46,6427413457293,44,7801793747832,0,0,0,0,0,0,0,0,0,0,53,3572529298629,55,2198143141622,5,72440784061828E-06,6,31105463231014E-06,57,2087120139829,31,5913838065643,0,0,0,0,0,0,0,0,0,0,0,0,0,0,458,15,0,604224439733351,13,5740773268439,85,941643893715,0,0,0,0,0,0,0,0,0,0,0,0,0,4,83790294848556E-08,0,0,0,0,8,48041199913064E-07,0,0,0,0,0,46292,8989115928,43338,2143730289,0,
190-200C*,0,0192917786845945,473,149994,154,575491353463,809,899385405229,0,418025196685738,330,293103522963,31,6257336658861,20,4367413315695,0,0,6,45712645378308,209,53434470967,0,0,36,5205368464104,343,371868852483,230,574331381009,40,2326526612185,48,9897438612185,39,3319987479231,28,0255336111592,7,61698696057633E-16,127,521656555068,0,0,29,0422675861908,51,5377250572713,204,53434470967,1,45136840450898,5,92044510357585,48,1753817037192,56,9324729037192,22,7199112328136,0,0894470834936025,0,0013733264097702,4,35456712111441E-10,0,152398580138068,4,51760147045758E-15,0,000185713076131235,50,9657914886961,1,16400357059246,1,00110067878561,0,891951354257622,0,0798062585897026,0,0,0,0,0,0,0,0,0,0,0,0,0,0,0,0,0,0,0,0,0,0,0,0,0,0,0,0,0,0,0,0,0,0,39,6935222153297,39,9753100844052,0,0,0,0,0,0,0,0,0,0,4,41039135725885,4,44924495374313,0,0,0,0,0,0,0,0,0,0,0,0,0,0,0,0,0,0,0,0,0,0,0,0,0,0,0,0,0,0,0,0,0,0,0,0,0,0,0,0,0,0,0,0,0,0,55,8960864274115,55,5754449618517,47,1273337000125,24,5930226324477,4,41039135725885,4,44924495374313,0,0,0,0,0,0,0,0,0,0,0,0,468,15,0,64401340027495,13,340772699458,86,1430563115776,0,0,0,0,0,0,0,0,0,0,0,0,0,6,11678339268804E-08,0,0,0,0,1,07221752548122E-06,0,0,0,0,0,46181,5079248675,43250,7147956336,0,
200-210C*,0,0217231220273735,483,149994,161,356227769764,817,020139371312,0,453997405978645,330,904650028169,34,8312769026006,21,9972589462829,0,0,6,59136284044573,214,528439187054,0,0,37,3574125811413,350,152073867354,234,334752268927,39,0236093106561,47,7807005106561,38,8145647961732,31,82182692881,7,61698696057633E-16,131,712349777228,0,0,26,3541583012262,46,180914124907,209,528439187054,1,45540659743899,5,07135381793807,47,495851360522,56,252942560522,21,5806534061612,0,106305762647698,0,00109435998681057,5,26500817757186E-10,0,0946120787502722,4,51760147045758E-15,0,000224541461256141,48,0626502441957,1,300710337862,1,11710996325466,0,993980915558801,0,333966317792578,0,0,0,0,0,0,0,0,0,0,0,0,0,0,0,0,0,0,0,0,0,0,0,0,0,0,0,0,0,0,0,0,0,0,2,02489428545896E-14,2,34508103053501E-14,0,0,0,0,0,0,0,0,0,0,1,12494126969942E-15,1,30503552307615E-15,0,0,0,0,0,0,0,0,0,0,0,0,0,0,0,0,0,0,0,0,0,0,0,0,0,0,0,0,0,0,0,0,0,0,87,4024435391133,87,3792461656643,0,0,0,0,0,0,0,0,0,0,0,0,46,180914124907,26,3541583012262,0,0,0,0,0,0,0,0,0,0,0,0,0,0,478,15,0,689119805476634,13,1005464202536,86,3504548639941,0,0,0,0,0,0,0,0,0,0,0,0,0,7,39566383689051E-08,0,0,0,0,1,29639385104937E-06,0,0,0,0,0,46066,2135103668,43159,3986130959,0,
210-220C*,0,0218338707045085,493,149994,168,351585155289,824,076437298291,0,491637327713587,331,50700368972,38,0987384532663,23,6252359568133,0,0,6,73165964288339,219,384262418251,0,0,38,1942883158722,356,924625903101,238,344865146645,37,8158550808758,46,5729462808758,38,3475285143141,35,2364848262966,7,61698696057633E-16,135,857229701764,0,0,23,5537330324196,41,13827921689,214,384262418251,1,45938835602521,4,21636648030083,46,7016778114755,55,4587690114755,20,4760895601787,0,123164441801793,0,000815393563850942,6,17544923402931E-10,0,0581180077396885,4,51760147045758E-15,0,000263369846381048,45,2221429523426,1,46037267518588,1,25054078979247,1,11001919827586,0,588126376995454,0,0,0,0,0,0,0,0,0,0,0,0,0,0,0,0,0,0,0,0,0,0,0,0,0,0,0,0,0,0,0,0,0,0,0,0,0,0,0,0,0,0,0,0,0,0,0,0,0,0,0,0,0,0,0,0,0,0,0,0,0,0,0,0,0,0,0,0,0,0,0,0,0,0,0,0,0,0,0,0,0,0,0,0,0,0,0,0,0,0,0,0,0,0,0,0,41,13827921689,23,5537330324196,0,0,0,0,0,0,0,0,0,0,0,0,0,0,488,15,0,740460192370332,12,8602814637936,86,5710377259409,0,0,0,0,0,0,0,0,0,0,0,0,0,8,67454428109299E-08,0,0,0,0,1,52057017661752E-06,0,0,0,0,0,45948,7840738984,43065,7349687654,0,
220-230C*,0,0218172647352845,503,149994,175,58269575244,830,980064370605,0,530851069731845,332,098585779153,41,3899709028833,25,3318510638749,0,0,6,87518162972013,224,10734287053,0,0,39,0953182657924,363,689862026194,242,58557365658,36,6111542681888,45,3682454681888,37,9493547333798,38,2583286029048,7,61698696057633E-16,140,061862729086,0,0,20,660674363737,36,4098203332203,219,10734287053,1,46325973583614,3,3783253056485,45,7928610565797,54,5499522565797,19,4208134378409,0,139298367233823,0,000536427140891314,7,08589029048676E-10,0,0353116644106493,4,51760147045758E-15,0,000302198231505954,42,4846804907541,1,64781499624863,1,39383626849256,1,22601749871963,0,84228643619833,0,0,0,0,0,0,0,0,0,0,0,0,0,0,0,0,0,0,0,0,0,0,0,0,0,0,0,0,0,0,0,0,0,0,0,0,0,0,0,0,0,0,0,0,0,0,0,0,0,0,0,0,0,0,0,0,0,0,0,0,0,0,0,0,0,0,0,0,0,0,0,0,0,0,0,0,0,0,0,0,0,0,0,0,0,0,0,0,0,0,0,0,0,0,0,0,36,4098203332203,20,660674363737,0,0,0,0,0,0,0,0,0,0,0,0,0,0,498,15,0,783455195350499,12,6159747940152,86,7371181448252,0,0,0,0,0,0,0,0,0,0,0,0,0,9,95342472529546E-08,0,0,0,0,1,74474650218567E-06,0,0,0,0,0,45831,1092640173,42971,3139911734,0,
230-240C*,0,0216601500740179,513,150024,183,137588932505,837,321244758513,0,571544739874703,332,520940008855,43,8106453726982,27,6054562871448,0,0,7,00846513158806,228,728198932539,0,0,40,0216234918438,370,448091176164,247,650709890851,35,4177023891899,44,1747935891899,38,5824202971625,39,0166477196883,7,61698696057633E-16,146,072492652685,0,0,17,6069343301393,33,377895993167,223,728198932539,1,46677559185502,3,12337011471721,44,6354328505423,53,3925240505423,18,4850872753744,0,246985284675419,0,0007859503870933,7,99633134694422E-10,0,021213230353765,4,51760147045758E-15,0,00034102661663086,40,0379637151883,1,86911700983898,1,55765831113352,1,35525029121935,1,09644649540121,0,0,0,0,0,0,0,0,0,0,0,0,0,0,0,0,0,0,0,0,0,0,0,0,0,0,0,0,0,0,0,0,0,0,0,0,0,0,0,0,0,0,0,0,0,0,0,0,0,0,0,0,0,0,0,0,0,0,0,0,0,0,0,0,0,0,0,0,0,0,0,0,0,0,0,0,0,0,0,0,0,0,0,0,0,0,0,0,0,0,0,0,0,0,0,0,33,377895993167,17,6069343301393,0,0,0,0,0,0,0,0,0,0,0,0,0,0,508,15,0,831310561898243,12,3927087034341,86,8538668339459,0,0,0,0,0,0,0,0,0,0,0,0,0,1,12323051694979E-07,0,0,0,0,1,96892282775382E-06,0,0,0,0,0,45720,8103138676,42882,3743644606,0,
240-250C*,0,0213679804521687,523,150024,190,977554733398,843,409444503485,0,613624445983442,332,984039436267,46,1856960220972,29,8137548145817,0,0,7,13955283348731,233,224880601144,0,0,40,888493671664,377,199597533784,251,804855856584,34,2293101230497,42,9864013230497,39,3164029681605,42,2908145464955,7,61698696057633E-16,152,271451739575,0,0,14,4979010097423,27,8954306389228,228,224880601144,1,47011261827448,2,87951259979961,43,3512100914003,52,1083012914003,17,6102014377117,0,370804662571403,0,00104582458479343,8,90677240340167E-10,0,0125952540633132,4,51760147045758E-15,0,000379855001755766,37,7338565014359,2,13200258618996,1,74526390403291,1,49894761066549,1,35060655460408,0,0,0,0,0,0,0,0,0,0,0,0,0,0,0,0,0,0,0,0,0,0,0,0,0,0,0,0,0,0,0,0,0,0,0,0,0,0,0,0,0,0,0,0,0,0,0,0,0,0,0,0,0,0,0,0,0,0,0,0,0,0,0,0,0,0,0,0,0,0,0,0,0,0,0,0,0,0,0,0,0,0,0,0,0,0,0,0,0,0,0,0,0,0,0,0,27,8954306389228,14,4979010097423,0,0,0,0,0,0,0,0,0,0,0,0,0,0,518,15,0,884741144638635,12,1788616302038,86,9516260605718,0,0,0,0,0,0,0,0,0,0,0,0,0,1,25111856137004E-07,0,0,0,0,2,19309915332197E-06,0,0,0,0,0,45613,0938046385,42795,1633261296,0,
250-260C*,0,0203678192863063,533,150024,199,114699922364,849,244416650631,0,656996295899345,333,511736287801,48,5650791966001,31,8905721983095,0,0,7,26755077085451,237,59805807205,0,0,41,695928805253,383,944643372887,256,663118703722,33,0459824088661,41,8030736088661,40,1237010337666,43,9999279733955,7,61698696057633E-16,158,626169523588,0,0,11,3112197696332,24,109499828295,232,59805807205,1,47326747342095,2,635655084882,42,0669873322582,50,8240785322582,16,7939380572725,0,50349018359556,0,00130569878249357,9,81721345985911E-10,0,00738824050957575,4,51760147045758E-15,0,000418683386880672,35,5697815174294,2,4463678573067,1,96047658159891,1,6583683134365,1,60476661380696,0,0,0,0,0,0,0,0,0,0,0,0,0,0,0,0,0,0,0,0,0,0,0,0,0,0,0,0,0,0,0,0,0,0,0,0,0,0,0,0,0,0,0,0,0,0,0,0,0,0,0,0,0,0,0,0,0,0,0,0,0,0,0,0,0,0,0,0,0,0,0,0,0,0,0,0,0,0,0,0,0,0,0,0,0,0,0,0,0,0,0,0,0,0,0,0,24,109499828295,11,3112197696332,0,0,0,0,0,0,0,0,0,0,0,0,0,0,528,15,0,944595266027725,11,9756489584053,87,0336368191414,0,0,0,0,0,0,0,0,0,0,0,0,0,1,37900660579029E-07,0,0,0,0,2,41727547889012E-06,0,0,0,0,0,45508,3286861077,42710,0476571811,0,
260-270C*,0,0199434449049582,543,150024,207,561050627158,854,819328292708,0,700796992418502,334,124390651482,50,9788944933855,33,7803560021374,0,0,7,39135790295565,241,849143505904,0,0,42,4439288926108,377,071287725423,261,644750779541,31,8678559047838,40,6249471047838,40,9950949526303,45,5818989558482,4,71539695885675E-08,165,136646004724,0,0,8,02601055398414,20,6377450420144,236,849143505904,1,47623332521426,1,70866958478436,40,7827645731162,49,5398557731162,16,0353574617732,0,638628100464788,0,0015655729801937,3,028193864436E-09,0,00427979722025108,2,79668120024071E-07,0,00129146062523482,33,5462106376363,2,8250051275798,2,20778641365637,1,8347693152235,1,85892667300983,0,0,0,0,0,0,0,0,0,0,0,0,0,0,0,0,0,0,0,0,0,0,0,0,0,0,0,0,0,0,0,0,0,0,0,0,0,0,0,0,0,0,0,0,0,0,0,0,0,0,0,0,0,0,0,0,0,0,0,0,0,0,0,0,0,0,0,0,0,0,0,0,0,0,0,0,0,0,0,0,0,0,0,0,0,0,0,0,0,0,0,0,0,0,0,0,20,6377450420144,8,02601055398414,0,0,0,0,0,0,0,0,0,0,0,0,0,0,538,15,1,01188533236276,11,7844389301537,87,10300581829,0,0,0,0,0,0,0,0,0,0,0,0,0,4,25365034563565E-07,0,0,0,0,7,45626934135312E-06,0,0,0,0,0,45257,3976914612,42487,0416857494,0,
270-280C*,0,0195447774665059,553,150024,216,328905400863,860,123357050267,0,745320976483283,334,844526967267,53,4538407283532,35,4186696000439,0,0,7,50973237272852,245,980102084464,0,0,43,1324939337374,381,92947140677,266,718484853646,30,6951470583919,39,4522382583919,41,8862068288656,47,101164119875,1,22581098683087E-07,171,802881182983,0,0,4,65995244278118,17,4801662800812,240,980102084464,1,47900136624057,1,46350413172462,39,4985418139741,48,2556330139741,15,3342845910364,0,769466083169185,0,00182174417576781,6,27315476492751E-09,0,00244713928527653,7,27023105759809E-07,0,00267536780589079,31,6654033816721,3,28395995214889,2,492390599125,2,02953203739111,2,11308673221271,0,0,0,0,0,0,0,0,0,0,0,0,0,0,0,0,0,0,0,0,0,0,0,0,0,0,0,0,0,0,0,0,0,0,0,0,0,0,0,0,0,0,0,0,0,0,0,0,0,0,0,0,0,0,0,0,0,0,0,0,0,0,0,0,0,0,0,0,0,0,0,0,0,0,0,0,0,0,0,0,0,0,0,0,0,0,0,0,0,0,0,0,0,0,0,0,17,4801662800812,4,65995244278118,0,0,0,0,0,0,0,0,0,0,0,0,0,0,548,15,1,08760941340088,11,6078245019376,87,1716554391522,0,0,0,0,0,0,0,0,0,0,0,0,0,8,81178951170937E-07,0,0,0,0,1,54462804038485E-05,0,0,0,0,0,45114,3086415191,42364,5438282146,0,
280-290C*,0,0191653515322843,563,150024,225,554558097274,864,777615740443,0,790985280734581,335,894567691949,56,0425136756183,36,1893260440673,0,0,7,60792024599006,250,023176392494,0,0,43,7616239286327,386,57928779754,271,917663951956,29,5354336133476,38,2925248133476,39,1995910192207,49,1739104134375,1,98008227777606E-07,178,624875058365,0,0,4,75789530516099,14,6367635424952,245,023176392494,1,48134273413553,1,27359272640011,38,2143190548321,46,9714102548321,14,7513804992338,0,8579805401131,0,00170724488748699,9,51811566541901E-09,0,00138052215698748,1,17437809149555E-06,0,00405927498654675,30,0938303652095,3,76727186672591,2,81979349734165,2,27381255026815,2,31489091198052,0,0,0,0,0,0,0,0,0,0,0,0,0,0,0,0,0,0,0,0,0,0,0,0,0,0,0,0,0,0,0,0,0,0,0,0,0,0,0,0,0,0,0,0,0,0,0,0,0,0,0,0,0,0,0,0,0,0,0,0,0,0,0,0,0,0,0,0,0,0,0,0,0,0,0,0,0,0,0,0,0,0,0,0,0,0,0,0,0,0,0,0,0,0,0,0,14,6367635424952,4,75789530516099,0,0,0,0,0,0,0,0,0,0,0,0,0,0,558,15,1,15862093481695,11,4647613325122,87,2229898570637,0,0,0,0,0,0,0,0,0,0,0,0,0,1,33699286777831E-06,0,0,0,0,2,34362914663439E-05,0,0,0,0,0,45000,9839420113,42268,4723864712,0,
290-300C*,0,0188224689494883,573,150024,235,088876197323,869,266219413842,0,837789905172397,337,028243259509,58,5986453080389,36,7792273388929,0,0,7,70239077975509,253,941091170475,0,0,44,3313188772967,391,021760414127,277,121713313356,28,3790332686389,37,1361244686389,36,5522908247523,51,1132358318506,2,73435356872125E-07,185,60262763087,0,0,4,84906386720878,12,1075368292565,248,941091170475,1,48354598179252,1,13235031383101,36,93009629569,45,68718749569,14,2038270343286,0,939468221146944,0,00159274559920617,1,27630765659105E-08,0,000768003459251162,1,62173307723129E-06,0,00544318216720271,28,6111290411152,4,34747813745503,3,217054510643,2,57316946099906,2,94734853351226,0,0,0,0,0,0,0,0,0,0,0,0,0,0,0,0,0,0,0,0,0,0,0,0,0,0,0,0,0,0,0,0,0,0,0,0,0,0,0,0,0,0,0,0,0,0,0,0,0,0,0,0,0,0,0,0,0,0,0,0,0,0,0,0,0,0,0,0,0,0,0,0,0,0,0,0,0,0,0,0,0,0,0,0,0,0,0,0,0,0,0,0,0,0,0,0,12,1075368292565,4,84906386720878,0,0,0,0,0,0,0,0,0,0,0,0,0,0,568,15,1,25855824956995,11,3302316591635,87,2698718640302,0,0,0,0,0,0,0,0,0,0,0,0,0,1,79280678438568E-06,0,0,0,0,3,14263025288394E-05,0,0,0,0,0,44893,7259867292,42177,6747907118,0,
300-310C*,0,018915769881465,583,150024,244,884662928541,873,686215598965,0,885734849796731,338,209497961895,61,1190909940939,37,2944760056644,3,25143938439965E-07,0,7,79640750924593,257,726888837164,0,0,44,8415787797296,395,258380814762,282,277597661316,27,2240050736957,35,9810962736957,33,9486750350261,52,8130378539704,3,48862485966644E-07,192,736138900498,0,0,4,93223397088005,9,89248614036513,252,726888837164,1,48566870161239,1,0331918390375,35,645873536548,44,402964736548,13,6749532362174,1,01634084481543,0,00154399803827653,1,6008037466402E-08,0,000421107916783318,2,06908806296702E-06,0,00682708934785867,27,1730890892458,5,04902500957477,3,70435031719402,2,94460490499738,3,61339377173621,0,0,0,0,0,0,0,0,0,0,0,0,0,0,0,0,0,0,0,0,0,0,0,0,0,0,0,0,0,0,0,0,0,0,0,0,0,0,0,0,0,0,0,0,0,0,0,0,0,0,0,0,0,0,0,0,0,0,0,0,0,0,0,0,0,0,0,0,0,0,0,0,0,0,0,0,0,0,0,0,0,0,0,0,0,0,0,0,0,0,0,0,0,0,0,0,9,89248614036513,4,93223397088005,0,0,0,0,0,0,0,0,0,0,0,0,0,0,578,15,1,39703370190086,11,1995130072308,87,3159673094716,0,0,0,0,0,0,0,0,0,0,0,0,0,2,24862070099305E-06,0,0,0,0,3,94163135913348E-05,0,0,0,0,0,44789,9090184615,42089,9078281961,0,
310-320C*,0,0185200765837783,593,150024,254,878080869145,878,13465182431,0,934820114607582,339,402276091057,63,5977486534458,37,838385138922,0,22114436242527,0,7,89351899883165,261,37332150581,0,0,45,2924036359312,399,291076094282,287,332908190997,26,0684080779481,34,8254992779481,31,3961837889739,54,170003385257,4,24289615061163E-07,200,025408867248,0,0,5,00606755758033,7,99161147582103,256,37332150581,1,48776849703878,0,969532247039757,34,3616507774059,43,1187419774059,13,1487607654884,1,09101012966327,0,00139896303494453,1,92529983668935E-08,0,000227456403777024,2,51644304870276E-06,0,00821099652851463,25,7365660828069,5,90378204613786,4,30929358529828,3,41198659279531,4,30219265263685,0,0,0,0,0,0,0,0,0,0,0,0,0,0,0,0,0,0,0,0,0,0,0,0,0,0,0,0,0,0,0,0,0,0,0,0,0,0,0,0,0,0,0,0,0,0,0,0,0,0,0,0,0,0,0,0,0,0,0,0,0,0,0,0,0,0,0,0,0,0,0,0,0,0,0,0,0,0,0,0,0,0,0,0,0,0,0,0,0,0,0,0,0,0,0,0,7,99161147582103,5,00606755758033,0,0,0,0,0,0,0,0,0,0,0,0,0,0,588,15,1,58923969090915,11,0662228291557,87,351440147245,0,0,0,0,0,0,0,0,0,0,0,0,0,2,70443461760042E-06,0,0,0,0,4,74063246538302E-05,0,0,0,0,0,44686,931883818,42002,9462563626,0,
320-330C*,0,0180699492011069,603,150024,264,86410670854,882,991237128217,0,985045699604952,340,505799159951,66,0506741009155,38,7512627865562,0,442288399706602,0,8,00876774876416,264,848512562958,0,0,45,8193203343524,403,122175907082,292,172491424457,24,9046481006292,33,6617393006292,28,9096009463387,54,8873290428998,4,99716744155682E-07,283,593078474234,0,0,5,03972495274576,6,36140817054392,259,848512562958,1,49007187771213,0,934052976816404,33,0774280182639,41,8345192182639,12,5650942555091,1,16897464751022,0,00120667007719897,2,2497959267385E-08,0,000120956611860094,2,9637980344385E-06,0,00959490370917059,24,1364000408687,7,04553541803896,5,10764906329764,4,02324310794503,5,00291120219872,0,0,0,0,0,0,0,0,0,0,0,0,0,0,0,0,0,0,0,0,0,0,0,0,0,0,0,0,0,0,0,0,0,0,0,0,0,0,0,0,0,0,0,0,0,0,0,0,0,0,0,0,0,0,0,0,0,0,0,0,0,0,0,0,0,0,0,0,0,0,0,0,0,0,0,0,0,0,0,0,0,0,0,0,0,0,0,0,0,0,0,0,0,0,0,0,6,36140817054392,5,03972495274576,0,0,0,0,0,0,0,0,0,0,0,0,0,0,598,15,1,87754448545859,10,9127853113285,87,3979630505551,0,0,0,0,0,0,0,0,0,0,0,0,0,3,16024853420779E-06,0,0,0,0,5,53963357163256E-05,0,0,0,0,0,44576,4521271705,41909,7843905752,0,
330-340C*,0,0175813483667558,613,150024,274,613968913249,888,585175403312,1,03641160478884,341,430852556175,69,5192579664711,40,3310736364592,0,663432436987934,0,8,15663667799056,268,123604348522,0,0,46,3693299574171,406,754379347841,296,352081233134,23,7261410638866,32,4832322638866,26,7816290064275,56,3093501732883,5,75143873250201E-07,508,772717016594,0,0,3,69911302710131,3,35957619025247,263,123604348522,1,49277552743113,0,884823687923485,31,7932052591218,40,5502964591218,11,8744419588071,1,25518144898271,0,0010305154417577,2,57429201678765E-08,6,32888462072036E-05,3,41115302017424E-06,0,0109788108898266,22,2337711869866,8,76154082737146,6,23848942689804,4,851516061055,5,7047154464063,0,0,0,0,0,0,0,0,0,0,0,0,0,0,0,0,0,0,0,0,0,0,0,0,0,0,0,0,0,0,0,0,0,0,0,0,0,0,0,0,0,0,0,0,0,0,0,0,0,0,0,0,0,0,0,0,0,0,0,0,0,0,0,0,0,0,0,0,0,0,0,0,0,0,0,0,0,0,0,0,0,0,0,0,0,0,0,0,0,0,0,0,0,0,0,0,3,35957619025247,3,69911302710131,0,0,0,0,0,0,0,0,0,0,0,0,0,0,608,15,2,27757696944182,10,7239689822939,87,4715187346116,0,0,0,0,0,0,0,0,0,0,0,0,0,3,61606245081516E-06,0,0,0,0,6,3386346778821E-05,0,0,0,0,0,44451,2755493757,41804,3701725414,0,
340-350C*,0,0169721216873354,623,150024,284,335333369139,894,229290474745,1,08891783015924,342,320950077951,72,8227784286927,42,0236023607894,0,884576474269266,0,8,31070438174566,271,258329886206,0,602405138973455,0,46,9193395804817,410,190721987614,300,315832481673,22,5466304912172,31,3037216912172,24,6602244913218,57,6186534292496,6,5057100234472E-07,711,935762267728,0,0,2,51699707998553,0,35774420996102,266,258329886206,1,49546801742214,0,835594399030567,30,5089824999797,39,2660736999797,11,1870571493599,1,34347796154932,0,000807102851902877,2,8987881068368E-08,3,25624266988254E-05,3,85850800590998E-06,0,0123627180704825,20,3302923867284,11,1091238814679,7,75936397239304,5,95191053100833,6,3967714112441,0,0,0,0,0,0,0,0,0,0,0,0,0,0,0,0,0,0,0,0,0,0,0,0,0,0,0,0,0,0,0,0,0,0,0,0,0,0,0,0,0,0,0,0,0,0,0,0,0,0,0,0,0,0,0,0,0,0,0,0,0,0,0,0,0,0,0,0,0,0,0,0,0,0,0,0,0,0,0,0,0,0,0,0,0,0,0,0,0,0,0,0,0,0,0,0,0,35774420996102,2,51699707998553,0,0,0,0,0,0,0,0,0,0,0,0,0,0,618,15,2,74197936097678,10,5353274669432,87,5559921426503,0,0,511587502023616,0,0,0,0,0,0,0,0,0,0,0,4,07187636742254E-06,0,0,0,0,7,13763578413164E-05,0,0,602405138973455,0,0,0,44324,9123590605,41697,8887733521,0,
350-360C*,0,0163666894059485,633,150024,294,009162216552,899,799791483349,1,11085109118775,343,19060308746,75,920337340859,43,747000961845,1,1057205115506,0,8,46576745116568,274,265086275238,0,631956468027699,0,47,4693492035463,413,434543330691,304,578058261362,21,3685921998044,30,1256833998044,22,5840028665119,56,252999038155,7,25998131439239E-07,893,082214227636,0,0,1,49565979262907,0,269,265086275238,1,49807414539272,0,786365110137649,29,2247597408377,37,9818509408377,10,521909096123,1,43386418521004,0,000557564399873777,3,22328419688595E-08,1,64630325732032E-05,4,30586299164572E-06,0,0137466252511385,18,4790345315524,14,3991701483071,9,85271953585991,7,44680826260417,6,97852923197235,0,0,0,0,0,0,0,0,0,0,0,0,0,0,0,0,0,0,0,0,0,0,0,0,0,0,0,0,0,0,0,0,0,0,0,0,0,0,0,0,0,0,0,0,0,0,0,0,0,0,0,0,0,0,0,0,0,0,0,0,0,0,0,0,0,0,0,0,0,0,0,0,0,0,0,0,0,0,0,0,0,0,0,0,0,0,0,0,0,0,0,0,0,0,0,0,0,1,49565979262907,0,0,0,0,0,0,0,0,0,0,0,0,0,0,628,15,3,26499567550637,10,3527104484859,87,643639146135,0,0,532772499389505,0,0,0,0,0,0,0,0,0,0,0,4,52769028402991E-06,0,0,0,0,7,93663689038118E-05,0,0,631956468027699,0,0,0,44199,2954153783,41591,890164451,0,
360-370C*,0,0157642764354497,643,150024,303,614296332678,905,172887569958,1,10336268790032,344,054322946883,78,5265096440734,45,4194214419244,1,32686454883193,0,8,61601050574093,277,15683236589,0,661507797081942,0,48,0193588266109,416,489454925612,308,642215039241,20,1945020068315,28,9515932068315,20,517019539907,54,5805785580756,8,01425260533758E-07,1052,21207289632,0,0,0,956470816019577,0,272,15683236589,1,49161063832989,0,737135821244731,27,9405369816956,36,6976281816956,9,89703917253657,1,52634011996487,0,000281900085670404,3,5477802869351E-08,8,17339486242815E-06,4,75321797738145E-06,0,0151305324317944,16,7314964725822,19,1360182184903,12,8100888668094,9,5295105016604,7,51340573836146,0,0,0,0,0,0,0,0,0,0,0,0,0,0,0,0,0,0,0,0,0,0,0,0,0,0,0,0,0,0,0,0,0,0,0,0,0,0,0,0,0,0,0,0,0,0,0,0,0,0,0,0,0,0,0,0,0,0,0,0,0,0,0,0,0,0,0,0,0,0,0,0,0,0,0,0,0,0,0,0,0,0,0,0,0,0,0,0,0,0,0,0,0,0,0,0,0,0,956470816019577,0,0,0,0,0,0,0,0,0,0,0,0,0,0,638,15,3,83138021213379,10,1822662622925,87,7305130881636,0,0,553983655357604,0,0,0,0,0,0,0,0,0,0,0,4,98350420063728E-06,0,0,0,0,8,73563799663072E-05,0,0,661507797081942,0,0,0,44076,3141767935,41487,8870838584,0,
370-380C*,0,0151353699077063,653,150024,313,352021359454,909,823914292186,1,09670104114363,344,979846932501,81,3123083413554,46,6404169139909,1,54800858611326,0,8,73680151212693,279,9834399368,0,691059126136186,0,48,5693684496755,419,359309332442,312,519650847331,19,0348532011462,27,7919444011462,18,6876916586446,53,3595830860091,9,15217304149445E-06,1169,67817210782,0,0,0,0,274,9834399368,1,49450952957486,0,49326738305038,26,6563142225536,35,4134054225536,9,38945203757054,1,59103511318226,5,5654408817957E-06,5,58512022777536E-08,3,98175321496617E-06,5,42811358403706E-05,0,0238193563037214,15,305978361565,24,8232874728398,16,2546026996345,11,9006833091362,8,01456199220918,0,0,0,0,0,0,0,0,0,0,0,0,0,0,0,0,0,0,0,0,0,0,0,0,0,0,0,0,0,0,0,0,0,0,0,0,0,0,0,0,0,0,0,0,0,0,0,0,0,0,0,0,0,0,0,0,0,0,0,0,0,0,0,0,0,0,0,0,0,0,0,0,0,0,0,0,0,0,0,0,0,0,0,0,0,0,0,0,0,0,0,0,0,0,0,0,0,0,0,0,0,0,0,0,0,0,0,0,0,0,0,0,648,15,4,34571734923798,10,0524095343155,87,8259068199273,0,0,575223939892532,0,0,0,0,0,0,0,0,0,0,0,7,84531957029048E-06,0,0,0,0,0,000137521448713089,0,0,691059126136186,0,0,0,43977,1177731129,41404,6541006175,0,
380-390C*,0,0144750511239658,663,150024,323,441182714081,913,230469690076,1,09026397898159,346,03460937671,82,950807499049,47,3075205391872,1,76915262339459,0,8,80218270323216,282,79638356582,0,720610455190429,0,49,1193780727402,422,048170118079,316,291539875924,17,9000938219477,26,6571850219477,17,049192500951,52,6924794608128,2,64678515286432E-05,1238,3472936642,0,0,0,0,277,79638356582,1,496697400824,0,446261372084517,25,3720914634115,34,1291826634115,9,07303369814608,1,59359402795068,9,34328906222726E-05,9,4780410069726E-08,1,90189923734545E-06,0,000156979663487049,0,0404218399245251,14,4146310166495,29,2339295972566,18,7465370674702,13,5251860212314,8,48199799351552,0,0,0,0,0,0,0,0,0,0,0,0,0,0,0,0,0,0,0,0,0,0,0,0,0,0,0,0,0,0,0,0,0,0,0,0,0,0,0,0,0,0,0,0,0,0,0,0,0,0,0,0,0,0,0,0,0,0,0,0,0,0,0,0,0,0,0,0,0,0,0,0,0,0,0,0,0,0,0,0,0,0,0,0,0,0,0,0,0,0,0,0,0,0,0,0,0,0,0,0,0,0,0,0,0,0,0,0,0,0,0,0,658,15,4,73492714394674,9,9832237670072,87,874159564447,0,0,596495874769021,0,0,0,0,0,0,0,0,0,0,0,1,33136365140766E-05,0,0,0,0,0,000233376163284512,0,0,720610455190429,0,0,0,43924,5680732007,41362,603386695,0,
390-400C*,0,0137872747777782,673,150024,333,958369661983,916,330493883346,1,0840515014142,347,092153397236,84,5096242334426,47,7638704383002,1,99029666067593,0,8,85372668992332,285,513731272369,0,750161784244673,0,49,6693876958048,424,56028302246,319,988397771205,16,7714650668415,25,5285562668415,15,4903757665574,52,2361295616998,4,3783530015792E-05,1349,67834002542,0,0,0,0,280,513731272369,1,49875545474784,0,409657280493296,24,0878687042695,32,8449599042695,8,80545941211671,1,5961529427191,0,000181300340362749,1,33709617861698E-07,8,89990331363295E-07,0,000259678191133728,0,0570243235453288,13,6592517702915,34,6278030519681,21,7144129231596,15,4230420946923,8,91571374228046,0,0,0,0,0,0,0,0,0,0,0,0,0,0,0,0,0,0,0,0,0,0,0,0,0,0,0,0,0,0,0,0,0,0,0,0,0,0,0,0,0,0,0,0,0,0,0,0,0,0,0,0,0,0,0,0,0,0,0,0,0,0,0,0,0,0,0,0,0,0,0,0,0,0,0,0,0,0,0,0,0,0,0,0,0,0,0,0,0,0,0,0,0,0,0,0,0,0,0,0,0,0,0,0,0,0,0,0,0,0,0,0,668,15,5,15605352285025,9,92902861649879,87,9089056669078,0,0,617801605504075,0,0,0,0,0,0,0,0,0,0,0,1,87819534578627E-05,0,0,0,0,0,000329230877855935,0,0,750161784244673,0,0,0,43876,7817689394,41324,3607815177,0,
400-410C*,0,0127456606273285,683,150024,348,294606822027,919,253152361439,1,07806360844146,348,133404586397,86,1644730307066,48,1560158229975,2,21144069795726,0,8,89711774881351,288,125876855895,0,779713113298916,0,50,2193973188694,426,900048411183,324,676093821943,15,6463836260389,24,4034748260389,13,8355269692934,51,8439841770025,6,10992085029409E-05,1412,77721254612,0,0,0,0,283,125876855895,1,50076160085059,0,382097338072329,22,8036459451274,31,5607371451274,8,56689312662151,1,59871185748752,0,000269167790103226,1,72638825653671E-07,4,07653247615336E-07,0,000362376718780407,0,0736268071661325,12,9845081764374,41,2635300938204,25,2647273919674,17,6476016810212,9,31570923850402,0,0,0,0,0,0,0,0,0,0,0,0,0,0,0,0,0,0,0,0,0,0,0,0,0,0,0,0,0,0,0,0,0,0,0,0,0,0,0,0,0,0,0,0,0,0,0,0,0,0,0,0,0,0,0,0,0,0,0,0,0,0,0,0,0,0,0,0,0,0,0,0,0,0,0,0,0,0,0,0,0,0,0,0,0,0,0,0,0,0,0,0,0,0,0,0,0,0,0,0,0,0,0,0,0,0,0,0,0,0,0,0,678,15,5,61048268295535,9,88360431409839,87,9355913652145,0,0,639142959842566,0,0,0,0,0,0,0,0,0,0,0,2,42502704016488E-05,0,0,0,0,0,000425085592427359,0,0,779713113298916,0,0,0,43831,7866857003,41288,3529749075,0,
410-420C*,0,0119011965682075,693,150024,362,573642484794,922,127610613798,1,07230030006336,349,139288536507,87,5405272088549,48,5563587269974,2,43258473523859,0,8,93818461323614,290,622823522126,0,80926444235316,0,50,769406941934,429,07199510456,328,986016816404,14,522266189751,23,279357389751,12,4594727911451,51,4436412730026,7,84148869900896E-05,1468,32634103175,0,0,0,0,285,622823522126,1,50279760275536,0,362223774617228,21,5194231859854,30,2765143859854,8,33804519846241,1,60127077225593,0,000357035239843703,2,11568033445643E-07,1,82602213192908E-07,0,000465075246427086,0,0902292907869362,12,3361388257647,49,4772411972384,29,5308875588064,20,263834183848,9,68198448218618,0,0,0,0,0,0,0,0,0,0,0,0,0,0,0,0,0,0,0,0,0,0,0,0,0,0,0,0,0,0,0,0,0,0,0,0,0,0,0,0,0,0,0,0,0,0,0,0,0,0,0,0,0,0,0,0,0,0,0,0,0,0,0,0,0,0,0,0,0,0,0,0,0,0,0,0,0,0,0,0,0,0,0,0,0,0,0,0,0,0,0,0,0,0,0,0,0,0,0,0,0,0,0,0,0,0,0,0,0,0,0,0,688,15,6,09935777374145,9,83999924331845,87,9517298308842,0,0,660521495683747,0,0,0,0,0,0,0,0,0,0,0,2,97185873454349E-05,0,0,0,0,0,000520940306998782,0,0,80926444235316,0,0,0,43787,6324903783,41253,0257529382,0,
420-430C*,0,0112105609619388,703,150024,376,706462677403,925,083034129865,1,06676157627992,350,090730839882,88,8211738349605,49,0373011840182,2,65372877251992,0,8,98283193794167,292,994220253076,0,838815771407403,0,51,3194165649986,431,080755649549,332,934720115322,13,396529448189,22,153620648189,11,1788261650395,50,9626988159818,9,57305654772384E-05,1521,08968256482,0,0,0,0,287,994220253076,1,50494870851766,0,348678819923606,20,2352004268433,28,9922916268433,8,10011282787554,1,60143384182982,0,00044490268958418,2,50497241237616E-07,7,99114963384254E-08,0,000567773774073765,0,10683177440774,11,6608764897046,59,7084713120402,34,6807108351723,23,3510794997664,10,014539473327,0,0,0,0,0,0,0,0,0,0,0,0,0,0,0,0,0,0,0,0,0,0,0,0,0,0,0,0,0,0,0,0,0,0,0,0,0,0,0,0,0,0,0,0,0,0,0,0,0,0,0,0,0,0,0,0,0,0,0,0,0,0,0,0,0,0,0,0,0,0,0,0,0,0,0,0,0,0,0,0,0,0,0,0,0,0,0,0,0,0,0,0,0,0,0,0,0,0,0,0,0,0,0,0,0,0,0,0,0,0,0,0,698,15,6,62350118113621,9,79486164105774,87,9855959770133,0,0,681938540638241,0,0,0,0,0,0,0,0,0,0,0,3,51869042892211E-05,0,0,0,0,0,000616795021570206,0,0,838815771407403,0,0,0,43743,445228769,41217,8379405153,0,
430-440C*,0,0105949958523303,713,150024,390,269570235825,928,674277615381,1,06144743709112,350,87670433516,90,0178548312102,50,0526808172444,2,87487280980125,0,9,05692335152497,295,188750875166,0,868367100461647,0,51,8694261880633,432,931043079548,336,473679570765,12,2580763072379,21,0151675072379,9,9821451687898,49,9473191827556,0,000113046243964387,1594,17196147036,0,0,0,0,290,188750875166,1,50759423162124,0,340104703787074,18,9509776677013,27,7080688677013,7,77377623432373,1,61090470949198,0,000532770139324657,2,89426449029588E-07,3,41314212017786E-08,0,000670472301720444,0,123434258028544,10,7328040808902,72,5355598586525,41,2327072452314,27,3385018919725,10,3133742119264,0,0,0,0,0,0,0,0,0,0,0,0,0,0,0,0,0,0,0,0,0,0,0,0,0,0,0,0,0,0,0,0,0,0,0,0,0,0,0,0,0,0,0,0,0,0,0,0,0,0,0,0,0,0,0,0,0,0,0,0,0,0,0,0,0,0,0,0,0,0,0,0,0,0,0,0,0,0,0,0,0,0,0,0,0,0,0,0,0,0,0,0,0,0,0,0,0,0,0,0,0,0,0,0,0,0,0,0,0,0,0,0,708,15,7,35685022356027,9,71934974962398,88,0274057090078,0,0,703395224893705,0,0,0,0,0,0,0,0,0,0,0,4,06552212330072E-05,0,0,0,0,0,000712649736141629,0,0,868367100461647,0,0,0,43685,8401886007,41171,3859878586,0,
440-450C*,0,0100495576285672,723,150024,403,114979059601,933,02998089169,1,05635788249698,351,478248538238,91,1406142877908,51,6744270860864,3,09601684708258,0,9,16727240694943,297,194729672942,0,89791842951589,0,52,4194358111279,434,62762918757,339,62760430893,11,104333970471,19,861425170471,8,85938571220923,48,3255729139136,0,000130361922451536,1689,95077311092,0,0,0,0,292,194729672942,1,51084051297066,0,335143656003243,17,6667549085592,26,4238461085592,7,34285636320131,1,62327448179888,0,000620637589065134,3,2835565682156E-07,1,4212435536791E-08,0,000773170829367123,0,140036741649347,9,50391238533845,88,7243440316269,49,7996109158995,32,6958850043383,10,4297394316895,0,0,0,0,0,0,0,0,0,0,0,0,0,0,0,0,0,0,0,0,0,0,0,0,0,0,0,0,0,0,0,0,0,0,0,0,0,0,0,0,0,0,0,0,0,0,0,0,0,0,0,0,0,0,0,0,0,0,0,0,0,0,0,0,0,0,0,0,0,0,0,0,0,0,0,0,0,0,0,0,0,0,0,0,0,0,0,0,0,0,0,0,0,0,0,0,0,0,0,0,0,0,0,0,0,0,0,0,0,0,0,0,718,15,8,43327475195655,9,60984919544778,88,0961053643736,0,0,724892508688235,0,0,0,0,0,0,0,0,0,0,0,4,61235381767933E-05,0,0,0,0,0,000808504450713052,0,0,89791842951589,0,0,0,43615,8531770639,41114,9206165072,0,
450-460C*,0,00955779078004343,733,150024,415,601252550818,937,620557821948,1,05149291249748,352,018578673943,92,2777783131426,53,3847005395873,3,31716088436392,0,9,2898112030957,299,064019636328,0,927469758570133,0,52,9694454341925,436,175324321093,342,506901853562,9,9458941606251,18,7029853606251,7,72222168685734,46,6152994604127,0,000147677600938685,1785,72958475149,0,0,0,0,294,064019636328,1,51433956259469,0,321448432355861,16,3825321494171,25,1396233494171,6,88469716518959,1,62858529720449,0,000708505038805611,3,67284864613533E-07,5,76302027866878E-09,0,000875869357013801,0,156639225270151,8,19310359746924,109,295563044412,60,6333963112811,39,441460655875,10,4563635437043,0,0,0,0,0,0,0,0,0,0,0,0,0,0,0,0,0,0,0,0,0,0,0,0,0,0,0,0,0,0,0,0,0,0,0,0,0,0,0,0,0,0,0,0,0,0,0,0,0,0,0,0,0,0,0,0,0,0,0,0,0,0,0,0,0,0,0,0,0,0,0,0,0,0,0,0,0,0,0,0,0,0,0,0,0,0,0,0,0,0,0,0,0,0,0,0,0,0,0,0,0,0,0,0,0,0,0,0,0,0,0,0,728,15,9,72213731225236,9,49100225779712,88,1696191030902,0,0,746431205406292,0,0,0,0,0,0,0,0,0,0,0,5,15918551205794E-05,0,0,0,0,0,000904359165284476,0,0,927469758570133,0,0,0,43545,801595045,41058,8939703836,0,
460-480C*,0,0179668703911105,753,150024,433,708790126385,944,876402254579,1,04690105536675,352,748809347206,93,8932348812781,55,9582341891547,3,64887694028591,0,9,44263164051119,302,656574692749,2,36260092267206,0,54,0694646803217,438,019598392475,346,379639470534,8,20083486511139,16,9579260651114,6,10676511872187,44,0417658108453,0,000173651118669408,1929,39780221233,0,0,0,0,297,656574692749,1,52003121829356,0,297564593807455,14,4561980107041,23,2132892107041,6,15806242951009,1,64779136608051,0,000840306213416326,4,25678676301491E-07,8,70669017649523E-10,0,00102991714848382,0,181542950701357,6,10522382838414,151,492118108061,82,7721488211227,53,1696729730106,10,4962997117266,0,0,0,0,0,0,0,0,0,0,0,0,0,0,0,0,0,0,0,0,0,0,0,0,0,0,0,0,0,0,0,0,0,0,0,0,0,0,0,0,0,0,0,0,0,0,0,0,0,0,0,0,0,0,0,0,0,0,0,0,0,0,0,0,0,0,0,0,0,0,0,0,0,0,0,0,0,0,0,0,0,0,0,0,0,0,0,0,0,0,0,0,0,0,0,0,0,0,0,0,0,0,0,0,0,0,0,0,0,0,0,0,743,15,12,171855850531,9,29679027189639,87,7861659766054,0,1,84447244246387,0,0,0,0,0,0,0,0,0,0,0,5,97943305362586E-05,0,0,0,0,0,00104814123714161,0,2,36260092267206,0,0,0,43431,0217269415,40966,4883995141,0,
480-500C*,0,0164266709243577,773,150024,456,89561682612,955,046142131325,1,0413116608891,353,661137364086,95,830408770359,58,9617263590502,4,09116501484858,0,9,74208485049039,305,533983467738,4,27277417750228,0,55,169483926451,440,323947877575,350,851227095461,5,86418352509501,14,621274725095,4,16959122964096,41,0382736409498,0,0011669105043389,2150,45352716042,0,0,0,0,300,533983467738,1,52834536439,0,241980711959236,11,88775249242,20,64484369242,5,14603126144247,1,6882415379475,0,00101604111289728,6,86950438024251E-07,1,1643634649436E-10,0,00692089488609934,0,292969830173462,3,17899903314546,240,43575188956,129,425509705195,82,0266788975035,10,5495479357562,0,0,0,0,0,0,0,0,0,0,0,0,0,0,0,0,0,0,0,0,0,0,0,0,0,0,0,0,0,0,0,0,0,0,0,0,0,0,0,0,0,0,0,0,0,0,0,0,0,0,0,0,0,0,0,0,0,0,0,0,0,0,0,0,0,0,0,0,0,0,0,0,0,0,0,0,0,0,0,0,0,0,0,0,0,0,0,0,0,0,0,0,0,0,0,0,0,0,0,0,0,0,0,0,0,0,0,0,0,0,0,0,763,15,16,8103787084443,9,02188840430802,87,8920023464241,0,3,43975941879438,0,0,0,0,0,0,0,0,0,0,0,9,64947126554146E-05,0,0,0,0,0,0016914661740203,0,4,27277417750228,0,0,0,43265,7199902771,40832,7466620073,0,
500-520C*,0,0150083098896918,793,150024,479,705913220528,964,560191706917,1,03535935272597,354,769849529669,97,5198475717069,59,5394300856558,4,53345308941124,0,10,0134368423175,308,061214886527,6,16687571662339,0,56,2695031725802,442,116291793548,354,686591658062,3,54064599110171,12,2977371911017,2,4801524282931,40,4605699143442,0,00348398954868271,3088,67221591803,0,0,0,0,303,061214886527,1,53657535915572,0,212825142777736,9,31930697413586,18,0763981741359,4,25033128816681,1,9832076026137,0,00119177601237823,1,20150729679585E-06,1,36162812895303E-11,0,0206633888040645,0,512417445582921,0,57136755907857,393,939964038046,210,586830861184,132,359922100991,10,6027961597859,0,0,0,0,0,0,0,0,0,0,0,0,0,0,0,0,0,0,0,0,0,0,0,0,0,0,0,0,0,0,0,0,0,0,0,0,0,0,0,0,0,0,0,0,0,0,0,0,0,0,0,0,0,0,0,0,0,0,0,0,0,0,0,0,0,0,0,0,0,0,0,0,0,0,0,0,0,0,0,0,0,0,0,0,0,0,0,0,0,0,0,0,0,0,0,0,0,0,0,0,0,0,0,0,0,0,0,0,0,0,0,0,783,15,23,9133040814405,8,78176622912867,87,9356614993763,0,5,131625519335,0,0,0,0,0,0,0,0,0,0,0,0,000168773604237234,0,0,0,0,0,00295845062158183,0,6,16687571662339,0,0,0,43001,4284188524,40604,0439501764,0,
520-540C*,0,0139639169807095,813,150024,502,410188850704,973,971215008445,1,0283145211218,355,90434677818,98,5263372253983,60,5606478546767,4,73899764312396,0,10,28260911129,310,202246015286,8,04490554003541,0,57,3695224187095,443,434260082625,358,125807717862,1,21916898258968,9,97626018258968,1,47366277460166,39,4393521453233,0,00580106859302653,4417,9718871599,0,0,0,0,305,202246015286,1,54512025667032,0,190161046133624,6,75086145585175,15,5079526558518,3,39296691562696,2,20391666049875,0,00136751091185919,1,71606415556745E-06,1,37320032233685E-12,0,0344058827220297,0,731865060992381,-1,94028968558007,667,288341056965,357,854922338679,224,609049802828,10,6560443838155,0,0,0,0,0,0,0,0,0,0,0,0,0,0,0,0,0,0,0,0,0,0,0,0,0,0,0,0,0,0,0,0,0,0,0,0,0,0,0,0,0,0,0,0,0,0,0,0,0,0,0,0,0,0,0,0,0,0,0,0,0,0,0,0,0,0,0,0,0,0,0,0,0,0,0,0,0,0,0,0,0,0,0,0,0,0,0,0,0,0,0,0,0,0,0,0,0,0,0,0,0,0,0,0,0,0,0,0,0,0,0,0,803,15,35,1638931388809,8,55950136966083,88,0140067717735,0,6,88920710333171,0,0,0,0,0,0,0,0,0,0,0,0,000241052495819054,0,0,0,0,0,00422543506914335,0,8,04490554003541,0,0,0,42773,1416160287,40408,9812656734,0,
540-560C*,0,0128238917384607,833,150024,525,549928058368,983,210617315879,1,01944755632105,357,05699501169,100,60,6838392306225,6,5552511654534,0,10,5443464636298,311,981883517565,9,93833101786401,0,58,4695416648387,444,314445340833,361,230556358862,-1,09887560604046,7,65821559395954,0,39,3161607693775,0,00811814763737034,4805,68341587346,0,0,0,0,306,981883517565,1,55391818828185,0,17275539511864,4,18241593756764,12,9395071375676,2,58121287472221,2,30124336996279,0,00154324581134014,2,23062101433905E-06,1,17550415132813E-13,0,0481483766399949,0,95131267640184,-4,33242212296904,1170,13625476417,637,562607064027,403,236063959258,10,494599158691,0,0,0,0,0,0,0,0,0,0,0,0,0,0,0,0,0,0,0,0,0,0,0,0,0,0,0,0,0,0,0,0,0,0,0,0,0,0,0,0,0,0,0,0,0,0,0,0,0,0,0,0,0,0,0,0,0,0,0,0,0,0,0,0,0,0,0,0,0,0,0,0,0,0,0,0,0,0,0,0,0,0,0,0,0,0,0,0,0,0,0,0,0,0,0,0,0,0,0,0,0,0,0,0,0,0,0,0,0,0,0,0,823,15,53,6583910293228,8,34900958266863,88,0348496678235,0,8,72347922952847,0,0,0,0,0,0,0,0,0,0,0,0,000313331387400873,0,0,0,0,0,00549241951670487,0,9,93833101786401,0,0,0,42602,4318677779,40267,8535690926,0,
560-580C*,0,0117298080477015,853,150024,549,727879287476,992,209803909186,1,00269803856621,358,215524960657,100,61,1625756841513,8,63479372444609,0,10,7929264591226,313,424854526104,11,8815493176217,0,59,5695609109679,444,792138347168,364,150328939508,-3,41211588038804,5,34497531961196,0,38,8374243158487,0,0104352266817142,4925,37853056126,0,0,0,0,308,424854526104,1,56289941895261,0,153134773270723,1,61397041928353,10,3710616192835,1,8217828710784,2,40026178593151,0,00171898071082109,2,74517787311065E-06,8,38721298380265E-15,0,0618908705579602,1,1707602918113,-6,58277182635037,2126,85725963646,1195,76339532745,770,899793132404,10,2469455619018,0,0,0,0,0,0,0,0,0,0,0,0,0,0,0,0,0,0,0,0,0,0,0,0,0,0,0,0,0,0,0,0,0,0,0,0,0,0,0,0,0,0,0,0,0,0,0,0,0,0,0,0,0,0,0,0,0,0,0,0,0,0,0,0,0,0,0,0,0,0,0,0,0,0,0,0,0,0,0,0,0,0,0,0,0,0,0,0,0,0,0,0,0,0,0,0,0,0,0,0,0,0,0,0,0,0,0,0,0,0,0,0,843,15,85,3251894825782,8,16036514926901,88,0742209356474,0,10,6573493296278,0,0,0,0,0,0,0,0,0,0,0,0,000385610278982693,0,0,0,0,0,0067594039642664,0,11,8815493176217,0,0,0,42436,0492054927,40130,2368670643,0,
580-600C*,0,0106755469571387,873,150024,575,596468037114,1000,90018006833,0,979413909549887,359,381409415237,100,61,6107412005512,10,1503627338144,0,11,0222598509139,314,55566176549,13,7471825712441,0,60,6695801570972,444,901129982781,366,934162420022,-5,71917994605248,3,03791125394752,0,38,3892587994488,0,012752305726058,5255,62765841703,0,0,0,0,309,55566176549,1,57198613587482,0,137593148543149,-0,954475099000575,7,80261610099943,1,12090265819802,2,45744633542234,0,00189471561030205,3,16114373493321E-06,4,8841076376234E-16,0,0756333644759253,1,34816093260078,-8,67027069828137,4011,51469080716,2371,03624068487,1580,76516032019,9,99929196511269,0,0,0,0,0,0,0,0,0,0,0,0,0,0,0,0,0,0,0,0,0,0,0,0,0,0,0,0,0,0,0,0,0,0,0,0,0,0,0,0,0,0,0,0,0,0,0,0,0,0,0,0,0,0,0,0,0,0,0,0,0,0,0,0,0,0,0,0,0,0,0,0,0,0,0,0,0,0,0,0,0,0,0,0,0,0,0,0,0,0,0,0,0,0,0,0,0,0,0,0,0,0,0,0,0,0,0,0,0,0,0,0,863,15,142,020646413105,7,98773166911154,88,0428540763217,0,12,5532997733472,0,0,0,0,0,0,0,0,0,0,0,0,000444040267653306,0,0,0,0,0,00778362950642294,0,13,7471825712441,0,0,0,42293,3417279712,40014,2916612111,0,
600-625C*,0,0119179765448841,898,150024,607,58905228193,1010,22231981041,0,953219264406523,360,697345135491,100,62,0908174358265,10,3826329369788,0,11,2113707371962,315,668910396645,15,7017367875534,0,62,0446042147587,444,642476882759,369,956310046079,-8,30553635118573,0,451554848814276,0,37,9091825641735,0,0821945050971931,6154,1280605005,0,0,0,0,310,668910396645,1,58222753620682,0,123256153836045,-3,84397630707019,4,91311489292981,0,409623323444681,2,53321023086996,0,00209241737221812,5,619700761287E-06,1,01130060428898E-17,0,487491995210816,2,39668349640357,-10,7991884489329,8571,78301070425,5504,7952571944,3893,92388928784,9,72068166872491,0,0,0,0,0,0,0,0,0,0,0,0,0,0,0,0,0,0,0,0,0,0,0,0,0,0,0,0,0,0,0,0,0,0,0,0,0,0,0,0,0,0,0,0,0,0,0,0,0,0,0,0,0,0,0,0,0,0,0,0,0,0,0,0,0,0,0,0,0,0,0,0,0,0,0,0,0,0,0,0,0,0,0,0,0,0,0,0,0,0,0,0,0,0,0,0,0,0,0,0,0,0,0,0,0,0,0,0,0,0,0,0,885,65,267,639106689417,7,81833526672449,87,6542552229443,0,14,5729992616581,0,0,0,0,0,0,0,0,0,0,0,0,000789389423390484,0,0,0,0,0,0138372919204653,0,15,7017367875534,0,0,0,42135,7649437878,39885,6288772504,0,
625-650C*,0,0104061711016451,923,150024,647,977229905752,1019,90125174595,0,924114103136118,362,158853248133,100,62,6109682967719,10,7604924686475,0,11,4129563480725,316,268515671928,17,0944972808341,0,63,4196282724203,443,902909838266,373,210413624925,-11,1656856679982,-2,40859446799822,0,37,3890317032281,0,170777373705505,7036,6507588451,0,0,0,0,311,268515671928,1,593472266993,0,11047907022134,-7,05453320492533,1,70255799507468,0,001,2,59584781502026,0,00231208599656931,8,54634499281136E-06,1,38605125770891E-19,1,01287309347645,3,64483535136689,-12,0269910104,21116,1784006168,15474,8621163495,12087,0401108382,9,4111146727385,0,0,0,0,0,0,0,0,0,0,0,0,0,0,0,0,0,0,0,0,0,0,0,0,0,0,0,0,0,0,0,0,0,0,0,0,0,0,0,0,0,0,0,0,0,0,0,0,0,0,0,0,0,0,0,0,0,0,0,0,0,0,0,0,0,0,0,0,0,0,0,0,0,0,0,0,0,0,0,0,0,0,0,0,0,0,0,0,0,0,0,0,0,0,0,0,0,0,0,0,0,0,0,0,0,0,0,0,0,0,0,0,910,65,588,261990352586,7,66872171991459,87,5227862349005,0,16,0294381692633,0,0,0,0,0,0,0,0,0,0,0,0,00120048996068369,0,0,0,0,0,0210435173582899,0,17,0944972808341,0,0,0,41980,7470369684,39760,1360376352,0,
650-675C*,0,0089794104653183,948,150024,694,99939825392,1028,73593740919,0,915626043162918,363,590946078191,100,63,1698256743786,11,5626701919777,0,11,5519376993732,316,507583660379,18,154870132346,0,64,7946523300818,442,743732994451,376,354434360186,-14,0089500593649,-5,25185885936493,0,36,8301743256214,0,259360242313818,7528,54502302517,0,0,0,0,311,507583660379,1,60438128930473,0,0991587735643362,-10,2650901027805,-1,50799890278046,0,001,2,63317483077364,0,00253175462092051,1,14729892243357E-05,1,17292580372822E-21,1,53825419174209,4,89298720633021,-12,0269910104,55359,0173413462,48688,9450779,43883,1669153136,9,18635921732432,0,0,0,0,0,0,0,0,0,0,0,0,0,0,0,0,0,0,0,0,0,0,0,0,0,0,0,0,0,0,0,0,0,0,0,0,0,0,0,0,0,0,0,0,0,0,0,0,0,0,0,0,0,0,0,0,0,0,0,0,0,0,0,0,0,0,0,0,0,0,0,0,0,0,0,0,0,0,0,0,0,0,0,0,0,0,0,0,0,0,0,0,0,0,0,0,0,0,0,0,0,0,0,0,0,0,0,0,0,0,0,0,935,65,1425,91357054911,7,56121628751758,87,3466994848888,0,17,1465034370488,0,0,0,0,0,0,0,0,0,0,0,0,00161159049797689,0,0,0,0,0,0282497427961145,0,18,154870132346,0,0,0,41849,1630367632,39654,953009038,0,
675-700C*,0,00763093312296022,973,150024,752,252937561281,1036,31454374987,0,788529899682815,365,005186134302,100,63,7582618943866,12,5874773708369,0,11,6007737310033,316,457791516683,19,2152429838578,0,66,1696763877434,441,215787687061,379,438301544127,-16,8270928642802,-8,07000166428023,0,36,2417381056134,0,34794311092213,7913,81415323655,0,0,0,0,311,457791516683,1,61445137199283,0,0892647039509507,-13,4756470006356,-4,71855580063559,0,001,2,67357165297347,0,0027514232452717,1,28414838112008E-05,5,622719383272E-24,2,06363529000772,5,4766211987042,-12,0269910104,166595,432415644,179306,064865995,190487,399148463,7,87484543113819,0,0,0,0,0,0,0,0,0,0,0,0,0,0,0,0,0,0,0,0,0,0,0,0,0,0,0,0,0,0,0,0,0,0,0,0,0,0,0,0,0,0,0,0,0,0,0,0,0,0,0,0,0,0,0,0,0,0,0,0,0,0,0,0,0,0,0,0,0,0,0,0,0,0,0,0,0,0,0,0,0,0,0,0,0,0,0,0,0,0,0,0,0,0,0,0,0,0,0,0,0,0,0,0,0,0,0,0,0,0,0,0,960,65,3853,89622517843,7,51188015203394,87,1436219381605,0,18,2698204021167,0,0,0,0,0,0,0,0,0,0,0,0,00180382051141109,0,0,0,0,0,0316193633318691,0,19,2152429838578,0,0,0,41733,9205389156,39562,4661006237,0,
700-725C*,0,00636962300758468,998,150024,823,815461887902,1042,78853137952,0,634110029071236,366,419823557132,100,64,3568461473312,13,2816866952231,0,11,6587775996583,316,131637952952,21,0347977133832,0,67,5447004454049,439,365611027999,382,414952954937,-19,6231432949751,-10,8660520949751,0,35,6431538526688,0,918709760425379,8269,1740666863,0,0,0,0,311,131637952952,1,62374116344814,0,081073328605703,-16,6862038984907,-7,92911269849073,0,001,2,7283644735877,0,00297109186962289,1,97231318366835E-05,1,37064635256234E-26,5,44882718862813,8,41149850824896,-12,0269910104,729663,266458872,873422,443894617,1013675,80293584,6,52217413529408,0,0,0,0,0,0,0,0,0,0,0,0,0,0,0,0,0,0,0,0,0,0,0,0,0,0,0,0,0,0,0,0,0,0,0,0,0,0,0,0,0,0,0,0,0,0,0,0,0,0,0,0,0,0,0,0,0,0,0,0,0,0,0,0,0,0,0,0,0,0,0,0,0,0,0,0,0,0,0,0,0,0,0,0,0,0,0,0,0,0,0,0,0,0,0,0,0,0,0,0,0,0,0,0,0,0,0,0,0,0,0,0,985,65,11751,6486447054,7,511238482656,87,5718589672814,0,20,2100089909762,0,0,0,0,0,0,0,0,0,0,0,0,00277047343432722,0,0,0,0,0,0485639261595686,0,21,0347977133832,0,0,0,41627,8591412647,39476,2245077995,0,
725-750C*,0,00524842779198711,1023,150024,908,14500231107,1048,59297141059,0,503749972229118,367,841095824245,100,64,9646546366336,14,100741430345,0,11,7170714876566,315,5110976657,21,3359886868816,0,68,9197245030665,437,235577770466,385,011287987791,-22,4058027736983,-13,6487115736983,0,35,0353453633664,2,49551417500572,8585,767670011,0,0,0,0,310,5110976657,1,632644036612,0,0743096170684095,-19,8967607963459,-11,1396695963459,0,001,2,7924493161432,0,00319076049397408,3,00474740598715E-05,1,48132469721263E-29,14,8007848311986,12,8146120668916,-12,0269910104,4412420,86142164,5409905,69706809,6404504,18320049,5,49483344177448,0,0,0,0,0,0,0,0,0,0,0,0,0,0,0,0,0,0,0,0,0,0,0,0,0,0,0,0,0,0,0,0,0,0,0,0,0,0,0,0,0,0,0,0,0,0,0,0,0,0,0,0,0,0,0,0,0,0,0,0,0,0,0,0,0,0,0,0,0,0,0,0,0,0,0,0,0,0,0,0,0,0,0,0,0,0,0,0,0,0,0,0,0,0,0,0,0,0,0,0,0,0,0,0,0,0,0,0,0,0,0,0,1010,65,40989,0477282247,7,54209071903511,88,3712161213259,0,20,5325341969813,0,0,0,0,0,0,0,0,0,0,0,0,0042207155202745,0,0,0,0,0,0739853753251859,0,21,3359886868816,0,0,0,41527,2465957482,39393,6508787417,0,
750-775C*,0,00431570264298614,1048,150024,998,457854917348,1053,78413183281,0,414410737701776,369,275240413203,100,65,5807635657148,14,919796165467,0,11,7756568450949,314,615374710619,22,3963615383935,0,70,294748560728,434,864093543517,387,023709417014,-25,1761966602447,-16,4191054602447,0,34,4192364342852,4,07231858958605,8882,80691750724,0,0,0,0,309,615374710619,1,64117948902776,0,0686985388788868,-23,107317694201,-14,350226494201,0,001,2,88675057016607,0,00341042911832527,4,03718162830594E-05,5,94693471596448E-33,24,152742473769,17,2177256255343,-12,0269910104,33007951,2586967,41569324,5485272,50316336,6490343,4,61750656231226,0,0,0,0,0,0,0,0,0,0,0,0,0,0,0,0,0,0,0,0,0,0,0,0,0,0,0,0,0,0,0,0,0,0,0,0,0,0,0,0,0,0,0,0,0,0,0,0,0,0,0,0,0,0,0,0,0,0,0,0,0,0,0,0,0,0,0,0,0,0,0,0,0,0,0,0,0,0,0,0,0,0,0,0,0,0,0,0,0,0,0,0,0,0,0,0,0,0,0,0,0,0,0,0,0,0,0,0,0,0,0,0,1035,65,165713,067582112,7,60188557155023,89,5171958662536,0,21,6707476156877,0,0,0,0,0,0,0,0,0,0,0,0,00567095760622178,0,0,0,0,0,0994068244908032,0,22,3963615383935,0,0,0,41422,4944168336,39305,7715276404,0,
775-800C*,0,00354729941600039,1073,150024,1094,8468266532,1058,41828063594,0,341833792451571,370,728494801571,100,66,2042491379958,15,738850900589,0,11,8345351293204,313,46233064858,23,4567343899053,0,71,6697726183896,432,285821973532,388,565530870562,-27,935450314409,-19,178359114409,0,33,7957508620042,5,64912300416639,9179,50376347163,0,0,0,0,308,46233064858,1,6493751021577,0,0639650635769512,-26,3178745920561,-17,5607833920561,0,001,2,94963638713607,0,00363009774267647,5,06961585062474E-05,7,03082695798661E-37,33,5047001163395,21,6208391841769,-12,0269910104,312019343,397585,404884586,079317,502375538,931965,3,83483784596377,0,0,0,0,0,0,0,0,0,0,0,0,0,0,0,0,0,0,0,0,0,0,0,0,0,0,0,0,0,0,0,0,0,0,0,0,0,0,0,0,0,0,0,0,0,0,0,0,0,0,0,0,0,0,0,0,0,0,0,0,0,0,0,0,0,0,0,0,0,0,0,0,0,0,0,0,0,0,0,0,0,0,0,0,0,0,0,0,0,0,0,0,0,0,0,0,0,0,0,0,0,0,0,0,0,0,0,0,0,0,0,0,1060,65,788107,790086718,7,68828857633692,90,9873212410117,0,22,812830695466,0,0,0,0,0,0,0,0,0,0,0,0,00712119969216906,0,0,0,0,0,12482827365642,0,23,4567343899053,0,0,0,41338,3424128871,39236,186722203,0,
800-825C*,0,00286962446257023,1098,150024,1197,91003068433,1062,5516858097,0,27771439545733,372,207096466911,100,66,8341875568976,16,5579056357109,0,11,893707804967,312,068559809903,24,5171072414172,0,73,0447966760511,429,531931791022,389,739385535091,-30,6846890959862,-21,9275978959861,0,33,1658124431024,7,22592741874673,9495,0701622008,0,0,0,0,307,068559809903,1,65726563569934,0,0598341607024192,-29,5284314899113,-20,7713402899113,0,001,3,04330927560248,0,00384976636702766,6,00179181974378E-05,1,79365614365673E-41,42,8566577589099,25,5963725013992,-12,0269910104,3813269854,9395,5115976904,39362,6525556104,05889,3,09147164178529,0,0,0,0,0,0,0,0,0,0,0,0,0,0,0,0,0,0,0,0,0,0,0,0,0,0,0,0,0,0,0,0,0,0,0,0,0,0,0,0,0,0,0,0,0,0,0,0,0,0,0,0,0,0,0,0,0,0,0,0,0,0,0,0,0,0,0,0,0,0,0,0,0,0,0,0,0,0,0,0,0,0,0,0,0,0,0,0,0,0,0,0,0,0,0,0,0,0,0,0,0,0,0,0,0,0,0,0,0,0,0,0,1085,65,4479735,35509366,7,79914181964379,92,7607139323416,0,23,9583138050148,0,0,0,0,0,0,0,0,0,0,0,0,00843061078364651,0,0,0,0,0,14778108120589,0,24,5171072414172,0,0,0,41248,1268874138,39159,7202869224,0,
825-850C*,0,00230816877148719,1123,150024,1307,50921383149,1066,24061534385,0,213747805697878,373,717282886787,100,67,4696550258413,17,3769603708329,0,11,9531763439918,310,449465438618,25,5774800929291,0,74,4198207337127,426,630353116244,390,621821979505,-33,4250383647709,-24,6679471647709,0,32,5303449741587,23,826634548729,9848,71806799133,0,0,0,0,305,449465438618,1,66489213679755,0,0560307997951073,-32,7389883877664,-23,9818971877664,0,001,3,14741550606823,0,00406943499137885,8,86778566776606E-05,6,44754093073519E-47,141,31472172725,37,8192299952848,-12,0269910104,64696174804,0535,90134012375,4556,118615342011,21,2,33205229883314,0,0,0,0,0,0,0,0,0,0,0,0,0,0,0,0,0,0,0,0,0,0,0,0,0,0,0,0,0,0,0,0,0,0,0,0,0,0,0,0,0,0,0,0,0,0,0,0,0,0,0,0,0,0,0,0,0,0,0,0,0,0,0,0,0,0,0,0,0,0,0,0,0,0,0,0,0,0,0,0,0,0,0,0,0,0,0,0,0,0,0,0,0,0,0,0,0,0,0,0,0,0,0,0,0,0,0,0,0,0,0,0,1110,65,31975458,3597162,7,93242999909838,94,8177346155937,0,25,1067662883228,0,0,0,0,0,0,0,0,0,0,0,0,0124564216359184,0,0,0,0,0,218349951688346,0,25,5774800929291,0,0,0,41159,5032236861,39083,7612343052,0,
850-875C*,0,00183523360680852,1148,150024,1432,02590852929,1069,54133722811,0,141629282152041,375,265291538762,100,68,1097277482479,18,1960151059549,0,12,0129422257118,308,619335558272,26,637852944441,0,75,7948447913742,423,606034728143,391,316097702141,-36,157623480558,-27,400532280558,0,31,8902722517521,42,7120826446479,10259,6594351399,0,0,0,0,303,619335558272,1,67230108844226,0,0522799503948319,-35,9495452856215,-27,1924540856215,0,001,3,26224040854784,0,00428910361573004,0,00011897110872232,1,79175042785312E-53,253,323483892596,50,7386611735387,-12,0269910104,2349385133008,08,3433569571286,34,4701179411665,46,1,50122416616363,0,0,0,0,0,0,0,0,0,0,0,0,0,0,0,0,0,0,0,0,0,0,0,0,0,0,0,0,0,0,0,0,0,0,0,0,0,0,0,0,0,0,0,0,0,0,0,0,0,0,0,0,0,0,0,0,0,0,0,0,0,0,0,0,0,0,0,0,0,0,0,0,0,0,0,0,0,0,0,0,0,0,0,0,0,0,0,0,0,0,0,0,0,0,0,0,0,0,0,0,0,0,0,0,0,0,0,0,0,0,0,0,1135,65,387086076,590527,8,08625388701652,97,1397007671666,0,26,2577922202489,0,0,0,0,0,0,0,0,0,0,0,0,0167116611548781,0,0,0,0,0,292940501891625,0,26,637852944441,0,0,0,41071,578689645,39007,5872717194,0,
875-900C*,0,00146741950781588,1173,150024,1546,76426165979,1072,51011945224,0,0530540837986474,376,8573599004,100,68,7534819275384,19,0150698410768,0,12,0730069368403,306,591417675369,27,6982257959528,0,77,1698688490358,420,481196278073,391,768003640372,-38,8835698031423,-30,1264786031423,0,31,2465180724616,61,5975307405668,10747,106217943,0,0,0,0,301,591417675369,1,67954362004537,0,0483065820414094,-39,1601021834767,-30,4030109834767,0,001,3,38806931305583,0,00450877224008123,0,000149264360766979,1,60737721426156E-61,365,332246057941,63,6580923517927,-12,0269910104,143270982604403,221172084566831,316871686062819,0,543631592833073,0,0,0,0,0,0,0,0,0,0,0,0,0,0,0,0,0,0,0,0,0,0,0,0,0,0,0,0,0,0,0,0,0,0,0,0,0,0,0,0,0,0,0,0,0,0,0,0,0,0,0,0,0,0,0,0,0,0,0,0,0,0,0,0,0,0,0,0,0,0,0,0,0,0,0,0,0,0,0,0,0,0,0,0,0,0,0,0,0,0,0,0,0,0,0,0,0,0,0,0,0,0,0,0,0,0,0,0,0,0,0,0,1160,65,6715532788,70279,8,25881169272879,99,7086908563726,0,27,411026754103,0,0,0,0,0,0,0,0,0,0,0,0,0209669006738377,0,0,0,0,0,367531052094904,0,27,6982257959528,0,0,0,40983,4819974239,38930,4963255892,0,
900-925C*,0,00116837248444847,1198,150024,1664,87762607231,1075,47064221492,0,378,467608888619,100,69,3969729646482,19,8341245761988,0,12,1333719715245,304,35170461794,28,7585986474647,0,78,5448929066973,417,275571158095,392,104169635133,-41,6093509364978,-32,8522597364978,0,30,6030270353518,80,4829788364857,11276,4593070105,0,0,0,0,299,35170461794,1,68699199680416,0,04394102413714,-42,3706590813318,-33,6135678813318,0,001,3,51686936380489,0,00472844086443243,0,000170161053926635,1,24163910207317E-71,477,341008223287,72,5700899389538,-12,0269910104,1,58116820896882E+16,2,59873648535588E+16,3,92147286202671E+16,0,0,0,0,0,0,0,0,0,0,0,0,0,0,0,0,0,0,0,0,0,0,0,0,0,0,0,0,0,0,0,0,0,0,0,0,0,0,0,0,0,0,0,0,0,0,0,0,0,0,0,0,0,0,0,0,0,0,0,0,0,0,0,0,0,0,0,0,0,0,0,0,0,0,0,0,0,0,0,0,0,0,0,0,0,0,0,0,0,0,0,0,0,0,0,0,0,0,0,0,0,0,0,0,0,0,0,0,0,0,0,0,0,1185,65,175868486410,783,8,43939522917757,,0,28,5661329607044,0,0,0,0,0,0,0,0,0,0,0,0,0239022221909021,0,0,0,0,0,41898461798839,0,28,7585986474647,0,0,0,40894,5461081099,38852,5728423232,0,
925-950C*,0,000921033470662729,1223,150024,1795,69004648198,1079,23826946751,0,379,989804185366,100,70,0310754678139,20,6531793113208,0,12,1940388313821,301,838131767786,29,8189714989766,0,79,9199169643588,414,00663712532,392,369743692022,-44,3512741596514,-35,5941829596514,0,29,9689245321861,160,467655569721,11664,6965942504,0,0,0,0,296,838131767786,1,69562507236124,0,0396778590719495,-45,5812159791869,-36,8241247791869,0,001,3,62188916274469,0,00494810948878362,0,000229227463732815,1,01179546585337E-84,951,726608585137,97,7606642395437,-12,0269910104,3,44024402725145E+18,6,07452591553941E+18,9,72713575664896E+18,0,0,0,0,0,0,0,0,0,0,0,0,0,0,0,0,0,0,0,0,0,0,0,0,0,0,0,0,0,0,0,0,0,0,0,0,0,0,0,0,0,0,0,0,0,0,0,0,0,0,0,0,0,0,0,0,0,0,0,0,0,0,0,0,0,0,0,0,0,0,0,0,0,0,0,0,0,0,0,0,0,0,0,0,0,0,0,0,0,0,0,0,0,0,0,0,0,0,0,0,0,0,0,0,0,0,0,0,0,0,0,0,0,1210,65,7377974210476,92,8,60147749574007,,0,29,7227990783655,0,0,0,0,0,0,0,0,0,0,0,0,0321991762742666,0,0,0,0,0,564422816550901,0,29,8189714989766,0,0,0,40805,955347575,38776,7486999951,0,
950-975C*,0,000721991912890076,1248,150024,1932,37863988185,1083,0058967201,0,381,511999482113,100,70,6651779709796,21,4722340464427,0,12,255009025539,299,147297568008,30,8793443504885,0,81,2949410220204,410,689832872001,392,568794261455,-47,093197382805,-38,336106182805,0,29,3348220290204,327,652202299902,12052,9338814902,0,0,0,0,294,147297568008,1,70449733619267,0,035414694006759,-48,7917728770421,-40,0346816770421,0,001,3,72690896168449,0,00516777811313481,0,000306551295574848,2,50092970122616E-102,1943,29080326626,130,737642823728,-12,0269910104,1,62754105375347E+21,3,11951878018071E+21,5,34646627857789E+21,0,0,0,0,0,0,0,0,0,0,0,0,0,0,0,0,0,0,0,0,0,0,0,0,0,0,0,0,0,0,0,0,0,0,0,0,0,0,0,0,0,0,0,0,0,0,0,0,0,0,0,0,0,0,0,0,0,0,0,0,0,0,0,0,0,0,0,0,0,0,0,0,0,0,0,0,0,0,0,0,0,0,0,0,0,0,0,0,0,0,0,0,0,0,0,0,0,0,0,0,0,0,0,0,0,0,0,0,0,0,0,0,0,1235,65,530711889501119,8,77314943148787,,0,30,880736108709,0,0,0,0,0,0,0,0,0,0,0,0,0430607181294144,0,0,0,0,0,754815949398447,0,30,8793443504885,0,0,0,40717,7403033376,38701,2635105865,0,
975-1000C*,0,000562659988655865,1273,150024,2075,01908103397,1086,77352397269,0,383,03419477886,100,71,2992804741453,22,2912887815647,0,12,3162840706667,296,294990762349,31,9397172020003,0,82,6699650796819,407,338759566125,392,719701970198,-49,8351206059586,-41,0780294059586,0,28,7007195258547,494,836749030084,12441,1711687301,0,0,0,0,291,294990762349,1,71361052841572,0,0311515289415685,-52,0023297748972,-43,2452385748972,0,001,3,8319287606243,0,005387446737486,0,00038387512741688,2,79050048688521E-127,2934,85499794739,163,714621407912,-12,0269910104,1,87277315440812E+24,3,94289606115793E+24,7,30397341019361E+24,0,0,0,0,0,0,0,0,0,0,0,0,0,0,0,0,0,0,0,0,0,0,0,0,0,0,0,0,0,0,0,0,0,0,0,0,0,0,0,0,0,0,0,0,0,0,0,0,0,0,0,0,0,0,0,0,0,0,0,0,0,0,0,0,0,0,0,0,0,0,0,0,0,0,0,0,0,0,0,0,0,0,0,0,0,0,0,0,0,0,0,0,0,0,0,0,0,0,0,0,0,0,0,0,0,0,0,0,0,0,0,0,0,1260,65,7,07531219885074E+16,8,95507715351961,,0,32,0396757053164,0,0,0,0,0,0,0,0,0,0,0,0,0539222599845621,0,0,0,0,0,945209082245994,0,31,9397172020003,0,0,0,40629,8994833601,38626,1158943915,0,
1000-1050C*,0,000768935297890685,1323,150024,2300,40444161312,1092,42496485157,0,385,317487723981,100,72,2504342288939,23,5198708842476,0,12,3778654910201,290,341782656507,33,5302764792681,0,85,4200131950051,403,021771717758,392,884527402503,-53,948005440689,-45,190914240689,0,27,7495657711061,745,613569125356,13023,52709959,0,0,0,0,285,341782656507,1,72773671537792,0,0247567813437827,-56,8181651216799,-48,0610739216799,0,001,3,989458459034,0,00571694967401279,0,000480762729028474,9,04794078109171E-231,4422,20128996908,205,035133949838,-12,0269910104,5,14877454385186E+29,1,28082279883198E+30,2,72415363517636E+30,0,0,0,0,0,0,0,0,0,0,0,0,0,0,0,0,0,0,0,0,0,0,0,0,0,0,0,0,0,0,0,0,0,0,0,0,0,0,0,0,0,0,0,0,0,0,0,0,0,0,0,0,0,0,0,0,0,0,0,0,0,0,0,0,0,0,0,0,0,0,0,0,0,0,0,0,0,0,0,0,0,0,0,0,0,0,0,0,0,0,0,0,0,0,0,0,0,0,0,0,0,0,0,0,0,0,0,0,0,0,0,0,0,1298,15,4,22282771905755E+20,9,23257753444301,,0,33,7794237355201,0,0,0,0,0,0,0,0,0,0,0,0,0675318899664169,0,0,0,0,1,18377374679343,0,33,5302764792681,0,0,0,40498,8365685981,38514,0243018159,0,
1050-1100C*,0,00117422833837782,1373,150024,2623,12843209686,1099,96021935674,0,388,361878317475,100,73,5186392352253,25,1579803544916,0,12,4397548184752,283,729925895743,35,6510221822919,0,88,1700613103281,395,268476101325,393,034624381863,-59,4318518869961,-50,6747606869961,0,26,4813607647747,2535,04750975025,13800,0016740697,0,0,0,0,278,729925895743,1,74743716633843,0,0162304512134017,-63,2392789173902,-54,4821877173902,0,001,4,19949805691361,0,00615628692271518,0,00079961932074079,0,15035,2553010817,341,020725271854,-12,0269910104,1,42153120177025E+32,3,81117128214859E+32,8,6243757334017E+32,0,0,0,0,0,0,0,0,0,0,0,0,0,0,0,0,0,0,0,0,0,0,0,0,0,0,0,0,0,0,0,0,0,0,0,0,0,0,0,0,0,0,0,0,0,0,0,0,0,0,0,0,0,0,0,0,0,0,0,0,0,0,0,0,0,0,0,0,0,0,0,0,0,0,0,0,0,0,0,0,0,0,0,0,0,0,0,0,0,0,0,0,0,0,0,0,0,0,0,0,0,0,0,0,0,0,0,0,0,0,0,0,0,1348,15,2,09006860841449E+22,9,64854880076028,,0,36,1004072764388,0,0,0,0,0,0,0,0,0,0,0,0,112321111273353,0,0,0,0,1,96888881389488,0,35,6510221822919,0,0,0,40325,3812375396,38365,7367769904,0,
1100-1150C*,1,90924963023724E-05,1423,150024,2972,80703622807,1107,49547386192,0,391,406268910969,100,74,7868442415567,26,7960898247355,0,12,5019535925675,276,736838765557,37,7717678853156,0,90,9201094256512,389,503413793244,393,142704213531,-64,9156983333033,-56,1586071333033,0,25,2131557584433,4480,589380197,14576,4762485495,0,0,0,0,271,736838765557,1,7681496573157,0,00770412108302069,-69,6603927131005,-60,9033015131005,0,001,4,40953765479321,0,00659562417141756,0,00110286574314013,0,26574,1785790887,470,348909597008,-12,0269910104,1,42153120177025E+32,3,81117128214859E+32,8,6243757334017E+32,0,0,0,0,0,0,0,0,0,0,0,0,0,0,0,0,0,0,0,0,0,0,0,0,0,0,0,0,0,0,0,0,0,0,0,0,0,0,0,0,0,0,0,0,0,0,0,0,0,0,0,0,0,0,0,0,0,0,0,0,0,0,0,0,0,0,0,0,0,0,0,0,0,0,0,0,0,0,0,0,0,0,0,0,0,0,0,0,0,0,0,0,0,0,0,0,0,0,0,0,0,0,0,0,0,0,0,0,0,0,0,0,0,1398,15,2,09006860841449E+22,10,1103124307523,,0,38,4214247712946,0,0,0,0,0,0,0,0,0,0,0,0,154917599714888,0,0,0,0,2,71556723127301,0,37,7717678853156,0,0,0,40153,3941968091,38218,7727943706,0,
1150+C*,0,1623,150024,3979,13552577436,1126,33361012486,0,399,017245394705,100,77,9573567573853,30,8913635003453,,12,5644633605304,247,421547324553,43,073632142875,,99,0482110037811,,393,346573822503,,,0,22,0426432426147,10700,8434097679,16517,6626847489,,,0,0,,,0,-85,7131772023761,,2,18503116567727E-06,4,93463664949223,0,00769396729317352,0,00203853413342731,,63466,2316914954,869,391685069309,,,,,0,0,0,0,0,0,0,0,0,0,0,0,0,0,0,0,0,0,0,0,0,0,0,0,0,0,0,0,0,0,0,0,0,0,0,0,0,0,0,0,0,0,0,0,0,0,0,0,0,0,0,0,0,0,0,0,0,0,0,0,0,0,0,0,0,0,0,0,0,0,0,0,0,0,0,0,0,0,0,0,0,0,0,0,0,0,0,0,0,0,0,0,0,0,0,0,0,0,0,0,0,0,0,0,0,0,0,0,0,0,0,0,0,1523,15,,10,7242677270449,134,744668924974,,,,,,,,,,,,,,0,286349283085221,,,,,5,01944731441652,,43,073632142875,,,,39729,7610507718,,,
