Name,Loango-1989
Created,26/03/2026 11:04:14
Cpt,Composition,Boiling Temperature,Molecular Weight,Standard Liquid Density,Acidity,Aniline Point,Assay - Aromatics Vol Pct,Assay - Aromatics Wt Pct,Asphaltene Content,Basic Nitrogen Content,C to H Ratio,Cloud Point,Conradson Carbon Content,Copper Content,Cetane Number,Flash Point,Freeze Point,MON (Clear),MON (Leaded),Assay - Naphthenes Vol Pct,Assay - Naphthenes Wt Pct,Nickel Content,Nitrogen Content,Assay - Olefins Vol Pct,Assay - Olefins Wt Pct,Assay - Paraffins Vol Pct,Assay - Paraffins Wt Pct,Pour Point,Refractive Index,Reid Vapour Pressure,RON (Clear),RON (Leaded),Smoke Point,Sulfur Content,Mercaptan Sulfur Content,Sodium Content,True Vapour Pressure,Vanadium Content,Iron Content,Luminometer Number,Viscosity @ 38C,Viscosity @ 50C,Viscosity @ 60C,Wax Content,Pi C6 22DMB Wt Pct,Pi C6 22DMB Vol Pct,Pi C6 23DMB Wt Pct,Pi C6 23DMB Vol Pct,Pi C6 2MP Wt Pct,Pi C6 2MP Vol Pct,Pi C6 3MP Wt Pct,Pi C6 3MP Vol Pct,Pi C7 22-mPentane Wt Pct,Pi C7 22-mPentane Vol Pct,Pi C7 24-mPentane Wt Pct,Pi C7 24-mPentane Vol Pct,Pi C7 223-mButane Wt Pct,Pi C7 223-mButane Vol Pct,Pi C7 33-mPentane Wt Pct,Pi C7 33-mPentane Vol Pct,Pi C7 23-mPentane Wt Pct,Pi C7 23-mPentane Vol Pct,Pi C7 2-mHexane Wt Pct,Pi C7 2-mHexane Vol Pct,Pi C7 3-mHexane Wt Pct,Pi C7 3-mHexane Vol Pct,Pi C7 3-ePentane Wt Pct,Pi C7 3-ePentane Vol Pct,Pi C6 Wt Pct,Pi C6 Vol Pct,Pi C7 Wt Pct,Pi C7 Vol Pct,Pi C8 Wt Pct,Pi C8 Vol Pct,Pi C9 Wt Pct,Pi C9 Vol Pct,Pi C10  Wt Pct,Pi C10  Vol Pct,Pi C11  Wt Pct,Pi C11  Vol Pct,Pn C6 Hexane Wt Pct,Pn C6 Hexane Vol Pct,Pn C7 Heptane Wt Pct,Pn C7 Heptane Vol Pct,Pn C8 Octane Wt Pct,Pn C8 Octane Vol Pct,Pn C9 Nonane Wt Pct,Pn C9 Nonane Vol Pct,Pn C10 Decane Wt Pct,Pn C10 Decane Vol Pct,Pn C11 n-C11 Wt Pct,Pn C11 n-C11 Vol Pct,On C6 Wt Pct,On C6 Vol Pct,On C7 Wt Pct,On C7 Vol Pct,On C8 Wt Pct,On C8 Vol Pct,On C9 Wt Pct,On C9 Vol Pct,On C10 Wt Pct,On C10 Vol Pct,On C11 Wt Pct,On C11 Vol Pct,A C6 Benzene Wt Pct,A C6 Benzene Vol Pct,A C7 Toluene Wt Pct,A C7 Toluene Vol Pct,A C8 m-Xylene Wt Pct,A C8 m-Xylene Vol Pct,A C8 o-Xylene Wt Pct,A C8 o-Xylene Vol Pct,A C8 p-Xylene Wt Pct,A C8 p-Xylene Vol Pct,A C8 EthBenz Wt Pct,A C8 EthBenz Vol Pct,N C6 cyc-C5 Wt Pct,N C6 cyc-C5 Vol Pct,N C6 cyc-C6 Wt Pct,N C6 cyc-C6 Vol Pct,A C8 Wt Pct,A C8 Vol Pct,A C9 Wt Pct,A C9 Vol Pct,A C10 Wt Pct,A C10 Vol Pct,A C11 Wt Pct,A C11 Vol Pct,N C6 Wt Pct,N C6 Vol Pct,N C7 Wt Pct,N C7 Vol Pct,N C8 Wt Pct,N C8 Vol Pct,N C9 Wt Pct,N C9 Vol Pct,N C10 Wt Pct,N C10 Vol Pct,N C11 Wt Pct,N C11 Vol Pct,Pi Wt Pct,Pi Vol Pct,Pn Wt Pct,Pn Vol Pct,Oi C6 Wt Pct,Oi C6 Vol Pct,Oi C7 Wt Pct,Oi C7 Vol Pct,Oi C8 Wt Pct,Oi C8 Vol Pct,Oi C9 Wt Pct,Oi C9 Vol Pct,Oi C10 Wt Pct,Oi C10 Vol Pct,Oi C11 Wt Pct,Oi C11 Vol Pct,Centroid Boiling Temperature,Viscosity @ 100C,Hydrogen,CarbonByWt,PValue,RamsCarbonResidueByWt,SulfideByWt,ZincByWt,TinByWt,ChromiumByWt,LeadByWt,AluminiumByWt,MagnesiumByWt,MetalByWt,ArsenicByWt,CadmiumByWt,MercuryByWt,NaClByWt,SaltByWt,MudByWt,ChloridesByWt,MolybdenumByWt,AshByWt,GumByWt,MicroCarbonResidueByWt,nC5InsolublesByWt,NaphthenicAcidByWt,NaphthenicAcidByVol,Gross Heating Value,Net Heating Value,Oxygen Content,
Hydrogen,0,20,5548,2,016000032,69,85910034,0,,0,0,0,0,0,13,9,0,0,,,13,9,10,,0,0,0,0,0,0,0,0,13,9,,,130,,,0,0,0,,0,0,,,,,0,,,,,,,,,,,,,,,,,,,,,,,,,,,,,,,,,,,,,,,,,,,,,,,,,,,,,,,,,,,,,,,,,,,,,,,,,,,,,,,,,,,,,,,,,,,,,,,,,0,0,0,0,,,,,,,,,,,,,,,100,0,,,,,,,,,,,,,,,,,,,,,0,,,,,,,
Nitrogen,0,77,3498,28,0135,806,3740234,0,,0,0,0,0,0,63,1,0,0,,,63,1,,,0,0,0,0,0,0,0,0,63,1,,,,,,0,0,0,,0,0,,,,,0,,,,,,,,,,,,,,,,,,,,,,,,,,,,,,,,,,,,,,,,,,,,,,,,,,,,,,,,,,,,,,,,,,,,,,,,,,,,,,,,,,,,,,,,,,,,,,,,,0,0,0,0,,,,,,,,,,,,,,,0,0,,,,,,,,,,,,,,,,,,,,,0,,,,,,,
CO,0,81,6996,28,0109005,799,3880005,0,,0,0,0,0,0,68,2,0,0,,,68,2,,,0,0,0,0,0,0,0,0,68,2,,,120,,,0,0,0,,0,0,,,,,0,,,,,,,,,,,,,,,,,,,,,,,,,,,,,,,,,,,,,,,,,,,,,,,,,,,,,,,,,,,,,,,,,,,,,,,,,,,,,,,,,,,,,,,,,,,,,,,,,0,0,0,0,,,,,,,,,,,,,,,0,0,,,,,,,,,,,,,,,,,,,,,0,,,,,,,
Oxygen,0,90,1996,32,1137,680054,0,,0,0,0,0,0,54,4,0,0,,,54,4,,,0,0,0,0,0,0,0,0,54,4,,,120,,,0,0,0,,0,0,,,,,0,,,,,,,,,,,,,,,,,,,,,,,,,,,,,,,,,,,,,,,,,,,,,,,,,,,,,,,,,,,,,,,,,,,,,,,,,,,,,,,,,,,,,,,,,,,,,,,,,0,0,0,0,,,,,,,,,,,,,,,0,0,,,,,,,,,,,,,,,,,,,,,0,,,,,,,
Methane,0,111,625,16,04290009,299,3940125,0,,0,0,0,0,3,90,4,0,0,,85,15,90,4,,,0,0,0,0,0,0,100,100,90,4,,,120,,,0,0,0,,0,0,,,,,0,,,,,,,,,,,,,,,,,,,,,,,,,,,,,,,,,,,,,,,,,,,,,,,,,,,,,,,,,,,,,,,,,,,,,,,,,,,,,,,,,,,,,,,,,,,,,,,,,0,0,100,100,,,,,,,,,,,,,,,25,13516209,75,,,,,,,,,,,,,,,,,,,,,0,,,,,,,
Ethylene,0,169,399,28,05380058,383,2260132,0,,0,0,0,0,6,104,0,0,,137,15,104,75,6,,0,0,0,0,100,100,0,0,104,,,100,51,,,0,0,0,,0,0,,,,,0,,,,,,,,,,,,,,,,,,,,,,,,,,,,,,,,,,,,,,,,,,,,,,,,,,,,,,,,,,,,,,,,,,,,,,,,,,,,,,,,,,,,,,,,,,,,,,,,,0,0,0,0,,,,,,,,,,,,,,,14,34761566,85,71428571,,,,,,,,,,,,,,,,,,,,,0,,,,,,,
Ethane,0,184,55,30,06990051,355,6830139,0,,0,0,0,0,4,90,4,0,0,,138,15,90,4,100,79,,0,0,0,0,0,0,100,100,90,4,,,111,38,,,0,0,0,,0,0,,,,,0,,,,,,,,,,,,,,,,,,,,,,,,,,,,,,,,,,,,,,,,,,,,,,,,,,,,,,,,,,,,,,,,,,,,,,,,,,,,,,,,,,,,,,,,,,,,,,,,,0,0,100,100,,,,,,,,,,,,,,,20,11147323,80,,,,,,,,,,,,,,,,,,,,,0,,,,,,,
CO2,0,194,598,44,00970078,825,335022,0,,0,0,0,0,0,217,0,0,,,217,,,0,0,0,0,0,0,0,0,217,,,,,,0,0,0,,0,0,,,,,0,,,,,,,,,,,,,,,,,,,,,,,,,,,,,,,,,,,,,,,,,,,,,,,,,,,,,,,,,,,,,,,,,,,,,,,,,,,,,,,,,,,,,,,,,,,,,,,,,0,0,0,0,,,,,,,,,,,,,,,0,0,,,,,,,,,,,,,,,,,,,,,0,,,,,,,
H2S,0,213,498,34,07600021,788,40802,0,,0,0,0,0,0,188,0,0,,,188,,,0,0,0,0,0,0,0,0,188,,2759,,,,94,1177,0,0,,0,0,,,,,0,,,,,,,,,,,,,,,,,,,,,,,,,,,,,,,,,,,,,,,,,,,,,,,,,,,,,,,,,,,,,,,,,,,,,,,,,,,,,,,,,,,,,,,,,,,,,,,,,0,0,0,0,,,,,,,,,,,,,,,5,911554252,0,,,,,,,,,,,,,,,,,,,,,0,,,,,,,
Propene,0,225,399,42,08060074,520,9550171,0,,0,0,0,0,6,87,9,0,0,,165,87,9,84,9,,0,0,0,0,100,100,0,0,87,9,,1565,102,54,,,0,0,0,,0,0,,,,,0,,,,,,,,,,,,,,,,,,,,,,,,,,,,,,,,,,,,,,,,,,,,,,,,,,,,,,,,,,,,,,,,,,,,,,,,,,,,,,,,,,,,,,,,,,,,,,,,,0,0,0,0,,,,,,,,,,,,,,,14,36465558,85,71428571,,,,,,,,,,,,,,,,,,,,,0,,,,,,,
Propane,0,00801447010628899,231,048,44,09700012,506,678009,0,,0,0,0,0,4,5,85,5,0,0,,169,15,85,5,97,1,,0,0,0,0,0,0,100,100,85,5,,1303,112,14,,,0,0,0,,0,0,,,,,0,,,,,,,,,,,,,,,,,,,,,,,,,,,,,,,,,,,,,,,,,,,,,,,,,,,,,,,,,,,,,,,,,,,,,,,,,,,,,,,,,,,,,,,,,,,,,,,,,0,0,100,100,,,,,,,,,,,,,,,18,28426304,81,81818182,,,,,,,,,,,,,,,,,,,,,0,,,,,,,
i-Butane,0,00718586457265255,261,42,58,12400055,561,9660034,0,380,85,0,0,0,0,4,8,114,0,0,,190,15,114,97,6,,0,0,0,0,0,0,100,100,114,,489,6,101,426,,,0,0,0,,0,0,,,,,0,,,,,,,,,,,,,,,,,,,,,,,,,,,,,,,,,,,,,,,,,,,,,,,,,,,,,,,,,,,,,,,,,,,,,,,,,,,,,,,,,,,,,,,,,,,,,,,,,100,100,0,0,,,,,,,,,,,,,,,17,34802065,82,75862069,,,,,,,,,,,,,,,,,,,,,0,,,,,,,
i-Butene,0,266,299,56,10770035,592,7930298,0,286,7055556,0,0,0,0,6,133,0,0,,193,15,133,88,1,,0,0,0,0,100,100,0,0,133,,442,7,105,2096138,,,0,0,0,,0,0,,,,,0,,,,,,,,,,,,,,,,,,,,,,,,,,,,,,,,,,,,,,,,,,,,,,,,,,,,,,,,,,,,,,,,,,,,,,,,,,,,,,,,,,,,,,,,,,,,,,,,,0,0,0,0,,,,,,,,,,,,,,,14,37319073,85,71428571,,,,,,,,,,,,,,,,,,,,,0,,,,,,,
1-Butene,0,266,898,56,10770035,593,7890015,0,,0,0,0,0,6,87,8,0,0,,193,15,87,8,80,8,,0,0,0,0,100,100,0,0,87,8,,432,97,4,,,0,0,0,,0,0,,0,236064836133691,0,219972008704656,0,208210021632581,0,,,,,,,,,,,,,,,,,,,,,,,,,,,,,,,,,,,,,,,,,,,,,,,,,,,,,,,,,,,,,,,,,,,,,,,,,,,,,,,,,,,,,,,,,,,,,,,,,0,0,0,0,,,,,,,,,,,,,,,14,37319073,85,71428571,,,,,,,,,,,,,,,,,,,,,0,,,,,,,
13-Butadiene,0,268,7,54,1,619,7440186,0,,0,0,0,0,8,164,0,0,,197,15,164,73,94513286,,0,0,0,0,100,100,0,0,164,,409,6,102,9723045,,,0,0,0,,0,0,,,,,0,,,,,,,,,,,,,,,,,,,,,,,,,,,,,,,,,,,,,,,,,,,,,,,,,,,,,,,,,,,,,,,,,,,,,,,,,,,,,,,,,,,,,,,,,,,,,,,,,0,0,0,0,,,,,,,,,,,,,,,11,17841035,88,88888889,,,,,,,,,,,,,,,,,,,,,0,,,,,,,
n-Butane,0,015477246771867,272,648,58,12400055,583,2230225,0,356,35,0,0,0,0,4,8,135,0,0,,213,15,135,89,6,,0,0,0,0,0,0,100,100,135,,358,5,93,8,,,0,0,0,,0,0,,0,241514675581771,0,217701202498228,,0,,,,,,,,,,,,,,,,,,,,,,,,,,,,,,,,,,,,,,,,,,,,,,,,,,,,,,,,,,,,,,,,,,,,,,,,,,,,,,,,,,,,,,,,,,,,,,,,,0,0,100,100,,,,,,,,,,,,,,,17,34802065,82,75862069,,,,,,,,,,,,,,,,,,,,,0,,,,,,,
tr2-Butene,0,274,027,56,1,608,684021,0,,0,0,0,0,6,168,0,0,,201,168,83,84306902,,0,0,0,0,100,100,0,0,168,,343,9,105,0089318,,,0,0,0,,0,0,,,,,0,,,,,,,,,,,,,,,,,,,,,,,,,,,,,,,,,,,,,,,,,,,,,,,,,,,,,,,,,,,,,,,,,,,,,,,,,,,,,,,,,,,,,,,,,,,,,,,,,0,0,0,0,,,,,,,,,,,,,,,14,37319073,85,71428571,,,,,,,,,,,,,,,,,,,,,0,,,,,,,
i-Pentane,0,301,028,72,15100098,623,4420166,0,343,95,0,0,0,0,5,113,0,0,,217,113,90,3,,0,0,0,0,0,0,100,100,113,,133,8,92,3,,,0,0,0,,0,0,,,,,0,,,,,,,,,,,,,,,,,,,,,,,,,,,,,,,,,,,,,,,,,,,,,,,,,,,,,,,,,,,,,,,,,,,,,,,,,,,,,,,,,,,,,,,,,,,,,,,,,100,100,0,0,,,,,,,,,,,,,,,16,75213296,83,33333333,,,,,,,,,,,,,,,,,,,,,0,,,,,,,
1-Pentene,0,303,096,70,13500214,638,7230225,0,292,25,0,0,0,0,6,108,0,0,,245,108,77,1,,0,0,0,0,100,100,0,0,108,,131,8,90,9,,,0,0,0,,0,0,,,,,0,,,,,,,,,,,,,,,,,,,,,,,,,,,,,,,,,,,,,,,,,,,,,,,,,,,,,,,,,,,,,,,,,,,,,,,,,,,,,,,,,,,,,,,,,,,,,,,,,0,0,0,0,,,,,,,,,,,,,,,14,37831669,85,71428571,,,,,,,,,,,,,,,,,,,,,0,,,,,,,
2M-1-butene,0,304,303,70,1,654,3800049,0,,0,0,0,0,6,136,0,0,,221,136,81,9,,0,0,0,0,100,100,0,0,136,,127,2,102,54,,,0,0,0,,0,0,,,,,0,,,,,,,,,,,,,,,,,,,,,,,,,,,,,,,,,,,,,,,,,,,,,,,,,,,,,,,,,,,,,,,,,,,,,,,,,,,,,,,,,,,,,,,,,,,,,,,,,0,0,0,0,,,,,,,,,,,,,,,14,37831669,85,71428571,,,,,,,,,,,,,,,,,,,,,0,,,,,,,
n-Pentane,0,309,209,72,15100098,629,7290039,0,343,95,0,0,0,0,5,143,0,0,,233,143,61,9,,0,0,0,0,0,0,100,100,143,,101,35,61,7,,,0,0,0,,0,0,,0,317713556013358,0,28795065870348,0,265338970196147,0,,,,,,,,,,,,,,,,,,,,,,,,,,,,,,,,,,,,,,,,,,,,,,,,,,,,,,,,,,,,,,,,,,,,,,,,,,,,,,,,,,,,,,,,,,,,,,,,,0,0,100,100,,,,,,,,,,,,,,,16,75213296,83,33333333,,,,,,,,,,,,,,,,,,,,,0,,,,,,,
cis2-Butene,0,276,867,56,1,625,9530029,0,,0,0,0,0,6,134,0,0,,203,134,83,5,,0,0,0,0,100,100,0,0,134,,314,4,100,,,0,0,0,,0,0,,,,,0,,,,,,,,,,,,,,,,,,,,,,,,,,,,,,,,,,,,,,,,,,,,,,,,,,,,,,,,,,,,,,,,,,,,,,,,,,,,,,,,,,,,,,,,,,,,,,,,,0,0,0,0,,,,,,,,,,,,,,,14,37319073,85,71428571,,,,,,,,,,,,,,,,,,,,,0,,,,,,,
3M-1-butene,0,293,204,70,1,631,2700195,0,,0,0,0,0,6,105,0,0,,217,105,85,26729455,,0,0,0,0,100,100,0,0,105,,190,101,6748769,,,0,0,0,,0,0,,,,,0,,,,,,,,,,,,,,,,,,,,,,,,,,,,,,,,,,,,,,,,,,,,,,,,,,,,,,,,,,,,,,,,,,,,,,,,,,,,,,,,,,,,,,,,,,,,,,,,,0,0,0,0,,,,,,,,,,,,,,,14,37831669,85,71428571,,,,,,,,,,,,,,,,,,,,,0,,,,,,,
2M-2-butene,0,311,704,70,1,666,1090088,0,406,15,0,0,0,0,6,139,0,0,,228,139,84,7,,0,0,0,0,100,100,0,0,139,,98,11,97,3,,,0,0,0,,0,0,,,,,0,,,,,,,,,,,,,,,,,,,,,,,,,,,,,,,,,,,,,,,,,,,,,,,,,,,,,,,,,,,,,,,,,,,,,,,,,,,,,,,,,,,,,,,,,,,,,,,,,0,0,0,0,,,,,,,,,,,,,,,14,37831669,85,71428571,,,,,,,,,,,,,,,,,,,,,0,,,,,,,
2M-13-C4==,0,307,204,68,1,684,8460083,0,,0,0,0,0,7,5,127,0,0,,219,127,81,,0,0,0,0,100,100,0,0,127,,118,6,99,1,,,0,0,0,,0,0,,,,,0,,,,,,,,,,,,,,,,,,,,,,,,,,,,,,,,,,,,,,,,,,,,,,,,,,,,,,,,,,,,,,,,,,,,,,,,,,,,,,,,,,,,,,,,,,,,,,,,,0,0,0,0,,,,,,,,,,,,,,,11,8404699,88,23529412,,,,,,,,,,,,,,,,,,,,,0,,,,,,,
tr2-Pentene,0,309,493,70,1,652,2630005,0,404,4833333,0,0,0,0,6,133,0,0,,225,133,85,14880659,,0,0,0,0,100,100,0,0,133,,106,7,100,3776273,,,0,0,0,,0,0,,,,,0,,,,,,,,,,,,,,,,,,,,,,,,,,,,,,,,,,,,,,,,,,,,,,,,,,,,,,,,,,,,,,,,,,,,,,,,,,,,,,,,,,,,,,,,,,,,,,,,,0,0,0,0,,,,,,,,,,,,,,,14,37831669,85,71428571,,,,,,,,,,,,,,,,,,,,,0,,,,,,,
cis2-Pentene,0,310,083,70,1,659,5750122,0,403,9277778,0,0,0,0,6,122,0,0,,226,122,85,14880659,,0,0,0,0,100,100,0,0,122,,104,4,100,3776273,,,0,0,0,,0,0,,,,,0,,,,,,,,,,,,,,,,,,,,,,,,,,,,,,,,,,,,,,,,,,,,,,,,,,,,,,,,,,,,,,,,,,,,,,,,,,,,,,,,,,,,,,,,,,,,,,,,,0,0,0,0,,,,,,,,,,,,,,,14,37831669,85,71428571,,,,,,,,,,,,,,,,,,,,,0,,,,,,,
Cyclopentane,0,322,398,70,13500214,748,8740234,0,289,95,0,0,0,0,6,179,0,0,,233,179,84,9,,100,100,0,0,0,0,0,0,179,,41,7,101,426,,,0,0,0,,0,0,,0,483269667509962,0,429891392256475,,0,,,,,,,,,,,,,,,,,,,,,,,,,,,,,,,,,,,,,,,,,,,,,,,,,,,,,,,,,,,,,,,,,,,,,,,,,,,,,,,,,,,,,,,,,,,,,,,,,0,0,0,0,,,,,,,,,,,,,,,14,37831669,85,71428571,,,,,,,,,,,,,,,,,,,,,0,,,,,,,
Cyclopentene,0,317,38,68,1,776,5159912,0,458,3722222,0,0,0,0,7,5,138,0,0,,244,138,69,7,,100,100,0,0,0,0,0,0,138,,81,04,93,3,,,0,0,0,,0,0,,,,,0,,,,,,,,,,,,,,,,,,,,,,,,,,,,,,,,,,,,,,,,,,,,,,,,,,,,,,,,,,,,,,,,,,,,,,,,,,,,,,,,,,,,,,,,,,,,,,,,,0,0,0,0,,,,,,,,,,,,,,,11,8404699,88,23529412,,,,,,,,,,,,,,,,,,,,,0,,,,,,,
22-Mpropane,0,282,648,72,2,595,5930176,0,291,7055556,0,0,0,0,5,257,0,0,,225,257,80,2,,0,0,0,0,0,0,100,100,257,,251,8,85,5,,,0,0,0,,0,0,,,,,0,,,,,,,,,,,,,,,,,,,,,,,,,,,,,,,,,,,,,,,,,,,,,,,,,,,,,,,,,,,,,,,,,,,,,,,,,,,,,,,,,,,,,,,,,,,,,,,,,100,100,0,0,,,,,,,,,,,,,,,16,75213296,83,33333333,,,,,,,,,,,,,,,,,,,,,0,,,,,,,
33M-1-butene,0,314,397,84,16,657,1190186,0,,0,0,0,0,6,,0,0,,241,15,157,95,93,3,,0,0,0,0,100,100,0,0,,,91,82,111,77,,,0,0,0,,0,0,,,,,0,,,,,,,,,,,,,,,,,,,,,,,,,,,,,,,,,,,,,,,,,,,,,,,,,,,,,,,,,,,,,,,,,,,,,,,,,,,,,,,,,,,,,,,,,,,,,,,,,0,0,0,0,,,,,,,,,,,,,,,14,3716,85,71428571,,,,,,,,,,,,,,,,,,,,,0,,,,,,,
H2O,0,373,148,18,01510048,997,9860229,0,,0,0,0,0,0,,0,0,,,,,,0,0,0,0,0,0,0,0,,,,,,,0,0,0,,0,0,,0,698140124178851,0,560124358458913,0,474686748589316,0,,,,,,,,,,,,,,,,,,,,,,,,,,,,,,,,,,,,,,,,,,,,,,,,,,,,,,,,,,,,,,,,,,,,,,,,,,,,,,,,,,,,,,,,,,,,,,,,,0,0,0,0,,,,,,,,,,,,,,0,279783740086422,11,18972388,0,,,,,,,,,,,,,,,,,,,,,0,,,,,,,
36-40C*,0,0176722001771326,313,149994,72,8132275540813,636,381420117026,0,0137769436136838,223,640312013493,2,17814220624685,2,97467626874997,0,0,200983270560828,5,26619448426962,173,094879941928,0,0,35,2087000200129,237,452880911821,175,094879941928,75,1012978001165,83,8583890001165,27,2475025655253,26,5365515977912,0,0,203013404606897,0,0,70,5743552282279,70,4887721334588,170,120846339772,1,35887447720056,83,6717449580373,77,413215574386,86,1703067743859,64,1604718335803,0,115781480664855,0,0,94,1972145768408,0,8,49461690981316E-09,138,216571829803,0,456625676081955,0,428712399396409,0,378323006562334,0,0326152185235862,0,0,0,0,0,0,0,0,0,0,0,0,0,0,0,0,0,0,0,0,0,0,0,0,0,0,0,0,0,0,0,0,0,0,0,0,0,0,0,0,0,0,0,0,0,0,0,0,0,0,0,0,0,0,0,0,0,0,0,0,0,0,0,0,0,0,0,0,0,0,0,0,0,0,0,0,0,0,0,0,0,0,0,0,0,0,0,0,0,0,0,0,0,0,0,0,70,4887721334588,70,5743552282279,0,0,0,0,0,0,0,0,0,0,0,0,0,0,311,149997,0,268341681342316,15,9193643930026,83,8344689595084,0,0,0,1,18163451416052E-13,0,0,0,0,0,0,0,0,0,2,12694212548894E-11,0,0,0,0,0,0,0,0,0,0,48711,0356005585,44861,4101116001,0,
40-50C*,0,0153544311846623,323,149994,75,6668621913673,646,948234447465,0,0152851851698098,225,052261015015,2,58253719776548,3,50246908721909,0,0,228196283677004,5,19242025217919,175,514854269959,0,0,36,9534184050109,241,95145889631,177,514854269959,72,8706109710398,81,6277021710398,29,3781314405987,28,5381589744856,0,0,230501296643439,0,0,68,0393313616358,67,9593719382953,172,637896909063,1,36386180054207,64,5824292115545,74,9602278513998,83,7173190513998,61,0777071122111,0,115781480664855,0,0,66,689087343625,0,3,82257760941592E-08,132,955763117359,0,456084659493972,0,428235410825628,0,377958563163754,0,0370312993595317,97,9851584411934,98,2397161192836,0,0,0,0,0,0,0,0,0,0,0,0,0,0,0,0,0,0,0,0,0,0,97,9851584411934,98,2397161192836,0,0,0,0,0,0,0,0,0,0,0,0,0,0,0,0,0,0,0,0,0,0,0,0,0,0,0,0,0,0,0,0,0,0,0,0,0,0,0,0,0,0,0,0,0,0,0,0,0,0,0,0,0,0,0,0,0,0,0,0,0,0,0,0,0,0,0,0,0,0,67,9593719382953,68,0393313616358,0,0,0,0,0,0,0,0,0,0,0,0,0,0,318,15,0,268208550265485,16,0834902709289,83,5122406084982,0,0,0,5,31735531372236E-13,0,0,0,0,0,0,0,0,0,9,57123956470024E-11,0,0,0,0,0,0,0,0,0,0,48548,0112167983,44748,8745087763,0,
50-60C*,0,0202175161427336,333,149994,79,8097735477268,664,271082096288,0,0172662991279654,226,954759948691,3,16024432850637,4,23289238024466,0,0,267072016700114,5,14116788804016,178,757838414024,0,0,36,9284693368018,246,919469649669,180,757838414024,69,6270995877782,78,3841907877782,32,1146368941905,31,2920275563225,0,0,269769713838499,0,0,64,7251187773031,64,4750800634328,175,983454530681,1,37210114994547,48,5192532113128,71,4559596757053,80,2130508757053,56,2169540833228,0,115781480664855,0,0,46,9073840140768,0,8,0698860643225E-08,124,259217202091,0,482388872847022,0,449848320472068,0,399010213126326,0,0433399862680253,46,428630242632,46,7992831079041,17,254162362573,17,0623804265719,34,3023658328511,34,3685973803617,3,13731829219152E-09,3,09075589776836E-09,0,0,0,0,0,0,0,0,0,0,0,0,0,0,0,0,97,9851584411934,98,2302609179284,0,0,0,0,0,0,0,0,0,0,0,0,0,0,0,0,0,0,0,0,0,0,0,0,0,0,0,0,0,0,0,0,0,0,0,0,0,0,0,0,0,0,0,0,0,0,0,0,0,0,0,0,0,0,0,0,0,0,0,0,0,0,0,0,0,0,0,0,0,0,64,4750800634328,64,7251187773031,0,0,0,0,0,0,0,0,0,0,0,0,0,0,328,15,0,282860697387378,16,2162105076728,83,370260727747,0,0,0,1,1225527884525E-12,0,0,0,0,0,0,0,0,0,2,02059501921449E-10,0,0,0,0,0,0,0,0,0,0,48291,9758725111,44572,1335136626,0,
60-70C*,0,0209916247485748,343,149994,84,0232581636537,683,618005981381,0,0190688711018931,228,785092486506,3,73795145924727,4,9316299148708,0,0,960187447407136,5,1538327929395,181,7747393039,0,0,34,8975911299616,252,357995291657,183,7747393039,66,1781279971096,74,9352191971096,34,5203659078617,33,9096710015748,0,0,969886310512258,0,0,61,741682632891,61,1586990835544,179,064412642978,1,38151326444924,35,4773331885647,67,7592817868631,76,5163729868631,51,0684682317303,0,115781480664855,0,0,32,7730229688828,0,1,23171945192291E-07,114,51194105491,0,512102874333839,0,473725426493719,0,421840051205195,0,0496486731765188,0,0,0,000100637941261198,0,000100497967337605,17,8493305830952,18,0596554655435,22,8363856349701,22,7186900647552,0,0,0,0,0,0,0,0,0,0,0,0,0,0,0,0,40,6858168560065,40,778446028266,0,0,0,0,0,0,0,0,0,0,57,2871612936612,57,4236541368466,0,0,0,0,0,0,0,0,0,0,0,0,0,0,0,0,0,0,0,0,0,0,0,0,0,0,0,0,0,0,0,0,0,0,0,012180291525685,0,0107579421652022,0,0,0,0,0,0,0,0,0,0,0,012180291525685,0,0107579421652022,0,0,0,0,0,0,0,0,0,0,25,3977339166304,25,6382487615486,35,760965166924,36,1034338713424,0,0,0,0,0,0,0,0,0,0,0,0,338,15,0,298805279086527,16,1798343601526,83,3881609096839,0,0,0,1,71337004553276E-12,0,0,0,0,0,0,0,0,0,3,08406608195897E-10,0,0,0,0,0,0,0,0,0,0,48021,3629089213,44385,3295995051,0,
70-80C*,0,0132373275975167,353,149994,88,3008666359706,700,837714739077,0,0207213405029876,230,824935511038,4,31565858998816,5,59565426890499,0,1,65330287811416,5,21601431361537,184,594251413802,0,0,33,5914248133859,261,223747297896,186,594251413802,62,7614410666434,71,5185322666434,36,6294231983374,36,3832206738867,0,1,67000290718602,0,0,59,0549182116744,58,0211250572083,181,913868400228,1,39024195417749,25,2474601835197,64,0351167961426,72,7922079961426,46,7553163747115,0,115781480664855,0,0,22,7403242732689,0,1,65645029741357E-07,105,921727034794,0,544587272808856,0,500144670902285,0,446697971772623,0,0559573600850124,0,0,0,0,0,0,0,0,1,73834489868356,1,93577162808477,0,411918813548879,0,45936066823288,0,0,0,0,0,0,0,0,0,0,0,0,0,0,2,15026371223244,2,39513229631765,0,0,0,0,0,0,0,0,0,348980221143471,0,397001791952843,0,0,0,0,0,0,0,0,0,0,0,0,0,0,0,0,0,0,0,0,0,0,2,83518909151079,2,42272951247821,0,0,0,0,0,0,0,0,0,0,89,6694056994905,89,8822518659722,2,9813197168162,2,87465470158748,0,0,0,0,0,0,0,0,92,6507254163067,92,7569065675597,0,0,0,0,0,0,0,0,0,0,49,9193848536793,50,6581479948882,8,101740203529,8,39677021678625,0,0,0,0,0,0,0,0,0,0,0,0,348,15,0,316074541593278,16,0156401526289,83,5378082778253,0,0,0,2,30418730261302E-12,0,0,0,0,0,0,0,0,0,4,14753714470344E-10,0,0,0,0,0,0,0,0,0,0,47793,0710849531,44227,7399344658,0,
80-90C*,0,0276026489034972,363,149994,92,641992507417,716,082395428918,0,022252146742643,233,039763041423,4,89336572072906,5,95504446283072,0,2,34641830882118,5,307906032677,187,245069217946,0,0,32,923173996786,268,141955218325,189,245069217946,59,5709390339193,68,3280302339193,38,4759134823427,41,3529264735817,0,2,37011950385978,0,0,56,6307207969282,52,6920290635876,184,564918956701,1,39824197603306,17,2856149128179,60,5308486204481,69,2879398204481,43,1398408419315,0,115781480664855,0,0,15,6673092791443,0,2,08118114290422E-07,98,4229040675532,0,580295725035858,0,529425693541606,0,474032631632698,0,062266046993506,0,0,0,0,0,0,0,0,0,124047967724995,0,138674061179687,2,72469255334986,3,05033186626499,0,0,0,0,4,80528642659664,5,20963940887285,13,9245507670734,15,4619021087741,0,00331903909244874,0,00363923285934324,3,66996824649598E-12,3,96107112654832E-12,0,0,21,581896753841,23,8641866779549,0,0,0,0,0,0,0,0,0,0,0,0,0,0,0,0,0,0,0,0,0,0,0,0,0,0,0,0,0,0,0,0,4,82069636059666,4,13542440127197,0,0,0,0,0,0,0,0,0,0,0,0,49,0537195798436,47,4828179719872,0,0,0,0,0,0,0,0,49,0537195798436,47,4828179719872,24,5436873057188,24,5175709487859,0,0,0,0,0,0,0,0,52,6920290635876,56,6307207969282,0,0,0,0,0,0,0,0,0,0,0,0,0,0,358,15,0,335123534541042,15,7806264073945,83,7620821072312,0,0,0,2,89500455969328E-12,0,0,0,0,0,0,0,0,0,5,21100820744791E-10,0,0,0,0,0,0,0,0,0,0,47600,1261489609,44094,5501981646,0,
90-100C*,0,0202477568264245,373,149994,97,2445058740465,729,504235110448,0,023689729232254,235,401848995314,4,8970793539167,5,95769739365954,0,3,0395337395282,5,41519143126119,189,755887190547,0,0,32,8098329133,275,043226968107,192,711273583147,56,6027399503998,65,3598311503998,40,667934974156,42,9667654683398,0,3,07023610053354,0,0,54,4349856719272,51,0755371380007,187,050661466669,1,40549211492664,10,9583647998157,57,2464772597797,66,0035684597797,40,1114956674968,0,115781480664855,0,0,10,7156648150324,0,2,50591198839488E-07,91,9325967827882,0,619732584658213,0,561937488633402,0,504221474936779,0,0685747339019996,0,0,0,0,0,0,0,0,0,0,0,0,0,0,0,0,1,94081909834017,1,91591812828744,13,4419632548227,13,5908911852242,24,8210835470638,24,7811649727863,1,58975540021838,1,56237092408622,0,0,41,793621300445,41,8503452103841,0,0,0,0,0,0,0,0,0,0,55,9624862877309,56,1478554302035,0,0,0,0,0,0,0,0,0,0,0,0,0,0,0,0,0,0,0,0,0,0,0,0,0,0,0,0,0,0,0,0,0,0,0,0,0,0,0,0,0,0,0,0,0,0,2,24389241182404,2,0017993594123,0,0,0,0,0,0,0,0,21,8362996392525,23,2465792943237,29,2392374987482,31,1884063776035,0,0,0,0,0,0,0,0,0,0,0,0,368,15,0,356234780581542,15,5156134110326,84,0200167941852,0,0,0,3,48582181677354E-12,0,0,0,0,0,0,0,0,0,6,27447927019238E-10,0,0,0,0,0,0,0,0,0,0,47436,9274294917,43981,8942515391,0,
100-110C*,0,0188162994130981,383,149994,102,032448175724,741,255420843206,0,0250625273832148,237,888519893925,5,76970589452737,6,9529606552226,0,3,73264917023522,5,52739620906323,192,155399805823,0,0,33,1761452438302,281,929104575811,196,053830674065,53,8529618675478,62,6100530675478,41,7966859855263,43,9009476224915,0,3,7703526972073,0,0,52,4336081199463,49,1460917222859,189,404193084405,1,41199255450392,8,11061347247325,54,1820027141372,62,9390939141372,37,5798799941293,0,115781480664855,0,0,7,27405367643317,0,2,93064283388554E-07,86,3604861464542,0,663459933222441,0,598107735837503,0,53762727370432,0,0748834208104932,0,0,0,0,0,0,0,0,0,0,0,0,0,0,0,0,0,0,0,0,0,0,0,0,0,0,0,0,0,0,0,0,0,0,0,0,0,0,0,0614961844062755,0,0693262431955356,0,0,0,0,0,0,0,0,0,0,0,0,0,0,0,0,0,0,0,0,0,0,2,43100967497045,2,16338959581591,0,0,0,0,0,0,0,0,0,0,0,0,0,0,0,0,0,0,0,0,0,0,97,5074941406233,97,7672841609886,0,0,0,0,0,0,0,0,49,0845955378797,52,3642818767508,0,0614961844062755,0,0693262431955356,0,0,0,0,0,0,0,0,0,0,0,0,378,15,0,379579196105144,15,2483504738923,84,28367460386,0,0,0,4,07663907385381E-12,0,0,0,0,0,0,0,0,0,7,33795033293685E-10,0,0,0,0,0,0,0,0,0,0,47298,8948815244,43886,6104931435,0,
110-120C*,0,0175410000294771,393,149994,107,120536462953,750,677982827265,0,02639898060692,240,526054523169,6,70405926041858,8,01309726498832,0,4,42576460094224,5,62389720841765,194,472301537987,0,0,34,3365358373942,288,800875057926,199,107779979265,51,3383881105033,60,0954793105033,42,7034573153212,44,5653727959592,0,4,47046929388106,0,0,50,5924834242603,47,4215299390524,191,65861096418,1,4173339893316,7,79852520163493,51,3374249835208,60,0945161835208,35,6497693085159,0,116201688521918,0,0,4,89968911879822,0,3,3553736793762E-07,82,0227329111202,0,712025865410578,0,638434229979689,0,57463178926862,0,0811921077189867,0,0,0,0,0,0,0,0,0,0,0,0,0,0,0,0,0,0,0,0,0,0,0,0,0,0,0,0,47,6437863117507,50,9209434908065,0,0,0,0,0,0,0,0,0,0,0,0,0,0,0,0,0,0,0,0,0,0,0,0,0,0,0,0,0,0,0,0,13,9062798315346,12,074606206681,0,0,0,0,0,0,0,0,0,0,0,0,0,0,0,0,0,0,0,0,0,0,0,0,38,4499338567146,37,0044503025125,0,0,0,0,0,0,47,4215299390524,50,5924834242603,0,0,0,0,0,0,0,0,0,0,0,0,0,0,388,15,0,405254779537259,15,0255203221369,84,5019817946886,0,0,0,4,66745633093407E-12,0,0,0,0,0,0,0,0,0,8,40142139568132E-10,0,0,0,0,0,0,0,0,0,0,47191,3368224864,43812,363250288,0,
120-130C*,0,016907701361802,403,149994,112,638788483075,756,447478507824,0,0277440695208407,243,376570370525,7,69724293100072,9,14596092987595,0,5,11888003164927,5,67126326646098,196,735286861257,0,0,36,9068318042261,295,659628714321,201,915048654819,49,0928022207428,57,8498934207428,43,4252502008553,44,9457842214956,0,5,17058589055481,0,0,48,877506868144,45,9082548486284,193,847012260266,1,42074818574978,7,49250317837902,48,7127440679304,57,4698352679304,34,5688306833639,0,118263004671119,0,0,3,27410946973025,0,3,78010452486686E-07,79,5595693561652,0,766094933231208,0,683498955760717,0,615668361892472,0,0875007946274803,0,0,0,0,0,0,0,0,0,0,0,0,0,0,0,0,0,0,0,0,0,0,0,0,0,0,0,0,0,000100238269332722,0,00010282823311379,0,0,0,0,0,0,0,0,0,0,77,8551919684064,79,632932734868,0,0,0,0,0,0,0,0,0,0,0,0,0,0,0,0,0,0,0,0,0,0,0,0,0,0,0,0,0,0,0,0,0,0,0,0,0,0,0,0,0,0,0,0,0,0,22,1447077933242,20,3669644368988,0,0,0,0,0,0,0,0,45,9082548486284,48,877506868144,0,0,0,0,0,0,0,0,0,0,0,0,398,15,0,433336927563603,14,9188712349111,84,6088464116128,0,0,0,5,25827358801433E-12,0,0,0,0,0,0,0,0,0,9,46489245842579E-10,0,0,0,0,0,0,0,0,0,0,47126,8009911644,43767,8142171064,0,
130-140C*,0,0151560195259188,413,149994,118,264225692117,762,216974188382,0,0292744441240718,246,231922799854,8,74636038568423,10,3193630332899,0,5,81199546235629,5,72372022017857,198,973050249847,0,0,39,1856499934185,302,506300924676,204,517563856797,47,0230227186061,55,7801139186061,43,9990658794435,45,2669616910706,0,5,87070248722857,0,0,47,2545737348723,44,4136752756395,196,002494126936,1,42414063372676,7,19261029681101,46,3079599673661,55,0650511673661,33,5071758726092,0,121871016593296,0,0,2,16992315290012,0,4,20483537035751E-07,77,1166915171183,0,826905480081031,0,733985515449443,0,661267956072254,0,0938094815359739,0,0,0,0,0,0,0,0,0,0,0,0,0,0,0,0,0,0,0,0,0,0,0,0,0,0,0,0,0,0,8,96220284588241E-16,9,93338839645024E-16,0,0,0,0,0,0,0,0,0,0,0,0,0,0,0,0,0,0,0,0,0,0,0,0,0,0,0,0,0,0,0,0,8,90203537959595,8,24184302676997,3,95058727245904E-18,3,59024969331549E-18,9,26162435923988,8,60108704420959,9,2665611008058,8,54826300696591,0,0,0,0,27,4302208396416,25,3911930779455,0,0,0,0,0,0,0,0,0,0,72,5697791603584,74,6088069220545,0,0,0,0,0,0,44,4136752756395,47,2545737348723,0,0,0,0,0,0,0,0,0,0,0,0,0,0,408,15,0,463971456933882,14,8025936499289,84,7259045851852,0,0,0,5,84909084509459E-12,0,0,0,0,0,0,0,0,0,1,05283635211703E-09,0,0,0,0,0,0,0,0,0,0,47112,5589912174,43753,2820494068,0,
140-150C*,0,0149040106526804,423,149994,123,442908867889,774,597365477367,0,0308409335764941,248,742561177919,9,84851510387951,11,4835724076545,0,6,50511089306331,5,90805142981952,201,214286177974,0,0,38,1760541950974,309,341702896494,206,957252741267,44,9604205720711,53,7175117720711,44,4619055884004,45,7569931240191,0,6,57081908390233,0,0,45,6895793077201,42,7594344683264,198,158153718462,1,43110292661792,6,89890694140547,44,1230726818277,52,8801638818277,31,0711203340425,0,124262416280985,0,0,1,42597351899186,0,1,61194867142579E-05,71,4226900894834,0,895482142335617,0,790700833019871,0,712009051875657,0,100118168444467,0,0,0,0,0,0,0,0,0,0,0,0,0,0,0,0,0,0,0,0,0,0,0,0,0,0,0,0,0,0,85,5533832517988,87,4213708880824,0,0,0,0,0,0,0,0,0,0,2,46682597460706,2,53425226402831,0,0,0,0,0,0,0,0,0,0,0,0,0,0,0,0,0,0,0,0,0,453187840634434,0,386821894969799,11,5204293443044,9,6522693979452,0,00613748528543756,0,00525477857658426,1,7460685344655E-13,1,48497227271812E-13,0,0,0,0,11,9797546702244,10,0443460714917,3,61033696262125E-05,3,07763975509528E-05,0,0,0,0,0,0,0,0,0,0,0,0,0,0,0,0,40,2926084937194,43,1553270436918,2,46682597460706,2,53425226402831,0,0,0,0,0,0,0,0,0,0,0,0,418,15,0,4972092888368,14,4044616030879,85,1022999699037,0,0,0,2,2422837962375E-10,0,0,0,0,0,0,0,0,0,4,03611083322751E-08,0,0,0,0,0,0,0,0,0,0,46961,2297779849,43644,3805808711,0,
150-160C*,0,0143708830294857,433,149994,129,439178025922,780,278087359397,0,0324435378781074,251,617017259321,11,000810564997,12,73404331657,0,7,19822632377033,5,97388749311345,203,487689119853,0,0,40,0332491150198,316,166544788216,209,2760424643,43,0027844815158,51,7598756815158,44,8507705650408,45,9488258585533,0,7,27093568057609,0,0,44,1484188699622,41,3171308248767,200,347088189114,1,43442336868781,6,61145080738491,41,8557240906546,50,6128152906546,30,0856332142088,0,126421763897845,0,0,0,928922263560238,0,3,67626572891664E-05,69,0841589521952,0,972391417016271,0,854602347321294,0,768589446153968,0,106426855352961,0,0,0,0,0,0,0,0,0,0,0,0,0,0,0,0,0,0,0,0,0,0,0,0,0,0,0,0,0,0,0,0,0,0,0,0,0,0,0,0,0,0,19,1335509746789,21,1166880550118,0,0,0,0,0,0,0,0,0,0,0,0,0,0,0,0,0,0,0,0,0,0,0,0,0,0,0,0,0,0,0,0,0,0,21,0213159926007,19,2508026731758,0,0,0,0,0,0,0,0,0,0,59,8451330327204,59,6325092718124,0,0,0,0,22,1835798501978,23,0317308149503,19,1335509746789,21,1166880550118,0,0,0,0,0,0,0,0,0,0,0,0,428,15,0,533152581395321,14,2684348442519,85,2380244623807,0,0,0,5,11382975198695E-10,0,0,0,0,0,0,0,0,0,9,2048935535765E-08,0,0,0,0,0,0,0,0,0,0,46886,0736995343,43588,739433959,0,
160-170C*,0,0186484921042083,443,149994,135,746319138026,785,201277649907,0,0340822570289119,254,534343501029,12,200350248447,14,0238947513556,0,7,89134175447735,6,02811258462402,205,821953549701,0,0,42,0298181869057,322,981453432259,211,515860181965,40,866689126704,49,623780326704,45,2026620466795,46,1085919595673,0,7,97105227724985,0,0,42,5969877048734,39,8675132890771,202,602394693166,1,43729932552914,6,33029671561952,39,3409915825772,48,0980827825772,29,2710726327926,0,128349059443878,0,0,0,599691777132532,0,5,74058278640749E-05,67,1359823441012,1,05931281642355,0,926832297718061,0,831850962683032,0,112735542261455,0,0,0,0,0,0,0,0,0,0,0,0,0,0,0,0,0,0,0,0,0,0,0,0,0,0,0,0,0,0,0,0,6,15124503405073E-05,6,66995197350865E-05,0,0,0,0,0,0,0,0,0,0,1,02576594211693E-05,1,1167785088473E-05,0,0,0,0,0,0,0,0,0,0,0,0,0,0,0,0,0,0,0,0,0,0,0,0,0,0,0,0,0,0,0,0,0,0,0,0,0,0,0,0,0,0,0,0,99,9999282298903,99,9999221326952,0,0,0,0,39,8675030314176,42,5969765370883,1,02576594211693E-05,1,1167785088473E-05,0,0,0,0,0,0,0,0,0,0,0,0,438,15,0,571970567859651,14,1585841654761,85,3495393883649,0,0,0,7,98537570773639E-10,0,0,0,0,0,0,0,0,0,1,43736762739255E-07,0,0,0,0,0,0,0,0,0,0,46818,2849870702,43537,8853989072,0,
170-180C*,0,0187040427733592,453,149994,142,375638848248,789,519123408438,0,0357570910289075,257,485331759208,13,4442376336401,15,3492508166719,0,8,58445718518437,6,07252264618774,208,245773941732,0,0,44,1142430579057,329,786986146791,213,718633050333,38,7460347451754,47,5031259451754,45,5545812706312,46,2738794086472,0,8,67116887392361,0,0,41,0011810957287,38,3768697746809,204,95717038489,1,43981000714228,6,05549642219202,36,8262590744998,45,5833502744998,28,5907250309964,0,130044302919083,0,0,0,383559308039418,0,7,80489984389834E-05,65,4982242171686,1,15817931967532,1,00876123804291,0,902830488390461,0,119044229169948,0,0,0,0,0,0,0,0,0,0,0,0,0,0,0,0,0,0,0,0,0,0,0,0,0,0,0,0,0,0,0,0,85,1510176937118,85,2502731775689,0,0,0,0,0,0,0,0,0,0,12,8363444394433,12,9034662920573,0,0,0,0,0,0,0,0,0,0,0,0,0,0,0,0,0,0,0,0,0,0,0,0,0,0,0,0,0,0,0,0,0,0,5,75198999619396E-10,4,89492170503679E-10,0,0,0,0,0,0,0,0,0,0,2,01263786626969,1,84626052988433,0,0,25,5405253352376,28,0977148036713,12,8363444394433,12,9034662920573,0,0,0,0,0,0,0,0,0,0,0,0,448,15,0,613969119191142,14,0701318102235,85,4411940524289,0,0,0,1,08569216634858E-09,0,0,0,0,0,0,0,0,0,1,95424589942745E-07,0,0,0,0,0,0,0,0,0,0,46756,9205795482,43491,3893309316,0,
180-190C*,0,0186561109008743,463,149994,149,334219806014,793,383811694532,0,0374680398780942,260,461326989111,14,7836253439064,16,7415684236473,0,9,2775726158914,6,10951802831194,210,787844770162,0,0,46,2339328982387,336,583641658298,215,926288225474,36,6369393883928,45,3940305883928,46,4756964912018,47,0514371522415,0,9,37128547059737,0,0,38,7406781648918,36,2069944241112,207,444512418556,1,44203752887629,5,7870984228124,34,3115265664225,43,0686177664225,28,0100820974938,0,13150749432346,0,0,0,242975333809528,0,9,86921690138919E-05,64,0928641606321,1,27788564612768,1,1020436457619,0,983926724504835,0,125352916078442,0,0,0,0,0,0,0,0,0,0,0,0,0,0,0,0,0,0,0,0,0,0,0,0,0,0,0,0,0,0,0,0,0,0,0,0,0,0,0,0,0,0,0,0,0,0,0,0,0,0,0,0,0,0,0,0,0,0,0,0,0,0,0,0,0,0,0,0,0,0,0,0,0,0,0,0,0,0,0,0,27,5048497382224,26,0336378734024,0,0,0,0,0,0,0,0,0,0,72,4951404760945,73,9663514904014,9,78568306920905E-06,1,06361961833493E-05,36,2069944241112,38,7406781648918,0,0,0,0,0,0,0,0,0,0,0,0,0,0,458,15,0,66263124508223,13,9975208556592,85,5181060193223,0,0,0,1,37284676192353E-09,0,0,0,0,0,0,0,0,0,2,47112417146235E-07,0,0,0,0,0,0,0,0,0,0,46700,5605498427,43448,3491249348,0,
190-200C*,0,0185471592350015,473,149994,156,624325945822,796,94752956773,0,0392151035764721,263,454098237752,16,1708843935614,18,162978565186,0,9,97068804659842,6,14191672263304,213,476860509208,0,0,48,334895880331,343,371868852483,218,180752863457,34,5355211078189,43,2926123078189,47,5625738012098,48,0018153054755,0,10,0714020672711,0,0,36,2665418052288,33,8352061293385,210,097517948438,1,44406561062384,5,52514775231205,31,7967940583451,40,5538852583451,27,49632640656,0,132738633657009,0,0,0,152398580138068,0,0,0001193353395888,62,8435473124356,1,41553119174279,1,20868950547733,1,07582927481586,0,131661602986935,0,0,0,0,0,0,0,0,0,0,0,0,0,0,0,0,0,0,0,0,0,0,0,0,0,0,0,0,0,0,0,0,0,0,41,2437811174562,41,5272707011041,0,0,0,0,0,0,0,0,0,0,4,58264234638402,4,62197789634385,0,0,0,0,0,0,0,0,0,0,0,0,0,0,0,0,0,0,0,0,0,0,0,0,0,0,0,0,0,0,0,0,0,0,0,0,0,0,0,0,0,0,0,0,0,0,54,1735765361598,53,8507514025521,29,2525637829545,31,6445639088849,4,58264234638402,4,62197789634385,0,0,0,0,0,0,0,0,0,0,0,0,468,15,0,716179407173186,13,9348794042553,85,5868688408705,0,0,0,1,66000135749847E-09,0,0,0,0,0,0,0,0,0,2,98800244349725E-07,0,0,0,0,0,0,0,0,0,0,46647,4442893162,43407,5248196747,0,
200-210C*,0,018448743415492,483,149994,163,845500088373,802,660615453579,0,0524315656013714,266,343262096857,17,5898703263387,19,6009677421205,0,10,6638034773054,6,22605533375379,217,106074139104,0,0,49,3448221561097,350,152073867354,221,049347439313,32,3792772984663,41,1363684984663,48,7217754726283,49,0216614023603,0,10,7715186639449,0,0,33,688354201033,31,3773708555191,214,07864459982,1,44725598318777,5,2696857794961,29,2820615502677,38,0391527502677,26,5694802974592,0,132792734453455,0,0,0,0946120787502722,0,0,000139978510163709,60,5758184689732,1,57456175646023,1,3311571597224,1,18031236166145,0,550966071098196,0,0,0,0,0,0,0,0,0,0,0,0,0,0,0,0,0,0,0,0,0,0,0,0,0,0,0,0,0,0,0,0,0,0,4,34032361952746E-14,5,02652507224624E-14,0,0,0,0,0,0,0,0,0,0,2,41129089973748E-15,2,79725676490492E-15,0,0,0,0,0,0,0,0,0,0,0,0,0,0,0,0,0,0,0,0,0,0,0,0,0,0,0,0,0,0,0,0,0,0,86,3359656416861,86,3111120094857,0,0,0,0,0,0,0,0,0,0,0,0,31,3773708555191,33,688354201033,0,0,0,0,0,0,0,0,0,0,0,0,0,0,478,15,0,774996709647793,13,7725869343209,85,7488883420163,0,0,0,1,94715595307342E-09,0,0,0,0,0,0,0,0,0,3,50488071553215E-07,0,0,0,0,0,0,0,0,0,0,46560,1206124194,43339,9243624487,0,
210-220C*,0,0183382953312214,493,149994,171,305316062237,808,461121113686,0,0662350141974761,269,232189382512,19,0319661982028,21,0491634540445,0,11,3569189080125,6,31667743243151,220,96728127313,0,0,50,2001513500193,356,924625903101,224,053087048258,30,2208036079015,38,9778948079015,49,9339795439148,50,0880065509023,0,11,4716352606186,0,0,31,0340542578824,28,8628299950532,218,33248624289,1,450467535045,5,0207499976865,26,7673290421903,35,5244202421903,25,6416909523011,0,132792734453455,0,0,0,0581180077396885,0,0,000160621680738617,58,2878864005835,1,75959252625104,1,47247471286367,1,29968031291359,0,970270539209457,0,0,0,0,0,0,0,0,0,0,0,0,0,0,0,0,0,0,0,0,0,0,0,0,0,0,0,0,0,0,0,0,0,0,0,0,0,0,0,0,0,0,0,0,0,0,0,0,0,0,0,0,0,0,0,0,0,0,0,0,0,0,0,0,0,0,0,0,0,0,0,0,0,0,0,0,0,0,0,0,0,0,0,0,0,0,0,0,0,0,0,0,0,0,0,0,28,8628299950532,31,0340542578824,0,0,0,0,0,0,0,0,0,0,0,0,0,0,488,15,0,839917086665385,13,6018205545367,85,9183129368249,0,0,0,2,23431054864836E-09,0,0,0,0,0,0,0,0,0,4,02175898756705E-07,0,0,0,0,0,0,0,0,0,0,46468,8917945116,43268,7410379556,0,
220-230C*,0,0182251204155498,503,149994,179,028826867283,814,219368212478,0,0800384627935807,272,127125445316,20,4885550651183,22,5020490891494,0,12,0500343387195,6,41070411819235,224,995759922977,0,0,50,9692257977317,363,689862026194,227,165035083579,28,0634078378957,36,8204990378957,51,1798640535265,51,1786399405831,0,12,1717518572924,0,0,28,3315808813552,26,3193109702675,222,754150775001,1,45362714780883,4,77837381134699,24,2525965341129,33,0096877341129,24,7378590514553,0,132792734453455,0,0,0,0353116644106493,0,0,000181264851313526,56,0418165131525,1,97612399656519,1,63640010994015,1,43666910179396,1,38957500732072,0,0,0,0,0,0,0,0,0,0,0,0,0,0,0,0,0,0,0,0,0,0,0,0,0,0,0,0,0,0,0,0,0,0,0,0,0,0,0,0,0,0,0,0,0,0,0,0,0,0,0,0,0,0,0,0,0,0,0,0,0,0,0,0,0,0,0,0,0,0,0,0,0,0,0,0,0,0,0,0,0,0,0,0,0,0,0,0,0,0,0,0,0,0,0,0,26,3193109702675,28,3315808813552,0,0,0,0,0,0,0,0,0,0,0,0,0,0,498,15,0,911701207042058,13,428980088249,86,089217954861,0,0,0,2,5214651442233E-09,0,0,0,0,0,0,0,0,0,4,53863725960195E-07,0,0,0,0,0,0,0,0,0,0,46375,9491903456,43195,7162091934,0,
230-240C*,0,0189333813550832,513,150024,187,023435386049,819,922744760547,0,0938419113896853,275,028491055717,21,95101998305,23,9549007250657,0,12,7431497694265,6,50765711991422,229,29575006866,0,035244110017825,0,51,666726730112,370,448091176164,231,29575006866,25,9074116918444,34,6645028918444,52,4401070399206,52,2720547089025,0,12,8718684539662,0,0,25,6088729770294,23,7730445660318,227,29575006866,1,45672650711438,4,54258631924548,21,7378640260356,30,4949552260356,23,8596622381977,0,132792734453455,0,0,0,021213230353765,0,0,000201908021888434,53,8431754606798,2,23110075284461,1,82763408875339,1,59464029829115,1,80887947543198,0,0,0,0,0,0,0,0,0,0,0,0,0,0,0,0,0,0,0,0,0,0,0,0,0,0,0,0,0,0,0,0,0,0,0,0,0,0,0,0,0,0,0,0,0,0,0,0,0,0,0,0,0,0,0,0,0,0,0,0,0,0,0,0,0,0,0,0,0,0,0,0,0,0,0,0,0,0,0,0,0,0,0,0,0,0,0,0,0,0,0,0,0,0,0,0,23,7730445660318,25,6088729770294,0,0,0,0,0,0,0,0,0,0,0,0,0,0,508,15,0,99121926157011,13,2552340425618,86,2605181932065,0,0,0872745268965816,0,2,80861973979825E-09,0,0,0,0,0,0,0,0,0,5,05551553163685E-07,0,0,0,0,0,0,0,035244110017825,0,0,0,46281,7249876084,43121,2359030892,0,
240-250C*,0,0189521619224492,523,150024,195,295709343331,825,558638768485,0,122118346409068,277,936681265469,23,4107440079624,25,4037206837822,0,13,4362652001335,6,6070131486068,233,909395996375,0,0370460090065657,0,52,3059766796183,377,199597533784,235,909395996375,23,7531368731435,32,5102280731435,53,6953865415545,53,3473490207,0,13,5719850506399,0,0,22,8938694504831,21,2489302955178,231,909395996375,1,45975720343039,4,31341209467849,19,2231315179582,27,9802227179582,23,0086756134473,0,132792734453455,0,0,0,0125952540633132,0,0,000665921380859819,51,6973537246206,2,53337336578131,2,05210612488546,1,77775802720276,2,22818394354324,0,0,0,0,0,0,0,0,0,0,0,0,0,0,0,0,0,0,0,0,0,0,0,0,0,0,0,0,0,0,0,0,0,0,0,0,0,0,0,0,0,0,0,0,0,0,0,0,0,0,0,0,0,0,0,0,0,0,0,0,0,0,0,0,0,0,0,0,0,0,0,0,0,0,0,0,0,0,0,0,0,0,0,0,0,0,0,0,0,0,0,0,0,0,0,0,21,2489302955178,22,8938694504831,0,0,0,0,0,0,0,0,0,0,0,0,0,0,518,15,1,07947925828516,13,0817279766693,86,4311487483518,0,0,0891059247912725,0,9,26322747329996E-09,0,0,0,0,0,0,0,0,0,1,66738094519399E-06,0,0,0,0,0,0,0,0370460090065657,0,0,0,46186,6513663962,43045,6861038482,0,
250-260C*,0,0189424096621525,533,150024,203,851065358016,831,114438246885,0,135714391252674,280,852067584567,24,8591101958202,26,845170826548,0,14,1293806308405,6,7082029294847,238,547200430651,0,0388734760074096,0,52,8991046432628,383,944643372887,240,547200430651,21,6009050851885,30,3579962851885,54,9263805968854,54,3840882075987,0,14,2721016473137,0,0,20,2145092072944,18,7707409658533,236,547200430651,1,46271075951016,4,09087096335738,23,8806407480088,32,6377319480088,22,1863804153588,0,132792734453455,0,0,0,00738824050957575,0,0,00140167775852583,49,6095697200906,2,89432312966198,2,31736218572109,1,99121910359108,2,6474884116545,0,0,0,0,0,0,0,0,0,0,0,0,0,0,0,0,0,0,0,0,0,0,0,0,0,0,0,0,0,0,0,0,0,0,0,0,0,0,0,0,0,0,0,0,0,0,0,0,0,0,0,0,0,0,0,0,0,0,0,0,0,0,0,0,0,0,0,0,0,0,0,0,0,0,0,0,0,0,0,0,0,0,0,0,0,0,0,0,0,0,0,0,0,0,0,0,18,7707409658533,20,2145092072944,0,0,0,0,0,0,0,0,0,0,0,0,0,0,528,15,1,17765095765257,12,9095783722133,86,6000714548937,0,0,0909385989550038,0,1,94978871300472E-08,0,0,0,0,0,0,0,0,0,3,5096196834085E-06,0,0,0,0,0,0,0,0388734760074096,0,0,0,46091,1582373176,42969,4505452184,0,
260-270C*,0,0188083891890579,543,150024,212,693141979772,836,577531206339,0,148258382772173,283,775000156995,26,2875016025879,28,2765078283925,0,14,8224960615476,6,81061099324267,243,161275243996,0,0407265110203564,0,53,4571901834362,377,071287725423,245,161275243996,19,4510380313752,28,2081292313752,56,1137672443707,55,3621319066364,0,14,9722182439874,0,0,17,5987311530413,16,3613602649711,241,161275243996,1,46557866020091,3,8749777796375,21,9813678859871,30,7384590859871,21,3941726942162,0,132792734453455,0,0,0,00427979722025108,0,0,00213743413619183,47,584875134089,3,3287247577798,2,63309603003036,2,24156008036883,3,06679287976576,0,0,0,0,0,0,0,0,0,0,0,0,0,0,0,0,0,0,0,0,0,0,0,0,0,0,0,0,0,0,0,0,0,0,0,0,0,0,0,0,0,0,0,0,0,0,0,0,0,0,0,0,0,0,0,0,0,0,0,0,0,0,0,0,0,0,0,0,0,0,0,0,0,0,0,0,0,0,0,0,0,0,0,0,0,0,0,0,0,0,0,0,0,0,0,0,16,3613602649711,17,5987311530413,0,0,0,0,0,0,0,0,0,0,0,0,0,0,538,15,1,28709404686867,12,7398673246675,86,7662804538338,0,0,0927735025829458,0,2,97325467867945E-08,0,0,0,0,0,0,0,0,0,5,35185842162301E-06,0,0,0,0,0,0,0,0407265110203564,0,0,0,45995,6713203561,42892,9088395493,0,
270-280C*,0,0186992086291614,553,150024,221,823480723731,841,935305657438,0,159750320967566,286,705809927596,27,6873012842304,29,6955220553579,0,15,5156114922546,6,91357632874385,247,703732308917,0,0426051140454062,0,53,9903900399498,381,92947140677,249,703732308917,17,3038574150992,26,0609486150992,57,2382245224676,56,2614281244594,0,15,6723348406612,0,0,15,074474193302,14,0430498201827,245,703732308917,1,46835238452555,3,66574220185792,20,0820950239653,28,8391862239653,20,6333719518738,0,132792734453455,0,0,0,00244713928527653,0,0,00287319051385784,45,6281614069028,3,85595058507779,3,01188522064059,2,53707063296807,3,48609734787702,0,0,0,0,0,0,0,0,0,0,0,0,0,0,0,0,0,0,0,0,0,0,0,0,0,0,0,0,0,0,0,0,0,0,0,0,0,0,0,0,0,0,0,0,0,0,0,0,0,0,0,0,0,0,0,0,0,0,0,0,0,0,0,0,0,0,0,0,0,0,0,0,0,0,0,0,0,0,0,0,0,0,0,0,0,0,0,0,0,0,0,0,0,0,0,0,14,0430498201827,15,074474193302,0,0,0,0,0,0,0,0,0,0,0,0,0,0,548,15,1,40939130890157,12,5736381148755,86,9288068371947,0,0,094611490481984,0,3,99672064435418E-08,0,0,0,0,0,0,0,0,0,7,19409715983751E-06,0,0,0,0,0,0,0,0426051140454062,0,0,0,45900,6105450183,42816,4349233742,0,
280-290C*,0,0186056063456994,563,150024,231,240697882451,847,175149610776,0,170190205838853,289,644810794512,28,9168415224496,30,9713613666178,0,16,2087269229616,7,01639399670253,252,12668349792,0,340563284816574,0,54,5080501395364,386,57928779754,254,12668349792,15,1596849397561,23,9167761397561,57,9652035737196,56,7667769213295,0,16,372451437335,0,0,13,1179549038308,12,2618617120527,250,12668349792,1,47102343992342,3,46316846765308,18,1828221619436,26,9399133619436,19,9052297237342,0,132792734453455,0,0,0,00138052215698748,0,0,00360894689152385,43,7441672670281,4,50167060575344,3,47022261554881,2,88835539601433,3,81902689835619,0,0,0,0,0,0,0,0,0,0,0,0,0,0,0,0,0,0,0,0,0,0,0,0,0,0,0,0,0,0,0,0,0,0,0,0,0,0,0,0,0,0,0,0,0,0,0,0,0,0,0,0,0,0,0,0,0,0,0,0,0,0,0,0,0,0,0,0,0,0,0,0,0,0,0,0,0,0,0,0,0,0,0,0,0,0,0,0,0,0,0,0,0,0,0,0,12,2618617120527,13,1179549038308,0,0,0,0,0,0,0,0,0,0,0,0,0,0,558,15,1,54638763326396,12,4118916904401,87,0867223445256,0,0,324180616846321,0,5,0201866100289E-08,0,0,0,0,0,0,0,0,0,9,03633589805202E-06,0,0,0,0,0,0,0,340563284816574,0,0,0,45806,3887500021,42740,3957971056,0,
290-300C*,0,0183757641502198,573,150024,240,939689366593,852,284451076943,0,179578037386033,292,59230174374,30,1064280314928,32,2065445037536,0,16,9018423536686,7,11831779691751,256,382240683513,0,364238102082744,0,55,0188053514137,391,021760414127,258,382240683513,13,0188423087418,21,7759335087418,58,6045211325835,57,2052876799699,0,17,0725680340087,0,0,11,2890508359237,10,5881678162765,254,382240683513,1,47358339850864,3,26725517019699,16,2835492999219,25,0406404999219,19,2109380893402,0,132792734453455,0,0,0,000768003459251162,0,0,00434470326918985,41,9374872311912,5,30028122975006,4,02997979753588,3,30910516969827,4,86243359030852,0,0,0,0,0,0,0,0,0,0,0,0,0,0,0,0,0,0,0,0,0,0,0,0,0,0,0,0,0,0,0,0,0,0,0,0,0,0,0,0,0,0,0,0,0,0,0,0,0,0,0,0,0,0,0,0,0,0,0,0,0,0,0,0,0,0,0,0,0,0,0,0,0,0,0,0,0,0,0,0,0,0,0,0,0,0,0,0,0,0,0,0,0,0,0,0,10,5881678162765,11,2890508359237,0,0,0,0,0,0,0,0,0,0,0,0,0,0,568,15,1,70023580416363,12,2555945012598,87,2392164501222,0,0,341185858437526,0,6,04365257570363E-08,0,0,0,0,0,0,0,0,0,1,08785746362665E-05,0,0,0,0,0,0,0,364238102082744,0,0,0,45788,0385756755,42734,8017098105,0,
300-310C*,0,0181941136727687,583,150024,251,038715994864,856,96872179087,0,184632945340041,295,560634029624,31,2577923851271,33,3972623036124,0,29,4583704353591,7,20945401989451,260,03289610685,0,387912919348915,0,55,6419301067073,395,258380814762,262,03289610685,10,8888412532983,19,6459324532983,59,16137317935,57,5878799953393,0,31,8245657767831,0,0,9,58083443552285,9,01485770104826,258,03289610685,1,47586181971898,3,07799503644658,14,3842764379002,23,1413676379002,18,5997424243829,0,132792734453455,0,0,0,000421107916783318,0,0,00508045964685586,40,3387406051329,6,22502411562792,4,6614592962893,3,78141678159793,5,96125196966924,0,0,0,0,0,0,0,0,0,0,0,0,0,0,0,0,0,0,0,0,0,0,0,0,0,0,0,0,0,0,0,0,0,0,0,0,0,0,0,0,0,0,0,0,0,0,0,0,0,0,0,0,0,0,0,0,0,0,0,0,0,0,0,0,0,0,0,0,0,0,0,0,0,0,0,0,0,0,0,0,0,0,0,0,0,0,0,0,0,0,0,0,0,0,0,0,9,01485770104826,9,58083443552285,0,0,0,0,0,0,0,0,0,0,0,0,0,0,578,15,1,87289347007228,12,1185187892842,87,3679040005723,0,0,3581596250986,0,7,06711854137835E-08,0,0,0,0,0,0,0,0,0,1,2720813374481E-05,0,0,0,0,0,0,0,387912919348915,0,0,0,45713,0937862697,42675,3899274591,0,
310-320C*,0,0179293314230135,593,150024,261,575323713793,861,130134210727,0,1852705111925,298,553316804247,32,3706100287593,34,5370224123284,1,352978941828E-07,51,0690535623147,7,28561541796998,263,485357731894,0,411587736615086,0,56,4154878307886,399,291076094282,265,485357731894,8,77217713330753,17,5292683333075,59,6360842686126,57,9204694458124,1,88940159025739E-06,64,4787537072365,0,0,7,99330570262805,7,54250814185927,261,017857478505,1,47780169039294,2,89537470856258,12,4850035758785,21,2420947758785,18,0856339809142,0,132792734453455,0,0,0,000227456403777024,1,63104594880395E-07,0,00581621602452187,38,9879350210583,7,26012281350621,5,34541452995285,4,29515272362353,7,09760852111755,0,0,0,0,0,0,0,0,0,0,0,0,0,0,0,0,0,0,0,0,0,0,0,0,0,0,0,0,0,0,0,0,0,0,0,0,0,0,0,0,0,0,0,0,0,0,0,0,0,0,0,0,0,0,0,0,0,0,0,0,0,0,0,0,0,0,0,0,0,0,0,0,0,0,0,0,0,0,0,0,0,0,0,0,0,0,0,0,0,0,0,0,0,0,0,0,7,54250814185927,7,99330570262805,0,0,0,0,0,0,0,0,0,0,0,0,0,0,588,15,2,06656794652883,12,0062455105288,87,4728874034414,0,0,375110596886151,0,8,09058450705308E-08,0,0,0,0,0,0,0,0,0,1,45630521126955E-05,0,0,0,0,6,28256683974022E-09,0,0,411587736615086,0,0,0,45646,604961103,42622,6550654422,0,
320-330C*,0,0176710094535386,603,150024,272,384340511548,865,125794863666,0,185908077044959,301,554667530755,33,4445564077958,35,6185688013566,3,66576345777329E-07,72,9088797780241,7,35774595768629,267,067293336816,0,435262553881257,0,57,1996881380132,403,122175907082,269,067293336816,6,65974096693555,15,4168321669355,60,0289789549649,58,2088664791499,5,11914789838968E-06,97,4622749434286,0,0,6,52646463723934,6,17256471949353,263,870260830974,1,47960825315869,2,71937452980448,10,5857307138567,19,3428219138567,17,6060853105009,0,132792734453455,0,0,0,000120956611860094,4,41915868180216E-07,0,00655197240218787,37,7229786037066,8,53046247482515,6,17196156340715,4,90605069900524,8,25362972933265,0,0,0,0,0,0,0,0,0,0,0,0,0,0,0,0,0,0,0,0,0,0,0,0,0,0,0,0,0,0,0,0,0,0,0,0,0,0,0,0,0,0,0,0,0,0,0,0,0,0,0,0,0,0,0,0,0,0,0,0,0,0,0,0,0,0,0,0,0,0,0,0,0,0,0,0,0,0,0,0,0,0,0,0,0,0,0,0,0,0,0,0,0,0,0,0,6,17256471949353,6,52646463723934,0,0,0,0,0,0,0,0,0,0,0,0,0,0,598,15,2,28496561107854,11,9017722262074,87,5702164866803,0,0,392046013723659,0,9,11405047272781E-08,0,0,0,0,0,0,0,0,0,1,640529085091E-05,0,0,0,0,1,70219973350226E-08,0,0,435262553881257,0,0,0,45582,8593860957,42572,0768472843,0,
330-340C*,0,0173587545852875,613,150024,283,422277420398,868,967860598377,0,186545642897417,304,563963880405,34,4793069676431,36,6098818148151,5,97854797371857E-07,94,9778490824874,7,42593566333221,268,81713011341,0,458937371147428,0,57,9919967786567,406,754379347841,270,81713011341,4,55122266039961,13,3083138603996,60,3403817930001,58,4861975354053,8,34889420652196E-06,130,775129485359,0,0,5,18031123935675,4,90392064977966,266,612892943359,1,48128858843896,2,54996833631979,8,68645785183502,17,443549051835,17,1582164343618,0,132792734453455,0,0,6,32888462072036E-05,7,20727141480036E-07,0,00728772877985388,36,5372675824274,10,1034801147692,7,17935182638388,5,63760647602788,9,41144207899375,0,0,0,0,0,0,0,0,0,0,0,0,0,0,0,0,0,0,0,0,0,0,0,0,0,0,0,0,0,0,0,0,0,0,0,0,0,0,0,0,0,0,0,0,0,0,0,0,0,0,0,0,0,0,0,0,0,0,0,0,0,0,0,0,0,0,0,0,0,0,0,0,0,0,0,0,0,0,0,0,0,0,0,0,0,0,0,0,0,0,0,0,0,0,0,0,4,90392064977966,5,18031123935675,0,0,0,0,0,0,0,0,0,0,0,0,0,0,608,15,2,53183724881281,11,8046201793738,87,6603499821029,0,0,408971963530677,0,1,01375164384025E-07,0,0,0,0,0,0,0,0,0,1,82475295891246E-05,0,0,0,0,2,7761427830305E-08,0,0,458937371147428,0,0,0,45521,6638968971,42523,5077913283,0,
340-350C*,0,0170793463083731,623,150024,294,631389317775,872,668488263546,0,187183208749876,307,580514086598,35,4745371537079,37,5317173829737,8,29133248966386E-07,117,275961475704,7,49032001562363,271,913683872307,0,482612188413599,0,58,7897902892771,410,190721987614,273,913683872307,2,44631211991692,11,2034033199169,60,5706173373119,58,7237214697835,1,15786405146542E-05,164,417317333028,0,0,3,95484550898025,3,74456114724281,269,268540594764,1,48284991217136,2,38712325637678,6,78718498981329,15,5442761898133,16,73926922729,0,132792734453455,0,0,3,25624266988254E-05,9,99538414779856E-07,0,0119071553335601,35,4243485085731,12,0699343420133,8,41836255830447,6,52022942402839,10,55317205478,0,0,0,0,0,0,0,0,0,0,0,0,0,0,0,0,0,0,0,0,0,0,0,0,0,0,0,0,0,0,0,0,0,0,0,0,0,0,0,0,0,0,0,0,0,0,0,0,0,0,0,0,0,0,0,0,0,0,0,0,0,0,0,0,0,0,0,0,0,0,0,0,0,0,0,0,0,0,0,0,0,0,0,0,0,0,0,0,0,0,0,0,0,0,0,0,3,74456114724281,3,95484550898025,0,0,0,0,0,0,0,0,0,0,0,0,0,0,618,15,2,81160803451186,11,7142882115613,87,7437674598418,0,0,425893601906238,0,1,6563319873026E-07,0,0,0,0,0,0,0,0,0,2,98139757714469E-05,0,0,0,0,3,85008583255874E-08,0,0,482612188413599,0,0,0,45462,8236405632,42476,7978327527,0,
350-360C*,0,0167371741206971,633,150024,305,937033459241,876,239834707864,0,187820774602334,310,603654053754,36,4299224113965,38,3824279724767,1,06041170056092E-06,139,803216957675,7,55107543305274,275,010237631203,0,506287005679769,0,59,5903663231697,413,434543330691,278,351468616061,0,344699251704722,9,10179045170473,60,7200101424937,58,9204995688213,1,48083868227865E-05,198,388838486436,0,0,2,85006744610985,2,69707245870192,271,859990564289,1,47483134241798,2,2307995187237,4,88791212779157,13,6450033277916,16,3465958904915,0,132792734453455,0,0,1,64630325732032E-05,1,27834968807968E-06,0,0207338912446432,34,3779105835357,14,5533469764676,9,95713463010202,7,59363550095042,11,5129359703027,0,0,0,0,0,0,0,0,0,0,0,0,0,0,0,0,0,0,0,0,0,0,0,0,0,0,0,0,0,0,0,0,0,0,0,0,0,0,0,0,0,0,0,0,0,0,0,0,0,0,0,0,0,0,0,0,0,0,0,0,0,0,0,0,0,0,0,0,0,0,0,0,0,0,0,0,0,0,0,0,0,0,0,0,0,0,0,0,0,0,0,0,0,0,0,0,2,69707245870192,2,85006744610985,0,0,0,0,0,0,0,0,0,0,0,0,0,0,628,15,3,12951995525922,11,6302590258046,87,820963209793,0,0,442815322059116,0,2,88416555656775E-07,0,0,0,0,0,0,0,0,0,5,19149800182194E-05,0,0,0,0,4,92402888208697E-08,0,0,506287005679769,0,0,0,45406,1427906832,42431,7951487815,0,
360-370C*,0,0164287836756,643,150024,317,245469337044,879,694056780018,0,188458340454793,313,632744794972,37,3451381861156,39,1605741499191,1,29169015215544E-06,162,559615528399,7,60841481233022,278,106791390099,0,52996182294594,0,60,390952450494,416,489454925612,282,598653762983,-1,75392603801978,7,00316516198022,60,7888847631389,59,0758643157521,1,80381331309188E-05,232,689692945582,0,0,1,86597705074556,1,76356153432882,274,410029631039,1,47669796891609,2,08095027189468,2,98863926576985,11,7457304657699,15,9776487353503,0,132792734453455,0,0,8,17339486242815E-06,1,5571609613795E-06,0,0295606271557263,33,3917783499226,17,7238322015377,11,8881661211781,8,91019321754476,12,3953567161905,0,0,0,0,0,0,0,0,0,0,0,0,0,0,0,0,0,0,0,0,0,0,0,0,0,0,0,0,0,0,0,0,0,0,0,0,0,0,0,0,0,0,0,0,0,0,0,0,0,0,0,0,0,0,0,0,0,0,0,0,0,0,0,0,0,0,0,0,0,0,0,0,0,0,0,0,0,0,0,0,0,0,0,0,0,0,0,0,0,0,0,0,0,0,0,0,1,76356153432882,1,86597705074556,0,0,0,0,0,0,0,0,0,0,0,0,0,0,638,15,3,49180914248072,11,5520043732215,87,8924411853219,0,0,459740887957196,0,4,11199912583289E-07,0,0,0,0,0,0,0,0,0,7,4015984264992E-05,0,0,0,0,5,99797193161521E-08,0,0,52996182294594,0,0,0,45351,4251065765,42388,3468117805,0,
370-380C*,0,016229150052452,653,150024,328,441429696013,883,043311328696,0,189095906307252,316,667170167808,38,2188612707071,39,8654553189725,1,52296860374997E-06,185,545157187878,7,66258319815015,281,203345148995,0,553636640212111,0,61,1887138823955,419,359309332442,286,734150452504,-3,84987384303936,4,90721735696064,60,771603775521,59,1822989715674,2,12678794390511E-05,267,319880710466,0,0,1,00953495377196,0,952245709460168,276,977992397599,1,47857743630943,1,93752141642325,1,08936640374813,9,84645760374813,15,6299711558255,0,132792734453455,0,0,3,98175321496617E-06,1,83597223467932E-06,0,0383873630668094,32,4599048252269,21,8186217323175,14,3385531026009,10,5396526531781,13,2221469566371,0,0,0,0,0,0,0,0,0,0,0,0,0,0,0,0,0,0,0,0,0,0,0,0,0,0,0,0,0,0,0,0,0,0,0,0,0,0,0,0,0,0,0,0,0,0,0,0,0,0,0,0,0,0,0,0,0,0,0,0,0,0,0,0,0,0,0,0,0,0,0,0,0,0,0,0,0,0,0,0,0,0,0,0,0,0,0,0,0,0,0,0,0,0,0,0,0,952245709460168,1,00953495377196,0,0,0,0,0,0,0,0,0,0,0,0,0,0,648,15,3,9059279175405,11,4789893382755,87,9587108352144,0,0,476673539871913,0,5,33983269509803E-07,0,0,0,0,0,0,0,0,0,9,61169885117646E-05,0,0,0,0,7,07191498114345E-08,0,0,553636640212111,0,0,0,45298,4743700905,42346,2993062025,0,
380-390C*,0,0159042806578626,663,150024,339,385970397432,886,299755202588,0,18973347215971,319,706334881599,38,9610033300095,40,5136816824012,1,7542470553445E-06,208,759841936109,7,71385364665813,286,641960843383,0,577311457478282,0,61,9807604796201,422,048170118079,290,510827832762,-5,9434542571368,2,8136369428632,60,1596664720619,58,656838894242,2,44976257471834E-05,302,279401781089,0,0,0,87933019792867,0,82947942335681,279,707503722556,1,48047322607416,1,80045145206605,-0,809906458273591,7,94718474172641,15,3011896834774,0,132792734453455,0,0,1,90189923734545E-06,2,11478350797914E-06,0,0472140989778925,31,576365137994,27,1729558433063,17,4851898995617,12,5759050881231,13,9933066916423,0,0,0,0,0,0,0,0,0,0,0,0,0,0,0,0,0,0,0,0,0,0,0,0,0,0,0,0,0,0,0,0,0,0,0,0,0,0,0,0,0,0,0,0,0,0,0,0,0,0,0,0,0,0,0,0,0,0,0,0,0,0,0,0,0,0,0,0,0,0,0,0,0,0,0,0,0,0,0,0,0,0,0,0,0,0,0,0,0,0,0,0,0,0,0,0,0,82947942335681,0,87933019792867,0,0,0,0,0,0,0,0,0,0,0,0,0,0,658,15,4,38082445272476,11,4106758707976,88,0202836767861,0,0,493616078920506,0,6,56766626436318E-07,0,0,0,0,0,0,0,0,0,0,000118217992758537,0,0,0,0,8,14585803067169E-08,0,0,577311457478282,0,0,0,45247,0947270493,42305,4989384264,0,
390-400C*,0,0155667081627821,673,150024,350,656019913303,889,475545250382,0,190371038012169,322,749662753204,39,6769344015226,41,1627772078251,1,98552550693903E-06,232,203669773095,7,76252333990118,289,584914407317,0,600986274744453,0,62,7641533323708,424,56028302246,294,153523673852,-8,03497737409487,0,722113825905132,59,5739401563921,58,1300732294738,2,77273720553157E-05,337,56825615745,0,0,0,749125442085375,0,707149562701103,282,437015047513,1,48238928795436,1,66967134228098,-2,70917932029531,6,04791187970469,14,9890070329865,0,132792734453455,0,0,8,89990331363295E-07,2,39359478127896E-06,0,0560408348889756,30,7353507111733,34,267264321633,21,5776552462595,15,1467604977124,14,7088359212063,0,0,0,0,0,0,0,0,0,0,0,0,0,0,0,0,0,0,0,0,0,0,0,0,0,0,0,0,0,0,0,0,0,0,0,0,0,0,0,0,0,0,0,0,0,0,0,0,0,0,0,0,0,0,0,0,0,0,0,0,0,0,0,0,0,0,0,0,0,0,0,0,0,0,0,0,0,0,0,0,0,0,0,0,0,0,0,0,0,0,0,0,0,0,0,0,0,707149562701103,0,749125442085375,0,0,0,0,0,0,0,0,0,0,0,0,0,0,668,15,4,92729713629498,11,346525688905,88,0776704869137,0,0,510570935431371,0,7,79549983362832E-07,0,0,0,0,0,0,0,0,0,0,00014031899700531,0,0,0,0,9,21980108019993E-08,0,0,600986274744453,0,0,0,45197,0909552417,42265,7921630402,0,
400-410C*,0,0150571376815452,683,150024,365,928520585953,892,582838320765,0,191008603864627,325,796595191017,40,3742450533948,41,8181552081858,2,21680395853356E-06,255,876640698835,7,80891000072566,292,436584822538,0,624661092010624,0,63,5359111397847,426,900048411183,297,656970091039,-10,1247532876964,-1,36766208769635,59,0068342603631,57,59688074161,3,0957118363448E-05,373,18644383955,0,0,0,61892068624208,0,584964050204114,285,16652637247,1,48433001172945,1,54510439834426,-4,60845218231703,4,14863901768297,14,6911960578069,0,132792734453455,0,0,4,07653247615336E-07,2,67240605457878E-06,0,0648675708000588,29,9311640252083,43,8003557904306,26,9731938799228,18,4282677779782,15,3687346453289,0,0,0,0,0,0,0,0,0,0,0,0,0,0,0,0,0,0,0,0,0,0,0,0,0,0,0,0,0,0,0,0,0,0,0,0,0,0,0,0,0,0,0,0,0,0,0,0,0,0,0,0,0,0,0,0,0,0,0,0,0,0,0,0,0,0,0,0,0,0,0,0,0,0,0,0,0,0,0,0,0,0,0,0,0,0,0,0,0,0,0,0,0,0,0,0,0,584964050204114,0,61892068624208,0,0,0,0,0,0,0,0,0,0,0,0,0,0,678,15,5,55844643022374,11,286002655995,88,1313790086154,0,0,52754022470855,0,9,02333340289347E-07,0,0,0,0,0,0,0,0,0,0,000162420001252082,0,0,0,0,1,02937441297282E-07,0,0,624661092010624,0,0,0,45148,2686767264,42227,0258447154,0,
410-420C*,0,0145607324321406,693,150024,381,143501387869,895,633791262428,0,191646169717086,328,846589889601,41,0605258537748,42,4856208032986,5,24198070410725E-05,279,778754713328,7,85334864954331,295,196972089046,0,648335909276795,0,64,2930165707872,429,07199510456,301,015899199589,-12,213092091724,-3,45600089172403,58,4507582158265,57,0516921853255,0,000731290502165356,409,133964827389,0,0,0,488715930398786,0,462687011375935,287,896037697427,1,4863002038498,1,42666618562563,-6,50772504433875,2,24936615566125,14,405594545566,0,132792734453455,0,0,1,82602213192908E-07,6,33637814271175E-05,0,0736943067111419,29,1582139838111,56,8048318794107,34,1910435296519,22,6659654361856,15,9730028640103,0,0,0,0,0,0,0,0,0,0,0,0,0,0,0,0,0,0,0,0,0,0,0,0,0,0,0,0,0,0,0,0,0,0,0,0,0,0,0,0,0,0,0,0,0,0,0,0,0,0,0,0,0,0,0,0,0,0,0,0,0,0,0,0,0,0,0,0,0,0,0,0,0,0,0,0,0,0,0,0,0,0,0,0,0,0,0,0,0,0,0,0,0,0,0,0,0,462687011375935,0,488715930398786,0,0,0,0,0,0,0,0,0,0,0,0,0,0,688,15,6,29025482771994,11,2285747168511,88,1819120888791,0,0,54452579287979,0,1,02511669721586E-06,0,0,0,0,0,0,0,0,0,0,000184521005498855,0,0,0,0,2,42674769539132E-06,0,0,648335909276795,0,0,0,45100,434528938,42189,0474713049,0,
420-430C*,0,0140723905952734,703,150024,396,293277332397,898,640560924057,0,192283735569545,331,899119719394,41,743367370811,43,1707722059085,0,000164947095899284,303,910011816575,7,89618873649127,297,866076206842,0,672010726542965,0,65,0324227504631,431,080755649549,304,225043114767,-14,3003038799607,-5,54321267996068,57,8981214546335,56,489105812478,0,00230104527654939,445,410819120966,0,0,0,358511174555491,0,340121981613429,290,625549022384,1,48830506893383,1,31426445467,-8,40699790636048,0,350093293639525,14,1301007912333,0,132792734453455,0,0,7,99114963384254E-08,0,000199401163709943,0,082521042622225,28,4110118977688,74,8322751568078,43,9982354586665,28,2068557407235,16,5216405772504,0,0,0,0,0,0,0,0,0,0,0,0,0,0,0,0,0,0,0,0,0,0,0,0,0,0,0,0,0,0,0,0,0,0,0,0,0,0,0,0,0,0,0,0,0,0,0,0,0,0,0,0,0,0,0,0,0,0,0,0,0,0,0,0,0,0,0,0,0,0,0,0,0,0,0,0,0,0,0,0,0,0,0,0,0,0,0,0,0,0,0,0,0,0,0,0,0,340121981613429,0,358511174555491,0,0,0,0,0,0,0,0,0,0,0,0,0,0,698,15,7,14233632684803,11,1737154623864,88,229766178854,0,0,56152925486697,0,1,14790005414238E-06,0,0,0,0,0,0,0,0,0,0,000206622009745628,0,0,0,0,7,63539908902988E-06,0,0,672010726542965,0,0,0,45053,3963064443,42151,7053309744,0,
430-440C*,0,0135974746393559,713,150024,411,373400102525,901,615304154342,0,192921301422003,334,9536717977,42,430360172652,43,8790208464962,0,000277474384757496,328,270412008576,7,93779167509312,300,443897175925,0,695685543809136,0,65,7510599854401,432,931043079548,307,279133951838,-16,3866987461891,-7,62960754618909,57,3413334086358,55,9038682771627,0,00387080005093343,482,017006720281,0,0,0,228306418712196,0,21711087634112,293,355060347341,1,49035019614577,1,20779909985113,-10,3062707683822,-1,5491795683822,13,8626698931112,0,132792734453455,0,0,3,41314212017786E-08,0,000335438545992769,0,0913477785333081,27,6841680960918,100,255906105905,57,5475307677257,35,5482193364541,17,0146477850492,0,0,0,0,0,0,0,0,0,0,0,0,0,0,0,0,0,0,0,0,0,0,0,0,0,0,0,0,0,0,0,0,0,0,0,0,0,0,0,0,0,0,0,0,0,0,0,0,0,0,0,0,0,0,0,0,0,0,0,0,0,0,0,0,0,0,0,0,0,0,0,0,0,0,0,0,0,0,0,0,0,0,0,0,0,0,0,0,0,0,0,0,0,0,0,0,0,21711087634112,0,228306418712196,0,0,0,0,0,0,0,0,0,0,0,0,0,0,708,15,8,13891190387148,11,1210600907496,88,2766582065624,0,0,578552026044111,0,1,27068341106889E-06,0,0,0,0,0,0,0,0,0,0,0002287230139924,0,0,0,0,1,28440504826684E-05,0,0,695685543809136,0,0,0,45006,9630830881,42114,8486639061,0,
440-450C*,0,0131345886783042,723,150024,426,382671839853,904,57017780197,0,193558867274462,338,009746728664,43,1290948274464,44,6156011228691,0,000390001673615707,352,859955289331,7,97852879681688,302,930434996296,0,719360361075307,0,66,4458428164744,434,62762918757,310,172903826066,-18,472586784192,-9,71549558419201,56,7728035096846,55,2908653269575,0,00544055482531746,518,952527625335,0,0,0,0981016628689017,0,0935335501734835,296,084571672298,1,49244155049718,1,10716214846764,-12,2055436304039,-3,44845243040392,13,6013107225346,0,132792734453455,0,0,1,4212435536791E-08,0,000471475928275595,0,117007266724824,26,9723891690489,136,774952581922,76,6033774087829,45,4132932373827,17,2066230967188,0,0,0,0,0,0,0,0,0,0,0,0,0,0,0,0,0,0,0,0,0,0,0,0,0,0,0,0,0,0,0,0,0,0,0,0,0,0,0,0,0,0,0,0,0,0,0,0,0,0,0,0,0,0,0,0,0,0,0,0,0,0,0,0,0,0,0,0,0,0,0,0,0,0,0,0,0,0,0,0,0,0,0,0,0,0,0,0,0,0,0,0,0,0,0,0,0,0935335501734835,0,0981016628689017,0,0,0,0,0,0,0,0,0,0,0,0,0,0,718,15,9,31008865431007,11,0693405457823,88,3170523062971,0,0,595595348796594,0,1,62761695127083E-06,0,0,0,0,0,0,0,0,0,0,00029297105122875,0,0,0,0,1,8052701876307E-05,0,0,719360361075307,0,0,0,44960,945322545,42078,3277972909,0,
450-460C*,0,0117062994866158,733,150024,440,1468285634,908,510212551698,0,192482210761284,341,028991668271,43,9547764195848,45,4361855990459,0,000502528962473919,377,678641658839,8,05526152092986,303,462334645045,0,743035178341478,0,66,7525284208426,436,175324321093,312,765225406759,-20,5836040592716,-11,8265128592716,55,9944857625111,54,5153712991998,0,0070103095997015,556,217381836127,0,0,0,0507378179041621,0,0484431017543349,296,451571958377,1,49518872217068,1,01223778323645,-14,1048164924256,-5,34772529242564,13,1931076193106,0,138198313453741,0,0,5,76302027866878E-09,0,000607513310558421,0,175342097578355,25,8578567044966,191,153209177995,103,919488678875,58,9849348686916,17,250546635147,0,0,0,0,0,0,0,0,0,0,0,0,0,0,0,0,0,0,0,0,0,0,0,0,0,0,0,0,0,0,0,0,0,0,0,0,0,0,0,0,0,0,0,0,0,0,0,0,0,0,0,0,0,0,0,0,0,0,0,0,0,0,0,0,0,0,0,0,0,0,0,0,0,0,0,0,0,0,0,0,0,0,0,0,0,0,0,0,0,0,0,0,0,0,0,0,0,0484431017543349,0,0507378179041621,0,0,0,0,0,0,0,0,0,0,0,0,0,0,728,15,10,7595467333406,10,9736464186473,88,3955917404191,0,0,612660314931242,0,2,43907731783097E-06,0,0,0,0,0,0,0,0,0,0,000439033917209575,0,0,0,0,2,32613532699456E-05,0,0,743035178341478,0,0,0,44897,340409669,42027,5164645322,0,
460-480C*,0,0251480358803894,753,150024,460,359814029323,914,600975305931,0,191342174131081,345,55350058148,45,325539049626,46,7730804333232,0,000671319895761236,415,336314504515,8,14244518834872,304,01942797104,1,89277934046475,0,67,1033919295857,438,019598392475,316,231481228251,-23,7547394923489,-14,9976482923489,54,6366464222069,53,1907705865378,0,00936494176127756,612,732163100576,0,0,0,0378145281670697,0,0361489801390077,296,703566078869,1,49955965011773,0,839024712110743,-16,9537257854582,-8,19663458545822,12,5634253138457,0,147673490028205,0,0,8,70669017649523E-10,0,00081156938398266,0,262844343858653,24,1318143509493,329,496218308839,170,686927627657,90,0621018140078,17,3164319427893,0,0,0,0,0,0,0,0,0,0,0,0,0,0,0,0,0,0,0,0,0,0,0,0,0,0,0,0,0,0,0,0,0,0,0,0,0,0,0,0,0,0,0,0,0,0,0,0,0,0,0,0,0,0,0,0,0,0,0,0,0,0,0,0,0,0,0,0,0,0,0,0,0,0,0,0,0,0,0,0,0,0,0,0,0,0,0,0,0,0,0,0,0,0,0,0,0,0361489801390077,0,0378145281670697,0,0,0,0,0,0,0,0,0,0,0,0,0,0,743,15,13,523438452913,10,823644716138,88,1309338393142,0,1,47408858464333,0,3,65626786767118E-06,0,0,0,0,0,0,0,0,0,0,000658128216180812,0,0,0,0,3,10743303604034E-05,0,1,89277934046475,0,0,0,44798,9253909478,41948,8552007835,0,
480-500C*,0,0225746828144502,773,150024,486,764464840827,922,794655713137,0,189143400464249,351,588229113141,47,2230341255592,48,6465864447601,0,000896374473477659,466,348545776054,8,3077907200323,304,762219072368,3,42309977619954,0,67,4718054780347,440,323947877575,320,311155513136,-27,9847735492221,-19,2276823492221,52,7521512750453,51,3296514341234,0,0125044513100456,689,237871356592,0,0,0,0248145993954775,0,0237621211164632,297,039558239524,1,50569860599749,0,687079706136952,-20,7522715095017,-11,9951803095017,11,7320223331314,0,161624435889099,0,0,1,1643634649436E-10,0,00108364414854831,0,379514005565716,21,8401955809315,742,837944285357,358,599906122479,168,800298623284,17,4042790196457,0,0,0,0,0,0,0,0,0,0,0,0,0,0,0,0,0,0,0,0,0,0,0,0,0,0,0,0,0,0,0,0,0,0,0,0,0,0,0,0,0,0,0,0,0,0,0,0,0,0,0,0,0,0,0,0,0,0,0,0,0,0,0,0,0,0,0,0,0,0,0,0,0,0,0,0,0,0,0,0,0,0,0,0,0,0,0,0,0,0,0,0,0,0,0,0,0,0237621211164632,0,0248145993954775,0,0,0,0,0,0,0,0,0,0,0,0,0,0,763,15,18,7545186706141,10,6261089495465,88,2794893210946,0,2,71411798837473,0,5,27918860079145E-06,0,0,0,0,0,0,0,0,0,0,000950253948142461,0,0,0,0,4,14916331476805E-05,0,3,42309977619954,0,0,0,44666,8150590607,41843,2499643722,0,
500-520C*,0,0209814303550046,793,150024,512,869330051638,931,013240141864,0,186648269505007,357,627427598213,49,1593344802803,50,5806176219747,0,00112142905119408,518,277349402609,8,47483049473581,304,96293696193,4,94054448198431,0,67,7563155000179,442,116291793548,323,854778889327,-32,2154428514978,-23,4583516514978,50,8266173701406,49,4059072509443,0,0156439608588137,767,060912835562,0,0,0,0140481495790307,0,0134751270809675,297,37555040018,1,5121587332235,0,555205212460332,-24,5508172335451,-15,7937260335451,10,9184413912861,0,177080955572783,0,0,1,36162812895303E-11,0,00135571891311396,0,49618366727278,19,5837815772645,1874,59226041322,837,006776456807,343,703068766022,17,492126096502,0,0,0,0,0,0,0,0,0,0,0,0,0,0,0,0,0,0,0,0,0,0,0,0,0,0,0,0,0,0,0,0,0,0,0,0,0,0,0,0,0,0,0,0,0,0,0,0,0,0,0,0,0,0,0,0,0,0,0,0,0,0,0,0,0,0,0,0,0,0,0,0,0,0,0,0,0,0,0,0,0,0,0,0,0,0,0,0,0,0,0,0,0,0,0,0,0,0134751270809675,0,0140481495790307,0,0,0,0,0,0,0,0,0,0,0,0,0,0,783,15,26,7432016141673,10,433419320552,88,4214602221796,0,4,02548560896018,0,6,90210933391172E-06,0,0,0,0,0,0,0,0,0,0,00124237968010411,0,0,0,0,5,19089359349576E-05,0,4,94054448198431,0,0,0,44534,6448006706,41737,5916996886,0,
520-540C*,0,0193789473509465,813,150024,539,119005771283,939,193303283767,0,183856781253356,363,673263452436,51,089735344619,52,5240733807344,0,00838719677327671,571,122725384178,8,6404964672441,305,630117463214,6,44511345781905,0,67,9869138167763,443,434260082625,326,95330898633,-36,4451295626553,-27,6880383626553,48,900859488719,47,4668912309879,0,116937451813259,846,201287537486,0,0,0,00940516666198701,0,0090353882777134,297,711542560835,1,51889821992839,0,442094682387743,-28,3493629575885,-19,5922717575885,10,1313241371251,0,194043049079257,0,0,1,37320032233685E-12,0,0101543008175585,0,612853328979843,17,3876595493859,5382,07829035175,2205,05199973213,769,220469444423,17,5799731733585,0,0,0,0,0,0,0,0,0,0,0,0,0,0,0,0,0,0,0,0,0,0,0,0,0,0,0,0,0,0,0,0,0,0,0,0,0,0,0,0,0,0,0,0,0,0,0,0,0,0,0,0,0,0,0,0,0,0,0,0,0,0,0,0,0,0,0,0,0,0,0,0,0,0,0,0,0,0,0,0,0,0,0,0,0,0,0,0,0,0,0,0,0,0,0,0,0,0090353882777134,0,00940516666198701,0,0,0,0,0,0,0,0,0,0,0,0,0,0,803,15,39,3142818849131,10,2487435355178,88,5542323123321,0,5,38750742405753,0,8,525030067032E-06,0,0,0,0,0,0,0,0,0,0,00153450541206576,0,0,0,0,0,000387589947920516,0,6,44511345781905,0,0,0,44403,4262578991,41632,6944914173,0,
540-560C*,0,0177118865265588,833,150024,566,040357214968,947,271419830506,0,180664866256395,369,727751286228,52,9429375561926,54,4021916027484,0,016413595555277,624,884673720763,8,80146319121764,306,341560795387,7,96201654236128,0,68,1912194826895,444,314445340833,329,734572511277,-40,6722158461735,-31,9151246461734,47,0570624438074,45,5978083972516,0,228834835495742,926,658995462363,0,0,6,68514613025056E-15,6,43073943286027E-15,298,047534721491,1,52587020742644,0,346344373431918,-32,147908681632,-23,390817481632,9,37870297319562,0,215656243966222,0,0,1,17550415132813E-13,0,0198740289227101,0,874491527173793,15,2757325239676,17903,1719461894,6674,62939456487,1916,73024951531,17,3136264292545,0,0,0,0,0,0,0,0,0,0,0,0,0,0,0,0,0,0,0,0,0,0,0,0,0,0,0,0,0,0,0,0,0,0,0,0,0,0,0,0,0,0,0,0,0,0,0,0,0,0,0,0,0,0,0,0,0,0,0,0,0,0,0,0,0,0,0,0,0,0,0,0,0,0,0,0,0,0,0,0,0,0,0,0,0,0,0,0,0,0,0,0,0,0,0,0,6,43073943286027E-15,6,68514613025056E-15,0,0,0,0,0,0,0,0,0,0,0,0,0,0,823,15,59,7266474552557,10,0750707769476,88,6753645922169,0,6,81022586288618,0,1,21645199756539E-05,0,0,0,0,0,0,0,0,0,0,00218961359561771,0,0,0,0,0,000758410252589547,0,7,96201654236128,0,0,0,44272,7537059504,41528,0433354519,0,
560-580C*,0,0161650893838978,853,150024,594,229121003926,955,184164473739,0,176741149677791,375,792765954443,54,5571942940812,56,0228052612052,0,0244399943372774,679,563194412362,8,95417964939133,307,097266958449,9,51881075864163,0,68,3947064905424,444,792138347168,332,451788080682,-44,8950838655314,-36,1379926655314,45,4428057059188,43,9771947387948,0,340732219178224,1008,4340366102,0,0,6,68514613025056E-15,6,43456856264004E-15,298,383526882147,1,53302250037357,0,266468832140462,-35,9464544056754,-27,1893632056754,8,66805308615491,0,238554128974664,0,0,8,38721298380265E-15,0,0295937570278617,1,40535700741482,13,2707662354744,70420,3171885669,23688,365297418,5393,3818520744,16,9050560976171,0,0,0,0,0,0,0,0,0,0,0,0,0,0,0,0,0,0,0,0,0,0,0,0,0,0,0,0,0,0,0,0,0,0,0,0,0,0,0,0,0,0,0,0,0,0,0,0,0,0,0,0,0,0,0,0,0,0,0,0,0,0,0,0,0,0,0,0,0,0,0,0,0,0,0,0,0,0,0,0,0,0,0,0,0,0,0,0,0,0,0,0,0,0,0,0,6,43456856264004E-15,6,68514613025056E-15,0,0,0,0,0,0,0,0,0,0,0,0,0,0,843,15,93,9670879529231,9,9152120157366,88,7825896507091,0,8,31240095272194,0,1,95490669244933E-05,0,0,0,0,0,0,0,0,0,0,0035188320464088,0,0,0,0,0,00112923055725858,0,9,51881075864163,0,0,0,44145,0488744444,41425,7743681405,0,
580-600C*,0,0146398797375027,873,150024,624,340246814135,962,868111905122,0,172817433099188,381,870057292054,56,0827167231232,57,5622171718693,0,0324663931192777,735,158287458977,9,09492275383806,307,8972359524,11,0134483190751,0,68,6209463301387,444,901129982781,334,925692054318,-49,1121157842082,-40,3550245842082,43,9172832768768,42,4377828281307,0,452629602860707,1091,52641098098,0,0,6,68514613025056E-15,6,43633446164546E-15,298,719519042802,1,54029740727654,0,200920189670185,-39,7450001297189,-30,9879089297189,8,00635119902901,0,261452013983106,0,0,4,8841076376234E-16,0,0393134851330134,1,93622248765585,11,3944534988475,286356,05732798,100863,235491671,17429,9610418955,16,4964857659796,0,0,0,0,0,0,0,0,0,0,0,0,0,0,0,0,0,0,0,0,0,0,0,0,0,0,0,0,0,0,0,0,0,0,0,0,0,0,0,0,0,0,0,0,0,0,0,0,0,0,0,0,0,0,0,0,0,0,0,0,0,0,0,0,0,0,0,0,0,0,0,0,0,0,0,0,0,0,0,0,0,0,0,0,0,0,0,0,0,0,0,0,0,0,0,0,6,43633446164546E-15,6,68514613025056E-15,0,0,0,0,0,0,0,0,0,0,0,0,0,0,863,15,153,868818872888,9,77180473045774,88,8738091891025,0,9,78772015279382,0,2,69336138733327E-05,0,0,0,0,0,0,0,0,0,0,00484805049719989,0,0,0,0,0,00150005086192761,0,11,0134483190751,0,0,0,44021,7668441101,41327,1184467539,0,
600-625C*,0,0161887476336235,898,150024,661,39783901002,971,160096656601,0,168403251948259,388,723723896723,57,692864227252,59,1972977134926,0,0414960917490281,798,798357529522,9,20959591709211,308,850108985643,12,5793242166704,0,68,9299025068374,444,642476882759,337,454085713497,-53,8472863325653,-45,0901951325653,42,307135772748,40,8027022865074,0,5785141595035,1186,57995701618,0,0,6,68514613025056E-15,6,43575723844207E-15,299,09751022354,1,5485493424717,0,136711923346648,-44,0183640692678,-35,2612728692678,7,3285759465986,0,271263660471241,0,0,1,01130060428898E-17,0,050248179251309,2,53344615292701,9,46312155910252,1583342,87122396,661256,030272345,78601,6769851066,16,0368441428875,0,0,0,0,0,0,0,0,0,0,0,0,0,0,0,0,0,0,0,0,0,0,0,0,0,0,0,0,0,0,0,0,0,0,0,0,0,0,0,0,0,0,0,0,0,0,0,0,0,0,0,0,0,0,0,0,0,0,0,0,0,0,0,0,0,0,0,0,0,0,0,0,0,0,0,0,0,0,0,0,0,0,0,0,0,0,0,0,0,0,0,0,0,0,0,0,6,43575723844207E-15,6,68514613025056E-15,0,0,0,0,0,0,0,0,0,0,0,0,0,0,885,65,280,996120465636,9,63474304604783,88,7320902191137,0,11,3623922193414,0,3,5241229190777E-05,0,0,0,0,0,0,0,0,0,0,00634342125433986,0,0,0,0,0,00191722370468027,0,12,5793242166704,0,0,0,43896,3418027973,41227,7762654233,0,
625-650C*,0,0139502607661484,923,150024,707,809290494307,979,829807144643,0,164948473782933,396,362235494942,59,3502020199229,60,894189907729,0,158162304936415,870,87008358627,9,33317605037218,309,974559439959,13,6951234456471,0,69,374832043103,443,902909838266,339,995454350691,-59,0947207817165,-50,3376295817165,40,6497979800771,39,105810092271,2,20423440054205,1294,15042466922,0,0,6,68514613025056E-15,6,43181830914426E-15,299,517500424359,1,55768667878266,0,0892882817460486,-48,7665462243221,-40,0094550243221,6,66849676242889,0,304411741846457,0,0,1,38605125770891E-19,0,191699820041645,3,03440056604039,7,57303072781509,14084413,0838405,7673049,02113575,545230,025646762,15,5261312283407,0,0,0,0,0,0,0,0,0,0,0,0,0,0,0,0,0,0,0,0,0,0,0,0,0,0,0,0,0,0,0,0,0,0,0,0,0,0,0,0,0,0,0,0,0,0,0,0,0,0,0,0,0,0,0,0,0,0,0,0,0,0,0,0,0,0,0,0,0,0,0,0,0,0,0,0,0,0,0,0,0,0,0,0,0,0,0,0,0,0,0,0,0,0,0,0,6,43181830914426E-15,6,68514613025056E-15,0,0,0,0,0,0,0,0,0,0,0,0,0,0,910,65,580,983993785052,9,51168073705201,88,7741908538402,0,12,4999417865021,0,4,22097014696383E-05,0,0,0,0,0,0,0,0,0,0,0075977462645349,0,0,0,0,0,00729982490353165,0,13,6951234456471,0,0,0,43756,551246957,41115,7562063348,0,
650-675C*,0,0118112411992232,948,150024,761,551471459664,987,80755258971,0,15129107387366,404,028055718153,60,0063259266752,61,6108058556362,0,278581654045267,944,373953947729,9,41844593860064,311,168170567539,14,5446329024797,0,69,9629258783663,442,743732994451,342,436802897219,-64,324504763775,-55,567413563775,39,9936740733248,38,3891941443638,3,88225158711766,1403,77922548312,0,0,8,60126931474718E-15,8,26979754836286E-15,299,933120688438,1,56664968792345,0,0555888476473687,-53,5147283793764,-44,7576371793764,6,11729911044086,0,344425214164505,0,0,1,17292580372822E-21,0,337702462221632,5,07500418322721,5,98777099988789,175073587,492094,139408850,526435,5275354,73742854,15,1553374577416,0,0,0,0,0,0,0,0,0,0,0,0,0,0,0,0,0,0,0,0,0,0,0,0,0,0,0,0,0,0,0,0,0,0,0,0,0,0,0,0,0,0,0,0,0,0,0,0,0,0,0,0,0,0,0,0,0,0,0,0,0,0,0,0,0,0,0,0,0,0,0,0,0,0,0,0,0,0,0,0,0,0,0,0,0,0,0,0,0,0,0,0,0,0,0,0,8,26979754836286E-15,8,60126931474718E-15,0,0,0,0,0,0,0,0,0,0,0,0,0,0,935,65,1317,59353635411,9,42693575243726,88,7870847509919,0,13,3735928863682,0,7,05952977759677E-05,0,0,0,0,0,0,0,0,0,0,0127071535996742,0,0,0,0,0,012855561276102,0,14,5446329024797,0,0,0,43625,0261407834,41009,9332097892,0,
675-700C*,0,00983879520617266,973,150024,826,382649303759,994,481134271669,0,133265018398718,411,739439601683,60,214467466054,61,8967590030717,0,39900100315412,1024,36934792511,9,43804921199878,312,430942368383,15,3941423593123,0,70,8793025021133,441,215787687061,344,720720513269,-69,5210224705816,-60,7639312705816,39,785532533946,38,1032409969283,5,56026877369327,1520,99045083768,0,0,8,60126931474718E-15,8,26128972325819E-15,302,702586331517,1,57486273924405,0,0327093048689771,-58,2629105344307,-49,5058193344307,5,74776718305292,0,399580611156792,0,0,5,622719383272E-24,0,483705104401619,7,41592626791748,4,92144844686419,3200878447,15561,4304810274,40988,75384696,1500356,12,9916474103671,0,0,0,0,0,0,0,0,0,0,0,0,0,0,0,0,0,0,0,0,0,0,0,0,0,0,0,0,0,0,0,0,0,0,0,0,0,0,0,0,0,0,0,0,0,0,0,0,0,0,0,0,0,0,0,0,0,0,0,0,0,0,0,0,0,0,0,0,0,0,0,0,0,0,0,0,0,0,0,0,0,0,0,0,0,0,0,0,0,0,0,0,0,0,0,0,8,26128972325819E-15,8,60126931474718E-15,0,0,0,0,0,0,0,0,0,0,0,0,0,0,960,65,3318,02025085745,9,40396020326568,88,7550391860995,0,14,2531628399097,0,0,000103158441701095,0,0,0,0,0,0,0,0,0,0,018568519506197,0,0,0,0,0,0184112976486723,0,15,3941423593123,0,0,0,43506,6105617669,40913,4989000338,0,
700-725C*,0,00797908077799382,998,150024,905,164406710601,1000,5856260637,0,113561678993045,419,471534980472,60,4226090054328,62,1960566448746,0,489688409430285,1101,70577967512,9,48523945805877,313,762874842492,16,8518644688065,0,71,8938578475568,439,365611027999,346,764014483776,-74,7030239782292,-65,9459327782292,39,5773909945672,37,8039433551254,6,82415270742383,1635,79312815335,0,0,8,60126931474718E-15,8,24766389129473E-15,305,958141127373,1,58288980247677,0,0179965771951931,-63,011092689485,-54,254001489485,5,46081353773327,0,45922387643908,0,0,1,37064635256234E-26,0,593618592556487,9,75684835260776,4,09145489630295,53301017211,3812,74465800551,5392,775437125,987651,10,7600571281956,0,0,0,0,0,0,0,0,0,0,0,0,0,0,0,0,0,0,0,0,0,0,0,0,0,0,0,0,0,0,0,0,0,0,0,0,0,0,0,0,0,0,0,0,0,0,0,0,0,0,0,0,0,0,0,0,0,0,0,0,0,0,0,0,0,0,0,0,0,0,0,0,0,0,0,0,0,0,0,0,0,0,0,0,0,0,0,0,0,0,0,0,0,0,0,0,8,24766389129473E-15,8,60126931474718E-15,0,0,0,0,0,0,0,0,0,0,0,0,0,0,985,65,9406,05978893562,9,41142874359876,89,2696552754915,0,15,7747897308863,0,0,000135721585626222,0,0,0,0,0,0,0,0,0,0,0244298854127199,0,0,0,0,0,0225970404127908,0,16,8518644688065,0,0,0,43395,1435233771,40822,3054392944,0,
725-750C*,0,00639267118143436,1023,150024,997,681276107373,1006,13942913506,0,0932833103874035,427,223065940898,60,6307505448116,62,5086942253617,1,25472966449019,1175,50223790844,9,53266565534906,315,163967989865,17,0931612729775,0,73,0019216365189,437,235577770466,348,547696274791,-79,8709786590301,-71,1138874590302,39,3692494551884,37,4913057746383,17,4810438367137,1747,22532384709,0,0,8,60126931474718E-15,8,22887416583694E-15,309,699785076005,1,59071511929158,0,0091333318387952,-67,7592748445393,-59,0021836445393,5,25135101135556,0,52154160210102,0,0,1,48132469721263E-29,1,52207461771073,11,5643554593576,3,48451764374643,1273987815433,72,1858010588373,32,10761926250,9895,9,06518601266185,0,0,0,0,0,0,0,0,0,0,0,0,0,0,0,0,0,0,0,0,0,0,0,0,0,0,0,0,0,0,0,0,0,0,0,0,0,0,0,0,0,0,0,0,0,0,0,0,0,0,0,0,0,0,0,0,0,0,0,0,0,0,0,0,0,0,0,0,0,0,0,0,0,0,0,0,0,0,0,0,0,0,0,0,0,0,0,0,0,0,0,0,0,0,0,0,8,22887416583694E-15,8,60126931474718E-15,0,0,0,0,0,0,0,0,0,0,0,0,0,0,1010,65,30481,5684417346,9,44800646059938,90,0646866984718,0,16,0280349868364,0,0,000160864718090015,0,0,0,0,0,0,0,0,0,0,0289556492562026,0,0,0,0,0,0578557765520006,0,17,0931612729775,0,0,0,43290,9656277404,40736,7174168558,0,
750-775C*,0,00510179185371439,1048,150024,1098,69540583934,1011,15375987131,0,0761131744446837,434,993083844148,60,2653228110774,62,2712068458143,2,05085226977308,1244,89188531941,9,58032898362581,313,494640967028,17,9426707298101,0,74,201296293908,434,864093543518,349,487933369226,-85,0251726176746,-76,2680814176746,39,7346771889226,37,7287931541857,28,5708639791897,1854,34058022255,0,0,8,1380998136235E-15,7,76664976590294E-15,307,51122026617,1,59832008457019,0,00420107116462482,-72,5074569995936,-63,7503657995936,5,11559730995713,0,584737951211025,0,0,5,94693471596448E-33,2,4882577312634,17,4632050329541,3,09067121294955,45785605937823,6,70092492946801,6,209425362763,847,7,61780249494329,0,0,0,0,0,0,0,0,0,0,0,0,0,0,0,0,0,0,0,0,0,0,0,0,0,0,0,0,0,0,0,0,0,0,0,0,0,0,0,0,0,0,0,0,0,0,0,0,0,0,0,0,0,0,0,0,0,0,0,0,0,0,0,0,0,0,0,0,0,0,0,0,0,0,0,0,0,0,0,0,0,0,0,0,0,0,0,0,0,0,0,0,0,0,0,0,7,76664976590294E-15,8,1380998136235E-15,0,0,0,0,0,0,0,0,0,0,0,0,0,0,1035,65,114885,295884696,9,51270909235435,91,1348826302831,0,16,9224353364106,0,0,000242920028223547,0,0,0,0,0,0,0,0,0,0,0437256050802385,0,0,0,0,0,094546684526975,0,17,9426707298101,0,0,0,43194,5209865156,40657,1810595243,0,
775-800C*,0,00398649900822938,1073,150024,1207,92030855154,1015,63983465801,0,0612682895245043,442,780725986596,59,6905887901286,61,8429957428707,2,84697487505597,1309,00788460236,9,62823062854394,310,688866704388,18,7921801866427,0,75,4900161222449,432,285821973532,350,183733118257,-90,1658919588528,-81,4088007588528,40,3094112098713,38,1570042571293,39,6606841216655,1956,19243958337,0,0,8,1380998136235E-15,7,7444367647921E-15,303,046206234426,1,60568925800593,0,00171146417809521,-77,2556391546479,-68,4985479546479,5,05011276959828,0,647017086837509,0,0,7,03082695798661E-37,3,45444084481607,24,3318404574136,2,90055147827038,2,60728803439717E+15,4,2159692216123E+15,5967992332958,87,6,32658273820774,0,0,0,0,0,0,0,0,0,0,0,0,0,0,0,0,0,0,0,0,0,0,0,0,0,0,0,0,0,0,0,0,0,0,0,0,0,0,0,0,0,0,0,0,0,0,0,0,0,0,0,0,0,0,0,0,0,0,0,0,0,0,0,0,0,0,0,0,0,0,0,0,0,0,0,0,0,0,0,0,0,0,0,0,0,0,0,0,0,0,0,0,0,0,0,0,7,7444367647921E-15,8,1380998136235E-15,0,0,0,0,0,0,0,0,0,0,0,0,0,0,1060,65,513490,06674419,9,60460116950079,92,4753151551365,0,17,8209402722149,0,0,000338465439734111,0,0,0,0,0,0,0,0,0,0,06092377915214,0,0,0,0,0,131237592501949,0,18,7921801866427,0,0,0,43106,2641353542,40584,1527292268,0,
800-825C*,0,00307192675792292,1098,150024,1324,83997840829,1019,60886988071,0,048007011883676,450,585206978647,59,1158547691799,61,4302206348146,3,49641581865109,1366,98339845166,9,67637178168665,307,883092441748,19,6416896434754,0,76,8663309816275,429,531931791022,350,879532867288,-95,293422787255,-86,536331587255,40,8841452308201,38,5697793651854,48,7079555921979,2051,83444423321,0,0,8,1380998136235E-15,7,71791164846241E-15,298,581192202681,1,61281034473209,0,00059874456490585,-82,0038213097022,-73,2467301097022,5,05176598316929,0,706583172048885,0,0,1,79365614365673E-41,4,24244764658926,31,2004758818731,2,90535231204984,2,49593296491466E+17,4,29300337986286E+17,261562156349939,5,10020290562303,0,0,0,0,0,0,0,0,0,0,0,0,0,0,0,0,0,0,0,0,0,0,0,0,0,0,0,0,0,0,0,0,0,0,0,0,0,0,0,0,0,0,0,0,0,0,0,0,0,0,0,0,0,0,0,0,0,0,0,0,0,0,0,0,0,0,0,0,0,0,0,0,0,0,0,0,0,0,0,0,0,0,0,0,0,0,0,0,0,0,0,0,0,0,0,0,7,71791164846241E-15,8,1380998136235E-15,0,0,0,0,0,0,0,0,0,0,0,0,0,0,1085,65,2782015,97134392,9,72277841892145,94,0812187324435,0,18,7231868182307,0,0,000434010851244675,0,0,0,0,0,0,0,0,0,0,0781219532240415,0,0,0,0,0,161175288351088,0,19,6416896434754,0,0,0,43026,6614283385,40518,1001622897,0,
825-850C*,0,00234774152003731,1123,150024,1448,70708859089,1023,07208192499,0,0364829902868824,458,405811144006,59,0894221403911,61,2547099497989,6,85384133193335,1417,95158956162,9,72475364059509,305,077318179107,20,491199100308,0,78,3286895777673,426,630353116244,351,575332616318,,-91,6509600075713,40,9105778596089,38,745290050201,95,4628593006057,2140,32013647572,0,0,8,1380998136235E-15,7,64340130331549E-15,294,116178170937,1,61967416318321,0,000172425137832351,-86,7520034647565,-77,9949122647565,5,11770349570559,0,761640369913566,0,0,6,44754093073519E-47,8,32015498587738,36,5914234350401,3,09678457225055,4,29387244904374E+19,7,91851626349731E+19,1,86334289367535E+16,3,84733916035699,0,0,0,0,0,0,0,0,0,0,0,0,0,0,0,0,0,0,0,0,0,0,0,0,0,0,0,0,0,0,0,0,0,0,0,0,0,0,0,0,0,0,0,0,0,0,0,0,0,0,0,0,0,0,0,0,0,0,0,0,0,0,0,0,0,0,0,0,0,0,0,0,0,0,0,0,0,0,0,0,0,0,0,0,0,0,0,0,0,0,0,0,0,0,0,0,7,64340130331549E-15,8,1380998136235E-15,0,0,0,0,0,0,0,0,0,0,0,0,0,0,1110,65,18727790,6556694,9,86634683602129,95,9477923129719,0,19,6288402755173,0,0,000509001045157864,0,0,0,0,0,0,0,0,0,0,0916201881284155,0,0,0,0,0,315776736517987,0,20,491199100308,0,0,0,42956,1921636219,40459,5034289363,0,
850-875C*,0,00180401730656954,1148,150024,1575,10356794332,1026,0406871764,0,0268498734988073,466,241885798551,58,2691530357994,60,9493045394627,10,4773892841853,1461,0456206266,9,77337740879806,302,271543916467,21,3407085571406,0,79,8757227403664,423,606034728143,352,271132365349,,-96,752972124492,41,7308469642006,39,0506954605373,145,92332920185,2220,70305861453,0,0,8,1380998136235E-15,7,6495019146364E-15,289,651164139193,1,62627459816548,3,85085430572603E-05,-91,5001856198108,-82,7430944198108,5,24532300675304,0,810392843499967,0,0,1,79175042785312E-53,12,7211717223293,51,4638857680653,3,46703742749009,1,43136789543381E+22,2,85562817382016E+22,2,29663799771555E+18,2,47666766557746,0,0,0,0,0,0,0,0,0,0,0,0,0,0,0,0,0,0,0,0,0,0,0,0,0,0,0,0,0,0,0,0,0,0,0,0,0,0,0,0,0,0,0,0,0,0,0,0,0,0,0,0,0,0,0,0,0,0,0,0,0,0,0,0,0,0,0,0,0,0,0,0,0,0,0,0,0,0,0,0,0,0,0,0,0,0,0,0,0,0,0,0,0,0,0,0,7,6495019146364E-15,8,1380998136235E-15,0,0,0,0,0,0,0,0,0,0,0,0,0,0,1135,65,161076096,763763,10,0343992775113,98,0699712096881,0,20,5375912333692,0,0,000715882826759496,0,0,0,0,0,0,0,0,0,0,128858908816709,0,0,0,0,0,482628450190957,0,21,3407085571406,0,0,0,42895,3495030333,40408,8556812403,0,
875-900C*,0,00137265349012301,1173,150024,1706,79012984514,1028,8504128922,0,0200955724630645,474,083192432824,57,3916527063335,60,2880475492021,14,1009372364373,1500,56279029752,9,82224429584205,299,465769653827,22,1902180139732,0,81,4111376323342,420,481196278073,352,96693211438,,-101,85093158291,42,6083472936664,39,7119524507979,196,383799103095,2297,35128110358,0,0,7,6516438686289E-15,7,15756914386069E-15,285,186150107449,1,63292185371039,6,11572867241055E-06,-96,2483677748651,-87,4912765748651,5,3938028126456,0,855188953799864,0,0,1,60737721426156E-61,17,1221884587812,68,9961470704225,3,89738433192089,1,00659956860448E+25,2,19458288716265E+25,5,25495145250345E+20,0,896864584452261,0,0,0,0,0,0,0,0,0,0,0,0,0,0,0,0,0,0,0,0,0,0,0,0,0,0,0,0,0,0,0,0,0,0,0,0,0,0,0,0,0,0,0,0,0,0,0,0,0,0,0,0,0,0,0,0,0,0,0,0,0,0,0,0,0,0,0,0,0,0,0,0,0,0,0,0,0,0,0,0,0,0,0,0,0,0,0,0,0,0,0,0,0,0,0,0,7,15756914386069E-15,7,6516438686289E-15,0,0,0,0,0,0,0,0,0,0,0,0,0,0,1160,65,1826705191,48981,10,2147224788422,,0,21,4491529893496,0,0,000959763454763023,0,0,0,0,0,0,0,0,0,0,172757421857344,0,0,0,0,0,649480163863928,0,22,1902180139732,0,0,0,42838,5224145107,40361,6275417648,0,
900-925C*,0,000934253234554349,1198,150024,1847,35094123904,1032,56885109242,0,0157899637464596,481,898131487657,56,8169186853848,59,9406600741095,17,0579166146407,1553,94851550725,9,87135551732126,296,659995391187,23,0397274708058,0,82,6259660757395,417,275571158095,353,66273186341,,-106,972070246645,43,1830813146152,40,0593399258905,237,564687682885,2388,23885443852,0,0,7,56678670249722E-15,7,03758476890392E-15,280,721136075705,1,6406539749117,6,05733903656036E-07,,-92,2394587299194,5,43715310542011,0,910444989244819,0,0,1,24163910207317E-71,20,7129523875946,86,5284083727797,4,02294230173461,1,6437168586371E+28,3,96114093097816E+28,2,41683662728696E+23,0,0,0,0,0,0,0,0,0,0,0,0,0,0,0,0,0,0,0,0,0,0,0,0,0,0,0,0,0,0,0,0,0,0,0,0,0,0,0,0,0,0,0,0,0,0,0,0,0,0,0,0,0,0,0,0,0,0,0,0,0,0,0,0,0,0,0,0,0,0,0,0,0,0,0,0,0,0,0,0,0,0,0,0,0,0,0,0,0,0,0,0,0,0,0,0,0,7,03758476890392E-15,7,56678670249722E-15,0,0,0,0,0,0,0,0,0,0,0,0,0,0,1185,65,28302909361,259,10,3710457785508,,0,22,3632593098459,0,0,00120364408276655,0,0,0,0,0,0,0,0,0,0,216655934897979,0,0,0,0,0,785667067256283,0,23,0397274708058,0,0,0,42765,2971892377,40300,9822705152,0,
925-950C*,0,000854032007336597,1223,150024,1994,55179880157,1036,28728929264,0,0129383588464872,489,713860390685,56,242184664436,59,6106492450502,28,6596571666882,1607,33424071699,9,92071229490786,293,854221128546,23,8892369276384,0,83,7902026110616,414,00663712532,354,358531612441,,-112,093208910379,43,757815335564,40,3893507549498,399,089118981255,2479,12642777345,0,0,7,48192953636554E-15,6,91454601818783E-15,276,25612204396,1,64860313986094,0,,-96,9876408849737,5,4836525820794,0,965701024689775,0,0,1,01179546585337E-84,34,8128130185139,100,465692275769,4,15757798481107,6,9450794371132E+31,1,87395093471033E+32,2,44394296386564E+26,0,0,0,0,0,0,0,0,0,0,0,0,0,0,0,0,0,0,0,0,0,0,0,0,0,0,0,0,0,0,0,0,0,0,0,0,0,0,0,0,0,0,0,0,0,0,0,0,0,0,0,0,0,0,0,0,0,0,0,0,0,0,0,0,0,0,0,0,0,0,0,0,0,0,0,0,0,0,0,0,0,0,0,0,0,0,0,0,0,0,0,0,0,0,0,0,0,6,91454601818783E-15,7,48192953636554E-15,0,0,0,0,0,0,0,0,0,0,0,0,0,0,1210,65,623640779429,318,10,5359904588558,,0,23,2796624761804,0,0,00139751716578223,0,0,0,0,0,0,0,0,0,0,251553089840801,0,0,0,0,1,31950963792102,0,23,8892369276384,0,0,0,42692,386640327,40240,623709715,0,
950-975C*,0,000485028248984221,1248,150024,2148,41618913327,1040,00572749287,0,0106490121815524,497,530370669835,55,6674506434872,59,2984867137973,41,44564124143,1660,71996592673,9,9703158563824,291,048446865906,24,738746384471,0,84,9065248196828,410,689832872001,355,054331361472,,-117,214347574114,44,3325493565128,40,7015132862027,577,098937348254,2570,01400110839,0,0,7,39707237023386E-15,6,78855769444778E-15,271,791108012216,1,65677037668016,0,,-101,735823040028,5,53326746383166,1,02095706013473,0,0,2,50092970122616E-102,50,3524150768064,134,157212701833,4,30118449087598,5,91722689965719E+34,9,9000000000003E+34,6,97736559659355E+28,0,0,0,0,0,0,0,0,0,0,0,0,0,0,0,0,0,0,0,0,0,0,0,0,0,0,0,0,0,0,0,0,0,0,0,0,0,0,0,0,0,0,0,0,0,0,0,0,0,0,0,0,0,0,0,0,0,0,0,0,0,0,0,0,0,0,0,0,0,0,0,0,0,0,0,0,0,0,0,0,0,0,0,0,0,0,0,0,0,0,0,0,0,0,0,0,0,6,78855769444778E-15,7,39707237023386E-15,0,0,0,0,0,0,0,0,0,0,0,0,0,0,1235,65,20447125537499,5,10,7100351128029,,0,24,1981315717192,0,0,00186617942321718,0,0,0,0,0,0,0,0,0,0,335912296179093,0,0,0,0,1,90782256301147,0,24,738746384471,0,0,0,42619,7903183373,40180,5515467513,0,
975-1000C*,0,00124638240210891,1273,150024,2309,01738364576,1043,72416569309,0,00841671302542323,505,347653973767,55,0927166225384,59,0046810167776,54,2316253161719,1714,10569113646,10,0201674356643,288,242672603266,25,5882558413036,0,85,9774258710817,407,338759566125,355,750131110502,,-122,335486237849,44,9072833774615,40,9953189832224,755,108755715252,2660,90157444332,0,0,7,31221520410218E-15,6,65971460839714E-15,267,326093980472,1,66515703253133,0,,-106,484005195082,5,58596445325496,1,07621309557969,0,0,2,79050048688521E-127,65,8920171350988,174,2871030048,4,45365585156468,9,9000000000003E+34,9,9000000000003E+34,3,54479273527879E+29,0,0,0,0,0,0,0,0,0,0,0,0,0,0,0,0,0,0,0,0,0,0,0,0,0,0,0,0,0,0,0,0,0,0,0,0,0,0,0,0,0,0,0,0,0,0,0,0,0,0,0,0,0,0,0,0,0,0,0,0,0,0,0,0,0,0,0,0,0,0,0,0,0,0,0,0,0,0,0,0,0,0,0,0,0,0,0,0,0,0,0,0,0,0,0,0,0,6,65971460839714E-15,7,31221520410218E-15,0,0,0,0,0,0,0,0,0,0,0,0,0,0,1260,65,1,0497924324698E+15,10,8936747891389,,0,25,1184509735842,0,0,00242440192971636,0,0,0,0,0,0,0,0,0,0,436392347348945,0,0,0,0,2,49613548810192,0,25,5882558413036,0,0,0,42547,5077071627,40120,7653966955,0,
1000-1050C*,0,000225763258120517,1323,150024,2562,82037302352,1049,30182299342,0,00407007990660818,517,075010373894,54,2306155911153,58,5996073853454,79,3972357618218,1794,18427895106,10,0702682728426,284,034011209305,26,8625200265525,0,87,5036555295178,403,021771717758,356,793830734048,,-130,01719423345,45,7693844088847,41,4003926146546,1105,44392492788,2797,23293444573,0,0,7,18492945490465E-15,6,46127972260483E-15,260,628572932856,1,67815212615637,0,,-113,606278427664,5,67071721269504,1,15909714874712,0,0,9,04794078109171E-231,96,4836512257256,223,341077384995,4,69875494245326,9,9000000000003E+34,9,9000000000003E+34,4,37485324390744E+30,0,0,0,0,0,0,0,0,0,0,0,0,0,0,0,0,0,0,0,0,0,0,0,0,0,0,0,0,0,0,0,0,0,0,0,0,0,0,0,0,0,0,0,0,0,0,0,0,0,0,0,0,0,0,0,0,0,0,0,0,0,0,0,0,0,0,0,0,0,0,0,0,0,0,0,0,0,0,0,0,0,0,0,0,0,0,0,0,0,0,0,0,0,0,0,0,0,6,46127972260483E-15,7,18492945490465E-15,0,0,0,0,0,0,0,0,0,0,0,0,0,0,1298,15,1,01772448092623E+18,11,1865229471322,,0,26,5019617866792,0,0,00310676194429716,0,0,0,0,0,0,0,0,0,0,559217149973488,0,0,0,0,3,65379578639951,0,26,8625200265525,0,0,0,42439,6707142891,40031,6214355807,0,
1050-1100C*,0,1373,150024,2926,22733817203,1056,73869939387,0,532,714115292939,53,0811475492177,58,1292989910296,81,3808169166655,1900,95572937054,10,1206196142068,278,422462684025,28,5615389402178,,,,358,18543023211,,,46,9188524507823,41,8707010089704,2150,06225308445,2979,0080811156,,,7,01521512264129E-15,6,1874113671427E-15,251,698544869367,,,-131,859733937772,,5,7942057779633,1,26960921963703,,,,187,746582641387,314,741719065186,,,,,0,0,0,0,0,0,0,0,0,0,0,0,0,0,0,0,0,0,0,0,0,0,0,0,0,0,0,0,0,0,0,0,0,0,0,0,0,0,0,0,0,0,0,0,0,0,0,0,0,0,0,0,0,0,0,0,0,0,0,0,0,0,0,0,0,0,0,0,0,0,0,0,0,0,0,0,0,0,0,0,0,0,0,0,0,0,0,0,0,0,0,0,0,0,0,0,0,,,,,0,0,0,0,0,0,0,0,0,0,0,0,1348,15,,11,6177732492717,117,579063819987,,,,0,00437818070246348,,,,,,,,,,0,788072526443425,,,,,7,10472668337315,,28,5615389402178,,,,42296,9801426443,,,
1100-1150C*,0,1423,150024,3319,86622296197,1064,17557579431,0,548,356167847103,51,9316795073202,57,7440136075404,83,6508832245179,2007,72717979001,10,1712227122779,272,810914158744,30,260557853883,,,,359,577029730171,,,48,0683204926798,42,2559863924596,3345,50626160692,3160,78322778547,,,6,84550079037793E-15,5,90330487327767E-15,242,768516805879,,,-141,356098247881,,5,92944678511606,1,38012129052694,,,,292,201351074811,395,001499671121,,,,,0,0,0,0,0,0,0,0,0,0,0,0,0,0,0,0,0,0,0,0,0,0,0,0,0,0,0,0,0,0,0,0,0,0,0,0,0,0,0,0,0,0,0,0,0,0,0,0,0,0,0,0,0,0,0,0,0,0,0,0,0,0,0,0,0,0,0,0,0,0,0,0,0,0,0,0,0,0,0,0,0,0,0,0,0,0,0,0,0,0,0,0,0,0,0,0,0,,,,,0,0,0,0,0,0,0,0,0,0,0,0,1398,15,,12,0249887016164,122,308838196765,,,,0,00549462571546183,,,,,,,,,,0,989032628783129,,,,,11,053606729636,,30,260557853883,,,,42155,5321248643,,,
1150+C*,0,1623,150024,4451,32829089299,1082,76776679542,0,587,473796552461,49,0580094025763,57,2010006485067,100,2274,65580583868,10,2220788258393,258,782042845543,34,508105138046,,,,363,056028475324,,,50,9419905974237,42,7989993514933,11953,2809444157,3615,22109446014,,,6,42121495971953E-15,5,1493104181293E-15,220,443446647158,,,-165,097009023152,,6,31737705317751,1,65640146775172,,,,1044,92414202395,595,650951185957,,,,,0,0,0,0,0,0,0,0,0,0,0,0,0,0,0,0,0,0,0,0,0,0,0,0,0,0,0,0,0,0,0,0,0,0,0,0,0,0,0,0,0,0,0,0,0,0,0,0,0,0,0,0,0,0,0,0,0,0,0,0,0,0,0,0,0,0,0,0,0,0,0,0,0,0,0,0,0,0,0,0,0,0,0,0,0,0,0,0,0,0,0,0,0,0,0,0,0,,,,,0,0,0,0,0,0,0,0,0,0,0,0,1523,15,,13,3230682707684,136,189454065832,,,,0,00828573824795771,,,,,,,,,,1,49143288463239,,,,,39,4751386698564,,34,508105138046,,,,41807,3019498149,,,
