Name,Merey-2009
Created,25/03/2026 09:11:43
Cpt,Composition,Boiling Temperature,Molecular Weight,Standard Liquid Density,Acidity,Aniline Point,Assay - Aromatics Vol Pct,Assay - Aromatics Wt Pct,Asphaltene Content,Basic Nitrogen Content,C to H Ratio,Cloud Point,Conradson Carbon Content,Copper Content,Cetane Number,Flash Point,Freeze Point,MON (Clear),MON (Leaded),Assay - Naphthenes Vol Pct,Assay - Naphthenes Wt Pct,Nickel Content,Nitrogen Content,Assay - Olefins Vol Pct,Assay - Olefins Wt Pct,Assay - Paraffins Vol Pct,Assay - Paraffins Wt Pct,Pour Point,Refractive Index,Reid Vapour Pressure,RON (Clear),RON (Leaded),Smoke Point,Sulfur Content,Mercaptan Sulfur Content,Sodium Content,True Vapour Pressure,Vanadium Content,Iron Content,Luminometer Number,Viscosity @ 38C,Viscosity @ 50C,Viscosity @ 60C,Wax Content,Pi C6 22DMB Wt Pct,Pi C6 22DMB Vol Pct,Pi C6 23DMB Wt Pct,Pi C6 23DMB Vol Pct,Pi C6 2MP Wt Pct,Pi C6 2MP Vol Pct,Pi C6 3MP Wt Pct,Pi C6 3MP Vol Pct,Pi C7 22-mPentane Wt Pct,Pi C7 22-mPentane Vol Pct,Pi C7 24-mPentane Wt Pct,Pi C7 24-mPentane Vol Pct,Pi C7 223-mButane Wt Pct,Pi C7 223-mButane Vol Pct,Pi C7 33-mPentane Wt Pct,Pi C7 33-mPentane Vol Pct,Pi C7 23-mPentane Wt Pct,Pi C7 23-mPentane Vol Pct,Pi C7 2-mHexane Wt Pct,Pi C7 2-mHexane Vol Pct,Pi C7 3-mHexane Wt Pct,Pi C7 3-mHexane Vol Pct,Pi C7 3-ePentane Wt Pct,Pi C7 3-ePentane Vol Pct,Pi C6 Wt Pct,Pi C6 Vol Pct,Pi C7 Wt Pct,Pi C7 Vol Pct,Pi C8 Wt Pct,Pi C8 Vol Pct,Pi C9 Wt Pct,Pi C9 Vol Pct,Pi C10  Wt Pct,Pi C10  Vol Pct,Pi C11  Wt Pct,Pi C11  Vol Pct,Pn C6 Hexane Wt Pct,Pn C6 Hexane Vol Pct,Pn C7 Heptane Wt Pct,Pn C7 Heptane Vol Pct,Pn C8 Octane Wt Pct,Pn C8 Octane Vol Pct,Pn C9 Nonane Wt Pct,Pn C9 Nonane Vol Pct,Pn C10 Decane Wt Pct,Pn C10 Decane Vol Pct,Pn C11 n-C11 Wt Pct,Pn C11 n-C11 Vol Pct,On C6 Wt Pct,On C6 Vol Pct,On C7 Wt Pct,On C7 Vol Pct,On C8 Wt Pct,On C8 Vol Pct,On C9 Wt Pct,On C9 Vol Pct,On C10 Wt Pct,On C10 Vol Pct,On C11 Wt Pct,On C11 Vol Pct,A C6 Benzene Wt Pct,A C6 Benzene Vol Pct,A C7 Toluene Wt Pct,A C7 Toluene Vol Pct,A C8 m-Xylene Wt Pct,A C8 m-Xylene Vol Pct,A C8 o-Xylene Wt Pct,A C8 o-Xylene Vol Pct,A C8 p-Xylene Wt Pct,A C8 p-Xylene Vol Pct,A C8 EthBenz Wt Pct,A C8 EthBenz Vol Pct,N C6 cyc-C5 Wt Pct,N C6 cyc-C5 Vol Pct,N C6 cyc-C6 Wt Pct,N C6 cyc-C6 Vol Pct,A C8 Wt Pct,A C8 Vol Pct,A C9 Wt Pct,A C9 Vol Pct,A C10 Wt Pct,A C10 Vol Pct,A C11 Wt Pct,A C11 Vol Pct,N C6 Wt Pct,N C6 Vol Pct,N C7 Wt Pct,N C7 Vol Pct,N C8 Wt Pct,N C8 Vol Pct,N C9 Wt Pct,N C9 Vol Pct,N C10 Wt Pct,N C10 Vol Pct,N C11 Wt Pct,N C11 Vol Pct,Pi Wt Pct,Pi Vol Pct,Pn Wt Pct,Pn Vol Pct,Oi C6 Wt Pct,Oi C6 Vol Pct,Oi C7 Wt Pct,Oi C7 Vol Pct,Oi C8 Wt Pct,Oi C8 Vol Pct,Oi C9 Wt Pct,Oi C9 Vol Pct,Oi C10 Wt Pct,Oi C10 Vol Pct,Oi C11 Wt Pct,Oi C11 Vol Pct,Centroid Boiling Temperature,Viscosity @ 100C,Hydrogen,CarbonByWt,PValue,RamsCarbonResidueByWt,SulfideByWt,ZincByWt,TinByWt,ChromiumByWt,LeadByWt,AluminiumByWt,MagnesiumByWt,MetalByWt,ArsenicByWt,CadmiumByWt,MercuryByWt,NaClByWt,SaltByWt,MudByWt,ChloridesByWt,MolybdenumByWt,AshByWt,GumByWt,MicroCarbonResidueByWt,nC5InsolublesByWt,NaphthenicAcidByWt,NaphthenicAcidByVol,Gross Heating Value,Net Heating Value,Oxygen Content,
Hydrogen,0,20,5548,2,016000032,69,85910034,0,,0,0,0,0,0,13,9,0,0,,,13,9,10,,0,0,0,0,0,0,0,0,13,9,,,130,,,0,0,0,,0,0,,,,,0,,,,,,,,,,,,,,,,,,,,,,,,,,,,,,,,,,,,,,,,,,,,,,,,,,,,,,,,,,,,,,,,,,,,,,,,,,,,,,,,,,,,,,,,,,,,,,,,,0,0,0,0,,,,,,,,,,,,,,,100,0,,,,,,,,,,,,,,,,,,,,,0,,,,,,,
Nitrogen,0,77,3498,28,0135,806,3740234,0,,0,0,0,0,0,63,1,0,0,,,63,1,,,0,0,0,0,0,0,0,0,63,1,,,,,,0,0,0,,0,0,,,,,0,,,,,,,,,,,,,,,,,,,,,,,,,,,,,,,,,,,,,,,,,,,,,,,,,,,,,,,,,,,,,,,,,,,,,,,,,,,,,,,,,,,,,,,,,,,,,,,,,0,0,0,0,,,,,,,,,,,,,,,0,0,,,,,,,,,,,,,,,,,,,,,0,,,,,,,
CO,0,81,6996,28,0109005,799,3880005,0,,0,0,0,0,0,68,2,0,0,,,68,2,,,0,0,0,0,0,0,0,0,68,2,,,120,,,0,0,0,,0,0,,,,,0,,,,,,,,,,,,,,,,,,,,,,,,,,,,,,,,,,,,,,,,,,,,,,,,,,,,,,,,,,,,,,,,,,,,,,,,,,,,,,,,,,,,,,,,,,,,,,,,,0,0,0,0,,,,,,,,,,,,,,,0,0,,,,,,,,,,,,,,,,,,,,,0,,,,,,,
Oxygen,0,90,1996,32,1137,680054,0,,0,0,0,0,0,54,4,0,0,,,54,4,,,0,0,0,0,0,0,0,0,54,4,,,120,,,0,0,0,,0,0,,,,,0,,,,,,,,,,,,,,,,,,,,,,,,,,,,,,,,,,,,,,,,,,,,,,,,,,,,,,,,,,,,,,,,,,,,,,,,,,,,,,,,,,,,,,,,,,,,,,,,,0,0,0,0,,,,,,,,,,,,,,,0,0,,,,,,,,,,,,,,,,,,,,,0,,,,,,,
Methane,0,111,625,16,04290009,299,3940125,0,,0,0,0,0,3,90,4,0,0,,85,15,90,4,,,0,0,0,0,0,0,100,100,90,4,,,120,,,0,0,0,,0,0,,,,,0,,,,,,,,,,,,,,,,,,,,,,,,,,,,,,,,,,,,,,,,,,,,,,,,,,,,,,,,,,,,,,,,,,,,,,,,,,,,,,,,,,,,,,,,,,,,,,,,,0,0,100,100,,,,,,,,,,,,,,,25,13516209,75,,,,,,,,,,,,,,,,,,,,,0,,,,,,,
Ethylene,0,169,399,28,05380058,383,2260132,0,,0,0,0,0,6,104,0,0,,137,15,104,75,6,,0,0,0,0,100,100,0,0,104,,,100,51,,,0,0,0,,0,0,,,,,0,,,,,,,,,,,,,,,,,,,,,,,,,,,,,,,,,,,,,,,,,,,,,,,,,,,,,,,,,,,,,,,,,,,,,,,,,,,,,,,,,,,,,,,,,,,,,,,,,0,0,0,0,,,,,,,,,,,,,,,14,34761566,85,71428571,,,,,,,,,,,,,,,,,,,,,0,,,,,,,
Ethane,0,0121057750499694,184,55,30,06990051,355,6830139,0,,0,0,0,0,4,90,4,0,0,,138,15,90,4,100,79,,0,0,0,0,0,0,100,100,90,4,,,111,38,,,0,0,0,,0,0,,,,,0,,,,,,,,,,,,,,,,,,,,,,,,,,,,,,,,,,,,,,,,,,,,,,,,,,,,,,,,,,,,,,,,,,,,,,,,,,,,,,,,,,,,,,,,,,,,,,,,,0,0,100,100,,,,,,,,,,,,,,,20,11147323,80,,,,,,,,,,,,,,,,,,,,,0,,,,,,,
CO2,0,194,598,44,00970078,825,335022,0,,0,0,0,0,0,217,0,0,,,217,,,0,0,0,0,0,0,0,0,217,,,,,,0,0,0,,0,0,,,,,0,,,,,,,,,,,,,,,,,,,,,,,,,,,,,,,,,,,,,,,,,,,,,,,,,,,,,,,,,,,,,,,,,,,,,,,,,,,,,,,,,,,,,,,,,,,,,,,,,0,0,0,0,,,,,,,,,,,,,,,0,0,,,,,,,,,,,,,,,,,,,,,0,,,,,,,
H2S,0,000124400490954198,213,498,34,07600021,788,40802,0,,0,0,0,0,0,188,0,0,,,188,,,0,0,0,0,0,0,0,0,188,,2759,,,,94,1177,0,0,,0,0,,,,,0,,,,,,,,,,,,,,,,,,,,,,,,,,,,,,,,,,,,,,,,,,,,,,,,,,,,,,,,,,,,,,,,,,,,,,,,,,,,,,,,,,,,,,,,,,,,,,,,,0,0,0,0,,,,,,,,,,,,,,,5,911554252,0,,,,,,,,,,,,,,,,,,,,,0,,,,,,,
Propene,0,225,399,42,08060074,520,9550171,0,,0,0,0,0,6,87,9,0,0,,165,87,9,84,9,,0,0,0,0,100,100,0,0,87,9,,1565,102,54,,,0,0,0,,0,0,,,,,0,,,,,,,,,,,,,,,,,,,,,,,,,,,,,,,,,,,,,,,,,,,,,,,,,,,,,,,,,,,,,,,,,,,,,,,,,,,,,,,,,,,,,,,,,,,,,,,,,0,0,0,0,,,,,,,,,,,,,,,14,36465558,85,71428571,,,,,,,,,,,,,,,,,,,,,0,,,,,,,
Propane,0,00960247898268664,231,048,44,09700012,506,678009,0,,0,0,0,0,4,5,85,5,0,0,,169,15,85,5,97,1,,0,0,0,0,0,0,100,100,85,5,,1303,112,14,,,0,0,0,,0,0,,,,,0,,,,,,,,,,,,,,,,,,,,,,,,,,,,,,,,,,,,,,,,,,,,,,,,,,,,,,,,,,,,,,,,,,,,,,,,,,,,,,,,,,,,,,,,,,,,,,,,,0,0,100,100,,,,,,,,,,,,,,,18,28426304,81,81818182,,,,,,,,,,,,,,,,,,,,,0,,,,,,,
i-Butane,0,00460681547291918,261,42,58,12400055,561,9660034,0,380,85,0,0,0,0,4,8,114,0,0,,190,15,114,97,6,,0,0,0,0,0,0,100,100,114,,489,6,101,426,,,0,0,0,,0,0,,,,,0,,,,,,,,,,,,,,,,,,,,,,,,,,,,,,,,,,,,,,,,,,,,,,,,,,,,,,,,,,,,,,,,,,,,,,,,,,,,,,,,,,,,,,,,,,,,,,,,,100,100,0,0,,,,,,,,,,,,,,,17,34802065,82,75862069,,,,,,,,,,,,,,,,,,,,,0,,,,,,,
i-Butene,0,266,299,56,10770035,592,7930298,0,286,7055556,0,0,0,0,6,133,0,0,,193,15,133,88,1,,0,0,0,0,100,100,0,0,133,,442,7,105,2096138,,,0,0,0,,0,0,,,,,0,,,,,,,,,,,,,,,,,,,,,,,,,,,,,,,,,,,,,,,,,,,,,,,,,,,,,,,,,,,,,,,,,,,,,,,,,,,,,,,,,,,,,,,,,,,,,,,,,0,0,0,0,,,,,,,,,,,,,,,14,37319073,85,71428571,,,,,,,,,,,,,,,,,,,,,0,,,,,,,
1-Butene,0,266,898,56,10770035,593,7890015,0,,0,0,0,0,6,87,8,0,0,,193,15,87,8,80,8,,0,0,0,0,100,100,0,0,87,8,,432,97,4,,,0,0,0,,0,0,,0,236064836133691,0,219972008704656,0,208210021632581,0,,,,,,,,,,,,,,,,,,,,,,,,,,,,,,,,,,,,,,,,,,,,,,,,,,,,,,,,,,,,,,,,,,,,,,,,,,,,,,,,,,,,,,,,,,,,,,,,,0,0,0,0,,,,,,,,,,,,,,,14,37319073,85,71428571,,,,,,,,,,,,,,,,,,,,,0,,,,,,,
13-Butadiene,0,268,7,54,1,619,7440186,0,,0,0,0,0,8,164,0,0,,197,15,164,73,94513286,,0,0,0,0,100,100,0,0,164,,409,6,102,9723045,,,0,0,0,,0,0,,,,,0,,,,,,,,,,,,,,,,,,,,,,,,,,,,,,,,,,,,,,,,,,,,,,,,,,,,,,,,,,,,,,,,,,,,,,,,,,,,,,,,,,,,,,,,,,,,,,,,,0,0,0,0,,,,,,,,,,,,,,,11,17841035,88,88888889,,,,,,,,,,,,,,,,,,,,,0,,,,,,,
n-Butane,0,0110641940886402,272,648,58,12400055,583,2230225,0,356,35,0,0,0,0,4,8,135,0,0,,213,15,135,89,6,,0,0,0,0,0,0,100,100,135,,358,5,93,8,,,0,0,0,,0,0,,0,241514675581771,0,217701202498228,,0,,,,,,,,,,,,,,,,,,,,,,,,,,,,,,,,,,,,,,,,,,,,,,,,,,,,,,,,,,,,,,,,,,,,,,,,,,,,,,,,,,,,,,,,,,,,,,,,,0,0,100,100,,,,,,,,,,,,,,,17,34802065,82,75862069,,,,,,,,,,,,,,,,,,,,,0,,,,,,,
tr2-Butene,0,274,027,56,1,608,684021,0,,0,0,0,0,6,168,0,0,,201,168,83,84306902,,0,0,0,0,100,100,0,0,168,,343,9,105,0089318,,,0,0,0,,0,0,,,,,0,,,,,,,,,,,,,,,,,,,,,,,,,,,,,,,,,,,,,,,,,,,,,,,,,,,,,,,,,,,,,,,,,,,,,,,,,,,,,,,,,,,,,,,,,,,,,,,,,0,0,0,0,,,,,,,,,,,,,,,14,37319073,85,71428571,,,,,,,,,,,,,,,,,,,,,0,,,,,,,
i-Pentane,0,00788946794526123,301,028,72,15100098,623,4420166,0,343,95,0,0,0,0,5,113,0,0,,217,113,90,3,,0,0,0,0,0,0,100,100,113,,133,8,92,3,,,0,0,0,,0,0,,,,,0,,,,,,,,,,,,,,,,,,,,,,,,,,,,,,,,,,,,,,,,,,,,,,,,,,,,,,,,,,,,,,,,,,,,,,,,,,,,,,,,,,,,,,,,,,,,,,,,,100,100,0,0,,,,,,,,,,,,,,,16,75213296,83,33333333,,,,,,,,,,,,,,,,,,,,,0,,,,,,,
1-Pentene,0,303,096,70,13500214,638,7230225,0,292,25,0,0,0,0,6,108,0,0,,245,108,77,1,,0,0,0,0,100,100,0,0,108,,131,8,90,9,,,0,0,0,,0,0,,,,,0,,,,,,,,,,,,,,,,,,,,,,,,,,,,,,,,,,,,,,,,,,,,,,,,,,,,,,,,,,,,,,,,,,,,,,,,,,,,,,,,,,,,,,,,,,,,,,,,,0,0,0,0,,,,,,,,,,,,,,,14,37831669,85,71428571,,,,,,,,,,,,,,,,,,,,,0,,,,,,,
2M-1-butene,0,304,303,70,1,654,3800049,0,,0,0,0,0,6,136,0,0,,221,136,81,9,,0,0,0,0,100,100,0,0,136,,127,2,102,54,,,0,0,0,,0,0,,,,,0,,,,,,,,,,,,,,,,,,,,,,,,,,,,,,,,,,,,,,,,,,,,,,,,,,,,,,,,,,,,,,,,,,,,,,,,,,,,,,,,,,,,,,,,,,,,,,,,,0,0,0,0,,,,,,,,,,,,,,,14,37831669,85,71428571,,,,,,,,,,,,,,,,,,,,,0,,,,,,,
n-Pentane,0,309,209,72,15100098,629,7290039,0,343,95,0,0,0,0,5,143,0,0,,233,143,61,9,,0,0,0,0,0,0,100,100,143,,101,35,61,7,,,0,0,0,,0,0,,0,317713556013358,0,28795065870348,0,265338970196147,0,,,,,,,,,,,,,,,,,,,,,,,,,,,,,,,,,,,,,,,,,,,,,,,,,,,,,,,,,,,,,,,,,,,,,,,,,,,,,,,,,,,,,,,,,,,,,,,,,0,0,100,100,,,,,,,,,,,,,,,16,75213296,83,33333333,,,,,,,,,,,,,,,,,,,,,0,,,,,,,
cis2-Butene,0,276,867,56,1,625,9530029,0,,0,0,0,0,6,134,0,0,,203,134,83,5,,0,0,0,0,100,100,0,0,134,,314,4,100,,,0,0,0,,0,0,,,,,0,,,,,,,,,,,,,,,,,,,,,,,,,,,,,,,,,,,,,,,,,,,,,,,,,,,,,,,,,,,,,,,,,,,,,,,,,,,,,,,,,,,,,,,,,,,,,,,,,0,0,0,0,,,,,,,,,,,,,,,14,37319073,85,71428571,,,,,,,,,,,,,,,,,,,,,0,,,,,,,
3M-1-butene,0,293,204,70,1,631,2700195,0,,0,0,0,0,6,105,0,0,,217,105,85,26729455,,0,0,0,0,100,100,0,0,105,,190,101,6748769,,,0,0,0,,0,0,,,,,0,,,,,,,,,,,,,,,,,,,,,,,,,,,,,,,,,,,,,,,,,,,,,,,,,,,,,,,,,,,,,,,,,,,,,,,,,,,,,,,,,,,,,,,,,,,,,,,,,0,0,0,0,,,,,,,,,,,,,,,14,37831669,85,71428571,,,,,,,,,,,,,,,,,,,,,0,,,,,,,
2M-2-butene,0,311,704,70,1,666,1090088,0,406,15,0,0,0,0,6,139,0,0,,228,139,84,7,,0,0,0,0,100,100,0,0,139,,98,11,97,3,,,0,0,0,,0,0,,,,,0,,,,,,,,,,,,,,,,,,,,,,,,,,,,,,,,,,,,,,,,,,,,,,,,,,,,,,,,,,,,,,,,,,,,,,,,,,,,,,,,,,,,,,,,,,,,,,,,,0,0,0,0,,,,,,,,,,,,,,,14,37831669,85,71428571,,,,,,,,,,,,,,,,,,,,,0,,,,,,,
2M-13-C4==,0,307,204,68,1,684,8460083,0,,0,0,0,0,7,5,127,0,0,,219,127,81,,0,0,0,0,100,100,0,0,127,,118,6,99,1,,,0,0,0,,0,0,,,,,0,,,,,,,,,,,,,,,,,,,,,,,,,,,,,,,,,,,,,,,,,,,,,,,,,,,,,,,,,,,,,,,,,,,,,,,,,,,,,,,,,,,,,,,,,,,,,,,,,0,0,0,0,,,,,,,,,,,,,,,11,8404699,88,23529412,,,,,,,,,,,,,,,,,,,,,0,,,,,,,
tr2-Pentene,0,309,493,70,1,652,2630005,0,404,4833333,0,0,0,0,6,133,0,0,,225,133,85,14880659,,0,0,0,0,100,100,0,0,133,,106,7,100,3776273,,,0,0,0,,0,0,,,,,0,,,,,,,,,,,,,,,,,,,,,,,,,,,,,,,,,,,,,,,,,,,,,,,,,,,,,,,,,,,,,,,,,,,,,,,,,,,,,,,,,,,,,,,,,,,,,,,,,0,0,0,0,,,,,,,,,,,,,,,14,37831669,85,71428571,,,,,,,,,,,,,,,,,,,,,0,,,,,,,
cis2-Pentene,0,310,083,70,1,659,5750122,0,403,9277778,0,0,0,0,6,122,0,0,,226,122,85,14880659,,0,0,0,0,100,100,0,0,122,,104,4,100,3776273,,,0,0,0,,0,0,,,,,0,,,,,,,,,,,,,,,,,,,,,,,,,,,,,,,,,,,,,,,,,,,,,,,,,,,,,,,,,,,,,,,,,,,,,,,,,,,,,,,,,,,,,,,,,,,,,,,,,0,0,0,0,,,,,,,,,,,,,,,14,37831669,85,71428571,,,,,,,,,,,,,,,,,,,,,0,,,,,,,
Cyclopentane,0,322,398,70,13500214,748,8740234,0,289,95,0,0,0,0,6,179,0,0,,233,179,84,9,,100,100,0,0,0,0,0,0,179,,41,7,101,426,,,0,0,0,,0,0,,0,483269667509962,0,429891392256475,,0,,,,,,,,,,,,,,,,,,,,,,,,,,,,,,,,,,,,,,,,,,,,,,,,,,,,,,,,,,,,,,,,,,,,,,,,,,,,,,,,,,,,,,,,,,,,,,,,,0,0,0,0,,,,,,,,,,,,,,,14,37831669,85,71428571,,,,,,,,,,,,,,,,,,,,,0,,,,,,,
Cyclopentene,0,317,38,68,1,776,5159912,0,458,3722222,0,0,0,0,7,5,138,0,0,,244,138,69,7,,100,100,0,0,0,0,0,0,138,,81,04,93,3,,,0,0,0,,0,0,,,,,0,,,,,,,,,,,,,,,,,,,,,,,,,,,,,,,,,,,,,,,,,,,,,,,,,,,,,,,,,,,,,,,,,,,,,,,,,,,,,,,,,,,,,,,,,,,,,,,,,0,0,0,0,,,,,,,,,,,,,,,11,8404699,88,23529412,,,,,,,,,,,,,,,,,,,,,0,,,,,,,
22-Mpropane,0,282,648,72,2,595,5930176,0,291,7055556,0,0,0,0,5,257,0,0,,225,257,80,2,,0,0,0,0,0,0,100,100,257,,251,8,85,5,,,0,0,0,,0,0,,,,,0,,,,,,,,,,,,,,,,,,,,,,,,,,,,,,,,,,,,,,,,,,,,,,,,,,,,,,,,,,,,,,,,,,,,,,,,,,,,,,,,,,,,,,,,,,,,,,,,,100,100,0,0,,,,,,,,,,,,,,,16,75213296,83,33333333,,,,,,,,,,,,,,,,,,,,,0,,,,,,,
33M-1-butene,0,314,397,84,16,657,1190186,0,,0,0,0,0,6,,0,0,,241,15,157,95,93,3,,0,0,0,0,100,100,0,0,,,91,82,111,77,,,0,0,0,,0,0,,,,,0,,,,,,,,,,,,,,,,,,,,,,,,,,,,,,,,,,,,,,,,,,,,,,,,,,,,,,,,,,,,,,,,,,,,,,,,,,,,,,,,,,,,,,,,,,,,,,,,,0,0,0,0,,,,,,,,,,,,,,,14,3716,85,71428571,,,,,,,,,,,,,,,,,,,,,0,,,,,,,
H2O,0,373,148,18,01510048,997,9860229,0,,0,0,0,0,0,,0,0,,,,,,0,0,0,0,0,0,0,0,,,,,,,0,0,0,,0,0,,0,698140124178851,0,560124358458913,0,474686748589316,0,,,,,,,,,,,,,,,,,,,,,,,,,,,,,,,,,,,,,,,,,,,,,,,,,,,,,,,,,,,,,,,,,,,,,,,,,,,,,,,,,,,,,,,,,,,,,,,,,0,0,0,0,,,,,,,,,,,,,,0,279783740086422,11,18972388,0,,,,,,,,,,,,,,,,,,,,,0,,,,,,,
36-40C*,0,00511572543664525,313,149994,71,1660450857283,673,778240654016,0,00695226823810978,220,897827818942,0,833554630274452,1,13263096913463,0,0152722719856099,0,3,63892990797841,206,021208767496,0,0,16,8906525247294,237,452880911821,208,021208767496,66,6375615621782,75,3946527621782,27,0685791142712,27,2206472345846,0,148425557236951,0,234514960412137,0,0,72,0978662554543,71,6467217962807,160,136110984551,1,37494294827371,69,771486719745,69,4134052713958,78,1704964713958,40,1738727177443,0,00167140493725893,0,000820632603409805,2,58171831610927E-14,94,1972145768408,0,64977409151503,0,0197900742176487,92,0682064966207,0,383763314462652,0,368588678315503,0,353461524560997,0,00938171832406373,0,0,0,0,0,0,0,0,0,0,0,0,0,0,0,0,0,0,0,0,0,0,0,0,7,87450829476681,7,96150534480552,7,26439721751035,7,03849522895308,0,772527680337499,0,72417631573396,0,0,0,0,0,0,6,33125090386759,6,38011097641833,4,26118836865757,4,14307576859174,0,0,0,0,0,0,0,0,0,0,0,0,0,0,0,0,0,0,0,0,2,78026059665295,2,10453164216277,0,0,0,0,0,0,0,0,0,0,0,0,0,0,0,0,0,0,0,0,0,0,7,43520434621178,6,4738348777081,8,59249755857153,7,47069781025969,0,864823462162146,0,744946454519015,0,0,0,0,0,0,12,1843476848362,9,37638728563809,59,4623741114445,62,7214789698163,0,0,0,0,0,0,0,0,0,0,0,0,311,149997,0,339652368255122,15,9920651445654,83,8501892105133,0,0,0,0,0,0,0,0,0,0,0,0,0,8,53952981482296E-12,0,0,0,0,6,35692032616961E-11,0,0,0,0,0,48843,066268704,44478,996716845,0,
40-50C*,0,0145746399643861,323,149994,73,9608540344167,685,085135978222,0,00768856139043753,222,346588346274,0,981503752636738,1,29490431183341,0,0168897109132179,0,3,75714229600641,208,003313787757,0,0,18,542346890566,241,95145889631,210,003313787757,65,5154655584306,74,2725567584306,28,3664439747302,30,0564318796402,0,164144847356533,0,259351712038512,0,0,70,652052272633,68,6486638085264,164,266141735785,1,38069607475301,53,8534496241554,68,3339376843314,77,0910288843314,38,4044223772994,0,0018484182468612,0,000797678347708039,1,16177324224917E-13,66,689087343625,0,71858964893555,0,0218859795583889,88,1899504887002,0,398211350714559,0,381079243944934,0,364511581002892,0,0103753069950547,0,0,0,0,0,0,0,0,0,0,0,0,0,0,0,0,0,0,0,0,0,0,0,0,14,5652717084224,15,5231181825564,13,4367652315844,13,7234591367428,1,42892421281349,1,41197852005225,0,0,0,0,0,0,11,7107489403892,12,4397601226739,7,88180849736532,8,07805207806543,0,0,0,0,0,0,0,0,0,0,0,0,0,0,0,0,0,0,0,0,5,14257519258477,4,10335633593928,0,0,0,0,0,0,0,0,0,0,0,0,0,0,0,0,0,0,0,0,0,0,13,7527027029977,12,6225003373999,15,8933176408898,14,5661555186282,1,59964130262983,1,45247554983052,0,0,0,0,0,0,43,6300484714368,43,3366593362979,25,0186153370896,27,3153929363351,0,0,0,0,0,0,0,0,0,0,0,0,318,15,0,345912213150955,15,9477706914013,83,6575721204823,0,0,0,0,0,0,0,0,0,0,0,0,0,3,84278841667033E-11,0,0,0,0,2,86061414677632E-10,0,0,0,0,0,48685,2614092394,44371,5941319541,0,
50-60C*,0,0163786593118405,333,149994,77,991965732891,701,23784358423,0,00874040875090575,224,459334272487,2,79991757056631,3,59742061811101,0,0192003379526579,0,3,92601713604642,210,834892388131,0,0,19,9794137320873,246,919469649669,212,834892388131,63,9124712673627,72,6695624673627,29,8394406603435,32,0368555558688,0,186600976098792,0,294832785790476,0,0,67,3606417690902,64,3657238260202,170,166185666121,1,38909637632891,40,4588243352976,66,7918411313823,75,5489323313823,35,9801728442211,0,00210129440343587,0,000764886553848374,2,4526324003038E-13,46,9073840140768,0,816897588107722,0,0248801300451606,82,770782574101,0,420934516129016,0,400628627675415,0,381756279011698,0,0117947193821845,5,43429334543304,5,90556693812852,2,1566076486007,2,29922816391144,4,19549861899596,4,53196456689105,3,80510061432983E-10,4,04145231478073E-10,0,0,0,0,0,0,0,0,0,0,0,0,0,0,0,0,14,8208955600093,15,9131590333059,13,6725835362564,14,068280944705,1,45400215974214,1,44745652754561,0,0,0,0,0,0,11,9162752641706,12,7523271317185,8,02013604016027,8,28102484860503,0,0,0,0,0,0,0,0,0,0,0,0,0,0,0,0,0,0,0,0,5,23282856403706,4,20645911318905,0,0,0,0,0,0,0,0,0,0,0,0,0,0,0,0,0,0,0,0,0,0,13,9940657825918,12,9396589592879,16,1722490025004,14,9321512949806,1,62771537355151,1,48897110391226,0,0,0,0,0,0,32,0065202066047,33,6597506251034,32,3592036194154,33,7008911439868,0,0,0,0,0,0,0,0,0,0,0,0,328,15,0,35553249688202,15,7862014677321,83,8055169764996,0,0,0,0,0,0,0,0,0,0,0,0,0,8,11255332408182E-11,0,0,0,0,6,03907430986113E-10,0,0,0,0,0,48468,6536704091,44224,1700847056,0,
60-70C*,0,0175361347887168,343,149994,82,0589794725208,717,390551190238,0,0189564988190144,226,619690293065,5,07999755528271,6,37277679474421,0,0215109649920979,0,4,09489197608643,213,666470988504,0,0,20,6214114413269,252,357995291657,215,666470988504,62,156474391829,70,9135655918289,31,5319224288501,33,9242775981962,0,209057104841051,0,330313859542441,0,0,63,3880800158672,59,7029456070596,176,066229596456,1,39771083304452,29,583538417411,65,0654041152213,73,8224953152213,33,6703260933045,0,00235417056001054,0,00073209475998871,3,74349155835844E-13,32,7730229688828,0,915205527279893,0,0278742805319323,77,4936262787668,0,446401916232883,0,422412523389924,0,400904195039268,0,0132141317693144,0,0,2,99302719729473E-05,3,19493922223194E-05,5,19461182582427,5,61819787688412,6,59032132629201,7,0084005074731,0,0,0,0,0,0,0,0,0,0,0,0,0,0,0,0,14,8208955600093,15,9329946851186,13,6725835362564,14,0858169676807,1,45400215974214,1,44926077292733,0,0,0,0,0,0,11,9162752641706,12,7682228266121,8,02013604016027,8,29134709356001,0,0,0,0,0,0,0,0,0,0,0,0,0,0,0,0,0,0,0,0,5,23282856403706,4,21170243779599,0,0,0,0,0,0,0,0,0,0,0,00143653102196069,0,00135625994276521,0,0,0,0,0,0,0,0,0,0,13,9940657825918,12,9557881621165,16,1722490025004,14,9507641268691,1,62771537355151,1,49082709695014,0,0,0,0,0,0,29,6860864230406,31,5173255333401,30,0168591840189,31,8707544825271,0,0,0,0,0,0,0,0,0,0,0,0,338,15,0,36602749920976,15,5176745241843,84,0575618793188,0,0,0,0,0,0,0,0,0,0,0,0,0,1,23823182314933E-10,0,0,0,0,9,21753447294594E-10,0,0,0,0,0,48261,800176222,44083,3848132965,0,
70-80C*,0,0178607161059595,353,149994,86,1494676862668,733,543258796246,0,0285890711663153,228,824511268613,7,52000935141137,9,21376740169165,0,0238215920315379,0,00135264918570167,4,26376681612644,216,720703193607,0,0,20,6955699529923,261,223747297896,218,720703193607,60,3831422481045,69,1402334481045,33,1673783580653,35,7191338250641,0,23151323358331,0,365794933294406,0,0,59,3126122905233,55,0670987732442,182,43020769022,1,40654014737941,21,0531384732705,63,3180812337703,72,0751724337703,31,4673246369683,0,00576817364545593,0,000699302966129045,5,03435071641307E-13,22,7403242732689,1,01351346645206,0,030868431018704,72,3571776266309,0,474987783547357,0,446719276535086,0,422190482206039,0,0146335441564443,0,0,0,0,0,0,0,0,0,325087774257785,0,346090546586915,0,165587087230365,0,176538557080835,0,0,0,0,0,0,0,0,0,0,0,0,14,8208955600093,16,1722358106512,13,6725835362564,14,297321883862,1,45400215974214,1,47102207928296,0,0,0,0,0,0,11,9162752641706,12,9599434704997,8,02013604016027,8,41584542234546,0,0,0,0,0,0,0,0,0,0,0,0,0,0,0,0,0,0,0,0,5,23282856403706,4,27494305586811,0,0,0,0,0,0,0,0,0,0,10,4391332942473,10,0038005160902,0,856591457674776,0,789626653208292,0,0,0,0,0,0,0,0,13,9940657825918,13,1503251843978,16,1722490025004,15,1752566160698,1,62771537355151,1,51321254047143,0,0,0,0,0,0,2,17781491740149,2,29915301601876,52,8892838558427,57,0134592745046,0,0,0,0,0,0,0,0,0,0,0,0,348,15,0,37749372958114,15,152958196593,84,4031198380038,0,0,0,0,0,0,0,0,0,0,0,0,0,1,66520831389048E-10,0,0,0,0,1,23959946360307E-09,0,0,0,0,0,48064,0565578843,43948,7997578856,0,
80-90C*,0,0143232830008116,363,149994,90,2495759077586,749,695966402254,0,038044460025324,231,070923116376,10,2084632945944,12,2561275856338,0,0261322190709779,0,0038883365864912,4,43264165616645,219,842543529465,0,0,20,3610869454903,268,141955218325,221,842543529465,58,7846702009124,67,5417614009124,34,5600997149199,37,0454150956704,0,253969362325569,1,05151715412739,0,0,55,2314369904856,50,6984573186958,188,935058066835,1,41558508537665,14,4139823059403,61,7814331674186,70,5385243674186,29,3642623123955,0,00918217673090133,0,00066651117226938,6,32520987446771E-13,15,6673092791443,1,11182140562424,0,0338625815054757,67,359562326026,0,507127922992628,0,473881944711832,0,445884950379019,0,0160529565435742,0,0,0,0,0,0,0,0,0,00847873025452509,0,00902047092324216,0,400321411263087,0,426511963513007,0,0,0,0,0,738642968664063,0,762106672587993,2,02996008432294,2,14517158826065,0,000426074387080876,0,000444606407116536,4,71108819544041E-13,4,83909758715108E-13,14,8208955600093,16,1614140841893,13,6725835362564,14,2877547647341,1,45400215974214,1,47003773804852,0,0,0,0,0,0,11,9162752641706,12,9512712643285,8,02013604016027,8,41021392042003,0,0,0,0,0,0,0,0,0,0,0,0,0,0,0,0,0,0,0,0,5,23282856403706,4,27208245793147,0,0,0,0,0,0,0,0,0,0,0,0,5,15126160946305,4,7453796000957,0,0,0,0,0,0,0,0,13,9940657825918,13,1415255834213,16,1722490025004,15,1651020228515,1,62771537355151,1,51219996729457,0,0,0,0,0,0,10,6737727436647,11,3321975812168,40,0246845750311,43,8992394092689,0,0,0,0,0,0,0,0,0,0,0,0,358,15,0,390040616995794,14,7035360564094,84,8308663749616,0,0,0,0,0,0,0,0,0,0,0,0,0,2,09218480463163E-10,0,0,0,0,1,55744547991155E-09,0,0,0,0,0,47874,8339800513,43820,0141549077,0,
90-100C*,0,013620646491827,373,149994,94,5361136450461,765,848674008262,0,0479343815968076,233,356294225617,13,11255351557,15,4998573465706,0,0284428461104179,0,00642402398728073,4,72149820361306,222,798578661204,0,0,19,7320532710816,275,043226968107,224,798578661204,57,3538226600514,66,1109138600514,35,6937603974818,37,8287930957311,0,276425491067828,1,73723937496037,0,0,51,1936860869482,46,6713495576983,195,094426955475,1,42484646243569,9,13786851802737,60,4467423376104,69,2038335376104,27,3548155952585,0,0140038456511921,0,000633719378409715,7,61606903252234E-13,10,7156648150324,1,21012934479641,0,0368567319922474,62,4984663891267,0,543332148761339,0,504286794369595,0,472298312311664,0,0174723689307041,0,0,0,0,0,0,0,0,0,0,0,0,0,0,0,0,2,24628113420598,2,22420181850096,14,754781188423,14,9636036796538,23,9915087752455,24,025737927434,1,53657230396852,1,51469444416128,0,0,0,0,0,0,0,0,0,0,0,0,0,0,0,0,0,0,0,0,0,0,0,0,0,0,0,0,0,0,0,0,0,0,0,0,1,68201213072236,1,31783527807378,0,0,0,0,0,0,0,0,0,0,0,0,0,0,0,0,0,0,0,0,0,0,0,0,0,0,0,0,0,0,0,0,0,0,20,5441838880781,22,5137766438214,26,1271656696201,28,6799094431268,0,0,0,0,0,0,0,0,0,0,0,0,368,15,0,403792590509729,14,1813106433844,85,3290418953904,0,0,0,0,0,0,0,0,0,0,0,0,0,2,51916129537277E-10,0,0,0,0,1,87529149622004E-09,0,0,0,0,0,47740,5687961264,43723,194587959,0,
100-110C*,0,0137548647198972,383,149994,98,8970827293576,782,00138161427,0,0582588358807663,235,678210415591,16,1763193209823,18,9449566845022,0,0307534731498579,0,00895971138807026,4,87871753162878,225,588808588826,0,0,18,8917171146248,281,929104575811,227,588808588826,56,2448081416875,65,0018993416875,36,5523290727486,37,9949395109621,0,298881619810087,2,42296159579335,0,0,47,2713516062691,43,0601038045357,200,90831435614,1,43432512984362,6,76320973666146,59,4998021373168,68,2568933373168,25,4331834259818,0,0158166893186183,0,00060092758455005,8,90692819057697E-13,7,27405367643317,1,30843728396858,0,0398508824790191,57,7712420093111,0,584199718865661,0,538383728322577,0,501789777647473,0,018891781317834,0,0,0,0,0,0,0,0,0,0,0,0,0,0,0,0,0,0,0,0,0,0,0,0,0,0,0,0,0,0,0,0,0,0,0,0,0,0,0,0,0,0,0,0,0,0,0,0,0,0,0,0,0,0,0,0,0,0,0,0,1,68201213072236,1,484317830373,5,4083092469097,4,83927396700282,0,0,0,0,0,0,0,0,0,0,0,0,0,0,0,0,0,0,0,0,0,0,0,0,0,0,0,0,0,0,0,0,42,9854949904719,47,1867827852197,0,0746088140637566,0,0845688210493554,0,0,0,0,0,0,0,0,0,0,0,0,378,15,0,4188915595448,13,5983355107645,85,8857245870484,0,0,0,0,0,0,0,0,0,0,0,0,0,2,94613778611392E-10,0,0,0,0,2,19313751252852E-09,0,0,0,0,0,47530,1904602155,43571,2085812999,0,
110-120C*,0,0150535333526888,393,149994,103,288138641133,798,154089220279,0,0690178228771999,238,034452934261,19,3202432482745,22,5914255994284,0,033064100189298,0,0114953987888598,5,00741635699977,228,21323331233,0,0,17,9016867650472,288,800875057926,230,21323331233,55,3364305099484,64,0935217099484,37,1245908833167,37,4695260270795,0,321337748552346,2,78752454712571,0,0,43,5551658684088,39,9390483734921,206,37672026883,1,44402196190085,6,50296821002538,58,7945931257277,67,5516843257277,23,5940343426299,0,0179825490371359,0,000568135790690386,1,01977873486316E-12,4,89968911879822,1,40674522314075,0,0428450329657908,53,1749933887369,0,630438602391575,0,576699152424843,0,534776332016041,0,0203111937049639,0,0,0,0,0,0,0,0,0,0,0,0,0,0,0,0,0,0,0,0,0,0,0,0,0,0,0,0,0,0,0,0,0,0,0,0,0,0,0,0,0,0,0,0,0,0,0,0,0,0,0,0,0,0,0,0,0,0,0,0,1,68201213072236,1,48751098571896,33,695438066317,30,2150333058851,0,0,0,0,0,0,0,0,0,0,0,0,0,0,0,0,0,0,0,0,0,0,0,0,0,0,0,0,0,0,0,0,39,9390483734921,43,5551658684088,0,0,0,0,0,0,0,0,0,0,0,0,0,0,388,15,0,435499884221298,12,9644400021404,86,4748527394727,0,0,0,0,0,0,0,0,0,0,0,0,0,3,37311427685507E-10,0,0,0,0,2,510983528837E-09,0,0,0,0,0,47293,4688568593,43393,4647299288,0,
120-130C*,0,021493341578402,403,149994,107,815254694899,809,728384501615,0,0802113425861086,240,641318119764,21,2662554808301,24,9080451405843,0,035374727228738,0,0140310861896493,5,11082596482912,230,671852831715,0,0,18,301164774124,295,659628714321,232,671852831715,54,0862394199349,62,8433306199349,37,7646766615285,37,161129742121,0,343793877294605,3,78063296112451,0,0,40,9690678576414,37,9308251172947,211,499644693546,1,45112818341835,6,24778515459541,57,5672374818882,66,3243286818882,22,3571090259194,0,0244289861838475,0,000535343996830721,1,14886465066862E-12,3,27410946973025,1,50505316231292,0,0458391834525625,50,0442016894242,0,682889678454822,0,619851941786019,0,571744134268178,0,0217306060920938,0,0,0,0,0,0,0,0,0,0,0,0,0,0,0,0,0,0,0,0,0,0,0,0,0,0,0,0,0,0,0,0,0,0,0,0,0,0,0,0,71,4966439809826,73,7416510195198,0,0,0,0,0,0,0,0,0,0,0,0,0,0,0,0,0,0,1,68201213072236,1,38712466924592,0,0,0,0,0,0,0,0,0,0,0,0,0,0,0,0,0,0,0,0,0,0,0,0,0,0,0,0,0,0,0,0,0,0,0,0,37,9308251172947,40,9690678576414,0,0,0,0,0,0,0,0,0,0,0,0,398,15,0,453803949411758,12,5253669157164,86,883271272535,0,0,0,0,0,0,0,0,0,0,0,0,0,3,80009076759622E-10,0,0,0,0,2,82882954514548E-09,0,0,0,0,0,47110,3101566312,43252,8655979613,0,
130-140C*,0,0188812031924312,413,149994,113,536274455034,810,399976804174,0,0918393950074922,243,779136281153,20,4229723353745,23,6315281013734,0,037685354268178,2,54339713969626,5,14796475789878,231,889862742692,0,0,22,120190754432,302,506300924676,233,889862742692,53,5631563084538,62,3202475084538,38,9498997179316,38,9198087821512,0,366250006036864,6,78062755749323,0,0,40,6271279466939,37,4486631164755,214,037561875642,1,45160484709933,5,99771301597607,56,9531998126955,65,7102910126955,22,3960160395071,0,039235617850213,0,000502552202971056,1,27795056647409E-12,2,16992315290012,1,60336110148509,0,0488333339393342,50,1431643046816,0,742557323488677,0,668573370037748,0,613262591276243,0,0231500184792236,0,0,0,0,0,0,0,0,0,0,0,0,0,0,0,0,0,0,0,0,0,0,0,0,0,0,0,0,0,0,1,08210850967572E-15,1,22706620798758E-15,0,0,0,0,0,0,0,0,0,0,0,0,0,0,0,0,0,0,0,0,0,0,0,0,0,0,0,0,1,68201213072236,1,5655846190193,0,0,15,5607450293473,14,7394047829214,1,02701612901995E-17,9,54893185722783E-18,15,9778674080823,15,1809702651936,15,9835182118472,15,0850307149819,0,0,0,0,47,5221306492768,45,005405763097,0,0,0,0,0,0,0,0,0,0,0,0,0,0,0,0,0,0,37,4486631164755,40,6271279466939,0,0,0,0,0,0,0,0,0,0,0,0,0,0,408,15,0,474018486634203,12,6241012318266,88,0059909920146,0,0,0,0,0,0,0,0,0,0,0,0,0,4,22706725833737E-10,0,0,0,0,3,14667556145396E-09,0,0,0,0,0,47099,3751925321,43244,4068152433,0,
140-150C*,0,0122154869368536,423,149994,119,515010761291,811,071569106733,0,103901980141351,246,917007737655,19,5048126622675,22,3550110621624,0,039995981307618,5,16354922165964,5,18315184603562,233,066380914945,0,0,25,7813095821774,309,341702896494,235,066380914945,53,1715197522971,61,9286109522971,40,3099344956192,40,6784878221813,0,388706134779123,9,84950329826295,0,0,40,1852528421133,36,9665011156563,216,489024427384,1,45205720672363,5,75280214706209,56,4975314872671,65,2546226872671,22,4350511164642,0,0540422495165784,0,000469760409111391,1,40703648227955E-12,1,42597351899186,1,70166904065727,0,0518274844261059,50,2424210160179,0,810648331793892,0,72373213848159,0,660001837514491,0,0245694308663535,0,0,0,0,0,0,0,0,0,0,0,0,0,0,0,0,0,0,0,0,0,0,0,0,0,0,0,0,0,0,74,6111964556854,77,9505320724406,0,0,0,0,0,0,0,0,0,0,1,49501217119954,1,57032922914969,0,0,0,0,0,0,0,0,0,0,0,0,0,0,0,0,1,68201213072236,1,44242898778624,0,0,0,572176599365988,0,499341368457163,21,631918662102,18,5306420461475,0,00764773598667082,0,00669470584144268,2,17533348640955E-13,1,89154884080432E-13,0,0,0,0,22,2117429974549,19,0366781204463,3,62449378703183E-05,3,15901771185597E-05,0,0,0,0,0,0,0,0,0,0,0,0,0,0,0,0,35,4714889444568,38,6149236129636,1,49501217119954,1,57032922914969,0,0,0,0,0,0,0,0,0,0,0,0,418,15,0,496391827563871,12,7178902322698,89,1031183312134,0,0,0,0,0,0,0,0,0,0,0,0,0,4,65404374907852E-10,0,0,0,0,3,46452157776244E-09,0,0,0,0,0,47088,4083616034,43235,9168519121,0,
150-160C*,0,0171638843095292,433,149994,125,765772285864,811,743161409292,0,116399097987684,250,054932356989,18,5403082718131,21,0784940229514,0,042306608347058,7,78370130362301,5,21833893417245,234,242899087198,0,0,29,2939931768565,316,166544788216,236,242899087198,52,7233551476924,61,4804463476924,41,7670054612825,42,4371668622115,0,411162263521382,12,9183790390327,0,0,39,6926862669044,36,4843391148371,218,940486979126,1,45248602324761,5,51310065825743,55,9737570793713,64,7308482793713,22,4742139389326,0,0688488811829439,0,000436968615251726,1,53612239808501E-12,0,928922263560238,1,79997697982944,0,0548216349128776,50,3419707036499,0,888621786361284,0,78636601246649,0,712754570930348,0,0259888432534834,0,0,0,0,0,0,0,0,0,0,0,0,0,0,0,0,0,0,0,0,0,0,0,0,0,0,0,0,0,0,0,0,0,0,0,0,0,0,0,0,0,0,17,013168158097,19,0026220342067,0,0,0,0,0,0,0,0,0,0,0,0,0,0,0,0,1,68201213072236,1,5338284577406,0,0,0,0,0,0,0,0,0,0,0,0,0,0,0,0,30,9629922263001,28,6965689688023,0,0,0,0,0,0,0,0,0,0,50,3418274848805,50,7669805392504,0,0,0,0,19,4711709567401,20,6900642326977,17,013168158097,19,0026220342067,0,0,0,0,0,0,0,0,0,0,0,0,428,15,0,521212324994726,12,8069426643612,90,1756658830177,0,0,0,0,0,0,0,0,0,0,0,0,0,5,08102023981966E-10,0,0,0,0,3,78236759407092E-09,0,0,0,0,0,47077,4099408965,43227,3959777887,0,
160-170C*,0,0141282280513805,443,149994,132,303662719702,812,41475371185,0,129330748546493,253,192910007311,17,6213139440574,19,8019769837404,0,044617235386498,10,4038533855864,5,25352602230928,235,419417259451,0,0,32,6672584551655,322,981453432259,237,419417259451,52,1245998220222,60,8816910220222,43,5188895817255,44,6418755832051,0,433618392263641,15,9872547798024,0,0,38,8597964742171,35,5561474330545,221,391949530868,1,45289200697265,5,27865426312549,55,2685480677822,64,0256392677822,22,5135041901052,0,0836555128493093,0,000404176821392062,1,66520831389048E-12,0,599691777132532,1,89828491900161,0,0578157853996493,50,4418122504805,0,978253429792153,0,857722078542401,0,772463498598486,0,0274082556406133,0,0,0,0,0,0,0,0,0,0,0,0,0,0,0,0,0,0,0,0,0,0,0,0,0,0,0,0,0,0,0,0,0,000120538707978511,0,000130914000566974,0,0,0,0,0,0,0,0,0,0,2,01007276846704E-05,2,19194895137321E-05,0,0,0,0,0,0,0,0,0,0,0,0,0,0,1,68201213072236,1,52343627014088,0,0,0,0,0,0,0,0,0,0,0,0,0,0,0,0,0,0,0,0,0,0,0,0,0,0,0,0,98,3178459847605,98,476410896369,0,0,0,0,35,5561273323268,38,8597745547276,2,01007276846704E-05,2,19194895137321E-05,0,0,0,0,0,0,0,0,0,0,0,0,438,15,0,548816245872,12,8914580807366,91,2246057732213,0,0,0,0,0,0,0,0,0,0,0,0,0,5,50799673056081E-10,0,0,0,0,4,1002136103794E-09,0,0,0,0,0,47066,3802056483,43218,8444609009,0,
170-180C*,0,0123425918965781,453,149994,139,144483943432,813,086346014409,0,142696931817776,256,330940557215,16,5146633672633,18,5254599445294,0,046927862425938,13,0240054675498,5,28871311044612,240,477872366872,0,0,35,9095814199178,329,786986146791,242,477872366872,51,5258444963521,60,2829356963521,44,9610789213358,46,0457980519354,0,4560745210059,19,0561305205721,0,0,38,5242577114009,35,4287420035352,231,932044497499,1,45327582209019,5,04950611959061,54,5633390561931,63,3204302561931,22,5529215542216,0,0984621445156747,0,000371385027532397,4,9378253501921E-11,0,383559308039418,1,99659285817378,0,060809935886421,50,5419445420918,1,08171939122428,0,939308333134702,0,84025605525647,0,0288276680277432,0,0,0,0,0,0,0,0,0,0,0,0,0,0,0,0,0,0,0,0,0,0,0,0,0,0,0,0,0,0,0,0,83,9844618002849,84,2946815992017,0,0,0,0,0,0,0,0,0,0,12,6604884877299,12,7588281195232,0,0,0,0,0,0,0,0,0,0,0,0,0,0,1,68201213072236,1,40788103814596,0,0,0,0,0,0,0,0,0,0,0,0,0,0,0,0,0,0,6,23586321045737E-10,5,32009640448621E-10,0,0,0,0,0,0,0,0,0,0,1,67303758063921,1,53860924259715,0,0,22,7682535158053,25,7654295918777,12,6604884877299,12,7588281195232,0,0,0,0,0,0,0,0,0,0,0,0,448,15,0,579597532588229,12,9716273300052,92,2508718498663,0,0,0,0,0,0,0,0,0,0,0,0,0,1,63328069275585E-08,0,0,0,0,1,21583218974162E-07,0,0,0,0,0,47055,3194292934,43210,2625674954,0,
180-190C*,0,013289809062592,463,149994,146,304613018598,813,757938316968,0,156497647801535,259,469023875725,15,6204053554165,17,2489429053184,0,049238489465378,15,6441575495131,5,38116200920553,241,941660661549,0,0,39,0288692547782,336,583641658298,243,941660661549,50,927089170682,59,684180370682,47,0852246418271,48,7632204696731,0,478530649748159,22,1250062613418,0,0,37,2943700027564,33,9878366250084,234,982079994365,1,45363809073143,4,82569666684509,53,858130044604,62,615221244604,22,5924657165641,0,11326877618204,0,000338593233672732,1,12117812144338E-10,0,242975333809528,2,09490079734595,0,0638040863731927,50,6423664667384,1,20170597068498,1,03296028192184,0,917488617738147,0,0302470804148731,0,0,0,0,0,0,0,0,0,0,0,0,0,0,0,0,0,0,0,0,0,0,0,0,0,0,0,0,0,0,0,0,0,0,0,0,0,0,0,0,0,0,0,0,0,0,0,0,0,0,0,0,0,0,0,0,0,0,0,0,0,13,0,121232253356491,0,0,0,0,0,0,0,0,0,0,0,0,0,0,0,0,0,0,33,0588460370266,31,4230691505205,0,0,0,0,0,0,0,0,0,0,66,8111439815807,68,4556877012628,9,9813927249221E-06,1,08948602821036E-05,33,9878366250084,37,2943700027564,0,0,0,0,0,0,0,0,0,0,0,0,0,0,458,15,0,614019951561928,13,0476330157226,93,2553617298078,0,0,0,0,0,0,0,0,0,0,0,0,0,3,70851224785118E-08,0,0,0,0,2,76065748342409E-07,0,0,0,0,0,47044,2278834762,43201,6505620501,0,
190-200C*,0,0137347583800086,473,149994,153,800847672363,814,429530619527,0,170732896497769,262,607159832302,14,72401701977,15,9724258661075,0,051549116504818,18,2643096314765,5,3980230771307,243,239643752108,0,0,42,0324651562807,343,371868852483,245,239643752108,50,3283338450118,59,0854250450119,49,4587513857186,51,7540814072725,0,500986778490418,25,1938820021115,0,0,35,8172315945115,32,27349272662,237,686634003256,1,4539793965851,4,60726345815307,53,1529210330149,61,9100122330149,22,6321363634526,0,121614974128768,0,000305801439813067,1,74857370786755E-10,0,152398580138068,2,19320873651812,0,0667982368599644,50,7430769153401,1,34155481508228,1,14092758626634,1,00580320992849,0,031666492802003,0,0,0,0,0,0,0,0,0,0,0,0,0,0,0,0,0,0,0,0,0,0,0,0,0,0,0,0,0,0,0,0,0,0,43,0129783192235,43,2975607062401,0,0,0,0,0,0,0,0,0,0,4,77921981324705,4,81901086132605,0,0,0,0,0,0,0,0,0,0,0,0,0,0,0,0,0,0,0,0,0,0,0,0,0,0,0,0,0,0,0,0,0,0,0,0,0,0,0,0,0,0,0,0,0,0,52,2078018675295,51,8834284324338,27,494272913373,30,9982207331854,4,77921981324705,4,81901086132605,0,0,0,0,0,0,0,0,0,0,0,0,468,15,0,652632314186339,13,1166428822564,94,2173390045162,0,0,0,0,0,0,0,0,0,0,0,0,0,5,78374380294652E-08,0,0,0,0,4,30548277710656E-07,0,0,0,0,0,47033,105838063,43193,0087072861,0,
200-210C*,0,0145948352239866,483,149994,160,634514778048,820,725349069767,0,165453513214142,265,480987311162,15,4147459709647,16,715637971441,0,053859743544258,20,8844617134399,5,41544520833916,244,371821638549,0,0,42,8045489803999,350,152073867354,246,371821638549,49,6170939963881,58,3741851963881,51,0968523874501,52,931273805969,0,523442907232677,28,2627577428813,0,0,33,4884016415852,30,35308822259,240,045706524172,1,45755771523177,4,39424098978377,52,4477120214258,61,2048032214258,22,0366974689012,0,183123045142936,0,000282123677098907,2,37596929429172E-10,0,0946120787502722,2,2915166756903,0,0697923873467361,49,2280159164305,1,50545661371244,1,26598771268117,1,10720076522297,0,123988629250991,0,0,0,0,0,0,0,0,0,0,0,0,0,0,0,0,0,0,0,0,0,0,0,0,0,0,0,0,0,0,0,0,0,0,5,10642757398836E-14,5,91400694254165E-14,0,0,0,0,0,0,0,0,0,0,2,83690420777131E-15,3,29113964218757E-15,0,0,0,0,0,0,0,0,0,0,0,0,0,0,0,0,0,0,0,0,0,0,0,0,0,0,0,0,0,0,0,0,0,0,88,402946814188,88,381346877726,0,0,0,0,0,0,0,0,0,0,0,0,30,35308822259,33,4884016415852,0,0,0,0,0,0,0,0,0,0,0,0,0,0,478,15,0,696087681655826,12,9029021573433,93,1454414975923,0,0,0,0,0,0,0,0,0,0,0,0,0,7,85897535804185E-08,0,0,0,0,5,85030807078903E-07,0,0,0,0,0,46927,4082533271,43110,5918987806,0,
210-220C*,0,0156416735912826,493,149994,167,364770692041,828,738656232452,0,153446061566723,268,280528207012,16,6452624778982,18,1456068441297,0,0561703705836981,23,5046137954033,5,43665968793403,245,338194320872,0,0,42,8465894810917,356,924625903101,247,338194320872,48,8715043735154,57,6285955735154,52,5294347257861,53,5966538801038,0,545899035974936,31,331633483651,0,0,30,8253027963157,28,2577392757665,242,059297557113,1,46211979395546,4,18666052635124,51,7425030098367,60,4995942098367,21,2627545850764,0,251853597800135,0,000297719225273181,3,00336488071589E-10,0,0581180077396885,2,38982461486247,0,0727865378335078,47,2477393280248,1,69871196512228,1,41159628296419,1,22413651703321,0,216310765699979,0,0,0,0,0,0,0,0,0,0,0,0,0,0,0,0,0,0,0,0,0,0,0,0,0,0,0,0,0,0,0,0,0,0,0,0,0,0,0,0,0,0,0,0,0,0,0,0,0,0,0,0,0,0,0,0,0,0,0,0,0,0,0,0,0,0,0,0,0,0,0,0,0,0,0,0,0,0,0,0,0,0,0,0,0,0,0,0,0,0,0,0,0,0,0,0,28,2577392757665,30,8253027963157,0,0,0,0,0,0,0,0,0,0,0,0,0,0,488,15,0,745167776609095,12,6018539187241,91,4270494185741,0,0,0,0,0,0,0,0,0,0,0,0,0,9,93420691313719E-08,0,0,0,0,7,39513336447151E-07,0,0,0,0,0,46789,3678033191,43002,2558533371,0,
220-230C*,0,0177165617089631,503,149994,174,31819508405,836,53008523789,0,141438609919304,271,097132001287,17,8685405508091,19,5755757168184,0,0584809976231381,26,1247658773667,5,46489780101841,246,138761799077,0,0,42,8986980693617,363,689862026194,248,138761799077,48,1303523137877,56,8874435137877,54,053544177941,54,4058622341837,0,568355164717195,34,4005092244207,0,0,28,0779152712499,26,0185620489979,243,72740710208,1,46653862593122,3,98454992288707,51,0372939982476,59,7943851982476,20,5298123142043,0,320584150457334,0,000334430989706763,3,63076046714007E-10,0,0353116644106493,2,48813255403464,0,0757806883202795,45,3608840394135,1,92808619933912,1,58208777826091,1,3596452155865,0,308632902148967,0,0,0,0,0,0,0,0,0,0,0,0,0,0,0,0,0,0,0,0,0,0,0,0,0,0,0,0,0,0,0,0,0,0,0,0,0,0,0,0,0,0,0,0,0,0,0,0,0,0,0,0,0,0,0,0,0,0,0,0,0,0,0,0,0,0,0,0,0,0,0,0,0,0,0,0,0,0,0,0,0,0,0,0,0,0,0,0,0,0,0,0,0,0,0,0,26,0185620489979,28,0779152712499,0,0,0,0,0,0,0,0,0,0,0,0,0,0,498,15,0,800814256872156,12,3077098592594,89,7394853815399,0,0,0,0,0,0,0,0,0,0,0,0,0,1,20094384682325E-07,0,0,0,0,8,93995865815398E-07,0,0,0,0,0,46651,7421122112,42893,5799894522,0,
230-240C*,0,0219750848885733,513,150024,181,505932459706,844,09963608608,0,129431158271886,273,930047519892,18,6649723664638,20,0890560832834,0,0607916246625781,28,74491795933,5,55957282136105,247,050035159071,0,0,42,9650798422112,370,448091176164,249,050035159071,47,393637817205,56,150729017205,55,4856342010282,56,2442712115843,0,590811293459454,37,4693849651904,0,0,25,849393432508,23,6666727051322,245,050035159071,1,47080892284767,3,78793344402562,50,3320849866585,59,0891761866585,19,836065652373,0,349643857730176,0,000371142754140344,4,25815605356424E-10,0,021213230353765,2,58644049320681,0,0787748388070512,43,5646387421116,2,20229704987644,1,78294601850122,1,51750690944816,0,400955038597955,0,0,0,0,0,0,0,0,0,0,0,0,0,0,0,0,0,0,0,0,0,0,0,0,0,0,0,0,0,0,0,0,0,0,0,0,0,0,0,0,0,0,0,0,0,0,0,0,0,0,0,0,0,0,0,0,0,0,0,0,0,0,0,0,0,0,0,0,0,0,0,0,0,0,0,0,0,0,0,0,0,0,0,0,0,0,0,0,0,0,0,0,0,0,0,0,23,6666727051322,25,849393432508,0,0,0,0,0,0,0,0,0,0,0,0,0,0,508,15,0,864169112662181,12,030543307699,88,1571674606403,0,0,0,0,0,0,0,0,0,0,0,0,0,1,40846700233279E-07,0,0,0,0,1,04847839518365E-06,0,0,0,0,0,46515,1533755026,42785,1710011658,0,
240-250C*,0,0231677526859867,523,150024,188,947701032361,851,435981272624,0,230214914256681,276,779067521066,22,1780631346403,24,0733435014789,0,0631022517020181,31,3650700412934,5,68514924111482,248,027181728088,0,0,43,0531098413942,377,199597533784,250,027181728088,46,6615874338551,55,4186786338552,54,9519119055908,54,6934690915033,0,613267422201713,40,5382607059601,0,0,22,8700249597689,21,2331874070178,246,027181728088,1,47491886986729,3,59683158073947,49,6268759750694,58,3839671750694,19,181016616242,0,545557558280022,0,000407854518573926,4,88555163998841E-10,0,0125952540633132,2,68474843237898,0,0817689892938229,41,8594004545735,2,53269232360331,2,02117234434122,1,70246841834585,0,493277175046943,0,0,0,0,0,0,0,0,0,0,0,0,0,0,0,0,0,0,0,0,0,0,0,0,0,0,0,0,0,0,0,0,0,0,0,0,0,0,0,0,0,0,0,0,0,0,0,0,0,0,0,0,0,0,0,0,0,0,0,0,0,0,0,0,0,0,0,0,0,0,0,0,0,0,0,0,0,0,0,0,0,0,0,0,0,0,0,0,0,0,0,0,0,0,0,0,21,2331874070178,22,8700249597689,0,0,0,0,0,0,0,0,0,0,0,0,0,0,518,15,0,936627307016789,11,753861539045,87,1278960604945,0,0,0,0,0,0,0,0,0,0,0,0,0,1,61599015784232E-07,0,0,0,0,1,20296092455189E-06,0,0,0,0,0,46262,6575169752,42569,4251356403,0,
250-260C*,0,0207108326942135,533,150024,196,655162280825,858,538523088115,0,507875995118045,279,643543093491,26,3427457182781,29,1074679541838,0,0654128787414581,33,9852221232568,5,81846344757,248,767523488962,0,0,43,1656338729983,383,944643372887,250,767523488962,45,9342131179264,54,6913043179264,53,923839351795,52,1433097283134,0,635723550943972,43,6071364467298,0,0,19,733414929927,18,7492223175028,246,658846809129,1,4788633290093,3,41126086512508,48,9216669634803,57,6787581634803,18,5631059301722,0,806987893779363,0,000444566283007507,5,51294722641258E-10,0,00738824050957575,2,78305637155115,0,0847631397805946,40,2426611654303,2,93420258060543,2,30579211885953,1,92054202516222,0,585599311495932,0,0,0,0,0,0,0,0,0,0,0,0,0,0,0,0,0,0,0,0,0,0,0,0,0,0,0,0,0,0,0,0,0,0,0,0,0,0,0,0,0,0,0,0,0,0,0,0,0,0,0,0,0,0,0,0,0,0,0,0,0,0,0,0,0,0,0,0,0,0,0,0,0,0,0,0,0,0,0,0,0,0,0,0,0,0,0,0,0,0,0,0,0,0,0,0,18,7492223175028,19,733414929927,0,0,0,0,0,0,0,0,0,0,0,0,0,0,528,15,1,01990600825183,11,4873253913388,87,2669774184364,0,0,0,0,0,0,0,0,0,0,0,0,0,1,82351331335185E-07,0,0,0,0,1,35744345392014E-06,0,0,0,0,0,46027,0691452047,42368,5019097195,0,
260-270C*,0,0202892989179128,543,150024,204,622054005979,865,423777668025,0,701048958626496,282,52215264053,30,2363578290161,33,9454448227223,0,0677235057808981,36,6053742052202,5,95802064532423,250,736815521618,0,0,43,2992576773432,377,071287725423,252,736815521618,45,2111845467092,53,9682757467092,53,0207690318272,49,8086615778423,0,658179679686231,45,5709862304587,0,0,16,7428731391567,16,2458935994354,246,945030402196,1,48264801688358,3,2312336838066,48,2164579518912,56,9735491518912,17,9791579161048,1,05817527204306,0,000481278047441089,6,14034281283675E-10,0,00427979722025108,2,88136431072332,0,0877572902673664,38,707484928088,3,42669694010864,2,64855933370908,2,17941235731418,0,67792144794492,0,0,0,0,0,0,0,0,0,0,0,0,0,0,0,0,0,0,0,0,0,0,0,0,0,0,0,0,0,0,0,0,0,0,0,0,0,0,0,0,0,0,0,0,0,0,0,0,0,0,0,0,0,0,0,0,0,0,0,0,0,0,0,0,0,0,0,0,0,0,0,0,0,0,0,0,0,0,0,0,0,0,0,0,0,0,0,0,0,0,0,0,0,0,0,0,16,2458935994354,16,7428731391567,0,0,0,0,0,0,0,0,0,0,0,0,0,0,538,15,1,11613654324376,11,2309713317773,87,3921300415158,0,0,0,0,0,0,0,0,0,0,0,0,0,2,03103646886139E-07,0,0,0,0,1,51192598328839E-06,0,0,0,0,0,45800,6584249135,42175,3607943108,0,
270-280C*,0,0211432180765088,553,150024,212,847060285207,872,097015982275,0,801346659442969,285,414125664005,32,7453028679797,36,666341817926,0,0700341328203381,48,73113211613,6,10232603897513,252,645267403216,0,0,43,4542555118077,381,92947140677,256,574713710517,44,4923963008053,53,2494875008053,53,1126739247496,49,5793407664101,0,68063580842849,51,4132944756071,0,0,14,1420232072707,13,7543174156639,247,040547898998,1,48627233235928,3,05675809059807,47,5112489403021,56,2683401403021,17,4273211360936,1,19691756291724,0,00051798981187467,6,76773839926092E-10,0,00244713928527653,2,9796722498955,0,0907514407541381,37,2502094699081,4,03693774699011,3,06494843215339,2,48899651925029,0,770243584393908,0,0,0,0,0,0,0,0,0,0,0,0,0,0,0,0,0,0,0,0,0,0,0,0,0,0,0,0,0,0,0,0,0,0,0,0,0,0,0,0,0,0,0,0,0,0,0,0,0,0,0,0,0,0,0,0,0,0,0,0,0,0,0,0,0,0,0,0,0,0,0,0,0,0,0,0,0,0,0,0,0,0,0,0,0,0,0,0,0,0,0,0,0,0,0,0,13,7543174156639,14,1420232072707,0,0,0,0,0,0,0,0,0,0,0,0,0,0,548,15,1,22798780972011,10,9852131881777,87,5040224369176,0,0,0,0,0,0,0,0,0,0,0,0,0,2,23855962437092E-07,0,0,0,0,1,66640851265663E-06,0,0,0,0,0,45630,3182572346,42033,2375592545,0,
280-290C*,0,0213126331435905,563,150024,221,324169106505,878,563509000784,0,860212528077082,288,318741638358,34,5166166643346,38,1522441793507,0,0723447598597781,57,1416565345541,6,24988483312032,254,493266212447,0,0,43,6306626322106,386,57928779754,270,454535599067,43,7777429608161,52,5348341608161,53,7635539909649,50,5421458916128,0,703091937170749,57,7188449843981,0,0,11,7198293447004,11,3056099290365,247,178720189694,1,48973608918579,2,88783761914226,46,806039928713,55,563131128713,16,9058642319139,1,27001518737268,0,000554701576308252,7,39513398568509E-10,0,00138052215698748,3,07798018906767,0,0937455912409098,35,8673397213788,4,80143748097809,3,57556794967283,2,86222382668348,0,862565720842896,0,0,0,0,0,0,0,0,0,0,0,0,0,0,0,0,0,0,0,0,0,0,0,0,0,0,0,0,0,0,0,0,0,0,0,0,0,0,0,0,0,0,0,0,0,0,0,0,0,0,0,0,0,0,0,0,0,0,0,0,0,0,0,0,0,0,0,0,0,0,0,0,0,0,0,0,0,0,0,0,0,0,0,0,0,0,0,0,0,0,0,0,0,0,0,0,11,3056099290365,11,7198293447004,0,0,0,0,0,0,0,0,0,0,0,0,0,0,558,15,1,35883376044531,10,749680570074,87,5982039571309,0,0,0,0,0,0,0,0,0,0,0,0,0,2,44608277988045E-07,0,0,0,0,1,82089104202488E-06,0,0,0,0,0,45494,0814162208,41921,9701164538,0,
290-300C*,0,0211796744716695,573,150024,230,041716682234,884,828527693474,0,945520368554583,291,235325645115,36,6296951165804,40,2148339495214,0,0746553868992181,63,7717339378352,6,39920223235743,256,281266128054,0,0,43,8283234545526,391,021760414127,284,193687312502,43,0671191073434,51,8242103073434,54,0921173751483,50,8542787480773,0,725548065913008,64,4158928665002,0,0,9,27818750827127,8,93088730240135,247,31689248039,1,49303950034143,2,724471096327,46,1008309171239,54,8579221171239,16,4131654350721,1,3744763526183,0,000591413340741833,8,02252957210927E-10,0,000768003459251162,3,17628812823984,0,0967397417276815,34,5555379983019,5,77069533924787,4,20820214402113,3,31613407202991,1,27334229601937,0,0,0,0,0,0,0,0,0,0,0,0,0,0,0,0,0,0,0,0,0,0,0,0,0,0,0,0,0,0,0,0,0,0,0,0,0,0,0,0,0,0,0,0,0,0,0,0,0,0,0,0,0,0,0,0,0,0,0,0,0,0,0,0,0,0,0,0,0,0,0,0,0,0,0,0,0,0,0,0,0,0,0,0,0,0,0,0,0,0,0,0,0,0,0,0,8,93088730240135,9,27818750827127,0,0,0,0,0,0,0,0,0,0,0,0,0,0,568,15,1,51298340470989,10,5247802862916,87,6773224292611,0,0,0,0,0,0,0,0,0,0,0,0,0,2,65360593538999E-07,0,0,0,0,1,97537357139313E-06,0,0,0,0,0,45347,2506272331,41800,4119408392,0,
300-310C*,0,0209788206396825,583,150024,238,826617959224,891,098303740157,1,00741462745441,294,155284648527,37,8380991220308,40,7321505234428,0,0769660139386582,119,484769926844,6,5487834412841,258,00178475011,0,0,43,9829750667625,395,258380814762,297,335933415298,42,3564001067908,51,1134913067908,55,1352924530894,52,6065837779505,0,748004194655267,124,431499464832,0,0,7,0266084248798,6,6612656986067,249,05894759958,1,49630849601929,2,5666524573687,45,3956219055348,54,1527131055348,15,9285764521737,1,42102655242397,0,000628125105175415,2,21250111848105E-09,0,000421107916783318,3,27459606741201,0,0997338922144532,33,2604032475462,6,92319832320638,4,94571903551478,3,83793468421998,1,80526613866143,0,0,0,0,0,0,0,0,0,0,0,0,0,0,0,0,0,0,0,0,0,0,0,0,0,0,0,0,0,0,0,0,0,0,0,0,0,0,0,0,0,0,0,0,0,0,0,0,0,0,0,0,0,0,0,0,0,0,0,0,0,0,0,0,0,0,0,0,0,0,0,0,0,0,0,0,0,0,0,0,0,0,0,0,0,0,0,0,0,0,0,0,0,0,0,0,6,6612656986067,7,0266084248798,0,0,0,0,0,0,0,0,0,0,0,0,0,0,578,15,1,68911809783456,10,3044038889889,87,7829880373773,0,0,0,0,0,0,0,0,0,0,0,0,0,7,31827293036039E-07,0,0,0,0,5,44780321074729E-06,0,0,0,0,0,45227,4229047936,41703,6815780378,0,
310-320C*,0,0206651470325393,593,150024,247,538149285806,897,53739247795,1,14333380696466,297,072127515638,38,9951612714202,41,1933940259621,0,0792766409780982,154,253067640371,6,69713366449794,259,648663151074,0,0,44,0466502491476,399,291076094282,309,805461501092,41,642294852416,50,399386052416,56,1584203662592,54,2787446935371,0,770460323397526,270,024203922836,0,0,4,84641836232056,4,52786128050077,253,390637490611,1,49964494973627,2,41437056354536,44,6904128939457,53,4475040939457,15,4364996735212,1,51005351619453,0,000664836869608996,4,44864164910366E-09,0,000227456403777024,3,37290400658418,0,102728042701225,31,9402580870509,8,2157667031517,5,76035981207907,4,41002715914648,2,34419267574308,0,0,0,0,0,0,0,0,0,0,0,0,0,0,0,0,0,0,0,0,0,0,0,0,0,0,0,0,0,0,0,0,0,0,0,0,0,0,0,0,0,0,0,0,0,0,0,0,0,0,0,0,0,0,0,0,0,0,0,0,0,0,0,0,0,0,0,0,0,0,0,0,0,0,0,0,0,0,0,0,0,0,0,0,0,0,0,0,0,0,0,0,0,0,0,0,4,52786128050077,4,84641836232056,0,0,0,0,0,0,0,0,0,0,0,0,0,0,588,15,1,88276067918902,10,0780460537127,87,9001399412815,0,0,0,0,0,0,0,0,0,0,0,0,0,1,47147377624198E-06,0,0,0,0,1,09538133368671E-05,0,0,0,0,0,45086,185443416,41587,5128482061,0,
320-330C*,0,0194543863624794,603,150024,256,349012930043,903,808709960355,1,27925298647491,299,99903385125,40,1180582297214,41,6546375284815,0,0815872680175382,192,335473824059,6,8425128042961,261,235959017057,0,0,44,1291035629601,403,122175907082,321,922024857639,40,9315450231489,49,6886362231489,57,1093395654983,55,788851519167,0,792916452139785,415,61690838084,0,0,2,77260220478035,2,55651095235151,257,722327381641,1,50283693379773,2,26760902366051,43,9852038823566,52,7422950823566,14,9686045061437,1,60274678035187,0,000701548634042578,6,68478217972626E-09,0,000120956611860094,3,47121194575635,0,105722193187997,30,6803161020284,9,85271535363145,6,76920628706853,5,10715407267391,2,8743042346559,0,0,0,0,0,0,0,0,0,0,0,0,0,0,0,0,0,0,0,0,0,0,0,0,0,0,0,0,0,0,0,0,0,0,0,0,0,0,0,0,0,0,0,0,0,0,0,0,0,0,0,0,0,0,0,0,0,0,0,0,0,0,0,0,0,0,0,0,0,0,0,0,0,0,0,0,0,0,0,0,0,0,0,0,0,0,0,0,0,0,0,0,0,0,0,0,2,55651095235151,2,77260220478035,0,0,0,0,0,0,0,0,0,0,0,0,0,0,598,15,2,10750011141737,9,86207373591809,88,0095208214893,0,0,0,0,0,0,0,0,0,0,0,0,0,2,21112025944792E-06,0,0,0,0,1,64598234629869E-05,0,0,0,0,0,44946,6065351328,41472,4383755453,0,
330-340C*,0,0194429906442456,613,150024,265,245618203397,909,873745811316,1,41517216598516,302,937123762332,41,6308959431498,42,1158810310008,0,0838978950569782,232,719715912806,6,96230682119069,264,054017272672,0,0,44,2429405052658,406,754379347841,333,324773521314,40,2249208265107,48,9820120265107,58,1368886848467,57,6746745077184,0,815372580882044,561,209612838844,0,0,0,232215372003461,0,209444461280801,262,054017272672,1,50585791235444,2,12634602042223,43,2799948707675,52,0370860707675,14,5275824665238,1,69764384444025,0,000738260398476159,8,92092271034887E-09,6,32888462072036E-05,3,56951988492853,0,108716343674768,29,488568857625,11,9524291428794,8,03249006754461,5,96510093596433,3,3797831427915,0,0,0,0,0,0,0,0,0,0,0,0,0,0,0,0,0,0,0,0,0,0,0,0,0,0,0,0,0,0,0,0,0,0,0,0,0,0,0,0,0,0,0,0,0,0,0,0,0,0,0,0,0,0,0,0,0,0,0,0,0,0,0,0,0,0,0,0,0,0,0,0,0,0,0,0,0,0,0,0,0,0,0,0,0,0,0,0,0,0,0,0,0,0,0,0,0,209444461280801,0,232215372003461,0,0,0,0,0,0,0,0,0,0,0,0,0,0,608,15,2,36965575715945,9,65841165797188,88,1092812899199,0,0,0,0,0,0,0,0,0,0,0,0,0,2,95076674265386E-06,0,0,0,0,2,19658335891067E-05,0,0,0,0,0,44809,9347120148,41359,5341050473,0,
340-350C*,0,0199029502710185,623,150024,274,209739339177,915,693989654778,1,55109134549542,305,887462432325,42,6895896409068,43,244900383306,0,0862085220964182,274,393521341507,7,07820133084089,268,385707163703,0,0584387766202289,0,44,4000607178318,410,190721987614,345,604471693313,39,5231924700225,48,2802836700225,57,3104103590932,56,755099616694,0,837828709624303,706,802317296848,0,0,0,0,266,385707163703,1,50868141746583,1,990554143029,42,5747858591784,51,3318770591784,14,1159930948275,1,79328220800391,0,000774972162909741,1,11570632409715E-08,3,25624266988254E-05,3,6678278241007,0,11171049416154,28,3727061073826,14,6831097823712,9,63345419989542,7,0323417168922,3,84481172754147,0,0,0,0,0,0,0,0,0,0,0,0,0,0,0,0,0,0,0,0,0,0,0,0,0,0,0,0,0,0,0,0,0,0,0,0,0,0,0,0,0,0,0,0,0,0,0,0,0,0,0,0,0,0,0,0,0,0,0,0,0,0,0,0,0,0,0,0,0,0,0,0,0,0,0,0,0,0,0,0,0,0,0,0,0,0,0,0,0,0,0,0,0,0,0,0,0,0,0,0,0,0,0,0,0,0,0,0,0,0,0,0,618,15,2,677122144668,9,46887086752028,88,1976848767987,0,0,109401374361296,0,0,0,0,0,0,0,0,0,0,0,3,6904132258598E-06,0,0,0,0,2,74718437152264E-05,0,0,0584387766202289,0,0,0,44677,389896401,41249,8503488082,0,
350-360C*,0,0213652510764881,633,150024,283,216570993293,921,230931114687,1,68701052500567,308,851069423154,43,0813135160937,43,5132332608536,0,0885191491358582,316,344617545062,7,1901963332467,272,717397054734,0,0662449550086604,0,44,6117833053035,413,434543330691,357,323336782658,38,8271301612054,47,5842213612054,56,9186864839063,56,4867667391464,0,860284838366562,852,395021754852,0,0,0,0,270,717397054734,1,51128123346423,1,86020022736592,41,8695768475893,50,6266680475893,13,7362863068298,1,88819937058711,0,000811683927343322,1,33932037715941E-08,1,64630325732032E-05,3,76613576327287,0,114704644648312,27,3401556576177,18,2876222624329,11,6888144870738,8,37541265498365,4,25357231629741,0,0,0,0,0,0,0,0,0,0,0,0,0,0,0,0,0,0,0,0,0,0,0,0,0,0,0,0,0,0,0,0,0,0,0,0,0,0,0,0,0,0,0,0,0,0,0,0,0,0,0,0,0,0,0,0,0,0,0,0,0,0,0,0,0,0,0,0,0,0,0,0,0,0,0,0,0,0,0,0,0,0,0,0,0,0,0,0,0,0,0,0,0,0,0,0,0,0,0,0,0,0,0,0,0,0,0,0,0,0,0,0,628,15,3,03983208322546,9,29515137132523,88,2731052168257,0,0,116343568983199,0,0,0,0,0,0,0,0,0,0,0,4,43005970906574E-06,0,0,0,0,3,29778538413462E-05,0,0,0662449550086604,0,0,0,44550,1650926152,41144,4131710383,0,
360-370C*,0,021751485092007,643,150024,292,233055911337,926,446059814987,1,82292970451592,311,828928308121,43,4310325351914,43,7293629707003,0,0908297761752982,357,560731958367,7,29829182840814,277,049086945765,0,0740947370907857,0,44,8889748323275,416,489454925612,368,416531518266,38,1375041075805,46,8945953075805,56,5689674648086,56,2706370292997,0,882740967108821,997,987726212856,0,0,0,0,275,049086945765,1,51363160068815,1,73524520532905,41,1643678360002,49,9214590360002,13,3908255408596,1,98093283173411,0,000848395691776904,1,56293443022167E-08,8,17339486242815E-06,3,86444370244504,0,117698795135083,26,3981262823228,23,1227278377287,14,3647559704435,10,08694177947,4,5555482012322,0,0,0,0,0,0,0,0,0,0,0,0,0,0,0,0,0,0,0,0,0,0,0,0,0,0,0,0,0,0,0,0,0,0,0,0,0,0,0,0,0,0,0,0,0,0,0,0,0,0,0,0,0,0,0,0,0,0,0,0,0,0,0,0,0,0,0,0,0,0,0,0,0,0,0,0,0,0,0,0,0,0,0,0,0,0,0,0,0,0,0,0,0,0,0,0,0,0,0,0,0,0,0,0,0,0,0,0,0,0,0,0,638,15,3,47037622055045,9,13884920331643,88,3340187722212,0,0,123153688332362,0,0,0,0,0,0,0,0,0,0,0,5,16970619227168E-06,0,0,0,0,3,8483863967466E-05,0,0,0740947370907857,0,0,0,44429,4288372694,41044,2264917489,0,
370-380C*,0,0192147184849881,653,150024,301,215797360371,931,300865379624,1,95884888402617,314,821996619646,43,7806006558302,43,9681288269544,0,0931404032147382,397,029592016319,7,40248781632518,281,380776836795,0,0818933565881733,0,45,2421797874963,419,359309332442,378,882479840441,37,4550845166688,46,2121757166688,56,2193993441698,56,0318711730456,0,90519709585108,1143,58043067086,0,0,0,0,279,380776836795,1,50901656768789,1,61564396491305,40,4591588244111,49,2162500244111,13,0819116613535,2,07002009098916,0,000885107456210485,1,78654848328393E-08,3,98175321496617E-06,3,96275164161721,0,120692945621855,25,5536534967719,29,722236048455,17,9018214667202,12,297841200293,4,72044482446324,0,0,0,0,0,0,0,0,0,0,0,0,0,0,0,0,0,0,0,0,0,0,0,0,0,0,0,0,0,0,0,0,0,0,0,0,0,0,0,0,0,0,0,0,0,0,0,0,0,0,0,0,0,0,0,0,0,0,0,0,0,0,0,0,0,0,0,0,0,0,0,0,0,0,0,0,0,0,0,0,0,0,0,0,0,0,0,0,0,0,0,0,0,0,0,0,0,0,0,0,0,0,0,0,0,0,0,0,0,0,0,0,648,15,3,98483872657296,9,00146734629745,88,3789936790226,0,0,129779694750123,0,0,0,0,0,0,0,0,0,0,0,5,90935267547762E-06,0,0,0,0,4,39898740935858E-05,0,0,0818933565881733,0,0,0,44316,3283402946,40950,2748395176,0,
380-390C*,0,0177913668421306,663,150024,310,10893219512,935,756837432541,2,09476806353642,317,831216121904,44,2785959860567,44,4976152958343,0,0954510302541783,433,738925153815,7,50278429699785,285,712466727826,0,0895460472223919,0,45,6817536557051,422,048170118079,388,732393637374,36,7806415959915,45,5377327959915,55,7214040139433,55,5023847041657,0,927653224593339,1509,72643981831,0,0,0,0,283,712466727826,1,51213868199572,1,50134522281533,39,753949812822,48,511041012822,12,8118076430727,2,1539986478965,0,000921819220644067,2,01016253634619E-08,1,90189923734545E-06,4,06105958078938,0,123687096108627,24,8136480811417,38,9007606046567,22,6543566745017,15,1961399229919,4,85705438683116,0,0,0,0,0,0,0,0,0,0,0,0,0,0,0,0,0,0,0,0,0,0,0,0,0,0,0,0,0,0,0,0,0,0,0,0,0,0,0,0,0,0,0,0,0,0,0,0,0,0,0,0,0,0,0,0,0,0,0,0,0,0,0,0,0,0,0,0,0,0,0,0,0,0,0,0,0,0,0,0,0,0,0,0,0,0,0,0,0,0,0,0,0,0,0,0,0,0,0,0,0,0,0,0,0,0,0,0,0,0,0,0,658,15,4,60393418204995,8,88442974938418,88,4066754772078,0,0,136168082585541,0,0,0,0,0,0,0,0,0,0,0,6,64899915868356E-06,0,0,0,0,4,94958842197056E-05,0,0,0895460472223919,0,0,0,44211,993252891,40863,5266874225,0,
390-400C*,0,0164722350522555,673,150024,319,496352427298,939,775465597685,2,12759965511578,320,857523444221,44,7696692578362,45,0431489943666,0,0977616572936183,466,676458805755,7,59918127042613,290,044156618857,0,0969580427150102,0,46,2179990768611,424,56028302246,398,584946126225,36,1149455530696,44,8720367530696,55,2303307421638,54,9568510056334,0,950109353335598,1601,74938072231,0,0,0,0,288,044156618857,1,51503388253045,1,39229141142832,39,0487408012329,47,8058320012329,12,5827641221896,2,2314060020004,0,000958530985077648,2,23377658940845E-08,8,89990331363295E-07,4,15936751996156,0,126681246595399,24,1849473329401,51,9279452194594,29,1542670275456,19,0566089946395,4,9783288392806,0,0,0,0,0,0,0,0,0,0,0,0,0,0,0,0,0,0,0,0,0,0,0,0,0,0,0,0,0,0,0,0,0,0,0,0,0,0,0,0,0,0,0,0,0,0,0,0,0,0,0,0,0,0,0,0,0,0,0,0,0,0,0,0,0,0,0,0,0,0,0,0,0,0,0,0,0,0,0,0,0,0,0,0,0,0,0,0,0,0,0,0,0,0,0,0,0,0,0,0,0,0,0,0,0,0,0,0,0,0,0,0,668,15,5,35456807724652,8,78909753027639,88,4157706347717,0,0,14226392547445,0,0,0,0,0,0,0,0,0,0,0,7,3886456418895E-06,0,0,0,0,5,50018943458254E-05,0,0,0969580427150102,0,0,0,44117,5400050539,40784,9383124107,0,
400-410C*,0,0151232871537135,683,150024,332,692395586909,943,318239499,2,30710231944604,323,901861137348,45,2532319955431,45,6047299225512,0,100072284333058,494,829920407033,7,69167873661002,294,375846509888,0,104034576787597,0,46,8613058937474,426,900048411183,411,539764782934,35,4587665954244,44,2158577954244,54,7467680044569,54,3952700774488,0,972565482077857,1676,74459836021,0,0,0,0,292,375846509888,1,51765892199551,1,28841858220791,38,3435317896438,47,1006229896438,12,3970459635356,2,3007796528451,0,00099524274951123,2,45739064247071E-08,4,07653247615336E-07,4,25767545913373,0,12967539708217,23,6743691186097,70,8279101495066,38,2162536996203,24,2882777456499,5,11734253666954,0,0,0,0,0,0,0,0,0,0,0,0,0,0,0,0,0,0,0,0,0,0,0,0,0,0,0,0,0,0,0,0,0,0,0,0,0,0,0,0,0,0,0,0,0,0,0,0,0,0,0,0,0,0,0,0,0,0,0,0,0,0,0,0,0,0,0,0,0,0,0,0,0,0,0,0,0,0,0,0,0,0,0,0,0,0,0,0,0,0,0,0,0,0,0,0,0,0,0,0,0,0,0,0,0,0,0,0,0,0,0,0,678,15,6,27199873042801,8,71678631041897,88,4050289135448,0,0,148010912160941,0,0,0,0,0,0,0,0,0,0,0,8,12829212509544E-06,0,0,0,0,6,05079044719452E-05,0,0,104034576787597,0,0,0,44034,0766632507,40715,4581259739,0,
410-420C*,0,0139473799749481,693,150024,346,204306417871,946,346648760432,2,49711707920512,326,965189242072,45,7287168084951,46,182358080388,0,210581382748106,517,187037392548,7,78027669554953,298,707536400919,0,11068088316172,0,47,6222962110495,429,07199510456,423,832513344493,34,8128749305768,43,5699661305768,54,2712831915049,53,817641919612,2,0465624962393,1734,71209273199,0,0,0,0,296,707536400919,1,51997112618433,1,18965632751904,37,6383227780547,46,3954139780547,12,2569600589234,2,36065709997486,0,00103195451394481,2,68100469553297E-08,1,82602213192908E-07,8,95939561540391,0,272874998387064,23,2887688904856,98,9068681352302,51,115443483122,31,5122418367194,5,26114466494104,0,0,0,0,0,0,0,0,0,0,0,0,0,0,0,0,0,0,0,0,0,0,0,0,0,0,0,0,0,0,0,0,0,0,0,0,0,0,0,0,0,0,0,0,0,0,0,0,0,0,0,0,0,0,0,0,0,0,0,0,0,0,0,0,0,0,0,0,0,0,0,0,0,0,0,0,0,0,0,0,0,0,0,0,0,0,0,0,0,0,0,0,0,0,0,0,0,0,0,0,0,0,0,0,0,0,0,0,0,0,0,0,688,15,7,40286150997247,8,66878348535521,88,3732257669609,0,0,15335137075899,0,0,0,0,0,0,0,0,0,0,0,8,86793860830137E-06,0,0,0,0,6,6013914598065E-05,0,0,11068088316172,0,0,0,43962,7082672761,40656,03143212,0,
420-430C*,0,012925902204837,703,150024,360,441107947931,948,6705449534,2,42423139095881,330,053794755963,46,1955794999182,46,7760334678772,0,321090481163153,529,611413092481,7,75864312609098,299,309815871003,0,116991982887711,0,48,555382452866,431,080755649549,435,815815218106,34,1810735270985,42,9381647270985,53,8044205000818,53,2239665321228,3,12055951040075,1769,68414787234,0,0,0,0,297,309815871003,1,52181424183599,1,09592772316663,36,9331137664656,45,6902049664656,12,1776134990498,2,40580937196111,0,00106866627837839,2,90461874859524E-08,7,99114963384254E-08,13,6611157716741,0,416074599691957,23,0701786051056,141,707788366527,69,8944630811992,41,6919259597599,5,40494679321254,0,0,0,0,0,0,0,0,0,0,0,0,0,0,0,0,0,0,0,0,0,0,0,0,0,0,0,0,0,0,0,0,0,0,0,0,0,0,0,0,0,0,0,0,0,0,0,0,0,0,0,0,0,0,0,0,0,0,0,0,0,0,0,0,0,0,0,0,0,0,0,0,0,0,0,0,0,0,0,0,0,0,0,0,0,0,0,0,0,0,0,0,0,0,0,0,0,0,0,0,0,0,0,0,0,0,0,0,0,0,0,0,698,15,8,80944212060799,8,65316924636496,88,3128746190503,0,0,158376799014816,0,0,0,0,0,0,0,0,0,0,0,9,60758509150732E-06,0,0,0,0,7,15199247241848E-05,0,0,116991982887711,0,0,0,43908,443696629,40610,8848763975,0,
430-440C*,0,012069754266585,713,150024,374,992335259699,950,525721469411,2,30050794309904,333,159102860779,46,6533009780116,47,3857560850187,0,4315995795782,538,541454865381,7,72800448953496,299,557257708214,0,122422554845056,0,49,5936105834408,432,931043079548,447,132754260528,33,5586465171593,42,3157377171593,53,3466990219884,52,6142439149813,4,19455652456219,1795,89308619948,0,0,0,0,297,557257708214,1,52335609978797,1,00714929391811,36,2279047548765,44,9849959548765,12,1384017655554,2,44375657234192,0,00118432793607048,4,3085735437606E-08,3,41314212017786E-08,18,3628359279443,0,559274200996851,22,9621066193669,208,787537823952,97,9080223782085,56,3563863031671,5,49980725157453,0,0,0,0,0,0,0,0,0,0,0,0,0,0,0,0,0,0,0,0,0,0,0,0,0,0,0,0,0,0,0,0,0,0,0,0,0,0,0,0,0,0,0,0,0,0,0,0,0,0,0,0,0,0,0,0,0,0,0,0,0,0,0,0,0,0,0,0,0,0,0,0,0,0,0,0,0,0,0,0,0,0,0,0,0,0,0,0,0,0,0,0,0,0,0,0,0,0,0,0,0,0,0,0,0,0,0,0,0,0,0,0,708,15,10,5757785359827,8,65886171343924,88,8128258914739,0,0,162668855583434,0,0,0,0,0,0,0,0,0,0,0,1,42514355678235E-05,0,0,0,0,0,000106089260653365,0,0,122422554845056,0,0,0,43864,3708030794,40574,142595804,0,
440-450C*,0,0113694471571045,723,150024,389,855969665976,951,933133287983,2,15150272497303,336,280193182853,47,1013889569853,48,0115259318125,0,542108677993248,542,625335838165,7,69918751860518,299,821269549538,0,12558940165256,0,50,7321897920957,434,62762918757,457,811259596465,32,9451748011689,41,7022660011689,52,8986110430147,51,9884740681875,5,26855353872364,1818,46477632201,0,0,0,0,297,821269549538,1,52460700855355,0,923231004410816,35,5226957432874,44,2797869432874,12,1371132831482,2,45829017930214,0,00135314998493439,6,99123080953763E-08,1,4212435536791E-08,23,0645560842145,0,702473802301744,22,9585548729739,317,127283816233,140,815476348015,77,9929258426134,5,49923867214836,0,0,0,0,0,0,0,0,0,0,0,0,0,0,0,0,0,0,0,0,0,0,0,0,0,0,0,0,0,0,0,0,0,0,0,0,0,0,0,0,0,0,0,0,0,0,0,0,0,0,0,0,0,0,0,0,0,0,0,0,0,0,0,0,0,0,0,0,0,0,0,0,0,0,0,0,0,0,0,0,0,0,0,0,0,0,0,0,0,0,0,0,0,0,0,0,0,0,0,0,0,0,0,0,0,0,0,0,0,0,0,0,718,15,12,8164698873374,8,68460381880399,89,5222436370864,0,0,165159056979178,0,0,0,0,0,0,0,0,0,0,0,2,31248403700091E-05,0,0,0,0,0,000172143866202528,0,0,12558940165256,0,0,0,43837,3194402925,40552,1711425885,0,
450-460C*,0,0108098551808884,733,150024,405,200243564596,952,22829819234,1,97721573658078,339,439954098591,47,2650513544703,48,2023525855424,0,652617776408295,544,993885647443,7,67219221330165,300,10135965143,0,127845015551602,0,52,1640750698851,436,175324321093,467,935940822583,32,3539480234628,41,1110392234628,52,7349486455297,51,7976474144576,6,34255055288509,1838,15970046191,0,0,0,0,298,10135965143,1,52505768286623,0,8440762779087,34,8174867316983,43,5745779316983,12,2287467653407,2,46164362638787,0,00152100883087281,9,67388807531465E-08,5,76302027866878E-09,27,7662762404846,0,845673403606638,23,2110596434215,417,428744362831,179,412015965258,97,0434468174301,5,49867009272218,0,0,0,0,0,0,0,0,0,0,0,0,0,0,0,0,0,0,0,0,0,0,0,0,0,0,0,0,0,0,0,0,0,0,0,0,0,0,0,0,0,0,0,0,0,0,0,0,0,0,0,0,0,0,0,0,0,0,0,0,0,0,0,0,0,0,0,0,0,0,0,0,0,0,0,0,0,0,0,0,0,0,0,0,0,0,0,0,0,0,0,0,0,0,0,0,0,0,0,0,0,0,0,0,0,0,0,0,0,0,0,0,728,15,14,8346141205684,8,7594570603414,90,7453116771462,0,0,166927320227624,0,0,0,0,0,0,0,0,0,0,0,3,19982451721946E-05,0,0,0,0,0,000238198471751691,0,0,127845015551602,0,0,0,43831,5156464566,40547,4422908338,0,
460-480C*,0,0204774487747661,753,150024,428,524138126747,952,473093648974,1,6683819347432,344,186467112716,47,3821744648056,48,289706072966,0,818381424030866,548,54671036136,7,63511487839557,300,553633790083,0,131504592302674,0,54,324624032925,438,019598392476,481,826482782796,31,4710668949017,40,2281580949017,52,6178255351944,51,710293927034,7,95354607412726,1860,43399858592,0,0,0,0,298,553633790083,1,52567121363414,0,699638827753997,33,7596732143146,42,5167644143147,12,3827089238322,2,46481178328253,0,00177217661625408,1,36978739739802E-07,8,70669017649523E-10,34,8188564748899,1,06047280556398,23,6349237567706,624,624371419922,256,176474593999,133,877224610461,5,49781722358293,0,0,0,0,0,0,0,0,0,0,0,0,0,0,0,0,0,0,0,0,0,0,0,0,0,0,0,0,0,0,0,0,0,0,0,0,0,0,0,0,0,0,0,0,0,0,0,0,0,0,0,0,0,0,0,0,0,0,0,0,0,0,0,0,0,0,0,0,0,0,0,0,0,0,0,0,0,0,0,0,0,0,0,0,0,0,0,0,0,0,0,0,0,0,0,0,0,0,0,0,0,0,0,0,0,0,0,0,0,0,0,0,743,15,18,4783606352669,8,87630815349515,92,4156327389334,0,0,169787063880947,0,0,0,0,0,0,0,0,0,0,0,4,5308352375473E-05,0,0,0,0,0,000337280380075434,0,0,131504592302674,0,0,0,43826,5318576075,40543,3627161837,0,
480-500C*,0,0200441751268042,773,150024,453,2914969703,959,739783590247,1,5981188993807,350,276504910599,47,5302696028932,48,4061773895308,1,03939962086096,632,278255023653,7,7158605265798,301,726379622515,0,847507543609318,0,55,1129134560771,440,323947877575,494,868656891671,30,1550861368383,38,9121773368383,52,4697303971068,51,5938226104692,10,1015401024501,2129,7028864356,0,0,0,0,299,726379622515,1,53195025339103,0,572936211814186,32,3492551911364,41,1063463911364,12,0145463593474,2,57691395938109,0,00210706699676243,1,90631885055343E-07,1,1643634649436E-10,44,2222967874303,1,34687200817377,22,6205370233789,1109,8344427807,425,763374225578,211,801876237611,5,49668006473058,0,0,0,0,0,0,0,0,0,0,0,0,0,0,0,0,0,0,0,0,0,0,0,0,0,0,0,0,0,0,0,0,0,0,0,0,0,0,0,0,0,0,0,0,0,0,0,0,0,0,0,0,0,0,0,0,0,0,0,0,0,0,0,0,0,0,0,0,0,0,0,0,0,0,0,0,0,0,0,0,0,0,0,0,0,0,0,0,0,0,0,0,0,0,0,0,0,0,0,0,0,0,0,0,0,0,0,0,0,0,0,0,763,15,25,2348270970469,8,7340720947306,91,3894165219669,0,0,688245317960763,0,0,0,0,0,0,0,0,0,0,0,6,30551619798441E-05,0,0,0,0,0,000469389591173759,0,0,847507543609318,0,0,0,43671,182269696,40415,3817680952,0,
500-520C*,0,0209168826519932,793,150024,477,567454186162,963,869072547136,1,55757294098737,356,476143521475,47,6691798694862,48,5226487060956,1,26041781769105,722,137751372758,7,80647266234477,302,941070426534,1,61900166213781,0,56,7166552885689,442,116291793548,506,174824686627,28,9018533984626,37,6589445984626,52,3308201305138,51,4773512939044,12,249534130773,2418,05062437667,0,0,0,0,300,941070426534,1,53603121762938,0,462969824847525,30,9388371679582,39,6959283679582,11,9097447081494,2,69518565947111,0,00244195737727078,2,44285030370883E-07,1,36162812895303E-11,53,6257370999706,1,63327121078355,22,3312648290834,2063,99153173375,736,792009338913,347,474427078876,5,49554290587824,0,0,0,0,0,0,0,0,0,0,0,0,0,0,0,0,0,0,0,0,0,0,0,0,0,0,0,0,0,0,0,0,0,0,0,0,0,0,0,0,0,0,0,0,0,0,0,0,0,0,0,0,0,0,0,0,0,0,0,0,0,0,0,0,0,0,0,0,0,0,0,0,0,0,0,0,0,0,0,0,0,0,0,0,0,0,0,0,0,0,0,0,0,0,0,0,0,0,0,0,0,0,0,0,0,0,0,0,0,0,0,0,783,15,35,2704300438148,8,73118282256878,91,8159803951586,0,1,26298811218179,0,0,0,0,0,0,0,0,0,0,0,8,08019715842151E-05,0,0,0,0,0,000601498802272084,0,1,61900166213781,0,0,0,43559,3367739996,40320,8173996538,0,
520-540C*,0,0299773862867704,813,150024,508,307655404327,970,320509846734,1,51702698259405,362,599239726646,47,7989360952453,48,6391200226604,1,48143601452115,811,997247721862,7,89708479810974,304,155761230553,2,39049578066631,0,57,5751341669304,443,434260082625,518,691777741697,27,6021776932327,36,3592688932327,52,2010639047547,51,3608799773396,14,3975281590959,2706,39836231775,0,0,0,0,302,155761230553,1,54215793827795,0,368650173084783,29,52841914478,38,28551034478,11,621018528281,2,81345735956113,0,00277684775777913,2,97938175686424E-07,1,37320032233685E-12,63,029177412511,1,91967041339334,21,5331448065972,4030,54563040118,1331,44473886433,592,694882257439,5,49440574702589,0,0,0,0,0,0,0,0,0,0,0,0,0,0,0,0,0,0,0,0,0,0,0,0,0,0,0,0,0,0,0,0,0,0,0,0,0,0,0,0,0,0,0,0,0,0,0,0,0,0,0,0,0,0,0,0,0,0,0,0,0,0,0,0,0,0,0,0,0,0,0,0,0,0,0,0,0,0,0,0,0,0,0,0,0,0,0,0,0,0,0,0,0,0,0,0,0,0,0,0,0,0,0,0,0,0,0,0,0,0,0,0,803,15,50,5527754615241,8,6327026770674,91,2342779027123,0,1,86677047830518,0,0,0,0,0,0,0,0,0,0,0,9,85487811885863E-05,0,0,0,0,0,000733608013370409,0,2,39049578066631,0,0,0,43414,8294525588,40201,0185914871,0,
540-560C*,0,0124824998390097,833,150024,534,79982942348,977,169497739295,1,47648102420072,368,712104125203,47,8704885025606,48,7105998963798,1,70245421135124,901,856744070966,7,98769693387471,305,370452034572,3,1619898991948,0,58,2521166362949,444,314445340833,528,095980305725,26,2945509761436,35,0516421761436,52,1295114974394,51,2894001036202,16,5455221874188,2994,74610025882,0,0,0,0,303,370452034572,1,54886339023605,0,288806715618069,28,1180011216018,36,8750923216018,11,307706235764,2,82842238048936,0,00311173813828748,3,51591321001964E-07,1,17550415132813E-13,72,4326177250514,2,20606961600313,20,6651001721447,8292,44139739778,2519,99430200679,1053,97242414015,5,43047817184044,0,0,0,0,0,0,0,0,0,0,0,0,0,0,0,0,0,0,0,0,0,0,0,0,0,0,0,0,0,0,0,0,0,0,0,0,0,0,0,0,0,0,0,0,0,0,0,0,0,0,0,0,0,0,0,0,0,0,0,0,0,0,0,0,0,0,0,0,0,0,0,0,0,0,0,0,0,0,0,0,0,0,0,0,0,0,0,0,0,0,0,0,0,0,0,0,0,0,0,0,0,0,0,0,0,0,0,0,0,0,0,0,823,15,74,4515343636375,8,52270845124972,90,5221685854704,0,2,49602498231,0,0,0,0,0,0,0,0,0,0,0,0,000116295590792957,0,0,0,0,0,000865717224468735,0,3,1619898991948,0,0,0,43311,0441226575,40119,7597178427,0,
560-580C*,0,0117142611407012,853,150024,561,743021075886,984,416036224817,1,46334156758816,374,815225459933,47,862317055248,48,7173848285507,1,92347240818134,917,876531815241,8,0516703343429,306,585142838591,3,9334840177233,0,58,7571963495434,444,792138347168,,24,9789732471952,33,7360644471952,52,137682944752,51,2826151714493,18,6935162157417,3084,23136877334,0,0,0,0,304,585142838591,1,55617228689459,0,222200775091261,26,7075830984236,35,4646742984236,10,9709822356365,3,03002549566381,0,00344662851879583,5,31636749532996E-07,8,38721298380265E-15,81,8360580375917,2,49246881861291,19,729916054398,18037,8612732856,5010,90180794663,1959,39106120719,5,12078859857482,0,0,0,0,0,0,0,0,0,0,0,0,0,0,0,0,0,0,0,0,0,0,0,0,0,0,0,0,0,0,0,0,0,0,0,0,0,0,0,0,0,0,0,0,0,0,0,0,0,0,0,0,0,0,0,0,0,0,0,0,0,0,0,0,0,0,0,0,0,0,0,0,0,0,0,0,0,0,0,0,0,0,0,0,0,0,0,0,0,0,0,0,0,0,0,0,0,0,0,0,0,0,0,0,0,0,0,0,0,0,0,0,843,149999999999,112,89598012191,8,40203272438305,89,6866387279556,0,3,14720554480507,0,0,0,0,0,0,0,0,0,0,0,0,000175849078691683,0,0,0,0,0,00130903996696982,0,3,9334840177233,0,0,0,43120,8720043841,39959,298849192,0,
580-600C*,0,0109738887421542,873,150024,589,466650943498,992,060125303301,1,24444597216672,380,909102011343,47,8449731156135,48,7241729624223,6,70238620238951,1480,24696744388,8,31647103283226,307,79983364261,15,523862914617,0,59,0997846807998,444,901129982781,,23,6554445063877,32,4125357063877,52,1550268843865,51,2758270375777,64,7562458271336,4671,49455114829,0,0,0,0,305,79983364261,1,56411330286997,0,167541627730274,25,2971650752454,34,0542562752454,10,6120438512205,3,27921878326887,0,00378151889930418,8,86223902504469E-07,4,8841076376234E-16,283,488452036961,8,63416609968884,18,7304390114401,41635,3580699065,10501,7619555317,3818,93150906191,4,8110990253092,0,0,0,0,0,0,0,0,0,0,0,0,0,0,0,0,0,0,0,0,0,0,0,0,0,0,0,0,0,0,0,0,0,0,0,0,0,0,0,0,0,0,0,0,0,0,0,0,0,0,0,0,0,0,0,0,0,0,0,0,0,0,0,0,0,0,0,0,0,0,0,0,0,0,0,0,0,0,0,0,0,0,0,0,0,0,0,0,0,0,0,0,0,0,0,0,0,0,0,0,0,0,0,0,0,0,0,0,0,0,0,0,863,15,176,62165434883,8,27147421122729,88,7344702625326,0,14,3879612167013,0,0,0,0,0,0,0,0,0,0,0,0,000293135598520709,0,0,0,0,0,00218213377664613,0,15,523862914617,0,0,0,42905,936022544,39776,6698920621,0,
600-625C*,0,0127091168552656,898,150024,622,019490188459,1001,13492270975,1,11253339161538,387,754292330882,47,8144902866351,48,7318134400608,8,44127026324185,1640,95905232123,8,41436381582477,309,166360797132,18,258715050257,0,59,3024428280759,444,642476882759,,22,1569707291161,30,9140619291161,52,1855097133649,51,2681865599392,81,488537916804,5116,26263668938,0,0,0,0,307,166360797132,1,57384365581634,0,114000181889301,23,7104447991699,32,4675359991699,10,1831979200494,3,37713931108538,0,00415827057737608,1,28513444959738E-06,1,01130060428898E-17,356,738710665495,10,8651383911157,17,5327883346882,115088,508442934,25814,4125344363,8592,28440935298,4,7592289960261,0,0,0,0,0,0,0,0,0,0,0,0,0,0,0,0,0,0,0,0,0,0,0,0,0,0,0,0,0,0,0,0,0,0,0,0,0,0,0,0,0,0,0,0,0,0,0,0,0,0,0,0,0,0,0,0,0,0,0,0,0,0,0,0,0,0,0,0,0,0,0,0,0,0,0,0,0,0,0,0,0,0,0,0,0,0,0,0,0,0,0,0,0,0,0,0,0,0,0,0,0,0,0,0,0,0,0,0,0,0,0,0,885,65,304,095007859564,8,11241201929494,87,4632281409983,0,17,2562480993221,0,0,0,0,0,0,0,0,0,0,0,0,000425082933328363,0,0,0,0,0,00316436431253199,0,18,258715050257,0,0,0,42738,9501147522,39641,5271300046,0,
625-650C*,0,0116259104174578,923,150024,660,46394086584,1011,80814510055,0,880784451258275,395,347971530102,47,7669677248399,48,7403076121835,9,75747045540376,1697,98867306802,8,4916510208552,310,684724302156,19,7081039162397,0,59,3156968944812,443,902909838266,,20,4801975822525,29,2372887822525,52,2330322751601,51,2596923878165,94,1404512515701,5396,92987238189,0,0,0,0,308,684724302156,1,58570805719115,0,0744549568937233,21,9474222701971,30,7045134701971,9,67765648881506,3,45774838819772,0,00457688355301152,1,72836839081172E-06,1,38605125770891E-19,412,125978377964,12,552060185002,16,1160352096433,393931,025775532,76646,00994726,22909,84662929,4,29980892350391,0,0,0,0,0,0,0,0,0,0,0,0,0,0,0,0,0,0,0,0,0,0,0,0,0,0,0,0,0,0,0,0,0,0,0,0,0,0,0,0,0,0,0,0,0,0,0,0,0,0,0,0,0,0,0,0,0,0,0,0,0,0,0,0,0,0,0,0,0,0,0,0,0,0,0,0,0,0,0,0,0,0,0,0,0,0,0,0,0,0,0,0,0,0,0,0,0,0,0,0,0,0,0,0,0,0,0,0,0,0,0,0,910,65,586,313614070979,7,92490978581215,86,64180203509,0,18,7938717974073,0,0,0,0,0,0,0,0,0,0,0,0,000571691083114645,0,0,0,0,0,00425573157462739,0,19,7081039162397,0,0,0,42559,7179108779,39498,4506177331,0,
650-675C*,0,0105797892074657,948,150024,701,928401156843,1023,10254029287,0,773482944870357,402,929896135445,47,7049692352964,48,7487585808062,11,0736706475657,1789,93888791897,8,64848950277612,312,203087807179,21,2596222139285,0,59,1224155920379,442,743732994451,,18,7910009793589,27,5480921793589,52,2950307647036,51,2512414191938,106,792364586336,5677,59710807439,0,0,0,0,310,203087807179,1,59876356883829,0,0463539579261727,20,1843997412244,28,9414909412244,9,2537317353851,3,59495120928732,0,00499549652864696,2,17160233202606E-06,1,17292580372822E-21,467,513246090433,14,2389819788883,14,9239106610568,1511263,06748323,251613,621224876,66822,2049269696,3,74010021583588,0,0,0,0,0,0,0,0,0,0,0,0,0,0,0,0,0,0,0,0,0,0,0,0,0,0,0,0,0,0,0,0,0,0,0,0,0,0,0,0,0,0,0,0,0,0,0,0,0,0,0,0,0,0,0,0,0,0,0,0,0,0,0,0,0,0,0,0,0,0,0,0,0,0,0,0,0,0,0,0,0,0,0,0,0,0,0,0,0,0,0,0,0,0,0,0,0,0,0,0,0,0,0,0,0,0,0,0,0,0,0,0,935,65,1199,49167800513,7,72582965690465,86,621528930153,0,20,4507245411789,0,0,0,0,0,0,0,0,0,0,0,0,000718299232900927,0,0,0,0,0,00534709883672278,0,21,2596222139285,0,0,0,42350,2294618924,39328,5853984771,0,
675-700C*,0,00957391983136564,973,150024,746,983224505115,1035,01810828668,0,7015028709313,410,501068651495,47,6284461192687,48,7572008518781,12,9134337385447,1896,74355769461,8,66369274794044,312,503881354658,22,9132699433236,0,58,7391986112208,441,215787687061,,17,0893809204352,25,8464721204352,52,3715538807313,51,2427991481219,124,458726549472,5958,26434376689,0,0,0,0,310,503881354658,1,61310921340531,0,027275358383197,18,4213772122516,27,1784684122516,9,2537317353851,3,62686400168762,0,00541410950428239,2,49281785577262E-06,5,622719383272E-24,544,852658418697,16,5944969353323,14,9239106610568,6555055,31927729,920003,701801629,214548,013498358,3,03267663049233,0,0,0,0,0,0,0,0,0,0,0,0,0,0,0,0,0,0,0,0,0,0,0,0,0,0,0,0,0,0,0,0,0,0,0,0,0,0,0,0,0,0,0,0,0,0,0,0,0,0,0,0,0,0,0,0,0,0,0,0,0,0,0,0,0,0,0,0,0,0,0,0,0,0,0,0,0,0,0,0,0,0,0,0,0,0,0,0,0,0,0,0,0,0,0,0,0,0,0,0,0,0,0,0,0,0,0,0,0,0,0,0,960,65,2613,50066297302,7,51649887689835,86,6015992881471,0,22,2270346086272,0,0,0,0,0,0,0,0,0,0,0,0,000824547444601712,0,0,0,0,0,00613802226134449,0,22,9132699433236,0,0,0,42180,4472325641,39196,8993152633,0,
700-725C*,0,00856850681227071,998,150024,800,319441544213,1048,61321890063,0,648563938280406,418,032189135754,47,5373528449861,48,7656985323163,13,8000013986893,2016,31094528532,8,73371421760961,314,656938328908,24,5198351481398,0,57,9247577595411,439,365611027999,,15,3541700091088,24,1112612091088,52,4626471550139,51,2343014676837,133,113388078656,6262,70808253188,0,0,0,0,312,656938328908,1,63001089256261,0,0150068335183521,16,6583546832789,25,4154458832789,9,2537317353851,3,73061774450133,0,00583272247991783,4,28543987568272E-06,1,37064635256234E-26,582,740833605034,17,7484515547865,14,9239106610568,32442419,9589753,3775607,01314423,763201,472091867,2,27720958139475,0,0,0,0,0,0,0,0,0,0,0,0,0,0,0,0,0,0,0,0,0,0,0,0,0,0,0,0,0,0,0,0,0,0,0,0,0,0,0,0,0,0,0,0,0,0,0,0,0,0,0,0,0,0,0,0,0,0,0,0,0,0,0,0,0,0,0,0,0,0,0,0,0,0,0,0,0,0,0,0,0,0,0,0,0,0,0,0,0,0,0,0,0,0,0,0,0,0,0,0,0,0,0,0,0,0,0,0,0,0,0,0,985,65,6086,44865606101,7,25974049565073,86,6088778798765,0,23,9612646718839,0,0,0,0,0,0,0,0,0,0,0,0,00141749165118736,0,0,0,0,0,0105519644348188,0,24,5198351481398,0,0,0,41961,2441771322,39022,9191391646,0,
725-750C*,0,00761714594629392,1023,150024,859,569880309118,1059,58368432586,0,596957674170689,425,646720031525,47,4315822108931,48,7742815970739,14,7201028012089,2158,02800270914,8,84910509871053,316,758178322251,26,732511338979,0,57,7345160513649,437,235577770466,,13,6714520015568,22,4285432015568,52,5684177891069,51,2257184029261,142,066441225124,6631,00796575307,0,0,0,0,314,758178322251,1,64485838944599,0,00761602547451487,14,8953321543061,23,6524233543061,9,2537317353851,3,84292399900298,0,00625133545555327,6,30222466462525E-06,1,48132469721263E-29,621,935301762296,18,9421925005915,14,9239106610568,184984705,677592,17530372,7968507,3027967,08769079,1,76489081970961,0,0,0,0,0,0,0,0,0,0,0,0,0,0,0,0,0,0,0,0,0,0,0,0,0,0,0,0,0,0,0,0,0,0,0,0,0,0,0,0,0,0,0,0,0,0,0,0,0,0,0,0,0,0,0,0,0,0,0,0,0,0,0,0,0,0,0,0,0,0,0,0,0,0,0,0,0,0,0,0,0,0,0,0,0,0,0,0,0,0,0,0,0,0,0,0,0,0,0,0,0,0,0,0,0,0,0,0,0,0,0,0,1010,65,15202,6407251295,7,11286179385442,86,5290479679575,0,26,3606556631528,0,0,0,0,0,0,0,0,0,0,0,0,00208458200445297,0,0,0,0,0,0155178587147414,0,26,732511338979,0,0,0,41774,9431042489,38873,7139599362,0,
750-775C*,0,00662464910863263,1048,150024,939,620771644672,1065,72151157993,0,538764065258423,433,400805262304,47,3109992280173,48,7829800211037,15,2035770882455,2265,63421485249,8,93260725339774,318,276541827275,28,6186235930323,0,58,6502823609669,434,864093543517,,12,0853867574282,20,8424779574282,52,6890007719827,51,2170199788963,146,74368215321,6925,20546796521,0,0,0,0,316,276541827275,1,65471544256815,0,00350315367652875,13,1323096253333,21,8894008253333,9,2537317353851,3,88687594424333,0,00666994843118871,8,31900945356777E-06,5,94693471596448E-33,642,411218848675,19,5658259029398,14,9239106610568,1227524634,04663,92853303,6769133,13490204,616272,1,4933691551389,0,0,0,0,0,0,0,0,0,0,0,0,0,0,0,0,0,0,0,0,0,0,0,0,0,0,0,0,0,0,0,0,0,0,0,0,0,0,0,0,0,0,0,0,0,0,0,0,0,0,0,0,0,0,0,0,0,0,0,0,0,0,0,0,0,0,0,0,0,0,0,0,0,0,0,0,0,0,0,0,0,0,0,0,0,0,0,0,0,0,0,0,0,0,0,0,0,0,0,0,0,0,0,0,0,0,0,0,0,0,0,0,1035,65,40861,7725079487,7,14784479290588,87,3893945914556,0,28,4135567144722,0,0,0,0,0,0,0,0,0,0,0,0,00275167235771857,0,0,0,0,0,020483752994664,0,28,6186235930323,0,0,0,41679,7491972578,38798,6244239651,0,
775-800C*,0,00572107578904402,1073,150024,1029,95173215675,1071,91722149372,0,479453174274519,441,155263784773,47,1754403890233,48,7918237793589,15,6870513752821,2336,78220650108,8,98050693292503,319,794905332299,29,784066957788,0,59,4970541287147,432,285821973532,,10,4981638601048,19,2552550601048,52,8245596109767,51,2081762206411,151,420923081296,7137,41882675703,0,0,0,0,317,794905332299,1,66498039704801,0,00142714126773831,11,3692870963606,20,1263782963606,9,2537317353851,3,9495086305693,0,00708856140682415,1,03357942425103E-05,7,03082695798661E-37,662,887135935054,20,1894593052881,14,9239106610568,9580367978,31948,565877455,125676,67961160,5739298,1,22184749056819,0,0,0,0,0,0,0,0,0,0,0,0,0,0,0,0,0,0,0,0,0,0,0,0,0,0,0,0,0,0,0,0,0,0,0,0,0,0,0,0,0,0,0,0,0,0,0,0,0,0,0,0,0,0,0,0,0,0,0,0,0,0,0,0,0,0,0,0,0,0,0,0,0,0,0,0,0,0,0,0,0,0,0,0,0,0,0,0,0,0,0,0,0,0,0,0,0,0,0,0,0,0,0,0,0,0,0,0,0,0,0,0,1060,65,118551,834483628,7,18809801059172,88,3209372009958,0,29,6847030743312,0,0,0,0,0,0,0,0,0,0,0,0,00341876271098417,0,0,0,0,0,0254496472745866,0,29,784066957788,0,0,0,41576,7197503908,38716,353050361,0,
800-825C*,0,00493006875731137,1098,150024,1126,56884372955,1077,78674113365,0,418755442935148,448,920509541931,47,0247127955621,48,8008428467923,16,1705256623187,2407,93019814968,9,02840661245232,321,313268837323,30,9495103225438,0,60,3679234503973,429,531931791022,,8,91746476825896,17,674555968259,52,9752872044379,51,1991571532077,156,098164009382,7349,63218554885,0,0,0,0,319,313268837323,1,67519424005175,0,000499276051668326,9,60626456738781,18,3633557673878,9,2537317353851,4,01214131689527,0,00750717438245959,1,15264725568765E-05,1,79365614365673E-41,683,363053021434,20,8130927076364,14,9239106610568,88914861806,5134,4003102627,54429,389893349,830818,0,950325825997483,0,0,0,0,0,0,0,0,0,0,0,0,0,0,0,0,0,0,0,0,0,0,0,0,0,0,0,0,0,0,0,0,0,0,0,0,0,0,0,0,0,0,0,0,0,0,0,0,0,0,0,0,0,0,0,0,0,0,0,0,0,0,0,0,0,0,0,0,0,0,0,0,0,0,0,0,0,0,0,0,0,0,0,0,0,0,0,0,0,0,0,0,0,0,0,0,0,0,0,0,0,0,0,0,0,0,0,0,0,0,0,0,1085,65,393595,191451033,7,24725677662264,89,4930664903194,0,30,9573962051776,0,0,0,0,0,0,0,0,0,0,0,0,0038126024611207,0,0,0,0,0,0283814338801567,0,30,9495103225438,0,0,0,41478,4525154626,38637,7793678359,0,
825-850C*,0,00424020254490895,1123,150024,1229,35495680698,1083,65626077357,0,35667087124031,456,687485885991,46,8585931358312,48,8100671983569,16,6539999493553,2479,07818979828,9,07630629197961,322,831632342347,32,1149536872995,0,61,1895067588642,426,630353116244,,7,33676567641313,16,0938568764131,53,1414068641688,51,1899328016431,160,775404937467,7561,84554434068,0,0,0,0,320,831632342347,1,68574080447079,0,000143780415006924,7,84324203841505,16,6003332384151,9,2537317353851,4,07477400322124,0,00792578735809502,1,70406321153133E-05,6,44754093073519E-47,703,838970107813,21,4367261099847,14,9239106610568,992617188581,862,33170630971,3399,2565520401,91711,0,678804161426773,0,0,0,0,0,0,0,0,0,0,0,0,0,0,0,0,0,0,0,0,0,0,0,0,0,0,0,0,0,0,0,0,0,0,0,0,0,0,0,0,0,0,0,0,0,0,0,0,0,0,0,0,0,0,0,0,0,0,0,0,0,0,0,0,0,0,0,0,0,0,0,0,0,0,0,0,0,0,0,0,0,0,0,0,0,0,0,0,0,0,0,0,0,0,0,0,0,0,0,0,0,0,0,0,0,0,0,0,0,0,0,0,1110,65,1923989,78244919,7,31420819589968,90,7714181072876,0,32,231280195432,0,0,0,0,0,0,0,0,0,0,0,0,00563651677660363,0,0,0,0,0,0419588535235186,0,32,1149536872995,0,0,0,41380,8890663907,38559,8439698566,0,
850-875C*,0,00364649951770928,1148,150024,1335,91235748419,1089,52578041349,0,293199459190006,464,456164847774,46,6768265027926,48,8195268090058,17,1374742363919,2550,22618144687,9,1242059715069,324,349995847371,33,2803970520552,0,61,9649736177795,423,606034728143,,5,75606658456729,14,5131577845673,53,3231734972074,51,1804731909942,165,452645865553,7774,0589031325,0,0,0,0,322,349995847371,1,69662456077874,3,21111780549555E-05,6,08021950944229,14,8373107094423,9,2537317353851,4,13740668954721,0,00834440033373047,2,41552571617329E-05,1,79175042785312E-53,724,314887194192,22,060359512333,14,9239106610568,13488571223207,4,324950525470,754,19501543848,1964,0,407282496856064,0,0,0,0,0,0,0,0,0,0,0,0,0,0,0,0,0,0,0,0,0,0,0,0,0,0,0,0,0,0,0,0,0,0,0,0,0,0,0,0,0,0,0,0,0,0,0,0,0,0,0,0,0,0,0,0,0,0,0,0,0,0,0,0,0,0,0,0,0,0,0,0,0,0,0,0,0,0,0,0,0,0,0,0,0,0,0,0,0,0,0,0,0,0,0,0,0,0,0,0,0,0,0,0,0,0,0,0,0,0,0,0,1135,65,11435082,176626,7,38933580282043,92,1622920877919,0,33,5060263951784,0,0,0,0,0,0,0,0,0,0,0,0,00798981583041933,0,0,0,0,0,0594770716375762,0,33,2803970520552,0,0,0,41284,0252719916,38482,5430776215,0,
875-900C*,0,00313043275381352,1173,150024,1448,02818678315,1095,39530005341,0,228341206784235,472,226519057578,46,4791250418933,48,8292516536919,17,6209485234286,2621,37417309547,9,17210565103419,325,868359352395,34,445840416811,0,62,6972423997466,420,481196278073,,4,17536749272145,12,9324586927214,53,5208749581067,51,1707483463081,170,129886793639,7986,27226192432,0,0,0,0,323,868359352395,1,70785059765004,5,09973207876392E-06,4,31719698046953,13,0742881804695,9,2537317353851,4,20003937587318,0,0087630133093659,3,12698822081524E-05,1,60737721426156E-61,744,790804280572,22,6839929146814,14,9239106610568,225874281506107,3799156459928,172482452000,631,0,135760832285354,0,0,0,0,0,0,0,0,0,0,0,0,0,0,0,0,0,0,0,0,0,0,0,0,0,0,0,0,0,0,0,0,0,0,0,0,0,0,0,0,0,0,0,0,0,0,0,0,0,0,0,0,0,0,0,0,0,0,0,0,0,0,0,0,0,0,0,0,0,0,0,0,0,0,0,0,0,0,0,0,0,0,0,0,0,0,0,0,0,0,0,0,0,0,0,0,0,0,0,0,0,0,0,0,0,0,0,0,0,0,0,0,1160,65,84647692,3268957,7,47304288587883,93,6723466776173,0,34,7813308064884,0,0,0,0,0,0,0,0,0,0,0,0,010343114884235,0,0,0,0,0,0769952897516339,0,34,445840416811,0,0,0,41187,8568234584,38405,8727152451,0,
900-925C*,0,0026823717797302,1198,150024,1565,76552538834,1101,26481969334,0,162096114022998,479,998521729199,46,2651664153514,48,8392717073682,18,1044228104652,2692,52216474407,9,22000533056148,327,386722857419,35,6112837815667,0,63,3890046966892,417,275571158095,,2,59466840087561,11,3517596008756,53,7348335846486,51,1607282926318,174,807127721725,8198,48562071615,0,0,0,0,325,386722857419,1,71942461483819,5,0510426232693E-07,2,55417445149676,11,3112656514968,9,2537317353851,4,20169448918486,0,00918162628500134,3,83845072545719E-05,1,24163910207317E-71,765,266721366951,23,3076263170297,14,9239106610568,4,72055332525008E+15,53520878149919,6,1920732332383,74,0,0,0,0,0,0,0,0,0,0,0,0,0,0,0,0,0,0,0,0,0,0,0,0,0,0,0,0,0,0,0,0,0,0,0,0,0,0,0,0,0,0,0,0,0,0,0,0,0,0,0,0,0,0,0,0,0,0,0,0,0,0,0,0,0,0,0,0,0,0,0,0,0,0,0,0,0,0,0,0,0,0,0,0,0,0,0,0,0,0,0,0,0,0,0,0,0,0,0,0,0,0,0,0,0,0,0,0,0,0,0,0,0,1185,65,801813727,040528,7,56575555832099,95,3086445242685,0,36,0569117900544,0,0,0,0,0,0,0,0,0,0,0,0,0126964139380507,0,0,0,0,0,0945135078656916,0,35,6112837815667,0,0,0,41117,6643292764,38353,4138245858,0,
925-950C*,0,00229395879794209,1223,150024,1689,12357531058,1107,13433933326,0,0944641809062932,487,772146644467,46,0345920680925,48,8496169449876,18,5878970975018,2763,67015639266,9,26790501008877,328,905086362442,36,7767271463225,0,64,0427469070598,414,00663712532,,1,01396930902977,9,77106050902977,53,9654079319075,51,1503830550124,179,484368649811,8410,69897950797,0,0,0,0,326,905086362442,1,73135292070756,0,0,791151922524001,9,548243122524,9,2537317353851,4,2946614335933,0,00960023926063678,4,22004833048016E-05,1,01179546585337E-84,785,742638453331,23,931259719378,14,9239106610568,1,2474113787131E+17,917331911245898,50835546986135,6,0,0,0,0,0,0,0,0,0,0,0,0,0,0,0,0,0,0,0,0,0,0,0,0,0,0,0,0,0,0,0,0,0,0,0,0,0,0,0,0,0,0,0,0,0,0,0,0,0,0,0,0,0,0,0,0,0,0,0,0,0,0,0,0,0,0,0,0,0,0,0,0,0,0,0,0,0,0,0,0,0,0,0,0,0,0,0,0,0,0,0,0,0,0,0,0,0,0,0,0,0,0,0,0,0,0,0,0,0,0,0,0,0,1210,65,10018528764,3071,7,6679258308142,97,0787001604848,0,37,332508041515,0,0,0,0,0,0,0,0,0,0,0,0,013958621400819,0,0,0,0,0,103909519648433,0,36,7767271463225,0,0,0,41010,2611238191,38266,2319482378,0,
950-975C*,0,0019577458923981,1248,150024,1818,14739983492,1113,00385897318,0,0405655890657393,495,547368138264,45,7867148104526,48,8600283275149,19,0713713845384,2834,81814804126,9,31580468961606,330,423449867466,37,9421705110782,0,64,6607693770853,410,689832872001,,-0,566729782816065,8,19036141718394,54,2132851895474,51,1399716724851,184,161609577897,8622,9123382998,0,0,0,0,328,423449867466,1,74364243411678,0,-0,971870606448761,7,78522059355124,9,2537317353851,4,38793743485109,0,0100188522362722,5,63016542783408E-05,2,50092970122616E-102,806,21855553971,24,5548931217263,14,9239106610568,3,64875316427342E+18,3,68770810275364E+16,1,97091112603425E+15,0,0,0,0,0,0,0,0,0,0,0,0,0,0,0,0,0,0,0,0,0,0,0,0,0,0,0,0,0,0,0,0,0,0,0,0,0,0,0,0,0,0,0,0,0,0,0,0,0,0,0,0,0,0,0,0,0,0,0,0,0,0,0,0,0,0,0,0,0,0,0,0,0,0,0,0,0,0,0,0,0,0,0,0,0,0,0,0,0,0,0,0,0,0,0,0,0,0,0,0,0,0,0,0,0,0,0,0,0,0,0,0,0,1235,65,170852225385,657,7,78003470896873,98,9905290924407,0,38,6078767989156,0,0,0,0,0,0,0,0,0,0,0,0,018622854876682,0,0,0,0,0,13863058887785,0,37,9421705110782,0,0,0,40903,4781454362,38179,6024614942,0,
975-1000C*,0,0016671524595954,1273,150024,1952,92472108771,1118,8733786131,0,0379476723022809,503,324161084026,45,5201522799436,48,8695935757442,19,554845671575,2905,96613968986,9,36370436914335,331,94181337249,39,107613875834,0,65,2452034164593,407,338759566125,,-2,14742887466191,6,6096623253381,54,4798477200564,51,1304064242558,188,838850505982,8835,12569709162,0,0,0,0,329,94181337249,1,75630069042988,0,-2,73489313542152,6,02219806457848,9,2537317353851,4,45057012117707,0,0104374652119077,7,71770887685279E-05,2,79050048688521E-127,826,694472626089,25,1785265240746,14,9239106610568,1,60132331046614E+20,2,93218087277795E+18,1,17058997099426E+17,0,0,0,0,0,0,0,0,0,0,0,0,0,0,0,0,0,0,0,0,0,0,0,0,0,0,0,0,0,0,0,0,0,0,0,0,0,0,0,0,0,0,0,0,0,0,0,0,0,0,0,0,0,0,0,0,0,0,0,0,0,0,0,0,0,0,0,0,0,0,0,0,0,0,0,0,0,0,0,0,0,0,0,0,0,0,0,0,0,0,0,0,0,0,0,0,0,0,0,0,0,0,0,0,0,0,0,0,0,0,0,0,0,1260,65,4132019557183,54,7,90259533592982,,0,39,882792249213,0,0,0,0,0,0,0,0,0,0,0,0,0255278062849746,0,0,0,0,0,190031809917441,0,39,107613875834,0,0,0,40810,0450039957,38105,4111225109,0,
1000-1050C*,0,00261038972022102,1323,150024,2166,16396722657,1127,67765807299,0,0340207971570934,514,992243298126,45,0857453170919,48,8839414480882,20,2800571021299,3012,68812716275,9,43555388843428,334,219358630026,40,8557789229676,0,66,0631630983699,403,021771717758,,-4,51847751243066,4,23861368756934,54,9142546829081,51,1160585519118,195,854711898111,9153,44573527935,0,0,0,0,332,219358630026,1,77599749653691,0,-5,37942692888066,3,37766427111934,9,2537317353851,4,54451915066602,0,0110653846753608,0,000108490240503809,9,04794078109171E-231,857,408348255658,26,113976627597,14,9239106610568,5,28152369124892E+23,5,47747514588995E+21,1,33218769288419E+20,0,0,0,0,0,0,0,0,0,0,0,0,0,0,0,0,0,0,0,0,0,0,0,0,0,0,0,0,0,0,0,0,0,0,0,0,0,0,0,0,0,0,0,0,0,0,0,0,0,0,0,0,0,0,0,0,0,0,0,0,0,0,0,0,0,0,0,0,0,0,0,0,0,0,0,0,0,0,0,0,0,0,0,0,0,0,0,0,0,0,0,0,0,0,0,0,0,0,0,0,0,0,0,0,0,0,0,0,0,0,0,0,0,1298,15,1,04102659944182E+15,8,10009859337145,,0,41,7938594045358,0,0,0,0,0,0,0,0,0,0,0,0,0358852333974136,0,0,0,0,0,267133641476827,0,40,8557789229676,0,0,0,40671,1531258413,37995,2631410687,0,
1050-1100C*,0,00186553546190902,1373,150024,2472,07236039459,1139,41669735283,0,0287849636301768,530,554960960293,44,4389871424517,48,9030719445469,21,2470056762032,3154,98411045995,9,53135324748886,337,256085640074,43,186665652479,0,67,0535291886663,395,268476101325,,-7,67987569612233,1,07721550387767,55,5610128575483,51,0969280554531,205,209193754283,9577,872452863,0,0,0,0,335,256085640074,1,803632101626,0,-8,90547198682619,-0,148380786826184,9,2537317353851,4,66978452331796,0,0119026106266317,0,00014457112214018,0,898,360182428417,27,3612434322936,14,9239106610568,5,25726558338559E+24,2,76648963506962E+24,1,21166406873065E+24,0,0,0,0,0,0,0,0,0,0,0,0,0,0,0,0,0,0,0,0,0,0,0,0,0,0,0,0,0,0,0,0,0,0,0,0,0,0,0,0,0,0,0,0,0,0,0,0,0,0,0,0,0,0,0,0,0,0,0,0,0,0,0,0,0,0,0,0,0,0,0,0,0,0,0,0,0,0,0,0,0,0,0,0,0,0,0,0,0,0,0,0,0,0,0,0,0,0,0,0,0,0,0,0,0,0,0,0,0,0,0,0,0,1348,15,8,80543091522897E+18,8,41469272426457,,0,44,3385161090282,0,0,0,0,0,0,0,0,0,0,0,0,0478196788617519,0,0,0,0,0,355974971853267,0,43,186665652479,0,0,0,40488,2851341453,37850,4997946533,0,
1100-1150C*,0,00131847183002264,1423,150024,2804,25804639139,1151,15573663267,0,0235491301032601,546,123537809954,43,7101898236752,48,9222024410056,22,2139542502764,3297,28009375714,9,62715260654344,340,292812650122,45,5175523819905,0,67,9409181815592,389,503413793244,,-10,841273879814,-2,08418267981401,56,2898101763248,51,0777975589944,214,563675610455,10002,2991704466,0,0,0,0,338,292812650122,1,83290998489988,0,-12,4315170447717,-3,67442584477171,9,2537317353851,4,79504989596991,0,0127398365779026,0,000240994874708779,0,939,312016601176,28,6085102369902,14,9239106610568,7,05535454981075E+24,3,45617263816669E+24,1,3888726151752E+24,0,0,0,0,0,0,0,0,0,0,0,0,0,0,0,0,0,0,0,0,0,0,0,0,0,0,0,0,0,0,0,0,0,0,0,0,0,0,0,0,0,0,0,0,0,0,0,0,0,0,0,0,0,0,0,0,0,0,0,0,0,0,0,0,0,0,0,0,0,0,0,0,0,0,0,0,0,0,0,0,0,0,0,0,0,0,0,0,0,0,0,0,0,0,0,0,0,0,0,0,0,0,0,0,0,0,0,0,0,0,0,0,0,1398,15,3,65335988701563E+22,8,78227440156004,,0,46,8780053895525,0,0,0,0,0,0,0,0,0,0,0,0,07971368932675,0,0,0,0,0,593397508930288,0,45,5175523819905,0,0,0,40308,031644786,37708,1004622961,0,
1150+C*,0,00217333250486571,1623,150024,3764,00443421459,1180,50333483229,0,0104595462859684,585,06946680046,41,4863483224527,48,9700286821522,24,6313256854595,3653,02005200012,9,86665100417989,347,884630175241,51,3447692057692,0,69,7783596821911,379,290600981301,,,-9,9876781390432,58,5136516775473,51,0299713178478,237,949880250884,11063,3659644058,0,0,0,0,345,884630175241,1,91393403013012,0,-21,2466296896355,-12,4895384896355,9,2537317353851,5,10821332759976,0,0148329014560798,0,0005936802741292,0,1041,69160203307,31,7266772487318,14,9239106610568,1,48187749624864E+25,6,05253476658956E+24,1,9565999826662E+24,0,0,0,0,0,0,0,0,0,0,0,0,0,0,0,0,0,0,0,0,0,0,0,0,0,0,0,0,0,0,0,0,0,0,0,0,0,0,0,0,0,0,0,0,0,0,0,0,0,0,0,0,0,0,0,0,0,0,0,0,0,0,0,0,0,0,0,0,0,0,0,0,0,0,0,0,0,0,0,0,0,0,0,0,0,0,0,0,0,0,0,0,0,0,0,0,0,0,0,0,0,0,0,0,0,0,0,0,0,0,0,0,0,1523,15,3,65335988701563E+22,9,92251878059027,,0,53,1966243902464,0,0,0,0,0,0,0,0,0,0,0,0,196371167596581,0,0,0,0,1,46180866375281,0,51,3447692057692,0,0,0,39868,5551137964,37362,1733015682,0,
