Name,Murchison-2007
Created,26/03/2026 08:16:33
Cpt,Composition,Boiling Temperature,Molecular Weight,Standard Liquid Density,Acidity,Aniline Point,Assay - Aromatics Vol Pct,Assay - Aromatics Wt Pct,Asphaltene Content,Basic Nitrogen Content,C to H Ratio,Cloud Point,Conradson Carbon Content,Copper Content,Cetane Number,Flash Point,Freeze Point,MON (Clear),MON (Leaded),Assay - Naphthenes Vol Pct,Assay - Naphthenes Wt Pct,Nickel Content,Nitrogen Content,Assay - Olefins Vol Pct,Assay - Olefins Wt Pct,Assay - Paraffins Vol Pct,Assay - Paraffins Wt Pct,Pour Point,Refractive Index,Reid Vapour Pressure,RON (Clear),RON (Leaded),Smoke Point,Sulfur Content,Mercaptan Sulfur Content,Sodium Content,True Vapour Pressure,Vanadium Content,Iron Content,Luminometer Number,Viscosity @ 38C,Viscosity @ 50C,Viscosity @ 60C,Wax Content,Pi C6 22DMB Wt Pct,Pi C6 22DMB Vol Pct,Pi C6 23DMB Wt Pct,Pi C6 23DMB Vol Pct,Pi C6 2MP Wt Pct,Pi C6 2MP Vol Pct,Pi C6 3MP Wt Pct,Pi C6 3MP Vol Pct,Pi C7 22-mPentane Wt Pct,Pi C7 22-mPentane Vol Pct,Pi C7 24-mPentane Wt Pct,Pi C7 24-mPentane Vol Pct,Pi C7 223-mButane Wt Pct,Pi C7 223-mButane Vol Pct,Pi C7 33-mPentane Wt Pct,Pi C7 33-mPentane Vol Pct,Pi C7 23-mPentane Wt Pct,Pi C7 23-mPentane Vol Pct,Pi C7 2-mHexane Wt Pct,Pi C7 2-mHexane Vol Pct,Pi C7 3-mHexane Wt Pct,Pi C7 3-mHexane Vol Pct,Pi C7 3-ePentane Wt Pct,Pi C7 3-ePentane Vol Pct,Pi C6 Wt Pct,Pi C6 Vol Pct,Pi C7 Wt Pct,Pi C7 Vol Pct,Pi C8 Wt Pct,Pi C8 Vol Pct,Pi C9 Wt Pct,Pi C9 Vol Pct,Pi C10  Wt Pct,Pi C10  Vol Pct,Pi C11  Wt Pct,Pi C11  Vol Pct,Pn C6 Hexane Wt Pct,Pn C6 Hexane Vol Pct,Pn C7 Heptane Wt Pct,Pn C7 Heptane Vol Pct,Pn C8 Octane Wt Pct,Pn C8 Octane Vol Pct,Pn C9 Nonane Wt Pct,Pn C9 Nonane Vol Pct,Pn C10 Decane Wt Pct,Pn C10 Decane Vol Pct,Pn C11 n-C11 Wt Pct,Pn C11 n-C11 Vol Pct,On C6 Wt Pct,On C6 Vol Pct,On C7 Wt Pct,On C7 Vol Pct,On C8 Wt Pct,On C8 Vol Pct,On C9 Wt Pct,On C9 Vol Pct,On C10 Wt Pct,On C10 Vol Pct,On C11 Wt Pct,On C11 Vol Pct,A C6 Benzene Wt Pct,A C6 Benzene Vol Pct,A C7 Toluene Wt Pct,A C7 Toluene Vol Pct,A C8 m-Xylene Wt Pct,A C8 m-Xylene Vol Pct,A C8 o-Xylene Wt Pct,A C8 o-Xylene Vol Pct,A C8 p-Xylene Wt Pct,A C8 p-Xylene Vol Pct,A C8 EthBenz Wt Pct,A C8 EthBenz Vol Pct,N C6 cyc-C5 Wt Pct,N C6 cyc-C5 Vol Pct,N C6 cyc-C6 Wt Pct,N C6 cyc-C6 Vol Pct,A C8 Wt Pct,A C8 Vol Pct,A C9 Wt Pct,A C9 Vol Pct,A C10 Wt Pct,A C10 Vol Pct,A C11 Wt Pct,A C11 Vol Pct,N C6 Wt Pct,N C6 Vol Pct,N C7 Wt Pct,N C7 Vol Pct,N C8 Wt Pct,N C8 Vol Pct,N C9 Wt Pct,N C9 Vol Pct,N C10 Wt Pct,N C10 Vol Pct,N C11 Wt Pct,N C11 Vol Pct,Pi Wt Pct,Pi Vol Pct,Pn Wt Pct,Pn Vol Pct,Oi C6 Wt Pct,Oi C6 Vol Pct,Oi C7 Wt Pct,Oi C7 Vol Pct,Oi C8 Wt Pct,Oi C8 Vol Pct,Oi C9 Wt Pct,Oi C9 Vol Pct,Oi C10 Wt Pct,Oi C10 Vol Pct,Oi C11 Wt Pct,Oi C11 Vol Pct,Centroid Boiling Temperature,Viscosity @ 100C,Hydrogen,CarbonByWt,PValue,RamsCarbonResidueByWt,SulfideByWt,ZincByWt,TinByWt,ChromiumByWt,LeadByWt,AluminiumByWt,MagnesiumByWt,MetalByWt,ArsenicByWt,CadmiumByWt,MercuryByWt,NaClByWt,SaltByWt,MudByWt,ChloridesByWt,MolybdenumByWt,AshByWt,GumByWt,MicroCarbonResidueByWt,nC5InsolublesByWt,NaphthenicAcidByWt,NaphthenicAcidByVol,Gross Heating Value,Net Heating Value,Oxygen Content,
Hydrogen,0,20,5548,2,016000032,69,85910034,0,,0,0,0,0,0,13,9,0,0,,,13,9,10,,0,0,0,0,0,0,0,0,13,9,,,130,,,0,0,0,,0,0,,,,,0,,,,,,,,,,,,,,,,,,,,,,,,,,,,,,,,,,,,,,,,,,,,,,,,,,,,,,,,,,,,,,,,,,,,,,,,,,,,,,,,,,,,,,,,,,,,,,,,,0,0,0,0,,,,,,,,,,,,,,,100,0,,,,,,,,,,,,,,,,,,,,,0,,,,,,,
Nitrogen,0,77,3498,28,0135,806,3740234,0,,0,0,0,0,0,63,1,0,0,,,63,1,,,0,0,0,0,0,0,0,0,63,1,,,,,,0,0,0,,0,0,,,,,0,,,,,,,,,,,,,,,,,,,,,,,,,,,,,,,,,,,,,,,,,,,,,,,,,,,,,,,,,,,,,,,,,,,,,,,,,,,,,,,,,,,,,,,,,,,,,,,,,0,0,0,0,,,,,,,,,,,,,,,0,0,,,,,,,,,,,,,,,,,,,,,0,,,,,,,
CO,0,81,6996,28,0109005,799,3880005,0,,0,0,0,0,0,68,2,0,0,,,68,2,,,0,0,0,0,0,0,0,0,68,2,,,120,,,0,0,0,,0,0,,,,,0,,,,,,,,,,,,,,,,,,,,,,,,,,,,,,,,,,,,,,,,,,,,,,,,,,,,,,,,,,,,,,,,,,,,,,,,,,,,,,,,,,,,,,,,,,,,,,,,,0,0,0,0,,,,,,,,,,,,,,,0,0,,,,,,,,,,,,,,,,,,,,,0,,,,,,,
Oxygen,0,90,1996,32,1137,680054,0,,0,0,0,0,0,54,4,0,0,,,54,4,,,0,0,0,0,0,0,0,0,54,4,,,120,,,0,0,0,,0,0,,,,,0,,,,,,,,,,,,,,,,,,,,,,,,,,,,,,,,,,,,,,,,,,,,,,,,,,,,,,,,,,,,,,,,,,,,,,,,,,,,,,,,,,,,,,,,,,,,,,,,,0,0,0,0,,,,,,,,,,,,,,,0,0,,,,,,,,,,,,,,,,,,,,,0,,,,,,,
Methane,0,111,625,16,04290009,299,3940125,0,,0,0,0,0,3,90,4,0,0,,85,15,90,4,,,0,0,0,0,0,0,100,100,90,4,,,120,,,0,0,0,,0,0,,,,,0,,,,,,,,,,,,,,,,,,,,,,,,,,,,,,,,,,,,,,,,,,,,,,,,,,,,,,,,,,,,,,,,,,,,,,,,,,,,,,,,,,,,,,,,,,,,,,,,,0,0,100,100,,,,,,,,,,,,,,,25,13516209,75,,,,,,,,,,,,,,,,,,,,,0,,,,,,,
Ethylene,0,169,399,28,05380058,383,2260132,0,,0,0,0,0,6,104,0,0,,137,15,104,75,6,,0,0,0,0,100,100,0,0,104,,,100,51,,,0,0,0,,0,0,,,,,0,,,,,,,,,,,,,,,,,,,,,,,,,,,,,,,,,,,,,,,,,,,,,,,,,,,,,,,,,,,,,,,,,,,,,,,,,,,,,,,,,,,,,,,,,,,,,,,,,0,0,0,0,,,,,,,,,,,,,,,14,34761566,85,71428571,,,,,,,,,,,,,,,,,,,,,0,,,,,,,
Ethane,0,184,55,30,06990051,355,6830139,0,,0,0,0,0,4,90,4,0,0,,138,15,90,4,100,79,,0,0,0,0,0,0,100,100,90,4,,,111,38,,,0,0,0,,0,0,,,,,0,,,,,,,,,,,,,,,,,,,,,,,,,,,,,,,,,,,,,,,,,,,,,,,,,,,,,,,,,,,,,,,,,,,,,,,,,,,,,,,,,,,,,,,,,,,,,,,,,0,0,100,100,,,,,,,,,,,,,,,20,11147323,80,,,,,,,,,,,,,,,,,,,,,0,,,,,,,
CO2,0,194,598,44,00970078,825,335022,0,,0,0,0,0,0,217,0,0,,,217,,,0,0,0,0,0,0,0,0,217,,,,,,0,0,0,,0,0,,,,,0,,,,,,,,,,,,,,,,,,,,,,,,,,,,,,,,,,,,,,,,,,,,,,,,,,,,,,,,,,,,,,,,,,,,,,,,,,,,,,,,,,,,,,,,,,,,,,,,,0,0,0,0,,,,,,,,,,,,,,,0,0,,,,,,,,,,,,,,,,,,,,,0,,,,,,,
H2S,0,213,498,34,07600021,788,40802,0,,0,0,0,0,0,188,0,0,,,188,,,0,0,0,0,0,0,0,0,188,,2759,,,,94,1177,0,0,,0,0,,,,,0,,,,,,,,,,,,,,,,,,,,,,,,,,,,,,,,,,,,,,,,,,,,,,,,,,,,,,,,,,,,,,,,,,,,,,,,,,,,,,,,,,,,,,,,,,,,,,,,,0,0,0,0,,,,,,,,,,,,,,,5,911554252,0,,,,,,,,,,,,,,,,,,,,,0,,,,,,,
Propene,0,225,399,42,08060074,520,9550171,0,,0,0,0,0,6,87,9,0,0,,165,87,9,84,9,,0,0,0,0,100,100,0,0,87,9,,1565,102,54,,,0,0,0,,0,0,,,,,0,,,,,,,,,,,,,,,,,,,,,,,,,,,,,,,,,,,,,,,,,,,,,,,,,,,,,,,,,,,,,,,,,,,,,,,,,,,,,,,,,,,,,,,,,,,,,,,,,0,0,0,0,,,,,,,,,,,,,,,14,36465558,85,71428571,,,,,,,,,,,,,,,,,,,,,0,,,,,,,
Propane,0,00010782043463272,231,048,44,09700012,506,678009,0,,0,0,0,0,4,5,85,5,0,0,,169,15,85,5,97,1,,0,0,0,0,0,0,100,100,85,5,,1303,112,14,,,0,0,0,,0,0,,,,,0,,,,,,,,,,,,,,,,,,,,,,,,,,,,,,,,,,,,,,,,,,,,,,,,,,,,,,,,,,,,,,,,,,,,,,,,,,,,,,,,,,,,,,,,,,,,,,,,,0,0,100,100,,,,,,,,,,,,,,,18,28426304,81,81818182,,,,,,,,,,,,,,,,,,,,,0,,,,,,,
i-Butane,0,00246758951396434,261,42,58,12400055,561,9660034,0,380,85,0,0,0,0,4,8,114,0,0,,190,15,114,97,6,,0,0,0,0,0,0,100,100,114,,489,6,101,426,,,0,0,0,,0,0,,,,,0,,,,,,,,,,,,,,,,,,,,,,,,,,,,,,,,,,,,,,,,,,,,,,,,,,,,,,,,,,,,,,,,,,,,,,,,,,,,,,,,,,,,,,,,,,,,,,,,,100,100,0,0,,,,,,,,,,,,,,,17,34802065,82,75862069,,,,,,,,,,,,,,,,,,,,,0,,,,,,,
i-Butene,0,266,299,56,10770035,592,7930298,0,286,7055556,0,0,0,0,6,133,0,0,,193,15,133,88,1,,0,0,0,0,100,100,0,0,133,,442,7,105,2096138,,,0,0,0,,0,0,,,,,0,,,,,,,,,,,,,,,,,,,,,,,,,,,,,,,,,,,,,,,,,,,,,,,,,,,,,,,,,,,,,,,,,,,,,,,,,,,,,,,,,,,,,,,,,,,,,,,,,0,0,0,0,,,,,,,,,,,,,,,14,37319073,85,71428571,,,,,,,,,,,,,,,,,,,,,0,,,,,,,
1-Butene,0,266,898,56,10770035,593,7890015,0,,0,0,0,0,6,87,8,0,0,,193,15,87,8,80,8,,0,0,0,0,100,100,0,0,87,8,,432,97,4,,,0,0,0,,0,0,,0,236064836133691,0,219972008704656,0,208210021632581,0,,,,,,,,,,,,,,,,,,,,,,,,,,,,,,,,,,,,,,,,,,,,,,,,,,,,,,,,,,,,,,,,,,,,,,,,,,,,,,,,,,,,,,,,,,,,,,,,,0,0,0,0,,,,,,,,,,,,,,,14,37319073,85,71428571,,,,,,,,,,,,,,,,,,,,,0,,,,,,,
13-Butadiene,0,268,7,54,1,619,7440186,0,,0,0,0,0,8,164,0,0,,197,15,164,73,94513286,,0,0,0,0,100,100,0,0,164,,409,6,102,9723045,,,0,0,0,,0,0,,,,,0,,,,,,,,,,,,,,,,,,,,,,,,,,,,,,,,,,,,,,,,,,,,,,,,,,,,,,,,,,,,,,,,,,,,,,,,,,,,,,,,,,,,,,,,,,,,,,,,,0,0,0,0,,,,,,,,,,,,,,,11,17841035,88,88888889,,,,,,,,,,,,,,,,,,,,,0,,,,,,,
n-Butane,0,00653060507832354,272,648,58,12400055,583,2230225,0,356,35,0,0,0,0,4,8,135,0,0,,213,15,135,89,6,,0,0,0,0,0,0,100,100,135,,358,5,93,8,,,0,0,0,,0,0,,0,241514675581771,0,217701202498228,,0,,,,,,,,,,,,,,,,,,,,,,,,,,,,,,,,,,,,,,,,,,,,,,,,,,,,,,,,,,,,,,,,,,,,,,,,,,,,,,,,,,,,,,,,,,,,,,,,,0,0,100,100,,,,,,,,,,,,,,,17,34802065,82,75862069,,,,,,,,,,,,,,,,,,,,,0,,,,,,,
tr2-Butene,0,274,027,56,1,608,684021,0,,0,0,0,0,6,168,0,0,,201,168,83,84306902,,0,0,0,0,100,100,0,0,168,,343,9,105,0089318,,,0,0,0,,0,0,,,,,0,,,,,,,,,,,,,,,,,,,,,,,,,,,,,,,,,,,,,,,,,,,,,,,,,,,,,,,,,,,,,,,,,,,,,,,,,,,,,,,,,,,,,,,,,,,,,,,,,0,0,0,0,,,,,,,,,,,,,,,14,37319073,85,71428571,,,,,,,,,,,,,,,,,,,,,0,,,,,,,
i-Pentane,0,0454537135581518,301,028,72,15100098,623,4420166,0,343,95,0,0,0,0,5,113,0,0,,217,113,90,3,,0,0,0,0,0,0,100,100,113,,133,8,92,3,,,0,0,0,,0,0,,,,,0,,,,,,,,,,,,,,,,,,,,,,,,,,,,,,,,,,,,,,,,,,,,,,,,,,,,,,,,,,,,,,,,,,,,,,,,,,,,,,,,,,,,,,,,,,,,,,,,,100,100,0,0,,,,,,,,,,,,,,,16,75213296,83,33333333,,,,,,,,,,,,,,,,,,,,,0,,,,,,,
1-Pentene,0,303,096,70,13500214,638,7230225,0,292,25,0,0,0,0,6,108,0,0,,245,108,77,1,,0,0,0,0,100,100,0,0,108,,131,8,90,9,,,0,0,0,,0,0,,,,,0,,,,,,,,,,,,,,,,,,,,,,,,,,,,,,,,,,,,,,,,,,,,,,,,,,,,,,,,,,,,,,,,,,,,,,,,,,,,,,,,,,,,,,,,,,,,,,,,,0,0,0,0,,,,,,,,,,,,,,,14,37831669,85,71428571,,,,,,,,,,,,,,,,,,,,,0,,,,,,,
2M-1-butene,0,304,303,70,1,654,3800049,0,,0,0,0,0,6,136,0,0,,221,136,81,9,,0,0,0,0,100,100,0,0,136,,127,2,102,54,,,0,0,0,,0,0,,,,,0,,,,,,,,,,,,,,,,,,,,,,,,,,,,,,,,,,,,,,,,,,,,,,,,,,,,,,,,,,,,,,,,,,,,,,,,,,,,,,,,,,,,,,,,,,,,,,,,,0,0,0,0,,,,,,,,,,,,,,,14,37831669,85,71428571,,,,,,,,,,,,,,,,,,,,,0,,,,,,,
n-Pentane,0,309,209,72,15100098,629,7290039,0,343,95,0,0,0,0,5,143,0,0,,233,143,61,9,,0,0,0,0,0,0,100,100,143,,101,35,61,7,,,0,0,0,,0,0,,0,317713556013358,0,28795065870348,0,265338970196147,0,,,,,,,,,,,,,,,,,,,,,,,,,,,,,,,,,,,,,,,,,,,,,,,,,,,,,,,,,,,,,,,,,,,,,,,,,,,,,,,,,,,,,,,,,,,,,,,,,0,0,100,100,,,,,,,,,,,,,,,16,75213296,83,33333333,,,,,,,,,,,,,,,,,,,,,0,,,,,,,
cis2-Butene,0,276,867,56,1,625,9530029,0,,0,0,0,0,6,134,0,0,,203,134,83,5,,0,0,0,0,100,100,0,0,134,,314,4,100,,,0,0,0,,0,0,,,,,0,,,,,,,,,,,,,,,,,,,,,,,,,,,,,,,,,,,,,,,,,,,,,,,,,,,,,,,,,,,,,,,,,,,,,,,,,,,,,,,,,,,,,,,,,,,,,,,,,0,0,0,0,,,,,,,,,,,,,,,14,37319073,85,71428571,,,,,,,,,,,,,,,,,,,,,0,,,,,,,
3M-1-butene,0,293,204,70,1,631,2700195,0,,0,0,0,0,6,105,0,0,,217,105,85,26729455,,0,0,0,0,100,100,0,0,105,,190,101,6748769,,,0,0,0,,0,0,,,,,0,,,,,,,,,,,,,,,,,,,,,,,,,,,,,,,,,,,,,,,,,,,,,,,,,,,,,,,,,,,,,,,,,,,,,,,,,,,,,,,,,,,,,,,,,,,,,,,,,0,0,0,0,,,,,,,,,,,,,,,14,37831669,85,71428571,,,,,,,,,,,,,,,,,,,,,0,,,,,,,
2M-2-butene,0,311,704,70,1,666,1090088,0,406,15,0,0,0,0,6,139,0,0,,228,139,84,7,,0,0,0,0,100,100,0,0,139,,98,11,97,3,,,0,0,0,,0,0,,,,,0,,,,,,,,,,,,,,,,,,,,,,,,,,,,,,,,,,,,,,,,,,,,,,,,,,,,,,,,,,,,,,,,,,,,,,,,,,,,,,,,,,,,,,,,,,,,,,,,,0,0,0,0,,,,,,,,,,,,,,,14,37831669,85,71428571,,,,,,,,,,,,,,,,,,,,,0,,,,,,,
2M-13-C4==,0,307,204,68,1,684,8460083,0,,0,0,0,0,7,5,127,0,0,,219,127,81,,0,0,0,0,100,100,0,0,127,,118,6,99,1,,,0,0,0,,0,0,,,,,0,,,,,,,,,,,,,,,,,,,,,,,,,,,,,,,,,,,,,,,,,,,,,,,,,,,,,,,,,,,,,,,,,,,,,,,,,,,,,,,,,,,,,,,,,,,,,,,,,0,0,0,0,,,,,,,,,,,,,,,11,8404699,88,23529412,,,,,,,,,,,,,,,,,,,,,0,,,,,,,
tr2-Pentene,0,309,493,70,1,652,2630005,0,404,4833333,0,0,0,0,6,133,0,0,,225,133,85,14880659,,0,0,0,0,100,100,0,0,133,,106,7,100,3776273,,,0,0,0,,0,0,,,,,0,,,,,,,,,,,,,,,,,,,,,,,,,,,,,,,,,,,,,,,,,,,,,,,,,,,,,,,,,,,,,,,,,,,,,,,,,,,,,,,,,,,,,,,,,,,,,,,,,0,0,0,0,,,,,,,,,,,,,,,14,37831669,85,71428571,,,,,,,,,,,,,,,,,,,,,0,,,,,,,
cis2-Pentene,0,310,083,70,1,659,5750122,0,403,9277778,0,0,0,0,6,122,0,0,,226,122,85,14880659,,0,0,0,0,100,100,0,0,122,,104,4,100,3776273,,,0,0,0,,0,0,,,,,0,,,,,,,,,,,,,,,,,,,,,,,,,,,,,,,,,,,,,,,,,,,,,,,,,,,,,,,,,,,,,,,,,,,,,,,,,,,,,,,,,,,,,,,,,,,,,,,,,0,0,0,0,,,,,,,,,,,,,,,14,37831669,85,71428571,,,,,,,,,,,,,,,,,,,,,0,,,,,,,
Cyclopentane,0,322,398,70,13500214,748,8740234,0,289,95,0,0,0,0,6,179,0,0,,233,179,84,9,,100,100,0,0,0,0,0,0,179,,41,7,101,426,,,0,0,0,,0,0,,0,483269667509962,0,429891392256475,,0,,,,,,,,,,,,,,,,,,,,,,,,,,,,,,,,,,,,,,,,,,,,,,,,,,,,,,,,,,,,,,,,,,,,,,,,,,,,,,,,,,,,,,,,,,,,,,,,,0,0,0,0,,,,,,,,,,,,,,,14,37831669,85,71428571,,,,,,,,,,,,,,,,,,,,,0,,,,,,,
Cyclopentene,0,317,38,68,1,776,5159912,0,458,3722222,0,0,0,0,7,5,138,0,0,,244,138,69,7,,100,100,0,0,0,0,0,0,138,,81,04,93,3,,,0,0,0,,0,0,,,,,0,,,,,,,,,,,,,,,,,,,,,,,,,,,,,,,,,,,,,,,,,,,,,,,,,,,,,,,,,,,,,,,,,,,,,,,,,,,,,,,,,,,,,,,,,,,,,,,,,0,0,0,0,,,,,,,,,,,,,,,11,8404699,88,23529412,,,,,,,,,,,,,,,,,,,,,0,,,,,,,
22-Mpropane,0,282,648,72,2,595,5930176,0,291,7055556,0,0,0,0,5,257,0,0,,225,257,80,2,,0,0,0,0,0,0,100,100,257,,251,8,85,5,,,0,0,0,,0,0,,,,,0,,,,,,,,,,,,,,,,,,,,,,,,,,,,,,,,,,,,,,,,,,,,,,,,,,,,,,,,,,,,,,,,,,,,,,,,,,,,,,,,,,,,,,,,,,,,,,,,,100,100,0,0,,,,,,,,,,,,,,,16,75213296,83,33333333,,,,,,,,,,,,,,,,,,,,,0,,,,,,,
33M-1-butene,0,314,397,84,16,657,1190186,0,,0,0,0,0,6,,0,0,,241,15,157,95,93,3,,0,0,0,0,100,100,0,0,,,91,82,111,77,,,0,0,0,,0,0,,,,,0,,,,,,,,,,,,,,,,,,,,,,,,,,,,,,,,,,,,,,,,,,,,,,,,,,,,,,,,,,,,,,,,,,,,,,,,,,,,,,,,,,,,,,,,,,,,,,,,,0,0,0,0,,,,,,,,,,,,,,,14,3716,85,71428571,,,,,,,,,,,,,,,,,,,,,0,,,,,,,
H2O,0,373,148,18,01510048,997,9860229,0,,0,0,0,0,0,,0,0,,,,,,0,0,0,0,0,0,0,0,,,,,,,0,0,0,,0,0,,0,698140124178851,0,560124358458913,0,474686748589316,0,,,,,,,,,,,,,,,,,,,,,,,,,,,,,,,,,,,,,,,,,,,,,,,,,,,,,,,,,,,,,,,,,,,,,,,,,,,,,,,,,,,,,,,,,,,,,,,,,0,0,0,0,,,,,,,,,,,,,,0,279783740086422,11,18972388,0,,,,,,,,,,,,,,,,,,,,,0,,,,,,,
36-40C*,0,014378226950725,313,149994,72,9245225702047,630,123161801141,0,0118754787763938,336,83601270132,1,0837188702048,0,0,0,5,30161316373166,132,715313136479,0,0,39,4211803868985,237,452880911821,151,040042895618,66,2644511153965,75,0215423153965,7,94270653964762,39,8616866461708,0,0,0,0,90,9735745901476,60,1383133538292,128,604202025368,1,356356325279,77,5703640897641,67,9119450017101,76,6690362017101,57,498432685228,8,06324753405887E-05,0,0,94,1972145768408,0,6,91147191992782E-09,126,599658432771,0,309374588510191,0,28192434713142,0,259188862528133,0,799124430441106,0,0,0,0,0,0,0,0,0,0,0,0,0,0,0,0,0,0,0,0,0,0,0,0,0,0,0,0,0,0,0,0,0,0,0,0,0,0,0,0,0,0,0,0,0,0,0,0,0,0,0,0,0,0,0,0,0,0,0,0,0,0,0,0,0,0,0,0,0,0,0,0,0,0,0,0,0,0,0,0,0,0,0,0,0,0,0,0,0,0,0,0,0,0,0,0,0,0,60,1383133538292,90,9735745901476,0,0,0,0,0,0,0,0,0,0,0,0,311,149997,0,216489755735866,16,6462529006818,83,3539373922121,0,0,0,0,0,0,0,0,0,0,0,0,0,0,9,92672964646256E-13,0,0,0,0,0,0,0,0,0,49971,5578598944,44844,8268002135,0,
40-50C*,0,0393358011977311,323,149994,75,7640731006687,642,256752803036,0,0153275666146032,335,83261361706,1,26417892096945,0,0,0,5,20794607414982,134,70695400055,0,0,40,0175002957613,241,95145889631,152,780265902492,64,6484245937511,73,4055157937511,9,26532005571822,40,9683007311985,0,0,0,0,89,4705010233123,59,0316992688015,130,595842889439,1,36191787373705,59,8730497404366,66,2573007829058,75,0143919829058,54,2526752628023,0,000126826003665442,0,0,66,689087343625,0,3,11016236396752E-08,120,605431024793,0,32192495721833,0,291197010587195,0,265810595703178,0,96144435288415,82,6253828941883,84,5138140018374,0,0,0,0,0,0,0,0,0,0,0,0,0,0,0,0,0,0,0,0,0,0,82,6253828941883,84,5138140018374,0,0,0,0,0,0,0,0,0,0,0,0,0,0,0,0,0,0,0,0,0,0,0,0,0,0,0,0,0,0,0,0,0,0,0,0,0,0,0,0,0,0,0,0,0,0,0,0,0,0,0,0,0,0,0,0,0,0,0,0,0,0,0,0,0,0,0,0,0,0,59,0316992688015,89,4705010233123,0,0,0,0,0,0,0,0,0,0,0,0,0,0,318,15,0,218293174784078,16,4511207303757,83,5468570941112,0,0,0,0,0,0,0,0,0,0,0,0,0,0,4,46702834090815E-12,0,0,0,0,0,0,0,0,0,49776,5898544456,44835,7297608323,0,
50-60C*,0,0436625319708901,333,149994,79,88734576741,659,815721583656,0,020259120669188,334,399186353832,1,42237776758822,0,0,0,5,14032180684202,137,552155234937,0,0,39,6848332759458,246,919469649669,156,115489400054,62,3353099301279,71,0924011301279,11,0191702904009,42,5502484343062,0,0,0,0,87,5584519420109,57,4497515656938,133,441044123826,1,37017147894643,44,9812076807113,63,8935233274712,72,6506145274711,49,7726229515491,0,000192816758415233,0,0,46,9073840140768,0,6,56589832393143E-08,111,97175690825,0,346266493381598,0,31207943415297,0,283540370126566,1,19332995637421,45,5345499851439,45,8828040153303,18,0076198445408,17,8015421503245,34,8354658549823,34,8911215384705,3,15263047467109E-09,3,10480813072768E-09,0,0,0,0,0,0,0,0,0,0,0,0,0,0,0,0,98,3776356878196,98,5754677072302,0,0,0,0,0,0,0,0,0,0,0,0,0,0,0,0,0,0,0,0,0,0,0,0,0,0,0,0,0,0,0,0,0,0,0,0,0,0,0,0,0,0,0,0,0,0,0,0,0,0,0,0,0,0,0,0,0,0,0,0,0,0,0,0,0,0,0,0,0,0,57,4497515656938,87,5584519420109,0,0,0,0,0,0,0,0,0,0,0,0,0,0,328,15,0,22645166859274,16,1505290647436,83,8449564703177,0,0,0,0,0,0,0,0,0,0,0,0,0,0,9,43039316413943E-12,0,0,0,0,0,0,0,0,0,49507,141343469,44822,7339902877,0,
60-70C*,0,0471657417881317,343,149994,84,0781745735786,677,441477122644,0,0251906747237729,332,965759090603,4,2081890292144,0,0,0,5,13118116931354,140,397356469324,0,0,38,4871661475005,252,357995291657,161,197470367229,59,8537144708933,68,6108056708933,16,3502662197954,44,1292364135691,0,0,0,0,79,4415447509902,55,8707635864309,136,286245358213,1,37871277935712,32,8903102684305,61,32836628114,70,08545748114,45,5174480388367,0,000258807513165023,0,0,32,7730229688828,0,1,00216342838953E-07,103,38488515879,0,375265356544248,0,337448727470985,0,305678882776583,1,43281264900016,0,0,0,000106618344329161,0,000106220080666066,18,4003989099338,18,5735074735291,23,2942972379128,23,1198328634291,0,0,0,0,0,0,0,0,0,0,0,0,0,0,0,0,41,6948027661909,41,6934465570388,0,0,0,0,0,0,0,0,0,0,58,3022837617963,58,303986232158,0,0,0,0,0,0,0,0,0,0,0,0,0,0,0,0,0,0,0,0,0,0,0,0,0,0,0,0,0,0,0,0,0,0,0,00291347201285897,0,00256721080312558,0,0,0,0,0,0,0,0,0,0,0,00291347201285897,0,00256721080312558,0,0,0,0,0,0,0,0,0,0,23,2958834003702,33,1227683361272,32,5748801860607,46,318776414863,0,0,0,0,0,0,0,0,0,0,0,0,338,15,0,237892909237875,15,8242533728319,84,1695262018948,0,0,0,0,0,0,0,0,0,0,0,0,0,0,1,43937579873707E-11,0,0,0,0,0,0,0,0,0,49250,715720335,44560,2322798745,0,
70-80C*,0,0483403656831558,353,149994,88,3280941657568,694,91375980597,0,0301222287783578,331,532331827374,2,97157326990335,2,06431903506448,0,0,5,17578213369015,143,242557703711,0,0,36,8424074924055,261,223747297896,165,4850363023,57,3513106029942,66,1084018029942,21,8230499963967,44,6604775025711,0,0,0,0,75,2053767337,53,2752034623644,139,1314465926,1,38744300419574,23,4064041542296,58,7344407218236,67,4915319218236,41,5225223077814,0,000324798267914814,0,0,22,7403242732689,0,1,34773702438593E-07,94,9804230925922,0,409828056149785,0,36825173977661,0,333270324813143,1,65961365574577,0,0,0,0,0,0,0,0,2,71634481342172,3,06794450504726,1,45867874148013,1,64985683713062,0,0,0,0,0,0,0,0,0,0,0,0,0,0,4,17502355490185,4,71780134217789,0,0,0,0,0,0,0,0,1,23165950574473,1,42110688892003,0,0,0,0,0,0,0,0,0,0,0,0,0,0,0,0,0,0,0,0,0,0,13,7119533831333,11,884109828414,0,0,0,0,0,0,0,0,0,0,74,380491566969,75,6193822967997,6,50087198925119,6,35759964368834,0,0,0,0,0,0,0,0,80,8813635562202,81,976981940488,0,0,0,0,0,0,0,0,0,0,41,1389435727273,57,7959490412171,12,1362598896372,17,4094276924829,0,0,0,0,0,0,0,0,0,0,0,0,348,15,0,253806194277348,15,4722936546407,84,5205662888424,0,0,0,0,0,0,0,0,0,0,0,0,0,0,1,9357122810602E-11,0,0,0,0,0,0,0,0,0,49009,3614023915,44276,803974583,0,
80-90C*,0,0361767358581158,363,149994,92,6355180081703,712,012310019606,0,0350537828329426,330,098904564145,5,21983891969778,5,5915749420993,0,0,5,26858950679158,146,087758938099,0,0,35,0440370982527,268,141955218325,169,266470439271,55,0474043107107,63,8044955107107,27,2958337729979,44,4033973356957,0,0,0,0,67,4843273073043,50,005027722205,141,976647826988,1,3962467141122,16,0251401829279,56,3706632663889,65,1277544663889,37,8147706990317,0,000390789022664604,0,0,15,6673092791443,0,1,69331062038232E-07,86,8830934499748,0,451060823718118,0,405653026269459,0,36761749404902,1,87327427268589,0,0,0,0,0,0,0,0,0,066804877190988,0,0743814603151623,3,32533264450751,3,70779430049505,0,0,0,0,6,11676240121026,6,60481937874167,16,6365728829935,18,3990984491832,0,00341446271527279,0,00372881469999738,3,7753382717475E-12,4,05842154299985E-12,0,0,26,1488872686213,28,7898224034391,0,0,0,0,0,0,0,0,0,0,0,0,0,0,0,0,0,0,0,0,0,0,0,0,0,0,0,0,0,0,0,0,8,03519908693733,6,86527439241153,0,0,0,0,0,0,0,0,0,0,0,0,36,8641794333048,35,5402159412015,0,0,0,0,0,0,0,0,36,8641794333048,35,5402159412015,28,9517342111365,28,8046872629478,0,0,0,0,0,0,0,0,50,005027722205,67,4843273073043,0,0,0,0,0,0,0,0,0,0,0,0,0,0,358,15,0,27578214068283,15,0946499101699,84,8980767311607,0,0,0,0,0,0,0,0,0,0,0,0,0,0,2,43204876338333E-11,0,0,0,0,0,0,0,0,0,48784,6376414108,43993,3756692914,0,
90-100C*,0,03611229771563,373,149994,97,1974326224879,728,516868149525,0,0453796896775708,328,665477300917,11,0229905426224,8,9006103937001,0,0,5,40302251511892,150,013192477996,0,0,33,3011700468229,275,043226968107,173,348301345728,52,9464007863234,61,7034919863233,30,2434061246292,44,1859708654903,0,0,0,0,58,7336033327484,46,9134187408096,144,821849061375,1,40499198163361,10,1592759631877,54,237033914836,62,994125114836,34,4145964229455,0,000456779777414395,0,0,10,7156648150324,0,2,03888421637871E-07,79,2061303883192,0,500323829571935,0,451096038090959,0,410358843386439,2,07821020067927,0,0,0,0,0,0,0,0,0,0,0,0,0,0,0,0,2,35029716556295,2,31863534429448,15,2785016713971,15,4377421525632,24,2921599241987,24,2373368920245,1,55581968119136,1,52802649821037,0,0,43,4767784423501,43,5217408870925,0,0,0,0,0,0,0,0,0,0,54,7653763916476,54,9110861582404,0,0,0,0,0,0,0,0,0,0,0,0,0,0,0,0,0,0,0,0,0,0,0,0,0,0,0,0,0,0,0,0,0,0,0,0,0,0,0,0,0,0,0,0,0,0,1,7578451660023,1,56717295466709,0,0,0,0,0,0,0,0,20,7613963274097,25,9688636641098,26,1520224133999,32,7647396686386,0,0,0,0,0,0,0,0,0,0,0,0,368,15,0,305956354837104,14,6913221394195,85,3020575288495,0,0,0,0,0,0,0,0,0,0,0,0,0,0,2,92838524570645E-11,0,0,0,0,0,0,0,0,0,48577,7260088708,43709,9473639999,0,
100-110C*,0,035481842562423,383,149994,101,936117478577,744,207174581699,0,0486554335450862,327,232050037688,14,5132515109345,12,0044410699732,0,0,5,57109775354891,156,385012815623,0,0,31,7652198572575,281,929104575811,177,601567313656,51,0527052221128,59,8097964221128,36,5335436790331,43,9925501100226,0,0,0,0,48,9532048100324,44,0030088200041,147,667050295762,1,41353124142942,7,51918392961232,52,3335526671648,61,0906438671648,31,3376332947025,0,000522770532164185,0,0,7,27405367643317,0,2,3844578123751E-07,72,0516470744221,0,559303181192502,0,506385417933648,0,46357429998608,2,27883714058465,0,0,0,0,0,0,0,0,0,0,0,0,0,0,0,0,0,0,0,0,0,0,0,0,0,0,0,0,0,0,0,0,0,0,0,0,0,0,0,0747543931386666,0,0845210869991493,0,0,0,0,0,0,0,0,0,0,0,0,0,0,0,0,0,0,0,0,0,0,5,05312792859372,4,51011068619022,0,0,0,0,0,0,0,0,0,0,0,0,0,0,0,0,0,0,0,0,0,0,94,8721176782676,95,4053682268106,0,0,0,0,0,0,0,0,43,9282544268654,48,8686837230333,0,0747543931386666,0,0845210869991493,0,0,0,0,0,0,0,0,0,0,0,0,378,15,0,347219656411958,14,2623103423896,85,7325086819089,0,0,0,0,0,0,0,0,0,0,0,0,0,0,3,42472172802958E-11,0,0,0,0,0,0,0,0,0,48389,5318755332,43426,5190587083,0,
110-120C*,0,0343989426179764,393,149994,106,84622559508,758,8629697021,0,05169406335743,325,798622774459,18,4395555890681,14,9108175049346,0,0,5,76307346393186,162,671530613274,0,0,30,5486492294067,288,800875057926,182,000889144901,49,3707228103595,58,1278140103595,43,4173126717757,43,8083087003514,0,0,0,0,38,1431317391562,41,280873794714,150,512251530149,1,42170294059988,7,229853274333,50,6602195233753,59,4173107233753,28,5963179529701,0,000588761286913976,0,0,4,89968911879822,0,4,40616517340351E-07,65,5117269556266,0,630107349847771,0,573798704744611,0,529932223126688,2,47957079326079,0,0,0,0,0,0,0,0,0,0,0,0,0,0,0,0,0,0,0,0,0,0,0,0,0,0,0,0,40,3447741867974,43,9870117974019,0,0,0,0,0,0,0,0,0,0,0,0,0,0,0,0,0,0,0,0,0,0,0,0,0,0,0,0,0,0,0,0,26,6015129307517,23,5621732926292,0,0,0,0,0,0,0,0,0,0,0,0,0,0,0,0,0,0,0,0,0,0,0,0,33,053712882451,32,4508149099689,0,0,0,0,0,0,41,280873794714,38,1431317391562,0,0,0,0,0,0,0,0,0,0,0,0,0,0,388,15,0,403534760804114,13,8076145190802,86,1894301903388,0,0,0,0,0,0,0,0,0,0,0,0,0,0,6,32843639687279E-11,0,0,0,0,0,0,0,0,0,48272,2563630886,43143,0907534167,0,
120-130C*,0,032608693190474,403,149994,112,231409493703,765,666655572568,0,0546225721889232,324,575345441005,18,8122001274359,17,6401738523127,0,0,00449457484365157,5,83638643919374,169,299743142814,0,0,32,6616044856091,295,659628714321,186,886250869745,48,0368055098268,56,7938967098268,44,5042898124037,43,5778812058488,0,0,00473113141437007,0,0,36,6835100601605,38,7819449418385,153,647988135125,1,42570970211141,6,94614651316348,49,2170344834676,57,9741256834676,27,4541796447613,0,00131667198454508,0,0,3,27410946973025,0,1,72365115272659E-05,62,7408139594318,0,68193038949726,0,618536679945003,0,570509900855145,2,68482685956642,0,0,0,0,0,0,0,0,0,0,0,0,0,0,0,0,0,0,0,0,0,0,0,0,0,0,0,0,9,86141069864683E-05,0,000101151286256369,0,0,0,0,0,0,0,0,0,0,77,962361418876,79,7340208222607,0,0,0,0,0,0,0,0,0,0,0,0,0,0,0,0,0,0,0,0,0,0,0,0,0,0,0,0,0,0,0,0,0,0,0,0,0,0,0,0,0,0,0,0,0,0,22,0375399670171,20,2658780264531,0,0,0,0,0,0,0,0,38,7819449418385,36,6835100601605,0,0,0,0,0,0,0,0,0,0,0,0,398,15,0,431411141744249,13,7442221189099,86,2563391305144,0,0,0,0,0,0,0,0,0,0,0,0,0,0,2,47562591531286E-09,0,0,0,0,0,0,0,0,0,48192,2492023302,43110,3518148142,0,
130-140C*,0,0306439331060063,413,149994,117,797151506785,771,008257270531,0,0575679531138867,325,829369082306,18,0742656541761,20,3753089717492,0,0,0099024052054439,5,88772812291805,175,896673917348,0,0,35,1505746478188,302,506300924676,192,006087468579,46,9231528189659,55,6802440189659,44,3429179872096,42,8552643887893,0,0,010423584426783,0,0,37,5828163586143,36,7694266394615,160,440600423132,1,42890060629306,6,66812195394309,48,0039975474416,56,7610887474416,26,6108663571683,0,00217907861592564,0,0,2,16992315290012,0,3,40324065371915E-05,60,677459502617,0,734073127132731,0,661552846622556,0,607942901041447,2,89902104036031,0,0,0,0,0,0,0,0,0,0,0,0,0,0,0,0,0,0,0,0,0,0,0,0,0,0,0,0,0,0,7,23639266202111E-16,8,14154075559776E-16,0,0,0,0,0,0,0,0,0,0,0,0,0,0,0,0,0,0,0,0,0,0,0,0,0,0,0,0,0,0,0,0,13,6256776167229,12,8054534366571,6,31268896138235E-18,5,82343475487938E-18,14,152001577294,13,340923007138,14,1592149595797,13,2586799203871,0,0,0,0,41,9368941535966,39,4050563641822,0,0,0,0,0,0,0,0,0,0,58,0631058464034,60,5949436358178,0,0,0,0,0,0,36,7694266394615,37,5828163586143,0,0,0,0,0,0,0,0,0,0,0,0,0,0,408,15,0,453576186695365,13,7633889491626,86,24085775144,0,0,0,0,0,0,0,0,0,0,0,0,0,0,4,88796746665699E-09,0,0,0,0,0,0,0,0,0,48125,4092523824,43128,5506079064,0,
140-150C*,0,0286609020030855,423,149994,123,560690096343,776,349858968494,0,0606571992066418,327,084834826068,17,5640504070589,22,8983493205303,0,0,0153102355672362,5,94349101227676,182,367578954344,0,0,37,3877068295764,309,341702896494,197,193554288579,46,000523054327,54,757614254327,44,1815461620155,42,151506749731,0,0,016116037439196,0,0,38,2544034309256,34,9501439297387,167,590126769958,1,4320655275799,6,39583557788366,47,0211087152974,55,7781999152974,25,7815348791988,0,00304148524730621,0,0,1,42597351899186,0,5,08283015471171E-05,58,6338880279448,0,793599852822307,0,710329525898397,0,650335495541122,3,12656903650119,0,0,0,0,0,0,0,0,0,0,0,0,0,0,0,0,0,0,0,0,0,0,0,0,0,0,0,0,0,0,76,5611484787383,79,577046247132,0,0,0,0,0,0,0,0,0,0,2,25702664953966,2,35856021700813,0,0,0,0,0,0,0,0,0,0,0,0,0,0,0,0,0,0,0,0,0,768795686468464,0,667486810596714,20,4025894915111,17,3878150816101,0,0103940563120559,0,00905207145454745,2,9569621344301E-13,2,55800726212597E-13,0,0,0,0,21,181779234292,18,0643539636616,4,56374300185615E-05,3,95721983258874E-05,0,0,0,0,0,0,0,0,0,0,0,0,0,0,0,0,32,693117280199,35,8958432139174,2,25702664953966,2,35856021700813,0,0,0,0,0,0,0,0,0,0,0,0,418,15,0,478618197193124,13,7825557794153,86,2253763723656,0,0,0,0,0,0,0,0,0,0,0,0,0,0,7,30030901800112E-09,0,0,0,0,0,0,0,0,0,48055,2621293659,43146,7494009987,0,
150-160C*,0,0269125522163237,433,149994,128,667511343412,781,691460666458,0,0640173035415092,328,341401032611,17,1067349518256,25,1937399822937,0,0,0207180659290286,6,00355783238091,188,707156426263,0,0,39,4009148223829,316,166544788216,201,583899862023,45,0062596923548,53,7633508923548,44,0201743368215,41,4876200196601,0,0,021808490451609,0,0,38,8730907113529,33,3186399980461,175,005834288381,1,4352039501906,6,12934087304639,45,9519143441975,54,7090055441975,24,9658985814276,0,00390389187868678,0,0,0,928922263560238,0,6,76241965570427E-05,56,6101094749432,0,861864005945786,0,765857335382588,0,69852795384105,3,37188654884781,0,0,0,0,0,0,0,0,0,0,0,0,0,0,0,0,0,0,0,0,0,0,0,0,0,0,0,0,0,0,0,0,0,0,0,0,0,0,0,0,0,0,18,18074584028,20,1928590740379,0,0,0,0,0,0,0,0,0,0,0,0,0,0,0,0,0,0,0,0,0,0,0,0,0,0,0,0,0,0,0,0,0,0,27,5963272563197,25,4329138629042,0,0,0,0,0,0,0,0,0,0,54,2229269034003,54,3742270630579,0,0,0,0,15,1378941577661,18,6802316373151,18,18074584028,20,1928590740379,0,0,0,0,0,0,0,0,0,0,0,0,428,15,0,507005138817798,13,8017226096679,86,2098949932912,0,0,0,0,0,0,0,0,0,0,0,0,0,0,9,71265056934525E-09,0,0,0,0,0,0,0,0,0,47982,0105787752,43164,9481940909,0,
160-170C*,0,0256782145752157,443,149994,134,82307071029,795,187779713063,0,0677752591928102,329,599067701936,16,7023192884762,27,2506721338811,0,0,0261258962908209,6,25528121706159,194,335681488707,0,0,37,6631488497259,322,981453432259,206,869299611916,43,6340011914102,52,3910923914102,43,8588025116274,40,8829123406353,0,0,027500943464022,0,0,39,4388781998964,31,8664155254836,182,596990091175,1,44289644481293,5,86868866273925,44,6238033562307,53,3808945562307,22,7005150899763,0,00476629851006734,0,0,0,599691777132532,0,8,44200915669682E-05,50,9165906980961,0,940535158785278,0,829343124471511,0,753540853292297,3,63938927825892,0,0,0,0,0,0,0,0,0,0,0,0,0,0,0,0,0,0,0,0,0,0,0,0,0,0,0,0,0,0,0,0,8,96956176546961E-05,9,72592445864857E-05,0,0,0,0,0,0,0,0,0,0,1,49574125625005E-05,1,6284530169379E-05,0,0,0,0,0,0,0,0,0,0,0,0,0,0,0,0,0,0,0,0,0,0,0,0,0,0,0,0,0,0,0,0,0,0,0,0,0,0,0,0,0,0,0,0,99,9998953469698,99,9998864562252,0,0,0,0,31,866400568071,39,4388619153662,1,49574125625005E-05,1,6284530169379E-05,0,0,0,0,0,0,0,0,0,0,0,0,438,15,0,539300078662238,13,8208894399206,86,1944136142168,0,0,0,0,0,0,0,0,0,0,0,0,0,0,1,21249921206894E-08,0,0,0,0,0,0,0,0,0,47784,3664360971,43183,1469871831,0,
170-180C*,0,0248843770065979,453,149994,141,300317975436,799,226407766071,0,0721465680305135,330,857834834041,16,3508034170108,29,0061189242632,0,0,0315337266526132,6,29779037748972,200,478270325773,0,0,39,8750205309947,329,786986146791,212,259449957228,42,4508965103376,51,2079877103376,43,6974306864333,40,4073974193778,0,0,033193396476435,0,0,39,9517658965559,30,5864836563589,190,272861291118,1,44525932339564,5,61392692896837,43,2956923682638,52,0527835682638,22,1596846324206,0,00562870514144791,0,0,0,383559308039418,0,0,000101215986576894,49,5415541796668,1,03169034497014,0,902268325012727,0,816622957293617,3,93349292559326,0,0,0,0,0,0,0,0,0,0,0,0,0,0,0,0,0,0,0,0,0,0,0,0,0,0,0,0,0,0,0,0,85,2706292138692,85,3601119990346,0,0,0,0,0,0,0,0,0,0,12,8543756352323,12,9200914766757,0,0,0,0,0,0,0,0,0,0,0,0,0,0,0,0,0,0,0,0,0,0,0,0,0,0,0,0,0,0,0,0,0,0,6,1744811761057E-10,5,25385001562485E-10,0,0,0,0,0,0,0,0,0,0,1,87499515028111,1,71979652376436,0,0,17,7321080211267,27,0316744198802,12,8543756352323,12,9200914766757,0,0,0,0,0,0,0,0,0,0,0,0,448,15,0,576185035476686,13,8400562701732,86,1789322351424,0,0,0,0,0,0,0,0,0,0,0,0,0,0,1,45373336720335E-08,0,0,0,0,0,0,0,0,0,47722,0356241617,43201,3457802754,0,
180-190C*,0,0231446417167029,463,149994,148,111387370615,802,636832780576,0,0781780707161598,332,117702428928,16,0521873374292,29,9052056554692,0,0,0369415570144055,6,32720074217046,206,52899141697,0,0,42,1927931481645,336,583641658298,217,740728669361,41,280355890035,50,037447090035,43,5360588612392,40,5709779451604,0,0,0388858494888479,0,0,40,4117538013316,29,5238163993704,197,942715000986,1,44723204928626,5,36510063111498,41,967581380297,50,724672580297,21,7354425181431,0,00649111177282847,0,0,0,242975333809528,0,0,000118011881586819,48,4586801379138,1,13793704533779,0,986466203446481,0,889314389747638,4,3105216024964,0,0,0,0,0,0,0,0,0,0,0,0,0,0,0,0,0,0,0,0,0,0,0,0,0,0,0,0,0,0,0,0,0,0,0,0,0,0,0,0,0,0,0,0,0,0,0,0,0,0,0,0,0,0,0,0,0,0,0,0,0,0,0,0,0,0,0,0,0,0,0,0,0,0,0,0,0,0,0,0,30,4187025259678,28,8536644660914,0,0,0,0,0,0,0,0,0,0,69,5812882798742,71,1463255191182,9,19415797483506E-06,1,00147903746593E-05,29,5238163993704,40,4117538013316,0,0,0,0,0,0,0,0,0,0,0,0,0,0,458,15,0,618492069981378,13,8592231004259,86,1634508560681,0,0,0,0,0,0,0,0,0,0,0,0,0,0,1,69496752233776E-08,0,0,0,0,0,0,0,0,0,47668,3525651305,43219,5445733676,0,
190-200C*,0,0215315323136697,473,149994,155,264292982404,805,593814977339,0,0846906348997084,333,378670486595,15,8064710497315,30,6420486867878,0,0,0423493873761979,6,34724645417864,212,474824813243,0,0,44,5559470098267,343,371868852483,223,231390367329,40,1188841260872,48,8759753260872,43,3746870360452,40,836326001541,0,0,0445783025012609,0,0,40,8188419142233,28,5216253116713,205,515818333555,1,4489142475846,5,12225152005053,40,6394703923301,49,3965615923302,21,3946659862438,0,00735351840420904,0,0,0,152398580138068,0,0,000204628250944489,47,5861399329131,1,26258069847397,1,08422519323542,0,973530847518024,4,76604582282222,0,0,0,0,0,0,0,0,0,0,0,0,0,0,0,0,0,0,0,0,0,0,0,0,0,0,0,0,0,0,0,0,0,0,46,5080409284877,46,7921241775527,0,0,0,0,0,0,0,0,0,0,5,1675601031653,5,20795515862966,0,0,0,0,0,0,0,0,0,0,0,0,0,0,0,0,0,0,0,0,0,0,0,0,0,0,0,0,0,0,0,0,0,0,0,0,0,0,0,0,0,0,0,0,0,0,48,3243989683469,47,9999206638176,23,3540652085059,35,6108867555936,5,1675601031653,5,20795515862966,0,0,0,0,0,0,0,0,0,0,0,0,468,15,0,667244217182505,13,8783899306786,86,1479694769937,0,0,0,0,0,0,0,0,0,0,0,0,0,0,2,93901118124727E-08,0,0,0,0,0,0,0,0,0,47621,063862516,43237,7433664598,0,
200-210C*,0,0200717794464869,483,149994,162,748254302893,808,373402015535,0,0915345009916654,334,64106455984,15,6622379869257,31,3140865882862,0,0,115547710068865,6,3645119542954,218,293964450538,0,0,46,8584408993989,350,152073867354,228,672294097617,38,9609602653109,47,7180514653109,43,1759497173548,41,1814252437876,0,0,121629168493542,0,0,41,1618122957196,27,5044881679262,212,834742588251,1,45046348948021,4,8854179479485,39,3113594043633,48,0684506043633,21,0881222847446,0,00947464296302308,0,0,0,0946120787502722,0,0,000803261432185651,46,7991873792347,1,40892072260353,1,19769016876904,1,07088519795525,5,24306666142745,0,0,0,0,0,0,0,0,0,0,0,0,0,0,0,0,0,0,0,0,0,0,0,0,0,0,0,0,0,0,0,0,0,0,6,23236548233725E-14,7,21880374413989E-14,0,0,0,0,0,0,0,0,0,0,3,46242526796514E-15,4,01725791030275E-15,0,0,0,0,0,0,0,0,0,0,0,0,0,0,0,0,0,0,0,0,0,0,0,0,0,0,0,0,0,0,0,0,0,0,93,6122489439985,93,5996490638897,0,0,0,0,0,0,0,0,0,0,0,0,27,5044881679262,41,1618122957196,0,0,0,0,0,0,0,0,0,0,0,0,0,0,478,15,0,722914394836585,13,8936367436684,86,134614377733,0,0,0,0,0,0,0,0,0,0,0,0,0,0,1,15369912011746E-07,0,0,0,0,0,0,0,0,0,47576,0066633261,43254,246257504,0,
210-220C*,0,0188527488263086,493,149994,170,289094767924,813,101988431831,0,0985599094025376,335,911062023002,16,5160474077818,32,0132829066595,0,1,54620515786455,6,43275792957405,223,815931831891,0,0,48,1982287370217,356,924625903101,233,826830496972,37,7640564169724,46,5211476169724,42,2289934616641,41,5903951144367,0,1,62758437669953,0,0,41,2549591305541,26,3963219789039,218,543199765261,1,45308256811545,4,65463467410109,37,9832484163965,46,7403396163965,20,453037270799,0,03679218944271,0,0,0,0581180077396885,0,0,00140189461342681,45,1625911183871,1,55998634023859,1,31309300425532,1,16607359421466,5,73813043571455,0,0,0,0,0,0,0,0,0,0,0,0,0,0,0,0,0,0,0,0,0,0,0,0,0,0,0,0,0,0,0,0,0,0,0,0,0,0,0,0,0,0,0,0,0,0,0,0,0,0,0,0,0,0,0,0,0,0,0,0,0,0,0,0,0,0,0,0,0,0,0,0,0,0,0,0,0,0,0,0,0,0,0,0,0,0,0,0,0,0,0,0,0,0,0,0,26,3963219789039,41,2549591305541,0,0,0,0,0,0,0,0,0,0,0,0,0,0,488,15,0,769423955269903,13,821108991706,86,1733262694163,0,0,0,0,0,0,0,0,0,0,0,0,0,0,2,0134971221102E-07,0,0,0,0,0,0,0,0,0,47498,067138895,43241,3019192088,0,
220-230C*,0,0177876851134443,503,149994,178,141748786698,817,737434492933,0,105553079003933,337,181740180605,17,3698568286379,32,8735609314924,0,2,97686260566024,6,50141427666695,229,194717819834,0,0,49,4652959302981,363,689862026194,238,853858496103,36,5690153757379,45,3261065757379,41,2820372059735,42,0456692327543,0,3,13353958490552,0,0,41,3481059653886,25,0807698357533,223,968705600838,1,45561588549783,4,42993266710371,36,6551374284296,45,4122286284296,19,8429327453653,0,0640933931624053,0,0,0,0353116644106493,0,0,00200052779466797,43,5824680394584,1,73506148610078,1,44528050193102,1,2744282223245,6,24778346308597,0,0,0,0,0,0,0,0,0,0,0,0,0,0,0,0,0,0,0,0,0,0,0,0,0,0,0,0,0,0,0,0,0,0,0,0,0,0,0,0,0,0,0,0,0,0,0,0,0,0,0,0,0,0,0,0,0,0,0,0,0,0,0,0,0,0,0,0,0,0,0,0,0,0,0,0,0,0,0,0,0,0,0,0,0,0,0,0,0,0,0,0,0,0,0,0,25,0807698357533,41,3481059653886,0,0,0,0,0,0,0,0,0,0,0,0,0,0,498,15,0,821473956294981,13,7512934013313,86,2092643793617,0,0,0,0,0,0,0,0,0,0,0,0,0,0,2,87329512410293E-07,0,0,0,0,0,0,0,0,0,47420,167645046,43226,6701943928,0,
230-240C*,0,0168740312852114,513,150024,186,315987030713,822,28832126506,0,111593330412204,338,452528900448,18,223666249494,34,4659775890335,0,4,40752005345593,6,57046155560256,234,428734677522,0,0,50,6646376782175,370,448091176164,243,607158969712,35,3756655202829,44,1327567202829,40,3350809502828,42,5091229135201,0,4,6394947931115,0,0,41,4412528002231,23,0248994974464,229,137329862118,1,45806754738893,4,21133890382915,35,3270264404628,44,0841176404628,19,2556951212175,0,091378254122109,0,0,0,021213230353765,0,0,00259916097590913,42,0542559558902,1,93908313826358,1,59739937473882,1,3983027863706,6,76857206094418,0,0,0,0,0,0,0,0,0,0,0,0,0,0,0,0,0,0,0,0,0,0,0,0,0,0,0,0,0,0,0,0,0,0,0,0,0,0,0,0,0,0,0,0,0,0,0,0,0,0,0,0,0,0,0,0,0,0,0,0,0,0,0,0,0,0,0,0,0,0,0,0,0,0,0,0,0,0,0,0,0,0,0,0,0,0,0,0,0,0,0,0,0,0,0,0,23,0248994974464,41,4412528002231,0,0,0,0,0,0,0,0,0,0,0,0,0,0,508,15,0,879919431467597,13,6837154569311,86,2429140041491,0,0,0,0,0,0,0,0,0,0,0,0,0,0,3,73309312609567E-07,0,0,0,0,0,0,0,0,0,47342,3347121143,43210,5903888652,0,
240-250C*,0,0163042530179919,523,150024,194,819518430198,826,763229814433,0,11742739129963,339,722858050332,18,196579898879,36,1915902052282,0,5,83817750125161,6,63990689019701,239,516676966198,0,0,51,8003327239323,377,199597533784,248,273756035521,34,183835229283,42,940926429283,40,2690204660633,42,999926591226,0,6,14545000131749,0,0,41,5343996350577,20,8084832035459,234,075142316238,1,4604417619372,3,99887616567822,33,9989154524959,42,7560066524959,18,6893038831309,0,118646772321821,0,0,0,0125952540633132,0,0,0031977941571503,40,5734985561263,2,17825864941113,1,77333643759895,1,54058112773171,7,29704254669163,0,0,0,0,0,0,0,0,0,0,0,0,0,0,0,0,0,0,0,0,0,0,0,0,0,0,0,0,0,0,0,0,0,0,0,0,0,0,0,0,0,0,0,0,0,0,0,0,0,0,0,0,0,0,0,0,0,0,0,0,0,0,0,0,0,0,0,0,0,0,0,0,0,0,0,0,0,0,0,0,0,0,0,0,0,0,0,0,0,0,0,0,0,0,0,0,20,8084832035459,41,5343996350577,0,0,0,0,0,0,0,0,0,0,0,0,0,0,518,15,0,945782704591625,13,6183751585052,86,2742751437785,0,0,0,0,0,0,0,0,0,0,0,0,0,0,4,5928911280884E-07,0,0,0,0,0,0,0,0,0,47264,5702284495,43193,0625026259,0,
250-260C*,0,0171614680059207,533,150024,203,657371336535,831,170741207271,0,12305526166621,340,992157498057,19,0561753280313,37,991593587851,0,7,2688349490473,6,70978254321351,244,457498573406,0,0,52,8756850502153,383,944643372887,252,868446591154,32,9933528814137,41,7504440814137,39,3162782020765,43,5084521871608,0,7,65140520952348,0,0,41,6275464698922,18,4999542249883,238,808212730335,1,46274282234601,3,79256283266259,32,6708044645291,41,4278956645291,18,1418248273335,0,145898947761541,0,0,0,00738824050957575,0,0,00379642733839146,39,1358425015638,2,4604586254724,1,9779284437136,1,70482188751619,7,82974123773077,0,0,0,0,0,0,0,0,0,0,0,0,0,0,0,0,0,0,0,0,0,0,0,0,0,0,0,0,0,0,0,0,0,0,0,0,0,0,0,0,0,0,0,0,0,0,0,0,0,0,0,0,0,0,0,0,0,0,0,0,0,0,0,0,0,0,0,0,0,0,0,0,0,0,0,0,0,0,0,0,0,0,0,0,0,0,0,0,0,0,0,0,0,0,0,0,18,4999542249883,41,6275464698922,0,0,0,0,0,0,0,0,0,0,0,0,0,0,528,15,1,02029360096601,13,5552725060539,86,3033477982499,0,0,0,0,0,0,0,0,0,0,0,0,0,0,5,45268913008114E-07,0,0,0,0,0,0,0,0,0,47186,8545396203,43174,086535675,0,
260-270C*,0,0165048330640623,543,150024,212,830932441175,835,519436509795,0,128476941511945,342,259857111425,20,0042974392159,39,8060748329638,0,8,69949239684299,6,78014463757996,249,250391362367,0,0,53,8933415141833,377,071287725423,257,399865320946,31,8040468553508,40,5611380553508,38,2750092560574,44,0241021930916,0,9,15736041772946,0,0,41,7206933047267,16,1698229739446,243,362610871546,1,46497509045206,3,59241267595141,31,3426934765623,40,0997846765623,17,6114040445034,0,17313478044127,0,0,0,00427979722025108,0,0,00439506051963262,37,7370346247557,2,79575177288939,2,21724155687731,1,89544956746884,8,32040501921884,0,0,0,0,0,0,0,0,0,0,0,0,0,0,0,0,0,0,0,0,0,0,0,0,0,0,0,0,0,0,0,0,0,0,0,0,0,0,0,0,0,0,0,0,0,0,0,0,0,0,0,0,0,0,0,0,0,0,0,0,0,0,0,0,0,0,0,0,0,0,0,0,0,0,0,0,0,0,0,0,0,0,0,0,0,0,0,0,0,0,0,0,0,0,0,0,16,1698229739446,41,7206933047267,0,0,0,0,0,0,0,0,0,0,0,0,0,0,538,15,1,10494118079684,13,4944074995769,86,3301319675633,0,0,0,0,0,0,0,0,0,0,0,0,0,0,6,31248713207387E-07,0,0,0,0,0,0,0,0,0,47109,1491346433,43153,6624880125,0,
270-280C*,0,0158432300100175,553,150024,222,337260618039,839,817896788225,0,133692430836834,343,525386758235,21,0409462324329,41,5719548540163,0,10,1301498446387,6,85107202243629,253,894765353589,0,0,54,8553901802391,381,92947140677,261,87594043134,30,6157455297697,39,3728367297697,37,1452136280059,44,5160815653956,0,10,6633156259355,0,0,41,8138401395613,13,9119635805881,247,764406507008,1,46714298125294,3,39843464959336,30,0145824885954,38,7716736885954,17,0962625778934,0,200354270361007,0,0,0,00244713928527653,0,0,00650779763775926,36,3729192779054,3,19714055303371,2,49894699013284,2,11800913159071,8,7876467650974,0,0,0,0,0,0,0,0,0,0,0,0,0,0,0,0,0,0,0,0,0,0,0,0,0,0,0,0,0,0,0,0,0,0,0,0,0,0,0,0,0,0,0,0,0,0,0,0,0,0,0,0,0,0,0,0,0,0,0,0,0,0,0,0,0,0,0,0,0,0,0,0,0,0,0,0,0,0,0,0,0,0,0,0,0,0,0,0,0,0,0,0,0,0,0,0,13,9119635805881,41,8138401395613,0,0,0,0,0,0,0,0,0,0,0,0,0,0,548,15,1,20154084111876,13,4357801390744,86,3546276517187,0,0,0,0,0,0,0,0,0,0,0,0,0,0,9,34694497675084E-07,0,0,0,0,0,0,0,0,0,47031,3989796354,43131,7002424689,0,
280-290C*,0,0151808398301285,563,150024,232,167862138531,844,074703108781,0,138701729640879,344,788176306289,22,1661217076822,43,2238623278162,0,11,5608072924344,6,92266528598599,258,390230351548,0,0,55,7634430802447,386,57928779754,266,370499634249,29,4282772833461,38,1853684833461,35,926891317922,44,6247752734824,0,12,1692708341414,0,0,41,9069869743958,12,1513623987014,252,039669403857,1,46925094841261,3,21063268221269,28,6864715006286,37,4435627006286,16,5946916958032,0,227557417520752,0,0,0,00138052215698748,0,0,0136894914141548,35,0394358708927,3,68158407931636,2,83283078632787,2,37950848305178,9,25187773238503,0,0,0,0,0,0,0,0,0,0,0,0,0,0,0,0,0,0,0,0,0,0,0,0,0,0,0,0,0,0,0,0,0,0,0,0,0,0,0,0,0,0,0,0,0,0,0,0,0,0,0,0,0,0,0,0,0,0,0,0,0,0,0,0,0,0,0,0,0,0,0,0,0,0,0,0,0,0,0,0,0,0,0,0,0,0,0,0,0,0,0,0,0,0,0,0,12,1513623987014,41,9069869743958,0,0,0,0,0,0,0,0,0,0,0,0,0,0,558,15,1,31232210427933,13,3793904245464,86,3768348507161,0,0,0,0,0,0,0,0,0,0,0,0,0,0,1,9661785773023E-06,0,0,0,0,0,0,0,0,0,46953,5345503287,43106,7817922496,0,
290-300C*,0,0145225100159183,573,150024,242,298313450456,848,312027568096,0,142815683811518,346,045369596405,23,2805490582553,44,8250519720264,0,16,1973289696707,6,995457808118,262,735336729088,0,0,56,6132113515678,391,021760414127,270,760702103031,28,2411986741473,36,9982898741473,34,8231176080284,44,6892540662095,0,17,0498199680744,0,0,41,8963333337163,10,4856939617641,256,254589732999,1,47131120731306,3,0290054695698,27,3583605126617,36,1154517126618,16,1029279485706,0,25471644441517,0,0,0,000768003459251162,0,0,0208711851905503,33,7269455966737,4,26577653506022,3,22826585691244,2,68661733017611,9,71405601037775,0,0,0,0,0,0,0,0,0,0,0,0,0,0,0,0,0,0,0,0,0,0,0,0,0,0,0,0,0,0,0,0,0,0,0,0,0,0,0,0,0,0,0,0,0,0,0,0,0,0,0,0,0,0,0,0,0,0,0,0,0,0,0,0,0,0,0,0,0,0,0,0,0,0,0,0,0,0,0,0,0,0,0,0,0,0,0,0,0,0,0,0,0,0,0,0,10,4856939617641,41,8963333337163,0,0,0,0,0,0,0,0,0,0,0,0,0,0,568,15,1,43949773939943,13,3255760982104,86,3955857716383,0,0,0,0,0,0,0,0,0,0,0,0,0,0,2,99766265692952E-06,0,0,0,0,0,0,0,0,0,46875,2211899643,43080,932824404,0,
300-310C*,0,013878603132246,583,150024,252,62446720906,852,677548653711,0,139236574766265,347,272880150951,23,3582095753167,46,3881985829039,0,56,1813722997173,7,07390996048257,266,917099768272,0,0,57,3498671594725,395,258380814762,274,993105936032,27,0515561324226,35,8086473324226,35,9178479193033,44,7027461433935,0,59,1382866312814,0,0,40,72394250538,8,90905527370252,260,847955607272,1,47340736879303,2,85354626897515,26,0302495246949,34,7873407246949,15,5979672285533,0,281545604018502,0,0,0,000421107916783318,0,0,0280528789669459,32,3739989414216,4,90823366216381,3,66227350490628,3,02300682635376,10,1751396883716,0,0,0,0,0,0,0,0,0,0,0,0,0,0,0,0,0,0,0,0,0,0,0,0,0,0,0,0,0,0,0,0,0,0,0,0,0,0,0,0,0,0,0,0,0,0,0,0,0,0,0,0,0,0,0,0,0,0,0,0,0,0,0,0,0,0,0,0,0,0,0,0,0,0,0,0,0,0,0,0,0,0,0,0,0,0,0,0,0,0,0,0,0,0,0,0,8,90905527370252,40,72394250538,0,0,0,0,0,0,0,0,0,0,0,0,0,0,578,15,1,57907432073786,13,2778115121729,86,4004116363872,0,0,0,0,0,0,0,0,0,0,0,0,0,0,4,02914673655674E-06,0,0,0,0,0,0,0,0,0,46801,4784677434,43054,4556028268,0,
310-320C*,0,0132449535218125,593,150024,263,189023239883,857,027584026001,0,135657465721012,348,495869558451,23,4677105671987,47,9252243191673,7,81989026584998E-08,98,2072611933253,7,15365675842739,270,949366932511,0,0,58,0360144389092,399,291076094282,279,085129055308,25,8622233049643,34,6193145049643,37,0125782305781,44,6589824862113,3,22304608900268E-07,101,226753294488,0,0,39,5197112022232,7,41579319462131,265,394238001016,1,47545715525787,2,68424269664906,24,7021385367281,33,4592297367281,15,1022780344851,0,308357562373395,1,06599245510606E-10,0,0,000227456403777024,1,46269488534181E-06,0,0352345727433414,31,0407350667245,5,69178767592327,4,18290215956878,3,42198650013083,10,6360868556625,0,0,0,0,0,0,0,0,0,0,0,0,0,0,0,0,0,0,0,0,0,0,0,0,0,0,0,0,0,0,0,0,0,0,0,0,0,0,0,0,0,0,0,0,0,0,0,0,0,0,0,0,0,0,0,0,0,0,0,0,0,0,0,0,0,0,0,0,0,0,0,0,0,0,0,0,0,0,0,0,0,0,0,0,0,0,0,0,0,0,0,0,0,0,0,0,7,41579319462131,39,5197112022232,0,0,0,0,0,0,0,0,0,0,0,0,0,0,588,15,1,73883083298523,13,2322950103326,86,4052375011361,0,0,0,0,0,0,0,0,0,0,0,0,0,0,5,06063081618396E-06,0,0,0,0,0,0,0,0,0,46717,828194338,43027,6523914125,0,
320-330C*,0,0126245351113515,603,150024,273,952198962397,861,361921512275,0,132078356675759,349,715253120185,23,609052033901,49,4669632126617,2,11872240536277E-07,101,608009160388,7,23459856016924,274,833246988985,0,0,58,6754552947769,403,122175907082,283,020383305555,24,6732044352263,33,4302956352263,38,1073085418529,44,5328296958149,8,73252658302433E-07,143,315219957695,0,0,38,283639424246,6,00020709152339,269,89343691423,1,47745999521429,2,52107652922926,23,3740275487612,32,1311187487612,14,6157159577317,0,335170368976556,2,88820178007367E-10,0,0,000120956611860094,3,96302802267822E-06,0,0424162665197369,29,7270501260609,6,65687404183671,4,81288367624463,3,89886422034907,11,0978556015466,0,0,0,0,0,0,0,0,0,0,0,0,0,0,0,0,0,0,0,0,0,0,0,0,0,0,0,0,0,0,0,0,0,0,0,0,0,0,0,0,0,0,0,0,0,0,0,0,0,0,0,0,0,0,0,0,0,0,0,0,0,0,0,0,0,0,0,0,0,0,0,0,0,0,0,0,0,0,0,0,0,0,0,0,0,0,0,0,0,0,0,0,0,0,0,0,6,00020709152339,38,283639424246,0,0,0,0,0,0,0,0,0,0,0,0,0,0,598,15,1,92254710759828,13,1888071317637,86,4100633658851,0,0,0,0,0,0,0,0,0,0,0,0,0,0,6,09211489581118E-06,0,0,0,0,0,0,0,0,0,46634,5752018006,43000,9837424693,0,
330-340C*,0,0120201265485413,613,150024,284,862346263467,865,68034893984,0,128499247630505,350,931946137438,23,7822339754238,51,5053940387987,3,45545578414054E-07,115,72895141917,7,3166353072506,278,570015750777,0,0,59,271670030492,406,754379347841,286,793080097547,23,4845037666626,32,2415949666626,39,2020388531278,43,8494687631202,1,4242007077046E-06,185,403686620902,0,0,37,0157271714484,4,64513719808113,273,550274846403,1,47941532676033,2,36402351074304,22,0459165607944,30,8030077607944,14,1381398291591,0,362002073324693,4,71041110504128E-10,0,6,32888462072036E-05,6,46336116001464E-06,0,0495979602961325,28,4328379685197,7,85823540546661,5,58236763639569,4,47361027699335,11,5614040153198,0,0,0,0,0,0,0,0,0,0,0,0,0,0,0,0,0,0,0,0,0,0,0,0,0,0,0,0,0,0,0,0,0,0,0,0,0,0,0,0,0,0,0,0,0,0,0,0,0,0,0,0,0,0,0,0,0,0,0,0,0,0,0,0,0,0,0,0,0,0,0,0,0,0,0,0,0,0,0,0,0,0,0,0,0,0,0,0,0,0,0,0,0,0,0,0,4,64513719808113,37,0157271714484,0,0,0,0,0,0,0,0,0,0,0,0,0,0,608,15,2,13488769805353,13,1471284155398,86,414889230634,0,0,0,0,0,0,0,0,0,0,0,0,0,0,7,1235989754384E-06,0,0,0,0,0,0,0,0,0,46551,7311071941,42979,0010806849,0,
340-350C*,0,0123293873800094,623,150024,295,854274553319,869,982654136003,0,124920138585252,352,14686391149,23,9872563917671,53,5368425043173,4,79218916291831E-07,131,225717937884,7,39966635971971,282,861695410183,0,51957348471869,0,59,8278501163327,410,190721987614,290,376394236435,22,2961255427268,31,0532167427268,40,2967691644026,43,1097703484936,1,97514875710676E-06,227,492153284109,0,0,35,7159744438303,3,35338714718912,278,750584299072,1,48132259878382,2,21305316647998,20,7178055728276,29,4748967728276,13,6694116348832,0,388870724914512,6,53262043000889E-10,0,3,25624266988254E-05,8,96369429735105E-06,0,056779654072528,27,1579903391471,9,37095209553136,6,53181921059941,5,17255850639677,12,0276901862781,0,0,0,0,0,0,0,0,0,0,0,0,0,0,0,0,0,0,0,0,0,0,0,0,0,0,0,0,0,0,0,0,0,0,0,0,0,0,0,0,0,0,0,0,0,0,0,0,0,0,0,0,0,0,0,0,0,0,0,0,0,0,0,0,0,0,0,0,0,0,0,0,0,0,0,0,0,0,0,0,0,0,0,0,0,0,0,0,0,0,0,0,0,0,0,0,3,35338714718912,35,7159744438303,0,0,0,0,0,0,0,0,0,0,0,0,0,0,618,15,2,38165040745683,13,107039400735,86,4197150953829,0,0,452313380192424,0,0,0,0,0,0,0,0,0,0,0,0,8,15508305506562E-06,0,0,0,0,0,0,51957348471869,0,0,0,46469,3060687208,42958,1180803549,0,
350-360C*,0,0122686030379429,633,150024,306,847009882676,874,268624928072,0,121341029539999,353,360921743626,24,2241192829308,55,2796225724801,6,12892254169608E-07,150,347977021322,7,48359035776433,287,21964388181,0,545061459540662,0,60,3469271547582,413,434543330691,293,747186250874,21,108074006873,29,865165206873,41,3914994756775,42,5994339329365,2,52609680650893E-06,269,580619947316,0,0,34,3843812413917,2,12094349458342,283,108532770699,1,47377905532135,2,0681286253257,19,3896945848607,28,1467857848607,13,2093964347034,0,41579437324272,8,3548297549765E-10,0,1,64630325732032E-05,1,14640274346875E-05,0,0776569736736635,25,9023970686632,11,2994320399793,7,71623974341283,6,0308324698111,12,4976722037176,0,0,0,0,0,0,0,0,0,0,0,0,0,0,0,0,0,0,0,0,0,0,0,0,0,0,0,0,0,0,0,0,0,0,0,0,0,0,0,0,0,0,0,0,0,0,0,0,0,0,0,0,0,0,0,0,0,0,0,0,0,0,0,0,0,0,0,0,0,0,0,0,0,0,0,0,0,0,0,0,0,0,0,0,0,0,0,0,0,0,0,0,0,0,0,0,2,12094349458342,34,3843812413917,0,0,0,0,0,0,0,0,0,0,0,0,0,0,628,15,2,67009627052086,13,0683206264231,86,4245409601319,0,0,470539413875935,0,0,0,0,0,0,0,0,0,0,0,0,1,11536267780853E-05,0,0,0,0,0,0,545061459540662,0,0,0,46387,3088822965,42938,220124907,0,
360-370C*,0,0116909113917062,643,150024,317,742078519903,878,538049143355,0,117761920494746,354,575034935127,24,492822648915,57,3318480357981,7,46565592047385E-07,174,187356348713,7,56830510803703,291,530508872909,0,570549434362634,0,60,8315984042789,416,489454925612,296,91117308823,19,9203534025548,28,6774446025548,42,4862297869523,41,6887183051725,3,07704485591109E-06,311,669086610523,0,0,33,0209475641327,0,979433659029472,287,419397761798,1,47607064108588,1,92920645224405,18,0615835968939,26,8186747968939,12,7579622831249,0,442791067806024,1,01770390799441E-09,0,8,17339486242815E-06,1,39643605720239E-05,0,125119919875765,24,6659462530994,13,7910244793756,9,21140380290446,7,09585155463957,12,9723081569342,0,0,0,0,0,0,0,0,0,0,0,0,0,0,0,0,0,0,0,0,0,0,0,0,0,0,0,0,0,0,0,0,0,0,0,0,0,0,0,0,0,0,0,0,0,0,0,0,0,0,0,0,0,0,0,0,0,0,0,0,0,0,0,0,0,0,0,0,0,0,0,0,0,0,0,0,0,0,0,0,0,0,0,0,0,0,0,0,0,0,0,0,0,0,0,0,0,979433659029472,33,0209475641327,0,0,0,0,0,0,0,0,0,0,0,0,0,0,638,15,3,00939155849794,13,0307526316781,86,4293668248808,0,0,488775778589452,0,0,0,0,0,0,0,0,0,0,0,0,1,79705803971023E-05,0,0,0,0,0,0,570549434362634,0,0,0,46305,7470717965,42919,1925977687,0,
370-380C*,0,0110936110919256,653,150024,328,421635603775,882,79071460916,0,114182811449493,355,790118787276,24,7933664897196,59,3977344386064,8,80238929925161E-07,198,026735676104,7,65370749312625,295,794290383478,0,596037409184606,0,61,2843493345396,419,359309332442,299,905401494589,18,7329679732262,27,4900591732262,43,5809600982271,40,6022655613936,3,62799290531326E-06,353,75755327373,0,0,31,6256734120533,6,60723653068582E-15,291,683179272367,1,47843815204785,1,79623649272574,16,733472608927,25,490563808927,12,3149801528754,0,469878858101131,1,19992484049117E-09,0,3,98175321496617E-06,1,64646937093603E-05,0,172582866077866,23,4485244238785,17,056982326717,11,1232194877229,8,43246884784295,13,4646903656691,0,0,0,0,0,0,0,0,0,0,0,0,0,0,0,0,0,0,0,0,0,0,0,0,0,0,0,0,0,0,0,0,0,0,0,0,0,0,0,0,0,0,0,0,0,0,0,0,0,0,0,0,0,0,0,0,0,0,0,0,0,0,0,0,0,0,0,0,0,0,0,0,0,0,0,0,0,0,0,0,0,0,0,0,0,0,0,0,0,0,0,0,0,0,0,0,6,60723653068582E-15,31,6256734120533,0,0,0,0,0,0,0,0,0,0,0,0,0,0,648,15,3,41120533524122,12,9941159555738,86,4341926896297,0,0,507025649937754,0,0,0,0,0,0,0,0,0,0,0,0,2,47875340161192E-05,0,0,0,0,0,0,596037409184606,0,0,0,46224,6269734034,42900,9208823674,0,
380-390C*,0,0104862771883092,663,150024,338,746935842653,887,026409152794,0,11060370240424,357,007088601355,25,1257508053446,60,8968956632276,1,01391226780294E-06,208,179001734618,7,73969340280941,300,010988413518,0,621525384006578,0,61,7074736119746,422,048170118079,304,122099524629,17,5459219623411,26,3030131623411,44,6756904095019,39,1031043367724,4,17894095471542E-06,395,846019936937,0,0,30,1985587851534,6,58482209727293E-15,295,899877302407,1,48088020572646,1,6691617311525,15,4053616209602,24,1624528209602,11,8803238608267,0,497075793624748,1,38214577298793E-09,0,1,90189923734545E-06,1,89650268466967E-05,0,220045812279968,22,2500167088311,21,4053173300965,13,6020084689055,10,1306124514057,13,962598970436,0,0,0,0,0,0,0,0,0,0,0,0,0,0,0,0,0,0,0,0,0,0,0,0,0,0,0,0,0,0,0,0,0,0,0,0,0,0,0,0,0,0,0,0,0,0,0,0,0,0,0,0,0,0,0,0,0,0,0,0,0,0,0,0,0,0,0,0,0,0,0,0,0,0,0,0,0,0,0,0,0,0,0,0,0,0,0,0,0,0,0,0,0,0,0,0,6,58482209727293E-15,30,1985587851534,0,0,0,0,0,0,0,0,0,0,0,0,0,0,658,15,3,89052519531808,12,9581911371842,86,4538727994375,0,0,525291760058263,0,0,0,0,0,0,0,0,0,0,0,0,3,16044876351361E-05,0,0,0,0,0,0,621525384006578,0,0,0,46143,9538144535,42883,2903621308,0,
390-400C*,0,0098569542515145,673,150024,349,294852944593,891,244920601565,0,107024593358987,358,226859678648,25,4899755957901,62,4809851252031,4,62082633888308E-05,231,620208207581,7,82615768587604,304,180602963029,0,647013358828549,0,62,1030908546645,424,56028302246,308,29171407414,16,3592196133532,25,1163108133532,45,7704207207768,37,5190148747969,0,000190575347874983,437,934486600144,0,0,28,7396036834331,6,57802968630876E-15,300,069491851918,1,48339549398792,1,54791816515761,14,0772506329934,22,8343418329934,11,4538699962366,0,524399923873581,1,14378504636838E-07,0,8,89990331363295E-07,0,0008647957494677,0,267508758482069,21,0703069846128,27,2932760915938,16,8646754962525,12,3168300070033,14,465251890737,0,0,0,0,0,0,0,0,0,0,0,0,0,0,0,0,0,0,0,0,0,0,0,0,0,0,0,0,0,0,0,0,0,0,0,0,0,0,0,0,0,0,0,0,0,0,0,0,0,0,0,0,0,0,0,0,0,0,0,0,0,0,0,0,0,0,0,0,0,0,0,0,0,0,0,0,0,0,0,0,0,0,0,0,0,0,0,0,0,0,0,0,0,0,0,0,6,57802968630876E-15,28,7396036834331,0,0,0,0,0,0,0,0,0,0,0,0,0,0,668,15,4,46678229082168,12,9227587155832,86,4544777760936,0,0,543576467273922,0,0,0,0,0,0,0,0,0,0,0,0,3,8421441254153E-05,0,0,0,0,0,0,647013358828549,0,0,0,46063,7317871541,42866,1864204864,0,
400-410C*,0,00912211569731943,683,150024,363,713854569101,895,446036782781,0,103445484313734,359,450347320436,25,8860408610561,64,1275285422452,0,000111177444328363,256,911278450323,7,9129941214361,308,303134032011,0,672501333650521,0,62,4731624445548,426,900048411183,312,414245143122,15,1728651697164,23,9299563697164,46,8651510320516,35,8724714577548,0,000458529833868076,480,022953263351,0,0,27,2488081068923,6,58220108656136E-15,304,1920229209,1,48598277739333,1,43243469819314,12,7491396450265,21,5062308450265,11,035497851227,0,551869298344338,2,76883226189988E-07,0,4,07653247615336E-07,0,00208072110344485,0,314971704684171,19,9092780209678,35,4128557814883,21,2297727872524,15,1720238984403,14,9726491265721,0,0,0,0,0,0,0,0,0,0,0,0,0,0,0,0,0,0,0,0,0,0,0,0,0,0,0,0,0,0,0,0,0,0,0,0,0,0,0,0,0,0,0,0,0,0,0,0,0,0,0,0,0,0,0,0,0,0,0,0,0,0,0,0,0,0,0,0,0,0,0,0,0,0,0,0,0,0,0,0,0,0,0,0,0,0,0,0,0,0,0,0,0,0,0,0,6,58220108656136E-15,27,2488081068923,0,0,0,0,0,0,0,0,0,0,0,0,0,0,678,15,5,16541970331507,12,8875992298446,86,4547129341916,0,0,56188181285447,0,0,0,0,0,0,0,0,0,0,0,0,4,52383948731699E-05,0,0,0,0,0,0,672501333650521,0,0,0,45983,9641175137,42849,4944408617,0,
410-420C*,0,00841107937634173,693,150024,377,956289214053,899,629545523749,0,0998663752684813,360,678466828002,26,3139466011425,65,8353153959305,0,000176146625267896,284,133618544343,8,00009540873175,312,378581620464,0,697989308472493,0,62,8195056430816,429,07199510456,316,489692731575,13,9868628748846,22,7439540748846,47,9598813433265,34,1646846040695,0,000726484319861169,508,417160304331,0,0,25,7261720555311,6,59532978504411E-15,308,267470509353,1,48864087998497,1,32263305263965,11,4210286570597,20,1781198570597,10,6250893534211,0,579501966533726,4,39387947743137E-07,0,1,82602213192908E-07,0,003296646457422,0,362434650886272,18,7668116172549,46,8331800645154,27,1740716075961,18,9591852114939,15,4847906779413,0,0,0,0,0,0,0,0,0,0,0,0,0,0,0,0,0,0,0,0,0,0,0,0,0,0,0,0,0,0,0,0,0,0,0,0,0,0,0,0,0,0,0,0,0,0,0,0,0,0,0,0,0,0,0,0,0,0,0,0,0,0,0,0,0,0,0,0,0,0,0,0,0,0,0,0,0,0,0,0,0,0,0,0,0,0,0,0,0,0,0,0,0,0,0,0,6,59532978504411E-15,25,7261720555311,0,0,0,0,0,0,0,0,0,0,0,0,0,0,688,15,6,02010380210548,12,8524932190424,86,4547925915317,0,0,580209567638924,0,0,0,0,0,0,0,0,0,0,0,0,5,20553484921869E-05,0,0,0,0,0,0,697989308472493,0,0,0,45904,6531298066,42833,0998066842,0,
420-430C*,0,00773355620400797,703,150024,391,749508405852,904,01772009095,0,101888661199977,361,934855801573,30,2895572100917,67,601600062441,0,000241115806207429,313,368634571137,8,09581632568969,313,33206291038,0,723477283294465,0,63,0630000092009,431,080755649549,317,443174021491,12,7967672635281,21,5538584635281,45,8975661106216,32,398399937559,0,000994438805854262,672,420429600039,0,0,23,8128766792867,6,61548260853012E-15,309,220951799269,1,49150285659689,1,21842770591333,10,0929176690929,18,8500088690929,10,1919515530406,0,608317052716025,6,01892669296287E-07,0,7,99114963384254E-08,0,00451257181139914,0,378486323143753,17,55727310792,58,1740684506635,32,9273734420163,22,5848570145659,16,0016765448446,0,0,0,0,0,0,0,0,0,0,0,0,0,0,0,0,0,0,0,0,0,0,0,0,0,0,0,0,0,0,0,0,0,0,0,0,0,0,0,0,0,0,0,0,0,0,0,0,0,0,0,0,0,0,0,0,0,0,0,0,0,0,0,0,0,0,0,0,0,0,0,0,0,0,0,0,0,0,0,0,0,0,0,0,0,0,0,0,0,0,0,0,0,0,0,0,6,61548260853012E-15,23,8128766792867,0,0,0,0,0,0,0,0,0,0,0,0,0,0,698,15,6,81977669766849,12,8130413162911,86,4590542724431,0,0,598561270609039,0,0,0,0,0,0,0,0,0,0,0,0,5,43607996713229E-05,0,0,0,0,0,0,723477283294465,0,0,0,45821,8180657639,42816,8879013815,0,
430-440C*,0,00708530087652642,713,150024,405,272114580337,908,487754613295,0,10601867409588,363,205474603017,35,5118076218872,69,4218935534642,0,000306084987146962,344,675906026413,8,19572351246155,313,122072121197,0,748965258116437,0,63,2514726300036,432,931043079548,317,273706457739,11,6050344530687,20,3621256530687,42,7431096938263,30,5781064465358,0,00126239329184736,863,451323295701,0,0,21,7450826842865,6,64075043669698E-15,309,010961010086,1,49449973953059,1,11972585213477,8,76480668112601,17,521897881126,9,753529058055,0,637777972238118,7,64397390849436E-07,0,3,41314212017786E-08,0,00572849716537629,0,53318599014664,16,3290031131897,70,7067035072044,39,1450451760695,26,4647079002412,16,5233067272819,0,0,0,0,0,0,0,0,0,0,0,0,0,0,0,0,0,0,0,0,0,0,0,0,0,0,0,0,0,0,0,0,0,0,0,0,0,0,0,0,0,0,0,0,0,0,0,0,0,0,0,0,0,0,0,0,0,0,0,0,0,0,0,0,0,0,0,0,0,0,0,0,0,0,0,0,0,0,0,0,0,0,0,0,0,0,0,0,0,0,0,0,0,0,0,0,6,64075043669698E-15,21,7450826842865,0,0,0,0,0,0,0,0,0,0,0,0,0,0,708,15,7,65367142627414,12,7717751132995,86,4649985594657,0,0,616938261017334,0,0,0,0,0,0,0,0,0,0,0,0,7,65798260744785E-05,0,0,0,0,0,0,748965258116437,0,0,0,45737,6907509302,42800,7441083812,0,
440-450C*,0,0064660881840806,723,150024,418,579932570118,912,951932824441,0,110148686991783,364,481463418421,40,6232102158544,71,2877794917333,0,000371054168086494,378,134142193984,8,29645234177472,312,912081332015,0,774453232938409,0,63,418529586242,434,62762918757,319,644979026617,10,4134187688333,19,1705099688333,39,6996361255727,28,7122205082667,0,00153034777784045,1054,48221699136,0,0,19,6771536585729,1,3330106304697E-14,308,800970220904,1,49757921008862,1,02642739201999,7,43669569315918,16,1937868931592,9,3218803820734,0,667511994725175,9,26902112402586E-07,0,1,4212435536791E-08,0,00694442251935344,0,749149929362445,15,1158045495389,86,6403497675537,46,8670316649657,31,2081824612787,16,9947101857062,0,0,0,0,0,0,0,0,0,0,0,0,0,0,0,0,0,0,0,0,0,0,0,0,0,0,0,0,0,0,0,0,0,0,0,0,0,0,0,0,0,0,0,0,0,0,0,0,0,0,0,0,0,0,0,0,0,0,0,0,0,0,0,0,0,0,0,0,0,0,0,0,0,0,0,0,0,0,0,0,0,0,0,0,0,0,0,0,0,0,0,0,0,0,0,0,1,3330106304697E-14,19,6771536585729,0,0,0,0,0,0,0,0,0,0,0,0,0,0,718,15,8,62407813521471,12,7302733414089,86,4710659701824,0,0,635341705312442,0,0,0,0,0,0,0,0,0,0,0,0,0,00010759804712518,0,0,0,0,0,0,774453232938409,0,0,0,45653,8456837043,42784,1267557045,0,
450-460C*,0,00587701113557873,733,150024,431,693761666116,917,403881203629,0,114278699887686,365,762526053199,45,6046336727891,73,174891334651,0,000436023349026027,413,856073237919,8,39766266727196,312,702090542832,0,799941207760381,0,63,5677847411402,436,175324321093,321,834354473185,9,22204768123705,17,9791388812371,36,767145405861,26,825108665349,0,00179830226383354,1245,51311068703,0,0,17,6282209213498,1,33406852701824E-14,308,590979431721,1,50073688295661,0,938424953733736,6,10858470519234,14,8656759051923,8,89774542317113,0,697509515016155,1,08940683395574E-06,0,5,76302027866878E-09,0,00816034787333059,0,965113868578251,13,9199492927201,107,070933343515,56,5298504259986,37,0474439969848,16,9384355655599,0,0,0,0,0,0,0,0,0,0,0,0,0,0,0,0,0,0,0,0,0,0,0,0,0,0,0,0,0,0,0,0,0,0,0,0,0,0,0,0,0,0,0,0,0,0,0,0,0,0,0,0,0,0,0,0,0,0,0,0,0,0,0,0,0,0,0,0,0,0,0,0,0,0,0,0,0,0,0,0,0,0,0,0,0,0,0,0,0,0,0,0,0,0,0,0,1,33406852701824E-14,17,6282209213498,0,0,0,0,0,0,0,0,0,0,0,0,0,0,728,15,9,75863382200098,12,6885394017728,86,4772509833848,0,0,653772619833764,0,0,0,0,0,0,0,0,0,0,0,0,0,000138616268175881,0,0,0,0,0,0,799941207760381,0,0,0,45570,3951704585,42765,4369969589,0,
460-480C*,0,0101035998879218,753,150024,451,062463102945,924,044930760844,0,120473719231541,367,692985491039,52,7912082154969,76,0287414940667,0,00121992193512226,471,871733175642,8,50975708171054,316,467880820896,2,03773957918776,0,63,7657618434762,438,019598392475,324,824110188155,7,43572851007405,16,1928197100741,32,5765021673094,23,9712585059332,0,00503251516710589,1532,05945123052,0,0,14,6322896171937,1,3354117657134E-14,308,275993247948,1,50560983425833,0,777842656817785,4,11641822324208,12,8735094232421,8,27717546706479,0,7429788425452,3,82070445079194E-06,0,8,70669017649523E-10,0,0228358242225776,1,28905977740196,12,1634999897871,149,585651484512,75,9919924218697,48,5534109544707,16,8540236353405,0,0,0,0,0,0,0,0,0,0,0,0,0,0,0,0,0,0,0,0,0,0,0,0,0,0,0,0,0,0,0,0,0,0,0,0,0,0,0,0,0,0,0,0,0,0,0,0,0,0,0,0,0,0,0,0,0,0,0,0,0,0,0,0,0,0,0,0,0,0,0,0,0,0,0,0,0,0,0,0,0,0,0,0,0,0,0,0,0,0,0,0,0,0,0,0,1,3354117657134E-14,14,6322896171937,0,0,0,0,0,0,0,0,0,0,0,0,0,0,743,15,11,8453993011914,12,6255106178195,86,4867369302053,0,1,5873020440277,0,0,0,0,0,0,0,0,0,0,0,0,0,000185143599751934,0,0,0,0,0,2,03773957918776,0,0,0,45446,1986945244,42737,2989637885,0,
480-500C*,0,00811989332340945,773,150024,476,518159009933,932,797372898234,0,128733745023347,370,281925293174,61,7398216469233,79,8217938466326,0,00585113777035835,557,952443202063,8,70825193096408,319,796584720297,3,68526100657769,0,63,9981358933109,440,323947877575,328,357436031551,5,05601542730131,13,8131066273013,27,3774178191369,20,1782061533674,0,0241407597081593,1914,12123862184,0,0,10,8827605339398,1,33675953081265E-14,307,856011669583,1,51233551496127,0,636977548280614,1,46019624730841,10,2172874473084,7,48243104293915,0,804437206727931,2,0457455103777E-05,0,1,1643634649436E-10,0,109540385214345,1,72098765583357,9,90237255535558,241,571475899695,116,099641277757,71,4999566402052,16,7414743950478,0,0,0,0,0,0,0,0,0,0,0,0,0,0,0,0,0,0,0,0,0,0,0,0,0,0,0,0,0,0,0,0,0,0,0,0,0,0,0,0,0,0,0,0,0,0,0,0,0,0,0,0,0,0,0,0,0,0,0,0,0,0,0,0,0,0,0,0,0,0,0,0,0,0,0,0,0,0,0,0,0,0,0,0,0,0,0,0,0,0,0,0,0,0,0,0,1,33675953081265E-14,10,8827605339398,0,0,0,0,0,0,0,0,0,0,0,0,0,0,763,15,15,599210718207,12,5406913962062,86,4997449367195,0,2,9354892400082,0,0,0,0,0,0,0,0,0,0,0,0,0,000247180041853337,0,0,0,0,0,3,68526100657769,0,0,0,45282,9877829843,42699,6292177838,0,
500-520C*,0,00637525725589844,793,150024,501,890622890498,941,386172334203,0,136993770815153,372,885828870271,69,8241547845485,83,5242438759753,0,0104823536055944,654,636802776301,8,90157331352342,322,687438214583,5,318920604451,0,64,2160543430581,442,116291793548,331,484868575488,2,67957519855696,11,436666398557,22,6222648651317,16,4757561240247,0,0432490042492127,2296,18302601317,0,0,7,5535803503198,1,33761364032012E-14,307,436030091218,1,519282376274,0,514719401354445,-1,19602572862527,7,56106547137474,6,72961699354756,0,8667766692276,3,70942057567621E-05,0,1,36162812895303E-11,0,196244946206112,2,18566914296554,7,74842498683423,406,586735287465,183,946933344039,108,80436190987,16,6289251547552,0,0,0,0,0,0,0,0,0,0,0,0,0,0,0,0,0,0,0,0,0,0,0,0,0,0,0,0,0,0,0,0,0,0,0,0,0,0,0,0,0,0,0,0,0,0,0,0,0,0,0,0,0,0,0,0,0,0,0,0,0,0,0,0,0,0,0,0,0,0,0,0,0,0,0,0,0,0,0,0,0,0,0,0,0,0,0,0,0,0,0,0,0,0,0,0,1,33761364032012E-14,7,5535803503198,0,0,0,0,0,0,0,0,0,0,0,0,0,0,783,15,20,9816350042079,12,4550047243755,86,5131239714227,0,4,36279558056184,0,0,0,0,0,0,0,0,0,0,0,0,0,000313920781711879,0,0,0,0,0,5,318920604451,0,0,0,45123,2484506956,42661,8420973268,0,
520-540C*,0,00474741268662316,813,150024,527,623054799735,949,76034090271,0,145253796606959,375,502326665648,76,8911570747404,87,0530217440311,0,0151135694408305,762,588591186179,9,08622512890926,325,165749606764,6,9387183728077,0,64,4411655258479,443,434260082625,334,303392899357,0,307427587161879,9,06451878716188,18,3110433052938,12,9469782559688,0,0623572487902662,2380,56812982778,0,0,4,79779961996579,1,337987347435E-14,307,016048512853,1,52640282531935,0,409856941458129,-3,85224770455894,4,90484349544106,6,02337509783129,0,92992038875587,5,37309564097472E-05,0,1,37320032233685E-12,0,282949507197879,3,70938397807577,5,71701277465494,715,739989599239,303,228828644675,171,615964914616,16,5163759144626,0,0,0,0,0,0,0,0,0,0,0,0,0,0,0,0,0,0,0,0,0,0,0,0,0,0,0,0,0,0,0,0,0,0,0,0,0,0,0,0,0,0,0,0,0,0,0,0,0,0,0,0,0,0,0,0,0,0,0,0,0,0,0,0,0,0,0,0,0,0,0,0,0,0,0,0,0,0,0,0,0,0,0,0,0,0,0,0,0,0,0,0,0,0,0,0,1,337987347435E-14,4,79779961996579,0,0,0,0,0,0,0,0,0,0,0,0,0,0,803,15,28,8864505307128,12,3684778115563,86,5268298646465,0,5,84550853791798,0,0,0,0,0,0,0,0,0,0,0,0,0,000532767149051263,0,0,0,0,0,6,9387183728077,0,0,0,44967,7571486526,42623,9995234129,0,
540-560C*,0,00318955486176413,833,150024,554,225174519711,957,868890437711,0,153513822398766,378,135160741031,82,4182042295272,90,20837505245,0,030312478316315,882,533839689982,9,25852944149413,327,25681504698,8,57179486887973,0,64,6932881558508,444,314445340833,336,882511920211,-2,05940764356309,6,69768355643691,14,4437531396232,9,79162494755001,0,125081106515617,2789,59346540764,0,0,3,13804263084952,0,306,596066934488,1,53364480557104,0,321088787631103,-6,50846968049262,2,24862151950739,5,36801694141864,0,993791524024409,0,00012074298866069,0,1,17550415132813E-13,0,567553065507603,5,23309881318601,3,82268067554178,1322,75607046457,521,865102677001,281,466461484957,15,5778729262182,0,0,0,0,0,0,0,0,0,0,0,0,0,0,0,0,0,0,0,0,0,0,0,0,0,0,0,0,0,0,0,0,0,0,0,0,0,0,0,0,0,0,0,0,0,0,0,0,0,0,0,0,0,0,0,0,0,0,0,0,0,0,0,0,0,0,0,0,0,0,0,0,0,0,0,0,0,0,0,0,0,0,0,0,0,0,0,0,0,0,0,0,0,0,0,0,0,3,13804263084952,0,0,0,0,0,0,0,0,0,0,0,0,0,0,823,15,40,8007622980776,12,2806325781798,86,5409280805189,0,7,39398948674245,0,0,0,0,0,0,0,0,0,0,0,0,0,000751613516390646,0,0,0,0,0,8,57179486887973,0,0,0,44817,2513407768,42586,2298480068,0,
560-580C*,0,0036652559174575,853,150024,582,26321327197,965,660832773164,0,161773848190572,380,786136014235,86,6679546576096,92,8167142686353,0,085872335309375,1015,17239488193,9,41470085454674,328,985761480365,10,2478175955364,0,64,9906882642076,444,792138347168,339,272175176887,-4,4199107302971,4,3371804697029,11,0203943681199,7,18328573136473,0,354385077246056,3212,49122659012,0,0,2,31165097427048,0,306,176085356123,1,54095181511208,0,247037806347606,-9,1646916564263,-0,407600456426296,4,76757459691577,1,05831323374488,0,000380152180749615,0,8,38721298380265E-15,1,6079877340558,6,75681364829624,2,07924237973314,2576,59509284625,941,083883016497,481,626627565101,14,5178246011959,0,0,0,0,0,0,0,0,0,0,0,0,0,0,0,0,0,0,0,0,0,0,0,0,0,0,0,0,0,0,0,0,0,0,0,0,0,0,0,0,0,0,0,0,0,0,0,0,0,0,0,0,0,0,0,0,0,0,0,0,0,0,0,0,0,0,0,0,0,0,0,0,0,0,0,0,0,0,0,0,0,0,0,0,0,0,0,0,0,0,0,0,0,0,0,0,0,2,31165097427048,0,0,0,0,0,0,0,0,0,0,0,0,0,0,843,149999999999,59,2686993672714,12,1911511014563,86,5554493335438,0,9,0282937353345,0,0,0,0,0,0,0,0,0,0,0,0,0,000970459883730029,0,0,0,0,0,10,2478175955364,0,0,0,44672,4320102079,42548,6480417813,0,
580-600C*,0,00307030074383817,873,150024,612,353330095448,973,085179743024,0,170033873982378,383,43683224405,90,156494966001,95,1123319823981,0,141432192302435,1161,20644156573,9,55093941510748,330,377413630091,11,8569233419505,0,65,3503437674362,444,901129982781,341,519734838646,-6,77306190971927,1,98402929028073,8,04096699078391,4,88766801760194,0,583689047976496,3645,19504150724,0,0,1,80253804321506,0,305,756103777758,1,54826305103936,0,186269000049145,-11,82091363236,-3,06382243235997,4,2258519775653,1,12340867662895,0,000639561372838541,0,4,8841076376234E-16,2,64842240260399,8,5310324376194,0,499867221156559,5312,19118583638,1784,99537080533,862,857535785733,13,478368295302,0,0,0,0,0,0,0,0,0,0,0,0,0,0,0,0,0,0,0,0,0,0,0,0,0,0,0,0,0,0,0,0,0,0,0,0,0,0,0,0,0,0,0,0,0,0,0,0,0,0,0,0,0,0,0,0,0,0,0,0,0,0,0,0,0,0,0,0,0,0,0,0,0,0,0,0,0,0,0,0,0,0,0,0,0,0,0,0,0,0,0,0,0,0,0,0,0,1,80253804321506,0,0,0,0,0,0,0,0,0,0,0,0,0,0,863,15,88,7743062279747,12,1013876091776,86,5700615274585,0,10,6325620837298,0,0,0,0,0,0,0,0,0,0,0,0,0,00122528534579266,0,0,0,0,0,11,8569233419505,0,0,0,44533,9669667913,42511,1385131606,0,
600-625C*,0,00438032140373451,898,150024,649,48479028927,980,934692506785,0,17932640299816,386,411318809092,93,6463957896491,97,3221087237372,0,203937031419627,1342,400337737,9,64827078987916,331,773925671945,13,5427232788004,0,65,8491900767419,444,642476882759,343,907150808357,-9,41029943502256,-0,653208235022553,5,21974793587146,2,67789127626281,0,84165601504824,4138,64502239016,0,0,1,13385627447942,0,305,283624502098,1,55641239749542,0,126742829072464,-14,8091633552854,-6,05207215528535,3,69111405677397,1,19723116388683,0,000931396713938582,0,1,01130060428898E-17,3,81891140472071,13,5607051387601,-1,0651307621603,12902,1575633193,3915,6107119489,1764,67622401304,12,3335938490359,0,0,0,0,0,0,0,0,0,0,0,0,0,0,0,0,0,0,0,0,0,0,0,0,0,0,0,0,0,0,0,0,0,0,0,0,0,0,0,0,0,0,0,0,0,0,0,0,0,0,0,0,0,0,0,0,0,0,0,0,0,0,0,0,0,0,0,0,0,0,0,0,0,0,0,0,0,0,0,0,0,0,0,0,0,0,0,0,0,0,0,0,0,0,0,0,0,1,13385627447942,0,0,0,0,0,0,0,0,0,0,0,0,0,0,885,65,145,562711670173,12,0004528946342,86,5864774838467,0,12,3438797859039,0,0,0,0,0,0,0,0,0,0,0,0,0,00194768140979835,0,0,0,0,0,13,5427232788004,0,0,0,44386,5833104738,42469,0463865969,0,
625-650C*,0,00418189671320104,923,150024,696,009946741427,988,94673860684,0,189651435237918,389,697258064163,96,9237975077717,98,9539181990247,0,472050036082075,1565,83844651412,9,74492793878627,332,625153003557,14,7439770132979,0,66,5456683317361,443,902909838266,346,385153697059,-12,3263706570548,-3,56927945705484,2,74402076029695,1,04608180097534,1,94841587388196,4688,4005949992,0,0,0,332181731931381,0,304,758647529142,1,56525827542497,0,0827773405163713,-18,1294408252025,-9,37234962520245,3,19555959516675,1,27986065210433,0,00243194379352021,0,1,38605125770891E-19,8,84053802776137,19,1492303622499,-2,52076182985638,38186,3308834358,10238,6838371101,4234,95261492681,11,0921885204674,0,0,0,0,0,0,0,0,0,0,0,0,0,0,0,0,0,0,0,0,0,0,0,0,0,0,0,0,0,0,0,0,0,0,0,0,0,0,0,0,0,0,0,0,0,0,0,0,0,0,0,0,0,0,0,0,0,0,0,0,0,0,0,0,0,0,0,0,0,0,0,0,0,0,0,0,0,0,0,0,0,0,0,0,0,0,0,0,0,0,0,0,0,0,0,0,0,0,332181731931381,0,0,0,0,0,0,0,0,0,0,0,0,0,0,910,65,266,254836519219,11,8888824387761,86,6045128519852,0,13,5794793832311,0,0,0,0,0,0,0,0,0,0,0,0,0,00275034370313801,0,0,0,0,0,14,7439770132979,0,0,0,44234,2630255253,42422,4355263072,0,
650-675C*,0,00378241362612491,948,150024,750,665266627727,995,882559331565,0,190826335642572,392,931545586383,98,2786612486575,100,0,931035511090307,1813,85317162935,9,78205778450288,333,104169238225,15,6585469296501,0,67,4897424599783,442,743732994451,348,725812412282,-15,2209173715805,-6,46382617158053,1,71640636231578,0,3,8431436714532,5237,10075941257,0,0,0,00493238902672242,0,304,700048353561,1,57354554507838,0,0515352841451959,-21,4497182951195,-12,6926270951195,2,83663227510497,1,36463849002456,0,00506264761592641,0,1,17292580372822E-21,17,4373231033592,24,1266436140913,-3,57825690391647,126657,478068229,29636,8460750241,11148,3844623129,9,88295822178707,0,0,0,0,0,0,0,0,0,0,0,0,0,0,0,0,0,0,0,0,0,0,0,0,0,0,0,0,0,0,0,0,0,0,0,0,0,0,0,0,0,0,0,0,0,0,0,0,0,0,0,0,0,0,0,0,0,0,0,0,0,0,0,0,0,0,0,0,0,0,0,0,0,0,0,0,0,0,0,0,0,0,0,0,0,0,0,0,0,0,0,0,0,0,0,0,0,0,00493238902672242,0,0,0,0,0,0,0,0,0,0,0,0,0,0,935,65,518,599052217559,11,7796535797393,86,6216321574207,0,14,5280486462919,0,0,0,0,0,0,0,0,0,0,0,0,0,00346523390687721,0,0,0,0,0,15,6585469296501,0,0,0,44097,6889002047,42375,9377807927,0,
675-700C*,0,00324664675691287,973,150024,814,904057447208,1001,65719154765,0,180356722040076,396,116722757053,98,9313628422691,100,1,39002098609854,2087,85984304238,9,8309680734254,333,252855916695,16,5731168460024,0,68,7029040092633,441,215787687061,350,852860721417,-18,0922403159334,-9,33514911593341,1,05528255088261,1,4210854715202E-14,5,73787146902443,5776,57931889696,0,0,0,0133546068482755,0,305,467508784271,1,58112950621057,0,0303241278054154,-24,7699957650366,-16,0129045650366,2,61845368140254,1,45134131034755,0,0076933514383326,0,5,62271938327199E-24,26,034108178957,37,371389199752,-4,22237838934891,475867,56140116,95879,4079107086,32472,8494693856,8,70590295299501,0,0,0,0,0,0,0,0,0,0,0,0,0,0,0,0,0,0,0,0,0,0,0,0,0,0,0,0,0,0,0,0,0,0,0,0,0,0,0,0,0,0,0,0,0,0,0,0,0,0,0,0,0,0,0,0,0,0,0,0,0,0,0,0,0,0,0,0,0,0,0,0,0,0,0,0,0,0,0,0,0,0,0,0,0,0,0,0,0,0,0,0,0,0,0,0,0,0,0133546068482755,0,0,0,0,0,0,0,0,0,0,0,0,0,0,960,65,1082,09314396473,11,6726038524893,86,6379653386651,0,15,4827033093988,0,0,0,0,0,0,0,0,0,0,0,0,0,00536753504024282,0,0,0,0,0,16,5731168460024,0,0,0,43977,7322202361,42329,6398672612,0,
700-725C*,0,0025937805483696,998,150024,892,798190431001,1006,75560424822,0,165462217481612,399,269201017488,99,2631694352573,100,2,42583929883045,2389,1079305223,9,88012291379252,333,046851368509,18,1424799378692,0,70,0380186669774,439,365611027999,352,808633235734,-20,9500388699759,-12,1929476699759,0,715053740072861,1,4210854715202E-14,10,0143701651776,6286,02412624364,0,0,0,0217768246698286,0,306,23496921498,1,58838538611975,0,016684258779362,-28,0902732349537,-19,3331820349537,2,4825949711315,1,53560952256323,0,0144046253366881,0,1,37064635256234E-26,45,4371319342445,51,6361562834913,-4,62396982088847,2048793,88504644,350270,640642734,105634,810168641,7,56102271409118,0,0,0,0,0,0,0,0,0,0,0,0,0,0,0,0,0,0,0,0,0,0,0,0,0,0,0,0,0,0,0,0,0,0,0,0,0,0,0,0,0,0,0,0,0,0,0,0,0,0,0,0,0,0,0,0,0,0,0,0,0,0,0,0,0,0,0,0,0,0,0,0,0,0,0,0,0,0,0,0,0,0,0,0,0,0,0,0,0,0,0,0,0,0,0,0,0,0,0217768246698286,0,0,0,0,0,0,0,0,0,0,0,0,0,0,985,65,2434,00463605895,11,5668015761485,86,6539788296993,0,17,1334133046279,0,0,0,0,0,0,0,0,0,0,0,0,0,00741633865184047,0,0,0,0,0,18,1424799378692,0,0,0,43869,0959547941,42283,6843761664,0,
725-750C*,0,00194257765816516,1023,150024,984,15817263369,1011,19155688104,0,147844040621298,402,390501425601,99,4356198093403,100,4,51429606684344,2718,87156281442,9,92952352836149,332,51338096726,18,4022566787069,0,71,4926568442675,437,235577770466,354,477876870124,-23,7945882226636,-15,0374970226636,0,534181148168281,0,18,6372643429238,6755,00760654668,0,0,0,0301990424913816,0,307,00242964569,1,59529317486616,0,00846732521765011,-31,4105507048708,-22,6534595048708,2,42516089331024,1,61648011035097,0,0285623632719454,0,1,48132469721263E-29,84,5600149750675,63,633297287306,-4,79385748775726,10234981,3438108,1461126,45714221,387609,656829672,6,4483175050756,0,0,0,0,0,0,0,0,0,0,0,0,0,0,0,0,0,0,0,0,0,0,0,0,0,0,0,0,0,0,0,0,0,0,0,0,0,0,0,0,0,0,0,0,0,0,0,0,0,0,0,0,0,0,0,0,0,0,0,0,0,0,0,0,0,0,0,0,0,0,0,0,0,0,0,0,0,0,0,0,0,0,0,0,0,0,0,0,0,0,0,0,0,0,0,0,0,0,0301990424913816,0,0,0,0,0,0,0,0,0,0,0,0,0,0,1010,65,5940,85550291633,11,4621408715166,86,6697778154151,0,17,4080421375932,0,0,0,0,0,0,0,0,0,0,0,0,0,00913945026475146,0,0,0,0,0,18,4022566787069,0,0,0,43771,7881913754,42238,1539145119,0,
750-775C*,0,00136710556509755,1048,150024,1083,86421013806,1014,97880889391,0,127502191459134,405,482145039306,99,3747150093701,99,8460492796695,6,60275283485645,3078,44195660924,9,97917114600329,331,678123727908,19,3168265950591,0,73,064811324804,434,864093543517,355,760093769353,-26,6261635629521,-17,8690723629521,0,598423997943344,0,153950720330457,27,26015852067,7173,10218490012,0,0,0,0268609926865497,0,305,711273388296,1,60183776331706,0,00389472718622505,-34,7308281747879,-25,9737369747879,2,44266526166524,1,69299005739013,0,0427201012072028,0,5,94693471596448E-33,123,682898015891,92,2269722308393,-4,74207300888696,60130185,6353718,7043062,97132796,1621491,43859817,5,36778732594824,0,0,0,0,0,0,0,0,0,0,0,0,0,0,0,0,0,0,0,0,0,0,0,0,0,0,0,0,0,0,0,0,0,0,0,0,0,0,0,0,0,0,0,0,0,0,0,0,0,0,0,0,0,0,0,0,0,0,0,0,0,0,0,0,0,0,0,0,0,0,0,0,0,0,0,0,0,0,0,0,0,0,0,0,0,0,0,0,0,0,0,0,0,0,0,0,0,0,0268609926865497,0,0,0,0,0,0,0,0,0,0,0,0,0,0,1035,65,15842,6307922593,11,3585158593935,86,6854674807039,0,18,37773650953,0,0,0,0,0,0,0,0,0,0,0,0,0,0132462698257901,0,0,0,0,0,19,3168265950591,0,0,0,43685,8437077158,42193,1310893013,0,
775-800C*,0,00224895446724377,1073,150024,1191,68049658386,1018,13111973458,0,10443666999512,408,545652916515,99,2135071617418,99,5629680560658,9,73645278953827,3469,11032859725,10,0290670017333,330,565249750258,20,2313965114114,0,74,752860573893,432,285821973533,356,718228025557,-29,4450400797968,-20,6879488797968,0,773062341914499,0,43703194393423,40,1996228480538,7529,88028639803,0,0,0,0134304963436709,0,302,653449948905,1,60800888975547,0,00158666344879045,-38,051105644705,-29,294014444705,2,5319892047933,1,76417634736007,0,0654703281972888,0,7,0308269579866E-37,182,389858120763,115,700175046254,-4,47791856384215,421502757,547354,39736869,9951537,7822135,14009717,4,31943217670912,0,0,0,0,0,0,0,0,0,0,0,0,0,0,0,0,0,0,0,0,0,0,0,0,0,0,0,0,0,0,0,0,0,0,0,0,0,0,0,0,0,0,0,0,0,0,0,0,0,0,0,0,0,0,0,0,0,0,0,0,0,0,0,0,0,0,0,0,0,0,0,0,0,0,0,0,0,0,0,0,0,0,0,0,0,0,0,0,0,0,0,0,0,0,0,0,0,0,0134304963436709,0,0,0,0,0,0,0,0,0,0,0,0,0,0,1060,65,46492,1666043139,11,2558206605791,86,7011530104574,0,19,3515247335162,0,0,0,0,0,0,0,0,0,0,0,0,0,01661765208683,0,0,0,0,0,20,2313965114114,0,0,0,43611,3239858516,42148,698507538,0,
800-825C*,1,54747816064637E-05,1098,150024,1307,17055794759,1020,66224885085,0,0786474762292463,411,582546115143,99,0522993141135,99,2827983651335,17,103915550828,3892,16789546896,10,079212336742,329,197466144866,21,1459664277636,0,76,5555343343859,429,531931791022,357,419988099262,-32,2514929621534,-23,4944017621534,0,947700685885653,0,717201634866528,70,6233763674029,7814,91433613444,0,0,7,92179085434874E-13,1,29786065069117E-14,299,595626509515,1,61380105290478,0,000555083844848783,-41,3713831146221,-32,6142919146221,2,69034482215518,1,82907596394015,0,123024475500366,0,1,79365614365673E-41,320,422221283045,152,406362093187,-4,01002716486088,3580696608,91349,266046738,448177,44048069,3494713,3,30325205735824,0,0,0,0,0,0,0,0,0,0,0,0,0,0,0,0,0,0,0,0,0,0,0,0,0,0,0,0,0,0,0,0,0,0,0,0,0,0,0,0,0,0,0,0,0,0,0,0,0,0,0,0,0,0,0,0,0,0,0,0,0,0,0,0,0,0,0,0,0,0,0,0,0,0,0,0,0,0,0,0,0,0,0,0,0,0,0,0,0,0,0,0,0,0,0,0,1,29786065069117E-14,7,92179085434874E-13,0,0,0,0,0,0,0,0,0,0,0,0,0,0,1085,65,151280,0914627,11,1539493958734,86,7169395895672,0,20,3290101873021,0,0,0,0,0,0,0,0,0,0,0,0,0,0218896462349477,0,0,0,0,0,21,1459664277636,0,0,0,43548,3169888184,42104,9387762257,0,
825-850C*,0,1123,150024,1430,3797014272,1023,67316089189,0,414,640117986972,98,8776609701432,99,0069525740976,24,4713783121177,4318,57673736795,10,1296083984257,327,475103359193,22,0605363441159,,,,357,924953867455,,,1,1223390298568,0,993047425902428,101,047129886752,8153,68670103477,,,0,1,79660117228103E-14,296,537803070125,,,,,2,79861702400388,1,89867767637233,0,180578622803444,,,458,454584445326,190,179574304631,,,,,2,31924696789559,0,0,0,0,0,0,0,0,0,0,0,0,0,0,0,0,0,0,0,0,0,0,0,0,0,0,0,0,0,0,0,0,0,0,0,0,0,0,0,0,0,0,0,0,0,0,0,0,0,0,0,0,0,0,0,0,0,0,0,0,0,0,0,0,0,0,0,0,0,0,0,0,0,0,0,0,0,0,0,0,0,0,0,0,0,0,0,0,0,0,0,0,0,0,0,0,,0,,0,0,0,0,0,0,0,0,0,0,0,0,0,1110,65,,11,051429852318,86,7326629652223,,,,,,,,,,,,,,,0,0273148938500082,,,,,,22,0605363441159,,,,43476,8922390886,42060,6729656191,,
850-875C*,0,1148,150024,1557,8080688725,1026,68407293293,0,417,697689858802,98,703022626172,98,7355704924121,32,4373342505165,4723,23794769989,10,1802564404178,325,474635088176,22,9751062604681,,,,358,273850326668,,,1,29697737382796,1,26442950758785,133,942848140779,8492,4590659351,,,0,2,28644388699167E-14,293,479979630735,,,,,2,90878720994074,1,96827938880452,0,24373371726493,,,607,701907529757,222,830441662561,,,,,1,36741690832117,0,0,0,0,0,0,0,0,0,0,0,0,0,0,0,0,0,0,0,0,0,0,0,0,0,0,0,0,0,0,0,0,0,0,0,0,0,0,0,0,0,0,0,0,0,0,0,0,0,0,0,0,0,0,0,0,0,0,0,0,0,0,0,0,0,0,0,0,0,0,0,0,0,0,0,0,0,0,0,0,0,0,0,0,0,0,0,0,0,0,0,0,0,0,0,0,,0,,0,0,0,0,0,0,0,0,0,0,0,0,0,1135,65,,10,9489103087627,86,7483863408775,,,,,,,,,,,,,,,0,0320044351914142,,,,,,22,9751062604681,,,,43405,7079416506,42016,4071550124,,
875-900C*,0,1173,150024,1692,05962725703,1029,69498497397,0,420,755261730632,98,5283842822009,98,4691048194272,54,0546345620201,5127,89915803184,10,2311577226199,323,217612441186,23,8896761768204,,,,358,517640293272,,,1,47161571779911,1,53089518057274,223,222904866749,8831,23143083543,,,0,2,76619019654862E-14,290,422156191345,,,,,3,02083873038532,2,03788110123671,0,434643749292017,,,1012,75712598127,255,481309020491,,,,,0,447761878634997,0,0,0,0,0,0,0,0,0,0,0,0,0,0,0,0,0,0,0,0,0,0,0,0,0,0,0,0,0,0,0,0,0,0,0,0,0,0,0,0,0,0,0,0,0,0,0,0,0,0,0,0,0,0,0,0,0,0,0,0,0,0,0,0,0,0,0,0,0,0,0,0,0,0,0,0,0,0,0,0,0,0,0,0,0,0,0,0,0,0,0,0,0,0,0,0,,0,,0,0,0,0,0,0,0,0,0,0,0,0,0,1160,65,,10,8463907652074,86,7641097165327,,,,,,,,,,,,,,,0,0366939765328202,,,,,,23,8896761768204,,,,43334,7638394963,41972,1413444058,,
900-925C*,0,1198,150024,1833,23870480109,1032,70589701501,0,423,812833602461,98,3537459382297,98,2080047541095,75,6719348735237,5532,56036836378,10,282313511233,320,724513306883,24,8042460931726,,,,358,685320226271,,,1,64625406177026,1,79199524589044,312,502961592719,9170,00379573576,,,0,3,23464762041099E-14,287,364332751955,,,,,3,13475512992842,2,1074828136689,0,625553781319104,,,1417,81234443279,288,132176378422,,,,,0,0,0,0,0,0,0,0,0,0,0,0,0,0,0,0,0,0,0,0,0,0,0,0,0,0,0,0,0,0,0,0,0,0,0,0,0,0,0,0,0,0,0,0,0,0,0,0,0,0,0,0,0,0,0,0,0,0,0,0,0,0,0,0,0,0,0,0,0,0,0,0,0,0,0,0,0,0,0,0,0,0,0,0,0,0,0,0,0,0,0,0,0,0,0,0,0,,0,,0,0,0,0,0,0,0,0,0,0,0,0,0,1185,65,,10,7438712216521,86,7798330921878,,,,,,,,,,,,,,,0,0413835178742263,,,,,,24,8042460931726,,,,43264,0596403752,41927,8755337992,,
925-950C*,0,1223,150024,1981,34148720286,1035,71680905605,0,426,870405474291,98,1791075942586,97,9527166243986,95,8117886906599,5937,22157869573,10,3337250787892,318,014765206312,25,7188160095249,,,,358,798455009367,,,1,82089240574142,2,04728337560134,395,680079456344,9508,77616063609,,,0,3,69062827620445E-14,284,306509312565,,,,,3,25052014450956,2,17708452610109,0,801274633024531,,,1795,17978350586,320,783043736352,,,,,0,0,0,0,0,0,0,0,0,0,0,0,0,0,0,0,0,0,0,0,0,0,0,0,0,0,0,0,0,0,0,0,0,0,0,0,0,0,0,0,0,0,0,0,0,0,0,0,0,0,0,0,0,0,0,0,0,0,0,0,0,0,0,0,0,0,0,0,0,0,0,0,0,0,0,0,0,0,0,0,0,0,0,0,0,0,0,0,0,0,0,0,0,0,0,0,0,,0,,0,0,0,0,0,0,0,0,0,0,0,0,0,1210,65,,10,6413516780968,86,795556467843,,,,,,,,,,,,,,,0,0460730592156323,,,,,,25,7188160095249,,,,43193,5950182467,41883,6097231925,,
950-975C*,0,1248,150024,2136,41653035387,1038,72772109709,0,429,927977346121,98,0044692502874,97,7036845570424,95,976440424021,6341,88278902767,10,3853937041831,315,106772194434,26,6333859258771,,,,358,87303204987,,,1,99553074971257,2,29631544295752,613,893730201939,9847,54852553642,,,0,4,13294724855381E-14,281,248685873175,,,,,3,3681176986438,2,24668623853327,1,31921488998229,,,2785,17839571081,353,433911094283,,,,,0,0,0,0,0,0,0,0,0,0,0,0,0,0,0,0,0,0,0,0,0,0,0,0,0,0,0,0,0,0,0,0,0,0,0,0,0,0,0,0,0,0,0,0,0,0,0,0,0,0,0,0,0,0,0,0,0,0,0,0,0,0,0,0,0,0,0,0,0,0,0,0,0,0,0,0,0,0,0,0,0,0,0,0,0,0,0,0,0,0,0,0,0,0,0,0,0,,0,,0,0,0,0,0,0,0,0,0,0,0,0,0,1235,65,,10,5388321345415,86,8112798434981,,,,,,,,,,,,,,,0,0507626005570383,,,,,,26,6333859258771,,,,43123,3696146808,41839,3439125859,,
975-1000C*,0,1273,150024,2298,56152368695,1041,73863313813,0,432,98554921795,97,8298309063163,97,4613511886558,96,148411640541,6746,54399935962,10,437320672704,312,017944867539,27,5479558422294,,,,358,920692187556,,,2,17016909368373,2,53864881134419,841,808837895493,10186,3208904367,,,0,4,56042084409399E-14,278,190862433785,,,,,3,48753190269658,2,31628795096546,1,86208998364484,,,3819,19028952913,386,084778452213,,,,,0,0,0,0,0,0,0,0,0,0,0,0,0,0,0,0,0,0,0,0,0,0,0,0,0,0,0,0,0,0,0,0,0,0,0,0,0,0,0,0,0,0,0,0,0,0,0,0,0,0,0,0,0,0,0,0,0,0,0,0,0,0,0,0,0,0,0,0,0,0,0,0,0,0,0,0,0,0,0,0,0,0,0,0,0,0,0,0,0,0,0,0,0,0,0,0,0,,0,,0,0,0,0,0,0,0,0,0,0,0,0,0,1260,65,,10,4363125909862,86,8270032191533,,,,,,,,,,,,,,,0,0554521418984444,,,,,,27,5479558422294,,,,43053,3830402086,41795,0781019792,,
1000-1050C*,0,1323,150024,2555,35733497286,1046,25500119969,0,437,571907025695,97,5678733903596,97,1113778461982,96,4573494875074,7353,53581485754,10,4895072760675,305,519963109561,28,9198107167577,,,,358,959299180085,,,2,43212660964045,2,88862215380177,1251,25976418743,10694,4794377872,,,0,5,17120476689111E-14,273,6041272747,,,,,3,67002511892423,2,42069051961374,2,86627578652584,,,5676,79093897686,435,061079489109,,,,,0,0,0,0,0,0,0,0,0,0,0,0,0,0,0,0,0,0,0,0,0,0,0,0,0,0,0,0,0,0,0,0,0,0,0,0,0,0,0,0,0,0,0,0,0,0,0,0,0,0,0,0,0,0,0,0,0,0,0,0,0,0,0,0,0,0,0,0,0,0,0,0,0,0,0,0,0,0,0,0,0,0,0,0,0,0,0,0,0,0,0,0,0,0,0,0,0,,0,,0,0,0,0,0,0,0,0,0,0,0,0,0,1298,15,,10,2825332756532,86,850588282636,,,,,,,,,,,,,,,0,0624864539105534,,,,,,28,9198107167577,,,,42948,8500582203,41728,6793860693,,
1050-1100C*,0,1373,150024,2924,14394212495,1052,27682528177,0,443,687050769354,97,2185967024172,96,6723194154553,97,1503047021412,8162,85823552143,10,5419548124479,298,323569743832,30,7489505494622,,,,358,975930965064,,,2,78140329758277,3,32768058454466,2169,72354824846,11372,0241675879,,,0,5,92254288059462E-14,267,48848039592,,,,,3,91956259504321,2,55989394447812,5,24488820801582,,,9843,64969201556,883,581342733578,,,,,0,0,0,0,0,0,0,0,0,0,0,0,0,0,0,0,0,0,0,0,0,0,0,0,0,0,0,0,0,0,0,0,0,0,0,0,0,0,0,0,0,0,0,0,0,0,0,0,0,0,0,0,0,0,0,0,0,0,0,0,0,0,0,0,0,0,0,0,0,0,0,0,0,0,0,0,0,0,0,0,0,0,0,0,0,0,0,0,0,0,0,0,0,0,0,0,0,,0,,0,0,0,0,0,0,0,0,0,0,0,0,0,1348,15,,10,0774941885426,86,8820350339463,,,,,,,,,,,,,,,0,126906008034048,,,,,,30,7489505494622,,,,42810,3045026878,41640,147764856,,
1100-1150C*,0,1423,150024,3324,92717215931,1058,29864936384,0,449,802194513014,96,8693200144749,96,2680376706192,98,031860826393,8972,18065618532,10,5946645865101,290,696171006422,32,5780903821667,,,,358,973740654378,,,3,13067998552508,3,73196232938073,3338,19436455481,12049,5688973886,,,0,6,5930316856239E-14,261,37283351714,,,,,4,17608974575382,2,6990973693425,8,33991811573588,,,15144,7134485155,1095,435909673,,,,,0,0,0,0,0,0,0,0,0,0,0,0,0,0,0,0,0,0,0,0,0,0,0,0,0,0,0,0,0,0,0,0,0,0,0,0,0,0,0,0,0,0,0,0,0,0,0,0,0,0,0,0,0,0,0,0,0,0,0,0,0,0,0,0,0,0,0,0,0,0,0,0,0,0,0,0,0,0,0,0,0,0,0,0,0,0,0,0,0,0,0,0,0,0,0,0,0,,0,,0,0,0,0,0,0,0,0,0,0,0,0,0,1398,15,,9,87245510143198,86,9134817852566,,,,,,,,,,,,,,,0,157334012874991,,,,,,32,5780903821667,,,,42672,705827694,41551,6161436428,,
1150+C*,0,1623,150024,4483,30177589433,1073,35320956904,0,465,090053872162,95,9961282946192,95,4334050165633,100,10995,486707845,10,6476379094427,258,413193452928,37,150939963928,,,,358,946953374389,,,4,00387170538085,4,56659498343667,5946,86261501404,13743,4307218902,,,0,7,85078787815183E-14,246,08371632019,,,,,4,84721542107887,3,04710593150344,15,1819710272484,,,26979,6165854388,1727,02313652672,,,,,0,0,0,0,0,0,0,0,0,0,0,0,0,0,0,0,0,0,0,0,0,0,0,0,0,0,0,0,0,0,0,0,0,0,0,0,0,0,0,0,0,0,0,0,0,0,0,0,0,0,0,0,0,0,0,0,0,0,0,0,0,0,0,0,0,0,0,0,0,0,0,0,0,0,0,0,0,0,0,0,0,0,0,0,0,0,0,0,0,0,0,0,0,0,0,0,0,,0,,0,0,0,0,0,0,0,0,0,0,0,0,0,1523,15,,9,35985738365543,86,9920986635324,,,,,,,,,,,,,,,0,248046898954422,,,,,,37,150939963928,,,,42332,8220207936,41330,2870906096,,
