Name,Oman Export-2011
Created,26/03/2026 08:55:33
Cpt,Composition,Boiling Temperature,Molecular Weight,Standard Liquid Density,Acidity,Aniline Point,Assay - Aromatics Vol Pct,Assay - Aromatics Wt Pct,Asphaltene Content,Basic Nitrogen Content,C to H Ratio,Cloud Point,Conradson Carbon Content,Copper Content,Cetane Number,Flash Point,Freeze Point,MON (Clear),MON (Leaded),Assay - Naphthenes Vol Pct,Assay - Naphthenes Wt Pct,Nickel Content,Nitrogen Content,Assay - Olefins Vol Pct,Assay - Olefins Wt Pct,Assay - Paraffins Vol Pct,Assay - Paraffins Wt Pct,Pour Point,Refractive Index,Reid Vapour Pressure,RON (Clear),RON (Leaded),Smoke Point,Sulfur Content,Mercaptan Sulfur Content,Sodium Content,True Vapour Pressure,Vanadium Content,Iron Content,Luminometer Number,Viscosity @ 38C,Viscosity @ 50C,Viscosity @ 60C,Wax Content,Pi C6 22DMB Wt Pct,Pi C6 22DMB Vol Pct,Pi C6 23DMB Wt Pct,Pi C6 23DMB Vol Pct,Pi C6 2MP Wt Pct,Pi C6 2MP Vol Pct,Pi C6 3MP Wt Pct,Pi C6 3MP Vol Pct,Pi C7 22-mPentane Wt Pct,Pi C7 22-mPentane Vol Pct,Pi C7 24-mPentane Wt Pct,Pi C7 24-mPentane Vol Pct,Pi C7 223-mButane Wt Pct,Pi C7 223-mButane Vol Pct,Pi C7 33-mPentane Wt Pct,Pi C7 33-mPentane Vol Pct,Pi C7 23-mPentane Wt Pct,Pi C7 23-mPentane Vol Pct,Pi C7 2-mHexane Wt Pct,Pi C7 2-mHexane Vol Pct,Pi C7 3-mHexane Wt Pct,Pi C7 3-mHexane Vol Pct,Pi C7 3-ePentane Wt Pct,Pi C7 3-ePentane Vol Pct,Pi C6 Wt Pct,Pi C6 Vol Pct,Pi C7 Wt Pct,Pi C7 Vol Pct,Pi C8 Wt Pct,Pi C8 Vol Pct,Pi C9 Wt Pct,Pi C9 Vol Pct,Pi C10  Wt Pct,Pi C10  Vol Pct,Pi C11  Wt Pct,Pi C11  Vol Pct,Pn C6 Hexane Wt Pct,Pn C6 Hexane Vol Pct,Pn C7 Heptane Wt Pct,Pn C7 Heptane Vol Pct,Pn C8 Octane Wt Pct,Pn C8 Octane Vol Pct,Pn C9 Nonane Wt Pct,Pn C9 Nonane Vol Pct,Pn C10 Decane Wt Pct,Pn C10 Decane Vol Pct,Pn C11 n-C11 Wt Pct,Pn C11 n-C11 Vol Pct,On C6 Wt Pct,On C6 Vol Pct,On C7 Wt Pct,On C7 Vol Pct,On C8 Wt Pct,On C8 Vol Pct,On C9 Wt Pct,On C9 Vol Pct,On C10 Wt Pct,On C10 Vol Pct,On C11 Wt Pct,On C11 Vol Pct,A C6 Benzene Wt Pct,A C6 Benzene Vol Pct,A C7 Toluene Wt Pct,A C7 Toluene Vol Pct,A C8 m-Xylene Wt Pct,A C8 m-Xylene Vol Pct,A C8 o-Xylene Wt Pct,A C8 o-Xylene Vol Pct,A C8 p-Xylene Wt Pct,A C8 p-Xylene Vol Pct,A C8 EthBenz Wt Pct,A C8 EthBenz Vol Pct,N C6 cyc-C5 Wt Pct,N C6 cyc-C5 Vol Pct,N C6 cyc-C6 Wt Pct,N C6 cyc-C6 Vol Pct,A C8 Wt Pct,A C8 Vol Pct,A C9 Wt Pct,A C9 Vol Pct,A C10 Wt Pct,A C10 Vol Pct,A C11 Wt Pct,A C11 Vol Pct,N C6 Wt Pct,N C6 Vol Pct,N C7 Wt Pct,N C7 Vol Pct,N C8 Wt Pct,N C8 Vol Pct,N C9 Wt Pct,N C9 Vol Pct,N C10 Wt Pct,N C10 Vol Pct,N C11 Wt Pct,N C11 Vol Pct,Pi Wt Pct,Pi Vol Pct,Pn Wt Pct,Pn Vol Pct,Oi C6 Wt Pct,Oi C6 Vol Pct,Oi C7 Wt Pct,Oi C7 Vol Pct,Oi C8 Wt Pct,Oi C8 Vol Pct,Oi C9 Wt Pct,Oi C9 Vol Pct,Oi C10 Wt Pct,Oi C10 Vol Pct,Oi C11 Wt Pct,Oi C11 Vol Pct,Centroid Boiling Temperature,Viscosity @ 100C,Hydrogen,CarbonByWt,PValue,RamsCarbonResidueByWt,SulfideByWt,ZincByWt,TinByWt,ChromiumByWt,LeadByWt,AluminiumByWt,MagnesiumByWt,MetalByWt,ArsenicByWt,CadmiumByWt,MercuryByWt,NaClByWt,SaltByWt,MudByWt,ChloridesByWt,MolybdenumByWt,AshByWt,GumByWt,MicroCarbonResidueByWt,nC5InsolublesByWt,NaphthenicAcidByWt,NaphthenicAcidByVol,Gross Heating Value,Net Heating Value,Oxygen Content,
Hydrogen,0,20,5548,2,016000032,69,85910034,0,,0,0,0,0,0,13,9,0,0,,,13,9,10,,0,0,0,0,0,0,0,0,13,9,,,130,,,0,0,0,,0,0,,,,,0,,,,,,,,,,,,,,,,,,,,,,,,,,,,,,,,,,,,,,,,,,,,,,,,,,,,,,,,,,,,,,,,,,,,,,,,,,,,,,,,,,,,,,,,,,,,,,,,,0,0,0,0,,,,,,,,,,,,,,,100,0,,,,,,,,,,,,,,,,,,,,,0,,,,,,,
Nitrogen,0,77,3498,28,0135,806,3740234,0,,0,0,0,0,0,63,1,0,0,,,63,1,,,0,0,0,0,0,0,0,0,63,1,,,,,,0,0,0,,0,0,,,,,0,,,,,,,,,,,,,,,,,,,,,,,,,,,,,,,,,,,,,,,,,,,,,,,,,,,,,,,,,,,,,,,,,,,,,,,,,,,,,,,,,,,,,,,,,,,,,,,,,0,0,0,0,,,,,,,,,,,,,,,0,0,,,,,,,,,,,,,,,,,,,,,0,,,,,,,
CO,0,81,6996,28,0109005,799,3880005,0,,0,0,0,0,0,68,2,0,0,,,68,2,,,0,0,0,0,0,0,0,0,68,2,,,120,,,0,0,0,,0,0,,,,,0,,,,,,,,,,,,,,,,,,,,,,,,,,,,,,,,,,,,,,,,,,,,,,,,,,,,,,,,,,,,,,,,,,,,,,,,,,,,,,,,,,,,,,,,,,,,,,,,,0,0,0,0,,,,,,,,,,,,,,,0,0,,,,,,,,,,,,,,,,,,,,,0,,,,,,,
Oxygen,0,90,1996,32,1137,680054,0,,0,0,0,0,0,54,4,0,0,,,54,4,,,0,0,0,0,0,0,0,0,54,4,,,120,,,0,0,0,,0,0,,,,,0,,,,,,,,,,,,,,,,,,,,,,,,,,,,,,,,,,,,,,,,,,,,,,,,,,,,,,,,,,,,,,,,,,,,,,,,,,,,,,,,,,,,,,,,,,,,,,,,,0,0,0,0,,,,,,,,,,,,,,,0,0,,,,,,,,,,,,,,,,,,,,,0,,,,,,,
Methane,0,111,625,16,04290009,299,3940125,0,,0,0,0,0,3,90,4,0,0,,85,15,90,4,,,0,0,0,0,0,0,100,100,90,4,,,120,,,0,0,0,,0,0,,,,,0,,,,,,,,,,,,,,,,,,,,,,,,,,,,,,,,,,,,,,,,,,,,,,,,,,,,,,,,,,,,,,,,,,,,,,,,,,,,,,,,,,,,,,,,,,,,,,,,,0,0,100,100,,,,,,,,,,,,,,,25,13516209,75,,,,,,,,,,,,,,,,,,,,,0,,,,,,,
Ethylene,0,169,399,28,05380058,383,2260132,0,,0,0,0,0,6,104,0,0,,137,15,104,75,6,,0,0,0,0,100,100,0,0,104,,,100,51,,,0,0,0,,0,0,,,,,0,,,,,,,,,,,,,,,,,,,,,,,,,,,,,,,,,,,,,,,,,,,,,,,,,,,,,,,,,,,,,,,,,,,,,,,,,,,,,,,,,,,,,,,,,,,,,,,,,0,0,0,0,,,,,,,,,,,,,,,14,34761566,85,71428571,,,,,,,,,,,,,,,,,,,,,0,,,,,,,
Ethane,0,184,55,30,06990051,355,6830139,0,,0,0,0,0,4,90,4,0,0,,138,15,90,4,100,79,,0,0,0,0,0,0,100,100,90,4,,,111,38,,,0,0,0,,0,0,,,,,0,,,,,,,,,,,,,,,,,,,,,,,,,,,,,,,,,,,,,,,,,,,,,,,,,,,,,,,,,,,,,,,,,,,,,,,,,,,,,,,,,,,,,,,,,,,,,,,,,0,0,100,100,,,,,,,,,,,,,,,20,11147323,80,,,,,,,,,,,,,,,,,,,,,0,,,,,,,
CO2,0,194,598,44,00970078,825,335022,0,,0,0,0,0,0,217,0,0,,,217,,,0,0,0,0,0,0,0,0,217,,,,,,0,0,0,,0,0,,,,,0,,,,,,,,,,,,,,,,,,,,,,,,,,,,,,,,,,,,,,,,,,,,,,,,,,,,,,,,,,,,,,,,,,,,,,,,,,,,,,,,,,,,,,,,,,,,,,,,,0,0,0,0,,,,,,,,,,,,,,,0,0,,,,,,,,,,,,,,,,,,,,,0,,,,,,,
H2S,0,213,498,34,07600021,788,40802,0,,0,0,0,0,0,188,0,0,,,188,,,0,0,0,0,0,0,0,0,188,,2759,,,,94,1177,0,0,,0,0,,,,,0,,,,,,,,,,,,,,,,,,,,,,,,,,,,,,,,,,,,,,,,,,,,,,,,,,,,,,,,,,,,,,,,,,,,,,,,,,,,,,,,,,,,,,,,,,,,,,,,,0,0,0,0,,,,,,,,,,,,,,,5,911554252,0,,,,,,,,,,,,,,,,,,,,,0,,,,,,,
Propene,0,225,399,42,08060074,520,9550171,0,,0,0,0,0,6,87,9,0,0,,165,87,9,84,9,,0,0,0,0,100,100,0,0,87,9,,1565,102,54,,,0,0,0,,0,0,,,,,0,,,,,,,,,,,,,,,,,,,,,,,,,,,,,,,,,,,,,,,,,,,,,,,,,,,,,,,,,,,,,,,,,,,,,,,,,,,,,,,,,,,,,,,,,,,,,,,,,0,0,0,0,,,,,,,,,,,,,,,14,36465558,85,71428571,,,,,,,,,,,,,,,,,,,,,0,,,,,,,
Propane,0,000230385643627144,231,048,44,09700012,506,678009,0,,0,0,0,0,4,5,85,5,0,0,,169,15,85,5,97,1,,0,0,0,0,0,0,100,100,85,5,,1303,112,14,,,0,0,0,,0,0,,,,,0,,,,,,,,,,,,,,,,,,,,,,,,,,,,,,,,,,,,,,,,,,,,,,,,,,,,,,,,,,,,,,,,,,,,,,,,,,,,,,,,,,,,,,,,,,,,,,,,,0,0,100,100,,,,,,,,,,,,,,,18,28426304,81,81818182,,,,,,,,,,,,,,,,,,,,,0,,,,,,,
i-Butane,0,0024105896710108,261,42,58,12400055,561,9660034,0,380,85,0,0,0,0,4,8,114,0,0,,190,15,114,97,6,,0,0,0,0,0,0,100,100,114,,489,6,101,426,,,0,0,0,,0,0,,,,,0,,,,,,,,,,,,,,,,,,,,,,,,,,,,,,,,,,,,,,,,,,,,,,,,,,,,,,,,,,,,,,,,,,,,,,,,,,,,,,,,,,,,,,,,,,,,,,,,,100,100,0,0,,,,,,,,,,,,,,,17,34802065,82,75862069,,,,,,,,,,,,,,,,,,,,,0,,,,,,,
i-Butene,0,266,299,56,10770035,592,7930298,0,286,7055556,0,0,0,0,6,133,0,0,,193,15,133,88,1,,0,0,0,0,100,100,0,0,133,,442,7,105,2096138,,,0,0,0,,0,0,,,,,0,,,,,,,,,,,,,,,,,,,,,,,,,,,,,,,,,,,,,,,,,,,,,,,,,,,,,,,,,,,,,,,,,,,,,,,,,,,,,,,,,,,,,,,,,,,,,,,,,0,0,0,0,,,,,,,,,,,,,,,14,37319073,85,71428571,,,,,,,,,,,,,,,,,,,,,0,,,,,,,
1-Butene,0,266,898,56,10770035,593,7890015,0,,0,0,0,0,6,87,8,0,0,,193,15,87,8,80,8,,0,0,0,0,100,100,0,0,87,8,,432,97,4,,,0,0,0,,0,0,,0,236064836133691,0,219972008704656,0,208210021632581,0,,,,,,,,,,,,,,,,,,,,,,,,,,,,,,,,,,,,,,,,,,,,,,,,,,,,,,,,,,,,,,,,,,,,,,,,,,,,,,,,,,,,,,,,,,,,,,,,,0,0,0,0,,,,,,,,,,,,,,,14,37319073,85,71428571,,,,,,,,,,,,,,,,,,,,,0,,,,,,,
13-Butadiene,0,268,7,54,1,619,7440186,0,,0,0,0,0,8,164,0,0,,197,15,164,73,94513286,,0,0,0,0,100,100,0,0,164,,409,6,102,9723045,,,0,0,0,,0,0,,,,,0,,,,,,,,,,,,,,,,,,,,,,,,,,,,,,,,,,,,,,,,,,,,,,,,,,,,,,,,,,,,,,,,,,,,,,,,,,,,,,,,,,,,,,,,,,,,,,,,,0,0,0,0,,,,,,,,,,,,,,,11,17841035,88,88888889,,,,,,,,,,,,,,,,,,,,,0,,,,,,,
n-Butane,0,0044071793354206,272,648,58,12400055,583,2230225,0,356,35,0,0,0,0,4,8,135,0,0,,213,15,135,89,6,,0,0,0,0,0,0,100,100,135,,358,5,93,8,,,0,0,0,,0,0,,0,241514675581771,0,217701202498228,,0,,,,,,,,,,,,,,,,,,,,,,,,,,,,,,,,,,,,,,,,,,,,,,,,,,,,,,,,,,,,,,,,,,,,,,,,,,,,,,,,,,,,,,,,,,,,,,,,,0,0,100,100,,,,,,,,,,,,,,,17,34802065,82,75862069,,,,,,,,,,,,,,,,,,,,,0,,,,,,,
tr2-Butene,0,274,027,56,1,608,684021,0,,0,0,0,0,6,168,0,0,,201,168,83,84306902,,0,0,0,0,100,100,0,0,168,,343,9,105,0089318,,,0,0,0,,0,0,,,,,0,,,,,,,,,,,,,,,,,,,,,,,,,,,,,,,,,,,,,,,,,,,,,,,,,,,,,,,,,,,,,,,,,,,,,,,,,,,,,,,,,,,,,,,,,,,,,,,,,0,0,0,0,,,,,,,,,,,,,,,14,37319073,85,71428571,,,,,,,,,,,,,,,,,,,,,0,,,,,,,
i-Pentane,0,031773739447768,301,028,72,15100098,623,4420166,0,343,95,0,0,0,0,5,113,0,0,,217,113,90,3,,0,0,0,0,0,0,100,100,113,,133,8,92,3,,,0,0,0,,0,0,,,,,0,,,,,,,,,,,,,,,,,,,,,,,,,,,,,,,,,,,,,,,,,,,,,,,,,,,,,,,,,,,,,,,,,,,,,,,,,,,,,,,,,,,,,,,,,,,,,,,,,100,100,0,0,,,,,,,,,,,,,,,16,75213296,83,33333333,,,,,,,,,,,,,,,,,,,,,0,,,,,,,
1-Pentene,0,303,096,70,13500214,638,7230225,0,292,25,0,0,0,0,6,108,0,0,,245,108,77,1,,0,0,0,0,100,100,0,0,108,,131,8,90,9,,,0,0,0,,0,0,,,,,0,,,,,,,,,,,,,,,,,,,,,,,,,,,,,,,,,,,,,,,,,,,,,,,,,,,,,,,,,,,,,,,,,,,,,,,,,,,,,,,,,,,,,,,,,,,,,,,,,0,0,0,0,,,,,,,,,,,,,,,14,37831669,85,71428571,,,,,,,,,,,,,,,,,,,,,0,,,,,,,
2M-1-butene,0,304,303,70,1,654,3800049,0,,0,0,0,0,6,136,0,0,,221,136,81,9,,0,0,0,0,100,100,0,0,136,,127,2,102,54,,,0,0,0,,0,0,,,,,0,,,,,,,,,,,,,,,,,,,,,,,,,,,,,,,,,,,,,,,,,,,,,,,,,,,,,,,,,,,,,,,,,,,,,,,,,,,,,,,,,,,,,,,,,,,,,,,,,0,0,0,0,,,,,,,,,,,,,,,14,37831669,85,71428571,,,,,,,,,,,,,,,,,,,,,0,,,,,,,
n-Pentane,0,309,209,72,15100098,629,7290039,0,343,95,0,0,0,0,5,143,0,0,,233,143,61,9,,0,0,0,0,0,0,100,100,143,,101,35,61,7,,,0,0,0,,0,0,,0,317713556013358,0,28795065870348,0,265338970196147,0,,,,,,,,,,,,,,,,,,,,,,,,,,,,,,,,,,,,,,,,,,,,,,,,,,,,,,,,,,,,,,,,,,,,,,,,,,,,,,,,,,,,,,,,,,,,,,,,,0,0,100,100,,,,,,,,,,,,,,,16,75213296,83,33333333,,,,,,,,,,,,,,,,,,,,,0,,,,,,,
cis2-Butene,0,276,867,56,1,625,9530029,0,,0,0,0,0,6,134,0,0,,203,134,83,5,,0,0,0,0,100,100,0,0,134,,314,4,100,,,0,0,0,,0,0,,,,,0,,,,,,,,,,,,,,,,,,,,,,,,,,,,,,,,,,,,,,,,,,,,,,,,,,,,,,,,,,,,,,,,,,,,,,,,,,,,,,,,,,,,,,,,,,,,,,,,,0,0,0,0,,,,,,,,,,,,,,,14,37319073,85,71428571,,,,,,,,,,,,,,,,,,,,,0,,,,,,,
3M-1-butene,0,293,204,70,1,631,2700195,0,,0,0,0,0,6,105,0,0,,217,105,85,26729455,,0,0,0,0,100,100,0,0,105,,190,101,6748769,,,0,0,0,,0,0,,,,,0,,,,,,,,,,,,,,,,,,,,,,,,,,,,,,,,,,,,,,,,,,,,,,,,,,,,,,,,,,,,,,,,,,,,,,,,,,,,,,,,,,,,,,,,,,,,,,,,,0,0,0,0,,,,,,,,,,,,,,,14,37831669,85,71428571,,,,,,,,,,,,,,,,,,,,,0,,,,,,,
2M-2-butene,0,311,704,70,1,666,1090088,0,406,15,0,0,0,0,6,139,0,0,,228,139,84,7,,0,0,0,0,100,100,0,0,139,,98,11,97,3,,,0,0,0,,0,0,,,,,0,,,,,,,,,,,,,,,,,,,,,,,,,,,,,,,,,,,,,,,,,,,,,,,,,,,,,,,,,,,,,,,,,,,,,,,,,,,,,,,,,,,,,,,,,,,,,,,,,0,0,0,0,,,,,,,,,,,,,,,14,37831669,85,71428571,,,,,,,,,,,,,,,,,,,,,0,,,,,,,
2M-13-C4==,0,307,204,68,1,684,8460083,0,,0,0,0,0,7,5,127,0,0,,219,127,81,,0,0,0,0,100,100,0,0,127,,118,6,99,1,,,0,0,0,,0,0,,,,,0,,,,,,,,,,,,,,,,,,,,,,,,,,,,,,,,,,,,,,,,,,,,,,,,,,,,,,,,,,,,,,,,,,,,,,,,,,,,,,,,,,,,,,,,,,,,,,,,,0,0,0,0,,,,,,,,,,,,,,,11,8404699,88,23529412,,,,,,,,,,,,,,,,,,,,,0,,,,,,,
tr2-Pentene,0,309,493,70,1,652,2630005,0,404,4833333,0,0,0,0,6,133,0,0,,225,133,85,14880659,,0,0,0,0,100,100,0,0,133,,106,7,100,3776273,,,0,0,0,,0,0,,,,,0,,,,,,,,,,,,,,,,,,,,,,,,,,,,,,,,,,,,,,,,,,,,,,,,,,,,,,,,,,,,,,,,,,,,,,,,,,,,,,,,,,,,,,,,,,,,,,,,,0,0,0,0,,,,,,,,,,,,,,,14,37831669,85,71428571,,,,,,,,,,,,,,,,,,,,,0,,,,,,,
cis2-Pentene,0,310,083,70,1,659,5750122,0,403,9277778,0,0,0,0,6,122,0,0,,226,122,85,14880659,,0,0,0,0,100,100,0,0,122,,104,4,100,3776273,,,0,0,0,,0,0,,,,,0,,,,,,,,,,,,,,,,,,,,,,,,,,,,,,,,,,,,,,,,,,,,,,,,,,,,,,,,,,,,,,,,,,,,,,,,,,,,,,,,,,,,,,,,,,,,,,,,,0,0,0,0,,,,,,,,,,,,,,,14,37831669,85,71428571,,,,,,,,,,,,,,,,,,,,,0,,,,,,,
Cyclopentane,0,322,398,70,13500214,748,8740234,0,289,95,0,0,0,0,6,179,0,0,,233,179,84,9,,100,100,0,0,0,0,0,0,179,,41,7,101,426,,,0,0,0,,0,0,,0,483269667509962,0,429891392256475,,0,,,,,,,,,,,,,,,,,,,,,,,,,,,,,,,,,,,,,,,,,,,,,,,,,,,,,,,,,,,,,,,,,,,,,,,,,,,,,,,,,,,,,,,,,,,,,,,,,0,0,0,0,,,,,,,,,,,,,,,14,37831669,85,71428571,,,,,,,,,,,,,,,,,,,,,0,,,,,,,
Cyclopentene,0,317,38,68,1,776,5159912,0,458,3722222,0,0,0,0,7,5,138,0,0,,244,138,69,7,,100,100,0,0,0,0,0,0,138,,81,04,93,3,,,0,0,0,,0,0,,,,,0,,,,,,,,,,,,,,,,,,,,,,,,,,,,,,,,,,,,,,,,,,,,,,,,,,,,,,,,,,,,,,,,,,,,,,,,,,,,,,,,,,,,,,,,,,,,,,,,,0,0,0,0,,,,,,,,,,,,,,,11,8404699,88,23529412,,,,,,,,,,,,,,,,,,,,,0,,,,,,,
22-Mpropane,0,282,648,72,2,595,5930176,0,291,7055556,0,0,0,0,5,257,0,0,,225,257,80,2,,0,0,0,0,0,0,100,100,257,,251,8,85,5,,,0,0,0,,0,0,,,,,0,,,,,,,,,,,,,,,,,,,,,,,,,,,,,,,,,,,,,,,,,,,,,,,,,,,,,,,,,,,,,,,,,,,,,,,,,,,,,,,,,,,,,,,,,,,,,,,,,100,100,0,0,,,,,,,,,,,,,,,16,75213296,83,33333333,,,,,,,,,,,,,,,,,,,,,0,,,,,,,
33M-1-butene,0,314,397,84,16,657,1190186,0,,0,0,0,0,6,,0,0,,241,15,157,95,93,3,,0,0,0,0,100,100,0,0,,,91,82,111,77,,,0,0,0,,0,0,,,,,0,,,,,,,,,,,,,,,,,,,,,,,,,,,,,,,,,,,,,,,,,,,,,,,,,,,,,,,,,,,,,,,,,,,,,,,,,,,,,,,,,,,,,,,,,,,,,,,,,0,0,0,0,,,,,,,,,,,,,,,14,3716,85,71428571,,,,,,,,,,,,,,,,,,,,,0,,,,,,,
H2O,0,373,148,18,01510048,997,9860229,0,,0,0,0,0,0,,0,0,,,,,,0,0,0,0,0,0,0,0,,,,,,,0,0,0,,0,0,,0,698140124178851,0,560124358458913,0,474686748589316,0,,,,,,,,,,,,,,,,,,,,,,,,,,,,,,,,,,,,,,,,,,,,,,,,,,,,,,,,,,,,,,,,,,,,,,,,,,,,,,,,,,,,,,,,,,,,,,,,,0,0,0,0,,,,,,,,,,,,,,0,279783740086422,11,18972388,0,,,,,,,,,,,,,,,,,,,,,0,,,,,,,
36-40C*,0,0112570555074996,313,149994,73,081168528367,587,079966371474,0,0178932207477371,227,789746378787,0,510484165885344,0,0,1,67011930235225E-05,5,84132297227149,140,017270312263,0,0,73,122551318053,237,452880911821,144,017270312263,82,0809775569254,90,8380687569254,6,75516950206178,24,500197223568,0,0193688971115222,1,24025497884276,0,0,92,7343463320529,75,499802776432,110,146077969846,1,34032380443719,82,9169889178301,85,9303724921654,94,6874636921654,73,9866963994476,0,000293241459494809,3,87646812438362E-11,0,94,1972145768408,0,0139418782893315,0,153,666044527256,0,317857988773534,0,300144585853563,0,287726546599302,0,799124430441106,0,0,0,0,0,0,0,0,0,0,0,0,0,0,0,0,0,0,0,0,0,0,0,0,0,0,0,0,0,0,0,0,0,0,0,0,0,0,0,0,0,0,0,0,0,0,0,0,0,0,0,0,0,0,0,0,0,0,0,0,0,0,0,0,0,0,0,0,0,0,0,0,0,0,0,0,0,0,0,0,0,0,0,0,0,0,0,0,0,0,0,0,0,0,0,0,0,0,75,499802776432,92,7343463320529,0,0,0,0,0,0,0,0,0,0,0,0,311,149997,0,251977417523869,14,6044822904581,85,3094979013852,0,0,0,0,0,0,0,0,0,0,0,0,0,6,34331147626411E-12,0,0,0,0,1,05721857937735E-11,0,0,0,0,0,49267,1723590044,45440,0093557081,0,
40-50C*,0,031005102616598,323,149994,75,8041957036593,600,790873858805,0,02569034667704,228,786413372949,0,734180127468657,0,0,2,40197146989323E-05,5,58829827445595,145,835977320908,0,0,71,0850388379256,241,95145889631,149,835977320908,79,1853451958388,87,9424363958388,8,38912128994014,25,6602533893798,0,0278564161252722,1,78373908401486,0,0,90,8766985825912,74,3397466106202,111,465702543318,1,34590666497538,63,9998672180987,82,7782531727298,91,5353443727298,69,5366768408451,0,000293241459494809,1,74441065597263E-10,0,66,689087343625,0,0200512585181984,0,146,918226582994,0,303231546929063,0,2868035564378,0,275391435107516,0,96144435288415,70,6874166842209,73,4565431016884,0,0,0,0,0,0,0,0,0,0,0,0,0,0,0,0,0,0,0,0,0,0,70,6874166842209,73,4565431016884,0,0,0,0,0,0,0,0,0,0,0,0,0,0,0,0,0,0,0,0,0,0,0,0,0,0,0,0,0,0,0,0,0,0,0,0,0,0,0,0,0,0,0,0,0,0,0,0,0,0,0,0,0,0,0,0,0,0,0,0,0,0,0,0,0,0,0,0,0,0,74,3397466106202,90,8766985825912,0,0,0,0,0,0,0,0,0,0,0,0,0,0,318,15,0,243159544372762,15,1531008448945,84,6800473041806,0,0,0,0,0,0,0,0,0,0,0,0,0,2,85449016431885E-11,0,0,0,0,4,75748360719808E-11,0,0,0,0,0,49021,666463087,45269,5666179843,0,
50-60C*,0,0345908514761831,333,149994,79,8469453691457,620,377884554992,0,0368290980046156,230,303947679222,1,05374578687339,0,0,3,44747456638035E-05,5,32992531801853,151,356935118872,0,0,67,3636407536655,246,919469649669,155,356935118872,75,0487275371436,83,8058187371436,10,7233381297664,27,3066887227073,0,0399814432877723,2,56014494854643,0,0,88,2229160833602,72,6933112772927,116,695091527693,1,35416451443514,48,0815881495175,78,275225573536,87,032316773536,63,5304399977871,0,000293241459494809,3,68264471816444E-10,0,46,9073840140768,0,0287789445594368,0,137,157479167692,0,327268328260794,0,307810014713486,0,294214145043616,1,19332995637421,44,9414705785928,45,3710903802632,17,7067165710347,17,5372859768328,34,1941566586433,34,313754449625,3,0925652605169E-09,3,05143136512803E-09,0,0,0,0,0,0,0,0,0,0,0,0,0,0,0,0,96,8423438113633,97,2221308097725,0,0,0,0,0,0,0,0,0,0,0,0,0,0,0,0,0,0,0,0,0,0,0,0,0,0,0,0,0,0,0,0,0,0,0,0,0,0,0,0,0,0,0,0,0,0,0,0,0,0,0,0,0,0,0,0,0,0,0,0,0,0,0,0,0,0,0,0,0,0,72,6933112772927,88,2229160833602,0,0,0,0,0,0,0,0,0,0,0,0,0,0,328,15,0,255320857514985,15,7686344050688,84,045643746154,0,0,0,0,0,0,0,0,0,0,0,0,0,6,0261459024509E-11,0,0,0,0,1,00435765040848E-10,0,0,0,0,0,48689,7683071231,45039,1459588935,0,
60-70C*,0,0371509909187595,343,149994,84,6048430215063,639,964895251179,0,0479678493321912,231,922633981357,1,37331144627812,0,0,4,49297766286747E-05,5,16668561823703,156,781813030249,0,0,63,0936326923031,252,357995291657,160,781813030249,70,2791834996344,79,0362746996344,13,0575549695926,28,1067752673735,0,0521064704502723,3,336550813078,0,0,85,5691335841293,71,8932247326265,122,343459614628,1,36275388742339,35,1573119970868,73,0045387728522,81,7616299728522,57,9029487353749,0,000293241459494809,5,62087878035625E-10,0,32,7730229688828,0,0375066306006752,0,127,331357433328,0,352854627826369,0,32989104385099,0,313816906251152,1,43281264900016,0,0,0,000106869845698017,0,000106470544193,18,4119182975868,18,5851180611941,23,2936176711753,23,1191370239734,0,0,0,0,0,0,0,0,0,0,0,0,0,0,0,0,41,7056428386078,41,7043615557117,0,0,0,0,0,0,0,0,0,0,58,2912691922107,58,2929174775234,0,0,0,0,0,0,0,0,0,0,0,0,0,0,0,0,0,0,0,0,0,0,0,0,0,0,0,0,0,0,0,0,0,0,0,00308796918145503,0,00272096676483746,0,0,0,0,0,0,0,0,0,0,0,00308796918145503,0,00272096676483746,0,0,0,0,0,0,0,0,0,0,29,9844574429519,35,6870318822921,41,9087672896746,49,8821017018372,0,0,0,0,0,0,0,0,0,0,0,0,338,15,0,267619113293912,16,1826035528093,83,6104250419311,0,0,0,0,0,0,0,0,0,0,0,0,0,9,19780164058295E-11,0,0,0,0,1,53296694009716E-10,0,0,0,0,0,48378,1865553219,44822,8299856932,0,
70-80C*,0,0389169387502367,353,149994,89,1794729703311,669,089659519479,0,0591066006597668,232,953855159176,3,58915244031316,0,267378199159499,0,5,53848075935459E-05,5,08378038535452,161,694543920253,0,0,52,2985330627091,261,223747297896,165,694543920253,65,2315028108586,73,9885940108586,15,3917718094188,31,4287757401003,0,0642314976127725,4,11295667760958,0,0,81,019075750268,68,3038460607402,128,365666948341,1,37577169830516,25,019716958098,67,6468758064825,76,4039670064825,50,0757992485043,0,000293241459494809,7,55911284254806E-10,0,22,7403242732689,0,0462343166419137,0,112,569188966834,0,383943608375531,0,355988232297044,0,336484523466651,1,65961365574577,0,0,0,0,0,0,0,0,3,38457819232522,3,8072532639639,1,74985825614769,1,97121544328129,0,0,0,0,0,0,0,0,0,0,0,0,0,0,5,13443644847291,5,77846870724519,0,0,0,0,0,0,0,0,1,18135550443485,1,35756710379333,0,0,0,0,0,0,0,0,0,0,0,0,0,0,0,0,0,0,0,0,0,0,11,737273646905,10,1316265511445,0,0,0,0,0,0,0,0,0,0,75,6298349454024,76,5793804885975,6,3170994547848,6,15295714921949,0,0,0,0,0,0,0,0,81,9469344001872,82,732337637817,0,0,0,0,0,0,0,0,0,0,55,5277563605759,65,6059199126578,12,7760897001644,15,4131558376102,0,0,0,0,0,0,0,0,0,0,0,0,348,15,0,280733915729485,16,3944459764591,83,3457628838773,0,0,0,0,0,0,0,0,0,0,0,0,0,1,2369457378715E-10,0,0,0,0,2,06157622978583E-10,0,0,0,0,0,47948,6122834983,44524,5975759511,0,
80-90C*,0,0305289914860922,363,149994,93,6675134714475,690,291284528104,0,0702453519873424,234,680423033979,5,80499343434819,0,77723485187615,0,6,5839838558417E-05,5,11590209083203,166,81493231702,0,0,47,1698177652775,268,141955218325,170,81493231702,61,0786472077042,69,8357384077042,17,7259886492451,34,7811374597917,0,0763565247752725,4,88936254214115,0,0,76,4690179164067,64,4416276883322,134,716573673047,1,38596820318723,17,1296910430493,63,1665376418155,71,9236288418155,44,8522512650463,0,000293241459494809,9,49734690473987E-10,0,15,6673092791443,0,0549620026831521,0,102,008489843679,0,414419111124594,0,381838813073991,0,359136014886484,1,87327427268589,0,0,0,0,0,0,0,0,0,0909505000695519,0,100416001176579,4,35868597506562,4,81922739146528,0,0,0,0,7,9589202138506,8,52186767319204,21,6781854286458,23,7737068888116,0,00446288019482901,0,00483286825755089,4,93456686035058E-12,5,2600711977368E-12,0,0,34,0912049978313,37,2200508229083,0,0,0,0,0,0,0,0,0,0,0,0,0,0,0,0,0,0,0,0,0,0,0,0,0,0,0,0,0,0,0,0,7,51522195490795,6,3671395809311,0,0,0,0,0,0,0,0,0,0,0,0,39,1406415080922,37,4183584625303,0,0,0,0,0,0,0,0,39,1406415080922,37,4183584625303,19,2529315391686,18,9944511336302,0,0,0,0,0,0,0,0,64,4416276883322,76,4690179164067,0,0,0,0,0,0,0,0,0,0,0,0,0,0,358,15,0,294328873748259,16,3032473667823,83,4058172910733,0,0,0,0,0,0,0,0,0,0,0,0,0,1,55411131168471E-10,0,0,0,0,2,59018551947451E-10,0,0,0,0,0,47658,6985730773,44323,3246642633,0,
90-100C*,0,0302204122132183,373,149994,98,3375584473883,708,517070273817,0,081384103314918,236,678639264042,8,02083442838323,1,27768149991405,0,7,62948695232882E-05,5,20044445834511,171,946903594216,0,0,43,8149169240785,275,043226968107,175,946903594216,57,6836106890943,66,4407018890943,20,0602054890713,38,1823084841682,0,0884815519377727,5,66576840667272,0,0,71,9189600825455,60,5400100159178,141,351039932964,1,39514373515131,10,8595155164931,59,5272211836084,68,2843123836084,40,6458420257912,0,000293241459494809,1,14355809669317E-09,0,10,7156648150324,0,0636896887243905,0,93,0916601261557,0,446660697760439,0,409297031538685,0,383279649055484,2,07821020067927,0,0,0,0,0,0,0,0,0,0,0,0,0,0,0,0,2,36116900579584,2,32719930508554,15,3713348344271,15,5171311084956,24,5149347885841,24,4369128532952,1,57008868994684,1,54060974137039,0,0,43,8175273187539,43,8218530082468,0,0,0,0,0,0,0,0,0,0,55,2679615797936,55,3635887906624,0,0,0,0,0,0,0,0,0,0,0,0,0,0,0,0,0,0,0,0,0,0,0,0,0,0,0,0,0,0,0,0,0,0,0,0,0,0,0,0,0,0,0,0,0,0,0,914511101452556,0,814558201090839,0,0,0,0,0,0,0,0,26,7719680473716,31,7750472255086,33,7680419685462,40,1439128570369,0,0,0,0,0,0,0,0,0,0,0,0,368,15,0,309039849893063,16,0770375233311,83,6077406948136,0,0,0,0,0,0,0,0,0,0,0,0,0,1,87127688549791E-10,0,0,0,0,3,11879480916319E-10,0,0,0,0,0,47423,3455040807,44159,9305377736,0,
100-110C*,0,0294630819786218,383,149994,103,174571525354,724,023859682379,0,0925228546424936,238,898116289101,10,2366754224183,1,76324686063256,0,8,67499004881593E-05,5,31005735339908,177,086073537259,0,0,41,8481251436569,281,929104575811,181,086073537259,55,678749359844,64,435840559844,24,4548297403892,41,5706860915081,0,100606579100273,6,44217427120429,0,0,65,3084948371926,56,6660670478594,148,22392587231,1,40324798268375,8,03745216203081,57,502636149225,66,259727349225,37,2679043115959,0,000293241459494809,1,33738150291235E-09,0,7,27405367643317,0,0724173747656289,0,85,664598479098,0,48112365628547,0,438756461525619,0,409265901226287,2,27883714058465,0,0,0,0,0,0,0,0,0,0,0,0,0,0,0,0,0,0,0,0,0,0,0,0,0,0,0,0,0,0,0,0,0,0,0,0,0,0,0,140708598824302,0,159574647555983,0,0,0,0,0,0,0,0,0,0,0,0,0,0,0,0,0,0,0,0,0,0,7,79945103729502,6,98241801592599,0,0,0,0,0,0,0,0,0,0,0,0,0,0,0,0,0,0,0,0,0,0,92,0598403638807,92,858007336518,0,0,0,0,0,0,0,0,56,5253584490351,65,1489201896366,0,140708598824302,0,159574647555983,0,0,0,0,0,0,0,0,0,0,0,0,378,15,0,325093881239701,15,794930606736,83,8719874147265,0,0,0,0,0,0,0,0,0,0,0,0,0,2,18844245931112E-10,0,0,0,0,3,64740409885186E-10,0,0,0,0,0,47232,4327221804,44027,3891293811,0,
110-120C*,0,0283639890228256,393,149994,108,257574667944,736,430519999825,0,103661605970069,241,336448121313,12,2409426273218,2,22747447408487,0,9,72049314530305E-05,5,41776419847655,182,258168732262,0,0,41,3082046996701,288,800875057926,186,258168732262,54,5709595625932,63,3280507625932,24,4798552520071,44,8762605049552,0,112731606262773,7,21858013573586,0,0,63,2792021206711,52,8962650209599,155,2900916353,1,40995059192752,7,72817906503178,56,4847056933471,65,2417968933471,34,7094293307434,0,00328672943168575,1,53120490913153E-09,0,4,89968911879822,0,0811450608068674,0,79,8813302177618,0,518037195436343,0,470411865134474,0,437266318471803,2,47957079326079,0,0,0,0,0,0,0,0,0,0,0,0,0,0,0,0,0,0,0,0,0,0,0,0,0,0,0,0,57,1288860947417,61,0107278070731,0,0,0,0,0,0,0,0,0,0,0,0,0,0,0,0,0,0,0,0,0,0,0,0,0,0,0,0,0,0,0,0,23,795135716107,20,6447901853461,0,0,0,0,0,0,0,0,0,0,0,0,0,0,0,0,0,0,0,0,0,0,0,0,19,0759781891513,18,3444820075808,0,0,0,0,0,0,52,8962650209599,63,2792021206711,0,0,0,0,0,0,0,0,0,0,0,0,0,0,388,15,0,342600849538602,15,5260150322098,84,1162883865148,0,0,0,0,0,0,0,0,0,0,0,0,0,2,50560803312432E-10,0,0,0,0,4,17601338854054E-10,0,0,0,0,0,47085,4769841047,43925,3649469139,0,
120-130C*,0,0270000489950188,403,149994,113,806774740688,742,645861297582,0,114800357297645,244,149096823314,12,4931544712719,2,74657400325528,0,0,000107659962417902,5,46050544663531,187,628828222585,0,0,43,6259671689843,295,659628714321,191,628828222585,53,5971685998597,62,3542597998597,24,5053576022612,47,7843177978576,0,124856633425273,7,99498600026744,0,0,63,001487926467,49,4691081988871,162,504397366152,1,41354133099026,7,42491749538664,55,4667752374692,64,2238664374692,33,5525170080074,0,0307129966226332,1,72502831535071E-09,0,3,27410946973025,0,0898727468481058,0,77,221501142339,0,557185818950856,0,504127183970011,0,467194740076551,2,68482685956642,0,0,0,0,0,0,0,0,0,0,0,0,0,0,0,0,0,0,0,0,0,0,0,0,0,0,0,0,0,000113942816708536,0,000115484372696218,0,0,0,0,0,0,0,0,0,0,89,6353562113527,90,5820059299394,0,0,0,0,0,0,0,0,0,0,0,0,0,0,0,0,0,0,0,0,0,0,0,0,0,0,0,0,0,0,0,0,0,0,0,0,0,0,0,0,0,0,0,0,0,0,10,3645298458306,9,41787858568789,0,0,0,0,0,0,0,0,49,4691081988871,63,001487926467,0,0,0,0,0,0,0,0,0,0,0,0,398,15,0,361588856641222,15,4208552247935,84,2056639467595,0,0,0,0,0,0,0,0,0,0,0,0,0,2,82277360693753E-10,0,0,0,0,4,70462267822921E-10,0,0,0,0,0,47013,702884777,43875,5356996717,0,
130-140C*,0,0255749322459019,413,149994,119,488411257504,748,861202595339,0,12593910862522,246,967677359605,12,7453663152219,4,50489115581552,0,0,000118114993382773,5,50893280960088,192,899877542592,0,0,45,6443086369708,302,506300924676,196,899877542592,52,6233776371263,61,3804688371263,24,5313367911513,47,5809914049928,0,136981660587773,8,77139186479901,0,0,62,7232968936268,47,9141174391917,169,821703209084,1,41711511401831,7,12772977986832,54,4488447815913,63,2059359815913,32,4178153792234,0,0574956580243425,1,91885172156989E-09,0,2,16992315290012,0,0986004328893442,0,74,5856930348845,0,600406494013642,0,541183411730957,0,499982049257085,2,89902104036031,0,0,0,0,0,0,0,0,0,0,0,0,0,0,0,0,0,0,0,0,0,0,0,0,0,0,0,0,0,0,1,23822911016166E-15,1,41240602156266E-15,0,0,0,0,0,0,0,0,0,0,0,0,0,0,0,0,0,0,0,0,0,0,0,0,0,0,0,0,0,0,0,0,17,890092209555,17,0460400662673,8,20851503140933E-18,7,67721131038518E-18,18,5881238249538,17,7655083978798,18,5976941426975,17,6560799299448,0,0,0,0,55,0759101772064,52,4676283940918,0,0,0,0,0,0,0,0,0,0,44,9240898227936,47,5323716059082,0,0,0,0,0,0,47,9141174391917,62,7232968936268,0,0,0,0,0,0,0,0,0,0,0,0,0,0,408,15,0,382186653794448,15,3034939566744,84,3059199594521,0,0,0,0,0,0,0,0,0,0,0,0,0,3,13993918075073E-10,0,0,0,0,5,23323196791789E-10,0,0,0,0,0,46943,1201958792,43826,5335904283,0,
140-150C*,0,0241655033161038,423,149994,125,375521913577,755,076543893097,0,137077859952796,249,792043248186,12,997578159172,6,43018834868089,0,0,000128570024347644,5,56291230437574,198,066578347047,0,0,47,4015549582202,309,341702896494,202,066578347047,51,6495866743928,60,4066778743928,24,5577928186776,47,1181551659412,0,149106687750273,9,54779772933058,0,0,62,4446290221504,46,4516564853779,177,196869308311,1,42067123617365,6,83667575825679,53,4309143257134,62,1880055257134,31,3047759686991,0,0836347136368139,2,11267512778907E-09,0,1,42597351899186,0,107328118930583,0,71,9741853059309,0,647896426221099,0,581730054771841,0,535748519883253,3,12656903650119,0,0,0,0,0,0,0,0,0,0,0,0,0,0,0,0,0,0,0,0,0,0,0,0,0,0,0,0,0,0,80,7798435609239,83,3103844181543,0,0,0,0,0,0,0,0,0,0,2,23048944086485,2,31274211415394,0,0,0,0,0,0,0,0,0,0,0,0,0,0,0,0,0,0,0,0,0,622416490619382,0,536203440791634,16,3587901328917,13,8333593121785,0,00841818444141626,0,00727441544743073,2,39486684750602E-13,2,05567349967272E-13,0,0,0,0,16,9896248079527,14,3768371684178,4,21902585720404E-05,3,62992740269677E-05,0,0,0,0,0,0,0,0,0,0,0,0,0,0,0,0,44,2211670445131,60,1318869079965,2,23048944086485,2,31274211415394,0,0,0,0,0,0,0,0,0,0,0,0,418,15,0,404448206969551,15,1748303888157,84,4162506867579,0,0,0,0,0,0,0,0,0,0,0,0,0,3,45710475456394E-10,0,0,0,0,5,76184125760656E-10,0,0,0,0,0,46873,6994964639,43778,3381936586,0,
150-160C*,0,0245355261866303,433,149994,130,670319976364,769,762364069621,0,148216611280372,252,167542190845,13,2497900031221,8,43458566372495,0,0,000139025055312515,5,76862654089792,202,656705700906,0,0,44,86696094572,316,166544788216,206,656705700906,50,4924689772512,59,2495601772512,24,5847256848399,46,4999453270639,0,161231714912773,10,3242035938622,0,0,62,165484312038,45,0654690092111,184,584755808052,1,42870407314001,6,55181260533822,52,4129838698355,61,1700750698355,28,5110344561869,0,109130163460047,2,30649853400825E-09,0,0,928922263560238,0,116055804971821,0,65,3057601867428,0,69970105455494,0,625780372944771,0,574490062336915,3,37188654884781,0,0,0,0,0,0,0,0,0,0,0,0,0,0,0,0,0,0,0,0,0,0,0,0,0,0,0,0,0,0,0,0,0,0,0,0,0,0,0,0,0,0,26,9714983296656,29,9326888253495,0,0,0,0,0,0,0,0,0,0,0,0,0,0,0,0,0,0,0,0,0,0,0,0,0,0,0,0,0,0,0,0,0,0,38,2976553473858,35,2672469848605,0,0,0,0,0,0,0,0,0,0,34,7308463229486,34,80006418979,0,0,0,0,18,0939706795455,32,2327954866885,26,9714983296656,29,9326888253495,0,0,0,0,0,0,0,0,0,0,0,0,428,15,0,428342387264507,14,7066759623642,84,8373212848793,0,0,0,0,0,0,0,0,0,0,0,0,0,3,77427032837714E-10,0,0,0,0,6,29045054729524E-10,0,0,0,0,0,46754,7814348807,43689,0115715592,0,
160-170C*,0,0233063288151059,443,149994,137,081522448971,774,34887689629,0,154507062505692,255,095587975772,13,5020018470722,10,4422888397487,0,0,000149480086277386,5,81004817503977,207,68221093732,0,0,46,999739453036,322,981453432259,211,68221093732,49,5539307798914,58,3110219798914,24,6121353896383,45,8070499354917,0,173356742075273,11,1006094583937,0,0,61,8858627632895,43,7506612247596,191,940222852522,1,43137694855982,6,27319464747437,51,3950534139576,60,1521446139576,27,7862058981356,0,133982007494043,2,50032194022744E-09,0,0,599691777132532,0,124783491013059,0,63,5491318700688,0,755517651765355,0,673175260633303,0,616136587299953,3,63938927825892,0,0,0,0,0,0,0,0,0,0,0,0,0,0,0,0,0,0,0,0,0,0,0,0,0,0,0,0,0,0,0,0,0,000204049984530409,0,000221256574431591,0,0,0,0,0,0,0,0,0,0,3,4026855288993E-05,3,70459320018751E-05,0,0,0,0,0,0,0,0,0,0,0,0,0,0,0,0,0,0,0,0,0,0,0,0,0,0,0,0,0,0,0,0,0,0,0,0,0,0,0,0,0,0,0,0,99,9997619231602,99,9997416974936,0,0,0,0,43,7506271979044,61,8858257173575,3,4026855288993E-05,3,70459320018751E-05,0,0,0,0,0,0,0,0,0,0,0,0,438,15,0,453991965230459,14,6170420395866,84,9257184265796,0,0,0,0,0,0,0,0,0,0,0,0,0,4,09143590219035E-10,0,0,0,0,6,81905983698392E-10,0,0,0,0,0,46697,1030389496,43646,7368873525,0,
170-180C*,0,0220638649830194,453,149994,143,855167129062,778,014293866144,0,178517262524867,258,074275600655,14,1532881708599,12,3429862590532,0,0,000159935117242258,5,83682887816699,212,651128917878,0,0,49,3756769647153,329,786986146791,216,651128917878,48,6353278775631,57,3924190775631,24,6400219330729,45,1632835258278,0,185481769237773,11,8770153229253,0,0,61,2066898960672,42,493730215119,199,21813058594,1,43352386812189,6,00087317388527,50,3771229580797,59,1342141580797,27,2509966641104,0,1581902457388,7,41417932946288E-08,0,0,383559308039418,0,133511177054298,0,62,2450340427597,0,81702398120381,0,725101154478251,0,661568223801072,3,93349292559326,0,0,0,0,0,0,0,0,0,0,0,0,0,0,0,0,0,0,0,0,0,0,0,0,0,0,0,0,0,0,0,0,86,1257606209119,86,1446336496305,0,0,0,0,0,0,0,0,0,0,12,9832849727727,13,038836535155,0,0,0,0,0,0,0,0,0,0,0,0,0,0,0,0,0,0,0,0,0,0,0,0,0,0,0,0,0,0,0,0,0,0,8,22344713311635E-10,6,99150630813987E-10,0,0,0,0,0,0,0,0,0,0,0,890954405493063,0,816529814515327,0,0,29,5104452423463,48,1678533609122,12,9832849727727,13,038836535155,0,0,0,0,0,0,0,0,0,0,0,0,448,15,0,481580361973274,14,5568767618497,84,9659986594821,0,0,0,0,0,0,0,0,0,0,0,0,0,1,2132293448212E-08,0,0,0,0,2,02204890803533E-08,0,0,0,0,0,46649,3657220673,43611,3140426379,0,
180-190C*,0,020846353385337,463,149994,150,995580839703,781,015457904946,0,204066495648621,261,088970237156,19,6428541006769,13,5549729443311,0,0,000170390148207129,5,85293473143281,217,549329126133,0,0,51,8906049267392,336,583641658298,221,549329126133,47,7311014139716,56,4881926139716,24,6683853151436,45,1716957400077,0,197606796400273,12,6534211874569,0,0,55,6887605841795,41,2733313156612,206,373339152522,1,4352821073291,5,73489624282821,49,3591925022018,58,1162837022018,26,8506092534859,0,181754878194319,1,68345679790561E-07,0,0,242975333809528,0,142238863095536,0,61,2655489839919,0,896202333474448,0,790201593402175,0,717344151524059,4,3105216024964,0,0,0,0,0,0,0,0,0,0,0,0,0,0,0,0,0,0,0,0,0,0,0,0,0,0,0,0,0,0,0,0,0,0,0,0,0,0,0,0,0,0,0,0,0,0,0,0,0,0,0,0,0,0,0,0,0,0,0,0,0,0,0,0,0,0,0,0,0,0,0,0,0,0,0,0,0,0,0,0,55,0624574251654,53,1988975498856,0,0,0,0,0,0,0,0,0,0,44,9375371283328,46,8010964073689,5,44650181789207E-06,6,04274552926578E-06,41,2733313156612,55,6887605841795,0,0,0,0,0,0,0,0,0,0,0,0,0,0,458,15,0,51288343245017,14,5191141601932,84,9794275378325,0,0,0,0,0,0,0,0,0,0,0,0,0,2,75474748748191E-08,0,0,0,0,4,59124581246985E-08,0,0,0,0,0,46609,240565619,43581,2744402464,0,
190-200C*,0,0197287501512514,473,149994,158,14751516699,786,222547469832,0,230937078979431,263,992324988178,24,8524307831902,14,7922849907345,0,0,000180845179172,5,91411122596933,222,201495949952,0,0,53,2163564118631,343,371868852483,226,201495949952,46,7791320625419,55,5362232625419,24,6972255358503,45,2135617243181,0,209731823562774,13,4298270519884,0,0,50,4503436809595,39,9941532849475,213,360708696485,1,43819687389396,5,47530848290054,48,3412620463239,57,0983532463239,26,0333295293132,0,2046759048606,2,62549566286493E-07,0,0,152398580138068,0,150966549136775,0,59,2558523913326,0,984222460823644,0,862114307879509,0,778673550900916,4,76604582282222,0,0,0,0,0,0,0,0,0,0,0,0,0,0,0,0,0,0,0,0,0,0,0,0,0,0,0,0,0,0,0,0,0,0,59,5217945283302,59,7730641376184,0,0,0,0,0,0,0,0,0,0,6,61353272537002,6,65273148407199,0,0,0,0,0,0,0,0,0,0,0,0,0,0,0,0,0,0,0,0,0,0,0,0,0,0,0,0,0,0,0,0,0,0,0,0,0,0,0,0,0,0,0,0,0,0,33,8646727462997,33,5742043783096,33,3806205595775,43,7976121968875,6,61353272537002,6,65273148407199,0,0,0,0,0,0,0,0,0,0,0,0,468,15,0,546817729159201,14,3840346920373,85,0687810469098,0,0,0,0,0,0,0,0,0,0,0,0,0,4,29626563014262E-08,0,0,0,0,7,16044271690437E-08,0,0,0,0,0,46537,505909123,43527,0440663884,0,
200-210C*,0,0187099975173994,483,149994,165,412384438208,792,530921703929,0,258911329619772,266,843978791957,29,7820182183997,16,1494007132723,0,0,000191300210136871,6,0016088377759,226,665244178694,0,0,53,8998961840004,350,152073867354,230,665244178694,45,8033275862095,54,5604187862095,24,7265425951932,45,2695626142494,0,221856850725274,14,20623291652,0,0,45,4914391864071,38,5810366724783,220,135099362045,1,44168085122952,5,22215088974254,47,323331590446,56,080422790446,25,0224648430583,0,226953325737643,3,56753452782426E-07,0,0,0946120787502722,0,159694235178013,0,56,7509097458127,1,08311106833369,0,942279242790623,0,846648084123563,5,24306666142745,0,0,0,0,0,0,0,0,0,0,0,0,0,0,0,0,0,0,0,0,0,0,0,0,0,0,0,0,0,0,0,0,0,0,2,53472764547592E-14,2,93575658350266E-14,0,0,0,0,0,0,0,0,0,0,1,4081820252644E-15,1,63374594680917E-15,0,0,0,0,0,0,0,0,0,0,0,0,0,0,0,0,0,0,0,0,0,0,0,0,0,0,0,0,0,0,0,0,0,0,91,0354824475311,91,0182875422343,0,0,0,0,0,0,0,0,0,0,0,0,38,5810366724783,45,4914391864071,0,0,0,0,0,0,0,0,0,0,0,0,0,0,478,15,0,583736338825304,14,1971169732572,85,2055426976384,0,0,0,0,0,0,0,0,0,0,0,0,0,5,83778377280333E-08,0,0,0,0,9,72963962133888E-08,0,0,0,0,0,46447,2062998317,43457,9598099281,0,
210-220C*,0,0177855766456645,493,149994,172,932026740098,798,821534980605,0,28777156467212,269,701535695505,34,4316164063056,17,7167019223806,0,0,000201755241101742,6,0939818126694,231,00597906899,0,0,54,4806934357133,356,924625903101,235,00597906899,44,8279075106142,53,5849987106142,24,7563364931721,45,3214167173354,0,233981877887774,14,9826387810516,0,0,40,8120471005223,36,961881360284,226,651371293421,1,44513212525474,4,97546061846984,46,3054011345681,55,0624923345681,24,033703259473,0,248587140825449,4,50957339278358E-07,0,0,0581180077396885,0,168421921219252,0,54,2801766271645,1,19473234241719,1,03200895773774,0,922262373014898,5,73813043571455,0,0,0,0,0,0,0,0,0,0,0,0,0,0,0,0,0,0,0,0,0,0,0,0,0,0,0,0,0,0,0,0,0,0,0,0,0,0,0,0,0,0,0,0,0,0,0,0,0,0,0,0,0,0,0,0,0,0,0,0,0,0,0,0,0,0,0,0,0,0,0,0,0,0,0,0,0,0,0,0,0,0,0,0,0,0,0,0,0,0,0,0,0,0,0,0,36,961881360284,40,8120471005223,0,0,0,0,0,0,0,0,0,0,0,0,0,0,488,15,0,623991097102223,14,0087201919174,85,3688860683195,0,0,0,0,0,0,0,0,0,0,0,0,0,7,37930191546404E-08,0,0,0,0,1,22988365257734E-07,0,0,0,0,0,46353,7183366478,43385,6363297202,0,
220-230C*,0,0169650646495566,503,149994,180,712800443373,805,08361281428,0,31730010123895,272,565359349098,38,8012253469076,19,5802069739975,0,0,000212210272066613,6,1909160994936,236,864384634829,0,0,54,9748362943639,363,689862026194,240,864384634829,43,8531050281509,52,6101962281509,24,7866072297872,45,3517529133334,0,246106905050274,15,7590446455832,0,0,36,4121674233052,35,0680401126691,232,864384634829,1,44854359348721,4,7352707722232,45,2874706786902,54,0445618786902,23,0684064020596,0,269577350124016,5,4516122577429E-07,0,0,0353116644106493,0,17714960726049,0,51,8484605749192,1,32109341588777,1,13268900656197,1,00655116569928,6,24778346308597,0,0,0,0,0,0,0,0,0,0,0,0,0,0,0,0,0,0,0,0,0,0,0,0,0,0,0,0,0,0,0,0,0,0,0,0,0,0,0,0,0,0,0,0,0,0,0,0,0,0,0,0,0,0,0,0,0,0,0,0,0,0,0,0,0,0,0,0,0,0,0,0,0,0,0,0,0,0,0,0,0,0,0,0,0,0,0,0,0,0,0,0,0,0,0,0,35,0680401126691,36,4121674233052,0,0,0,0,0,0,0,0,0,0,0,0,0,0,498,15,0,66793372072458,13,8131064320538,85,5157829942205,0,0,0,0,0,0,0,0,0,0,0,0,0,8,92082005812475E-08,0,0,0,0,1,48680334302079E-07,0,0,0,0,0,46257,4970501244,43310,4911789047,0,
230-240C*,0,0187998462533273,513,150024,188,760195838024,811,306380719374,0,347279256422738,275,435787051182,41,6794584074705,22,6004860200252,0,0,000222665303031485,6,2920603230789,242,212840939016,0,0,55,396754214811,370,448091176164,246,212840939016,42,8791533312145,51,6362445312145,24,2177098221874,45,1568170205565,0,258231932212774,16,5354505101147,0,0,34,1028317703421,32,2426969594183,238,212840939016,1,45190800657657,4,50161018728681,44,2695402228123,53,0266314228123,22,1278372245968,0,289923953633345,6,39365112270223E-07,0,0,021213230353765,0,185877293301728,0,49,460393934334,1,46459404418265,1,24595613385162,1,10072608474829,6,76857206094418,0,0,0,0,0,0,0,0,0,0,0,0,0,0,0,0,0,0,0,0,0,0,0,0,0,0,0,0,0,0,0,0,0,0,0,0,0,0,0,0,0,0,0,0,0,0,0,0,0,0,0,0,0,0,0,0,0,0,0,0,0,0,0,0,0,0,0,0,0,0,0,0,0,0,0,0,0,0,0,0,0,0,0,0,0,0,0,0,0,0,0,0,0,0,0,0,32,2426969594183,34,1028317703421,0,0,0,0,0,0,0,0,0,0,0,0,0,0,508,15,0,715965308549373,13,6144572981445,85,6629865859068,0,0,0,0,0,0,0,0,0,0,0,0,0,1,04623382007855E-07,0,0,0,0,1,74372303346424E-07,0,0,0,0,0,46158,9968921498,43232,9411638764,0,
240-250C*,0,0183657557606844,523,150024,197,078488432348,817,479064210308,0,377491347325959,278,313131744101,44,511000477218,25,9039969233082,0,0,000233120333996356,6,3970231272457,247,233545930419,0,0,55,7594291969182,377,199597533784,251,233545930419,41,9062856122001,50,6633768122001,23,628864019351,44,9240305510209,0,270356959375274,17,3118563746463,0,0,31,860135503431,29,1719725256709,243,233545930419,1,45521798733062,4,2745032152952,43,2516097669344,52,0087009669344,21,2131674837981,0,309626951353436,7,33568998766155E-07,0,0,0125952540633132,0,194604979342967,0,47,1204368219135,1,62811424854747,1,37374993739778,1,20620970587994,7,29704254669163,0,0,0,0,0,0,0,0,0,0,0,0,0,0,0,0,0,0,0,0,0,0,0,0,0,0,0,0,0,0,0,0,0,0,0,0,0,0,0,0,0,0,0,0,0,0,0,0,0,0,0,0,0,0,0,0,0,0,0,0,0,0,0,0,0,0,0,0,0,0,0,0,0,0,0,0,0,0,0,0,0,0,0,0,0,0,0,0,0,0,0,0,0,0,0,0,29,1719725256709,31,860135503431,0,0,0,0,0,0,0,0,0,0,0,0,0,0,518,15,0,768543778762157,13,4139839458971,85,8095655304063,0,0,0,0,0,0,0,0,0,0,0,0,0,1,20038563434462E-07,0,0,0,0,2,0006427239077E-07,0,0,0,0,0,46058,6691600889,43153,3998180967,0,
250-260C*,0,0179080774169558,533,150024,205,670361402677,823,590888801502,0,406045106354392,281,19768398691,50,0239326677332,29,3516385868042,0,0,000243575364961227,6,50537086385208,251,945317063019,0,0,56,0745762834379,383,944643372887,255,945317063019,40,9347350635026,49,6918262635026,23,0408662861341,44,6604256917628,0,282481986537774,18,0882622391779,0,0,26,9352010461327,25,9879357214331,247,945317063019,1,45846605163563,4,05396950312309,30,2519620726492,39,0090532726492,20,3254851261414,0,328686343284289,8,27772885262087E-07,0,0,00738824050957575,0,203332665384205,0,44,8328811501843,1,81512318783257,1,51837593580552,1,32467661247723,7,82974123773077,0,0,0,0,0,0,0,0,0,0,0,0,0,0,0,0,0,0,0,0,0,0,0,0,0,0,0,0,0,0,0,0,0,0,0,0,0,0,0,0,0,0,0,0,0,0,0,0,0,0,0,0,0,0,0,0,0,0,0,0,0,0,0,0,0,0,0,0,0,0,0,0,0,0,0,0,0,0,0,0,0,0,0,0,0,0,0,0,0,0,0,0,0,0,0,0,25,9879357214331,26,9352010461327,0,0,0,0,0,0,0,0,0,0,0,0,0,0,528,15,0,826192440124646,13,2128692208121,85,954614456959,0,0,0,0,0,0,0,0,0,0,0,0,0,1,35453744861069E-07,0,0,0,0,2,25756241435115E-07,0,0,0,0,0,45956,9598007853,43072,2752554931,0,
260-270C*,0,0174301396714785,543,150024,214,536213893335,829,631080007376,0,432427470527136,284,089713898066,53,2144957884135,32,8343381895666,0,0,000254030395926098,6,61662571005016,256,348154336817,0,0,56,3527989547291,377,071287725423,260,348154336817,39,9647348775169,48,7218260775169,22,4537166225368,44,365459382166,0,294607013700274,18,8646681037095,0,0,24,3317875890497,22,8002024282673,252,348154336817,1,46164463125509,3,840023771133,29,3175532947697,38,0746444947697,19,4658015619439,0,347102129425904,9,21976771758019E-07,0,0,00427979722025108,0,212060351425444,0,42,60185562322,2,02981486592692,1,68258279329556,1,45810299231567,8,32040501921884,0,0,0,0,0,0,0,0,0,0,0,0,0,0,0,0,0,0,0,0,0,0,0,0,0,0,0,0,0,0,0,0,0,0,0,0,0,0,0,0,0,0,0,0,0,0,0,0,0,0,0,0,0,0,0,0,0,0,0,0,0,0,0,0,0,0,0,0,0,0,0,0,0,0,0,0,0,0,0,0,0,0,0,0,0,0,0,0,0,0,0,0,0,0,0,0,22,8002024282673,24,3317875890497,0,0,0,0,0,0,0,0,0,0,0,0,0,0,538,15,0,889509890938717,13,012261022856,86,0972608297126,0,0,0,0,0,0,0,0,0,0,0,0,0,1,50868926287676E-07,0,0,0,0,2,5144821047946E-07,0,0,0,0,0,45854,3075705862,42989,9683784912,0,
270-280C*,0,0169353912693799,553,150024,223,67378316502,835,588863342351,0,458397311662399,286,989473062609,56,1426190139835,36,2368970993566,0,0,000264485426890969,6,73026430245426,260,442057751812,0,0,56,6037238620779,381,92947140677,264,442057751812,38,9965182466381,47,7536094466381,21,867415028559,44,0280237334536,0,635483633912809,19,641073968241,0,0,21,9899659574575,19,7350791671897,256,442057751812,1,46474609847311,3,6326755905415,28,3831445168902,37,1402357168902,18,6350588064504,0,364874309778281,1,01618065825395E-06,0,0,00244713928527653,0,220788037466682,0,40,4313316147225,2,27727782300012,1,86965713052206,1,60882669129198,8,7876467650974,0,0,0,0,0,0,0,0,0,0,0,0,0,0,0,0,0,0,0,0,0,0,0,0,0,0,0,0,0,0,0,0,0,0,0,0,0,0,0,0,0,0,0,0,0,0,0,0,0,0,0,0,0,0,0,0,0,0,0,0,0,0,0,0,0,0,0,0,0,0,0,0,0,0,0,0,0,0,0,0,0,0,0,0,0,0,0,0,0,0,0,0,0,0,0,0,19,7350791671897,21,9899659574575,0,0,0,0,0,0,0,0,0,0,0,0,0,0,548,15,0,959181458124957,12,8132666095926,86,2366708603702,0,0,0,0,0,0,0,0,0,0,0,0,0,1,66284107714283E-07,0,0,0,0,2,77140179523805E-07,0,0,0,0,0,45751,1425258168,42906,8714141313,0,
280-290C*,0,0164273371492507,563,150024,233,07725738196,841,453464320846,0,48394208025885,289,897196400044,58,8157306864207,39,2553399231973,0,0,000274940457855841,6,84571698140596,264,227027308005,0,0,56,8361184395249,386,57928779754,268,227027308005,38,030318363261,46,787409563261,21,2819615042008,43,3273240268534,0,976360254125342,20,4174798327726,0,0,19,9023078093785,17,4173360499493,260,227027308005,1,46776279252904,3,4319291607577,27,4487357390107,36,2058269390107,17,8341364737787,0,468685653734203,1,11038454474988E-06,0,0,00138052215698748,0,536543306231684,0,38,3251298424402,2,56370792845563,2,08354019272104,1,77962006363247,9,25187773238503,0,0,0,0,0,0,0,0,0,0,0,0,0,0,0,0,0,0,0,0,0,0,0,0,0,0,0,0,0,0,0,0,0,0,0,0,0,0,0,0,0,0,0,0,0,0,0,0,0,0,0,0,0,0,0,0,0,0,0,0,0,0,0,0,0,0,0,0,0,0,0,0,0,0,0,0,0,0,0,0,0,0,0,0,0,0,0,0,0,0,0,0,0,0,0,0,17,4173360499493,19,9023078093785,0,0,0,0,0,0,0,0,0,0,0,0,0,0,558,15,1,03599241040633,12,6169478861281,86,372054397581,0,0,0,0,0,0,0,0,0,0,0,0,0,1,8169928914089E-07,0,0,0,0,3,0283214856815E-07,0,0,0,0,0,45647,8848171931,42823,3667509381,0,
290-300C*,0,0159095039584719,573,150024,242,736430668743,847,214108457283,0,509049226815157,292,813103990605,61,2412591477028,42,1640331655032,0,0,000285395488820712,6,96236774053486,267,703063005395,0,0,57,0579942370818,391,021760414127,271,703063005395,37,0663684197808,45,8234596197808,20,6973560494622,42,5574802556569,1,31723687433788,21,1938856973042,0,0,18,061384802835,15,2784865788399,263,703063005395,1,47068704777021,3,23778308764581,26,5143269611312,35,2714181611312,17,06385861506,0,689671646210232,1,20458843124582E-06,0,0,000768003459251162,0,852298574996685,0,36,2869277560339,2,89667590030138,2,32897168707234,1,97377846945757,9,71405601037775,0,0,0,0,0,0,0,0,0,0,0,0,0,0,0,0,0,0,0,0,0,0,0,0,0,0,0,0,0,0,0,0,0,0,0,0,0,0,0,0,0,0,0,0,0,0,0,0,0,0,0,0,0,0,0,0,0,0,0,0,0,0,0,0,0,0,0,0,0,0,0,0,0,0,0,0,0,0,0,0,0,0,0,0,0,0,0,0,0,0,0,0,0,0,0,0,15,2784865788399,18,061384802835,0,0,0,0,0,0,0,0,0,0,0,0,0,0,568,15,1,12084320233494,12,4243818832779,86,5031156202196,0,0,0,0,0,0,0,0,0,0,0,0,0,1,97114470567497E-07,0,0,0,0,3,28524117612495E-07,0,0,0,0,0,45544,9437613964,42739,826049087,0,
300-310C*,0,0153798331053861,583,150024,252,727284983763,852,596680649765,0,533706201829988,295,748790673302,63,4266327398077,44,9745874202694,0,0,000295850519785583,7,07141154111339,269,219451034323,0,0,57,3823095437331,395,258380814762,273,219451034323,36,1106010945265,44,8676922945265,20,1135986643431,41,7235220112299,1,65811349455041,22,1439990208147,0,0,16,4597685958493,13,3018905685007,265,219451034323,1,4733613572131,3,05023016376882,25,5799181832517,34,3370093832517,16,3676400338887,0,889856037447898,3,32208591752188E-06,0,0,000421107916783318,1,16805384376169,0,34,4340726030699,3,2829921166218,2,61005163375879,2,19407827939469,10,1751396883716,0,0,0,0,0,0,0,0,0,0,0,0,0,0,0,0,0,0,0,0,0,0,0,0,0,0,0,0,0,0,0,0,0,0,0,0,0,0,0,0,0,0,0,0,0,0,0,0,0,0,0,0,0,0,0,0,0,0,0,0,0,0,0,0,0,0,0,0,0,0,0,0,0,0,0,0,0,0,0,0,0,0,0,0,0,0,0,0,0,0,0,0,0,0,0,0,13,3018905685007,16,4597685958493,0,0,0,0,0,0,0,0,0,0,0,0,0,0,578,15,1,21447682457818,12,2495979945928,86,621948632963,0,0,0,0,0,0,0,0,0,0,0,0,0,5,43614059230852E-07,0,0,0,0,9,06023432051421E-07,0,0,0,0,0,45178,3932821716,42407,9039342189,0,
310-320C*,0,0148436915048541,593,150024,263,015546357379,857,659274543315,0,557900455802012,298,701090592023,65,3792798047128,47,6996931657277,0,0,000306305550750454,7,17362338116004,269,51092069839,0,0,57,7849364026772,399,291076094282,276,601606880891,35,1617590656415,43,9188502656415,19,5306893488436,40,8302967542935,1,99899011476294,22,7466974263673,0,0,15,0900308464437,11,4700100799788,265,51092069839,1,47581665478173,2,86925715178106,24,6455094053722,33,4026006053722,15,7336267475375,0,991657343160291,6,67966657785676E-06,0,0,000227456403777024,1,48380911252669,0,32,7379939727796,3,73265389669647,2,93282921088885,2,44462453220838,10,6360868556625,0,0,0,0,0,0,0,0,0,0,0,0,0,0,0,0,0,0,0,0,0,0,0,0,0,0,0,0,0,0,0,0,0,0,0,0,0,0,0,0,0,0,0,0,0,0,0,0,0,0,0,0,0,0,0,0,0,0,0,0,0,0,0,0,0,0,0,0,0,0,0,0,0,0,0,0,0,0,0,0,0,0,0,0,0,0,0,0,0,0,0,0,0,0,0,0,11,4700100799788,15,0900308464437,0,0,0,0,0,0,0,0,0,0,0,0,0,0,588,15,1,31794279813867,12,0895939560103,86,7261938715665,0,0,0,0,0,0,0,0,0,0,0,0,0,1,09303634910383E-06,0,0,0,0,1,82172724850639E-06,0,0,0,0,0,45052,4019042479,42300,9235934237,0,
320-330C*,0,0143083962874072,603,150024,273,513744782192,862,587550392477,0,581619439229897,301,661621012712,67,0527550611691,50,3598937050948,0,0,00082990478280251,7,2741933756732,270,829755259807,0,0,58,1927327057967,403,122175907082,281,02632139591,34,2158240847289,42,9729152847289,18,9492408642278,39,8852342876469,2,33986673497548,61,6299408902429,0,0,13,9980040746031,9,75487200725836,265,802390362457,1,47815741298937,2,69484457225448,23,7111006274927,32,4681918274927,15,1304311056646,1,0216487504699,1,00372472381916E-05,0,0,000120956611860094,1,79956438129169,0,31,1165957643348,4,26008987735106,3,3059948703694,2,73129021587385,11,0978556015466,0,0,0,0,0,0,0,0,0,0,0,0,0,0,0,0,0,0,0,0,0,0,0,0,0,0,0,0,0,0,0,0,0,0,0,0,0,0,0,0,0,0,0,0,0,0,0,0,0,0,0,0,0,0,0,0,0,0,0,0,0,0,0,0,0,0,0,0,0,0,0,0,0,0,0,0,0,0,0,0,0,0,0,0,0,0,0,0,0,0,0,0,0,0,0,0,9,75487200725836,13,9980040746031,0,0,0,0,0,0,0,0,0,0,0,0,0,0,598,15,1,43268935146015,11,9358608692909,86,8237600683527,0,0,0,0,0,0,0,0,0,0,0,0,0,1,64245863897681E-06,0,0,0,0,2,73743106496136E-06,0,0,0,0,0,44961,3461517878,42226,378947518,0,
330-340C*,0,0137776758895219,613,150024,284,176277702395,867,386188718983,0,604850602612311,304,629948710495,67,5262353395318,53,0985491316401,0,0,00135350401485457,7,37290564935118,273,782051728698,0,0,58,6058195950198,406,754379347841,285,255200704139,33,2726948511684,42,0297860511684,18,3812373546781,38,943640946891,2,68074335518801,100,513184354118,0,0,14,0925273057902,7,95780992146889,266,093860026524,1,48038550574104,2,52696649734607,22,7766918496132,31,5337830496132,14,5564309751118,1,05164015777951,1,33948278985265E-05,0,6,32888462072036E-05,2,11531965005669,0,29,5666481036861,4,88157479981083,3,7390918925383,3,06040209457699,11,5614040153198,0,0,0,0,0,0,0,0,0,0,0,0,0,0,0,0,0,0,0,0,0,0,0,0,0,0,0,0,0,0,0,0,0,0,0,0,0,0,0,0,0,0,0,0,0,0,0,0,0,0,0,0,0,0,0,0,0,0,0,0,0,0,0,0,0,0,0,0,0,0,0,0,0,0,0,0,0,0,0,0,0,0,0,0,0,0,0,0,0,0,0,0,0,0,0,0,7,95780992146889,14,0925273057902,0,0,0,0,0,0,0,0,0,0,0,0,0,0,608,15,1,56020976248677,11,7883871691143,86,9146663559015,0,0,0,0,0,0,0,0,0,0,0,0,0,2,19188092884979E-06,0,0,0,0,3,65313488141632E-06,0,0,0,0,0,44872,5307576903,42153,5983153425,0,
340-350C*,0,0132551241534478,623,150024,294,944420586129,872,059870044566,0,627581396447923,307,605661497553,67,9997156178944,55,7633137463103,0,0,00187710324690662,7,46956719157833,276,625440213228,0,488989391677046,0,59,0241672572129,410,190721987614,289,308442647584,32,3322700643397,41,0893612643397,17,8139168604839,37,9381925355047,3,02161997540055,139,396427817994,0,0,14,1863675216217,6,29849371818493,266,385329690591,1,48250296654958,2,36559035184165,21,8422830717337,30,5993742717338,14,0100829922215,1,08163156508912,1,67524085588614E-05,0,3,25624266988254E-05,2,43107491882169,0,28,0850024989256,5,61738469137488,4,24379997485881,3,43960275859001,12,0276901862781,0,0,0,0,0,0,0,0,0,0,0,0,0,0,0,0,0,0,0,0,0,0,0,0,0,0,0,0,0,0,0,0,0,0,0,0,0,0,0,0,0,0,0,0,0,0,0,0,0,0,0,0,0,0,0,0,0,0,0,0,0,0,0,0,0,0,0,0,0,0,0,0,0,0,0,0,0,0,0,0,0,0,0,0,0,0,0,0,0,0,0,0,0,0,0,0,6,29849371818493,14,1863675216217,0,0,0,0,0,0,0,0,0,0,0,0,0,0,618,15,1,70223382564427,11,6471231013397,86,9989685940413,0,0,430451571715042,0,0,0,0,0,0,0,0,0,0,0,2,74130321872278E-06,0,0,0,0,4,56883869787129E-06,0,0,488989391677046,0,0,0,44785,8890172251,42082,5364253517,0,
350-360C*,0,0127441934713783,633,150024,305,743985935395,876,613274890958,0,649799271235401,310,588366642899,68,4731958962571,58,3303500713379,0,0,00240070247895868,7,56400760770578,279,361111516559,0,512977046301153,0,59,4476170586187,413,434543330691,293,169038396304,31,3944484236226,40,1515396236226,17,2466368529525,36,8591807652089,3,36249659561308,178,27967128187,0,0,14,2801672507904,4,81046916345325,266,676799354658,1,47503206803324,2,21067672324367,20,9078742938543,29,6649654938543,13,4899166459545,1,11162297239873,2,01099892191963E-05,0,1,64630325732032E-05,2,7468301875867,0,26,6685895360832,6,49292388159448,4,83448522825111,3,87816609409805,12,4976722037176,0,0,0,0,0,0,0,0,0,0,0,0,0,0,0,0,0,0,0,0,0,0,0,0,0,0,0,0,0,0,0,0,0,0,0,0,0,0,0,0,0,0,0,0,0,0,0,0,0,0,0,0,0,0,0,0,0,0,0,0,0,0,0,0,0,0,0,0,0,0,0,0,0,0,0,0,0,0,0,0,0,0,0,0,0,0,0,0,0,0,0,0,0,0,0,0,4,81046916345325,14,2801672507904,0,0,0,0,0,0,0,0,0,0,0,0,0,0,628,15,1,86077091655274,11,5119865277621,87,0767536757988,0,0,447597616964809,0,0,0,0,0,0,0,0,0,0,0,3,29072550859576E-06,0,0,0,0,5,48454251432626E-06,0,0,512977046301153,0,0,0,44701,3507778567,42013,1438329971,0,
360-370C*,0,0122481682710513,643,150024,316,483458532895,881,051083779893,0,671491677473413,313,577689427329,68,9466761746197,60,7737236685946,0,0,00292430171101073,7,6560787874184,281,99031686029,0,53696470092526,0,59,8759000868684,416,489454925612,296,819225152043,30,4591286283967,39,2162198283967,16,6787548033913,35,6978578715346,3,70337321582561,217,162914745745,0,0,14,3745690219889,3,52841845987077,266,968269018724,1,47743975460665,2,06217918270715,19,9734655159748,28,7305567159748,12,9945288671947,1,14161437970834,2,34675698795312E-05,0,8,17339486242815E-06,3,0625854563517,0,25,3144164443932,7,54021009694865,5,52891021975688,4,3873983332713,12,9723081569342,0,0,0,0,0,0,0,0,0,0,0,0,0,0,0,0,0,0,0,0,0,0,0,0,0,0,0,0,0,0,0,0,0,0,0,0,0,0,0,0,0,0,0,0,0,0,0,0,0,0,0,0,0,0,0,0,0,0,0,0,0,0,0,0,0,0,0,0,0,0,0,0,0,0,0,0,0,0,0,0,0,0,0,0,0,0,0,0,0,0,0,0,0,0,0,0,3,52841845987077,14,3745690219889,0,0,0,0,0,0,0,0,0,0,0,0,0,0,638,15,2,03816190745261,11,3828680370114,87,1481345181459,0,0,464748599514748,0,0,0,0,0,0,0,0,0,0,0,3,84014779846874E-06,0,0,0,0,6,40024633078123E-06,0,0,53696470092526,0,0,0,44618,8431867909,41945,3677466284,0,
370-380C*,0,0115864795802114,653,150024,327,051921817901,885,377977233102,0,692640349523405,316,573271820906,69,4201564529824,63,0381067414055,0,0,00344790094306279,7,74565448543137,284,514359859464,0,560952355549368,0,60,3086527322804,419,359309332442,300,246257443844,29,5262093780417,38,2833005780417,16,1096281831076,34,4305818670398,4,04424983603815,256,046158209621,0,0,14,47021536391,2,53131139155468,267,259738682791,1,4798743523404,1,92004411876668,19,0390567380953,27,7961479380953,12,5225790767871,1,17160578701795,2,68251505398661E-05,0,3,98175321496617E-06,3,3783407251167,0,24,0195645800147,8,79984442436989,6,34915601377305,4,98115059435454,13,4646903656691,0,0,0,0,0,0,0,0,0,0,0,0,0,0,0,0,0,0,0,0,0,0,0,0,0,0,0,0,0,0,0,0,0,0,0,0,0,0,0,0,0,0,0,0,0,0,0,0,0,0,0,0,0,0,0,0,0,0,0,0,0,0,0,0,0,0,0,0,0,0,0,0,0,0,0,0,0,0,0,0,0,0,0,0,0,0,0,0,0,0,0,0,0,0,0,0,2,53131139155468,14,47021536391,0,0,0,0,0,0,0,0,0,0,0,0,0,0,648,15,2,23714197444686,11,2596354296953,87,2132456703412,0,0,481907749752214,0,0,0,0,0,0,0,0,0,0,0,4,38957008834172E-06,0,0,0,0,7,3159501472362E-06,0,0,560952355549368,0,0,0,44538,2913154412,41879,1527203889,0,
380-390C*,0,0109308689716783,663,150024,337,317265682599,889,598635772319,0,713052172886282,319,574771271665,69,893636731345,65,0100292079776,0,0,00397150017511485,7,8326298132659,286,934589157838,0,584940010173476,0,60,7454298226254,422,048170118079,303,447468376229,28,5955893719375,37,3526805719375,15,5386144634086,32,9948969128814,4,38512645625068,294,929401673496,0,0,14,5677488052464,1,99507387914099,267,551208346858,1,48233433563845,1,7842105859382,18,1046479602158,26,8617391602158,12,0727846500871,1,20159719432756,3,01827312002009E-05,0,1,90189923734545E-06,3,6940959938817,0,22,7811868683553,10,3236425004519,7,32282679192004,5,67647748859751,13,962598970436,0,0,0,0,0,0,0,0,0,0,0,0,0,0,0,0,0,0,0,0,0,0,0,0,0,0,0,0,0,0,0,0,0,0,0,0,0,0,0,0,0,0,0,0,0,0,0,0,0,0,0,0,0,0,0,0,0,0,0,0,0,0,0,0,0,0,0,0,0,0,0,0,0,0,0,0,0,0,0,0,0,0,0,0,0,0,0,0,0,0,0,0,0,0,0,0,1,99507387914099,14,5677488052464,0,0,0,0,0,0,0,0,0,0,0,0,0,0,658,15,2,46091685840481,11,1421376417936,87,2722394766249,0,0,499077858061874,0,0,0,0,0,0,0,0,0,0,0,4,9389923782147E-06,0,0,0,0,8,23165396369116E-06,0,0,584940010173476,0,0,0,44459,6186806939,41814,4412353584,0,
390-400C*,0,0104896841587966,673,150024,347,858471595268,893,717739919276,0,732933001735941,322,581859595521,70,3671170097077,66,8554374945571,0,0,0044950994071669,7,91692064381737,289,252391677658,0,608927664797583,0,61,1857157316223,424,56028302246,306,576095424185,27,6671673094636,36,4242585094636,14,9650711156017,31,4996447753496,4,72600307646321,333,812645137372,0,0,14,6678118746906,1,64491773009335,267,842678010925,1,48481849958573,1,65461017041969,17,1702391823363,25,9273303823363,11,6439167604061,1,23158860163717,3,35403118605358E-05,0,8,89990331363295E-07,4,0098512626467,0,21,59650523782,12,1781740974268,8,48463358680868,6,4944882196679,14,465251890737,0,0,0,0,0,0,0,0,0,0,0,0,0,0,0,0,0,0,0,0,0,0,0,0,0,0,0,0,0,0,0,0,0,0,0,0,0,0,0,0,0,0,0,0,0,0,0,0,0,0,0,0,0,0,0,0,0,0,0,0,0,0,0,0,0,0,0,0,0,0,0,0,0,0,0,0,0,0,0,0,0,0,0,0,0,0,0,0,0,0,0,0,0,0,0,0,1,64491773009335,14,6678118746906,0,0,0,0,0,0,0,0,0,0,0,0,0,0,668,15,2,71325580756169,11,0302081659149,87,3252827343346,0,0,516261343426046,0,0,0,0,0,0,0,0,0,0,0,5,48841466808768E-06,0,0,0,0,9,14735778014613E-06,0,0,608927664797583,0,0,0,44382,747679585,41751,174186721,0,
400-410C*,0,00772781575090985,683,150024,362,31066714875,897,739970195705,0,75228283607238,325,594221958398,70,8405972880703,68,628171959301,0,0,00501869863921896,7,99846293289148,291,469186440877,0,63291531942169,0,61,6289338060195,426,900048411183,310,590571778329,26,7408418899998,35,4979330899998,14,3883556109942,29,975364074632,5,06687969667575,372,695888601248,0,0,14,7710471009355,1,39646396606697,268,134147674992,1,48732594362188,1,53116687525345,16,2358304044568,24,9929216044568,11,2347965677889,1,26158000894678,3,68978925208707E-05,0,4,07653247615336E-07,4,3256065314117,0,20,462808071713,14,449560270148,9,87849009047155,7,46145290545449,14,9726491265721,0,0,0,0,0,0,0,0,0,0,0,0,0,0,0,0,0,0,0,0,0,0,0,0,0,0,0,0,0,0,0,0,0,0,0,0,0,0,0,0,0,0,0,0,0,0,0,0,0,0,0,0,0,0,0,0,0,0,0,0,0,0,0,0,0,0,0,0,0,0,0,0,0,0,0,0,0,0,0,0,0,0,0,0,0,0,0,0,0,0,0,0,0,0,0,0,1,39646396606697,14,7710471009355,0,0,0,0,0,0,0,0,0,0,0,0,0,0,678,15,2,99860528584536,10,9236680254754,87,3725537929772,0,0,53346030937196,0,0,0,0,0,0,0,0,0,0,0,6,03783695796066E-06,0,0,0,0,1,00630615966011E-05,0,0,63291531942169,0,0,0,44307,5999512947,41689,2912918564,0,
410-420C*,0,011612170307831,693,150024,376,654593797302,901,67000712334,0,771101675895601,328,611555942585,72,5505862226935,70,4119319400334,0,0,00554229787127102,8,07721196388519,293,58641892149,0,656902974045798,0,62,0744543953001,429,07199510456,314,277960020075,25,8165118129258,34,5736030129258,13,8078254208933,28,4590346738382,5,40775631688828,411,579132065123,0,0,13,6415883564132,1,1290333861284,268,425617339059,1,48985605656635,1,41379702744684,15,3014216265773,24,0585128265773,10,8442917231315,1,29157141625639,4,02554731812056E-05,0,1,82602213192908E-07,4,64136180017671,0,19,3774476999483,17,2500253690584,11,5603049997535,8,61024943867562,15,4847906779413,0,0,0,0,0,0,0,0,0,0,0,0,0,0,0,0,0,0,0,0,0,0,0,0,0,0,0,0,0,0,0,0,0,0,0,0,0,0,0,0,0,0,0,0,0,0,0,0,0,0,0,0,0,0,0,0,0,0,0,0,0,0,0,0,0,0,0,0,0,0,0,0,0,0,0,0,0,0,0,0,0,0,0,0,0,0,0,0,0,0,0,0,0,0,0,0,1,1290333861284,13,6415883564132,0,0,0,0,0,0,0,0,0,0,0,0,0,0,688,15,3,32222863579128,10,8223283522994,87,4142400442869,0,0,550676589962573,0,0,0,0,0,0,0,0,0,0,0,6,58725924783364E-06,0,0,0,0,1,09787654130561E-05,0,0,656902974045798,0,0,0,44234,0966781254,41628,7314318711,0,
420-430C*,0,00900700481907315,703,150024,390,893367664128,905,512531223912,0,789389521205603,331,633570690135,72,6612150694657,72,2523542658025,0,0,00606589710332307,8,15314152336168,295,605555891101,0,680890628669905,0,62,5216017187759,431,080755649549,317,667098159652,24,8940757776213,33,6511669776213,13,2228380166065,26,9647541629499,5,74863293710082,418,487249657889,0,0,14,1159469139279,0,782891571247614,268,717087003126,1,49240850288016,1,30240920967553,14,3670128486978,23,1241040486978,10,4713131608062,1,321562823566,4,36130538415405E-05,0,7,99114963384254E-08,4,95711706894171,0,18,3378379480245,20,7269182813945,13,6017287428984,9,9822677109362,16,0016765448446,0,0,0,0,0,0,0,0,0,0,0,0,0,0,0,0,0,0,0,0,0,0,0,0,0,0,0,0,0,0,0,0,0,0,0,0,0,0,0,0,0,0,0,0,0,0,0,0,0,0,0,0,0,0,0,0,0,0,0,0,0,0,0,0,0,0,0,0,0,0,0,0,0,0,0,0,0,0,0,0,0,0,0,0,0,0,0,0,0,0,0,0,0,0,0,0,0,782891571247614,14,1159469139279,0,0,0,0,0,0,0,0,0,0,0,0,0,0,698,15,3,69037831747583,10,7259926136608,87,4505357577088,0,0,567911787878817,0,0,0,0,0,0,0,0,0,0,0,7,13668153770662E-06,0,0,0,0,1,1894469229511E-05,0,0,680890628669905,0,0,0,44162,1588352656,41569,4329370957,0,
430-440C*,0,00857856879017448,713,150024,405,034954168519,909,272223019156,0,807146372002386,334,659986116901,72,7469874020361,74,0954375216247,0,0,00658949633537513,8,22624301645825,297,528080722246,0,704878283294013,0,62,9696597647606,432,931043079548,320,796031380675,23,973432483466,32,730523683466,12,6327508694409,25,4691932308611,6,08950955731335,477,056771498872,0,0,14,620261728523,0,435369247514168,269,008556667193,1,49498321006866,1,1969042193102,13,4326040708183,22,1896952708183,10,1148121557493,1,35155423087561,6,4693533371685E-05,0,3,41314212017786E-08,5,27287233770671,0,17,3414517572102,25,0752382013605,16,0952178317256,11,6299322978254,16,5233067272819,0,0,0,0,0,0,0,0,0,0,0,0,0,0,0,0,0,0,0,0,0,0,0,0,0,0,0,0,0,0,0,0,0,0,0,0,0,0,0,0,0,0,0,0,0,0,0,0,0,0,0,0,0,0,0,0,0,0,0,0,0,0,0,0,0,0,0,0,0,0,0,0,0,0,0,0,0,0,0,0,0,0,0,0,0,0,0,0,0,0,0,0,0,0,0,0,0,435369247514168,14,620261728523,0,0,0,0,0,0,0,0,0,0,0,0,0,0,708,15,4,11050921124727,10,6344585304643,87,4816402200465,0,0,585167306165391,0,0,0,0,0,0,0,0,0,0,0,1,05862145517303E-05,0,0,0,0,1,76436909195505E-05,0,0,704878283294013,0,0,0,44091,7073975948,41511,3338254257,0,
440-450C*,0,00817767207210631,723,150024,419,09210775102,912,953763030802,0,824372228285951,337,690532191434,72,828157685164,75,9404055430616,0,0,010193300783659,8,29652453189581,299,355489116269,0,72886593791812,0,63,4178773837766,434,62762918757,323,691847454898,23,0544806298396,31,8115718298396,12,036921450704,23,9742073169131,6,43038617752588,538,771027507517,0,0,15,134920864132,0,0853871400252964,269,30002633126,1,49758035714632,1,09717505761082,12,4981952929389,21,2552864929389,9,77377762343675,1,38154563818522,0,00010497382001079,0,1,4212435536791E-08,5,58862760647171,0,16,3858188869843,30,555179275476,19,1609327390305,13,6200673800318,16,9947101857062,0,0,0,0,0,0,0,0,0,0,0,0,0,0,0,0,0,0,0,0,0,0,0,0,0,0,0,0,0,0,0,0,0,0,0,0,0,0,0,0,0,0,0,0,0,0,0,0,0,0,0,0,0,0,0,0,0,0,0,0,0,0,0,0,0,0,0,0,0,0,0,0,0,0,0,0,0,0,0,0,0,0,0,0,0,0,0,0,0,0,0,0,0,0,0,0,0,0853871400252964,15,134920864132,0,0,0,0,0,0,0,0,0,0,0,0,0,0,718,15,4,59154391539366,10,5475197241486,87,507756142054,0,0,602444374858906,0,0,0,0,0,0,0,0,0,0,0,1,71775341835838E-05,0,0,0,0,2,86292236393063E-05,0,0,72886593791812,0,0,0,44022,6635104887,41454,3720009967,0,
450-460C*,0,00780161329153068,733,150024,433,083103447934,916,561883392037,0,837108488467998,340,724946341761,73,2623907428075,77,5280673687101,0,0,0176387094903892,8,36401192145976,301,089280819286,0,752853592542228,0,63,865454440394,436,175324321093,326,396301809649,22,1371177990943,30,8942089990943,11,3918736540418,22,4719326312899,6,77126279773842,603,536733698446,0,0,15,3457356031507,0,269,591495995327,1,5002003969111,1,0031069520173,11,5637865150594,20,3208777150594,9,44722641001633,1,40854027915595,0,000145254106649894,0,5,76302027866878E-09,5,90438287523671,0,15,4685033645812,37,5169571026718,22,9562214504775,16,0384249153341,16,9384355655599,0,0,0,0,0,0,0,0,0,0,0,0,0,0,0,0,0,0,0,0,0,0,0,0,0,0,0,0,0,0,0,0,0,0,0,0,0,0,0,0,0,0,0,0,0,0,0,0,0,0,0,0,0,0,0,0,0,0,0,0,0,0,0,0,0,0,0,0,0,0,0,0,0,0,0,0,0,0,0,0,0,0,0,0,0,0,0,0,0,0,0,0,0,0,0,0,0,15,3457356031507,0,0,0,0,0,0,0,0,0,0,0,0,0,0,728,15,5,14420544010516,10,4649648110025,87,5290904368818,0,0,619744073452062,0,0,0,0,0,0,0,0,0,0,0,2,37688538154372E-05,0,0,0,0,3,9614756359062E-05,0,0,752853592542228,0,0,0,43956,2731204209,41399,7329814654,0,
460-480C*,0,0145576045352389,753,150024,453,995007836181,921,846806679032,0,828084544795895,345,283265496664,74,0840345885841,79,7435739650751,0,0,0288068225504846,8,42136312142108,304,431435317988,1,91779039256162,0,64,533785991156,438,019598392475,330,112846322017,20,7638277841474,29,5209189841474,10,3986567541253,20,2564260349249,7,28257772805722,706,202703358608,0,0,15,5173086572906,0,270,028700491427,1,5041749770328,0,831456339183105,10,1621733482401,18,9192645482401,8,98247879017883,1,40854027915595,0,000205674536608551,0,8,70669017649523E-10,6,37801577838422,0,14,1591554574016,51,8249935946779,30,4894802780703,20,7201059738562,16,8540236353405,0,0,0,0,0,0,0,0,0,0,0,0,0,0,0,0,0,0,0,0,0,0,0,0,0,0,0,0,0,0,0,0,0,0,0,0,0,0,0,0,0,0,0,0,0,0,0,0,0,0,0,0,0,0,0,0,0,0,0,0,0,0,0,0,0,0,0,0,0,0,0,0,0,0,0,0,0,0,0,0,0,0,0,0,0,0,0,0,0,0,0,0,0,0,0,0,0,15,5173086572906,0,0,0,0,0,0,0,0,0,0,0,0,0,0,743,15,6,13653685989421,10,3457986891687,87,1257275426121,0,1,49355226753081,0,0,0,0,0,0,0,0,0,0,0,3,36558332632174E-05,0,0,0,0,5,60930554386957E-05,0,1,91779039256162,0,0,0,43876,8617370091,41336,4760491854,0,
480-500C*,0,0132977199386466,773,150024,481,875924132684,928,674020130773,0,816052619899758,351,372501400412,75,1781223724821,82,6090815979407,0,0,043697639963945,8,53868921290723,307,264993841781,3,46833237410727,0,65,417022287166,440,323947877575,334,516405061068,18,9375218472271,27,6946130472271,9,07715940406362,17,3909184020593,7,96433096848229,852,900088013291,0,0,15,7447182234543,0,270,611639819561,1,50955844271917,0,680881944173571,8,29335579248115,17,0504469924811,8,40578898790092,1,44116574071572,0,00028623510988676,0,1,1643634649436E-10,7,00952631591422,0,12,5281832640991,82,2114255835291,45,670226153083,29,8056058051616,16,7414743950478,0,0,0,0,0,0,0,0,0,0,0,0,0,0,0,0,0,0,0,0,0,0,0,0,0,0,0,0,0,0,0,0,0,0,0,0,0,0,0,0,0,0,0,0,0,0,0,0,0,0,0,0,0,0,0,0,0,0,0,0,0,0,0,0,0,0,0,0,0,0,0,0,0,0,0,0,0,0,0,0,0,0,0,0,0,0,0,0,0,0,0,0,0,0,0,0,0,15,7447182234543,0,0,0,0,0,0,0,0,0,0,0,0,0,0,763,15,7,8556584647314,10,2046632314965,87,1344478561303,0,2,75214435772328,0,0,0,0,0,0,0,0,0,0,0,4,68384725269244E-05,0,0,0,0,7,80641208782073E-05,0,3,46833237410727,0,0,0,43760,5031442072,41241,7505583983,0,
500-520C*,0,012165654747168,793,150024,510,013209308508,935,277427930313,0,80402069500362,357,473440640851,76,257205060551,85,3676810420393,0,0,0585884573774055,8,64537568550747,309,756049781807,5,00582848671962,0,66,2873410284832,442,116291793549,338,408015538972,17,1160597402658,25,8731509402658,7,7746931325954,14,6323189579607,8,64608420890735,1010,12416166031,0,0,15,9681018068536,0,271,194579147695,1,51504221706735,0,550197016588845,6,42453823672217,15,1816294367222,7,87292023939849,1,51804161999837,0,000366795683164969,0,1,36162812895303E-11,7,64103685344422,0,11,0149951201524,135,53311639997,70,6518037355633,44,0814979255282,16,6289251547552,0,0,0,0,0,0,0,0,0,0,0,0,0,0,0,0,0,0,0,0,0,0,0,0,0,0,0,0,0,0,0,0,0,0,0,0,0,0,0,0,0,0,0,0,0,0,0,0,0,0,0,0,0,0,0,0,0,0,0,0,0,0,0,0,0,0,0,0,0,0,0,0,0,0,0,0,0,0,0,0,0,0,0,0,0,0,0,0,0,0,0,0,0,0,0,0,0,15,9681018068536,0,0,0,0,0,0,0,0,0,0,0,0,0,0,783,15,10,2044303717851,10,0778960928302,87,1271978420252,0,4,08341509505051,0,0,0,0,0,0,0,0,0,0,0,6,00211117906313E-05,0,0,0,0,0,000100035186317719,0,5,00582848671962,0,0,0,43628,8064661602,41132,0375382742,0,
520-540C*,0,0111398781222192,813,150024,538,712920359762,941,699808555453,0,791988770107483,363,584149628685,77,3067054703954,88,0082496636654,0,0,073479274790866,8,74239110899719,311,916091700604,6,53027873039867,0,67,1355912846658,443,434260082625,341,887698403528,15,2985156078602,24,0556068078602,6,50853836853159,11,9917503363346,9,32783744933242,1177,12865241663,0,0,16,184756161073,0,271,777518475829,1,52064286653177,0,438106793381209,4,55572068096319,13,3128118809632,7,3766325649364,1,56000078093278,0,000447356256443178,0,1,37320032233685E-12,8,27254739097423,0,9,6003744247136,233,249043711492,113,300326778038,67,2419336770639,16,5163759144626,0,0,0,0,0,0,0,0,0,0,0,0,0,0,0,0,0,0,0,0,0,0,0,0,0,0,0,0,0,0,0,0,0,0,0,0,0,0,0,0,0,0,0,0,0,0,0,0,0,0,0,0,0,0,0,0,0,0,0,0,0,0,0,0,0,0,0,0,0,0,0,0,0,0,0,0,0,0,0,0,0,0,0,0,0,0,0,0,0,0,0,0,0,0,0,0,0,16,184756161073,0,0,0,0,0,0,0,0,0,0,0,0,0,0,803,15,13,4702570645281,9,96360251683563,87,1057100567659,0,5,46616567557329,0,0,0,0,0,0,0,0,0,0,0,7,32037510543383E-05,0,0,0,0,0,00012200625175723,0,6,53027873039867,0,0,0,43515,8787173508,41039,5842519644,0,
540-560C*,0,0104495856807708,833,150024,568,32726758392,947,981105057966,0,827416530212463,369,702900760796,78,3124280202381,90,5059329768112,0,0,0883700922043264,8,83072803530681,313,756651793412,8,06722606482376,0,67,9535003800154,444,314445340833,345,032464291017,13,4840249617862,22,2411161617862,5,29597554068312,9,49406702318879,10,0095906897575,1353,16728839923,0,0,16,3915964390788,1,33775618196402E-14,272,360457803963,1,52637833130869,0,343220194439707,2,68690312520421,11,4439943252042,6,91045726322754,1,64509750758153,0,000527916829721387,0,1,17550415132813E-13,8,90405792850423,0,8,26691994134797,421,149206369056,189,125150981154,106,162039962526,15,5778729262182,0,0,0,0,0,0,0,0,0,0,0,0,0,0,0,0,0,0,0,0,0,0,0,0,0,0,0,0,0,0,0,0,0,0,0,0,0,0,0,0,0,0,0,0,0,0,0,0,0,0,0,0,0,0,0,0,0,0,0,0,0,0,0,0,0,0,0,0,0,0,0,0,0,0,0,0,0,0,0,0,0,0,0,0,0,0,0,0,0,0,0,0,0,0,0,0,1,33775618196402E-14,16,3915964390788,0,0,0,0,0,0,0,0,0,0,0,0,0,0,823,15,18,0986169476793,9,86006454530173,87,0715484101307,0,6,91049574603567,0,0,0,0,0,0,0,0,0,0,0,8,63863903180452E-05,0,0,0,0,0,000143977317196742,0,8,06722606482376,0,0,0,43386,9286457399,40931,6758404552,0,
560-580C*,0,0098126649192351,853,150024,599,239539911056,954,161260489625,0,876269384022056,375,82805743695,79,2623238577098,92,7774562629705,0,0,101055422338637,8,91148419958699,315,289020775467,9,64459164957536,0,68,7327318101827,444,792138347168,347,897077454621,11,6717233138195,20,4288145138195,4,154285077861,7,22254373702948,10,4436682484808,1537,49379772509,0,0,16,5833910644292,1,33774821519448E-14,272,943397132096,1,53226966118857,0,264065165757195,0,818085569445227,9,57517676944523,6,46826637702159,1,74340715650742,0,000798256301028758,0,8,38721298380265E-15,9,33767039280033,0,6,99789344124725,802,392848374254,330,146208517053,174,161727347351,14,5178246011959,0,0,0,0,0,0,0,0,0,0,0,0,0,0,0,0,0,0,0,0,0,0,0,0,0,0,0,0,0,0,0,0,0,0,0,0,0,0,0,0,0,0,0,0,0,0,0,0,0,0,0,0,0,0,0,0,0,0,0,0,0,0,0,0,0,0,0,0,0,0,0,0,0,0,0,0,0,0,0,0,0,0,0,0,0,0,0,0,0,0,0,0,0,0,0,0,1,33774821519448E-14,16,5833910644292,0,0,0,0,0,0,0,0,0,0,0,0,0,0,843,15,24,7961109891137,9,76562435102711,87,0262071032801,0,8,43538985890357,0,0,0,0,0,0,0,0,0,0,0,0,00013062375835016,0,0,0,0,0,000217706263916934,0,9,64459164957536,0,0,0,43254,5160203398,40820,2390165919,0,
580-600C*,0,00894799370597939,873,150024,631,853293757333,960,280217902202,0,925122237831649,381,958065995681,80,1379434193329,94,8902448361957,0,0,159596566155903,8,98583453269156,316,524218018437,11,1589792448337,0,69,4649346908937,444,901129982781,350,526290112611,9,86074617573607,18,6178373757361,3,10074740887617,5,10975516380428,13,109000087903,1726,98998364801,0,0,16,7613091717909,1,33714298934276E-14,276,909684772446,1,53834097073625,0,199107800950083,-1,05073198631375,7,70635921368625,6,04424249847531,1,88701816272342,0,00133067139342402,0,4,8841076376234E-16,11,1385968982703,0,5,77718385715631,1242,85653990897,502,948580108894,261,235369052114,13,478368295302,0,0,0,0,0,0,0,0,0,0,0,0,0,0,0,0,0,0,0,0,0,0,0,0,0,0,0,0,0,0,0,0,0,0,0,0,0,0,0,0,0,0,0,0,0,0,0,0,0,0,0,0,0,0,0,0,0,0,0,0,0,0,0,0,0,0,0,0,0,0,0,0,0,0,0,0,0,0,0,0,0,0,0,0,0,0,0,0,0,0,0,0,0,0,0,0,1,33714298934276E-14,16,7613091717909,0,0,0,0,0,0,0,0,0,0,0,0,0,0,863,15,34,7964988044577,9,6786899395267,86,9711062898134,0,9,93289437102556,0,0,0,0,0,0,0,0,0,0,0,0,000217746228014839,0,0,0,0,0,000362910380024732,0,11,1589792448337,0,0,0,43104,1786951222,40691,7066227779,0,
600-625C*,0,0100261611278871,898,150024,671,090337710226,967,140628014452,0,980081698367441,388,858288896064,81,0150273245076,97,0765040242436,0,0,228011277591185,9,0398813506067,317,735650168443,12,7455465155937,0,70,2220971856511,444,642476882759,353,237365068325,7,82390370946566,16,5809949094657,2,04240382657183,2,92349597575641,15,2584078528877,1948,3850310731,0,0,16,9425688489206,1,33572191680091E-14,282,207431185029,1,5454203117247,0,13547872150574,-3,1531517365426,5,6039394634574,5,58205539848692,2,05784425973875,0,00192963837236869,0,1,01130060428898E-17,13,3691461643187,0,4,44234753234067,1851,84526589451,763,099333185877,399,266393571493,12,3335938490359,0,0,0,0,0,0,0,0,0,0,0,0,0,0,0,0,0,0,0,0,0,0,0,0,0,0,0,0,0,0,0,0,0,0,0,0,0,0,0,0,0,0,0,0,0,0,0,0,0,0,0,0,0,0,0,0,0,0,0,0,0,0,0,0,0,0,0,0,0,0,0,0,0,0,0,0,0,0,0,0,0,0,0,0,0,0,0,0,0,0,0,0,0,0,0,0,1,33572191680091E-14,16,9425688489206,0,0,0,0,0,0,0,0,0,0,0,0,0,0,885,65,52,5110312831722,9,58637620605101,86,6597034849804,0,11,5310897835039,0,0,0,0,0,0,0,0,0,0,0,0,000315759006387603,0,0,0,0,0,000526265010646005,0,12,7455465155937,0,0,0,42932,5064333947,40544,5950288115,0,
625-650C*,0,00881333140273388,923,150024,718,524461730468,974,800927786906,1,02700513580912,396,527792881606,81,8297051792739,99,267998374779,0,0,304027623630387,9,11970296504259,318,451636155288,13,876089836525,0,70,9670048800212,443,902909838266,355,969856774814,5,55993116276742,14,3170223627674,1,05289469537118,0,732001625221003,18,5422786134848,2204,31760651717,0,0,17,1174001253549,1,33319651064582E-14,288,093816087899,1,55364699923412,0,0884828620670238,-5,48917368124133,3,26791751875867,5,07821066481097,2,24765103420023,0,00259515723786276,0,1,38605125770891E-19,16,1014971135553,0,2,98213836543174,3023,58192175637,1267,74050789018,667,793920163604,11,0921885204674,0,0,0,0,0,0,0,0,0,0,0,0,0,0,0,0,0,0,0,0,0,0,0,0,0,0,0,0,0,0,0,0,0,0,0,0,0,0,0,0,0,0,0,0,0,0,0,0,0,0,0,0,0,0,0,0,0,0,0,0,0,0,0,0,0,0,0,0,0,0,0,0,0,0,0,0,0,0,0,0,0,0,0,0,0,0,0,0,0,0,0,0,0,0,0,0,1,33319651064582E-14,17,1174001253549,0,0,0,0,0,0,0,0,0,0,0,0,0,0,910,65,86,4020582132285,9,49193844742997,86,5636592030288,0,12,6855271693549,0,0,0,0,0,0,0,0,0,0,0,0,000424662093468452,0,0,0,0,0,000707770155780754,0,13,876089836525,0,0,0,42742,6673394781,40382,0023050743,0,
650-675C*,0,00768359873538224,948,150024,770,704461215204,982,576242841629,0,907411319265881,404,197534666287,82,1778505211844,100,0,0,380043969669589,9,19611134123053,318,760425320694,14,7368246511304,0,71,595265435896,442,743732994451,358,364105897726,3,29346933814203,12,050560538142,0,0,22,1607204802293,2470,00533849266,0,0,17,8221494788156,0,296,46369851325,1,56231889235561,0,0550874117259469,-7,82519562594005,0,931895574059948,4,57525632753333,2,43745780866171,0,00326067610335684,0,1,17292580372822E-21,19,1011774057914,0,1,51924339673641,5096,54934976274,2188,98443648216,1166,83967783098,9,88295822178707,0,0,0,0,0,0,0,0,0,0,0,0,0,0,0,0,0,0,0,0,0,0,0,0,0,0,0,0,0,0,0,0,0,0,0,0,0,0,0,0,0,0,0,0,0,0,0,0,0,0,0,0,0,0,0,0,0,0,0,0,0,0,0,0,0,0,0,0,0,0,0,0,0,0,0,0,0,0,0,0,0,0,0,0,0,0,0,0,0,0,0,0,0,0,0,0,0,17,8221494788156,0,0,0,0,0,0,0,0,0,0,0,0,0,0,935,65,150,795022411866,9,40163627278608,86,4584939542924,0,13,572086729512,0,0,0,0,0,0,0,0,0,0,0,0,000533565180549301,0,0,0,0,0,000889275300915502,0,14,7368246511304,0,0,0,42552,7678204004,40219,5263739934,0,
675-700C*,0,00664301750427965,973,150024,828,242208047594,990,544586951614,0,792890370540705,411,86509722019,82,3345700079914,100,0,0,429743319237553,9,27161852915118,318,680751954745,15,5975594657357,0,72,0916683514958,441,215787687061,360,454489273738,1,02282978202666,9,77992098202667,0,0,26,1137334531211,2744,71790438595,0,0,17,6654299920086,0,301,318078594573,1,57151247583297,0,0324142525136901,-10,1612175706388,-1,40412637063878,4,06414224986885,2,62726458312319,0,00374298346086022,0,5,622719383272E-24,22,3681870410271,0,0,0272246066928087,8887,49678154995,3940,25913713655,2138,19507985554,8,70590295299501,0,0,0,0,0,0,0,0,0,0,0,0,0,0,0,0,0,0,0,0,0,0,0,0,0,0,0,0,0,0,0,0,0,0,0,0,0,0,0,0,0,0,0,0,0,0,0,0,0,0,0,0,0,0,0,0,0,0,0,0,0,0,0,0,0,0,0,0,0,0,0,0,0,0,0,0,0,0,0,0,0,0,0,0,0,0,0,0,0,0,0,0,0,0,0,0,0,17,6654299920086,0,0,0,0,0,0,0,0,0,0,0,0,0,0,960,65,281,405163616509,9,31296197985637,86,3462308537167,0,14,4645979628541,0,0,0,0,0,0,0,0,0,0,0,0,000612488202686218,0,0,0,0,0,0010208136711437,0,15,5975594657357,0,0,0,42361,8051725691,40056,3904127169,0,
700-725C*,0,00566900667356891,998,150024,895,932420936856,998,836778811634,0,682840943639016,419,526558329432,82,4912894947984,100,0,0,5747050663335,9,35094474438095,318,225797725831,17,0745438119016,0,72,4255961192318,439,365611027999,362,384053830359,-1,25481881706127,7,50227238293873,0,0,30,2515080108034,3027,32978268731,0,0,17,5087105052016,0,304,912439815829,1,5813603173015,0,0178342401320909,-12,4972395153375,-3,7401483153375,3,53018240251243,2,9761044981552,0,00643461797260746,0,1,37064635256234E-26,25,7828250642677,0,-1,53728790390818,16069,3848065773,7417,81921245128,4126,29180185317,7,56102271409118,0,0,0,0,0,0,0,0,0,0,0,0,0,0,0,0,0,0,0,0,0,0,0,0,0,0,0,0,0,0,0,0,0,0,0,0,0,0,0,0,0,0,0,0,0,0,0,0,0,0,0,0,0,0,0,0,0,0,0,0,0,0,0,0,0,0,0,0,0,0,0,0,0,0,0,0,0,0,0,0,0,0,0,0,0,0,0,0,0,0,0,0,0,0,0,0,0,17,5087105052016,0,0,0,0,0,0,0,0,0,0,0,0,0,0,985,65,566,54225245684,9,22241419620325,86,238285558491,0,16,0084825964716,0,0,0,0,0,0,0,0,0,0,0,0,00105293748642668,0,0,0,0,0,00175489581071113,0,17,0745438119016,0,0,0,42100,3704716023,39827,2187896223,0,
725-750C*,0,004761929172417,1023,150024,978,213122104016,1006,52661504936,0,577263038560814,427,211043848995,82,6480089816055,100,0,0,767192463152776,9,39488344814094,317,503579334041,17,3190290949465,0,72,8855254171905,437,235577770466,364,154901782147,-3,51943062203543,5,23766057796457,0,0,33,749979015477,3316,91419537485,0,0,17,3519910183945,0,305,584076834752,1,59106223083773,0,00905094515765207,-14,8332614600362,-6,07617026003623,3,08243334696226,4,01844509054429,0,00946283445125856,0,1,48132469721263E-29,28,6866461171755,0,-2,8537725705106,30197,0351261032,14655,4028344228,8423,68240213503,6,4483175050756,0,0,0,0,0,0,0,0,0,0,0,0,0,0,0,0,0,0,0,0,0,0,0,0,0,0,0,0,0,0,0,0,0,0,0,0,0,0,0,0,0,0,0,0,0,0,0,0,0,0,0,0,0,0,0,0,0,0,0,0,0,0,0,0,0,0,0,0,0,0,0,0,0,0,0,0,0,0,0,0,0,0,0,0,0,0,0,0,0,0,0,0,0,0,0,0,0,17,3519910183945,0,0,0,0,0,0,0,0,0,0,0,0,0,0,1010,65,1242,73793782128,9,16511632620618,86,1051996733608,0,16,2654161656325,0,0,0,0,0,0,0,0,0,0,0,0,00154846381929686,0,0,0,0,0,00258077303216143,0,17,3190290949465,0,0,0,41554,829892695,39327,7220328694,0,
750-775C*,0,0039402148911612,1048,150024,1077,17540841084,1010,75652266145,0,476156655306099,435,005305501263,82,6980373444877,100,0,0,959679859972052,9,44185786538165,316,794280436349,18,1797639095519,0,74,3199871689701,434,864093543517,365,68935126457,-5,70915912639545,3,04793207360455,0,0,37,2484500201506,3613,65438593199,0,0,17,3019626555123,0,306,255713853674,1,59795828659476,0,00416317564997491,-17,169283404735,-8,41219220473495,3,04572141201731,4,312668681204,0,0124910509299097,0,5,94693471596448E-33,31,5904671700834,0,-2,96189902800395,108245,83967223,48039,4561877848,25784,1123730522,5,36778732594824,0,0,0,0,0,0,0,0,0,0,0,0,0,0,0,0,0,0,0,0,0,0,0,0,0,0,0,0,0,0,0,0,0,0,0,0,0,0,0,0,0,0,0,0,0,0,0,0,0,0,0,0,0,0,0,0,0,0,0,0,0,0,0,0,0,0,0,0,0,0,0,0,0,0,0,0,0,0,0,0,0,0,0,0,0,0,0,0,0,0,0,0,0,0,0,0,0,17,3019626555123,0,0,0,0,0,0,0,0,0,0,0,0,0,0,1035,65,3002,86736985403,9,24481766518087,87,2882543860072,0,17,172806072116,0,0,0,0,0,0,0,0,0,0,0,0,00204399015216703,0,0,0,0,0,00340665025361172,0,18,1797639095519,0,0,0,41374,7560992451,39166,4158872581,0,
775-800C*,0,00324771003799141,1073,150024,1183,91247261535,1014,98643027353,0,379521793874872,442,800656845207,82,6980373444877,100,0,1,05770907383261,9,48906715470856,315,805677687391,19,0404987241573,0,75,6841560722113,432,285821973532,366,844249993087,-7,89888763075548,0,858203569244518,0,0,40,7469210248241,3917,05569191543,0,0,17,3019626555123,0,306,927350872597,1,60508523412089,0,00169602601642351,-19,5053053494337,-10,7482141494337,3,01308963291223,4,6068922718637,0,0155192674085607,0,7,03082695798661E-37,34,4942882229912,0,-3,05803186958111,454432,308101692,182387,70027938,90637,7877870602,4,31943217670912,0,0,0,0,0,0,0,0,0,0,0,0,0,0,0,0,0,0,0,0,0,0,0,0,0,0,0,0,0,0,0,0,0,0,0,0,0,0,0,0,0,0,0,0,0,0,0,0,0,0,0,0,0,0,0,0,0,0,0,0,0,0,0,0,0,0,0,0,0,0,0,0,0,0,0,0,0,0,0,0,0,0,0,0,0,0,0,0,0,0,0,0,0,0,0,0,0,17,3019626555123,0,0,0,0,0,0,0,0,0,0,0,0,0,0,1060,65,8090,97036886868,9,33066078684992,88,5392668042247,0,18,0843027109596,0,0,0,0,0,0,0,0,0,0,0,0,00253951648503721,0,0,0,0,0,00423252747506202,0,19,0404987241573,0,0,0,41195,4639436422,39005,7935015425,0,
800-825C*,0,00266756354589446,1098,150024,1298,32781056886,1019,21633788562,0,287358454267131,450,597084313654,82,6980373444877,100,0,1,2852615877025,9,5365124904821,314,557979269647,19,9012335387626,0,76,9823646039809,429,531931791022,367,696907752588,-10,0886161351155,-1,33152493511551,0,0,44,2453920294977,4226,62345088194,0,0,17,3019626555123,0,307,598987891519,1,61244238352861,0,000593343624873698,-21,8413272941324,-13,0842360941324,2,98448720978749,4,90111586252341,0,0173070792326607,0,1,79365614365673E-41,37,3981092758991,0,-3,14231249036545,2278422,51432711,816759,740582527,372242,312287255,3,30325205735824,0,0,0,0,0,0,0,0,0,0,0,0,0,0,0,0,0,0,0,0,0,0,0,0,0,0,0,0,0,0,0,0,0,0,0,0,0,0,0,0,0,0,0,0,0,0,0,0,0,0,0,0,0,0,0,0,0,0,0,0,0,0,0,0,0,0,0,0,0,0,0,0,0,0,0,0,0,0,0,0,0,0,0,0,0,0,0,0,0,0,0,0,0,0,0,0,0,17,3019626555123,0,0,0,0,0,0,0,0,0,0,0,0,0,0,1085,65,24642,5777637575,9,42303251312677,89,8628672596524,0,18,9995372633026,0,0,0,0,0,0,0,0,0,0,0,0,00283206751079903,0,0,0,0,0,00472011251799838,0,19,9012335387626,0,0,0,41016,9518701245,38845,8537447386,0,
825-850C*,0,00217368348855904,1123,150024,1420,30417694338,1023,4462454977,0,199666636482878,458,394574563721,82,6980373444877,100,0,1,55792209052684,9,58419505293451,313,070478825692,20,761968353368,0,78,218599070444,426,630353116244,368,315660555762,-12,2783446394755,-3,52125343947553,0,0,47,7438630341713,4541,79786502892,0,0,17,3019626555123,0,308,270624910442,1,62002950977389,0,000170869787046637,-24,1773492388311,-15,4202580388311,2,95986418260778,5,19533945318312,0,0255866284103025,0,6,44754093073519E-47,40,3019303288069,0,-3,21488095271984,13946033,2340296,4403229,29825496,1820824,20790993,2,31924696789559,0,0,0,0,0,0,0,0,0,0,0,0,0,0,0,0,0,0,0,0,0,0,0,0,0,0,0,0,0,0,0,0,0,0,0,0,0,0,0,0,0,0,0,0,0,0,0,0,0,0,0,0,0,0,0,0,0,0,0,0,0,0,0,0,0,0,0,0,0,0,0,0,0,0,0,0,0,0,0,0,0,0,0,0,0,0,0,0,0,0,0,0,0,0,0,0,0,17,3019626555123,0,0,0,0,0,0,0,0,0,0,0,0,0,0,1110,65,86140,9967191085,9,52232309453157,91,2638018950535,0,19,9181697437724,0,0,0,0,0,0,0,0,0,0,0,0,00418690283077678,0,0,0,0,0,00697817138462797,0,20,761968353368,0,0,0,40839,2181092637,38686,5952624551,0,
850-875C*,0,00176694010352527,1148,150024,1546,42914597023,1035,81580379581,0,116446340522111,465,952672167756,82,6980373444877,100,0,1,93931894277302,9,63211602819918,312,942261929365,21,6227031679734,0,77,0411029402844,423,606034728143,368,74862572395,-14,6442397574179,-5,88714855741789,0,0,51,2423340388448,4861,65144232453,0,0,17,3019626555123,0,308,942261929365,1,63584796081314,3,81611790159507E-05,-26,5133711835299,-17,7562799835299,2,03887815288526,5,48956304384282,0,0362692877218537,0,1,79175042785312E-53,43,2057513817148,0,-5,93824868884031,106817607,744621,29241509,0055153,10840130,4844253,1,36741690832117,0,0,0,0,0,0,0,0,0,0,0,0,0,0,0,0,0,0,0,0,0,0,0,0,0,0,0,0,0,0,0,0,0,0,0,0,0,0,0,0,0,0,0,0,0,0,0,0,0,0,0,0,0,0,0,0,0,0,0,0,0,0,0,0,0,0,0,0,0,0,0,0,0,0,0,0,0,0,0,0,0,0,0,0,0,0,0,0,0,0,0,0,0,0,0,0,0,17,3019626555123,0,0,0,0,0,0,0,0,0,0,0,0,0,0,1135,65,351553,556761745,9,34893220212342,90,0499997106204,0,20,839885947578,0,0,0,0,0,0,0,0,0,0,0,0,00593497435448514,0,0,0,0,0,00989162392414191,0,21,6227031679734,0,0,0,40561,0294153705,38449,5362968539,0,
875-900C*,0,00142991313094473,1173,150024,1679,26501841307,1031,90606072187,0,0376975663848317,473,992691131076,82,6980373444877,100,0,2,17750744219754,9,68027660834017,313,613898948287,22,4834379825788,0,80,5195635039224,420,481196278073,369,056065374417,-16,6578016481956,-7,90071044819558,0,0,54,7408050435184,5186,33030161606,0,0,17,3019626555123,0,309,613898948287,1,63589493535302,6,06056210264336E-06,-28,8493931282286,-20,0923019282286,2,92236057178647,5,78378663450253,0,0469519470334048,0,1,60737721426156E-61,46,1095724346226,0,-3,32543502913443,1052596612,88785,245463320,58133,80479524,0376441,0,447761878634997,0,0,0,0,0,0,0,0,0,0,0,0,0,0,0,0,0,0,0,0,0,0,0,0,0,0,0,0,0,0,0,0,0,0,0,0,0,0,0,0,0,0,0,0,0,0,0,0,0,0,0,0,0,0,0,0,0,0,0,0,0,0,0,0,0,0,0,0,0,0,0,0,0,0,0,0,0,0,0,0,0,0,0,0,0,0,0,0,0,0,0,0,0,0,0,0,0,17,3019626555123,0,0,0,0,0,0,0,0,0,0,0,0,0,0,1160,65,1707498,60948387,9,74325340789956,94,3173880536208,0,21,7643948157334,0,0,0,0,0,0,0,0,0,0,0,0,00768304587819351,0,0,0,0,0,0128050764636558,0,22,4834379825788,0,0,0,40486,0774526989,38370,1156629877,0,
900-925C*,0,00115179601969413,1198,150024,1818,91037902566,1036,13596833396,0,481,793291843086,82,6980373444877,100,0,2,55486310296971,9,72867799138187,314,28553596721,23,3441727971842,0,81,5908263109266,417,275571158095,369,272269598899,-18,8475301525556,-10,0904389525556,0,0,58,239276048192,5515,46844383198,0,0,17,3019626555123,0,310,28553596721,1,64417485239476,6,00269916705938E-07,-31,1854150729273,-22,4283238729273,2,90938411375611,6,07801022516224,0,0576346063449559,0,1,24163910207317E-71,49,0133934875305,0,-3,36369416729017,13767360362,8875,2681176287,55597,765750686,718088,0,0,0,0,0,0,0,0,0,0,0,0,0,0,0,0,0,0,0,0,0,0,0,0,0,0,0,0,0,0,0,0,0,0,0,0,0,0,0,0,0,0,0,0,0,0,0,0,0,0,0,0,0,0,0,0,0,0,0,0,0,0,0,0,0,0,0,0,0,0,0,0,0,0,0,0,0,0,0,0,0,0,0,0,0,0,0,0,0,0,0,0,0,0,0,0,0,0,17,3019626555123,0,0,0,0,0,0,0,0,0,0,0,0,0,0,1185,65,10084933,2856655,9,86571208472628,95,9803360279867,0,22,6914261484423,0,0,0,0,0,0,0,0,0,0,0,0,00943111740190187,0,0,0,0,0,0157185290031698,0,23,3441727971842,0,0,0,40310,6660575879,38212,8908320436,0,
925-950C*,0,000923561191163413,1223,150024,1965,35786501129,1040,36587594604,0,489,594904117485,82,6978644420816,100,0,2,97728774868111,9,77732138133878,314,957172986132,24,2049076117895,0,82,6132314030205,414,00663712532,369,42279852815,-21,0372586569156,-12,2801674569156,0,0,61,7377470528655,5848,69986990079,0,0,17,3021355579184,0,310,957172986132,1,65268794073645,0,-33,521437017626,-24,764345817626,2,90019527040345,6,37223381582194,0,0633643210972683,0,1,01179546585337E-84,51,9172145404384,0,-3,39078821046331,247529870936,504,39370252391,4169,9628878805,58541,0,0,0,0,0,0,0,0,0,0,0,0,0,0,0,0,0,0,0,0,0,0,0,0,0,0,0,0,0,0,0,0,0,0,0,0,0,0,0,0,0,0,0,0,0,0,0,0,0,0,0,0,0,0,0,0,0,0,0,0,0,0,0,0,0,0,0,0,0,0,0,0,0,0,0,0,0,0,0,0,0,0,0,0,0,0,0,0,0,0,0,0,0,0,0,0,0,0,17,3021355579184,0,0,0,0,0,0,0,0,0,0,0,0,0,0,1210,65,74206619,3593572,9,99673188345656,97,7412603876309,0,23,6207286103894,0,0,0,0,0,0,0,0,0,0,0,0,0103687070886439,0,0,0,0,0,0172811784810732,0,24,2049076117895,0,0,0,40136,0239980515,38056,3398706924,0,
950-975C*,0,000737086919067041,1248,150024,2118,65220923157,1044,59578355813,0,497,397515665838,82,6978419310269,100,0,3,44771620496748,9,82620798824547,315,628810005055,25,0656424263949,0,83,5894782182821,410,689832872001,369,526648224456,-23,2269871612757,-14,4698959612757,0,0,65,2362180575391,6185,65858075097,0,0,17,3021580689731,0,311,628810005055,1,66143591935067,0,-35,8574589623247,-27,1003677623247,2,89474802988229,6,66645740648165,0,0845373280261524,0,2,50092970122616E-102,54,8210355933462,0,-3,40685066611188,6363482436537,67,806155209758,298,165628831214,33,0,0,0,0,0,0,0,0,0,0,0,0,0,0,0,0,0,0,0,0,0,0,0,0,0,0,0,0,0,0,0,0,0,0,0,0,0,0,0,0,0,0,0,0,0,0,0,0,0,0,0,0,0,0,0,0,0,0,0,0,0,0,0,0,0,0,0,0,0,0,0,0,0,0,0,0,0,0,0,0,0,0,0,0,0,0,0,0,0,0,0,0,0,0,0,0,0,0,17,3021580689731,0,0,0,0,0,0,0,0,0,0,0,0,0,0,1235,65,699009414,401497,10,1367546563632,99,6058595792409,0,24,5520679823476,0,0,0,0,0,0,0,0,0,0,0,0,013833380949734,0,0,0,0,0,0230556349162234,0,25,0656424263949,0,0,0,39962,1486093608,37900,4604874007,0,
975-1000C*,0,000585444769916628,1273,150024,2278,88696764937,1048,82569117021,0,505,201114397948,82,6978194199722,100,0,3,96843599258686,9,8753390281867,316,300447023977,25,9263772410003,0,84,5220756349358,407,338759566125,369,597684119027,-25,4167156656357,-16,6596244656357,0,1,4210854715202E-14,68,7346890622127,6525,65795113123,0,0,17,3021805800278,0,312,300447023977,1,67042084548593,0,-38,1934809070235,-29,4363897070235,2,89299712260852,6,96068099714136,0,11588193904701,0,2,79050048688521E-127,57,7248566462541,0,-3,41201375452573,244495573195408,23985487741110,4051428751918,7,0,0,0,0,0,0,0,0,0,0,0,0,0,0,0,0,0,0,0,0,0,0,0,0,0,0,0,0,0,0,0,0,0,0,0,0,0,0,0,0,0,0,0,0,0,0,0,0,0,0,0,0,0,0,0,0,0,0,0,0,0,0,0,0,0,0,0,0,0,0,0,0,0,0,0,0,0,0,0,0,0,0,0,0,0,0,0,0,0,0,0,0,0,0,0,0,0,0,17,3021805800278,0,0,0,0,0,0,0,0,0,0,0,0,0,0,1260,65,8691003841,93286,10,2862389228136,,0,25,4852256218685,0,0,0,0,0,0,0,0,0,0,0,0,0189624991167835,0,0,0,0,0,0316041651946391,0,25,9263772410003,0,0,0,39789,0370785337,37745,2502352343,0,
1000-1050C*,0,000823404663139231,1323,150024,2532,56470247805,1055,17055258834,0,516,908337495443,82,6977856533901,100,0,4,85159877422654,9,92471572332763,317,307902552361,27,2174794629084,0,85,8441933553112,403,021771717758,369,663713585537,-28,7013084221757,-19,9442172221757,0,0,73,982395569223,7041,23469119898,0,0,17,3022143466099,0,313,307902552361,1,68434781690157,0,-41,6975138240716,-32,9404226240716,2,89720414570733,7,40201638313092,0,162898855578297,0,9,04794078109171E-231,62,0805882256158,0,-3,39960816093045,1,38135459323974E+17,8,69203819268398E+15,1,0448556569952E+15,0,0,0,0,0,0,0,0,0,0,0,0,0,0,0,0,0,0,0,0,0,0,0,0,0,0,0,0,0,0,0,0,0,0,0,0,0,0,0,0,0,0,0,0,0,0,0,0,0,0,0,0,0,0,0,0,0,0,0,0,0,0,0,0,0,0,0,0,0,0,0,0,0,0,0,0,0,0,0,0,0,0,0,0,0,0,0,0,0,0,0,0,0,0,0,0,0,0,17,3022143466099,0,0,0,0,0,0,0,0,0,0,0,0,0,0,1298,15,692004076775,448,10,5205220672829,,0,26,8879277369987,0,0,0,0,0,0,0,0,0,0,0,0,0266561763673576,0,0,0,0,0,0444269606122627,0,27,2174794629084,0,0,0,39530,7955221453,37513,6837683165,0,
1050-1100C*,0,000504509036442189,1373,150024,2896,69614740798,1063,63036781251,0,532,5213139923,82,6977406312806,100,0,6,23631782701388,9,97433930194427,318,651176590206,28,9389490921191,0,87,4747437595629,395,268476101325,369,707887796736,-33,0807654308958,-24,3236742308957,0,0,80,9793375785701,7737,75775141481,0,0,17,3022593687194,0,314,651176590206,1,70377136021831,0,-46,369557713469,-37,612466513469,2,91534088661154,7,99046356445033,0,217074551931505,0,0,67,8882303314315,0,-3,34613108203144,4,41953105325583E+21,1,34424873992525E+20,9,25953119274332E+18,0,0,0,0,0,0,0,0,0,0,0,0,0,0,0,0,0,0,0,0,0,0,0,0,0,0,0,0,0,0,0,0,0,0,0,0,0,0,0,0,0,0,0,0,0,0,0,0,0,0,0,0,0,0,0,0,0,0,0,0,0,0,0,0,0,0,0,0,0,0,0,0,0,0,0,0,0,0,0,0,0,0,0,0,0,0,0,0,0,0,0,0,0,0,0,0,0,0,17,3022593687194,0,0,0,0,0,0,0,0,0,0,0,0,0,0,1348,15,895576837507984,10,8819602977161,,0,28,762759302273,0,0,0,0,0,0,0,0,0,0,0,0,0355212903160645,0,0,0,0,0,0592021505267742,0,28,9389490921191,0,0,0,39189,1183253759,37207,2451139077,0,
1100-1150C*,0,000828048524938404,1423,150024,3292,2153715485,1072,09018303668,0,548,138031172678,82,6976956091711,100,0,7,88032176788559,10,024210998454,319,994450628052,30,6604187213299,0,88,9679487610856,389,503413793244,369,727137831207,-37,4602224396158,-28,7031312396158,0,0,87,9762795879172,8442,3074066516,0,0,17,3023043908289,0,315,994450628052,1,72419588660196,0,-51,0416016028665,-42,2845104028665,2,94748394879605,8,57891074576975,0,361855491406316,0,0,73,6958724372472,0,-3,25137247900815,2,16041535249706E+27,2,62390009387741E+25,8,94687159344142E+23,0,0,0,0,0,0,0,0,0,0,0,0,0,0,0,0,0,0,0,0,0,0,0,0,0,0,0,0,0,0,0,0,0,0,0,0,0,0,0,0,0,0,0,0,0,0,0,0,0,0,0,0,0,0,0,0,0,0,0,0,0,0,0,0,0,0,0,0,0,0,0,0,0,0,0,0,0,0,0,0,0,0,0,0,0,0,0,0,0,0,0,0,0,0,0,0,0,0,17,3023043908289,0,0,0,0,0,0,0,0,0,0,0,0,0,0,1398,15,7,62145428290536E+18,11,2905179095552,,0,30,6415766036658,0,0,0,0,0,0,0,0,0,0,0,0,0592127167755791,0,0,0,0,0,0986878612926318,0,30,6604187213299,0,0,0,38850,439422521,36903,4321132734,0,
1150+C*,5,71054827838671E-06,1623,150024,4434,44037666049,1093,2397210971,0,587,195619729308,82,6975830538974,100,0,13,2902246260085,10,0743320534463,323,352635722665,34,9640927943568,0,92,1836643170434,379,290600981301,369,739338484228,-48,408864961416,-39,651773761416,0,0,203,508761530898,10226,6680572251,0,0,17,3024169461026,0,319,352635722665,1,77985593128259,0,-62,7217113263601,-53,9646201263601,3,08698542831943,10,0500286990683,0,891415087531869,0,0,166,551098889328,0,-2,84036742814726,3,14103011813792E+28,3,14103011813792E+28,3,14103011813792E+28,0,0,0,0,0,0,0,0,0,0,0,0,0,0,0,0,0,0,0,0,0,0,0,0,0,0,0,0,0,0,0,0,0,0,0,0,0,0,0,0,0,0,0,0,0,0,0,0,0,0,0,0,0,0,0,0,0,0,0,0,0,0,0,0,0,0,0,0,0,0,0,0,0,0,0,0,0,0,0,0,0,0,0,0,0,0,0,0,0,0,0,0,0,0,0,0,0,0,17,3024169461026,0,0,0,0,0,0,0,0,0,0,0,0,0,0,1523,15,3,14103011813792E+28,12,4872664045453,,0,35,3485413031406,0,0,0,0,0,0,0,0,0,0,0,0,145867923414306,0,0,0,0,0,24311320569051,0,34,9640927943568,0,0,0,38016,671245462,36155,2155411414,0,
