Name,Oso Condensate -2016
Created,26/03/2026 11:05:05
Cpt,Composition,Boiling Temperature,Molecular Weight,Standard Liquid Density,Acidity,Aniline Point,Assay - Aromatics Vol Pct,Assay - Aromatics Wt Pct,Asphaltene Content,Basic Nitrogen Content,C to H Ratio,Cloud Point,Conradson Carbon Content,Copper Content,Cetane Number,Flash Point,Freeze Point,MON (Clear),MON (Leaded),Assay - Naphthenes Vol Pct,Assay - Naphthenes Wt Pct,Nickel Content,Nitrogen Content,Assay - Olefins Vol Pct,Assay - Olefins Wt Pct,Assay - Paraffins Vol Pct,Assay - Paraffins Wt Pct,Pour Point,Refractive Index,Reid Vapour Pressure,RON (Clear),RON (Leaded),Smoke Point,Sulfur Content,Mercaptan Sulfur Content,Sodium Content,True Vapour Pressure,Vanadium Content,Iron Content,Luminometer Number,Viscosity @ 38C,Viscosity @ 50C,Viscosity @ 60C,Wax Content,Pi C6 22DMB Wt Pct,Pi C6 22DMB Vol Pct,Pi C6 23DMB Wt Pct,Pi C6 23DMB Vol Pct,Pi C6 2MP Wt Pct,Pi C6 2MP Vol Pct,Pi C6 3MP Wt Pct,Pi C6 3MP Vol Pct,Pi C7 22-mPentane Wt Pct,Pi C7 22-mPentane Vol Pct,Pi C7 24-mPentane Wt Pct,Pi C7 24-mPentane Vol Pct,Pi C7 223-mButane Wt Pct,Pi C7 223-mButane Vol Pct,Pi C7 33-mPentane Wt Pct,Pi C7 33-mPentane Vol Pct,Pi C7 23-mPentane Wt Pct,Pi C7 23-mPentane Vol Pct,Pi C7 2-mHexane Wt Pct,Pi C7 2-mHexane Vol Pct,Pi C7 3-mHexane Wt Pct,Pi C7 3-mHexane Vol Pct,Pi C7 3-ePentane Wt Pct,Pi C7 3-ePentane Vol Pct,Pi C6 Wt Pct,Pi C6 Vol Pct,Pi C7 Wt Pct,Pi C7 Vol Pct,Pi C8 Wt Pct,Pi C8 Vol Pct,Pi C9 Wt Pct,Pi C9 Vol Pct,Pi C10  Wt Pct,Pi C10  Vol Pct,Pi C11  Wt Pct,Pi C11  Vol Pct,Pn C6 Hexane Wt Pct,Pn C6 Hexane Vol Pct,Pn C7 Heptane Wt Pct,Pn C7 Heptane Vol Pct,Pn C8 Octane Wt Pct,Pn C8 Octane Vol Pct,Pn C9 Nonane Wt Pct,Pn C9 Nonane Vol Pct,Pn C10 Decane Wt Pct,Pn C10 Decane Vol Pct,Pn C11 n-C11 Wt Pct,Pn C11 n-C11 Vol Pct,On C6 Wt Pct,On C6 Vol Pct,On C7 Wt Pct,On C7 Vol Pct,On C8 Wt Pct,On C8 Vol Pct,On C9 Wt Pct,On C9 Vol Pct,On C10 Wt Pct,On C10 Vol Pct,On C11 Wt Pct,On C11 Vol Pct,A C6 Benzene Wt Pct,A C6 Benzene Vol Pct,A C7 Toluene Wt Pct,A C7 Toluene Vol Pct,A C8 m-Xylene Wt Pct,A C8 m-Xylene Vol Pct,A C8 o-Xylene Wt Pct,A C8 o-Xylene Vol Pct,A C8 p-Xylene Wt Pct,A C8 p-Xylene Vol Pct,A C8 EthBenz Wt Pct,A C8 EthBenz Vol Pct,N C6 cyc-C5 Wt Pct,N C6 cyc-C5 Vol Pct,N C6 cyc-C6 Wt Pct,N C6 cyc-C6 Vol Pct,A C8 Wt Pct,A C8 Vol Pct,A C9 Wt Pct,A C9 Vol Pct,A C10 Wt Pct,A C10 Vol Pct,A C11 Wt Pct,A C11 Vol Pct,N C6 Wt Pct,N C6 Vol Pct,N C7 Wt Pct,N C7 Vol Pct,N C8 Wt Pct,N C8 Vol Pct,N C9 Wt Pct,N C9 Vol Pct,N C10 Wt Pct,N C10 Vol Pct,N C11 Wt Pct,N C11 Vol Pct,Pi Wt Pct,Pi Vol Pct,Pn Wt Pct,Pn Vol Pct,Oi C6 Wt Pct,Oi C6 Vol Pct,Oi C7 Wt Pct,Oi C7 Vol Pct,Oi C8 Wt Pct,Oi C8 Vol Pct,Oi C9 Wt Pct,Oi C9 Vol Pct,Oi C10 Wt Pct,Oi C10 Vol Pct,Oi C11 Wt Pct,Oi C11 Vol Pct,Centroid Boiling Temperature,Viscosity @ 100C,Hydrogen,CarbonByWt,PValue,RamsCarbonResidueByWt,SulfideByWt,ZincByWt,TinByWt,ChromiumByWt,LeadByWt,AluminiumByWt,MagnesiumByWt,MetalByWt,ArsenicByWt,CadmiumByWt,MercuryByWt,NaClByWt,SaltByWt,MudByWt,ChloridesByWt,MolybdenumByWt,AshByWt,GumByWt,MicroCarbonResidueByWt,nC5InsolublesByWt,NaphthenicAcidByWt,NaphthenicAcidByVol,Gross Heating Value,Net Heating Value,Oxygen Content,
Hydrogen,0,20,5548,2,016000032,69,85910034,0,,0,0,0,0,0,13,9,0,0,,,13,9,10,,0,0,0,0,0,0,0,0,13,9,,,130,,,0,0,0,,0,0,,,,,0,,,,,,,,,,,,,,,,,,,,,,,,,,,,,,,,,,,,,,,,,,,,,,,,,,,,,,,,,,,,,,,,,,,,,,,,,,,,,,,,,,,,,,,,,,,,,,,,,0,0,0,0,,,,,,,,,,,,,,,100,0,,,,,,,,,,,,,,,,,,,,,0,,,,,,,
Nitrogen,0,77,3498,28,0135,806,3740234,0,,0,0,0,0,0,63,1,0,0,,,63,1,,,0,0,0,0,0,0,0,0,63,1,,,,,,0,0,0,,0,0,,,,,0,,,,,,,,,,,,,,,,,,,,,,,,,,,,,,,,,,,,,,,,,,,,,,,,,,,,,,,,,,,,,,,,,,,,,,,,,,,,,,,,,,,,,,,,,,,,,,,,,0,0,0,0,,,,,,,,,,,,,,,0,0,,,,,,,,,,,,,,,,,,,,,0,,,,,,,
CO,0,81,6996,28,0109005,799,3880005,0,,0,0,0,0,0,68,2,0,0,,,68,2,,,0,0,0,0,0,0,0,0,68,2,,,120,,,0,0,0,,0,0,,,,,0,,,,,,,,,,,,,,,,,,,,,,,,,,,,,,,,,,,,,,,,,,,,,,,,,,,,,,,,,,,,,,,,,,,,,,,,,,,,,,,,,,,,,,,,,,,,,,,,,0,0,0,0,,,,,,,,,,,,,,,0,0,,,,,,,,,,,,,,,,,,,,,0,,,,,,,
Oxygen,0,90,1996,32,1137,680054,0,,0,0,0,0,0,54,4,0,0,,,54,4,,,0,0,0,0,0,0,0,0,54,4,,,120,,,0,0,0,,0,0,,,,,0,,,,,,,,,,,,,,,,,,,,,,,,,,,,,,,,,,,,,,,,,,,,,,,,,,,,,,,,,,,,,,,,,,,,,,,,,,,,,,,,,,,,,,,,,,,,,,,,,0,0,0,0,,,,,,,,,,,,,,,0,0,,,,,,,,,,,,,,,,,,,,,0,,,,,,,
Methane,0,111,625,16,04290009,299,3940125,0,,0,0,0,0,3,90,4,0,0,,85,15,90,4,,,0,0,0,0,0,0,100,100,90,4,,,120,,,0,0,0,,0,0,,,,,0,,,,,,,,,,,,,,,,,,,,,,,,,,,,,,,,,,,,,,,,,,,,,,,,,,,,,,,,,,,,,,,,,,,,,,,,,,,,,,,,,,,,,,,,,,,,,,,,,0,0,100,100,,,,,,,,,,,,,,,25,13516209,75,,,,,,,,,,,,,,,,,,,,,0,,,,,,,
Ethylene,0,169,399,28,05380058,383,2260132,0,,0,0,0,0,6,104,0,0,,137,15,104,75,6,,0,0,0,0,100,100,0,0,104,,,100,51,,,0,0,0,,0,0,,,,,0,,,,,,,,,,,,,,,,,,,,,,,,,,,,,,,,,,,,,,,,,,,,,,,,,,,,,,,,,,,,,,,,,,,,,,,,,,,,,,,,,,,,,,,,,,,,,,,,,0,0,0,0,,,,,,,,,,,,,,,14,34761566,85,71428571,,,,,,,,,,,,,,,,,,,,,0,,,,,,,
Ethane,0,184,55,30,06990051,355,6830139,0,,0,0,0,0,4,90,4,0,0,,138,15,90,4,100,79,,0,0,0,0,0,0,100,100,90,4,,,111,38,,,0,0,0,,0,0,,,,,0,,,,,,,,,,,,,,,,,,,,,,,,,,,,,,,,,,,,,,,,,,,,,,,,,,,,,,,,,,,,,,,,,,,,,,,,,,,,,,,,,,,,,,,,,,,,,,,,,0,0,100,100,,,,,,,,,,,,,,,20,11147323,80,,,,,,,,,,,,,,,,,,,,,0,,,,,,,
CO2,0,194,598,44,00970078,825,335022,0,,0,0,0,0,0,217,0,0,,,217,,,0,0,0,0,0,0,0,0,217,,,,,,0,0,0,,0,0,,,,,0,,,,,,,,,,,,,,,,,,,,,,,,,,,,,,,,,,,,,,,,,,,,,,,,,,,,,,,,,,,,,,,,,,,,,,,,,,,,,,,,,,,,,,,,,,,,,,,,,0,0,0,0,,,,,,,,,,,,,,,0,0,,,,,,,,,,,,,,,,,,,,,0,,,,,,,
H2S,0,213,498,34,07600021,788,40802,0,,0,0,0,0,0,188,0,0,,,188,,,0,0,0,0,0,0,0,0,188,,2759,,,,94,1177,0,0,,0,0,,,,,0,,,,,,,,,,,,,,,,,,,,,,,,,,,,,,,,,,,,,,,,,,,,,,,,,,,,,,,,,,,,,,,,,,,,,,,,,,,,,,,,,,,,,,,,,,,,,,,,,0,0,0,0,,,,,,,,,,,,,,,5,911554252,0,,,,,,,,,,,,,,,,,,,,,0,,,,,,,
Propene,0,225,399,42,08060074,520,9550171,0,,0,0,0,0,6,87,9,0,0,,165,87,9,84,9,,0,0,0,0,100,100,0,0,87,9,,1565,102,54,,,0,0,0,,0,0,,,,,0,,,,,,,,,,,,,,,,,,,,,,,,,,,,,,,,,,,,,,,,,,,,,,,,,,,,,,,,,,,,,,,,,,,,,,,,,,,,,,,,,,,,,,,,,,,,,,,,,0,0,0,0,,,,,,,,,,,,,,,14,36465558,85,71428571,,,,,,,,,,,,,,,,,,,,,0,,,,,,,
Propane,0,000493638950544523,231,048,44,09700012,506,678009,0,,0,0,0,0,4,5,85,5,0,0,,169,15,85,5,97,1,,0,0,0,0,0,0,100,100,85,5,,1303,112,14,,,0,0,0,,0,0,,,,,0,,,,,,,,,,,,,,,,,,,,,,,,,,,,,,,,,,,,,,,,,,,,,,,,,,,,,,,,,,,,,,,,,,,,,,,,,,,,,,,,,,,,,,,,,,,,,,,,,0,0,100,100,,,,,,,,,,,,,,,18,28426304,81,81818182,,,,,,,,,,,,,,,,,,,,,0,,,,,,,
i-Butane,0,00972063972795768,261,42,58,12400055,561,9660034,0,380,85,0,0,0,0,4,8,114,0,0,,190,15,114,97,6,,0,0,0,0,0,0,100,100,114,,489,6,101,426,,,0,0,0,,0,0,,,,,0,,,,,,,,,,,,,,,,,,,,,,,,,,,,,,,,,,,,,,,,,,,,,,,,,,,,,,,,,,,,,,,,,,,,,,,,,,,,,,,,,,,,,,,,,,,,,,,,,100,100,0,0,,,,,,,,,,,,,,,17,34802065,82,75862069,,,,,,,,,,,,,,,,,,,,,0,,,,,,,
i-Butene,0,266,299,56,10770035,592,7930298,0,286,7055556,0,0,0,0,6,133,0,0,,193,15,133,88,1,,0,0,0,0,100,100,0,0,133,,442,7,105,2096138,,,0,0,0,,0,0,,,,,0,,,,,,,,,,,,,,,,,,,,,,,,,,,,,,,,,,,,,,,,,,,,,,,,,,,,,,,,,,,,,,,,,,,,,,,,,,,,,,,,,,,,,,,,,,,,,,,,,0,0,0,0,,,,,,,,,,,,,,,14,37319073,85,71428571,,,,,,,,,,,,,,,,,,,,,0,,,,,,,
1-Butene,0,266,898,56,10770035,593,7890015,0,,0,0,0,0,6,87,8,0,0,,193,15,87,8,80,8,,0,0,0,0,100,100,0,0,87,8,,432,97,4,,,0,0,0,,0,0,,0,236064836133691,0,219972008704656,0,208210021632581,0,,,,,,,,,,,,,,,,,,,,,,,,,,,,,,,,,,,,,,,,,,,,,,,,,,,,,,,,,,,,,,,,,,,,,,,,,,,,,,,,,,,,,,,,,,,,,,,,,0,0,0,0,,,,,,,,,,,,,,,14,37319073,85,71428571,,,,,,,,,,,,,,,,,,,,,0,,,,,,,
13-Butadiene,0,268,7,54,1,619,7440186,0,,0,0,0,0,8,164,0,0,,197,15,164,73,94513286,,0,0,0,0,100,100,0,0,164,,409,6,102,9723045,,,0,0,0,,0,0,,,,,0,,,,,,,,,,,,,,,,,,,,,,,,,,,,,,,,,,,,,,,,,,,,,,,,,,,,,,,,,,,,,,,,,,,,,,,,,,,,,,,,,,,,,,,,,,,,,,,,,0,0,0,0,,,,,,,,,,,,,,,11,17841035,88,88888889,,,,,,,,,,,,,,,,,,,,,0,,,,,,,
n-Butane,0,0164595178515645,272,648,58,12400055,583,2230225,0,356,35,0,0,0,0,4,8,135,0,0,,213,15,135,89,6,,0,0,0,0,0,0,100,100,135,,358,5,93,8,,,0,0,0,,0,0,,0,241514675581771,0,217701202498228,,0,,,,,,,,,,,,,,,,,,,,,,,,,,,,,,,,,,,,,,,,,,,,,,,,,,,,,,,,,,,,,,,,,,,,,,,,,,,,,,,,,,,,,,,,,,,,,,,,,0,0,100,100,,,,,,,,,,,,,,,17,34802065,82,75862069,,,,,,,,,,,,,,,,,,,,,0,,,,,,,
tr2-Butene,0,274,027,56,1,608,684021,0,,0,0,0,0,6,168,0,0,,201,168,83,84306902,,0,0,0,0,100,100,0,0,168,,343,9,105,0089318,,,0,0,0,,0,0,,,,,0,,,,,,,,,,,,,,,,,,,,,,,,,,,,,,,,,,,,,,,,,,,,,,,,,,,,,,,,,,,,,,,,,,,,,,,,,,,,,,,,,,,,,,,,,,,,,,,,,0,0,0,0,,,,,,,,,,,,,,,14,37319073,85,71428571,,,,,,,,,,,,,,,,,,,,,0,,,,,,,
i-Pentane,0,0539046620097063,301,028,72,15100098,623,4420166,0,343,95,0,0,0,0,5,113,0,0,,217,113,90,3,,0,0,0,0,0,0,100,100,113,,133,8,92,3,,,0,0,0,,0,0,,,,,0,,,,,,,,,,,,,,,,,,,,,,,,,,,,,,,,,,,,,,,,,,,,,,,,,,,,,,,,,,,,,,,,,,,,,,,,,,,,,,,,,,,,,,,,,,,,,,,,,100,100,0,0,,,,,,,,,,,,,,,16,75213296,83,33333333,,,,,,,,,,,,,,,,,,,,,0,,,,,,,
1-Pentene,0,303,096,70,13500214,638,7230225,0,292,25,0,0,0,0,6,108,0,0,,245,108,77,1,,0,0,0,0,100,100,0,0,108,,131,8,90,9,,,0,0,0,,0,0,,,,,0,,,,,,,,,,,,,,,,,,,,,,,,,,,,,,,,,,,,,,,,,,,,,,,,,,,,,,,,,,,,,,,,,,,,,,,,,,,,,,,,,,,,,,,,,,,,,,,,,0,0,0,0,,,,,,,,,,,,,,,14,37831669,85,71428571,,,,,,,,,,,,,,,,,,,,,0,,,,,,,
2M-1-butene,0,304,303,70,1,654,3800049,0,,0,0,0,0,6,136,0,0,,221,136,81,9,,0,0,0,0,100,100,0,0,136,,127,2,102,54,,,0,0,0,,0,0,,,,,0,,,,,,,,,,,,,,,,,,,,,,,,,,,,,,,,,,,,,,,,,,,,,,,,,,,,,,,,,,,,,,,,,,,,,,,,,,,,,,,,,,,,,,,,,,,,,,,,,0,0,0,0,,,,,,,,,,,,,,,14,37831669,85,71428571,,,,,,,,,,,,,,,,,,,,,0,,,,,,,
n-Pentane,0,309,209,72,15100098,629,7290039,0,343,95,0,0,0,0,5,143,0,0,,233,143,61,9,,0,0,0,0,0,0,100,100,143,,101,35,61,7,,,0,0,0,,0,0,,0,317713556013358,0,28795065870348,0,265338970196147,0,,,,,,,,,,,,,,,,,,,,,,,,,,,,,,,,,,,,,,,,,,,,,,,,,,,,,,,,,,,,,,,,,,,,,,,,,,,,,,,,,,,,,,,,,,,,,,,,,0,0,100,100,,,,,,,,,,,,,,,16,75213296,83,33333333,,,,,,,,,,,,,,,,,,,,,0,,,,,,,
cis2-Butene,0,276,867,56,1,625,9530029,0,,0,0,0,0,6,134,0,0,,203,134,83,5,,0,0,0,0,100,100,0,0,134,,314,4,100,,,0,0,0,,0,0,,,,,0,,,,,,,,,,,,,,,,,,,,,,,,,,,,,,,,,,,,,,,,,,,,,,,,,,,,,,,,,,,,,,,,,,,,,,,,,,,,,,,,,,,,,,,,,,,,,,,,,0,0,0,0,,,,,,,,,,,,,,,14,37319073,85,71428571,,,,,,,,,,,,,,,,,,,,,0,,,,,,,
3M-1-butene,0,293,204,70,1,631,2700195,0,,0,0,0,0,6,105,0,0,,217,105,85,26729455,,0,0,0,0,100,100,0,0,105,,190,101,6748769,,,0,0,0,,0,0,,,,,0,,,,,,,,,,,,,,,,,,,,,,,,,,,,,,,,,,,,,,,,,,,,,,,,,,,,,,,,,,,,,,,,,,,,,,,,,,,,,,,,,,,,,,,,,,,,,,,,,0,0,0,0,,,,,,,,,,,,,,,14,37831669,85,71428571,,,,,,,,,,,,,,,,,,,,,0,,,,,,,
2M-2-butene,0,311,704,70,1,666,1090088,0,406,15,0,0,0,0,6,139,0,0,,228,139,84,7,,0,0,0,0,100,100,0,0,139,,98,11,97,3,,,0,0,0,,0,0,,,,,0,,,,,,,,,,,,,,,,,,,,,,,,,,,,,,,,,,,,,,,,,,,,,,,,,,,,,,,,,,,,,,,,,,,,,,,,,,,,,,,,,,,,,,,,,,,,,,,,,0,0,0,0,,,,,,,,,,,,,,,14,37831669,85,71428571,,,,,,,,,,,,,,,,,,,,,0,,,,,,,
2M-13-C4==,0,307,204,68,1,684,8460083,0,,0,0,0,0,7,5,127,0,0,,219,127,81,,0,0,0,0,100,100,0,0,127,,118,6,99,1,,,0,0,0,,0,0,,,,,0,,,,,,,,,,,,,,,,,,,,,,,,,,,,,,,,,,,,,,,,,,,,,,,,,,,,,,,,,,,,,,,,,,,,,,,,,,,,,,,,,,,,,,,,,,,,,,,,,0,0,0,0,,,,,,,,,,,,,,,11,8404699,88,23529412,,,,,,,,,,,,,,,,,,,,,0,,,,,,,
tr2-Pentene,0,309,493,70,1,652,2630005,0,404,4833333,0,0,0,0,6,133,0,0,,225,133,85,14880659,,0,0,0,0,100,100,0,0,133,,106,7,100,3776273,,,0,0,0,,0,0,,,,,0,,,,,,,,,,,,,,,,,,,,,,,,,,,,,,,,,,,,,,,,,,,,,,,,,,,,,,,,,,,,,,,,,,,,,,,,,,,,,,,,,,,,,,,,,,,,,,,,,0,0,0,0,,,,,,,,,,,,,,,14,37831669,85,71428571,,,,,,,,,,,,,,,,,,,,,0,,,,,,,
cis2-Pentene,0,310,083,70,1,659,5750122,0,403,9277778,0,0,0,0,6,122,0,0,,226,122,85,14880659,,0,0,0,0,100,100,0,0,122,,104,4,100,3776273,,,0,0,0,,0,0,,,,,0,,,,,,,,,,,,,,,,,,,,,,,,,,,,,,,,,,,,,,,,,,,,,,,,,,,,,,,,,,,,,,,,,,,,,,,,,,,,,,,,,,,,,,,,,,,,,,,,,0,0,0,0,,,,,,,,,,,,,,,14,37831669,85,71428571,,,,,,,,,,,,,,,,,,,,,0,,,,,,,
Cyclopentane,0,322,398,70,13500214,748,8740234,0,289,95,0,0,0,0,6,179,0,0,,233,179,84,9,,100,100,0,0,0,0,0,0,179,,41,7,101,426,,,0,0,0,,0,0,,0,483269667509962,0,429891392256475,,0,,,,,,,,,,,,,,,,,,,,,,,,,,,,,,,,,,,,,,,,,,,,,,,,,,,,,,,,,,,,,,,,,,,,,,,,,,,,,,,,,,,,,,,,,,,,,,,,,0,0,0,0,,,,,,,,,,,,,,,14,37831669,85,71428571,,,,,,,,,,,,,,,,,,,,,0,,,,,,,
Cyclopentene,0,317,38,68,1,776,5159912,0,458,3722222,0,0,0,0,7,5,138,0,0,,244,138,69,7,,100,100,0,0,0,0,0,0,138,,81,04,93,3,,,0,0,0,,0,0,,,,,0,,,,,,,,,,,,,,,,,,,,,,,,,,,,,,,,,,,,,,,,,,,,,,,,,,,,,,,,,,,,,,,,,,,,,,,,,,,,,,,,,,,,,,,,,,,,,,,,,0,0,0,0,,,,,,,,,,,,,,,11,8404699,88,23529412,,,,,,,,,,,,,,,,,,,,,0,,,,,,,
22-Mpropane,0,282,648,72,2,595,5930176,0,291,7055556,0,0,0,0,5,257,0,0,,225,257,80,2,,0,0,0,0,0,0,100,100,257,,251,8,85,5,,,0,0,0,,0,0,,,,,0,,,,,,,,,,,,,,,,,,,,,,,,,,,,,,,,,,,,,,,,,,,,,,,,,,,,,,,,,,,,,,,,,,,,,,,,,,,,,,,,,,,,,,,,,,,,,,,,,100,100,0,0,,,,,,,,,,,,,,,16,75213296,83,33333333,,,,,,,,,,,,,,,,,,,,,0,,,,,,,
33M-1-butene,0,314,397,84,16,657,1190186,0,,0,0,0,0,6,,0,0,,241,15,157,95,93,3,,0,0,0,0,100,100,0,0,,,91,82,111,77,,,0,0,0,,0,0,,,,,0,,,,,,,,,,,,,,,,,,,,,,,,,,,,,,,,,,,,,,,,,,,,,,,,,,,,,,,,,,,,,,,,,,,,,,,,,,,,,,,,,,,,,,,,,,,,,,,,,0,0,0,0,,,,,,,,,,,,,,,14,3716,85,71428571,,,,,,,,,,,,,,,,,,,,,0,,,,,,,
H2O,0,373,148,18,01510048,997,9860229,0,,0,0,0,0,0,,0,0,,,,,,0,0,0,0,0,0,0,0,,,,,,,0,0,0,,0,0,,0,698140124178851,0,560124358458913,0,474686748589316,0,,,,,,,,,,,,,,,,,,,,,,,,,,,,,,,,,,,,,,,,,,,,,,,,,,,,,,,,,,,,,,,,,,,,,,,,,,,,,,,,,,,,,,,,,,,,,,,,,0,0,0,0,,,,,,,,,,,,,,0,279783740086422,11,18972388,0,,,,,,,,,,,,,,,,,,,,,0,,,,,,,
36-40C*,0,0174732812596007,313,149994,73,0157322803599,625,117386039805,0,0154968881902043,335,495067455638,1,23296109651913,0,3,92862882706535E-11,0,5,33702688629478,140,942924099503,0,0,42,9108178872873,103,237017899101,145,942924099503,65,931890573747,74,6889817737469,8,7130929447022,38,3965621483615,0,0,0,0,90,0539459587787,61,6034378516385,135,942924099503,1,35437673605258,80,0683189844118,67,3906485476422,76,1477397476422,65,3050706460878,0,000100515841557761,0,0,94,1972145768408,0,1,62199579607935E-07,140,119534152337,0,302310606283518,0,284387441664015,0,260884633007207,0,799124430441106,0,0,0,0,0,0,0,0,0,0,0,0,0,0,0,0,0,0,0,0,0,0,0,0,0,0,0,0,0,0,0,0,0,0,0,0,0,0,0,0,0,0,0,0,0,0,0,0,0,0,0,0,0,0,0,0,0,0,0,0,0,0,0,0,0,0,0,0,0,0,0,0,0,0,0,0,0,0,0,0,0,0,0,0,0,0,0,0,0,0,0,0,0,0,0,0,0,0,61,6034378516385,90,0539459587787,0,0,0,0,0,0,0,0,0,0,0,0,311,149997,0,216882047223739,16,6813787394311,83,3188023801254,0,0,0,0,0,0,0,0,0,0,0,0,0,1,79155995873257E-10,3,13421571191507E-12,0,0,0,6,4195133223442E-11,0,0,0,0,0,51646,6664327049,44804,6022299909,0,
40-50C*,0,0472144733172734,323,149994,75,857787950358,637,507035772112,0,0193601604487327,334,048393303282,1,43199247938557,0,1,76788297217941E-10,0,5,22890403355247,144,141870933646,0,0,43,2090903347394,108,390864960765,149,141870933646,64,3901117812699,73,1472029812699,10,1196084809376,39,6419025367846,0,0,0,0,88,4483990396769,60,3580974632154,139,141870933646,1,35997758827726,61,8011079545703,65,831629514111,74,588720714111,61,6413231382828,0,000141154352210835,0,0,66,689087343625,0,7,29898108235709E-07,133,932353053416,0,313949610494517,0,293901848088211,0,267667218165521,0,96144435288415,82,8071452641969,84,6794838960687,0,0,0,0,0,0,0,0,0,0,0,0,0,0,0,0,0,0,0,0,0,0,82,8071452641969,84,6794838960687,0,0,0,0,0,0,0,0,0,0,0,0,0,0,0,0,0,0,0,0,0,0,0,0,0,0,0,0,0,0,0,0,0,0,0,0,0,0,0,0,0,0,0,0,0,0,0,0,0,0,0,0,0,0,0,0,0,0,0,0,0,0,0,0,0,0,0,0,0,0,60,3580974632154,88,4483990396769,0,0,0,0,0,0,0,0,0,0,0,0,0,0,318,15,0,218719344611742,16,5002143824307,83,4980601181406,0,0,0,0,0,0,0,0,0,0,0,0,0,8,06201981429658E-10,1,41039707036178E-11,0,0,0,2,88878099505489E-10,0,0,0,0,0,51438,0625566465,44827,8072677331,0,
50-60C*,0,0517374366379389,333,149994,79,9792616146181,655,783007523733,0,0249256448596355,331,981715942773,1,67250350790608,0,3,73219738571208E-10,0,5,14324844062043,148,754809483115,0,0,42,2419123919964,114,082523016219,153,754809483115,62,176041206479,70,933132406479,11,9620628794831,41,4312789421153,0,0,0,0,86,3654336126108,58,5687210578847,143,754809483115,1,36844640320511,46,4297122637654,63,6044594662092,72,3615506662092,56,4925999604095,0,000199209367429512,0,0,46,9073840140768,0,1,54089600627538E-06,124,765529237889,0,336826599360595,0,312712501159669,0,283785222238413,1,19332995637421,45,2499805018845,45,595352528255,18,0459215525943,17,8391294793871,35,1122405614413,35,167794224861,3,18468670458972E-09,3,13632956459771E-09,0,0,0,0,0,0,0,0,0,0,0,0,0,0,0,0,98,4081426191048,98,6022762356394,0,0,0,0,0,0,0,0,0,0,0,0,0,0,0,0,0,0,0,0,0,0,0,0,0,0,0,0,0,0,0,0,0,0,0,0,0,0,0,0,0,0,0,0,0,0,0,0,0,0,0,0,0,0,0,0,0,0,0,0,0,0,0,0,0,0,0,0,0,0,58,5687210578847,86,3654336126108,0,0,0,0,0,0,0,0,0,0,0,0,0,0,328,15,0,226256486318836,16,2212354982505,83,7746841712172,0,0,0,0,0,0,0,0,0,0,0,0,0,1,70198196079595E-09,2,97750492631932E-11,0,0,0,6,09853765622699E-10,0,0,0,0,0,51144,7401484159,44860,9573216504,0,
60-70C*,0,0554579884544672,343,149994,84,1571695749863,674,459263525792,0,0305375009688166,329,915038582264,3,51177836025246,0,5,69651179924476E-10,0,5,12305661387861,153,416915126339,0,0,40,2655609854237,120,313231808282,158,416915126339,59,8057738515175,68,5628650515175,19,8922007075471,43,2274522551945,0,0,00771540402069435,0,0,76,5960209322004,56,7725477448055,148,416915126339,1,37737814298797,33,9494584687205,61,1987459301606,69,9558371301606,51,5257757361819,0,000257264382648188,0,0,32,7730229688828,0,2,35189390431506E-06,115,400041311932,0,364133917258733,0,335152980768442,0,303515856725512,1,43281264900016,0,0,0,000105816943020081,0,00010542216740341,18,3681190013266,18,5410108459976,23,3047143333824,23,1302804314334,0,0,0,0,0,0,0,0,0,0,0,0,0,0,0,0,41,672939151652,41,6713966995984,0,0,0,0,0,0,0,0,0,0,58,3234072467913,58,3253839080957,0,0,0,0,0,0,0,0,0,0,0,0,0,0,0,0,0,0,0,0,0,0,0,0,0,0,0,0,0,0,0,0,0,0,0,00365360155672861,0,00321939230589284,0,0,0,0,0,0,0,0,0,0,0,00365360155672861,0,00321939230589284,0,0,0,0,0,0,0,0,0,0,23,6596537060115,31,9196593578221,33,112894038794,44,6763615743783,0,0,0,0,0,0,0,0,0,0,0,0,338,15,0,236559471704882,15,9185240730186,84,0754747774678,0,0,0,0,0,0,0,0,0,0,0,0,0,2,59776194016223E-09,4,54461278227685E-11,0,0,0,9,3082943173991E-10,0,0,0,0,0,50861,415838012,44551,0168985429,0,
70-80C*,0,0576944194476069,353,149994,88,3801545180125,693,227005711406,0,0361864371448514,327,848361221755,0,280899618252043,2,27685573752148,7,66082621277743E-10,0,5,16563308935495,158,126589862011,0,0,37,7875771810215,130,470381486322,163,126589862011,57,4125066164332,66,1695978164332,27,9930742772991,43,8924868486255,0,0,0158834754295674,0,0,71,7260261044489,53,830657413853,153,126589862011,1,38665444801836,24,1601474492269,58,7675261815197,67,5246173815197,46,8134872192629,0,000315319397866865,0,0,22,7403242732689,0,3,16289180235474E-06,106,04015615223,0,396749658068899,0,361933921666435,0,327650109980873,1,65961365574577,0,0,0,0,0,0,0,0,2,08097296938868,2,33633324745056,1,10883843381235,1,24669617556248,0,0,0,0,0,0,0,0,0,0,0,0,0,0,3,18981140320103,3,58302942301304,0,0,0,0,0,0,0,0,1,05824770741275,1,2137497886277,0,0,0,0,0,0,0,0,0,0,0,0,0,0,0,0,0,0,0,0,0,0,8,70066487450035,7,49592994454228,0,0,0,0,0,0,0,0,0,0,80,1140578939322,80,9633669508165,6,93721812095369,6,74392389300044,0,0,0,0,0,0,0,0,87,0512760148859,87,707290843817,0,0,0,0,0,0,0,0,0,0,40,4207287114955,53,5768795245708,13,4099287023575,18,1491465798781,0,0,0,0,0,0,0,0,0,0,0,0,348,15,0,250554445871076,15,5920801067352,84,4004319368922,0,0,0,0,0,0,0,0,0,0,0,0,0,3,49354191952852E-09,6,11172063823439E-11,0,0,0,1,25180509785712E-09,0,0,0,0,0,50592,0821133209,44220,9471510699,0,
80-90C*,0,0436719532677746,363,149994,92,6465477444578,711,777436013691,0,0418631617563151,325,781683861247,1,38900404498013,6,16637982581211,9,62514062631011E-10,0,5,26642519691015,162,882235688825,0,0,35,1678438872913,138,396305119438,167,882235688825,55,192946870629,63,950038070629,36,0939478470511,43,6900463400422,0,0,0240515468384405,0,0,62,5170481079688,50,1435738341457,157,882235688825,1,39613224788896,16,5411887773504,56,5403561336179,65,2974473336179,42,4118713057129,0,000373374413085542,0,0,15,6673092791443,0,3,97388970039441E-06,96,8801457513057,0,435749534746665,0,39392158779002,0,357164423779758,1,87327427268589,0,0,0,0,0,0,0,0,0,052677927154396,0,0588494039057995,2,60185254329172,2,91085167930792,0,0,0,0,4,76315366887267,5,16048817867439,12,9326571556493,14,3508392941675,0,0026445965134398,0,00289777531522675,2,92410218525844E-12,3,15392011916807E-12,0,0,20,3529858914844,22,483926331374,0,0,0,0,0,0,0,0,0,0,0,0,0,0,0,0,0,0,0,0,0,0,0,0,0,0,0,0,0,0,0,0,5,24793831576992,4,49890518149165,0,0,0,0,0,0,0,0,0,0,0,0,40,4908854370406,39,1678402650145,0,0,0,0,0,0,0,0,40,4908854370406,39,1678402650145,33,9081903557051,33,8493282221198,0,0,0,0,0,0,0,0,50,1435738341457,62,5170481079688,0,0,0,0,0,0,0,0,0,0,0,0,0,0,358,15,0,269460886872781,15,2419035994002,84,7495556494906,0,0,0,0,0,0,0,0,0,0,0,0,0,4,38932189889481E-09,7,67882849419192E-11,0,0,0,1,57278076397433E-09,0,0,0,0,0,50339,8245455747,43890,877403597,0,
90-100C*,0,0440137243107746,373,149994,97,1558620733142,729,801756365763,0,047558383171783,323,715006500738,8,03937319325274,9,74522327246535,1,15894550398428E-09,0,5,41889922795575,167,682254605474,0,0,32,6622766742329,146,302825635918,172,682254605474,53,1532705754427,61,9103617754427,39,9120728568579,43,5495341214737,0,0,0322196182473135,0,0,52,0485539498893,46,7052426060609,162,682254605474,1,4056430793572,10,4864294246431,54,5172357864553,63,2743269864553,38,3638958607735,0,000431429428304219,0,0,10,7156648150324,0,4,78488759843409E-06,88,1003621866583,0,482461793658325,0,432179713768787,0,393273275160803,2,07821020067927,0,0,0,0,0,0,0,0,0,0,0,0,0,0,0,0,2,34125877116447,2,31184419983557,15,1935172214854,15,3659993203885,24,0689329258497,24,036712827317,1,5415215289884,1,51537699317557,0,0,43,145230447488,43,2299333407167,0,0,0,0,0,0,0,0,0,0,54,2617172258918,54,4561534746099,0,0,0,0,0,0,0,0,0,0,0,0,0,0,0,0,0,0,0,0,0,0,0,0,0,0,0,0,0,0,0,0,0,0,0,0,0,0,0,0,0,0,0,0,0,0,2,5930523266202,2,31391318467343,0,0,0,0,0,0,0,0,20,6875228459195,23,0335310901346,26,0177197601414,29,0150228597547,0,0,0,0,0,0,0,0,0,0,0,0,368,15,0,294890821115891,14,8679945510137,85,1228459152629,0,0,0,0,0,0,0,0,0,0,0,0,0,5,28510187826109E-09,9,24593635014946E-11,0,0,0,1,89375643009154E-09,0,0,0,0,0,50107,0048686452,43560,807656124,0,
100-110C*,0,0436435450956405,383,149994,101,834766166395,746,991168700737,0,0532628097598301,321,648329140229,10,2860319705627,13,0351937630538,1,35537694533755E-09,0,5,61411124413577,172,525048610649,0,0,30,4538852957988,154,191709678342,177,525048610649,51,2996536922118,60,0567448922118,49,3934243992269,43,4492709391705,0,0,0403876896561866,0,0,40,3205436302104,43,5155352977757,167,525048610649,1,41499355402978,7,7613199891904,52,6981651400319,61,4552563400319,34,7025545789853,0,000489484443522896,0,0,7,27405367643317,0,5,59588549647376E-06,79,8656068673692,0,538540694520664,0,478025171884697,0,437500399487779,2,27883714058465,0,0,0,0,0,0,0,0,0,0,0,0,0,0,0,0,0,0,0,0,0,0,0,0,0,0,0,0,0,0,0,0,0,0,0,0,0,0,0,0512207941998736,0,0577914006799688,0,0,0,0,0,0,0,0,0,0,0,0,0,0,0,0,0,0,0,0,0,0,3,1692278488956,2,82272733866261,0,0,0,0,0,0,0,0,0,0,0,0,0,0,0,0,0,0,0,0,0,0,96,7795513569045,97,1194812606574,0,0,0,0,0,0,0,0,43,4643145035758,40,2627522295304,0,0512207941998736,0,0577914006799688,0,0,0,0,0,0,0,0,0,0,0,0,378,15,0,328990903220185,14,4703529615755,85,520302734209,0,0,0,0,0,0,0,0,0,0,0,0,0,6,18088185762738E-09,1,0813044206107E-10,0,0,0,2,21473209620875E-09,0,0,0,0,0,49895,4365849143,43230,737908651,0,
110-120C*,0,0426386320480551,393,149994,106,683268930598,763,036874951729,0,0589671498890319,319,58165177972,12,7946672902621,16,049469658529,2,50455875645447E-09,0,5,84016199214174,177,409019703044,0,0,28,6760036078771,162,064431731797,182,409019703044,49,638272182274,58,395363382274,59,8723155608058,43,3687288373555,0,0,0485557610650596,0,0,27,3330171489321,40,5818015041155,172,409019703044,1,42396723605429,7,46267218122,51,0831441943477,59,8402353943477,31,4538170252963,0,000547539458741573,0,0,4,89968911879822,0,1,0340462163328E-05,72,3253723323241,0,606065782967089,0,533102777201331,0,491776393591817,2,47957079326079,0,0,0,0,0,0,0,0,0,0,0,0,0,0,0,0,0,0,0,0,0,0,0,0,0,0,0,0,33,5836693953271,36,7263213917549,0,0,0,0,0,0,0,0,0,0,0,0,0,0,0,0,0,0,0,0,0,0,0,0,0,0,0,0,0,0,0,0,22,1018724829426,19,6358719401063,0,0,0,0,0,0,0,0,0,0,0,0,0,0,0,0,0,0,0,0,0,0,0,0,44,3144581217304,43,6378066681388,0,0,0,0,0,0,40,5818015041155,27,3330171489321,0,0,0,0,0,0,0,0,0,0,0,0,0,0,388,15,0,374651318632448,14,0489788310857,85,9419261063291,0,0,0,0,0,0,0,0,0,0,0,0,0,1,14214586815744E-08,1,99810869171823E-10,0,0,0,4,09253431957925E-09,0,0,0,0,0,49758,1128813653,42900,668161178,0,
120-130C*,0,0405382330100528,403,149994,112,068444911488,769,614401645406,0,0646621119279635,317,803558457408,13,4348152977223,18,8072857864366,9,79760271742062E-08,0,5,91336720170529,182,332569881352,0,0,30,9012789303523,169,922240910733,187,332569881352,48,3356155150962,57,0927067150962,59,7619807984039,43,2441781814822,0,0,186996446142309,0,0,26,8032039038738,37,9485360320812,177,332569881352,1,42787102265653,7,16982937046474,49,6721729494027,58,4292641494028,30,2743039898502,0,00107564647314767,0,0,3,27410946973025,0,0,000404509336942956,69,5334324919328,0,661478167895755,0,578736771183481,0,532787203422656,2,68482685956642,0,0,0,0,0,0,0,0,0,0,0,0,0,0,0,0,0,0,0,0,0,0,0,0,0,0,0,0,8,71119380411168E-05,9,02190883859113E-05,0,0,0,0,0,0,0,0,0,0,68,6551337861277,70,8957323392135,0,0,0,0,0,0,0,0,0,0,0,0,0,0,0,0,0,0,0,0,0,0,0,0,0,0,0,0,0,0,0,0,0,0,0,0,0,0,0,0,0,0,0,0,0,0,31,3447791019342,29,1041774416981,0,0,0,0,0,0,0,0,37,9485360320812,26,8032039038738,0,0,0,0,0,0,0,0,0,0,0,0,398,15,0,401875417848512,13,9738405824419,86,0164569839247,0,0,0,0,0,0,0,0,0,0,0,0,0,4,46796923119158E-07,7,81641680285178E-09,0,0,0,1,60096165711079E-07,0,0,0,0,0,49674,8473425901,42876,7810997254,0,
130-140C*,0,0380707352309259,413,149994,117,651769341205,774,316243817489,0,0703384042452001,319,585640844253,12,6759381026558,21,4593262794984,1,93447495591958E-07,0,5,95433046803274,187,294101144266,0,0,33,6753368627786,177,766208843528,192,294101144266,47,2398337899637,55,9969249899637,57,2837712765241,42,5730235427583,0,0,353418908211434,0,0,30,0402906208201,35,9676501777434,182,294101144266,1,43072000189707,6,88285174241857,48,465251405197,57,222342605197,29,4989381008714,0,00170471784103892,0,0,2,16992315290012,0,0,000798678211722584,67,6823563151,0,719119386027756,0,626366551686587,0,574106494981507,2,89902104036031,0,0,0,0,0,0,0,0,0,0,0,0,0,0,0,0,0,0,0,0,0,0,0,0,0,0,0,0,0,0,6,20733702246149E-16,6,88373481295916E-16,0,0,0,0,0,0,0,0,0,0,0,0,0,0,0,0,0,0,0,0,0,0,0,0,0,0,0,0,0,0,0,0,9,08565233349955,8,41641797572797,4,22488350812575E-18,3,84161545969269E-18,9,43526489488729,8,76710960205643,9,44005571885205,8,71304582045667,0,0,0,0,27,9609729472389,25,8965733982411,0,0,0,0,0,0,0,0,0,0,72,0390270527611,74,1034266017589,0,0,0,0,0,0,35,9676501777434,30,0402906208201,0,0,0,0,0,0,0,0,0,0,0,0,0,0,408,15,0,426075619734227,13,9760711980261,86,0133801487802,0,0,0,0,0,0,0,0,0,0,0,0,0,8,82172387556741E-07,1,54330227365317E-08,0,0,0,3,16099797102578E-07,0,0,0,0,0,49612,078635349,42946,6007463181,0,
140-150C*,0,0354487606837307,423,149994,123,437581509141,779,018085989571,0,0759867352093171,321,366662662544,12,5126235565696,23,8423676152883,2,8891896400971E-07,0,5,99892940154198,192,292015490477,0,0,36,1996772320921,185,597264899287,197,292015490477,46,3134133164448,55,0705045164448,54,8414363375626,41,9235294597097,0,0,519841370280559,0,0,32,6459401058678,34,234102925002,187,292015490477,1,43353950100487,6,60179708102485,47,4623795617304,56,2194707617304,28,735198731201,0,00233378920893016,0,0,1,42597351899186,0,0,00119284708650221,65,8468118625191,0,785044357995608,0,680824648939674,0,621324547795338,3,12656903650119,0,0,0,0,0,0,0,0,0,0,0,0,0,0,0,0,0,0,0,0,0,0,0,0,0,0,0,0,0,0,80,2867549551871,82,8531918290715,0,0,0,0,0,0,0,0,0,0,2,38489824579759,2,47437830723249,0,0,0,0,0,0,0,0,0,0,0,0,0,0,0,0,0,0,0,0,0,626702182445579,0,54023027813721,16,6931349019872,14,1248416592062,0,00847175833697125,0,0073252496513118,2,41009082787627E-13,2,07002401297365E-13,0,0,0,0,17,32830884277,14,6723971869949,3,79562453400117E-05,3,26767011133755E-05,0,0,0,0,0,0,0,0,0,0,0,0,0,0,0,0,31,8492046792044,30,1715617986353,2,38489824579759,2,47437830723249,0,0,0,0,0,0,0,0,0,0,0,0,418,15,0,453753153416681,13,9783018136104,86,0103033136358,0,0,0,0,0,0,0,0,0,0,0,0,0,1,31754785199432E-06,2,30496286702117E-08,0,0,0,4,72103428494077E-07,0,0,0,0,0,49546,7675351923,42997,4878871971,0,
150-160C*,0,032996685994093,433,149994,128,518620315353,783,719928161654,0,0815978131888896,323,14686518773,12,4626902423769,25,9538463452152,3,84390432427461E-07,0,6,04702926024629,197,32471491868,0,0,38,500453983765,193,416222679111,202,32471491868,45,3234823735708,54,0805735735708,52,4349759815194,41,3176062446156,0,0,686263832349684,0,0,35,1023337761037,32,7285474101692,192,32471491868,1,4363292000408,6,32672059679081,46,3829890804866,55,1400802804866,27,9828766247381,0,00296286057682141,0,0,0,928922263560238,0,0,00158701596128184,64,0268453682057,0,860719801409479,0,743305973309461,0,675470309221863,3,37188654884781,0,0,0,0,0,0,0,0,0,0,0,0,0,0,0,0,0,0,0,0,0,0,0,0,0,0,0,0,0,0,0,0,0,0,0,0,0,0,0,0,0,0,16,3304582433251,18,0553107163519,0,0,0,0,0,0,0,0,0,0,0,0,0,0,0,0,0,0,0,0,0,0,0,0,0,0,0,0,0,0,0,0,0,0,19,5104308640003,17,8991402371503,0,0,0,0,0,0,0,0,0,0,64,1591108926746,64,0455490464978,0,0,0,0,16,3980891668441,17,0470230597518,16,3304582433251,18,0553107163519,0,0,0,0,0,0,0,0,0,0,0,0,428,15,0,485517148245571,13,9805324291947,86,0072264784913,0,0,0,0,0,0,0,0,0,0,0,0,0,1,75292331643191E-06,3,06662346038917E-08,0,0,0,6,28107059885576E-07,0,0,0,0,0,49479,0525393567,43043,8998618616,0,
160-170C*,0,0296686708657633,443,149994,134,718210948611,788,421770333737,0,087162346552493,324,926248419812,12,5261381600777,27,7951104179923,4,79861900845213E-07,0,6,09850703542218,202,390601427567,0,0,40,6003503325818,201,223800320691,207,390601427567,44,1430200226315,52,9001112226315,50,0643902083944,40,7757264142021,0,0,852686294418809,0,0,37,4094716315279,31,4291631678055,197,390601427567,1,43908874571696,6,05767474965885,45,0740426859112,53,8311338859112,27,2417675170712,0,00359193194471266,0,0,0,599691777132532,0,0,00198118483606147,62,2224939253439,0,947938757731234,0,815267898993817,0,737798051801899,3,63938927825892,0,0,0,0,0,0,0,0,0,0,0,0,0,0,0,0,0,0,0,0,0,0,0,0,0,0,0,0,0,0,0,0,9,67699669282188E-05,0,00010493014109489,0,0,0,0,0,0,0,0,0,0,1,61371130145634E-05,1,75689010911191E-05,0,0,0,0,0,0,0,0,0,0,0,0,0,0,0,0,0,0,0,0,0,0,0,0,0,0,0,0,0,0,0,0,0,0,0,0,0,0,0,0,0,0,0,0,99,9998870929201,99,9998775009578,0,0,0,0,31,4291470306925,37,4094540626268,1,61371130145634E-05,1,75689010911191E-05,0,0,0,0,0,0,0,0,0,0,0,0,438,15,0,522109168741994,13,982763044779,86,0041496433469,0,0,0,0,0,0,0,0,0,0,0,0,0,2,18829878086949E-06,3,82828405375716E-08,0,0,0,7,84110691277076E-07,0,0,0,0,0,49409,0658479362,43085,8366703117,0,
170-180C*,0,0224592652675198,453,149994,141,254386748497,800,54892731872,0,0926710436687024,326,70481235879,12,7029673096719,29,2466785951022,5,75333369262965E-07,0,6,33045102218823,207,488077015831,0,0,39,3112795940757,209,020636321929,212,488077015831,42,8140513754343,51,5711425754343,47,7296790181878,40,4289657518215,0,1,01910875648793,0,0,39,5673536721403,30,3243556530763,202,488077015831,1,44601218855877,5,79470906677275,43,7650962913358,52,5221874913358,25,0840644382106,0,0042210033126039,0,0,0,383559308039418,0,0,0023753537108411,56,9041628916766,1,04890936961013,0,89850113346741,0,80984827544512,3,93349292559326,0,0,0,0,0,0,0,0,0,0,0,0,0,0,0,0,0,0,0,0,0,0,0,0,0,0,0,0,0,0,0,0,85,5568662862923,85,6228589318276,0,0,0,0,0,0,0,0,0,0,12,8975252974733,12,9598608060193,0,0,0,0,0,0,0,0,0,0,0,0,0,0,0,0,0,0,0,0,0,0,0,0,0,0,0,0,0,0,0,0,0,0,3,50187907429118E-10,2,97891212228906E-10,0,0,0,0,0,0,0,0,0,0,1,54560841588425,1,41728026185517,0,0,17,426830355603,26,607492866121,12,8975252974733,12,9598608060193,0,0,0,0,0,0,0,0,0,0,0,0,448,15,0,56443887574849,13,9849936603633,86,0010728082024,0,0,0,0,0,0,0,0,0,0,0,0,0,2,62367424530707E-06,4,58994464712516E-08,0,0,0,9,40114322668575E-07,0,0,0,0,0,49218,9412719162,43123,2983125475,0,
180-190C*,0,0290471198968061,463,149994,148,137671199821,803,010196487314,0,098114612906093,328,482557004663,12,9931776911596,29,9276243205188,6,70804837680717E-07,0,6,33647073366655,212,615543682164,0,0,42,0330726383168,216,8073020545,217,615543682164,41,6784004845648,50,4354916845648,45,4308424108994,40,6983848241119,0,1,18553121855706,0,0,41,5759798979411,29,3739908553693,207,615543682164,1,44744421426535,5,53786995531543,42,4561498967604,51,2132410967604,24,804477289759,0,00485007468049515,0,0,0,242975333809528,0,0,00276952258562073,56,207946391256,1,16637219933246,0,995223323536111,0,893528278251877,4,3105216024964,0,0,0,0,0,0,0,0,0,0,0,0,0,0,0,0,0,0,0,0,0,0,0,0,0,0,0,0,0,0,0,0,0,0,0,0,0,0,0,0,0,0,0,0,0,0,0,0,0,0,0,0,0,0,0,0,0,0,0,0,0,0,0,0,0,0,0,0,0,0,0,0,0,0,0,0,0,0,0,0,23,1230724905021,21,815707889309,0,0,0,0,0,0,0,0,0,0,76,8769192470814,78,1842831590953,8,26241646873112E-06,8,95159574806709E-06,29,3739908553693,41,5759798979411,0,0,0,0,0,0,0,0,0,0,0,0,0,0,458,15,0,61363133451463,13,9872242759475,85,997995973058,0,0,0,0,0,0,0,0,0,0,0,0,0,3,05904970974466E-06,5,35160524049315E-08,0,0,0,1,09611795406007E-06,0,0,0,0,0,49178,7931194921,43156,2847885688,0,
190-200C*,0,0224270295301096,473,149994,155,373706718262,805,013973250789,0,10348376263324,330,259482357432,13,3967693045407,30,4076017842361,1,16315085238873E-06,0,6,36815308733489,217,77140342526,0,0,44,8050965012694,224,584311789416,222,77140342526,40,5518994417978,49,3089906417978,43,1678803865293,41,1089135571172,0,1,35195368062618,0,0,43,43535030893,28,4834846586467,212,77140342526,1,44858576746817,5,28720051063823,41,147203502185,49,904294702185,24,6138762138508,0,00547914604838639,0,0,0,152398580138068,0,0,00480225003640756,55,7323873438609,1,30375668775807,1,10820385766531,0,991219798079552,4,76604582282222,0,0,0,0,0,0,0,0,0,0,0,0,0,0,0,0,0,0,0,0,0,0,0,0,0,0,0,0,0,0,0,0,0,0,49,6602065459718,49,9408163276631,0,0,0,0,0,0,0,0,0,0,5,5178007273302,5,55840403895577,0,0,0,0,0,0,0,0,0,0,0,0,0,0,0,0,0,0,0,0,0,0,0,0,0,0,0,0,0,0,0,0,0,0,0,0,0,0,0,0,0,0,0,0,0,0,44,821992726698,44,5007796333811,22,9656839313165,37,8769462699742,5,5178007273302,5,55840403895577,0,0,0,0,0,0,0,0,0,0,0,0,468,15,0,671090470619957,13,9894548915318,85,9949191379135,0,0,0,0,0,0,0,0,0,0,0,0,0,5,30427939323027E-06,9,27948614480685E-08,0,0,0,1,9006281126291E-06,0,0,0,0,0,49145,7448972319,43184,7960983757,0,
200-210C*,0,0204806320286966,483,149994,162,90796819417,807,223259250487,0,108769201218719,332,032435601923,14,0112774436993,30,8243216382517,4,56591020655887E-06,0,6,39999385277156,222,961016747383,0,0,47,3543109323422,232,352130823308,227,961016747383,39,4212882143062,48,1783794143062,40,9407929450775,41,6145002687391,0,1,75888037389176,0,0,45,0479296112232,27,5611780930093,217,961016747383,1,44981402166677,5,04274031994815,39,8382571076096,48,5953483076096,24,3866438750293,0,00674483967306936,0,0,0,0946120787502722,0,0,0188510737112481,55,1644440652931,1,45918428284027,1,23516835064293,1,10054449956464,5,24306666142745,0,0,0,0,0,0,0,0,0,0,0,0,0,0,0,0,0,0,0,0,0,0,0,0,0,0,0,0,0,0,0,0,0,0,7,32141102100808E-14,8,47938548247593E-14,0,0,0,0,0,0,0,0,0,0,4,06745056722671E-15,4,71877053474895E-15,0,0,0,0,0,0,0,0,0,0,0,0,0,0,0,0,0,0,0,0,0,0,0,0,0,0,0,0,0,0,0,0,0,0,88,9425184734324,88,9217975709692,0,0,0,0,0,0,0,0,0,0,0,0,27,5611780930093,45,0479296112232,0,0,0,0,0,0,0,0,0,0,0,0,0,0,478,15,0,734576217570222,13,9767036665556,86,0064628217182,0,0,0,0,0,0,0,0,0,0,0,0,0,2,08217733497356E-05,3,64263159960572E-07,0,0,0,7,4608528038336E-06,0,0,0,0,0,49108,9404573407,43206,5042731575,0,
210-220C*,0,0188637721865964,493,149994,170,460812456821,811,859838671946,0,113961637031105,333,78699420712,15,2014686787293,31,277187486729,7,968669560729E-06,0,6,40110566203507,228,214617273277,0,0,48,7303539828904,240,111182134577,233,214617273277,38,2421311183795,46,9992223183795,38,749580086544,42,1985517774048,0,3,51757297023169,0,0,46,0489512347267,26,5242607358662,223,214617273277,1,45237966360343,4,80452526187136,38,5293107130342,47,2864019130342,23,7107739494107,0,0115887001166403,0,0,0,0581180077396885,0,0,0328998973860886,53,4688304804643,1,60280134131137,1,34742361550734,1,19441217378465,5,73813043571455,0,0,0,0,0,0,0,0,0,0,0,0,0,0,0,0,0,0,0,0,0,0,0,0,0,0,0,0,0,0,0,0,0,0,0,0,0,0,0,0,0,0,0,0,0,0,0,0,0,0,0,0,0,0,0,0,0,0,0,0,0,0,0,0,0,0,0,0,0,0,0,0,0,0,0,0,0,0,0,0,0,0,0,0,0,0,0,0,0,0,0,0,0,0,0,0,26,5242607358662,46,0489512347267,0,0,0,0,0,0,0,0,0,0,0,0,0,0,488,15,0,783407086004967,13,8829009360005,86,0967501737863,0,0,0,0,0,0,0,0,0,0,0,0,0,3,6339267306241E-05,6,35731458473075E-07,0,0,0,1,30210774950381E-05,0,0,0,0,0,49030,49544557,43213,2283766638,0,
220-230C*,0,017453086544248,503,149994,178,324069425419,816,442735884542,0,118910131452956,335,542271030169,16,355785330841,31,9456427675552,1,13714289148991E-05,0,6,46762792167131,233,488423468056,0,0,50,0162992413001,247,861851887258,238,488423468056,37,06404766663,45,82113886663,36,5942418109288,42,8403269146356,0,5,27626556657163,0,0,47,0499728582302,25,2140303178092,228,488423468056,1,45488197396697,4,57258730226755,37,2203643184588,45,9774555184588,23,0545433399054,0,0164325605602113,0,0,0,0353116644106493,0,0,0469487210609291,51,8133964362151,1,76917269011634,1,47582303294396,1,3012357969334,6,24778346308597,0,0,0,0,0,0,0,0,0,0,0,0,0,0,0,0,0,0,0,0,0,0,0,0,0,0,0,0,0,0,0,0,0,0,0,0,0,0,0,0,0,0,0,0,0,0,0,0,0,0,0,0,0,0,0,0,0,0,0,0,0,0,0,0,0,0,0,0,0,0,0,0,0,0,0,0,0,0,0,0,0,0,0,0,0,0,0,0,0,0,0,0,0,0,0,0,25,2140303178092,47,0499728582302,0,0,0,0,0,0,0,0,0,0,0,0,0,0,498,15,0,838152435862356,13,7945796057041,86,1810748040228,0,0,0,0,0,0,0,0,0,0,0,0,0,5,18567612627464E-05,9,07199756985578E-07,0,0,0,1,85813021862426E-05,0,0,0,0,0,48951,4326534383,43219,9524801701,0,
230-240C*,0,016230553313154,513,150024,186,510817017702,820,960715774418,0,122723765784983,337,300058510773,17,4742274000345,33,4428124729947,1,47741882690693E-05,0,6,53501821745721,238,776881279268,0,0,51,2258752618577,255,604494021443,243,776881279268,35,8872625613349,44,6443537613349,34,4747781182319,43,4954974317477,0,7,03495816291156,0,0,48,0509944817336,23,0616900952577,233,776881279268,1,45731396193244,4,34695428673063,35,9114179238834,44,6685091238834,22,4194925109138,0,0192110010839135,0,0,0,021213230353765,0,0,0609975447357696,50,2028630630917,1,96309834389099,1,62341627304197,1,42336080866967,6,76857206094418,0,0,0,0,0,0,0,0,0,0,0,0,0,0,0,0,0,0,0,0,0,0,0,0,0,0,0,0,0,0,0,0,0,0,0,0,0,0,0,0,0,0,0,0,0,0,0,0,0,0,0,0,0,0,0,0,0,0,0,0,0,0,0,0,0,0,0,0,0,0,0,0,0,0,0,0,0,0,0,0,0,0,0,0,0,0,0,0,0,0,0,0,0,0,0,0,23,0616900952577,48,0509944817336,0,0,0,0,0,0,0,0,0,0,0,0,0,0,508,15,0,899739997303713,13,7117396756664,86,2594367124275,0,0,0,0,0,0,0,0,0,0,0,0,0,6,73742552192517E-05,1,17866805549808E-06,0,0,0,2,41415268774471E-05,0,0,0,0,0,48872,0915307557,43226,6765836764,0,
240-250C*,0,0153684434755972,523,150024,195,033197817311,825,402543227713,0,126661673193175,339,062149088634,17,115445849848,35,0621331365586,1,81769476232394E-05,0,6,60278138099894,244,074436654461,0,0,52,3716738800538,263,339434112066,249,074436654461,34,7120005047714,43,4690917047714,32,3911890084532,44,1906566353363,0,8,7936507592515,0,0,50,4933651416987,20,7472102281051,239,074436654461,1,459668644671,4,12764973027805,34,602471529308,43,359562729308,21,8070926152613,0,0240852833771072,0,0,0,0125952540633132,0,0,07504636841061,48,6418290806832,2,19066409937683,1,79398144099383,1,56367057151932,7,29704254669163,0,0,0,0,0,0,0,0,0,0,0,0,0,0,0,0,0,0,0,0,0,0,0,0,0,0,0,0,0,0,0,0,0,0,0,0,0,0,0,0,0,0,0,0,0,0,0,0,0,0,0,0,0,0,0,0,0,0,0,0,0,0,0,0,0,0,0,0,0,0,0,0,0,0,0,0,0,0,0,0,0,0,0,0,0,0,0,0,0,0,0,0,0,0,0,0,20,7472102281051,50,4933651416987,0,0,0,0,0,0,0,0,0,0,0,0,0,0,518,15,0,969282017192276,13,6343811458875,86,3318358990005,0,0,0,0,0,0,0,0,0,0,0,0,0,8,28917491757571E-05,1,45013635401058E-06,0,0,0,2,97017515686516E-05,0,0,0,0,0,48792,813555553,43233,4006871827,0,
250-260C*,0,0159217496347,533,150024,203,901976545131,829,756983130572,0,130827103432779,340,830335203454,18,1993248545899,36,7270778216026,2,15797069774095E-05,0,6,67040057994403,249,375535541185,0,0,53,4652852354581,271,066972636129,254,375535541185,33,5384861992166,42,2955773992167,30,3434744815929,44,9178250829589,0,10,5523433555914,0,0,51,4572006638173,18,3550970954386,244,375535541185,1,46193907216102,3,9146926048027,33,2935251347326,42,0506163347326,21,2187515944652,0,0291809229347521,0,0,0,00738824050957575,0,0,0890951920854505,47,1347751877787,2,45966126220989,1,99223637912711,1,72573661979134,7,82974123773077,0,0,0,0,0,0,0,0,0,0,0,0,0,0,0,0,0,0,0,0,0,0,0,0,0,0,0,0,0,0,0,0,0,0,0,0,0,0,0,0,0,0,0,0,0,0,0,0,0,0,0,0,0,0,0,0,0,0,0,0,0,0,0,0,0,0,0,0,0,0,0,0,0,0,0,0,0,0,0,0,0,0,0,0,0,0,0,0,0,0,0,0,0,0,0,0,18,3550970954386,51,4572006638173,0,0,0,0,0,0,0,0,0,0,0,0,0,0,528,15,1,04812033099621,13,5625040163672,86,3982723637419,0,0,0,0,0,0,0,0,0,0,0,0,0,9,84092431322625E-05,1,72160465252309E-06,0,0,0,3,52619762598561E-05,0,0,0,0,0,48713,9407081806,43240,124790689,0,
260-270C*,0,0148963866751122,543,150024,213,125769672572,834,012800369134,0,135323306259042,342,606409294938,19,3965850912252,38,3630549547756,2,49824663315797E-05,0,6,73733908673398,254,674623886987,0,0,54,5174164741482,263,192434519954,259,674623886987,32,3669443469478,41,1240355469478,28,3316345376508,45,6686927600484,0,12,3110359519314,0,0,52,271780371124,15,968252285176,249,674623886987,1,46411835342682,3,70809712493895,31,9845787401572,40,7416699401572,20,6558203843252,0,0344343731261067,0,0,0,00427979722025108,0,0,103144015760291,45,6860692126396,2,78016858627348,2,22412223815322,1,91401849857403,8,32040501921884,0,0,0,0,0,0,0,0,0,0,0,0,0,0,0,0,0,0,0,0,0,0,0,0,0,0,0,0,0,0,0,0,0,0,0,0,0,0,0,0,0,0,0,0,0,0,0,0,0,0,0,0,0,0,0,0,0,0,0,0,0,0,0,0,0,0,0,0,0,0,0,0,0,0,0,0,0,0,0,0,0,0,0,0,0,0,0,0,0,0,0,0,0,0,0,0,15,968252285176,52,271780371124,0,0,0,0,0,0,0,0,0,0,0,0,0,0,538,15,1,13788455171419,13,4961082871057,86,4587461066515,0,0,0,0,0,0,0,0,0,0,0,0,0,0,000113926737088768,1,99307295103559E-06,0,0,0,4,08222009510606E-05,0,0,0,0,0,48635,8141366861,43246,8488941954,0,
270-280C*,0,0138804575062566,553,150024,222,710562463839,838,158759829543,0,140253531427211,344,392163802786,20,7072265597539,39,8527895441577,3,69917170996418E-05,0,6,8030427238787,259,966147639417,0,0,55,5379967812298,268,758267940528,264,966147639417,31,1975996502421,39,9546908502421,26,355669176627,46,4303992995419,0,14,0697285482713,0,0,52,9371042636191,13,7168111563004,254,966147639417,1,46619968409668,3,50787253307769,30,6756323455818,39,4327235455819,20,1195992064611,0,0397820873204294,0,0,0,00244713928527653,0,0,152726084001668,44,2999719810637,3,16536920270741,2,49718788396308,2,13413213888564,8,7876467650974,0,0,0,0,0,0,0,0,0,0,0,0,0,0,0,0,0,0,0,0,0,0,0,0,0,0,0,0,0,0,0,0,0,0,0,0,0,0,0,0,0,0,0,0,0,0,0,0,0,0,0,0,0,0,0,0,0,0,0,0,0,0,0,0,0,0,0,0,0,0,0,0,0,0,0,0,0,0,0,0,0,0,0,0,0,0,0,0,0,0,0,0,0,0,0,0,13,7168111563004,52,9371042636191,0,0,0,0,0,0,0,0,0,0,0,0,0,0,548,15,1,24056782098669,13,4351939581029,86,5132571277294,0,0,0,0,0,0,0,0,0,0,0,0,0,0,000168692136818602,2,95115741516922E-06,0,0,0,6,04457257711784E-05,0,0,0,0,0,48558,7730063054,43251,7711625286,0,
280-290C*,0,0128815352815533,563,150024,232,658693457445,842,183626397939,0,145721028692532,346,189391166703,22,1312492601761,40,8417433355227,7,78140043402994E-05,0,6,86694300458191,265,244552746022,0,0,56,536270925235,274,085383003437,270,244552746022,30,0306768113766,38,7877680113766,24,4155783985216,47,1663115699369,0,15,8284211446112,0,0,53,4531723413024,11,9919450945405,260,244552746022,1,46817637515297,3,31402288435444,29,3666859510065,38,1237771510065,19,6113439321499,0,0451605188869789,0,0,0,00138052215698748,0,0,321267275357104,42,9806438592583,3,63271269462483,2,82111657210519,2,39321397280647,9,25187773238503,0,0,0,0,0,0,0,0,0,0,0,0,0,0,0,0,0,0,0,0,0,0,0,0,0,0,0,0,0,0,0,0,0,0,0,0,0,0,0,0,0,0,0,0,0,0,0,0,0,0,0,0,0,0,0,0,0,0,0,0,0,0,0,0,0,0,0,0,0,0,0,0,0,0,0,0,0,0,0,0,0,0,0,0,0,0,0,0,0,0,0,0,0,0,0,0,11,9919450945405,53,4531723413024,0,0,0,0,0,0,0,0,0,0,0,0,0,0,558,15,1,35862629365224,13,3797610293589,86,5618054269756,0,0,0,0,0,0,0,0,0,0,0,0,0,0,000354852699354803,6,20791339029538E-06,0,0,0,0,000127150733631572,0,0,0,0,0,48483,1535238181,43242,4100206512,0,
290-300C*,0,0119001653040291,573,150024,243,03350260099,845,844826910199,0,15392116805322,348,014623508872,22,952992970709,41,6938074517153,0,000118636291580957,0,6,92161609730848,270,47225500815,0,000927092966570378,0,57,6152221309127,279,174952311884,275,47225500815,28,8710272936338,37,6281184936338,23,554105871534,47,9087544109527,0,25,6234759910933,0,0,53,492901157757,10,397438137332,265,47225500815,1,46991094128761,3,1265468325299,28,0577395564311,36,8148307564311,19,171733651167,0,0500549332729494,0,0,0,000768003459251162,0,0,489808466712541,41,835170695972,4,18152307244852,3,19640629912566,2,6905605143678,9,71405601037775,0,0,0,0,0,0,0,0,0,0,0,0,0,0,0,0,0,0,0,0,0,0,0,0,0,0,0,0,0,0,0,0,0,0,0,0,0,0,0,0,0,0,0,0,0,0,0,0,0,0,0,0,0,0,0,0,0,0,0,0,0,0,0,0,0,0,0,0,0,0,0,0,0,0,0,0,0,0,0,0,0,0,0,0,0,0,0,0,0,0,0,0,0,0,0,0,10,397438137332,53,492901157757,0,0,0,0,0,0,0,0,0,0,0,0,0,0,568,15,1,49019021275392,13,340172632877,86,5924689092869,0,0,0294321812246274,0,0,0,0,0,0,0,0,0,0,0,0,000541013261891003,9,46466936542153E-06,0,0,0,0,000193855741491966,0,0,000927092966570378,0,0,0,48413,6973973718,43225,9276585598,0,
300-310C*,0,0109388702321064,583,150024,253,89833916979,848,92207536213,0,166281769496235,349,883045423903,22,4664177319527,42,4308473572708,0,000159458578821615,0,6,960021327037,275,614598479188,0,00359696912997594,0,58,8665490276433,284,028684686533,280,614598479188,27,7230568170976,36,4801480170976,24,6645296631327,48,6579777965877,0,50,5255779172655,0,0,52,8690526049146,8,9111748461415,270,614598479188,1,47128004769984,2,9454374177835,26,7487931618557,35,5058843618557,18,8363788449256,0,0539918443152251,0,0,0,000421107916783318,0,0,658349658067977,40,9586485972896,4,79888431323849,3,61956435165279,3,02177300883731,10,1751396883716,0,0,0,0,0,0,0,0,0,0,0,0,0,0,0,0,0,0,0,0,0,0,0,0,0,0,0,0,0,0,0,0,0,0,0,0,0,0,0,0,0,0,0,0,0,0,0,0,0,0,0,0,0,0,0,0,0,0,0,0,0,0,0,0,0,0,0,0,0,0,0,0,0,0,0,0,0,0,0,0,0,0,0,0,0,0,0,0,0,0,0,0,0,0,0,0,8,9111748461415,52,8690526049146,0,0,0,0,0,0,0,0,0,0,0,0,0,0,578,15,1,63098587473568,13,3218542442945,86,5990059252753,0,0,0431600663646771,0,0,0,0,0,0,0,0,0,0,0,0,000727173824427204,1,27214253405477E-05,0,0,0,0,00026056074935236,0,0,00359696912997594,0,0,0,48354,8518844685,43214,5402562425,0,
310-320C*,0,0100166065074379,593,150024,265,120061161042,851,865959439214,0,172785029544016,351,766946669746,21,9798424931964,43,0742799460215,0,000200280866062272,0,6,99518645523455,280,730140067756,0,00626684529338149,0,60,109042658742,288,648787925511,285,730140067756,26,5777536280583,35,3348448280584,25,7749534547315,49,4143417741797,0,75,4276798434376,0,0,52,2452040520721,7,51137827979877,275,730140067756,1,47253997881661,2,77068185754764,25,4398467672803,34,1969379672803,18,5272342423554,0,0578107949639394,7,18808354240757E-13,0,0,000227456403777024,0,0,826890849423414,40,1485603850679,5,54946183079605,4,12619574315382,3,41386109718345,10,6360868556625,0,0,0,0,0,0,0,0,0,0,0,0,0,0,0,0,0,0,0,0,0,0,0,0,0,0,0,0,0,0,0,0,0,0,0,0,0,0,0,0,0,0,0,0,0,0,0,0,0,0,0,0,0,0,0,0,0,0,0,0,0,0,0,0,0,0,0,0,0,0,0,0,0,0,0,0,0,0,0,0,0,0,0,0,0,0,0,0,0,0,0,0,0,0,0,0,7,51137827979877,52,2452040520721,0,0,0,0,0,0,0,0,0,0,0,0,0,0,588,15,1,79179031544134,13,303535855712,86,6058862063828,0,0,0497634899081485,0,0,0,0,0,0,0,0,0,0,0,0,000913334386963404,1,59781813156738E-05,0,0,0,0,000327265757212753,0,0,00626684529338149,0,0,0,48412,213945212,43204,017566745,0,
320-330C*,0,00913872913840284,603,150024,276,66065562599,854,705278200806,0,184025051451908,353,665563813611,21,4932672544401,43,6363317954841,0,00024110315330293,0,7,02784398440485,286,090295000885,0,00893672145678705,0,61,3341839206514,293,03793102389,291,090295000885,25,4345417453289,34,1916329453289,26,8853772463303,50,1964705842346,0,100,32978176961,0,0,51,6213554992296,6,16719762028133,280,818879773854,1,4737076683924,2,60226134162337,24,1309003727049,32,8879915727049,18,2389837413279,0,0615264749276083,1,94754058371213E-12,0,0,000120956611860094,0,0,99543204077885,39,3914325873248,6,47079316846246,4,73797558009315,3,88155191605274,11,0978556015466,0,0,0,0,0,0,0,0,0,0,0,0,0,0,0,0,0,0,0,0,0,0,0,0,0,0,0,0,0,0,0,0,0,0,0,0,0,0,0,0,0,0,0,0,0,0,0,0,0,0,0,0,0,0,0,0,0,0,0,0,0,0,0,0,0,0,0,0,0,0,0,0,0,0,0,0,0,0,0,0,0,0,0,0,0,0,0,0,0,0,0,0,0,0,0,0,6,16719762028133,51,6213554992296,0,0,0,0,0,0,0,0,0,0,0,0,0,0,598,15,1,97630400019558,13,2852174671295,86,6131097526094,0,0,0547899805885454,0,0,0,0,0,0,0,0,0,0,0,0,00109949494949961,1,92349372908E-05,0,0,0,0,000393970765073147,0,0,00893672145678705,0,0,0,48362,3751416661,43194,3595900674,0,
330-340C*,0,00830939522700593,613,150024,288,467289616155,857,468830706262,0,195943262816905,355,578133422707,21,0066920156839,44,0936045377929,0,000281925440543588,0,7,05875537550629,291,887415234804,0,0116065976201926,0,62,5333171683269,297,199206230202,296,887415234804,24,2928451877222,33,0499363877222,27,995801037929,51,1011893368921,0,125,231883695782,0,0,50,9975069463871,4,80520612531503,285,880817597482,1,47479987345653,2,44015083293647,22,8219539781295,31,5790451781295,17,9664639512581,0,0651535739147476,3,17627281318351E-12,0,6,32888462072036E-05,0,1,16397323213429,38,6740342294523,7,61348167828113,5,48358272103278,4,44401286522478,11,5614040153198,0,0,0,0,0,0,0,0,0,0,0,0,0,0,0,0,0,0,0,0,0,0,0,0,0,0,0,0,0,0,0,0,0,0,0,0,0,0,0,0,0,0,0,0,0,0,0,0,0,0,0,0,0,0,0,0,0,0,0,0,0,0,0,0,0,0,0,0,0,0,0,0,0,0,0,0,0,0,0,0,0,0,0,0,0,0,0,0,0,0,0,0,0,0,0,0,4,80520612531503,50,9975069463871,0,0,0,0,0,0,0,0,0,0,0,0,0,0,608,15,2,18908351227459,13,266899078547,86,6206765639551,0,0,0590912207781246,0,0,0,0,0,0,0,0,0,0,0,0,00128565551203581,2,24916932659262E-05,0,0,0,0,000460675772933541,0,0,0116065976201926,0,0,0,48313,901372993,43185,5663262097,0,
340-350C*,0,00798252497395426,623,150024,300,469905591058,860,185416014935,0,208440784521088,357,503892064244,20,5201167769276,44,5407618540359,0,000322747727784245,0,7,08870295760609,297,653840952001,0,0142764737835982,0,63,6976707273534,301,136091280973,302,653840952001,23,1520879740512,31,9091791740512,29,1062248295278,51,9786498425937,0,150,133985621954,0,0,50,3736583935446,3,48058830337044,290,91595353864,1,46661219675808,2,28431887541655,21,5130075835541,30,2700987835541,17,7046501038333,0,0687067816338732,4,40500504265488E-12,0,3,25624266988254E-05,0,1,33251442348972,37,9833639553231,9,04661573486276,6,40141075166201,5,1264563109237,12,0276901862781,0,0,0,0,0,0,0,0,0,0,0,0,0,0,0,0,0,0,0,0,0,0,0,0,0,0,0,0,0,0,0,0,0,0,0,0,0,0,0,0,0,0,0,0,0,0,0,0,0,0,0,0,0,0,0,0,0,0,0,0,0,0,0,0,0,0,0,0,0,0,0,0,0,0,0,0,0,0,0,0,0,0,0,0,0,0,0,0,0,0,0,0,0,0,0,0,3,48058830337044,50,3736583935446,0,0,0,0,0,0,0,0,0,0,0,0,0,0,618,15,2,43577947870171,13,2485806899645,86,6285866404198,0,0,0629641985176305,0,0,0,0,0,0,0,0,0,0,0,0,00147181607457201,2,57484492410523E-05,0,0,0,0,000527380780793935,0,0,0142764737835982,0,0,0,48266,300813341,43177,6377751719,0,
350-360C*,0,00741283013956518,633,150024,312,578170203817,862,88383318618,0,22141873744654,359,442076305431,20,0335415381713,45,0127624178727,0,000441418888670238,0,7,11848417139356,303,389572152475,0,0169463499470037,0,64,818382437139,304,852412117295,308,389572152475,22,0116941231287,30,7687853231287,30,2166486211265,52,79201331874,0,175,036087548126,0,0,49,7498098407022,2,19522426338728,295,924287597329,1,46793804136597,2,13472741060941,20,2040611889787,28,9611523889787,17,448645824869,0,072200787793501,5,63373727212626E-12,0,1,64630325732032E-05,0,1,82246685357643,37,3066407793649,10,8658051994661,7,54350554502487,5,96242209518615,12,4976722037176,0,0,0,0,0,0,0,0,0,0,0,0,0,0,0,0,0,0,0,0,0,0,0,0,0,0,0,0,0,0,0,0,0,0,0,0,0,0,0,0,0,0,0,0,0,0,0,0,0,0,0,0,0,0,0,0,0,0,0,0,0,0,0,0,0,0,0,0,0,0,0,0,0,0,0,0,0,0,0,0,0,0,0,0,0,0,0,0,0,0,0,0,0,0,0,0,2,19522426338728,49,7498098407022,0,0,0,0,0,0,0,0,0,0,0,0,0,0,628,15,2,72345171828108,13,1880066042827,86,6368399820037,0,0,0665492721235509,0,0,0,0,0,0,0,0,0,0,0,0,00201298834983241,3,52159004402514E-05,0,0,0,0,000721293499918064,0,0,0169463499470037,0,0,0,48219,0827895193,43170,5739369539,0,
360-370C*,0,00666349649829435,643,150024,324,678911115313,865,592881279352,0,234778242475341,361,391922713478,19,546966299415,45,5430116994286,0,000711208451338351,0,7,14890818142543,309,094608836228,0,0196162261104093,0,65,8865304004997,308,352306350853,314,094608836228,20,8710876537677,29,6281788537677,31,3270724127253,53,5028702447835,0,199,938189474298,0,0,49,1259612878597,0,954118055787916,300,905819773547,1,46933058362055,1,99133160476483,18,8951147944033,27,6522059944033,17,1936765085066,0,0756502821021469,6,86246950159763E-12,0,8,17339486242815E-06,0,2,9363352176709,36,631298490553,13,20528378408,8,9813673224445,6,99706674728261,12,9723081569342,0,0,0,0,0,0,0,0,0,0,0,0,0,0,0,0,0,0,0,0,0,0,0,0,0,0,0,0,0,0,0,0,0,0,0,0,0,0,0,0,0,0,0,0,0,0,0,0,0,0,0,0,0,0,0,0,0,0,0,0,0,0,0,0,0,0,0,0,0,0,0,0,0,0,0,0,0,0,0,0,0,0,0,0,0,0,0,0,0,0,0,0,0,0,0,0,0,954118055787916,49,1259612878597,0,0,0,0,0,0,0,0,0,0,0,0,0,0,638,15,3,06099033574827,13,1756360643875,86,6454365887067,0,0,0699248613264758,0,0,0,0,0,0,0,0,0,0,0,0,00324330100861626,5,67394070744156E-05,0,0,0,0,00116213883502474,0,0,0196162261104093,0,0,0,48171,7582467042,43164,3748115558,0,
370-380C*,0,00595522738054033,653,150024,336,633406420064,868,341359353806,0,248420420489573,363,352667855595,19,0603910606587,46,4712807751133,0,000980998014006466,0,7,18079486567808,314,768951003259,0,0222861022738148,0,66,8931690100679,311,640187710927,319,768951003259,19,7296925847811,28,4867837847811,32,4374962043241,53,5287192248867,0,224,840291400471,0,0,48,5021127350172,0,305,860550067296,1,47080331389359,1,854079688276,17,5861683998279,26,3432595998279,16,9350860627803,0,0790699542683268,8,09120173106901E-12,0,3,98175321496617E-06,0,4,05020358176538,35,9449837073867,16,2564343248321,10,8146318604359,8,29196935207838,13,4646903656691,0,0,0,0,0,0,0,0,0,0,0,0,0,0,0,0,0,0,0,0,0,0,0,0,0,0,0,0,0,0,0,0,0,0,0,0,0,0,0,0,0,0,0,0,0,0,0,0,0,0,0,0,0,0,0,0,0,0,0,0,0,0,0,0,0,0,0,0,0,0,0,0,0,0,0,0,0,0,0,0,0,0,0,0,0,0,0,0,0,0,0,0,0,0,0,0,0,48,5021127350172,0,0,0,0,0,0,0,0,0,0,0,0,0,0,648,15,3,45968356529266,13,1651772379191,86,6543764605287,0,0,073139719351514,0,0,0,0,0,0,0,0,0,0,0,0,00447361366740011,7,82629137085798E-05,0,0,0,0,00160298417013142,0,0,0222861022738148,0,0,0,48123,8402065845,43159,5977902496,0,
380-390C*,0,00529464464318146,663,150024,348,275108997006,871,158066468896,0,262246392371319,365,323548298991,18,5738158219025,48,6624924668042,0,00125078757667458,0,7,21497617872516,320,412598653567,0,0249559784372204,0,67,8293702259915,314,720711669178,325,412598653567,18,5869329349817,27,3440241349817,33,5479199959228,51,3375075331958,0,249,742393326643,0,0,47,8782641821747,0,310,788478478574,1,47237044231193,1,7229128094827,16,2772220052525,25,0343132052525,16,6683368125876,0,0824744940005565,9,31993396054038E-12,0,1,90189923734545E-06,0,5,16407194585986,35,2355575672584,20,296641952796,13,1842725433216,9,93225710487926,13,962598970436,0,0,0,0,0,0,0,0,0,0,0,0,0,0,0,0,0,0,0,0,0,0,0,0,0,0,0,0,0,0,0,0,0,0,0,0,0,0,0,0,0,0,0,0,0,0,0,0,0,0,0,0,0,0,0,0,0,0,0,0,0,0,0,0,0,0,0,0,0,0,0,0,0,0,0,0,0,0,0,0,0,0,0,0,0,0,0,0,0,0,0,0,0,0,0,0,0,47,8782641821747,0,0,0,0,0,0,0,0,0,0,0,0,0,0,658,15,3,93399093015215,13,1560839964766,86,6636595974698,0,0,0762264883271491,0,0,0,0,0,0,0,0,0,0,0,0,00570392632618396,9,9786420342744E-05,0,0,0,0,00204382950523809,0,0,0249559784372204,0,0,0,48074,8442550797,43157,3758022659,0,
390-400C*,0,00467610508303558,673,150024,360,174638263989,874,071801683978,0,276157279002659,367,303800610876,18,0872405831462,50,298529270954,0,00152057713934269,0,7,2522998866571,326,025551787153,0,027625854600626,0,68,6862699888103,317,598742405879,331,025551787153,17,4422327231825,26,1993239231825,34,6583437875216,49,701470729046,0,274,644495252815,0,0,47,2544156293322,0,315,689605007383,1,47404695971279,1,59776490498592,14,9682756106771,23,7253668106771,16,3890123535523,0,085878591007352,4,24748744926776E-10,0,8,89990331363295E-07,0,6,27794030995433,34,4911010222201,25,735070096647,16,293028160543,12,0373359845778,14,465251890737,0,0,0,0,0,0,0,0,0,0,0,0,0,0,0,0,0,0,0,0,0,0,0,0,0,0,0,0,0,0,0,0,0,0,0,0,0,0,0,0,0,0,0,0,0,0,0,0,0,0,0,0,0,0,0,0,0,0,0,0,0,0,0,0,0,0,0,0,0,0,0,0,0,0,0,0,0,0,0,0,0,0,0,0,0,0,0,0,0,0,0,0,0,0,0,0,0,47,2544156293322,0,0,0,0,0,0,0,0,0,0,0,0,0,0,668,15,4,50260670124719,13,1478102116594,86,67328599953,0,0,0792082453090886,0,0,0,0,0,0,0,0,0,0,0,0,00693423898496781,0,000121309926976908,0,0,0,0,00248467484034477,0,0,027625854600626,0,0,0,48024,2890917902,43155,1538142822,0,
400-410C*,0,00406947638217747,683,150024,375,596016758715,877,411564378894,0,288958594114049,369,292217150312,18,1939533661925,51,6742097492297,0,00179036670201081,0,7,30291244108328,331,007009668465,0,0541219435105699,0,69,3373838206183,320,279321249956,336,007009668465,16,2890119617866,25,0461031617866,35,3995163627224,48,3257902507703,0,0902441373293073,311,090111520751,0,0,46,406530271085,0,320,039321599197,1,47600615634557,1,4785625887555,13,6593292161017,22,4164204161017,16,0452046413008,0,089387171192469,1,02194881346814E-09,0,4,07653247615336E-07,0,084964599439965,7,3918086740488,33,5725554090694,32,909864449874,20,283306534376,14,6797458223932,14,9726491265721,0,0,0,0,0,0,0,0,0,0,0,0,0,0,0,0,0,0,0,0,0,0,0,0,0,0,0,0,0,0,0,0,0,0,0,0,0,0,0,0,0,0,0,0,0,0,0,0,0,0,0,0,0,0,0,0,0,0,0,0,0,0,0,0,0,0,0,0,0,0,0,0,0,0,0,0,0,0,0,0,0,0,0,0,0,0,0,0,0,0,0,0,0,0,0,0,0,46,406530271085,0,0,0,0,0,0,0,0,0,0,0,0,0,0,678,15,5,169629290596,13,1382477893697,86,6833087016481,0,0,1054751825104,0,0,0,0,0,0,0,0,0,0,0,0,00816455164375166,0,000142833433611072,0,0,0,0,00292552017545145,0,0,0541219435105699,0,0,0,47966,6259544594,43150,6055631671,0,
410-420C*,0,00355371780620564,693,150024,389,001286814232,883,521216820278,0,292930410780632,371,284898514778,23,1822889091547,53,9669026608796,0,00206015626467892,0,7,4413721370169,331,151553690587,0,271896385086835,0,68,8791223353298,322,767636695935,336,151553690587,15,0803934054613,23,8374846054613,33,176316666762,46,0330973391204,0,904973953930115,440,20779576531,0,0,43,6413944240832,0,320,165534757324,1,47951601599448,1,36522506244176,12,3503828215263,21,1074740215263,15,2709034050448,0,093685855467616,1,6191488820095E-09,0,1,82602213192908E-07,0,852030411889181,8,50567703814328,31,4948632413954,39,8546692405236,24,0277055647607,17,1408861604034,15,4847906779413,0,0,0,0,0,0,0,0,0,0,0,0,0,0,0,0,0,0,0,0,0,0,0,0,0,0,0,0,0,0,0,0,0,0,0,0,0,0,0,0,0,0,0,0,0,0,0,0,0,0,0,0,0,0,0,0,0,0,0,0,0,0,0,0,0,0,0,0,0,0,0,0,0,0,0,0,0,0,0,0,0,0,0,0,0,0,0,0,0,0,0,0,0,0,0,0,0,43,6413944240832,0,0,0,0,0,0,0,0,0,0,0,0,0,0,688,15,5,78360564229341,13,115823614911,86,6941021138033,0,0,274572327068491,0,0,0,0,0,0,0,0,0,0,0,0,00939486430253551,0,000164356940245237,0,0,0,0,00336636551055812,0,0,271896385086835,0,0,0,47862,4336757151,43148,7229671463,0,
420-430C*,0,00309405713379151,703,150024,401,733055900675,889,995477274246,0,296902227447216,373,284752668473,30,385042557814,56,4980792426147,0,00215139741140415,0,7,5959438642137,331,29609771271,0,4896708266631,0,68,2716230438975,325,06899607396,336,29609771271,13,8644826888844,22,6215738888844,28,9279530504267,43,5019207573853,1,71970377053092,569,325480009868,0,0,40,6870043917592,0,320,291747915451,1,48335860554403,1,25766404942512,11,0414364269509,19,7985276269509,14,4536019351386,0,09808109281407,2,21634895055086E-09,0,7,99114963384254E-08,1,6190962243384,8,88238036882756,29,2882594902779,48,7063308103198,28,6856958554264,20,1530697573523,16,0016765448446,0,0,0,0,0,0,0,0,0,0,0,0,0,0,0,0,0,0,0,0,0,0,0,0,0,0,0,0,0,0,0,0,0,0,0,0,0,0,0,0,0,0,0,0,0,0,0,0,0,0,0,0,0,0,0,0,0,0,0,0,0,0,0,0,0,0,0,0,0,0,0,0,0,0,0,0,0,0,0,0,0,0,0,0,0,0,0,0,0,0,0,0,0,0,0,0,0,40,6870043917592,0,0,0,0,0,0,0,0,0,0,0,0,0,0,698,15,6,49792497599992,13,0929012649379,86,7052279002372,0,0,430938616623265,0,0,0,0,0,0,0,0,0,0,0,0,00981094836712217,0,000171636055891623,0,0,0,0,00351545665220871,0,0,4896708266631,0,0,0,47752,5297581623,43147,1743537038,0,
430-440C*,0,00268607088355282,713,150024,413,778628119459,896,798695165075,0,300874044113799,375,291181773749,36,4004159448761,59,2602760878087,0,00303074348755995,0,7,76677823859778,331,440641734833,0,707445268239365,0,67,5361703817976,327,188798924375,336,440641734833,12,6419928235702,21,3990840235702,26,0215217973854,40,7397239121913,2,53443358713173,698,443164254426,0,0,37,5780622577386,0,320,417961073578,1,48753311092215,1,15578375525054,9,73249003237555,18,4895812323756,13,600868413061,0,102568761155176,2,81354901909223E-09,0,3,41314212017786E-08,2,38616203678761,12,5128980420612,26,9711833903707,60,0999656889419,34,5302196486858,23,8683689673128,16,5233067272819,0,0,0,0,0,0,0,0,0,0,0,0,0,0,0,0,0,0,0,0,0,0,0,0,0,0,0,0,0,0,0,0,0,0,0,0,0,0,0,0,0,0,0,0,0,0,0,0,0,0,0,0,0,0,0,0,0,0,0,0,0,0,0,0,0,0,0,0,0,0,0,0,0,0,0,0,0,0,0,0,0,0,0,0,0,0,0,0,0,0,0,0,0,0,0,0,0,37,5780622577386,0,0,0,0,0,0,0,0,0,0,0,0,0,0,708,15,7,33324120907128,13,0695168919799,86,7166662901997,0,0,587015122933897,0,0,0,0,0,0,0,0,0,0,0,0,0138210019742636,0,000241789292794818,0,0,0,0,004952338093373,0,0,707445268239365,0,0,0,47637,6230723944,43145,8596685652,0,
440-450C*,0,00232535486700717,723,150024,425,144737404033,903,895219917037,0,304845860780383,377,303587992961,42,3580537584545,62,463923665526,0,00425832882254987,0,7,95400362631737,331,585185756956,0,92521970981563,0,66,6931706223142,329,132512106148,336,585185756956,11,4136368210334,20,1707280210334,23,2926761358989,37,5360763344739,3,34916340373254,827,560848498985,0,0,34,3492701056466,6,65981393322518E-15,320,544174231704,1,4920378093829,1,05948085719298,8,42354363780016,17,1806348378002,12,7199652826132,0,107144738414277,3,41074908763359E-09,0,1,4212435536791E-08,3,15322784923683,17,5811759077757,24,561681360758,74,9178900489187,41,9300527095406,28,4883810324031,16,9947101857062,0,0,0,0,0,0,0,0,0,0,0,0,0,0,0,0,0,0,0,0,0,0,0,0,0,0,0,0,0,0,0,0,0,0,0,0,0,0,0,0,0,0,0,0,0,0,0,0,0,0,0,0,0,0,0,0,0,0,0,0,0,0,0,0,0,0,0,0,0,0,0,0,0,0,0,0,0,0,0,0,0,0,0,0,0,0,0,0,0,0,0,0,0,0,0,0,6,65981393322518E-15,34,3492701056466,0,0,0,0,0,0,0,0,0,0,0,0,0,0,718,15,8,31530441352343,13,0457066485664,86,7283975129406,0,0,744789768602039,0,0,0,0,0,0,0,0,0,0,0,0,0194191198645152,0,000339724664498436,0,0,0,0,006958254345372,0,0,92521970981563,0,0,0,47518,4232677571,43144,0430001808,0,
450-460C*,0,00200758882692641,733,150024,435,857532810132,911,249400954408,0,308817677446966,379,321373488458,48,2232539149238,65,4042266037816,0,00548591415753979,0,8,15769411638958,331,729729779079,1,1429941513919,0,65,7620481328535,330,90564664861,336,729729779079,10,1801276927884,18,9372188927884,20,7414160659674,34,5957733962184,4,16389322033335,956,678532743543,0,0,31,0353300191087,6,70147180696654E-15,320,670387389831,1,49686973016397,0,968644525782234,7,11459724322476,15,8716884432248,11,8178233651559,0,11180490251472,4,00794915617495E-09,0,5,76302027866878E-09,3,92029366168605,22,6494537734901,22,0773566352178,94,3995157744312,51,3883746526374,34,2827628009356,16,9384355655599,0,0,0,0,0,0,0,0,0,0,0,0,0,0,0,0,0,0,0,0,0,0,0,0,0,0,0,0,0,0,0,0,0,0,0,0,0,0,0,0,0,0,0,0,0,0,0,0,0,0,0,0,0,0,0,0,0,0,0,0,0,0,0,0,0,0,0,0,0,0,0,0,0,0,0,0,0,0,0,0,0,0,0,0,0,0,0,0,0,0,0,0,0,0,0,0,6,70147180696654E-15,31,0353300191087,0,0,0,0,0,0,0,0,0,0,0,0,0,0,728,15,9,47641983448374,13,021506687227,86,7404017977098,0,0,904820052518956,0,0,0,0,0,0,0,0,0,0,0,0,0250172377547668,0,000437660036202054,0,0,0,0,00896417059737101,0,1,1429941513919,0,0,0,47395,6369752893,43141,8197774832,0,
460-480C*,0,00321080295891488,753,150024,450,802994396507,922,685792411206,0,314775402446841,382,356830104889,56,7718227346177,70,5805226594841,0,00732729216002467,0,8,45488925039423,331,946545812263,1,46965581375629,0,64,2400174384232,333,018560226294,336,946545812263,8,32176160240607,17,0788528024061,17,2474989452356,29,4194773405159,5,38598794523456,1150,35505911038,0,0,25,9806783201466,6,69860641822368E-15,320,859707127021,1,5047207167382,0,802891087293313,5,15117765136167,13,9082688513617,10,4390868259939,0,118943981950216,1,12135854682881E-08,0,8,70669017649523E-10,5,07089238035987,30,2518705720619,18,2478771083049,136,421209798461,71,0245148147793,46,0075377097205,16,8540236353405,0,0,0,0,0,0,0,0,0,0,0,0,0,0,0,0,0,0,0,0,0,0,0,0,0,0,0,0,0,0,0,0,0,0,0,0,0,0,0,0,0,0,0,0,0,0,0,0,0,0,0,0,0,0,0,0,0,0,0,0,0,0,0,0,0,0,0,0,0,0,0,0,0,0,0,0,0,0,0,0,0,0,0,0,0,0,0,0,0,0,0,0,0,0,0,0,6,69860641822368E-15,25,9806783201466,0,0,0,0,0,0,0,0,0,0,0,0,0,0,743,15,11,6459922497892,12,9845551077646,86,7588769676507,0,1,14938058754076,0,0,0,0,0,0,0,0,0,0,0,0,0334144145901441,0,000584563093757481,0,0,0,0,0119730449753695,0,1,46965581375629,0,0,0,47206,260905587,43138,485949558,0,
480-500C*,0,00235542169761425,773,150024,468,988941208554,938,503372645764,0,322719035780009,386,417353242425,67,5224965804904,78,2368855693066,0,00978246283000451,0,8,95373136318939,332,235633856509,1,90520469690882,0,62,0643833554931,335,658564437352,338,597374261537,5,83255898271975,14,5896501827197,13,2104923547022,21,7631144306934,7,01544757843617,1408,5904275995,0,0,19,2670110648074,6,68999063972534E-15,321,112133443275,1,51627505758992,0,657489778733304,2,53328486221088,11,2903760622109,8,58484158809286,0,12871893576012,5,37839607483298E-08,0,1,1643634649436E-10,6,6050240052583,40,3884263034908,13,0353134856079,232,799310841313,113,525284730633,70,4162555399215,16,7414743950478,0,0,0,0,0,0,0,0,0,0,0,0,0,0,0,0,0,0,0,0,0,0,0,0,0,0,0,0,0,0,0,0,0,0,0,0,0,0,0,0,0,0,0,0,0,0,0,0,0,0,0,0,0,0,0,0,0,0,0,0,0,0,0,0,0,0,0,0,0,0,0,0,0,0,0,0,0,0,0,0,0,0,0,0,0,0,0,0,0,0,0,0,0,0,0,0,6,68999063972534E-15,19,2670110648074,0,0,0,0,0,0,0,0,0,0,0,0,0,0,763,15,15,6488791317814,12,9342597460151,86,7842817176695,0,1,4837543657628,0,0,0,0,0,0,0,0,0,0,0,0,0446106503706472,0,000780433837164716,0,0,0,0,0159848774793675,0,1,90520469690882,0,0,0,46947,6409700402,43134,0440356665,0,
500-520C*,0,00170694620151882,793,150024,485,822914208503,954,7098676589,0,330662669113176,390,488632407453,77,2787822926691,86,7336385123278,0,0124238120344867,0,9,51224087045269,332,524721900755,2,34075358006135,0,59,8308289403346,337,711983641527,341,343732503573,3,33557806746188,12,0926692674619,9,88382813038836,13,2663614876722,8,64490721163779,1666,82579608861,0,0,12,8373895769426,6,67560435925088E-15,321,364559759528,1,52898698514165,0,531294621324996,-0,0846079269399027,8,6724832730601,6,75240526312778,0,138756439555592,9,63543360283715E-08,0,1,36162812895303E-11,8,13915563015673,51,2936492050089,7,81379967764133,419,597830759082,190,253651867734,112,423670661795,16,6289251547552,0,0,0,0,0,0,0,0,0,0,0,0,0,0,0,0,0,0,0,0,0,0,0,0,0,0,0,0,0,0,0,0,0,0,0,0,0,0,0,0,0,0,0,0,0,0,0,0,0,0,0,0,0,0,0,0,0,0,0,0,0,0,0,0,0,0,0,0,0,0,0,0,0,0,0,0,0,0,0,0,0,0,0,0,0,0,0,0,0,0,0,0,0,0,0,0,6,67560435925088E-15,12,8373895769426,0,0,0,0,0,0,0,0,0,0,0,0,0,0,783,15,21,5844271394779,12,8830562580912,86,8104228422989,0,1,82703188462098,0,0,0,0,0,0,0,0,0,0,0,0,05665591012942,0,000991157693801653,0,0,0,0,0203009320504487,0,2,34075358006135,0,0,0,46686,8360949498,43129,607600017,0,
520-540C*,0,00115063992289767,813,150024,502,113416676455,971,020072844809,0,338606302446343,394,565884898795,85,7630632021501,96,0419563526847,0,0210849338545457,0,10,1225003566468,332,813809945001,2,77630246321388,0,57,6423818126767,339,221929010361,343,873819071759,0,836522948748545,9,59361414874855,7,26750627229423,3,95804364731534,10,2743668448394,1741,20971150981,0,0,6,96943052555564,6,65502956384568E-15,321,616986075781,1,54272165636072,0,423055334491788,-2,70250071609069,6,05459048390931,4,98025285607101,0,149023516723389,1,38924711308413E-07,0,1,37320032233685E-12,9,67328725505516,87,0524439394068,2,69763049140948,803,498283778642,336,049587781803,188,130249401809,16,5163759144626,0,0,0,0,0,0,0,0,0,0,0,0,0,0,0,0,0,0,0,0,0,0,0,0,0,0,0,0,0,0,0,0,0,0,0,0,0,0,0,0,0,0,0,0,0,0,0,0,0,0,0,0,0,0,0,0,0,0,0,0,0,0,0,0,0,0,0,0,0,0,0,0,0,0,0,0,0,0,0,0,0,0,0,0,0,0,0,0,0,0,0,0,0,0,0,0,6,65502956384568E-15,6,96943052555564,0,0,0,0,0,0,0,0,0,0,0,0,0,0,803,15,30,6565981729146,12,8312338642284,86,8371421755376,0,2,17849939207453,0,0,0,0,0,0,0,0,0,0,0,0,0961529451855764,0,00168213221153223,0,0,0,0,0344535001238871,0,2,77630246321388,0,0,0,46428,7859465939,43125,1786417197,0,
540-560C*,0,000429860271625295,833,150024,518,723922085772,987,148783597691,0,34654993577951,398,657827960587,88,9783649281338,97,8814205069614,0,0297460556746047,0,10,7715152275894,331,342057152449,3,21185134636641,0,55,5863100650457,340,230323267919,345,984463557703,-1,65890228130424,7,09818891869576,5,74342548503986,2,11857949303858,11,903826478041,2028,14590623644,0,0,5,27820958682634,1,33199299277776E-14,316,244834293514,1,5572905232234,0,331428629632508,-5,32039350524148,3,43669769475853,3,30179195061568,0,15948719065027,2,78633867110163E-07,0,1,17550415132813E-13,11,2074188799536,122,811238673805,-2,20828705348297,1645,1068662696,629,158769271147,331,679627373803,15,5778729262182,0,0,0,0,0,0,0,0,0,0,0,0,0,0,0,0,0,0,0,0,0,0,0,0,0,0,0,0,0,0,0,0,0,0,0,0,0,0,0,0,0,0,0,0,0,0,0,0,0,0,0,0,0,0,0,0,0,0,0,0,0,0,0,0,0,0,0,0,0,0,0,0,0,0,0,0,0,0,0,0,0,0,0,0,0,0,0,0,0,0,0,0,0,0,0,0,1,33199299277776E-14,5,27820958682634,0,0,0,0,0,0,0,0,0,0,0,0,0,0,823,15,44,9932807474884,12,7794592607983,86,864485899151,0,2,53748218584152,0,0,0,0,0,0,0,0,0,0,0,0,135649980241733,0,00237310672926281,0,0,0,0,0486060681973255,0,3,21185134636641,0,0,0,46178,062636655,43120,7516175411,0,
560-580C*,0,000393439599832165,853,150024,536,528588629069,1002,81079531174,0,354493569112677,402,746191105561,91,0628848407759,98,2913691939213,0,0384071774946637,0,11,4402547614689,332,21616433286,3,64740022951894,0,53,736244934744,340,777597696765,348,014175447693,-4,14499353058037,4,61209766941963,4,67632792905797,1,70863080607869,13,5332861112426,2321,77701521957,0,0,4,26078723016618,1,33338719576696E-14,310,178097613135,1,57244445184787,0,254993026163449,-7,93828629439226,0,818804905607739,1,7459995118139,0,170114484722991,7,89342943699646E-07,0,8,38721298380265E-15,12,741550504852,158,570033408203,-6,80799201762261,3626,17522347932,1256,19516331161,619,52445395126,14,5178246011959,0,0,0,0,0,0,0,0,0,0,0,0,0,0,0,0,0,0,0,0,0,0,0,0,0,0,0,0,0,0,0,0,0,0,0,0,0,0,0,0,0,0,0,0,0,0,0,0,0,0,0,0,0,0,0,0,0,0,0,0,0,0,0,0,0,0,0,0,0,0,0,0,0,0,0,0,0,0,0,0,0,0,0,0,0,0,0,0,0,0,0,0,0,0,0,0,1,33338719576696E-14,4,26078723016618,0,0,0,0,0,0,0,0,0,0,0,0,0,0,843,15,68,496084791467,12,7276445318882,86,8920916834248,0,2,90337507396981,0,0,0,0,0,0,0,0,0,0,0,0,175147015297889,0,00306408124699339,0,0,0,0,0627586362707639,0,3,64740022951894,0,0,0,45938,8580682734,43116,3354873904,0,
580-600C*,0,000358440119316621,873,150024,556,395349485446,1017,72090338115,0,362437202445844,406,821164078625,92,9477857033651,98,7011142349042,0,0484922175006263,0,12,1031073009122,332,783114396978,4,08294911267147,0,52,1546890443754,340,902465204427,350,089231013382,-6,61604670696381,2,14104449303619,3,80884942312885,1,29888576509583,15,1627457444442,2618,79972304108,0,0,3,24336487350602,1,33407437687721E-14,304,456979089314,1,58786871135825,0,192267316105203,-10,556179083543,-1,79908788354305,1,24623618779024,0,180872422328309,1,30005202028913E-06,0,4,8841076376234E-16,14,2756821297505,200,20769686032,-8,29622759915104,8669,50762930403,2692,54900813692,1233,35496779882,13,478368295302,0,0,0,0,0,0,0,0,0,0,0,0,0,0,0,0,0,0,0,0,0,0,0,0,0,0,0,0,0,0,0,0,0,0,0,0,0,0,0,0,0,0,0,0,0,0,0,0,0,0,0,0,0,0,0,0,0,0,0,0,0,0,0,0,0,0,0,0,0,0,0,0,0,0,0,0,0,0,0,0,0,0,0,0,0,0,0,0,0,0,0,0,0,0,0,0,1,33407437687721E-14,3,24336487350602,0,0,0,0,0,0,0,0,0,0,0,0,0,0,863,15,108,610796658692,12,6759383207473,86,9197252606117,0,3,27564230102855,0,0,0,0,0,0,0,0,0,0,0,0,221137498624855,0,00386865434955324,0,0,0,0,0792379351621821,0,4,08294911267147,0,0,0,45715,0008408421,43111,9354348041,0,
600-625C*,0,000638660989437089,898,150024,582,293245508144,1033,24090197738,0,371373789945657,411,380407426866,95,0420777021443,99,1612783662406,0,0770819555380943,0,12,7530102563972,333,329249638012,4,57294160621807,0,50,7635005016467,340,606136336919,352,525629657615,-9,37090407075784,-0,613812870757836,2,85915757559238,0,838721633759364,15,6964131636148,2952,89127502398,0,0,2,09876472226335,1,33399764259556E-14,298,433842452776,1,60506547521092,0,130824257256516,-13,5013084713377,-4,74421727133768,1,24623618779024,0,193090202233917,1,8745997314523E-06,0,1,01130060428898E-17,15,1400007738574,318,244897494575,-8,29622759915104,25730,807177045,6972,17166800552,2911,47809466787,12,3335938490359,0,0,0,0,0,0,0,0,0,0,0,0,0,0,0,0,0,0,0,0,0,0,0,0,0,0,0,0,0,0,0,0,0,0,0,0,0,0,0,0,0,0,0,0,0,0,0,0,0,0,0,0,0,0,0,0,0,0,0,0,0,0,0,0,0,0,0,0,0,0,0,0,0,0,0,0,0,0,0,0,0,0,0,0,0,0,0,0,0,0,0,0,0,0,0,0,1,33399764259556E-14,2,09876472226335,0,0,0,0,0,0,0,0,0,0,0,0,0,0,885,65,192,60469483935,12,6181708385393,86,950601779133,0,3,70147435225677,0,0,0,0,0,0,0,0,0,0,0,0,351514360764927,0,00614951136356398,0,0,0,0,125954540953357,0,4,57294160621807,0,0,0,45485,8616603136,43107,0093922574,0,
625-650C*,0,000554553367048899,923,150024,618,159742496385,1048,06448476997,0,376320433168459,416,402862805045,97,6213528689025,99,6708242254702,0,108848331135281,0,13,3719944687521,333,414457499648,5,21955533064201,0,49,8801501076308,339,758842936137,355,463727631811,-12,3834394953536,-3,62634829535358,1,55166035465938,0,329175774529817,19,2940061761506,3316,91144857413,0,0,0,826986776438156,1,33285068127113E-14,292,25449536332,1,62279059509046,0,0854429727502166,-16,7736744577762,-8,01658325777617,1,24623618779024,0,206817955707208,4,339108325308E-06,0,1,38605125770891E-19,18,0695744837598,449,397342643747,-8,29622759915104,99949,1552171579,22842,375083411,8495,82666547917,11,0921885204674,0,0,0,0,0,0,0,0,0,0,0,0,0,0,0,0,0,0,0,0,0,0,0,0,0,0,0,0,0,0,0,0,0,0,0,0,0,0,0,0,0,0,0,0,0,0,0,0,0,0,0,0,0,0,0,0,0,0,0,0,0,0,0,0,0,0,0,0,0,0,0,0,0,0,0,0,0,0,0,0,0,0,0,0,0,0,0,0,0,0,0,0,0,0,0,0,1,33285068127113E-14,0,826986776438156,0,0,0,0,0,0,0,0,0,0,0,0,0,0,910,65,392,526055734867,12,5548491620312,86,9843187912725,0,4,27385378060081,0,0,0,0,0,0,0,0,0,0,0,0,496377540920563,0,00868379693468703,0,0,0,0,177861880721328,0,5,21955533064201,0,0,0,45270,223851963,43101,5722723727,0,
650-675C*,0,00167318207501507,948,150024,665,271802419342,1058,63144173309,0,355192763612008,421,344057690764,100,100,0,137141015258065,0,13,6592864151721,333,484732521495,6,5793368205724,0,50,0695053641149,338,43081879361,358,675566371905,-15,31084240336,-6,55375120335999,0,0,23,3517061840217,3662,05805469974,0,0,0,0,286,881967315177,1,63666909529875,0,0531948459738421,-20,0460404442147,-11,2889492442147,1,24623618779024,0,220847964682608,8,55812653010142E-06,0,1,17292580372822E-21,21,2076858866617,566,208109776556,-8,29622759915104,462396,968343026,87186,3681445263,28443,2143419332,9,88295822178707,0,0,0,0,0,0,0,0,0,0,0,0,0,0,0,0,0,0,0,0,0,0,0,0,0,0,0,0,0,0,0,0,0,0,0,0,0,0,0,0,0,0,0,0,0,0,0,0,0,0,0,0,0,0,0,0,0,0,0,0,0,0,0,0,0,0,0,0,0,0,0,0,0,0,0,0,0,0,0,0,0,0,0,0,0,0,0,0,0,0,0,0,0,0,0,0,0,0,0,0,0,0,0,0,0,0,0,0,0,0,0,0,935,65,874,689134181317,12,4934175740318,87,0165803179167,0,5,51154556959703,0,0,0,0,0,0,0,0,0,0,0,0,625399757654926,0,0109409553228497,0,0,0,0,224093090297511,0,6,5793368205724,0,0,0,45117,1009044357,43096,195630397,0,
675-700C*,0,000555535097390904,973,150024,719,704813248913,1067,59920020103,0,329864458676368,426,199462554373,100,100,0,212426988951953,0,13,8042409374868,333,269152864693,8,09464553813815,0,50,6069095783625,336,680310864209,361,654716962817,-18,2062613414626,-9,44917014146262,0,0,27,671331920237,3995,58050690041,0,0,0,0,282,197160307068,1,64929363176648,0,0313006386722434,-23,3184064306531,-14,5613152306531,1,24623618779024,0,234563917656654,1,27771447348948E-05,0,5,622719383272E-24,24,6187695008192,877,038015605163,-8,29622759915104,2603513,17707038,395068,996895246,111112,799676143,8,70590295299501,0,0,0,0,0,0,0,0,0,0,0,0,0,0,0,0,0,0,0,0,0,0,0,0,0,0,0,0,0,0,0,0,0,0,0,0,0,0,0,0,0,0,0,0,0,0,0,0,0,0,0,0,0,0,0,0,0,0,0,0,0,0,0,0,0,0,0,0,0,0,0,0,0,0,0,0,0,0,0,0,0,0,0,0,0,0,0,0,0,0,0,0,0,0,0,0,0,0,0,0,0,0,0,0,0,0,0,0,0,0,0,0,960,65,2155,05618491219,12,4340499564712,87,0472097676602,0,6,93665939649964,0,0,0,0,0,0,0,0,0,0,0,0,968723960223886,0,0169471852830994,0,0,0,0,347112935741803,0,8,09464553813815,0,0,0,44987,9720417341,43090,8802835969,0,
700-725C*,0,000153905160707665,998,150024,786,187955771599,1074,94197872894,0,301115859628759,431,03430838714,100,100,0,29351098354212,0,13,8732621421742,332,802450661599,9,76548148333924,0,51,4865948681105,334,56063491978,364,495325212845,-21,0691806807649,-12,3120894807649,0,0,32,2202528871046,4313,28291675209,0,0,0,0,277,227824210256,1,66045652960587,0,0172215325999831,-26,5907724170916,-17,8336812170916,1,24623618779024,0,247810536312273,2,22984401924384E-05,0,1,37064635256234E-26,28,3134344540836,1211,80595664482,-8,29622759915104,18277631,4128838,2170415,78672965,516082,732752326,7,56102271409118,0,0,0,0,0,0,0,0,0,0,0,0,0,0,0,0,0,0,0,0,0,0,0,0,0,0,0,0,0,0,0,0,0,0,0,0,0,0,0,0,0,0,0,0,0,0,0,0,0,0,0,0,0,0,0,0,0,0,0,0,0,0,0,0,0,0,0,0,0,0,0,0,0,0,0,0,0,0,0,0,0,0,0,0,0,0,0,0,0,0,0,0,0,0,0,0,0,0,0,0,0,0,0,0,0,0,0,0,0,0,0,0,985,65,5942,50494278696,12,3751060926404,87,0775126802728,0,8,55380829936879,0,0,0,0,0,0,0,0,0,0,0,1,33848869086235,0,0234159748027032,0,0,0,0,4796069448257,0,9,76548148333924,0,0,0,44882,462851781,43085,5789795182,0,
725-750C*,2,96420898340873E-05,1023,150024,864,458138448354,1078,71345700412,0,268946966469182,435,866522420045,100,100,0,361705305295866,0,13,9426284528851,332,336990029723,10,313059914388,0,53,180893100106,332,120338078548,367,007306652817,-23,8606740150124,-15,1035828150124,0,0,36,9658385869326,4610,96939583069,0,0,0,0,270,032545710228,1,66758525805188,0,00873999373893651,-29,8631384035301,-21,1060472035301,1,24623618779024,0,260432542332397,4,14956427270345E-05,0,1,48132469721263E-29,32,3022898743063,1493,35686936793,-8,29622759915104,164375317,82911,14799388,5319246,2910233,4998948,6,4483175050756,0,0,0,0,0,0,0,0,0,0,0,0,0,0,0,0,0,0,0,0,0,0,0,0,0,0,0,0,0,0,0,0,0,0,0,0,0,0,0,0,0,0,0,0,0,0,0,0,0,0,0,0,0,0,0,0,0,0,0,0,0,0,0,0,0,0,0,0,0,0,0,0,0,0,0,0,0,0,0,0,0,0,0,0,0,0,0,0,0,0,0,0,0,0,0,0,0,0,0,0,0,0,0,0,0,0,0,0,0,0,0,0,1010,65,18585,9476629242,12,3161758840413,87,1077895804113,0,9,09271450495706,0,0,0,0,0,0,0,0,0,0,0,1,64947306135122,0,0288564407798274,0,0,0,0,591038789440407,0,10,313059914388,0,0,0,44826,1179072468,43080,2770611992,0,
750-775C*,5,70743608863741E-06,1048,150024,950,052972635822,1081,65819285069,0,233357779197636,440,714031884067,100,100,0,524237884399615,0,14,0123415951495,331,585190451632,10,4646536841606,0,55,0096794518791,329,403420186499,369,016877695403,-26,6356325006877,-17,8785413006877,0,0,41,8754585220291,4884,44405571215,0,0,0,0,262,231839762208,1,67393537428439,0,00402014689969823,-33,1355043899686,-24,3784131899686,1,24623618779024,0,272274657399954,6,06928452616308E-05,0,5,94693471596448E-33,36,5959448893385,2164,39801791325,-8,29622759915104,1951753209,26202,128568923,899713,20394080,8761573,5,36778732594824,0,0,0,0,0,0,0,0,0,0,0,0,0,0,0,0,0,0,0,0,0,0,0,0,0,0,0,0,0,0,0,0,0,0,0,0,0,0,0,0,0,0,0,0,0,0,0,0,0,0,0,0,0,0,0,0,0,0,0,0,0,0,0,0,0,0,0,0,0,0,0,0,0,0,0,0,0,0,0,0,0,0,0,0,0,0,0,0,0,0,0,0,0,0,0,0,0,0,0,0,0,0,0,0,0,0,0,0,0,0,0,0,1035,65,66908,7458249638,12,2568492321753,87,1383409927321,0,9,24261452445126,0,0,0,0,0,0,0,0,0,0,0,2,39066515032066,0,0418231063913908,0,0,0,0,856622559961908,0,10,4646536841606,0,0,0,44781,4461816471,43074,9598716783,0,
775-800C*,1,10290272561716E-06,1073,150024,1042,6255841851,1086,96262022428,0,194348297814121,445,594764010186,100,100,0,657664602054791,0,14,0824033031253,330,209803840478,10,6162474539332,0,56,1902331622255,326,449594021664,370,583362173734,-29,4577848169036,-20,7006936169036,0,0,46,9164821947023,5129,5110079724,0,0,0,0,256,675260852697,1,68350568157653,0,00163775788123992,-36,4078703764071,-27,6507791764071,1,24623618779024,0,283181603197876,8,94979771820381E-05,0,7,03082695798661E-37,41,2050086270315,2715,27106967727,-8,29622759915104,31646565333,8561,1465158129,20948,182266161,49462,4,31943217670912,0,0,0,0,0,0,0,0,0,0,0,0,0,0,0,0,0,0,0,0,0,0,0,0,0,0,0,0,0,0,0,0,0,0,0,0,0,0,0,0,0,0,0,0,0,0,0,0,0,0,0,0,0,0,0,0,0,0,0,0,0,0,0,0,0,0,0,0,0,0,0,0,0,0,0,0,0,0,0,0,0,0,0,0,0,0,0,0,0,0,0,0,0,0,0,0,0,0,0,0,0,0,0,0,0,0,0,0,0,0,0,0,1060,65,281770,872797832,12,1967160385443,87,1694674418918,0,9,39281111043105,0,0,0,0,0,0,0,0,0,0,0,2,99912671617108,0,0524677392460678,0,0,0,1,07464636145804,0,10,6162474539332,0,0,0,44705,9288176856,43069,6127539942,0,
800-825C*,2,69578997625332E-07,1098,150024,1141,58171458479,1087,54766454383,0,15191852231863,450,526646029383,100,100,0,866310439345179,0,14,1528153196409,329,04241748493,10,7678412237058,0,58,4721568049513,323,294568394852,371,775877030667,-32,1855494720384,-23,4284582720384,0,0,52,0562791072602,5341,97436418737,0,0,0,0,246,63042786617,1,68733152542726,0,000572958898336677,-39,6802363628456,-30,9231451628456,1,24623618779024,0,292998101409091,0,000157220075604568,0,1,79365614365673E-41,46,1400902152366,3576,69800984272,-8,29622759915104,727576739479,996,22625572721,5872,2138238874,64177,3,30325205735824,0,0,0,0,0,0,0,0,0,0,0,0,0,0,0,0,0,0,0,0,0,0,0,0,0,0,0,0,0,0,0,0,0,0,0,0,0,0,0,0,0,0,0,0,0,0,0,0,0,0,0,0,0,0,0,0,0,0,0,0,0,0,0,0,0,0,0,0,0,0,0,0,0,0,0,0,0,0,0,0,0,0,0,0,0,0,0,0,0,0,0,0,0,0,0,0,0,0,0,0,0,0,0,0,0,0,0,0,0,0,0,0,1085,65,1413133,3971539,12,13536620465,87,2014694525473,0,9,54329908287395,0,0,0,0,0,0,0,0,0,0,0,3,95060761217855,0,0691132685196922,0,0,0,1,41558076658936,0,10,7678412237058,0,0,0,44693,8882589583,43064,221051185,0,
825-850C*,0,1123,150024,1246,79074944349,1090,4924003904,0,455,402515879424,100,100,1,08102147644983,,14,2235793962391,327,300752002484,10,9194349934784,,,,372,669975010353,,,0,0,57,0337232851838,5595,96756379196,,,0,0,238,829721918151,,,,,1,24623618779024,0,304191548850558,0,000224942174027097,,,50,6346362339155,4463,1660751288,,,,,2,31924696789559,0,0,0,0,0,0,0,0,0,0,0,0,0,0,0,0,0,0,0,0,0,0,0,0,0,0,0,0,0,0,0,0,0,0,0,0,0,0,0,0,0,0,0,0,0,0,0,0,0,0,0,0,0,0,0,0,0,0,0,0,0,0,0,0,0,0,0,0,0,0,0,0,0,0,0,0,0,0,0,0,0,0,0,0,0,0,0,0,0,0,0,0,0,0,0,0,0,0,0,0,0,0,0,0,0,0,0,0,0,0,0,0,1110,65,,12,0753618107057,87,2325075578222,,,,,,,,,,,,,,4,92974744367536,0,0862426725850197,,,,1,76642591481306,,10,9194349934784,,,,44649,9943728636,43058,8789529081,,
850-875C*,0,1148,150024,1355,94411845737,1093,43713623697,0,460,278385729466,100,100,1,26661600713323,,14,2946972932203,325,276574826805,11,071028763251,,,,373,320590661683,,,0,0,62,0111674631074,5849,96076339656,,,0,0,231,029015970131,,,,,1,24623618779024,0,315384996292025,0,000298165652661326,,,55,1291822525944,5229,42209420065,,,,,1,36741690832117,0,0,0,0,0,0,0,0,0,0,0,0,0,0,0,0,0,0,0,0,0,0,0,0,0,0,0,0,0,0,0,0,0,0,0,0,0,0,0,0,0,0,0,0,0,0,0,0,0,0,0,0,0,0,0,0,0,0,0,0,0,0,0,0,0,0,0,0,0,0,0,0,0,0,0,0,0,0,0,0,0,0,0,0,0,0,0,0,0,0,0,0,0,0,0,0,0,0,0,0,0,0,0,0,0,0,0,0,0,0,0,0,1135,65,,12,0153574167614,87,2635456630972,,,,,,,,,,,,,,5,77610820812693,0,101049194649563,,,,2,06969369976344,,11,071028763251,,,,44606,2648899872,43053,5368546313,,
875-900C*,0,1173,150024,1470,91000399512,1096,38187208354,0,465,154255579507,100,100,1,45221053781663,,14,3661707796864,322,991756280444,11,2226225330236,,,,373,799260318904,,,0,0,66,988611641031,6103,95396300115,,,0,0,223,228310022112,,,,,1,24623618779024,0,326578443733492,0,000496872994219541,,,59,6237282712733,5995,6781132725,,,,,0,447761878634997,0,0,0,0,0,0,0,0,0,0,0,0,0,0,0,0,0,0,0,0,0,0,0,0,0,0,0,0,0,0,0,0,0,0,0,0,0,0,0,0,0,0,0,0,0,0,0,0,0,0,0,0,0,0,0,0,0,0,0,0,0,0,0,0,0,0,0,0,0,0,0,0,0,0,0,0,0,0,0,0,0,0,0,0,0,0,0,0,0,0,0,0,0,0,0,0,0,0,0,0,0,0,0,0,0,0,0,0,0,0,0,0,1160,65,,11,955353022817,87,2945837683721,,,,,,,,,,,,,,6,6224689725785,0,115855716714106,,,,2,37296148471382,,11,2226225330236,,,,44562,6993604867,43048,1947563544,,
900-925C*,0,1198,150024,1591,76604659621,1099,32660793011,0,470,030125429548,100,100,1,63780506850004,,14,4380016335848,320,467078465948,11,3742163027962,,,,374,148246602733,,,0,0,71,9660558189547,6357,94716260575,,,0,0,215,427604074093,,,,,1,24623618779024,0,337771891174959,0,000695580335777756,,,64,1182742899522,6761,93413234435,,,,,0,0,0,0,0,0,0,0,0,0,0,0,0,0,0,0,0,0,0,0,0,0,0,0,0,0,0,0,0,0,0,0,0,0,0,0,0,0,0,0,0,0,0,0,0,0,0,0,0,0,0,0,0,0,0,0,0,0,0,0,0,0,0,0,0,0,0,0,0,0,0,0,0,0,0,0,0,0,0,0,0,0,0,0,0,0,0,0,0,0,0,0,0,0,0,0,0,0,0,0,0,0,0,0,0,0,0,0,0,0,0,0,0,1185,65,,11,8953486288727,87,3256218736471,,,,,,,,,,,,,,7,46882973703007,0,130662238778649,,,,2,6762292696642,,11,3742163027962,,,,44519,2973236362,43042,8526580775,,
925-950C*,0,1223,150024,1718,52173708407,1102,27134377668,0,474,90599527959,100,100,1,82339959918344,,14,5101916417528,317,722258366165,11,5258100725688,,,,374,400345228576,,,0,0,76,9434999968783,6611,94036221034,,,0,0,207,626898126073,,,,,1,24623618779024,0,348965338616426,0,000880706912811271,,,68,6128203086311,7528,1901514162,,,,,0,0,0,0,0,0,0,0,0,0,0,0,0,0,0,0,0,0,0,0,0,0,0,0,0,0,0,0,0,0,0,0,0,0,0,0,0,0,0,0,0,0,0,0,0,0,0,0,0,0,0,0,0,0,0,0,0,0,0,0,0,0,0,0,0,0,0,0,0,0,0,0,0,0,0,0,0,0,0,0,0,0,0,0,0,0,0,0,0,0,0,0,0,0,0,0,0,0,0,0,0,0,0,0,0,0,0,0,0,0,0,0,0,1210,65,,11,8353442349284,87,356659978922,,,,,,,,,,,,,,8,31519050148164,0,145468760843192,,,,2,97949705461459,,11,5258100725688,,,,44476,0583083294,43037,5105598006,,
950-975C*,0,1248,150024,1851,23282220228,1105,21607962325,0,479,781865129631,100,100,2,00899412986684,,14,5827425999615,314,775975059232,11,6774038423414,,,,374,580924108487,,,0,1,4210854715202E-14,81,9209441748019,6865,93356181494,,,0,0,199,826192178054,,,,,1,24623618779024,0,360158786057892,0,0013663217261805,,,73,10736632731,8294,44617048805,,,,,0,0,0,0,0,0,0,0,0,0,0,0,0,0,0,0,0,0,0,0,0,0,0,0,0,0,0,0,0,0,0,0,0,0,0,0,0,0,0,0,0,0,0,0,0,0,0,0,0,0,0,0,0,0,0,0,0,0,0,0,0,0,0,0,0,0,0,0,0,0,0,0,0,0,0,0,0,0,0,0,0,0,0,0,0,0,0,0,0,0,0,0,0,0,0,0,0,0,0,0,0,0,0,0,0,0,0,0,0,0,0,0,0,1235,65,,11,7753398409841,87,387698084197,,,,,,,,,,,,,,9,1615512659332,0,160275282907735,,,,3,28276483956497,,11,6774038423414,,,,44432,9818335646,43032,1684615237,,
975-1000C*,0,1273,150024,1989,99821740236,1108,16081546982,0,484,657734979672,100,100,2,19458866055025,,14,6556563129613,311,645900091509,11,828997612114,,,,374,709254385856,,,0,0,86,8983883527255,7119,92676141953,,,0,0,192,025486230035,,,,,1,24623618779024,0,371352233499359,0,0018735242226894,,,77,6019123459889,9060,7021895599,,,,,0,0,0,0,0,0,0,0,0,0,0,0,0,0,0,0,0,0,0,0,0,0,0,0,0,0,0,0,0,0,0,0,0,0,0,0,0,0,0,0,0,0,0,0,0,0,0,0,0,0,0,0,0,0,0,0,0,0,0,0,0,0,0,0,0,0,0,0,0,0,0,0,0,0,0,0,0,0,0,0,0,0,0,0,0,0,0,0,0,0,0,0,0,0,0,0,0,0,0,0,0,0,0,0,0,0,0,0,0,0,0,0,0,1260,65,,11,7153354470398,87,4187361894719,,,,,,,,,,,,,,10,0079120303848,0,175081804972278,,,,3,58603262451535,,11,828997612114,,,,44390,0674089131,43026,8263632468,,
1000-1050C*,0,1323,150024,2209,80953086969,1112,57791923968,0,491,971539754734,100,100,2,47298045657535,,14,7289345945261,305,056489267857,12,0563882667729,,,,374,834291590692,,,0,0,94,3645546196109,7500,91656082642,,,0,0,180,324427308006,,,,,1,24623618779024,0,38814240466156,0,00278468860483572,,,84,3437313740073,10210,0862181677,,,,,0,0,0,0,0,0,0,0,0,0,0,0,0,0,0,0,0,0,0,0,0,0,0,0,0,0,0,0,0,0,0,0,0,0,0,0,0,0,0,0,0,0,0,0,0,0,0,0,0,0,0,0,0,0,0,0,0,0,0,0,0,0,0,0,0,0,0,0,0,0,0,0,0,0,0,0,0,0,0,0,0,0,0,0,0,0,0,0,0,0,0,0,0,0,0,0,0,0,0,0,0,0,0,0,0,0,0,0,0,0,0,0,0,1298,15,,11,6253288561233,87,4652933473843,,,,,,,,,,,,,,11,2774531770621,0,197291588069092,,,,4,04093430194093,,12,0563882667729,,,,44325,9985211049,43018,8132158314,,
1050-1100C*,0,1373,150024,2525,64875268699,1118,46739093282,0,501,723279454817,100,100,5,02246579937851,,14,8025792674988,297,760701334653,12,359575806318,,,,374,923752542231,,,0,1,4210854715202E-14,104,319442975458,8008,90296003561,,,0,0,164,723015411967,,,,,1,24623618779024,0,410529299544493,0,00482845279946888,,,93,3328234113651,20736,0348130153,,,,,0,0,0,0,0,0,0,0,0,0,0,0,0,0,0,0,0,0,0,0,0,0,0,0,0,0,0,0,0,0,0,0,0,0,0,0,0,0,0,0,0,0,0,0,0,0,0,0,0,0,0,0,0,0,0,0,0,0,0,0,0,0,0,0,0,0,0,0,0,0,0,0,0,0,0,0,0,0,0,0,0,0,0,0,0,0,0,0,0,0,0,0,0,0,0,0,0,0,0,0,0,0,0,0,0,0,0,0,0,0,0,0,0,1348,15,,11,5053200682347,87,5273695579342,,,,,,,,,,,,,,22,9037891242879,0,400686649563862,,,,8,20688019392578,,12,359575806318,,,,44241,1357812074,43008,1290192776,,
1100-1150C*,0,1423,150024,2869,20135459603,1124,35686262596,0,511,475019154899,100,100,6,22669258126543,,14,8765921638363,290,026503230485,12,6627633458632,,,,374,966027330536,,,0,0,114,274331331305,8516,8893592448,,,0,0,149,121603515929,,,,,1,24623618779024,0,432916194427427,0,00742846619753154,,,102,321915448723,25707,8732424701,,,,,0,0,0,0,0,0,0,0,0,0,0,0,0,0,0,0,0,0,0,0,0,0,0,0,0,0,0,0,0,0,0,0,0,0,0,0,0,0,0,0,0,0,0,0,0,0,0,0,0,0,0,0,0,0,0,0,0,0,0,0,0,0,0,0,0,0,0,0,0,0,0,0,0,0,0,0,0,0,0,0,0,0,0,0,0,0,0,0,0,0,0,0,0,0,0,0,0,0,0,0,0,0,0,0,0,0,0,0,0,0,0,0,0,1398,15,,11,3853112803461,87,5894457684841,,,,,,,,,,,,,,28,3953857566773,0,496758502279922,,,,10,1746277745038,,12,6627633458632,,,,44156,9119872635,42997,4448227238,,
1150+C*,0,1623,150024,3864,46158842805,1139,08054185881,0,535,854368405106,100,100,9,81676979632229,,14,9509751246554,257,263557629998,13,4207321947262,,,,374,996152252805,,,0,0,139,161552220923,9786,85535726777,,,0,0,110,118073775832,,,,,1,24623618779024,0,488883431634761,0,0132331881884013,,,124,794645542117,40530,0679743972,,,,,0,0,0,0,0,0,0,0,0,0,0,0,0,0,0,0,0,0,0,0,0,0,0,0,0,0,0,0,0,0,0,0,0,0,0,0,0,0,0,0,0,0,0,0,0,0,0,0,0,0,0,0,0,0,0,0,0,0,0,0,0,0,0,0,0,0,0,0,0,0,0,0,0,0,0,0,0,0,0,0,0,0,0,0,0,0,0,0,0,0,0,0,0,0,0,0,0,0,0,0,0,0,0,0,0,0,0,0,0,0,0,0,0,1523,15,,11,0852893106245,87,7446362948589,,,,,,,,,,,,,,44,7670993248907,0,783170808194419,,,,16,0409362309118,,13,4207321947262,,,,43949,1194014432,42970,7343313393,,
