Name,Pennington-2010
Created,26/03/2026 11:05:22
Cpt,Composition,Boiling Temperature,Molecular Weight,Standard Liquid Density,Acidity,Aniline Point,Assay - Aromatics Vol Pct,Assay - Aromatics Wt Pct,Asphaltene Content,Basic Nitrogen Content,C to H Ratio,Cloud Point,Conradson Carbon Content,Copper Content,Cetane Number,Flash Point,Freeze Point,MON (Clear),MON (Leaded),Assay - Naphthenes Vol Pct,Assay - Naphthenes Wt Pct,Nickel Content,Nitrogen Content,Assay - Olefins Vol Pct,Assay - Olefins Wt Pct,Assay - Paraffins Vol Pct,Assay - Paraffins Wt Pct,Pour Point,Refractive Index,Reid Vapour Pressure,RON (Clear),RON (Leaded),Smoke Point,Sulfur Content,Mercaptan Sulfur Content,Sodium Content,True Vapour Pressure,Vanadium Content,Iron Content,Luminometer Number,Viscosity @ 38C,Viscosity @ 50C,Viscosity @ 60C,Wax Content,Pi C6 22DMB Wt Pct,Pi C6 22DMB Vol Pct,Pi C6 23DMB Wt Pct,Pi C6 23DMB Vol Pct,Pi C6 2MP Wt Pct,Pi C6 2MP Vol Pct,Pi C6 3MP Wt Pct,Pi C6 3MP Vol Pct,Pi C7 22-mPentane Wt Pct,Pi C7 22-mPentane Vol Pct,Pi C7 24-mPentane Wt Pct,Pi C7 24-mPentane Vol Pct,Pi C7 223-mButane Wt Pct,Pi C7 223-mButane Vol Pct,Pi C7 33-mPentane Wt Pct,Pi C7 33-mPentane Vol Pct,Pi C7 23-mPentane Wt Pct,Pi C7 23-mPentane Vol Pct,Pi C7 2-mHexane Wt Pct,Pi C7 2-mHexane Vol Pct,Pi C7 3-mHexane Wt Pct,Pi C7 3-mHexane Vol Pct,Pi C7 3-ePentane Wt Pct,Pi C7 3-ePentane Vol Pct,Pi C6 Wt Pct,Pi C6 Vol Pct,Pi C7 Wt Pct,Pi C7 Vol Pct,Pi C8 Wt Pct,Pi C8 Vol Pct,Pi C9 Wt Pct,Pi C9 Vol Pct,Pi C10  Wt Pct,Pi C10  Vol Pct,Pi C11  Wt Pct,Pi C11  Vol Pct,Pn C6 Hexane Wt Pct,Pn C6 Hexane Vol Pct,Pn C7 Heptane Wt Pct,Pn C7 Heptane Vol Pct,Pn C8 Octane Wt Pct,Pn C8 Octane Vol Pct,Pn C9 Nonane Wt Pct,Pn C9 Nonane Vol Pct,Pn C10 Decane Wt Pct,Pn C10 Decane Vol Pct,Pn C11 n-C11 Wt Pct,Pn C11 n-C11 Vol Pct,On C6 Wt Pct,On C6 Vol Pct,On C7 Wt Pct,On C7 Vol Pct,On C8 Wt Pct,On C8 Vol Pct,On C9 Wt Pct,On C9 Vol Pct,On C10 Wt Pct,On C10 Vol Pct,On C11 Wt Pct,On C11 Vol Pct,A C6 Benzene Wt Pct,A C6 Benzene Vol Pct,A C7 Toluene Wt Pct,A C7 Toluene Vol Pct,A C8 m-Xylene Wt Pct,A C8 m-Xylene Vol Pct,A C8 o-Xylene Wt Pct,A C8 o-Xylene Vol Pct,A C8 p-Xylene Wt Pct,A C8 p-Xylene Vol Pct,A C8 EthBenz Wt Pct,A C8 EthBenz Vol Pct,N C6 cyc-C5 Wt Pct,N C6 cyc-C5 Vol Pct,N C6 cyc-C6 Wt Pct,N C6 cyc-C6 Vol Pct,A C8 Wt Pct,A C8 Vol Pct,A C9 Wt Pct,A C9 Vol Pct,A C10 Wt Pct,A C10 Vol Pct,A C11 Wt Pct,A C11 Vol Pct,N C6 Wt Pct,N C6 Vol Pct,N C7 Wt Pct,N C7 Vol Pct,N C8 Wt Pct,N C8 Vol Pct,N C9 Wt Pct,N C9 Vol Pct,N C10 Wt Pct,N C10 Vol Pct,N C11 Wt Pct,N C11 Vol Pct,Pi Wt Pct,Pi Vol Pct,Pn Wt Pct,Pn Vol Pct,Oi C6 Wt Pct,Oi C6 Vol Pct,Oi C7 Wt Pct,Oi C7 Vol Pct,Oi C8 Wt Pct,Oi C8 Vol Pct,Oi C9 Wt Pct,Oi C9 Vol Pct,Oi C10 Wt Pct,Oi C10 Vol Pct,Oi C11 Wt Pct,Oi C11 Vol Pct,Centroid Boiling Temperature,Viscosity @ 100C,Hydrogen,CarbonByWt,PValue,RamsCarbonResidueByWt,SulfideByWt,ZincByWt,TinByWt,ChromiumByWt,LeadByWt,AluminiumByWt,MagnesiumByWt,MetalByWt,ArsenicByWt,CadmiumByWt,MercuryByWt,NaClByWt,SaltByWt,MudByWt,ChloridesByWt,MolybdenumByWt,AshByWt,GumByWt,MicroCarbonResidueByWt,nC5InsolublesByWt,NaphthenicAcidByWt,NaphthenicAcidByVol,Gross Heating Value,Net Heating Value,Oxygen Content,
Hydrogen,0,20,5548,2,016000032,69,85910034,0,,0,0,0,0,0,13,9,0,0,,,13,9,10,,0,0,0,0,0,0,0,0,13,9,,,130,,,0,0,0,,0,0,,,,,0,,,,,,,,,,,,,,,,,,,,,,,,,,,,,,,,,,,,,,,,,,,,,,,,,,,,,,,,,,,,,,,,,,,,,,,,,,,,,,,,,,,,,,,,,,,,,,,,,0,0,0,0,,,,,,,,,,,,,,,100,0,,,,,,,,,,,,,,,,,,,,,0,,,,,,,
Nitrogen,0,77,3498,28,0135,806,3740234,0,,0,0,0,0,0,63,1,0,0,,,63,1,,,0,0,0,0,0,0,0,0,63,1,,,,,,0,0,0,,0,0,,,,,0,,,,,,,,,,,,,,,,,,,,,,,,,,,,,,,,,,,,,,,,,,,,,,,,,,,,,,,,,,,,,,,,,,,,,,,,,,,,,,,,,,,,,,,,,,,,,,,,,0,0,0,0,,,,,,,,,,,,,,,0,0,,,,,,,,,,,,,,,,,,,,,0,,,,,,,
CO,0,81,6996,28,0109005,799,3880005,0,,0,0,0,0,0,68,2,0,0,,,68,2,,,0,0,0,0,0,0,0,0,68,2,,,120,,,0,0,0,,0,0,,,,,0,,,,,,,,,,,,,,,,,,,,,,,,,,,,,,,,,,,,,,,,,,,,,,,,,,,,,,,,,,,,,,,,,,,,,,,,,,,,,,,,,,,,,,,,,,,,,,,,,0,0,0,0,,,,,,,,,,,,,,,0,0,,,,,,,,,,,,,,,,,,,,,0,,,,,,,
Oxygen,0,90,1996,32,1137,680054,0,,0,0,0,0,0,54,4,0,0,,,54,4,,,0,0,0,0,0,0,0,0,54,4,,,120,,,0,0,0,,0,0,,,,,0,,,,,,,,,,,,,,,,,,,,,,,,,,,,,,,,,,,,,,,,,,,,,,,,,,,,,,,,,,,,,,,,,,,,,,,,,,,,,,,,,,,,,,,,,,,,,,,,,0,0,0,0,,,,,,,,,,,,,,,0,0,,,,,,,,,,,,,,,,,,,,,0,,,,,,,
Methane,0,111,625,16,04290009,299,3940125,0,,0,0,0,0,3,90,4,0,0,,85,15,90,4,,,0,0,0,0,0,0,100,100,90,4,,,120,,,0,0,0,,0,0,,,,,0,,,,,,,,,,,,,,,,,,,,,,,,,,,,,,,,,,,,,,,,,,,,,,,,,,,,,,,,,,,,,,,,,,,,,,,,,,,,,,,,,,,,,,,,,,,,,,,,,0,0,100,100,,,,,,,,,,,,,,,25,13516209,75,,,,,,,,,,,,,,,,,,,,,0,,,,,,,
Ethylene,0,169,399,28,05380058,383,2260132,0,,0,0,0,0,6,104,0,0,,137,15,104,75,6,,0,0,0,0,100,100,0,0,104,,,100,51,,,0,0,0,,0,0,,,,,0,,,,,,,,,,,,,,,,,,,,,,,,,,,,,,,,,,,,,,,,,,,,,,,,,,,,,,,,,,,,,,,,,,,,,,,,,,,,,,,,,,,,,,,,,,,,,,,,,0,0,0,0,,,,,,,,,,,,,,,14,34761566,85,71428571,,,,,,,,,,,,,,,,,,,,,0,,,,,,,
Ethane,0,000431695910206604,184,55,30,06990051,355,6830139,0,,0,0,0,0,4,90,4,0,0,,138,15,90,4,100,79,,0,0,0,0,0,0,100,100,90,4,,,111,38,,,0,0,0,,0,0,,,,,0,,,,,,,,,,,,,,,,,,,,,,,,,,,,,,,,,,,,,,,,,,,,,,,,,,,,,,,,,,,,,,,,,,,,,,,,,,,,,,,,,,,,,,,,,,,,,,,,,0,0,100,100,,,,,,,,,,,,,,,20,11147323,80,,,,,,,,,,,,,,,,,,,,,0,,,,,,,
CO2,0,194,598,44,00970078,825,335022,0,,0,0,0,0,0,217,0,0,,,217,,,0,0,0,0,0,0,0,0,217,,,,,,0,0,0,,0,0,,,,,0,,,,,,,,,,,,,,,,,,,,,,,,,,,,,,,,,,,,,,,,,,,,,,,,,,,,,,,,,,,,,,,,,,,,,,,,,,,,,,,,,,,,,,,,,,,,,,,,,0,0,0,0,,,,,,,,,,,,,,,0,0,,,,,,,,,,,,,,,,,,,,,0,,,,,,,
H2S,0,213,498,34,07600021,788,40802,0,,0,0,0,0,0,188,0,0,,,188,,,0,0,0,0,0,0,0,0,188,,2759,,,,94,1177,0,0,,0,0,,,,,0,,,,,,,,,,,,,,,,,,,,,,,,,,,,,,,,,,,,,,,,,,,,,,,,,,,,,,,,,,,,,,,,,,,,,,,,,,,,,,,,,,,,,,,,,,,,,,,,,0,0,0,0,,,,,,,,,,,,,,,5,911554252,0,,,,,,,,,,,,,,,,,,,,,0,,,,,,,
Propene,0,225,399,42,08060074,520,9550171,0,,0,0,0,0,6,87,9,0,0,,165,87,9,84,9,,0,0,0,0,100,100,0,0,87,9,,1565,102,54,,,0,0,0,,0,0,,,,,0,,,,,,,,,,,,,,,,,,,,,,,,,,,,,,,,,,,,,,,,,,,,,,,,,,,,,,,,,,,,,,,,,,,,,,,,,,,,,,,,,,,,,,,,,,,,,,,,,0,0,0,0,,,,,,,,,,,,,,,14,36465558,85,71428571,,,,,,,,,,,,,,,,,,,,,0,,,,,,,
Propane,0,00535733243197279,231,048,44,09700012,506,678009,0,,0,0,0,0,4,5,85,5,0,0,,169,15,85,5,97,1,,0,0,0,0,0,0,100,100,85,5,,1303,112,14,,,0,0,0,,0,0,,,,,0,,,,,,,,,,,,,,,,,,,,,,,,,,,,,,,,,,,,,,,,,,,,,,,,,,,,,,,,,,,,,,,,,,,,,,,,,,,,,,,,,,,,,,,,,,,,,,,,,0,0,100,100,,,,,,,,,,,,,,,18,28426304,81,81818182,,,,,,,,,,,,,,,,,,,,,0,,,,,,,
i-Butane,0,0218083470735309,261,42,58,12400055,561,9660034,0,380,85,0,0,0,0,4,8,114,0,0,,190,15,114,97,6,,0,0,0,0,0,0,100,100,114,,489,6,101,426,,,0,0,0,,0,0,,,,,0,,,,,,,,,,,,,,,,,,,,,,,,,,,,,,,,,,,,,,,,,,,,,,,,,,,,,,,,,,,,,,,,,,,,,,,,,,,,,,,,,,,,,,,,,,,,,,,,,100,100,0,0,,,,,,,,,,,,,,,17,34802065,82,75862069,,,,,,,,,,,,,,,,,,,,,0,,,,,,,
i-Butene,0,266,299,56,10770035,592,7930298,0,286,7055556,0,0,0,0,6,133,0,0,,193,15,133,88,1,,0,0,0,0,100,100,0,0,133,,442,7,105,2096138,,,0,0,0,,0,0,,,,,0,,,,,,,,,,,,,,,,,,,,,,,,,,,,,,,,,,,,,,,,,,,,,,,,,,,,,,,,,,,,,,,,,,,,,,,,,,,,,,,,,,,,,,,,,,,,,,,,,0,0,0,0,,,,,,,,,,,,,,,14,37319073,85,71428571,,,,,,,,,,,,,,,,,,,,,0,,,,,,,
1-Butene,0,266,898,56,10770035,593,7890015,0,,0,0,0,0,6,87,8,0,0,,193,15,87,8,80,8,,0,0,0,0,100,100,0,0,87,8,,432,97,4,,,0,0,0,,0,0,,0,236064836133691,0,219972008704656,0,208210021632581,0,,,,,,,,,,,,,,,,,,,,,,,,,,,,,,,,,,,,,,,,,,,,,,,,,,,,,,,,,,,,,,,,,,,,,,,,,,,,,,,,,,,,,,,,,,,,,,,,,0,0,0,0,,,,,,,,,,,,,,,14,37319073,85,71428571,,,,,,,,,,,,,,,,,,,,,0,,,,,,,
13-Butadiene,0,268,7,54,1,619,7440186,0,,0,0,0,0,8,164,0,0,,197,15,164,73,94513286,,0,0,0,0,100,100,0,0,164,,409,6,102,9723045,,,0,0,0,,0,0,,,,,0,,,,,,,,,,,,,,,,,,,,,,,,,,,,,,,,,,,,,,,,,,,,,,,,,,,,,,,,,,,,,,,,,,,,,,,,,,,,,,,,,,,,,,,,,,,,,,,,,0,0,0,0,,,,,,,,,,,,,,,11,17841035,88,88888889,,,,,,,,,,,,,,,,,,,,,0,,,,,,,
n-Butane,0,0192038031873053,272,648,58,12400055,583,2230225,0,356,35,0,0,0,0,4,8,135,0,0,,213,15,135,89,6,,0,0,0,0,0,0,100,100,135,,358,5,93,8,,,0,0,0,,0,0,,0,241514675581771,0,217701202498228,,0,,,,,,,,,,,,,,,,,,,,,,,,,,,,,,,,,,,,,,,,,,,,,,,,,,,,,,,,,,,,,,,,,,,,,,,,,,,,,,,,,,,,,,,,,,,,,,,,,0,0,100,100,,,,,,,,,,,,,,,17,34802065,82,75862069,,,,,,,,,,,,,,,,,,,,,0,,,,,,,
tr2-Butene,0,274,027,56,1,608,684021,0,,0,0,0,0,6,168,0,0,,201,168,83,84306902,,0,0,0,0,100,100,0,0,168,,343,9,105,0089318,,,0,0,0,,0,0,,,,,0,,,,,,,,,,,,,,,,,,,,,,,,,,,,,,,,,,,,,,,,,,,,,,,,,,,,,,,,,,,,,,,,,,,,,,,,,,,,,,,,,,,,,,,,,,,,,,,,,0,0,0,0,,,,,,,,,,,,,,,14,37319073,85,71428571,,,,,,,,,,,,,,,,,,,,,0,,,,,,,
i-Pentane,0,00211738728375139,301,028,72,15100098,623,4420166,0,343,95,0,0,0,0,5,113,0,0,,217,113,90,3,,0,0,0,0,0,0,100,100,113,,133,8,92,3,,,0,0,0,,0,0,,,,,0,,,,,,,,,,,,,,,,,,,,,,,,,,,,,,,,,,,,,,,,,,,,,,,,,,,,,,,,,,,,,,,,,,,,,,,,,,,,,,,,,,,,,,,,,,,,,,,,,100,100,0,0,,,,,,,,,,,,,,,16,75213296,83,33333333,,,,,,,,,,,,,,,,,,,,,0,,,,,,,
1-Pentene,0,303,096,70,13500214,638,7230225,0,292,25,0,0,0,0,6,108,0,0,,245,108,77,1,,0,0,0,0,100,100,0,0,108,,131,8,90,9,,,0,0,0,,0,0,,,,,0,,,,,,,,,,,,,,,,,,,,,,,,,,,,,,,,,,,,,,,,,,,,,,,,,,,,,,,,,,,,,,,,,,,,,,,,,,,,,,,,,,,,,,,,,,,,,,,,,0,0,0,0,,,,,,,,,,,,,,,14,37831669,85,71428571,,,,,,,,,,,,,,,,,,,,,0,,,,,,,
2M-1-butene,0,304,303,70,1,654,3800049,0,,0,0,0,0,6,136,0,0,,221,136,81,9,,0,0,0,0,100,100,0,0,136,,127,2,102,54,,,0,0,0,,0,0,,,,,0,,,,,,,,,,,,,,,,,,,,,,,,,,,,,,,,,,,,,,,,,,,,,,,,,,,,,,,,,,,,,,,,,,,,,,,,,,,,,,,,,,,,,,,,,,,,,,,,,0,0,0,0,,,,,,,,,,,,,,,14,37831669,85,71428571,,,,,,,,,,,,,,,,,,,,,0,,,,,,,
n-Pentane,0,309,209,72,15100098,629,7290039,0,343,95,0,0,0,0,5,143,0,0,,233,143,61,9,,0,0,0,0,0,0,100,100,143,,101,35,61,7,,,0,0,0,,0,0,,0,317713556013358,0,28795065870348,0,265338970196147,0,,,,,,,,,,,,,,,,,,,,,,,,,,,,,,,,,,,,,,,,,,,,,,,,,,,,,,,,,,,,,,,,,,,,,,,,,,,,,,,,,,,,,,,,,,,,,,,,,0,0,100,100,,,,,,,,,,,,,,,16,75213296,83,33333333,,,,,,,,,,,,,,,,,,,,,0,,,,,,,
cis2-Butene,0,276,867,56,1,625,9530029,0,,0,0,0,0,6,134,0,0,,203,134,83,5,,0,0,0,0,100,100,0,0,134,,314,4,100,,,0,0,0,,0,0,,,,,0,,,,,,,,,,,,,,,,,,,,,,,,,,,,,,,,,,,,,,,,,,,,,,,,,,,,,,,,,,,,,,,,,,,,,,,,,,,,,,,,,,,,,,,,,,,,,,,,,0,0,0,0,,,,,,,,,,,,,,,14,37319073,85,71428571,,,,,,,,,,,,,,,,,,,,,0,,,,,,,
3M-1-butene,0,293,204,70,1,631,2700195,0,,0,0,0,0,6,105,0,0,,217,105,85,26729455,,0,0,0,0,100,100,0,0,105,,190,101,6748769,,,0,0,0,,0,0,,,,,0,,,,,,,,,,,,,,,,,,,,,,,,,,,,,,,,,,,,,,,,,,,,,,,,,,,,,,,,,,,,,,,,,,,,,,,,,,,,,,,,,,,,,,,,,,,,,,,,,0,0,0,0,,,,,,,,,,,,,,,14,37831669,85,71428571,,,,,,,,,,,,,,,,,,,,,0,,,,,,,
2M-2-butene,0,311,704,70,1,666,1090088,0,406,15,0,0,0,0,6,139,0,0,,228,139,84,7,,0,0,0,0,100,100,0,0,139,,98,11,97,3,,,0,0,0,,0,0,,,,,0,,,,,,,,,,,,,,,,,,,,,,,,,,,,,,,,,,,,,,,,,,,,,,,,,,,,,,,,,,,,,,,,,,,,,,,,,,,,,,,,,,,,,,,,,,,,,,,,,0,0,0,0,,,,,,,,,,,,,,,14,37831669,85,71428571,,,,,,,,,,,,,,,,,,,,,0,,,,,,,
2M-13-C4==,0,307,204,68,1,684,8460083,0,,0,0,0,0,7,5,127,0,0,,219,127,81,,0,0,0,0,100,100,0,0,127,,118,6,99,1,,,0,0,0,,0,0,,,,,0,,,,,,,,,,,,,,,,,,,,,,,,,,,,,,,,,,,,,,,,,,,,,,,,,,,,,,,,,,,,,,,,,,,,,,,,,,,,,,,,,,,,,,,,,,,,,,,,,0,0,0,0,,,,,,,,,,,,,,,11,8404699,88,23529412,,,,,,,,,,,,,,,,,,,,,0,,,,,,,
tr2-Pentene,0,309,493,70,1,652,2630005,0,404,4833333,0,0,0,0,6,133,0,0,,225,133,85,14880659,,0,0,0,0,100,100,0,0,133,,106,7,100,3776273,,,0,0,0,,0,0,,,,,0,,,,,,,,,,,,,,,,,,,,,,,,,,,,,,,,,,,,,,,,,,,,,,,,,,,,,,,,,,,,,,,,,,,,,,,,,,,,,,,,,,,,,,,,,,,,,,,,,0,0,0,0,,,,,,,,,,,,,,,14,37831669,85,71428571,,,,,,,,,,,,,,,,,,,,,0,,,,,,,
cis2-Pentene,0,310,083,70,1,659,5750122,0,403,9277778,0,0,0,0,6,122,0,0,,226,122,85,14880659,,0,0,0,0,100,100,0,0,122,,104,4,100,3776273,,,0,0,0,,0,0,,,,,0,,,,,,,,,,,,,,,,,,,,,,,,,,,,,,,,,,,,,,,,,,,,,,,,,,,,,,,,,,,,,,,,,,,,,,,,,,,,,,,,,,,,,,,,,,,,,,,,,0,0,0,0,,,,,,,,,,,,,,,14,37831669,85,71428571,,,,,,,,,,,,,,,,,,,,,0,,,,,,,
Cyclopentane,0,322,398,70,13500214,748,8740234,0,289,95,0,0,0,0,6,179,0,0,,233,179,84,9,,100,100,0,0,0,0,0,0,179,,41,7,101,426,,,0,0,0,,0,0,,0,483269667509962,0,429891392256475,,0,,,,,,,,,,,,,,,,,,,,,,,,,,,,,,,,,,,,,,,,,,,,,,,,,,,,,,,,,,,,,,,,,,,,,,,,,,,,,,,,,,,,,,,,,,,,,,,,,0,0,0,0,,,,,,,,,,,,,,,14,37831669,85,71428571,,,,,,,,,,,,,,,,,,,,,0,,,,,,,
Cyclopentene,0,317,38,68,1,776,5159912,0,458,3722222,0,0,0,0,7,5,138,0,0,,244,138,69,7,,100,100,0,0,0,0,0,0,138,,81,04,93,3,,,0,0,0,,0,0,,,,,0,,,,,,,,,,,,,,,,,,,,,,,,,,,,,,,,,,,,,,,,,,,,,,,,,,,,,,,,,,,,,,,,,,,,,,,,,,,,,,,,,,,,,,,,,,,,,,,,,0,0,0,0,,,,,,,,,,,,,,,11,8404699,88,23529412,,,,,,,,,,,,,,,,,,,,,0,,,,,,,
22-Mpropane,0,282,648,72,2,595,5930176,0,291,7055556,0,0,0,0,5,257,0,0,,225,257,80,2,,0,0,0,0,0,0,100,100,257,,251,8,85,5,,,0,0,0,,0,0,,,,,0,,,,,,,,,,,,,,,,,,,,,,,,,,,,,,,,,,,,,,,,,,,,,,,,,,,,,,,,,,,,,,,,,,,,,,,,,,,,,,,,,,,,,,,,,,,,,,,,,100,100,0,0,,,,,,,,,,,,,,,16,75213296,83,33333333,,,,,,,,,,,,,,,,,,,,,0,,,,,,,
33M-1-butene,0,314,397,84,16,657,1190186,0,,0,0,0,0,6,,0,0,,241,15,157,95,93,3,,0,0,0,0,100,100,0,0,,,91,82,111,77,,,0,0,0,,0,0,,,,,0,,,,,,,,,,,,,,,,,,,,,,,,,,,,,,,,,,,,,,,,,,,,,,,,,,,,,,,,,,,,,,,,,,,,,,,,,,,,,,,,,,,,,,,,,,,,,,,,,0,0,0,0,,,,,,,,,,,,,,,14,3716,85,71428571,,,,,,,,,,,,,,,,,,,,,0,,,,,,,
H2O,0,373,148,18,01510048,997,9860229,0,,0,0,0,0,0,,0,0,,,,,,0,0,0,0,0,0,0,0,,,,,,,0,0,0,,0,0,,0,698140124178851,0,560124358458913,0,474686748589316,0,,,,,,,,,,,,,,,,,,,,,,,,,,,,,,,,,,,,,,,,,,,,,,,,,,,,,,,,,,,,,,,,,,,,,,,,,,,,,,,,,,,,,,,,,,,,,,,,,0,0,0,0,,,,,,,,,,,,,,0,279783740086422,11,18972388,0,,,,,,,,,,,,,,,,,,,,,0,,,,,,,
36-40C*,0,00405648213966577,313,149994,101,733557599116,627,82242743196,0,000484956167905129,344,250943488333,0,0,8,23920408344693E-06,0,5,31709306648032,137,403449475574,0,0,41,0116598312884,237,452880911821,153,206486894611,77,8791983431645,86,6362895431645,8,6376583051657,4,16224428520546,0,00210534122836368,0,00198693267901461,0,0,91,3623416948343,95,8377557147945,132,928680434463,1,35544266713,69,771486719745,79,5390996307011,88,2961908307011,106,944145944396,0,000761645845830185,3,95892130955369E-06,0,94,1972145768408,0,0,190,819611488214,0,384302396940049,0,358397544568262,0,335941647265058,0,799124430441106,0,0,0,0,0,0,0,0,0,0,0,0,0,0,0,0,0,0,0,0,0,0,0,0,0,0,0,0,0,0,0,0,0,0,0,0,0,0,0,0,0,0,0,0,0,0,0,0,0,0,0,0,0,0,0,0,0,0,0,0,0,0,0,0,0,0,0,0,0,0,0,0,0,0,0,0,0,0,0,0,0,0,0,0,0,0,0,0,0,0,0,0,0,0,0,0,0,0,95,8377557147945,91,3623416948343,0,0,0,0,0,0,0,0,0,0,0,0,311,149997,0,27462977127766,16,7376695371149,88,9378279388115,0,0,00255982808179827,0,0,0,0,0,0,0,0,0,0,0,5,88995617681118E-11,0,0,0,0,2,11048767643879E-11,0,0,0,0,0,50655,2681858375,44955,3394420564,0,
40-50C*,0,0115592884393062,323,149994,102,644986883468,639,547198014388,0,000550026291502375,345,604140485057,0,0,9,45621418527055E-06,0,5,21924742661006,139,776909646854,0,0,41,8270629469714,241,95145889631,155,178427675802,76,3361170749986,85,0932082749986,10,0399893660072,9,08727598836919,0,0024163204827618,0,00230951286372934,0,0,89,9600106339928,90,9127240116308,135,302140605743,1,36080759202171,53,8534496241554,77,4329598762419,86,1900510762419,78,6979469708359,0,000872927938166222,4,58349980495539E-06,0,66,689087343625,0,0,160,36110711803,0,398326188800324,0,370010857230619,0,346545466823892,0,96144435288415,99,9722834000229,99,9758470352894,0,0,0,0,0,0,0,0,0,0,0,0,0,0,0,0,0,0,0,0,0,0,99,9722834000229,99,9758470352894,0,0,0,0,0,0,0,0,0,0,0,0,0,0,0,0,0,0,0,0,0,0,0,0,0,0,0,0,0,0,0,0,0,0,0,0,0,0,0,0,0,0,0,0,0,0,0,0,0,0,0,0,0,0,0,0,0,0,0,0,0,0,0,0,0,0,0,0,0,0,90,9127240116308,89,9600106339928,0,0,0,0,0,0,0,0,0,0,0,0,0,0,318,15,0,281874697324565,16,5544013005156,85,6538498232293,0,0,00291534745416307,0,0,0,0,0,0,0,0,0,0,0,2,65048027956503E-10,0,0,0,0,9,49719454397457E-11,0,0,0,0,0,50519,582985583,44827,3047043898,0,
50-60C*,0,0138735066457772,333,149994,103,947028718257,657,134570602233,0,000642983610927011,347,537279051806,0,0,1,11948000450186E-05,0,5,14187362865225,143,950063935139,0,0,41,3782646827398,246,919469649669,156,360933861438,74,11451540649,82,87160660649,12,0433194529235,15,4832751610627,0,00286057656047341,0,00277034169903611,0,0,87,9566805470765,84,5167248389373,138,719049764856,1,36902228841945,40,4588243352976,75,1940831107938,83,9511743107937,38,3462341514649,0,00103190235578913,5,4757547983864E-06,0,46,9073840140768,0,0,88,0613083563286,0,420341770152349,0,388192476357122,0,363182797461337,1,19332995637421,47,7036180307083,47,9684730529043,18,3776007092251,18,1294987876959,33,916540384074,33,900064629665,3,01689131370418E-09,2,96494768911365E-09,0,0,0,0,0,0,0,0,0,0,0,0,0,0,0,0,99,9977591270243,99,9980364732301,0,0,0,0,0,0,0,0,0,0,0,0,0,0,0,0,0,0,0,0,0,0,0,0,0,0,0,0,0,0,0,0,0,0,0,0,0,0,0,0,0,0,0,0,0,0,0,0,0,0,0,0,0,0,0,0,0,0,0,0,0,0,0,0,0,0,0,0,0,0,84,5167248389373,87,9566805470765,0,0,0,0,0,0,0,0,0,0,0,0,0,0,328,15,0,29337484686561,16,2729744626256,82,7611421698105,0,0,0033941228219676,0,0,0,0,0,0,0,0,0,0,0,5,59545836797063E-10,0,0,0,0,2,00496329261685E-10,0,0,0,0,0,50416,9818531196,44643,8170127557,0,
60-70C*,0,0165896388320122,343,149994,105,249070553046,675,361722748519,0,00120586375198151,345,382889273978,1,29436202240651,1,62536345097202,1,29333859047666E-05,0,5,12532136037833,150,079613984359,0,0,39,7242522806931,252,357995291657,163,551552620599,71,8797776361337,80,6368688361337,17,534232602754,21,8465684595779,0,00330483263818502,0,00667317570740618,0,0,81,1714053748395,76,5280680894501,142,190551686747,1,37778082320009,29,583538417411,73,6430147556569,82,4001059556569,23,3703488942289,0,0011743771337773,7,75427679799366E-06,0,32,7730229688828,0,0,52,6111784653797,0,444965054192718,0,408461008706367,0,381770755280433,1,43281264900016,0,0,0,000113387680813876,0,000112960831489913,18,6688945489189,18,8439786853243,23,2293816274409,23,0547300553594,0,0,0,0,0,0,0,0,0,0,0,0,0,0,0,0,41,8983895640406,41,8988217015152,0,0,0,0,0,0,0,0,0,0,58,0979788376824,58,0979784029699,0,0,0,0,0,0,0,0,0,0,0,0,0,0,0,0,0,0,0,0,0,0,0,0,0,0,0,0,0,0,0,0,0,0,0,00363159827699044,0,0031998955148619,0,0,0,0,0,0,0,0,0,0,0,00363159827699044,0,0031998955148619,0,0,0,0,0,0,0,0,0,0,32,0651925729331,34,010950725505,44,4628755165171,47,1604546493345,0,0,0,0,0,0,0,0,0,0,0,0,338,15,0,306380293708678,15,9684710702419,80,8770344222056,0,0,00383865177817276,0,0,0,0,0,0,0,0,0,0,0,8,54043645637622E-10,0,0,0,0,3,06020713083625E-10,0,0,0,0,0,49841,0252893091,44463,7388921303,0,
70-80C*,0,0197510203366833,353,149994,106,551112387835,693,844487521802,0,00207198816519805,340,590790704963,3,42398432869857,4,28480817846296,1,46719717645146E-05,0,5,16928135530369,156,084503524362,0,0,37,440560143062,261,223747297896,171,257642142631,68,4569662581308,77,2140574581308,25,8091330280982,28,610024857254,0,00374908871589663,0,0127971581798228,0,0,70,7668826432032,67,105166964283,145,742988955452,1,38694268974875,21,0531384732705,72,5375885839214,81,2946797839214,24,7696512324793,0,00130620458632888,1,11423010536335E-05,0,22,7403242732689,0,0,56,121110087872,0,472548193188349,0,431088964969042,0,402560434317867,1,65961365574577,0,0,0,0,0,0,0,0,2,59216943140413,2,91196277583923,1,09144992968335,1,22786397514642,0,0,0,0,0,0,0,0,0,0,0,0,0,0,3,68361936108748,4,13982675098566,0,0,0,0,0,0,0,0,1,06045533345132,1,21699360348356,0,0,0,0,0,0,0,0,0,0,0,0,0,0,0,0,0,0,0,0,0,0,9,90265947735449,8,53648353578355,0,0,0,0,0,0,0,0,0,0,80,1073297582055,81,0039449712712,5,24593606990123,5,10275113847608,0,0,0,0,0,0,0,0,85,3532658281067,86,1066961097472,0,0,0,0,0,0,0,0,0,0,52,1049747684615,54,6896506629674,15,0001921958215,16,0772319802357,0,0,0,0,0,0,0,0,0,0,0,0,348,15,0,321080014205166,15,6408911233646,78,5040120780675,0,0,00424893432277856,0,0,0,0,0,0,0,0,0,0,0,1,14854145447818E-09,0,0,0,0,4,11545096905565E-10,0,0,0,0,0,49439,6508498268,44290,7965882931,0,
80-90C*,0,020923960136109,363,149994,107,853154222624,712,198697990636,0,00264224043795704,335,798692135947,5,55360663499063,6,66087897139381,1,64105576242626E-05,0,5,27031512107984,161,973401427977,0,0,34,9458988889235,268,141955218325,179,17604479587,66,3041072190611,75,0611984190611,34,2330875765066,38,123190089921,0,00419334479360824,0,0189211406522394,0,0,60,2133057885028,55,2159309386851,149,40270415501,1,39633760290151,14,4139823059403,71,6356383686774,80,3927295686774,26,1689535707296,0,00143803203888046,1,46729555190012E-05,0,15,6673092791443,0,0,59,5903143320606,0,503500905068722,0,456391649963402,0,425841048399328,1,87327427268589,0,0,0,0,0,0,0,0,0,0727442167815136,0,0812761493932873,2,83916789497026,3,1767257928673,0,0,0,0,4,72384090780041,5,11850007761896,12,4991946949129,13,8714808380131,0,00242542598159645,0,00265793630868088,2,68173564928672E-12,2,89284634391783E-12,0,0,20,1373731404494,22,2506407942043,0,0,0,0,0,0,0,0,0,0,0,0,0,0,0,0,0,0,0,0,0,0,0,0,0,0,0,0,0,0,0,0,6,62157000485652,5,6771497510923,0,0,0,0,0,0,0,0,0,0,0,0,33,9443711036731,32,8391097252697,0,0,0,0,0,0,0,0,33,9443711036731,32,8391097252697,39,296685751021,39,2330997294337,0,0,0,0,0,0,0,0,55,2159309386851,60,2133057885028,0,0,0,0,0,0,0,0,0,0,0,0,0,0,358,15,0,337687666304938,15,2902346219937,78,3048692041772,0,0,00462497045578499,0,0,0,0,0,0,0,0,0,0,0,1,44303926331874E-09,0,0,0,0,5,17069480727505E-10,0,0,0,0,0,48834,9022033593,44127,9400202451,0,
90-100C*,0,0246184454275571,373,149994,109,155196057413,730,040187223574,0,00351684188113842,331,006593566931,8,69927100129481,10,2822208556965,1,81491434840106E-05,0,5,42188434266446,167,758772227024,0,0,32,5441923571713,275,043226968107,187,003602948655,64,7024956327268,73,4595868327268,41,1981743982613,44,0449968908666,0,00463760087131985,0,0250451231246561,0,0,50,1025546004439,45,6727822534369,153,196039869459,1,40576414798279,9,13786851802737,70,6949978830148,79,4520890830148,27,56825590898,0,00156985949143204,1,82027428093478E-05,0,10,7156648150324,0,0,63,0187911979455,0,5383020246403,0,484735394455253,0,451947007786028,2,07821020067927,0,0,0,0,0,0,0,0,0,0,0,0,0,0,0,0,2,50669141728877,2,47502531594493,15,852704986046,16,0315491550951,23,8306686393609,23,7971031077352,1,52624340811087,1,50025306364744,0,0,43,7163084508066,43,8039306424227,0,0,0,0,0,0,0,0,0,0,53,7181259448408,53,906844054232,0,0,0,0,0,0,0,0,0,0,0,0,0,0,0,0,0,0,0,0,0,0,0,0,0,0,0,0,0,0,0,0,0,0,0,0,0,0,0,0,0,0,0,0,0,0,2,56556560435266,2,2892253033453,0,0,0,0,0,0,0,0,20,4921950764356,22,461072829885,25,1805871770013,27,6414817705589,0,0,0,0,0,0,0,0,0,0,0,0,368,15,0,356445380918343,14,9165015661292,79,1250181959066,0,0,00496676017719206,0,0,0,0,0,0,0,0,0,0,0,1,7375370721593E-09,0,0,0,0,6,22593864549444E-10,0,0,0,0,0,48152,7647936777,43977,4817558829,0,
100-110C*,0,0283714847117997,383,149994,110,457237892202,746,98478828917,0,00445903823030614,326,214494997916,10,5599524533725,12,5012939368882,1,98877293437587E-05,0,5,61401065292239,173,456678875886,0,0,30,456869265997,281,929104575811,194,437158969325,63,5248392679684,72,2819304679684,48,4135386778951,49,7222934454203,0,00508185694903146,0,0311691055970727,0,0,41,0265088687324,37,7764126176915,157,149338682836,1,41499019033781,6,76320973666146,69,4735009000239,78,2305921000238,28,9675582472304,0,00170168694398362,2,15881655399241E-05,0,7,27405367643317,0,0,66,4065406855266,0,57751382403132,0,51654768585333,0,481266573634742,2,27883714058465,0,0,0,0,0,0,0,0,0,0,0,0,0,0,0,0,0,0,0,0,0,0,0,0,0,0,0,0,0,0,0,0,0,0,0,0,0,0,0,0513372015413078,0,0579137631554798,0,0,0,0,0,0,0,0,0,0,0,0,0,0,0,0,0,0,0,0,0,0,3,03122394198259,2,69939333204481,0,0,0,0,0,0,0,0,0,0,0,0,0,0,0,0,0,0,0,0,0,0,96,9174388564761,97,2426929047997,0,0,0,0,0,0,0,0,37,7250754161502,40,968595105577,0,0513372015413078,0,0579137631554798,0,0,0,0,0,0,0,0,0,0,0,0,378,15,0,377628269262822,14,519691955771,80,7636361294099,0,0,00527430348699975,0,0,0,0,0,0,0,0,0,0,0,2,03203488099986E-09,0,0,0,0,7,28118248371384E-10,0,0,0,0,0,47393,238620782,43841,241418184,0,
110-120C*,0,0322051540662275,393,149994,110,96138346842,762,648334255979,0,00546882948546021,321,4223964289,12,1816623119288,14,4167878573238,2,16263152035067E-05,0,5,83280747779389,179,086600085602,0,0,28,8486693990545,288,800875057926,201,173555226215,62,6438458936265,71,4009370936265,54,2412893049971,54,4207716940217,0,00552611302674307,0,0372930880694893,0,0,33,577048383074,31,1624404486545,161,28894317918,1,42375541237373,6,50296821002538,67,7289811927945,76,4860723927945,30,3668605854807,0,00173154000528802,2,46857263259808E-05,0,4,89968911879822,0,0,69,753562794804,0,621799871466485,0,552329707429556,0,514252498329988,2,47957079326079,0,0,0,0,0,0,0,0,0,0,0,0,0,0,0,0,0,0,0,0,0,0,0,0,0,0,0,0,32,6222554364375,35,6222598220462,0,0,0,0,0,0,0,0,0,0,0,0,0,0,0,0,0,0,0,0,0,0,0,0,0,0,0,0,0,0,0,0,19,4796232669371,17,2806420523051,0,0,0,0,0,0,0,0,0,0,0,0,0,0,0,0,0,0,0,0,0,0,0,0,47,8981212966254,47,0970981256487,0,0,0,0,0,0,31,1624404486545,33,577048383074,0,0,0,0,0,0,0,0,0,0,0,0,0,0,388,15,0,401549800403018,14,0998057909192,83,0393718340949,0,0,00554760038520809,0,0,0,0,0,0,0,0,0,0,0,1,10885019912779E-07,0,0,0,0,3,97322935863147E-08,0,0,0,0,0,46556,3236846723,43749,7929194005,0,
120-130C*,0,0346091700981522,403,149994,114,959966016836,774,134989834906,0,00655690872342325,320,187296041045,13,1820020704968,15,4655843643983,2,33649010632547E-05,0,6,00631066438816,184,813514141704,0,0,28,9269280481928,295,659628714321,204,123016676994,61,9837934341027,70,7408846341027,56,3044389370808,56,235785424437,0,00597036910445468,0,0622971012926071,0,0,30,5135589924224,28,2986302111647,165,877052205654,1,4303733429945,6,24778515459541,63,0474968123494,71,8045880123494,29,9340996103975,0,00254178398007866,2,6100324558609E-05,0,3,27410946973025,0,0,68,72278240504,0,674604699223143,0,595303825072325,0,552152726826975,2,68482685956642,0,0,0,0,0,0,0,0,0,0,0,0,0,0,0,0,0,0,0,0,0,0,0,0,0,0,0,0,9,09035128280089E-05,9,45801515296783E-05,0,0,0,0,0,0,0,0,0,0,64,2746359368747,66,6784170924287,0,0,0,0,0,0,0,0,0,0,0,0,0,0,0,0,0,0,0,0,0,0,0,0,0,0,0,0,0,0,0,0,0,0,0,0,0,0,0,0,0,0,0,0,0,0,35,7252731596124,33,3214883274198,0,0,0,0,0,0,0,0,28,2986302111647,30,5135589924224,0,0,0,0,0,0,0,0,0,0,0,0,398,15,0,425074507138047,13,9410858046966,85,0769601233263,0,0,00578665087181705,0,0,0,0,0,0,0,0,0,0,0,2,54019632488643E-07,0,0,0,0,9,10202534360856E-08,0,0,0,0,0,46239,0583788563,43648,7597482849,0,
130-140C*,0,0361658172105169,413,149994,119,43110680277,782,714248293904,0,0077163333955579,320,847989729333,14,2660056756131,16,5860023538124,2,51034869230027E-05,0,6,13596456470817,190,579848566014,0,0,30,0332540919971,302,506300924676,205,32249975921,61,3834363246025,70,1405275246025,57,2317385437383,57,0163089277482,0,00641462518216629,0,0977821653959699,0,0,28,5022557806486,26,3976887184394,170,786877156335,1,43540939545098,5,99771301597607,59,6957802015216,68,4528714015216,28,5308350102643,0,00357005936150561,2,67315320421519E-05,0,2,16992315290012,0,0,65,3535936635028,0,736560040560054,0,645804042239373,0,59556485135122,2,89902104036031,0,0,0,0,0,0,0,0,0,0,0,0,0,0,0,0,0,0,0,0,0,0,0,0,0,0,0,0,0,0,4,25930234802091E-16,4,73321048488908E-16,0,0,0,0,0,0,0,0,0,0,0,0,0,0,0,0,0,0,0,0,0,0,0,0,0,0,0,0,0,0,0,0,9,72105442495988,9,02366778723098,4,19359141409852E-18,3,8210595727498E-18,10,1254759492529,9,42792952394528,10,1310347285706,9,37017683181903,0,0,0,0,29,9775651027833,27,8217741429953,0,0,0,0,0,0,0,0,0,0,70,0224348972167,72,1782258570047,0,0,0,0,0,0,26,3976887184394,28,5022557806486,0,0,0,0,0,0,0,0,0,0,0,0,0,0,408,15,0,449395061246429,13,9360413590836,86,4716110029009,0,0,013184946847141,0,0,0,0,0,0,0,0,0,0,0,3,97154245064507E-07,0,0,0,0,1,42308213285857E-07,0,0,0,0,0,46239,4199027517,43563,8708312186,0,
140-150C*,0,0367357044761334,423,149994,124,299354738325,790,105929283411,0,00893801962172489,321,571425143407,15,0105487423552,17,1947670525327,2,68420727827507E-05,0,6,24913110669022,196,292460375562,0,0,31,4182467326509,309,341702896494,207,457622856441,60,6722827949046,69,4293739949046,57,4113346034881,57,4496927639943,0,0068588812598779,0,133267229499333,0,0,27,5781166541567,25,355540183473,175,844398263073,1,43977413526863,5,75280214706209,54,2020078373099,62,9590990373099,27,1842305029356,0,00459833474293255,2,73627395256947E-05,0,1,42597351899186,0,0,62,0819327477511,0,807734270592344,0,703570091736583,0,644977316865033,3,12656903650119,0,0,0,0,0,0,0,0,0,0,0,0,0,0,0,0,0,0,0,0,0,0,0,0,0,0,0,0,0,0,74,3790999140778,77,613008991872,0,0,0,0,0,0,0,0,0,0,2,33236974198386,2,44687569808987,0,0,0,0,0,0,0,0,0,0,0,0,0,0,0,0,0,0,0,0,0,905299617789148,0,789093225288134,22,370884129811,19,1402275638647,0,0122746403852819,0,0107318825866687,3,49209882819169E-13,3,0328208914917E-13,0,0,0,0,23,2884583879858,19,9400526717398,7,19559525267516E-05,6,26382983069238E-05,0,0,0,0,0,0,0,0,0,0,0,0,0,0,0,0,23,0231704414891,25,1312409560669,2,33236974198386,2,44687569808987,0,0,0,0,0,0,0,0,0,0,0,0,418,15,0,476654592620032,13,9309969134706,87,2068095545813,0,0,021979346746514,0,0,0,0,0,0,0,0,0,0,0,5,40288857640371E-07,0,0,0,0,1,93596173135628E-07,0,0,0,0,0,46239,781426647,43484,939078945,0,
150-160C*,0,0326307717809339,433,149994,129,489258735605,796,633729478098,0,010218933525857,322,318990283376,15,6633021995511,17,7750948476505,2,85806586424988E-05,0,6,34929231691933,201,932994892753,0,0,32,9592171761209,316,166544788216,208,228210170143,59,8943791433165,68,6514703433165,58,1255978188644,58,1764484488191,0,00730313733758951,0,150498354749912,0,0,26,2110999815845,24,0484567035303,181,009040170023,1,44363152645224,5,51310065825743,47,8844261575112,56,6415173575112,25,8942860884115,0,00562661012435949,2,79939470092375E-05,0,0,928922263560238,0,0,58,9125606989337,0,889810010650229,0,769869995020951,0,701389693395804,3,37188654884781,0,0,0,0,0,0,0,0,0,0,0,0,0,0,0,0,0,0,0,0,0,0,0,0,0,0,0,0,0,0,0,0,0,0,0,0,0,0,0,0,0,0,10,2720223149885,11,4712741805601,0,0,0,0,0,0,0,0,0,0,0,0,0,0,0,0,0,0,0,0,0,0,0,0,0,0,0,0,0,0,0,0,0,0,23,7892297147365,22,0442232752369,0,0,0,0,0,0,0,0,0,0,65,938747970275,66,484502544203,0,0,0,0,13,7764343885418,14,7398258010244,10,2720223149885,11,4712741805601,0,0,0,0,0,0,0,0,0,0,0,0,428,15,0,507272844380112,13,9259524678576,88,2902093358666,0,0,0310959297285016,0,0,0,0,0,0,0,0,0,0,0,6,83423470216235E-07,0,0,0,0,2,44884132985398E-07,0,0,0,0,0,46240,1429505423,43411,1620580582,0,
160-170C*,0,031954063072599,443,149994,134,925367706712,802,621345552635,0,0115560412318871,323,090685149239,16,2776328130607,18,3248113038013,3,03192445022468E-05,0,6,44198706304948,207,481273338844,0,0,34,5371158446248,322,981453432259,211,956042379955,59,2289517035829,67,9860429035829,58,9482108455921,58,9665525568259,0,00774739341530111,0,192740281394542,0,0,24,7741563413472,22,7086361393728,186,240227521336,1,44715611130982,5,27865426312549,40,7430351621255,49,5001263621255,24,6610017666919,0,00665488550578643,2,86251544927803E-05,0,0,599691777132532,0,0,55,8500382313534,0,984855243582528,0,846248853881784,0,766009507470386,3,63938927825892,0,0,0,0,0,0,0,0,0,0,0,0,0,0,0,0,0,0,0,0,0,0,0,0,0,0,0,0,0,0,0,0,3,78843269074507E-05,4,10789434562732E-05,0,0,0,0,0,0,0,0,0,0,6,31749378647277E-06,6,87802272045248E-06,0,0,0,0,0,0,0,0,0,0,0,0,0,0,0,0,0,0,0,0,0,0,0,0,0,0,0,0,0,0,0,0,0,0,0,0,0,0,0,0,0,0,0,0,99,9999557981793,99,9999520430338,0,0,0,0,22,708629821879,24,7741494633245,6,31749378647277E-06,6,87802272045248E-06,0,0,0,0,0,0,0,0,0,0,0,0,438,15,0,541743262091026,13,9209080222446,89,3033174934653,0,0,040534695793104,0,0,0,0,0,0,0,0,0,0,0,8,26558082792099E-07,0,0,0,0,2,96172092835169E-07,0,0,0,0,0,46240,5044744377,43340,3977377283,0,
170-180C*,0,0311868824083657,453,149994,140,521485933931,808,448156204712,0,0129491159451125,323,885435576914,16,9152220605497,18,8785997088714,3,20578303619948E-05,0,6,53583410205204,212,911698088844,0,0,36,0115581636818,329,786986146791,217,386467129955,58,5668259579706,67,3239171579706,59,6348143142652,59,6650215589709,0,00819164949301272,0,260122914509573,0,0,23,4499636251851,21,4563787321576,191,489856289293,1,45056181295061,5,04950611959061,32,9664810639539,41,7235722639539,23,4838396226212,0,00778145926430539,2,92287960834723E-05,0,0,383559308039418,0,0,52,8973699008888,1,09534906037646,0,93446656780388,0,84020851157498,3,93349292559326,0,0,0,0,0,0,0,0,0,0,0,0,0,0,0,0,0,0,0,0,0,0,0,0,0,0,0,0,0,0,0,0,83,6724970180225,83,8904435201811,0,0,0,0,0,0,0,0,0,0,12,6134604250414,12,6976427152754,0,0,0,0,0,0,0,0,0,0,0,0,0,0,0,0,0,0,0,0,0,0,0,0,0,0,0,0,0,0,0,0,0,0,9,92914194998638E-10,8,46180808723161E-10,0,0,0,0,0,0,0,0,0,0,3,71404255594324,3,41191376369729,0,0,8,84291830711625,10,7523209099097,12,6134604250414,12,6976427152754,0,0,0,0,0,0,0,0,0,0,0,0,448,15,0,580637727471218,13,9127056279642,90,1348500861925,0,0,0502956449403211,0,0,0,0,0,0,0,0,0,0,0,9,69692695367963E-07,0,0,0,0,3,4746005268494E-07,0,0,0,0,0,46236,6477059471,43268,9028686992,0,
180-190C*,0,0304802825227723,463,149994,145,854614947817,816,647677467433,0,014486521355533,324,660455339362,17,9606292633198,19,9836196382693,3,37964162217428E-05,0,6,70246435474188,218,052550999335,0,0,36,3719861746987,336,583641658298,222,527320040447,57,8559831693937,66,6130743693937,59,189125527209,59,0340590491719,0,00863590557072433,1,18330064046713,0,0,22,8502452094712,20,9823213125588,196,417468195357,1,45533221178029,4,82569666684509,32,8074606276314,41,5645518276314,22,3413733579462,0,0130870209495139,2,86605207329049E-05,0,0,242975333809528,0,0,50,0041680134611,1,21841814343764,1,029586891574,0,920620880075326,4,3105216024964,0,0,0,0,0,0,0,0,0,0,0,0,0,0,0,0,0,0,0,0,0,0,0,0,0,0,0,0,0,0,0,0,0,0,0,0,0,0,0,0,0,0,0,0,0,0,0,0,0,0,0,0,0,0,0,0,0,0,0,0,0,0,0,0,0,0,0,0,0,0,0,0,0,0,0,0,0,0,0,0,26,1941128244806,24,7690569997958,0,0,0,0,0,0,0,0,0,0,73,8058781060952,75,230933152044,9,06942417379291E-06,9,84816016884383E-06,20,9823213125588,22,8502452094712,0,0,0,0,0,0,0,0,0,0,0,0,0,0,458,15,0,623977296036581,13,7750918452321,91,7553695983025,0,0,0603787771701529,0,0,0,0,0,0,0,0,0,0,0,4,18704596604836E-06,0,0,0,0,1,50030130051188E-06,0,0,0,0,0,46062,4204882542,43164,257402399,0,
190-200C*,0,0297972252215859,473,149994,151,288140411652,824,779310691979,0,0160239267659534,325,469255284544,19,0530132585091,21,2203326402442,3,55350020814908E-05,0,6,87879237636674,223,05710592674,0,0,36,6480228773936,343,371868852483,227,531874967852,57,1465342737162,65,9036254737162,59,1718480933564,58,6350589385962,0,00908016164843594,2,10647836642469,0,0,21,7751386481345,20,1446084211596,201,357538234982,1,46005698544947,4,60726345815307,32,7158557003931,41,4729469003931,21,2603998993303,0,0183925826347224,2,80922453823376E-05,0,0,152398580138068,0,0,47,2416954167386,1,35734669002331,1,13799345368901,1,01194441522809,4,76604582282222,0,0,0,0,0,0,0,0,0,0,0,0,0,0,0,0,0,0,0,0,0,0,0,0,0,0,0,0,0,0,0,0,0,0,28,1354352908884,28,3825797935598,0,0,0,0,0,0,0,0,0,0,3,12615947676538,3,15897611936152,0,0,0,0,0,0,0,0,0,0,0,0,0,0,0,0,0,0,0,0,0,0,0,0,0,0,0,0,0,0,0,0,0,0,0,0,0,0,0,0,0,0,0,0,0,0,68,7384052323462,68,4584440870786,17,0184489443942,18,616162528773,3,12615947676538,3,15897611936152,0,0,0,0,0,0,0,0,0,0,0,0,468,15,0,672771064438328,13,6469472770999,93,4590896019096,0,0,0707840924825995,0,0,0,0,0,0,0,0,0,0,0,9,28859776911541E-06,0,0,0,0,3,32828811193774E-06,0,0,0,0,0,45905,7166775033,43056,2432632876,0,
200-210C*,0,0296046407726708,483,149994,156,820957549282,832,698248774772,0,0175613321763739,326,320910929733,20,1754905476875,22,3887415100498,3,72735879412389E-05,0,7,06006116942047,227,933893960881,0,0,36,9084534052038,350,152073867354,232,408663001992,56,4414524838766,65,1985436838766,58,6321800300077,57,9547600863257,0,00952441772614755,3,02965609238225,0,0,21,1923294223047,19,6564984036244,206,333100134799,1,46464620509896,4,39424098978377,32,5563805027918,41,3134717027918,20,2454640443247,0,023698144319931,2,75239700317703E-05,0,0,0946120787502722,0,0,44,6258616399246,1,51401906800399,1,26185007438255,1,11591499567672,5,24306666142745,0,0,0,0,0,0,0,0,0,0,0,0,0,0,0,0,0,0,0,0,0,0,0,0,0,0,0,0,0,0,0,0,0,0,2,70660056019305E-14,3,13463066911723E-14,0,0,0,0,0,0,0,0,0,0,1,50366697788503E-15,1,74441919987245E-15,0,0,0,0,0,0,0,0,0,0,0,0,0,0,0,0,0,0,0,0,0,0,0,0,0,0,0,0,0,0,0,0,0,0,88,1360150184235,88,1139847575402,0,0,0,0,0,0,0,0,0,0,0,0,19,6564984036244,21,1923294223047,0,0,0,0,0,0,0,0,0,0,0,0,0,0,478,15,0,727838264604215,13,5282719235676,95,191645842928,0,0,0815115908776607,0,0,0,0,0,0,0,0,0,0,0,1,43901495721825E-05,0,0,0,0,5,1562749233636E-06,0,0,0,0,0,45766,5362736944,42947,4160471963,0,
210-220C*,0,029019198571884,493,149994,162,451961584556,840,259684612233,0,0190987375867944,327,224497792201,21,3111776324249,23,5392218465412,3,90121738009869E-05,0,7,24047357994643,232,692684138405,0,0,37,2162987142322,356,924625903101,237,167453179516,55,7437110128131,64,5008022128131,57,9637403228338,57,2108051499448,0,00996867380385916,3,95283381833981,0,0,20,7250820447413,19,249973003514,211,36718762144,1,46900662513408,4,18666052635124,32,3745567800232,41,1316479800233,19,301110590481,0,0269526140469166,2,6955694681203E-05,0,0,0581180077396885,0,0,42,1726999184872,1,69047998854022,1,40374063401007,1,23460188710575,5,73813043571455,0,0,0,0,0,0,0,0,0,0,0,0,0,0,0,0,0,0,0,0,0,0,0,0,0,0,0,0,0,0,0,0,0,0,0,0,0,0,0,0,0,0,0,0,0,0,0,0,0,0,0,0,0,0,0,0,0,0,0,0,0,0,0,0,0,0,0,0,0,0,0,0,0,0,0,0,0,0,0,0,0,0,0,0,0,0,0,0,0,0,0,0,0,0,0,0,19,249973003514,20,7250820447413,0,0,0,0,0,0,0,0,0,0,0,0,0,0,488,15,0,790150803770306,13,4190657846352,96,8881066303256,0,0,0925612723553367,0,0,0,0,0,0,0,0,0,0,0,1,94917013752495E-05,0,0,0,0,6,98426173478946E-06,0,0,0,0,0,45644,8792768276,42840,495204589,0,
220-230C*,0,0284447667654778,503,149994,168,180047741321,847,318811100784,0,01972789047023,328,189091389223,22,4431910142911,24,6626967991838,4,07507596607349E-05,0,7,41323017468901,237,344398114431,0,0,37,6298171225995,363,689862026194,241,819167155542,55,0562830734642,63,8133742734642,57,2215161534012,56,4356687799629,0,0104129298815708,4,28684090595937,0,0,20,3352928323078,18,9016344208534,216,482834421537,1,47304246143599,3,98454992288707,32,1693959071372,40,9264871071372,18,4318843353506,0,0334931629296721,2,66994562799438E-05,0,0,0353116644106493,0,0,39,8983026194919,1,88892052103778,1,56676287207481,1,37048264275873,6,24778346308597,0,0,0,0,0,0,0,0,0,0,0,0,0,0,0,0,0,0,0,0,0,0,0,0,0,0,0,0,0,0,0,0,0,0,0,0,0,0,0,0,0,0,0,0,0,0,0,0,0,0,0,0,0,0,0,0,0,0,0,0,0,0,0,0,0,0,0,0,0,0,0,0,0,0,0,0,0,0,0,0,0,0,0,0,0,0,0,0,0,0,0,0,0,0,0,0,18,9016344208534,20,3352928323078,0,0,0,0,0,0,0,0,0,0,0,0,0,0,498,15,0,860867940992128,13,3193288603028,98,4768340388411,0,0,103933136915627,0,0,0,0,0,0,0,0,0,0,0,2,45932531783166E-05,0,0,0,0,8,81224854621532E-06,0,0,0,0,0,45540,7456869029,42738,2945279391,0,
230-240C*,0,0279351861360281,513,150024,173,735007767472,851,972543398085,0,0261855969995368,329,284257275945,23,4541503001381,25,6113752520725,4,24893455204829E-05,0,7,50587461529326,242,031451727813,0,0,38,8598594142278,370,448091176164,246,506220768924,54,4182432439153,63,1753344439153,56,7467274447151,55,9972666312232,0,0108571859592824,7,38763310831144,0,0,19,7991222551468,18,3913581167043,221,934513742999,1,47557863285562,3,78793344402562,31,9616303151934,40,7187215151934,17,7010730045398,0,0408107324022246,2,47998319122326E-05,0,0,021213230353765,0,000692456443918046,0,0082615715524929,37,9739176213349,2,09622032053821,1,73798204692606,1,50837034567515,6,76857206094418,0,0,0,0,0,0,0,0,0,0,0,0,0,0,0,0,0,0,0,0,0,0,0,0,0,0,0,0,0,0,0,0,0,0,0,0,0,0,0,0,0,0,0,0,0,0,0,0,0,0,0,0,0,0,0,0,0,0,0,0,0,0,0,0,0,0,0,0,0,0,0,0,0,0,0,0,0,0,0,0,0,0,0,0,0,0,0,0,0,0,0,0,0,0,0,0,18,3913581167043,19,7991222551468,0,0,0,0,0,0,0,0,0,0,0,0,0,0,508,15,0,923644027876626,13,2326308280132,99,1357875318588,0,0,115627184558533,0,0,0,0,0,0,0,0,0,0,0,2,96948049813836E-05,0,0,0,0,1,06402353576412E-05,0,0,0,0,0,45482,9552411913,42778,0038492144,0,
240-250C*,0,0274810657360699,523,150024,179,169682647427,856,336780255563,0,0353789813983859,330,510048405121,24,326245985075,26,3900166981013,0,000317875917130176,0,7,5906704691748,246,603335930813,0,0,40,1072546034354,377,199597533784,251,078104971924,53,7861474016848,62,5432386016848,56,5969988067781,55,9086966553198,0,0812259615200712,11,3419537454011,0,0,19,0767552081469,17,7012866465789,227,710738295018,1,47790018888285,3,59683158073947,31,7257832532533,40,4828744532533,17,1044594262393,0,0488613137842117,2,2286457544232E-05,0,0,0125952540633132,0,0051804805295727,0,0618073684594472,36,3946680780098,2,32208759336397,1,91855050186564,1,64895415785858,7,29704254669163,0,0,0,0,0,0,0,0,0,0,0,0,0,0,0,0,0,0,0,0,0,0,0,0,0,0,0,0,0,0,0,0,0,0,0,0,0,0,0,0,0,0,0,0,0,0,0,0,0,0,0,0,0,0,0,0,0,0,0,0,0,0,0,0,0,0,0,0,0,0,0,0,0,0,0,0,0,0,0,0,0,0,0,0,0,0,0,0,0,0,0,0,0,0,0,0,17,7012866465789,19,0767552081469,0,0,0,0,0,0,0,0,0,0,0,0,0,0,518,15,0,979201868063733,13,158439242323,99,7245024311106,0,0,127643415284053,0,0,0,0,0,0,0,0,0,0,0,3,47963567844507E-05,0,0,0,0,1,2468222169067E-05,0,0,0,0,0,45455,5104400311,42719,1577032657,0,
250-260C*,0,0270346192226387,533,150024,184,78497819148,859,412072017905,0,044572365797235,331,80410261418,25,1488025684248,27,1306900528489,0,000593262488739868,0,7,62935425319624,251,137589403113,0,0,41,7490350211935,383,944643372887,255,612358444224,53,1805164782257,61,9376076782257,56,5248184589255,55,868961840865,0,15159473708086,15,2962743824907,0,0,18,3263789726497,17,0003481062861,233,561215812914,1,47939582424155,3,41126086512508,31,4899361913132,40,2470273913132,16,5772140243869,0,0574654062755484,1,97730831762314E-05,0,0,00738824050957575,0,00966850461522736,0,115353165366402,34,9928751413528,2,58969694163936,2,12662507601807,1,81091226943247,7,82974123773077,0,0,0,0,0,0,0,0,0,0,0,0,0,0,0,0,0,0,0,0,0,0,0,0,0,0,0,0,0,0,0,0,0,0,0,0,0,0,0,0,0,0,0,0,0,0,0,0,0,0,0,0,0,0,0,0,0,0,0,0,0,0,0,0,0,0,0,0,0,0,0,0,0,0,0,0,0,0,0,0,0,0,0,0,0,0,0,0,0,0,0,0,0,0,0,0,17,0003481062861,18,3263789726497,0,0,0,0,0,0,0,0,0,0,0,0,0,0,528,15,1,04450848570002,13,0925383764236,99,7415190780453,0,0,139981829092188,0,0,0,0,0,0,0,0,0,0,0,6,68263120516462E-05,0,0,0,0,2,39451880138112E-05,0,0,0,0,0,45428,0656388709,42676,4757481049,0,
260-270C*,0,0284126144119807,543,150024,190,658997590763,862,075187061847,0,0537657501960841,333,157175561996,25,9264507391232,27,8393008629423,0,000868649060349561,0,7,65373516474183,255,570394203245,0,0,43,4628572561724,377,071287725423,260,045163244356,52,5833484624677,61,3404396624677,56,5238974124815,55,8735395066603,0,221963512641649,19,2505950195804,0,0,17,5496518483953,16,2871596303974,239,43888685304,1,48060457846908,3,2312336838066,31,2540891293731,40,0111803293731,16,106090863354,0,0665588184236583,1,72597088082308E-05,0,0,00427979722025108,0,014156528700882,0,168898962273356,33,7354033136865,2,90949501848841,2,36763628842843,1,99857950441726,8,32040501921884,0,0,0,0,0,0,0,0,0,0,0,0,0,0,0,0,0,0,0,0,0,0,0,0,0,0,0,0,0,0,0,0,0,0,0,0,0,0,0,0,0,0,0,0,0,0,0,0,0,0,0,0,0,0,0,0,0,0,0,0,0,0,0,0,0,0,0,0,0,0,0,0,0,0,0,0,0,0,0,0,0,0,0,0,0,0,0,0,0,0,0,0,0,0,0,0,16,2871596303974,17,5496518483953,0,0,0,0,0,0,0,0,0,0,0,0,0,0,538,15,1,12159756555873,13,0338471269206,99,6059394514874,0,0,152642425982937,0,0,0,0,0,0,0,0,0,0,0,0,00012802870440498,0,0,0,0,4,58752144779833E-05,0,0,0,0,0,45367,1844903632,42638,8456014831,0,
270-280C*,0,0277990694775574,553,150024,196,869844036406,864,501576408477,0,058019339362529,334,560022907445,26,6638211861059,28,5212666924176,0,00114403563195925,0,7,67021009883875,259,889163831287,0,0,45,1883945528593,381,92947140677,264,363932872398,51,9910409534716,60,7481321534716,56,5879466787701,55,9182056813617,0,292332288202437,20,6665432362854,0,0,16,748232135124,15,5605276262206,245,296691971749,1,48163566101972,3,05675809059807,31,0182420674331,39,7753332674331,15,6778440075117,0,0760773587759648,1,47463344402302E-05,0,0,00244713928527653,0,0186445527865367,0,22244475918031,32,5883667742744,3,29527767299098,2,64834780254073,2,21740672555582,8,7876467650974,0,0,0,0,0,0,0,0,0,0,0,0,0,0,0,0,0,0,0,0,0,0,0,0,0,0,0,0,0,0,0,0,0,0,0,0,0,0,0,0,0,0,0,0,0,0,0,0,0,0,0,0,0,0,0,0,0,0,0,0,0,0,0,0,0,0,0,0,0,0,0,0,0,0,0,0,0,0,0,0,0,0,0,0,0,0,0,0,0,0,0,0,0,0,0,0,15,5605276262206,16,748232135124,0,0,0,0,0,0,0,0,0,0,0,0,0,0,548,15,1,21308437224403,12,9812843904193,99,399131106967,0,0,165625205956301,0,0,0,0,0,0,0,0,0,0,0,0,000189231096758314,0,0,0,0,6,78052409421554E-05,0,0,0,0,0,45350,0477445423,42604,0653057241,0,
280-290C*,0,0269196815134816,563,150024,203,495620719543,866,866691078885,0,0688705930947439,336,003400309399,27,3655445983087,29,1815914662349,0,00141942220356895,0,7,68526353883946,264,080553654326,0,0,46,8646577572238,386,57928779754,269,184224554756,51,3999915502978,60,1570827502978,56,7106772691156,55,9989670796417,0,362701063763226,25,4211202236321,0,0,15,9237781325758,14,8194414541234,251,087571725396,1,48259680649925,2,88783761914226,30,782395005493,39,539486205493,15,2792275212314,0,0859568358798916,1,22329600722296E-05,0,0,00138052215698748,0,0231325768721913,0,275990556087264,31,5172657574714,3,76550795378167,2,97724738835817,2,47431083426597,9,25187773238503,0,0,0,0,0,0,0,0,0,0,0,0,0,0,0,0,0,0,0,0,0,0,0,0,0,0,0,0,0,0,0,0,0,0,0,0,0,0,0,0,0,0,0,0,0,0,0,0,0,0,0,0,0,0,0,0,0,0,0,0,0,0,0,0,0,0,0,0,0,0,0,0,0,0,0,0,0,0,0,0,0,0,0,0,0,0,0,0,0,0,0,0,0,0,0,0,14,8194414541234,15,9237781325758,0,0,0,0,0,0,0,0,0,0,0,0,0,0,558,15,1,32237086809547,12,9337690635253,99,2018645766662,0,0,17893016901228,0,0,0,0,0,0,0,0,0,0,0,0,000250433489111648,0,0,0,0,8,97352674063275E-05,0,0,0,0,0,45334,4797893078,42569,9385428107,0,
290-300C*,0,0257936384836072,573,150024,210,614430831303,869,345982094159,0,0805314241160201,337,478063426734,28,0362516646672,29,8249265331562,0,00169480877517864,0,7,70537274031397,268,1305077804,0,0,48,4300023305096,391,021760414127,275,517152146208,50,8065978520071,59,5636890520071,56,885800194842,56,1120025739936,0,433069839324015,30,668576051406,0,0,15,0779481404908,14,0630708928502,256,764466670333,1,4835937422921,2,724471096327,30,5465479435529,39,3036391435529,14,8969954688843,0,0961330582828622,1,21717545859741E-05,0,0,000768003459251162,0,027620600957846,0,329536352994219,30,4870864362732,4,34525323636551,3,36507121126514,2,77815465734921,9,71405601037775,0,0,0,0,0,0,0,0,0,0,0,0,0,0,0,0,0,0,0,0,0,0,0,0,0,0,0,0,0,0,0,0,0,0,0,0,0,0,0,0,0,0,0,0,0,0,0,0,0,0,0,0,0,0,0,0,0,0,0,0,0,0,0,0,0,0,0,0,0,0,0,0,0,0,0,0,0,0,0,0,0,0,0,0,0,0,0,0,0,0,0,0,0,0,0,0,14,0630708928502,15,0779481404908,0,0,0,0,0,0,0,0,0,0,0,0,0,0,568,15,1,4539397636798,12,8902200428439,99,0859343171932,0,0,192557315150874,0,0,0,0,0,0,0,0,0,0,0,0,000311635881464982,0,0,0,0,0,0001116652938705,0,0,0,0,0,45316,5798217228,42534,2764950934,0,
300-310C*,0,0242347530273071,583,150024,220,241687404109,874,007372006851,0,0923164144030108,339,054801640579,28,6805730741172,30,4556205620807,0,00197019534678833,0,7,80865719035482,271,866548318082,0,0,49,1177797953941,395,258380814762,281,229054417759,50,1684007945281,58,9254919945281,57,1070264672735,56,2536125912523,0,503438614884804,64,2190302977796,0,0,14,2124004586093,13,290766846667,261,994332780829,1,4858609704905,2,5666524573687,30,3107008816128,39,0677920816128,14,4567580867287,0,106496935908208,9,05221333927098E-06,0,0,000421107916783318,0,0321086250435006,0,383082149901173,29,2968073974334,5,17091452873602,3,91762062613703,3,21460672272903,10,1751396883716,0,0,0,0,0,0,0,0,0,0,0,0,0,0,0,0,0,0,0,0,0,0,0,0,0,0,0,0,0,0,0,0,0,0,0,0,0,0,0,0,0,0,0,0,0,0,0,0,0,0,0,0,0,0,0,0,0,0,0,0,0,0,0,0,0,0,0,0,0,0,0,0,0,0,0,0,0,0,0,0,0,0,0,0,0,0,0,0,0,0,0,0,0,0,0,0,13,290766846667,14,2124004586093,0,0,0,0,0,0,0,0,0,0,0,0,0,0,578,15,1,64919325997483,12,8423411131825,,0,0,206506644372083,0,0,0,0,0,0,0,0,0,0,0,0,000372838273818316,0,0,0,0,0,000133595320334672,0,0,0,0,0,45245,6979428964,42471,048588519,0,
310-320C*,0,0224740413707355,593,150024,231,194854593778,879,796438166983,0,104529769756194,340,672375620037,29,3031395155944,31,098147118021,0,00224558191839803,0,7,95854147127514,275,370973204834,0,0,49,3373882121299,399,291076094282,286,53533411015,49,5070500275531,58,2641412275532,57,3680670977343,56,3915866198789,0,573807390445592,108,480080670882,0,0,13,3287933866714,12,5102662621001,266,915904363682,1,48876437192779,2,41437056354536,30,0748538196728,38,8319450196728,13,984992353773,0,117013446301552,5,67163326996247E-06,0,0,000227456403777024,0,0365966491291553,0,436627946808127,28,0168098766981,6,29450702449058,4,66062129271141,3,79332781403526,10,6360868556625,0,0,0,0,0,0,0,0,0,0,0,0,0,0,0,0,0,0,0,0,0,0,0,0,0,0,0,0,0,0,0,0,0,0,0,0,0,0,0,0,0,0,0,0,0,0,0,0,0,0,0,0,0,0,0,0,0,0,0,0,0,0,0,0,0,0,0,0,0,0,0,0,0,0,0,0,0,0,0,0,0,0,0,0,0,0,0,0,0,0,0,0,0,0,0,0,12,5102662621001,13,3287933866714,0,0,0,0,0,0,0,0,0,0,0,0,0,0,588,15,1,89644703899847,12,7937385660789,,0,0,220778156675906,0,0,0,0,0,0,0,0,0,0,0,0,00043404066617165,0,0,0,0,0,000155525346798844,0,0,0,0,0,45148,3045321562,42393,72552896,0,
320-330C*,0,0206637875446878,603,150024,242,547591177388,885,910096826548,0,117396284281837,342,280140588887,29,9219821062646,31,7024442361566,0,00252096849000772,0,8,1263183433966,278,709862389005,0,0,49,39789632145,403,122175907082,291,591868880856,48,8390346523154,57,5961258523154,57,6645624265966,56,6178549766599,0,644176166006381,152,741131043985,0,0,12,4134554671389,11,6797007871835,269,912241374408,1,49182401509177,2,26760902366051,29,8390067577327,38,5960979577327,13,500081265495,0,127641623502277,2,45860407477007E-06,0,0,000120956611860094,0,04108467321481,0,490173743715082,26,6963217084549,7,79760148437793,5,62917567080212,4,53239391770587,11,0978556015466,0,0,0,0,0,0,0,0,0,0,0,0,0,0,0,0,0,0,0,0,0,0,0,0,0,0,0,0,0,0,0,0,0,0,0,0,0,0,0,0,0,0,0,0,0,0,0,0,0,0,0,0,0,0,0,0,0,0,0,0,0,0,0,0,0,0,0,0,0,0,0,0,0,0,0,0,0,0,0,0,0,0,0,0,0,0,0,0,0,0,0,0,0,0,0,0,11,6797007871835,12,4134554671389,0,0,0,0,0,0,0,0,0,0,0,0,0,0,598,15,2,19115868764418,12,7470635844714,,0,0,235371852062344,0,0,0,0,0,0,0,0,0,0,0,0,000611957177972009,0,0,0,0,0,000219276348388286,0,0,0,0,0,45044,6815042799,42312,5474670615,0,
330-340C*,0,0188554124440022,613,150024,254,101282378709,892,254022443349,0,130915957979938,343,85744223355,30,6275532813445,32,3789631129954,0,00279635506161741,0,8,30938134194521,281,891670232436,0,0,49,3410843974567,406,754379347841,296,38603616801,48,1662913826608,56,9233825826608,58,0025796664353,56,9045163313254,0,71454494156717,197,002181417087,0,0,11,3698670522201,10,7165205556792,274,173003039104,1,49498359702667,2,12634602042223,29,6031596957926,38,3602508957926,12,9974958292589,0,138323677010425,2,26705740593053E-06,0,6,32888462072036E-05,0,0455726973004646,0,543719540622036,25,3225420127914,9,8536891468425,6,91672327145832,5,4916624897171,11,5614040153198,0,0,0,0,0,0,0,0,0,0,0,0,0,0,0,0,0,0,0,0,0,0,0,0,0,0,0,0,0,0,0,0,0,0,0,0,0,0,0,0,0,0,0,0,0,0,0,0,0,0,0,0,0,0,0,0,0,0,0,0,0,0,0,0,0,0,0,0,0,0,0,0,0,0,0,0,0,0,0,0,0,0,0,0,0,0,0,0,0,0,0,0,0,0,0,0,10,7165205556792,11,3698670522201,0,0,0,0,0,0,0,0,0,0,0,0,0,0,608,15,2,54402044336716,12,7022636842091,,0,0,250287730531396,0,0,0,0,0,0,0,0,0,0,0,0,00101643639222836,0,0,0,0,0,00036420924286796,0,0,0,0,0,44937,5928206574,42228,7986632058,0,
340-350C*,0,0179864651467134,623,150024,265,657313421515,898,733889475188,0,145088790850497,345,383626240447,31,323036942031,33,0531518924071,0,0030717416332271,0,8,50468915964897,284,925427114795,0,602405138973455,0,49,2066496211829,410,190721987614,300,905213409746,47,4907569324352,56,2478481324352,58,3612240091889,57,2050512651268,0,784913717127959,241,26323179019,0,0,10,31573904878,9,74179684246615,278,433764703799,1,49818611500761,1,990554143029,29,3673126338525,38,1244038338525,12,4727070524289,0,149001816326037,2,075510737091E-06,0,3,25624266988254E-05,0,0500607213861193,0,59726533752899,23,882463940115,12,7374357000656,8,6664092776416,6,75940025276091,12,0276901862781,0,0,0,0,0,0,0,0,0,0,0,0,0,0,0,0,0,0,0,0,0,0,0,0,0,0,0,0,0,0,0,0,0,0,0,0,0,0,0,0,0,0,0,0,0,0,0,0,0,0,0,0,0,0,0,0,0,0,0,0,0,0,0,0,0,0,0,0,0,0,0,0,0,0,0,0,0,0,0,0,0,0,0,0,0,0,0,0,0,0,0,0,0,0,0,0,9,74179684246615,10,31573904878,0,0,0,0,0,0,0,0,0,0,0,0,0,0,618,15,2,96848847571151,12,6592863811412,,0,0,265525792083063,0,0,0,0,0,0,0,0,0,0,0,0,00142091560648471,0,0,0,0,0,000509142137347633,0,0,602405138973455,0,0,0,44829,8024426788,42143,7496270271,0,
350-360C*,0,0161710528142584,633,150024,277,017069529577,905,255372379868,0,159914782893516,346,838038296,32,0069825400523,33,8007234698215,0,0033471282048368,0,8,7086658667937,288,939900423224,0,631956468027699,0,49,0320585951935,413,434543330691,305,136778044196,46,8143680154844,55,5714592154844,58,7333309189683,57,4163180934599,0,855282492688748,285,524282163292,0,0,9,25968654097938,8,78295843671865,284,465131382113,1,50137374264419,1,86020022736592,29,1314655719124,37,8885567719124,11,921185942369,0,159618250949158,1,88396406825147E-06,0,1,64630325732032E-05,0,0545487454717739,0,650811134435945,22,3628558881539,16,8973159368132,11,1037730544848,8,46878457267469,12,4976722037176,0,0,0,0,0,0,0,0,0,0,0,0,0,0,0,0,0,0,0,0,0,0,0,0,0,0,0,0,0,0,0,0,0,0,0,0,0,0,0,0,0,0,0,0,0,0,0,0,0,0,0,0,0,0,0,0,0,0,0,0,0,0,0,0,0,0,0,0,0,0,0,0,0,0,0,0,0,0,0,0,0,0,0,0,0,0,0,0,0,0,0,0,0,0,0,0,8,78295843671865,9,25968654097938,0,0,0,0,0,0,0,0,0,0,0,0,0,0,628,15,3,48156223555445,12,6180791911168,,0,0,281086036717345,0,0,0,0,0,0,0,0,0,0,0,0,00182539482074107,0,0,0,0,0,000654075031827307,0,0,631956468027699,0,0,0,44724,074331734,42058,6498639725,0,
360-370C*,0,0144066739137676,643,150024,287,981935926669,911,724145615192,0,175393934108993,348,200024086632,32,6779395271366,34,4755578028233,0,00362251477644649,0,8,91712663292784,292,761501462878,0,661507797081942,0,48,8525380150323,416,489454925612,309,068107509494,46,1390613456543,54,8961525456543,59,1117358598843,57,7174039877682,0,925651268249536,329,785332536394,0,0,8,21032461297908,7,80703820940844,288,286732421767,1,50448783745281,1,73524520532905,28,8956185099724,37,6527097099724,11,3384035064435,0,170115190379827,1,69241739941194E-06,0,8,17339486242815E-06,0,0590367695574286,0,704356931342899,20,7502384525094,23,0910463476921,14,5953935787818,10,8258558673028,12,9723081569342,0,0,0,0,0,0,0,0,0,0,0,0,0,0,0,0,0,0,0,0,0,0,0,0,0,0,0,0,0,0,0,0,0,0,0,0,0,0,0,0,0,0,0,0,0,0,0,0,0,0,0,0,0,0,0,0,0,0,0,0,0,0,0,0,0,0,0,0,0,0,0,0,0,0,0,0,0,0,0,0,0,0,0,0,0,0,0,0,0,0,0,0,0,0,0,0,7,80703820940844,8,21032461297908,0,0,0,0,0,0,0,0,0,0,0,0,0,0,638,15,4,10479279955092,12,5785896299852,,0,0,296968464434242,0,0,0,0,0,0,0,0,0,0,0,0,00222987403499742,0,0,0,0,0,000799007926306981,0,0,661507797081942,0,0,0,44623,1724492131,41974,7217878566,0,
370-380C*,0,0127267298229409,653,150024,298,353297836562,918,045883638963,0,191526244496928,349,448929298764,33,3344573550122,35,1323237399668,0,00389790134805618,0,9,12523606530474,296,344243861866,0,691059126136186,0,48,7011821315028,419,359309332442,312,686579243773,45,4667736367908,54,2238648367908,59,4892742960479,58,0282316735814,0,996020043810325,374,046382909497,0,0,7,17626834893993,6,83944458645176,291,869474820755,1,50746907894288,1,61564396491305,28,6597714480323,37,4168626480323,10,7198307520167,0,180434844118089,1,5008707305724E-06,0,3,98175321496617E-06,0,0635247936430832,0,757902728249853,19,0308571107586,32,6482690508254,19,7579988869939,14,1582639337551,13,4646903656691,0,0,0,0,0,0,0,0,0,0,0,0,0,0,0,0,0,0,0,0,0,0,0,0,0,0,0,0,0,0,0,0,0,0,0,0,0,0,0,0,0,0,0,0,0,0,0,0,0,0,0,0,0,0,0,0,0,0,0,0,0,0,0,0,0,0,0,0,0,0,0,0,0,0,0,0,0,0,0,0,0,0,0,0,0,0,0,0,0,0,0,0,0,0,0,0,6,83944458645176,7,17626834893993,0,0,0,0,0,0,0,0,0,0,0,0,0,0,648,15,4,86558695555587,12,5407652135954,,0,0,313173075233753,0,0,0,0,0,0,0,0,0,0,0,0,00263435324925377,0,0,0,0,0,000943940820786654,0,0,691059126136186,0,0,0,44529,860756506,41893,1563251513,0,
380-390C*,0,0111810309745705,663,150024,307,20236958124,923,060238778608,0,202699134694456,350,510454654183,33,9750854754072,35,7668627797036,0,00417328791966587,0,9,2737077774416,299,258116148646,0,720610455190429,0,48,9629776871632,422,048170118079,315,385586156385,44,8213294156462,53,5784206156462,59,85878169157,58,3444943450248,1,06638881937111,479,940912474514,0,0,6,1661328330228,5,88864287527156,294,783347107534,1,50321954612802,1,50134522281533,28,4239243860922,37,1810155860922,10,0215054103292,0,190518288582745,1,30932406173287E-06,0,1,90189923734545E-06,0,0680128177287379,0,811448525156808,17,0802318445122,45,5744324150252,26,4472063030992,18,3071283777083,13,962598970436,0,0,0,0,0,0,0,0,0,0,0,0,0,0,0,0,0,0,0,0,0,0,0,0,0,0,0,0,0,0,0,0,0,0,0,0,0,0,0,0,0,0,0,0,0,0,0,0,0,0,0,0,0,0,0,0,0,0,0,0,0,0,0,0,0,0,0,0,0,0,0,0,0,0,0,0,0,0,0,0,0,0,0,0,0,0,0,0,0,0,0,0,0,0,0,0,5,88864287527156,6,1661328330228,0,0,0,0,0,0,0,0,0,0,0,0,0,0,658,15,5,70659671627896,12,5049376735508,,0,0,32969986911588,0,0,0,0,0,0,0,0,0,0,0,0,00267266608222092,0,0,0,0,0,000957669065853227,0,0,720610455190429,0,0,0,44452,1118855961,41828,0252396551,0,
390-400C*,0,00978805947086808,673,150024,313,807223151554,925,027087412287,0,197798474627552,351,310560227289,34,5983733400499,36,3748352977217,0,00444867449127557,0,9,32007631632881,300,910792574561,0,750161784244673,0,50,2040291481467,424,56028302246,316,322483473959,44,2384573028405,52,9955485028405,60,2130935105615,58,6617550404662,1,1367575949319,767,856846756867,0,0,5,18853314938852,4,96340966181207,296,43602353345,1,50457077368589,1,39229141142832,28,1880773241521,36,9451685241521,9,19965585722912,0,20030660567061,1,11777739289334E-06,0,8,89990331363295E-07,0,0725008418143926,0,864994322063762,14,7715743283314,56,3075318020727,31,8245319383456,21,6628597310967,14,465251890737,0,0,0,0,0,0,0,0,0,0,0,0,0,0,0,0,0,0,0,0,0,0,0,0,0,0,0,0,0,0,0,0,0,0,0,0,0,0,0,0,0,0,0,0,0,0,0,0,0,0,0,0,0,0,0,0,0,0,0,0,0,0,0,0,0,0,0,0,0,0,0,0,0,0,0,0,0,0,0,0,0,0,0,0,0,0,0,0,0,0,0,0,0,0,0,0,4,96340966181207,5,18853314938852,0,0,0,0,0,0,0,0,0,0,0,0,0,0,668,15,6,42935695178116,12,4717647833334,,0,0,34654884608062,0,0,0,0,0,0,0,0,0,0,0,0,00373050476083126,0,0,0,0,0,00133671356599009,0,0,750161784244673,0,0,0,44397,8732865632,41800,1457634051,0,
400-410C*,0,00847508421185361,683,150024,320,348481751638,926,993936045966,0,193549695191431,352,026430924055,35,2028704006686,36,9517479734353,0,00472406106288526,0,9,36667669791045,302,563469000477,0,779713113298916,0,51,4078382809178,426,900048411183,317,259380791533,43,6555851900348,52,4126763900348,60,5450452171335,58,9754574315899,1,20712637049269,1066,48128593688,0,0,4,25208438219795,4,07279459497485,298,088699959366,1,50597621454727,1,28841858220791,27,9522302622121,36,7093214622121,8,39518051578841,0,209746183613306,9,26230724053803E-07,0,4,07653247615336E-07,0,0769888659000472,0,918540118970716,12,4981159907235,70,2213989589675,38,5941137646141,25,8049575560638,14,9726491265721,0,0,0,0,0,0,0,0,0,0,0,0,0,0,0,0,0,0,0,0,0,0,0,0,0,0,0,0,0,0,0,0,0,0,0,0,0,0,0,0,0,0,0,0,0,0,0,0,0,0,0,0,0,0,0,0,0,0,0,0,0,0,0,0,0,0,0,0,0,0,0,0,0,0,0,0,0,0,0,0,0,0,0,0,0,0,0,0,0,0,0,0,0,0,0,0,4,07279459497485,4,25208438219795,0,0,0,0,0,0,0,0,0,0,0,0,0,0,678,15,7,26837391586936,12,4400879761376,,0,0,363720006127976,0,0,0,0,0,0,0,0,0,0,0,0,00557094939041154,0,0,0,0,0,00199618124169019,0,0,779713113298916,0,0,0,44350,6996747458,41772,4659901405,0,
410-420C*,0,00724953408031909,693,150024,327,05183081826,928,960784679645,0,189724790088392,352,671709975338,35,7871261089914,37,4929885851598,0,00499944763449495,0,9,4135100814,304,216145426393,0,80926444235316,0,52,5759045500783,429,07199510456,318,196278109106,43,0727130772292,51,8298042772292,60,8474722753966,59,2809436505693,1,27749514605348,1365,19534343383,0,0,3,36540161561192,3,22606776427087,299,741376385282,1,50743475250633,1,18965632751904,27,716383200272,36,473474400272,7,62876179110812,0,218779956338682,7,3468405521427E-07,0,1,82602213192908E-07,0,0814768899857019,0,972085915877671,10,3196849622034,88,4341808864051,47,1864189077341,30,9539108319663,15,4847906779413,0,0,0,0,0,0,0,0,0,0,0,0,0,0,0,0,0,0,0,0,0,0,0,0,0,0,0,0,0,0,0,0,0,0,0,0,0,0,0,0,0,0,0,0,0,0,0,0,0,0,0,0,0,0,0,0,0,0,0,0,0,0,0,0,0,0,0,0,0,0,0,0,0,0,0,0,0,0,0,0,0,0,0,0,0,0,0,0,0,0,0,0,0,0,0,0,3,22606776427087,3,36540161561192,0,0,0,0,0,0,0,0,0,0,0,0,0,0,688,15,8,24591172019947,12,4097689619649,,0,0,381213349257946,0,0,0,0,0,0,0,0,0,0,0,0,00741139401999182,0,0,0,0,0,00265564891739029,0,0,80926444235316,0,0,0,44310,0248833038,41745,0098601742,0,
420-430C*,0,00611562558129287,703,150024,334,142955788191,933,601341746877,0,186323759318434,353,260040611991,36,3496899167467,37,9938683058576,0,00527483420610465,0,9,460577631807,306,085077541544,0,838815771407403,0,52,824547430277,431,080755649549,319,13317542668,42,4349437645509,51,1920349645509,61,1132101494621,59,5734793726041,1,34786392161427,1653,380132667,0,0,2,53709993379128,2,43265232153833,301,394052811197,1,5108131697959,1,09592772316663,27,4805361383319,36,2376273383319,6,92108208828939,0,227350857774588,5,43137386374737E-07,0,7,99114963384254E-08,0,0859649140713565,1,02563171278463,8,29736168002524,112,515373444858,58,1852514830828,37,4014298995435,16,0016765448446,0,0,0,0,0,0,0,0,0,0,0,0,0,0,0,0,0,0,0,0,0,0,0,0,0,0,0,0,0,0,0,0,0,0,0,0,0,0,0,0,0,0,0,0,0,0,0,0,0,0,0,0,0,0,0,0,0,0,0,0,0,0,0,0,0,0,0,0,0,0,0,0,0,0,0,0,0,0,0,0,0,0,0,0,0,0,0,0,0,0,0,0,0,0,0,0,2,43265232153833,2,53709993379128,0,0,0,0,0,0,0,0,0,0,0,0,0,0,698,15,9,38910379043534,12,3806694508164,,0,0,399028875470531,0,0,0,0,0,0,0,0,0,0,0,0,00925183864957209,0,0,0,0,0,0033151165930904,0,0,838815771407403,0,0,0,44275,2827453976,41685,7244750075,0,
430-440C*,0,00505597051836894,713,150024,343,081758138873,935,416438862003,0,184677503802214,353,855388948741,36,8891112756625,38,4496713917391,0,0150531473351351,0,9,50788051996604,308,424687307695,0,868367100461647,0,53,9757282579589,432,931043079548,320,070072744254,41,8551874490178,50,6122786490178,61,3350943034406,59,8482862012595,3,83697374554989,1758,10919190098,0,0,1,77579442089688,1,70204240700133,303,046729237113,1,51227723831787,1,00714929391811,27,2446890763918,36,0017802763918,6,72899031823075,0,234579760249571,3,51590717535204E-07,0,3,41314212017786E-08,0,245883065335847,2,93416239919413,7,74662703624676,144,690833790838,72,3892994257473,45,5363330837033,16,5233067272819,0,0,0,0,0,0,0,0,0,0,0,0,0,0,0,0,0,0,0,0,0,0,0,0,0,0,0,0,0,0,0,0,0,0,0,0,0,0,0,0,0,0,0,0,0,0,0,0,0,0,0,0,0,0,0,0,0,0,0,0,0,0,0,0,0,0,0,0,0,0,0,0,0,0,0,0,0,0,0,0,0,0,0,0,0,0,0,0,0,0,0,0,0,0,0,0,1,70204240700133,1,77579442089688,0,0,0,0,0,0,0,0,0,0,0,0,0,0,708,15,10,7311327529258,12,3526511526937,,0,0,864700396326929,0,0,0,0,0,0,0,0,0,0,0,0,0110922832791524,0,0,0,0,0,0039745842687905,0,0,868367100461647,0,0,0,44257,6436508849,41661,0139242622,0,
440-450C*,0,00409303202499723,723,150024,352,956067203436,937,059965933347,0,183105350860271,354,424451339228,37,3716387080166,38,8568114942394,0,0252907957010497,0,9,55541992256587,311,72879156728,0,89791842951589,0,55,1518787239969,434,62762918757,321,006970061828,41,2789538493005,50,0360450493005,61,3006853003569,59,8708819487686,6,44299628955162,1854,42001304055,0,0,1,32767599162644,1,27230655699202,307,254022526169,1,51366893867238,0,923231004410816,27,0088420144517,35,7659332144517,6,55997840064995,0,241176509720338,2,36745261292109E-07,0,1,4212435536791E-08,0,413314116321831,4,93235598244783,7,26142851473897,188,151131343685,90,9011024398988,55,8808543874785,16,9947101857062,0,0,0,0,0,0,0,0,0,0,0,0,0,0,0,0,0,0,0,0,0,0,0,0,0,0,0,0,0,0,0,0,0,0,0,0,0,0,0,0,0,0,0,0,0,0,0,0,0,0,0,0,0,0,0,0,0,0,0,0,0,0,0,0,0,0,0,0,0,0,0,0,0,0,0,0,0,0,0,0,0,0,0,0,0,0,0,0,0,0,0,0,0,0,0,0,1,27230655699202,1,32767599162644,0,0,0,0,0,0,0,0,0,0,0,0,0,0,718,15,12,3127206826136,12,3255757775979,,0,1,35201142280283,0,0,0,0,0,0,0,0,0,0,0,0,0129327279087327,0,0,0,0,0,0046340519444906,0,0,89791842951589,0,0,0,44230,8416774648,41638,6597290516,0,
450-460C*,0,00355159491464887,733,150024,363,70080081851,938,591327938586,0,181533197918327,354,969470448349,37,7923904731072,39,242022928487,0,0355284440669642,0,9,60319702217869,313,133260499953,0,927469758570133,0,56,3346139139723,436,175324321093,321,943867379402,40,7050232486595,49,4621144486595,61,0195006705242,59,6184946627694,9,04901883355334,1950,73083418011,0,0,1,1881088563686,1,13948240874367,308,658491458842,1,51502825584028,0,8440762779087,26,7729949525117,35,5300861525117,6,39096648306916,0,247270276807898,2,14449103236348E-07,0,5,76302027866878E-09,0,580745167307814,6,93054956570153,6,77563584064287,247,520452883092,115,256853782474,69,1419655320846,16,9384355655599,0,0,0,0,0,0,0,0,0,0,0,0,0,0,0,0,0,0,0,0,0,0,0,0,0,0,0,0,0,0,0,0,0,0,0,0,0,0,0,0,0,0,0,0,0,0,0,0,0,0,0,0,0,0,0,0,0,0,0,0,0,0,0,0,0,0,0,0,0,0,0,0,0,0,0,0,0,0,0,0,0,0,0,0,0,0,0,0,0,0,0,0,0,0,0,0,1,13948240874367,1,1881088563686,0,0,0,0,0,0,0,0,0,0,0,0,0,0,728,15,14,184016983266,12,2993050355306,,0,1,83932244927874,0,0,0,0,0,0,0,0,0,0,0,0,013369669287236,0,0,0,0,0,00479061667383242,0,0,927469758570133,0,0,0,44214,6761536311,41617,8889334645,0,
460-480C*,0,00674575817540508,753,150024,381,454751022356,940,808009836174,0,176264565725505,355,751789015002,38,3867291189067,39,7455107519855,0,050884916615836,0,9,65121300728959,316,86728378198,2,36260092267206,0,58,0806140277728,438,019598392476,325,030787073053,39,845777340598,48,602868540598,60,6345127276115,59,3157029652253,12,9580526495559,2179,28885198108,0,0,0,978758153481829,0,938786282789142,310,550393366892,1,51709572042737,0,699638827753997,26,4192243596015,35,1763155596015,6,13744860669796,0,255669285557043,1,81004866152705E-07,0,8,70669017649523E-10,0,831891743786789,9,92783994058207,6,04583279339564,382,086573342101,167,713358269755,96,7083011208297,16,8540236353405,0,0,0,0,0,0,0,0,0,0,0,0,0,0,0,0,0,0,0,0,0,0,0,0,0,0,0,0,0,0,0,0,0,0,0,0,0,0,0,0,0,0,0,0,0,0,0,0,0,0,0,0,0,0,0,0,0,0,0,0,0,0,0,0,0,0,0,0,0,0,0,0,0,0,0,0,0,0,0,0,0,0,0,0,0,0,0,0,0,0,0,0,0,0,0,0,0,938786282789142,0,978758153481829,0,0,0,0,0,0,0,0,0,0,0,0,0,0,743,15,17,6737053190417,12,2611050999857,,0,2,57028898899259,0,0,0,0,0,0,0,0,0,0,0,0,0201390177617107,0,0,0,0,0,00721620798623387,0,2,36260092267206,0,0,0,44193,9268444391,41588,0587409414,0,
480-500C*,0,00597229755898023,773,150024,408,193666550121,943,925454426607,0,174548996182566,356,752845456023,39,122369071128,40,4487738167408,0,0713602133476651,0,9,69946907232603,320,417756577723,4,27277417750228,0,60,2583917066532,440,323947877575,325,796521683707,38,6967926037138,47,4538838037138,60,1780070459058,58,8788314628873,18,1700977375594,2314,03561431608,0,0,0,69962388296614,0,672394720371952,312,790522514733,1,52012385855755,0,572936211814186,25,9475302357214,34,7046214357214,5,79942477153637,0,2659670459163,1,36412550041182E-07,0,1,1643634649436E-10,1,16675384575876,13,9242271070895,5,07068252967356,713,05234707845,287,132377189709,156,155871111443,16,7414743950478,0,0,0,0,0,0,0,0,0,0,0,0,0,0,0,0,0,0,0,0,0,0,0,0,0,0,0,0,0,0,0,0,0,0,0,0,0,0,0,0,0,0,0,0,0,0,0,0,0,0,0,0,0,0,0,0,0,0,0,0,0,0,0,0,0,0,0,0,0,0,0,0,0,0,0,0,0,0,0,0,0,0,0,0,0,0,0,0,0,0,0,0,0,0,0,0,0,672394720371952,0,69962388296614,0,0,0,0,0,0,0,0,0,0,0,0,0,0,763,15,24,0548866646776,12,2116973615378,,0,3,5449110419444,0,0,0,0,0,0,0,0,0,0,0,0,0331241151602545,0,0,0,0,0,0118690249536805,0,4,27277417750228,0,0,0,44165,4376850861,41546,8555004041,0,
500-520C*,0,00495672359819569,793,150024,443,11360714577,950,339208816333,0,178209882082433,357,738953457085,39,8096495728712,41,1523490328007,0,0918355100794941,0,9,74796641768766,323,240888143538,6,16687571662339,0,61,2496067150367,442,116291793548,328,03113302941,37,4801272717344,46,2372184717344,59,7698608146783,58,4424250994525,23,3821428255628,2717,75287971621,0,0,0,42048961245045,0,405225867746833,315,355260433432,1,52573357206349,0,462969824847525,25,4758361118412,34,2329273118412,5,40552102556491,0,278265458124345,9,18202339296588E-08,0,1,36162812895303E-11,1,50161594773072,17,9206142735969,3,93132832732344,1516,89596753448,552,389226932485,280,531200048129,16,6289251547552,0,0,0,0,0,0,0,0,0,0,0,0,0,0,0,0,0,0,0,0,0,0,0,0,0,0,0,0,0,0,0,0,0,0,0,0,0,0,0,0,0,0,0,0,0,0,0,0,0,0,0,0,0,0,0,0,0,0,0,0,0,0,0,0,0,0,0,0,0,0,0,0,0,0,0,0,0,0,0,0,0,0,0,0,0,0,0,0,0,0,0,0,0,0,0,0,0,405225867746833,0,42048961245045,0,0,0,0,0,0,0,0,0,0,0,0,0,0,783,15,35,2653843046307,12,1630189352277,,0,4,51953309489621,0,0,0,0,0,0,0,0,0,0,0,0,0461092125587984,0,0,0,0,0,0165218419211272,0,6,16687571662339,0,0,0,44067,2971789723,41466,1983727614,0,
520-540C*,0,00402900600587366,813,150024,472,252744184209,960,148393205247,0,186679260329331,358,74621287841,40,4666448761999,41,8694107928285,0,112310806811323,0,9,7967062497761,325,334778848215,8,04490554003541,0,61,0642879205836,443,434260082625,331,943242028727,36,1937461857933,44,9508373857933,59,3919997818653,57,9939210134291,28,5941879135663,3428,0902416914,0,0,0,14135534193476,0,136668193742314,318,471815192967,1,53416881401554,0,368650173084783,25,0041419879611,33,7612331879611,4,94559082359386,0,293352990320387,4,72279178181356E-08,0,1,37320032233685E-12,1,83647804970269,21,9170014401043,2,596910554812,3883,72924162269,1255,96214901094,588,616628596345,16,5163759144626,0,0,0,0,0,0,0,0,0,0,0,0,0,0,0,0,0,0,0,0,0,0,0,0,0,0,0,0,0,0,0,0,0,0,0,0,0,0,0,0,0,0,0,0,0,0,0,0,0,0,0,0,0,0,0,0,0,0,0,0,0,0,0,0,0,0,0,0,0,0,0,0,0,0,0,0,0,0,0,0,0,0,0,0,0,0,0,0,0,0,0,0,0,0,0,0,0,136668193742314,0,14135534193476,0,0,0,0,0,0,0,0,0,0,0,0,0,0,803,15,57,9345736227694,12,1139635010663,,0,5,49415514784802,0,0,0,0,0,0,0,0,0,0,0,0,0565075832311913,0,0,0,0,0,0202477835920564,0,8,04490554003541,0,0,0,43895,5123657251,41345,5555886021,0,
540-560C*,0,00308560675670067,833,150024,509,608042283418,969,957577594161,0,195148638576228,359,81072358022,41,1114292331778,42,5557361822867,0,132786103543152,0,9,83576345197726,327,050895065367,9,93833101786401,0,60,8361621147569,444,314445340833,335,855351028043,34,9073650998522,43,6644562998523,58,8885707668222,57,4442638177133,33,8062330015697,4138,42760366659,0,0,0,0,321,588369952502,1,54301312873846,0,288806715618069,24,5324478640809,33,2895390640809,4,48566062162281,0,30844052251643,2,63560170661232E-09,0,1,17550415132813E-13,2,17134015167465,25,9133886066117,1,25809283785432,11230,9051255445,3180,3101505043,1362,15172491763,15,5778729262182,0,0,0,0,0,0,0,0,0,0,0,0,0,0,0,0,0,0,0,0,0,0,0,0,0,0,0,0,0,0,0,0,0,0,0,0,0,0,0,0,0,0,0,0,0,0,0,0,0,0,0,0,0,0,0,0,0,0,0,0,0,0,0,0,0,0,0,0,0,0,0,0,0,0,0,0,0,0,0,0,0,0,0,0,0,0,0,0,0,0,0,0,0,0,0,0,0,0,0,0,0,0,0,0,0,0,0,0,0,0,0,0,823,15,101,616774028817,12,0634247390642,,0,6,46877720079983,0,0,0,0,0,0,0,0,0,0,0,0,0899112213051024,0,0,0,0,0,0322169671287289,0,9,93833101786401,0,0,0,43723,7275524779,41226,3791860328,0,
560-580C*,0,00220597995709018,853,150024,550,537270565992,979,766761983076,0,203618016823126,360,968585422738,41,7620768958687,43,2187544834716,0,153261400274981,0,10,1065869974757,329,179693753148,11,8815493176217,0,60,5707979936824,444,792138347168,339,76746002736,33,6209840139112,42,3780752139112,58,2379231041313,56,7812455165284,39,0182780895732,4476,42058264394,0,0,0,0,324,704924712037,1,55227345801121,0,222200775091261,24,0607537402008,32,8178449402008,4,02573041965177,0,323528054712472,0,0,8,38721298380265E-15,2,50620225364662,29,9097757731191,-0,085124823549615,37277,1112526682,9100,79515269824,3524,56446513779,14,5178246011959,0,0,0,0,0,0,0,0,0,0,0,0,0,0,0,0,0,0,0,0,0,0,0,0,0,0,0,0,0,0,0,0,0,0,0,0,0,0,0,0,0,0,0,0,0,0,0,0,0,0,0,0,0,0,0,0,0,0,0,0,0,0,0,0,0,0,0,0,0,0,0,0,0,0,0,0,0,0,0,0,0,0,0,0,0,0,0,0,0,0,0,0,0,0,0,0,0,0,0,0,0,0,0,0,0,0,0,0,0,0,0,0,843,15,192,305641198915,12,0102963292324,,0,7,44339925375163,0,0,0,0,0,0,0,0,0,0,0,0,128011549618035,0,0,0,0,0,0458690675788635,0,11,8815493176217,0,0,0,43551,9427392307,41108,7051035478,0,
580-600C*,0,00156300353153266,873,150024,595,057997028374,989,57594637199,0,212087395070023,362,255898266186,42,4366621163362,43,9272125773557,0,17373669700681,0,10,3795340861689,329,721847542905,13,7471825712441,0,60,2730946276924,444,901129982781,343,679569026676,32,3346029279701,41,0916941279701,57,5633378836638,56,0727874226443,44,2303231775766,5259,39438534617,0,0,0,0,325,247078501794,1,56195783489954,0,167541627730274,23,5890596163206,32,3461508163206,3,56580021768072,0,3268762359734,0,0,4,8841076376234E-16,2,84106435561859,33,9061629396265,-1,43274242939979,144616,874235195,29920,7339659189,10355,5228113197,13,478368295302,0,0,0,0,0,0,0,0,0,0,0,0,0,0,0,0,0,0,0,0,0,0,0,0,0,0,0,0,0,0,0,0,0,0,0,0,0,0,0,0,0,0,0,0,0,0,0,0,0,0,0,0,0,0,0,0,0,0,0,0,0,0,0,0,0,0,0,0,0,0,0,0,0,0,0,0,0,0,0,0,0,0,0,0,0,0,0,0,0,0,0,0,0,0,0,0,0,0,0,0,0,0,0,0,0,0,0,0,0,0,0,0,863,15,397,370492857984,11,9534719515817,,0,8,41802130670344,0,0,0,0,0,0,0,0,0,0,0,0,151399460316867,0,0,0,0,0,0542494180985951,0,13,7471825712441,0,0,0,43380,1579259835,40997,3103512086,0,
600-625C*,0,00149189288247265,898,150024,649,458651180926,994,277342639657,0,221615445597783,363,903808171042,43,2466879132878,44,7922021285797,0,196771405830118,0,10,4314317565998,334,2912853179,15,7017367875534,0,61,781625367719,444,642476882759,344,58741562374,31,0174740484956,39,7745652484956,56,7533120867122,55,2077978714203,50,0938739015805,6210,47545102725,0,0,0,0,329,816516276789,1,56774305667944,0,114000181889301,23,0584037269554,31,8154949269554,3,04837874046329,0,348772942997949,0,0,1,01130060428898E-17,3,21778422033705,38,4020985019473,-2,95407154457716,821720,018174837,137932,181188302,41417,3933535984,12,3335938490359,0,0,0,0,0,0,0,0,0,0,0,0,0,0,0,0,0,0,0,0,0,0,0,0,0,0,0,0,0,0,0,0,0,0,0,0,0,0,0,0,0,0,0,0,0,0,0,0,0,0,0,0,0,0,0,0,0,0,0,0,0,0,0,0,0,0,0,0,0,0,0,0,0,0,0,0,0,0,0,0,0,0,0,0,0,0,0,0,0,0,0,0,0,0,0,0,0,0,0,0,0,0,0,0,0,0,0,0,0,0,0,0,885,65,1015,7004759,11,8837491921575,,0,9,51447111627422,0,0,0,0,0,0,0,0,0,0,0,0,224649800592654,0,0,0,0,0,0804964623560099,0,15,7017367875534,0,0,0,43328,4683649668,40936,2640173191,0,
625-650C*,0,00112949857846533,923,150024,710,426946806104,1012,87275929566,0,208274431989753,365,800779818042,44,2403783193574,45,855060769074,0,222365526744904,0,10,9940984417363,339,698066066579,17,0944972808341,0,59,4606839407031,443,902909838266,352,970827900053,29,27944784886,38,03653904886,55,7596216806426,54,144939230926,56,6089302615848,7334,60308138863,0,0,0,0,335,223297025468,1,58671328632792,0,0744549568937233,22,4687860721052,31,2258772721053,2,47346598799948,0,374448475874116,0,0,1,38605125770891E-19,3,63636184780201,43,3975824600815,-4,65096839564498,7666679,15768107,988002,439653181,247940,219312654,11,0921885204674,0,0,0,0,0,0,0,0,0,0,0,0,0,0,0,0,0,0,0,0,0,0,0,0,0,0,0,0,0,0,0,0,0,0,0,0,0,0,0,0,0,0,0,0,0,0,0,0,0,0,0,0,0,0,0,0,0,0,0,0,0,0,0,0,0,0,0,0,0,0,0,0,0,0,0,0,0,0,0,0,0,0,0,0,0,0,0,0,0,0,0,0,0,0,0,0,0,0,0,0,0,0,0,0,0,0,0,0,0,0,0,0,910,65,3440,96689336497,11,7972351708092,,0,10,732748682464,0,0,0,0,0,0,0,0,0,0,0,0,346214141689653,0,0,0,0,0,124055367732878,0,17,0944972808341,0,0,0,42972,1689945213,40722,9730412385,0,
650-675C*,0,00187219407349103,948,150024,762,84132713166,1025,1342397818,0,149753919495905,367,358260286705,45,2323350981443,46,9195734023988,0,247959647659691,0,11,3326705335763,343,593759515998,18,154870132346,0,58,9857386620909,442,743732994451,357,860964149199,27,6714714914337,36,4285626914337,54,7676649018557,53,0804265976012,63,1239866215891,8507,2052697773,0,0,0,0,339,118990474886,1,600773288526,0,0463539579261727,21,8791684172551,30,6362596172551,1,89855323553567,0,393307891119169,0,0,1,17292580372822E-21,4,05493947526697,48,3930664182158,-6,35474015991005,103596069,849513,9865384,26204629,2016536,47201852,9,88295822178707,0,0,0,0,0,0,0,0,0,0,0,0,0,0,0,0,0,0,0,0,0,0,0,0,0,0,0,0,0,0,0,0,0,0,0,0,0,0,0,0,0,0,0,0,0,0,0,0,0,0,0,0,0,0,0,0,0,0,0,0,0,0,0,0,0,0,0,0,0,0,0,0,0,0,0,0,0,0,0,0,0,0,0,0,0,0,0,0,0,0,0,0,0,0,0,0,0,0,0,0,0,0,0,0,0,0,0,0,0,0,0,0,935,65,14538,5705840782,11,7139945574634,,0,11,9510262486537,0,0,0,0,0,0,0,0,0,0,0,0,43713210352584,0,0,0,0,0,156633069885849,0,18,154870132346,0,0,0,42757,4379779623,40584,6612976351,0,
675-700C*,0,00103190574081823,973,150024,815,255707457216,1037,39572026795,0,091233407002057,368,915740755369,46,1391416246734,47,9153190018859,0,273553768574477,0,11,6675281774271,347,489452965416,19,2152429838578,0,58,4855588995027,441,215787687061,362,751100398344,26,0634951340073,34,8205863340073,53,8608583753266,52,0846809981141,69,6390429815934,9021,99696724603,0,0,0,0,343,014683924305,1,61557662337869,0,027275358383197,21,2895507624049,30,0466419624049,1,32364048307186,0,412167306364223,0,0,5,622719383272E-24,4,47351710273192,53,38855037635,-8,0653868373724,2157270836,93102,145346748,445183,23504019,7434093,8,70590295299501,0,0,0,0,0,0,0,0,0,0,0,0,0,0,0,0,0,0,0,0,0,0,0,0,0,0,0,0,0,0,0,0,0,0,0,0,0,0,0,0,0,0,0,0,0,0,0,0,0,0,0,0,0,0,0,0,0,0,0,0,0,0,0,0,0,0,0,0,0,0,0,0,0,0,0,0,0,0,0,0,0,0,0,0,0,0,0,0,0,0,0,0,0,0,0,0,0,0,0,0,0,0,0,0,0,0,0,0,0,0,0,0,960,65,79856,7642630847,11,6411108138654,,0,13,1693038148435,0,0,0,0,0,0,0,0,0,0,0,0,625700376973598,0,0,0,0,0,224200808139259,0,19,2152429838578,0,0,0,42542,7069614033,40448,8309480423,0,
700-725C*,1,51988079294643E-05,998,150024,867,670087782771,1049,65720075409,0,032712894508209,370,473221224032,47,0459481512026,48,924803271563,0,299147889489263,0,11,9965849898724,351,385146414835,21,0347977133832,0,57,9648996834114,439,365611027999,367,64123664749,24,455518776581,33,212609976581,52,9540518487974,51,075196728437,76,1540993415977,9909,91866971502,0,0,0,0,346,910377373724,1,63115186162553,0,0150068335183521,20,6999331075547,29,4570243075547,0,748727730608056,0,431026721609276,0,0,1,37064635256234E-26,4,89209473019688,58,3840343344843,-9,78290842803201,74445013426,9513,3377353376,26886,418055816,234597,7,56102271409118,0,0,0,0,0,0,0,0,0,0,0,0,0,0,0,0,0,0,0,0,0,0,0,0,0,0,0,0,0,0,0,0,0,0,0,0,0,0,0,0,0,0,0,0,0,0,0,0,0,0,0,0,0,0,0,0,0,0,0,0,0,0,0,0,0,0,0,0,0,0,0,0,0,0,0,0,0,0,0,0,0,0,0,0,0,0,0,0,0,0,0,0,0,0,0,0,0,0,0,0,0,0,0,0,0,0,0,0,0,0,0,0,985,65,599011,657572977,11,5682270702674,,0,14,3875813810333,0,0,0,0,0,0,0,0,0,0,0,0,882536239327534,0,0,0,0,0,316230172381316,0,21,0347977133832,0,0,0,42327,9759448443,40315,4818504572,0,
725-750C*,1,4196735227232E-07,1023,150024,920,084468108327,1061,91868124023,0,372,030701692696,47,9527546777318,49,9480093507488,0,32474201040405,0,12,3176786687926,355,280839864254,21,3359886868816,0,57,4278687972136,437,235577770466,372,531372896635,22,8475424191546,31,6046336191546,52,0472453222682,50,0519906492512,82,669155701602,10797,840372184,0,0,0,0,350,806070823143,1,64753073452437,0,00761602547451487,20,1103154527045,28,8674066527045,0,173814978144247,0,449886136854329,0,0,1,48132469721263E-29,5,31067235766184,63,3795182926185,-11,5073049318889,4634839947528,12,133843064932,187,12217948630,9966,6,4483175050756,0,0,0,0,0,0,0,0,0,0,0,0,0,0,0,0,0,0,0,0,0,0,0,0,0,0,0,0,0,0,0,0,0,0,0,0,0,0,0,0,0,0,0,0,0,0,0,0,0,0,0,0,0,0,0,0,0,0,0,0,0,0,0,0,0,0,0,0,0,0,0,0,0,0,0,0,0,0,0,0,0,0,0,0,0,0,0,0,0,0,0,0,0,0,0,0,0,0,0,0,0,0,0,0,0,0,0,0,0,0,0,0,1010,65,6506486,00696104,11,4953433266693,,0,15,605858947223,0,0,0,0,0,0,0,0,0,0,0,1,18002988183231,0,0,0,0,0,422828022599132,0,21,3359886868816,0,0,0,42113,2449282853,40184,6063144455,0,
750-775C*,0,1048,150024,972,498848433883,1074,18016172637,0,373,588182161359,48,859561204261,50,9848789357914,0,350336131318836,,12,6285864158907,359,176533313673,22,3963615383935,,,,377,421509145781,,,51,140438795739,49,0151210642086,89,1842120616064,11685,762074653,,,0,0,354,701764272562,,,19,5206977978543,,1E-06,0,468745552099382,0,,,5,7292499851268,68,3750022507528,,,,,5,36778732594824,0,0,0,0,0,0,0,0,0,0,0,0,0,0,0,0,0,0,0,0,0,0,0,0,0,0,0,0,0,0,0,0,0,0,0,0,0,0,0,0,0,0,0,0,0,0,0,0,0,0,0,0,0,0,0,0,0,0,0,0,0,0,0,0,0,0,0,0,0,0,0,0,0,0,0,0,0,0,0,0,0,0,0,0,0,0,0,0,0,0,0,0,0,0,0,0,0,0,0,0,0,0,0,0,0,0,0,0,0,0,0,0,1035,65,,11,4224595830713,143,961626356427,,16,8241365134128,,,,,,,,,,,,1,50770609489908,,,,,0,54024088421977,,22,3963615383935,,,,41898,5139117263,,,
775-800C*,0,1073,150024,1024,91322875944,1086,44164221252,0,375,145662630023,49,7663677307902,52,0353098974734,0,375930252233622,,12,9270427190494,363,072226763091,23,4567343899053,,,,382,311645394927,,,50,2336322692098,47,9646901025266,95,6992684216107,12573,683777122,,,0,0,358,59745772198,,,18,9310801430041,,1E-06,0,487604967344435,0,,,6,14782761259176,73,370486208887,,,,,4,31943217670912,0,0,0,0,0,0,0,0,0,0,0,0,0,0,0,0,0,0,0,0,0,0,0,0,0,0,0,0,0,0,0,0,0,0,0,0,0,0,0,0,0,0,0,0,0,0,0,0,0,0,0,0,0,0,0,0,0,0,0,0,0,0,0,0,0,0,0,0,0,0,0,0,0,0,0,0,0,0,0,0,0,0,0,0,0,0,0,0,0,0,0,0,0,0,0,0,0,0,0,0,0,0,0,0,0,0,0,0,0,0,0,0,1060,65,,11,3495758394733,146,444645743218,,18,0424140796025,,,,,,,,,,,,1,855089668939,,,,,0,664715282670293,,23,4567343899053,,,,41683,7828951672,,,
800-825C*,0,1098,150024,1077,32760908499,1098,70312269866,0,376,703143098686,50,6731742573194,53,0991537568432,0,401524373148409,,13,2107593327662,366,96792021251,24,5171072414172,,,,387,201781644072,,,49,3268257426806,46,9008462431568,102,214324781615,13461,605479591,,,0,0,362,493151171399,,,18,3414624881539,,1E-06,0,506464382589489,0,,,6,56640524005672,78,3659701670213,,,,,3,30325205735824,0,0,0,0,0,0,0,0,0,0,0,0,0,0,0,0,0,0,0,0,0,0,0,0,0,0,0,0,0,0,0,0,0,0,0,0,0,0,0,0,0,0,0,0,0,0,0,0,0,0,0,0,0,0,0,0,0,0,0,0,0,0,0,0,0,0,0,0,0,0,0,0,0,0,0,0,0,0,0,0,0,0,0,0,0,0,0,0,0,0,0,0,0,0,0,0,0,0,0,0,0,0,0,0,0,0,0,0,0,0,0,0,1085,65,,11,2766920958753,148,719285716739,,19,2606916457923,,,,,,,,,,,,2,21170539436322,,,,,0,792497743377764,,24,5171072414172,,,,41469,0518786082,,,
825-850C*,0,1123,150024,1129,74198941055,1110,9646031848,0,378,26062356735,51,5799807838486,54,176213030611,0,427118494063195,,13,4774472436754,370,863613661929,25,5774800929291,,,,392,091917893218,,,48,4200192161514,45,823786969389,108,729381141619,16122,5611103088,,,0,0,366,388844620818,,,17,7518448333037,,1E-06,0,525323797834542,0,,,6,98498286752167,83,3614541251555,,,,,2,31924696789559,0,0,0,0,0,0,0,0,0,0,0,0,0,0,0,0,0,0,0,0,0,0,0,0,0,0,0,0,0,0,0,0,0,0,0,0,0,0,0,0,0,0,0,0,0,0,0,0,0,0,0,0,0,0,0,0,0,0,0,0,0,0,0,0,0,0,0,0,0,0,0,0,0,0,0,0,0,0,0,0,0,0,0,0,0,0,0,0,0,0,0,0,0,0,0,0,0,0,0,0,0,0,0,0,0,0,0,0,0,0,0,0,1110,65,,11,2038083522773,150,763085187057,,20,4789692119821,,,,,,,,,,,,2,5670780615829,,,,,0,919834791769247,,25,5774800929291,,,,41254,3208620492,,,
850-875C*,0,1148,150024,1182,15636973611,1123,22608367094,0,379,818104036014,52,4867873103778,55,2662384587605,0,452712614977982,,13,7248403560646,374,759307111348,26,637852944441,,,,396,982054142363,,,47,5132126896222,44,7337615412395,115,244437501624,16847,1824330787,,,0,0,370,284538070237,,,17,1622271784535,,1E-06,0,544183213079595,0,,,7,40356049498663,88,3569380832897,,,,,1,36741690832117,0,0,0,0,0,0,0,0,0,0,0,0,0,0,0,0,0,0,0,0,0,0,0,0,0,0,0,0,0,0,0,0,0,0,0,0,0,0,0,0,0,0,0,0,0,0,0,0,0,0,0,0,0,0,0,0,0,0,0,0,0,0,0,0,0,0,0,0,0,0,0,0,0,0,0,0,0,0,0,0,0,0,0,0,0,0,0,0,0,0,0,0,0,0,0,0,0,0,0,0,0,0,0,0,0,0,0,0,0,0,0,0,1135,65,,11,1309246086793,152,554488913938,,21,6972467781718,,,,,,,,,,,,2,59287793885005,,,,,0,929079397567898,,26,637852944441,,,,41039,5898454902,,,
875-900C*,0,1173,150024,1234,57075006166,1135,48756415709,0,381,375584504677,53,393593836907,56,3689261288159,0,478306735892768,,13,9507205809823,378,655000560767,27,6982257959528,,,,401,872190391509,,,46,606406163093,43,6310738711841,121,759493861628,17411,3339814166,,,0,0,374,180231519655,,,16,5726095236033,,1E-06,0,563042628324648,0,,,7,82213812245159,93,352422041424,,,,,0,447761878634997,0,0,0,0,0,0,0,0,0,0,0,0,0,0,0,0,0,0,0,0,0,0,0,0,0,0,0,0,0,0,0,0,0,0,0,0,0,0,0,0,0,0,0,0,0,0,0,0,0,0,0,0,0,0,0,0,0,0,0,0,0,0,0,0,0,0,0,0,0,0,0,0,0,0,0,0,0,0,0,0,0,0,0,0,0,0,0,0,0,0,0,0,0,0,0,0,0,0,0,0,0,0,0,0,0,0,0,0,0,0,0,0,1160,65,,11,0580408650813,154,073116444667,,22,9155243443616,,,,,,,,,,,,3,23219338305325,,,,,1,1581587533125,,27,6982257959528,,,,40824,8588289312,,,
900-925C*,0,1198,150024,1286,98513038722,1147,74904464323,0,382,933064973341,54,3004003634362,57,4839145132583,0,503900856807554,,14,1529439637808,382,550694010185,28,7585986474647,,,,406,762326640655,,,45,6995996365638,42,5160854867417,128,274550221632,17791,7997183826,,,0,0,378,075924969074,,,15,9829918687531,,1E-06,0,581902043569702,0,,,8,24071574991655,98,3479059995582,,,,,0,0,0,0,0,0,0,0,0,0,0,0,0,0,0,0,0,0,0,0,0,0,0,0,0,0,0,0,0,0,0,0,0,0,0,0,0,0,0,0,0,0,0,0,0,0,0,0,0,0,0,0,0,0,0,0,0,0,0,0,0,0,0,0,0,0,0,0,0,0,0,0,0,0,0,0,0,0,0,0,0,0,0,0,0,0,0,0,0,0,0,0,0,0,0,0,0,0,0,0,0,0,0,0,0,0,0,0,0,0,0,0,0,1185,65,,10,9851571214833,155,300031741629,,24,1338019105513,,,,,,,,,,,,3,52098561812622,,,,,1,2616387173184,,28,7585986474647,,,,40610,1278123722,,,
925-950C*,0,1223,150024,1339,39951071277,1160,01052512937,0,384,490545442004,55,2072068899654,58,6107814389013,0,52949497772234,,14,3294674404898,386,446387459604,29,8189714989766,,,,411,6524628898,,,44,7927931100346,41,3892185610987,134,789606581637,17965,3636070368,,,0,0,381,971618418493,,,15,3933742139029,,1E-06,0,600761458814755,0,,,8,65929337738151,103,343389957693,,,,,0,0,0,0,0,0,0,0,0,0,0,0,0,0,0,0,0,0,0,0,0,0,0,0,0,0,0,0,0,0,0,0,0,0,0,0,0,0,0,0,0,0,0,0,0,0,0,0,0,0,0,0,0,0,0,0,0,0,0,0,0,0,0,0,0,0,0,0,0,0,0,0,0,0,0,0,0,0,0,0,0,0,0,0,0,0,0,0,0,0,0,0,0,0,0,0,0,0,0,0,0,0,0,0,0,0,0,0,0,0,0,0,0,1210,65,,10,9122733778852,156,218008517249,,25,3520794767411,,,,,,,,,,,,3,76663395663927,,,,,1,34965937071656,,29,8189714989766,,,,40395,3967958132,,,
950-975C*,0,1248,150024,1391,81389103833,1172,27200561551,0,386,048025910668,56,1140134164946,59,7490410096009,0,555089098637127,,14,478375775018,390,342080909023,30,8793443504885,,,,416,542599138946,,,43,8859865835054,40,2509589903991,141,304662941641,18789,1356944049,,,0,0,385,867311867912,,,14,8037565590527,,1E-06,0,619620874059808,0,,,9,07787100484646,108,338873915827,,,,,0,0,0,0,0,0,0,0,0,0,0,0,0,0,0,0,0,0,0,0,0,0,0,0,0,0,0,0,0,0,0,0,0,0,0,0,0,0,0,0,0,0,0,0,0,0,0,0,0,0,0,0,0,0,0,0,0,0,0,0,0,0,0,0,0,0,0,0,0,0,0,0,0,0,0,0,0,0,0,0,0,0,0,0,0,0,0,0,0,0,0,0,0,0,0,0,0,0,0,0,0,0,0,0,0,0,0,0,0,0,0,0,0,1235,65,,10,8393896342872,156,811786111077,,26,5703570429309,,,,,,,,,,,,3,95866318900355,,,,,1,41846723893405,,30,8793443504885,,,,40180,6657792542,,,
975-1000C*,0,1273,150024,1444,22827136388,1184,53348610166,0,387,605506379332,57,0208199430238,60,8981405064751,0,580683219551913,,14,5979081984884,394,237774358442,31,9397172020003,,,,421,432735388091,,,42,9791800569762,39,1018594935249,147,819719301645,19677,0573968739,,,0,0,389,763005317331,,,14,2141389042025,,1E-06,0,638480289304861,0,,,9,49644863231142,113,334357873961,,,,,0,0,0,0,0,0,0,0,0,0,0,0,0,0,0,0,0,0,0,0,0,0,0,0,0,0,0,0,0,0,0,0,0,0,0,0,0,0,0,0,0,0,0,0,0,0,0,0,0,0,0,0,0,0,0,0,0,0,0,0,0,0,0,0,0,0,0,0,0,0,0,0,0,0,0,0,0,0,0,0,0,0,0,0,0,0,0,0,0,0,0,0,0,0,0,0,0,0,0,0,0,0,0,0,0,0,0,0,0,0,0,0,0,1260,65,,10,7665058906892,157,068310668408,,27,7886346091206,,,,,,,,,,,,4,08659810563021,,,,,1,46430884739793,,31,9397172020003,,,,39965,9347626951,,,
1000-1050C*,0,1323,150024,1522,84984185222,1202,92570683087,0,389,941727082327,58,3810297328176,62,640732723147,0,619074400924093,,14,6708977394809,400,08131453257,33,5302764792681,,,,428,76793976181,,,41,6189702671824,37,359267276853,157,592303841652,21008,9399505774,,,0,0,395,606545491459,,,13,3297124219272,,1E-06,0,666769412172441,0,,,10,1243150735089,120,827583811162,,,,,0,0,0,0,0,0,0,0,0,0,0,0,0,0,0,0,0,0,0,0,0,0,0,0,0,0,0,0,0,0,0,0,0,0,0,0,0,0,0,0,0,0,0,0,0,0,0,0,0,0,0,0,0,0,0,0,0,0,0,0,0,0,0,0,0,0,0,0,0,0,0,0,0,0,0,0,0,0,0,0,0,0,0,0,0,0,0,0,0,0,0,0,0,0,0,0,0,0,0,0,0,0,0,0,0,0,0,0,0,0,0,0,0,1298,15,,10,6571802752922,155,767066780098,,29,6160509584053,,,,,,,,,,,,4,40150737503548,,,,,1,57714706084555,,33,5302764792681,,,,39643,8382378566,,,
1050-1100C*,0,1373,150024,1627,67860250333,1227,44866780316,0,393,056688019654,60,194642785876,64,9956972627223,0,670262642753665,,14,7442522281783,407,872701431407,35,6510221822919,,,,438,548212260101,,,39,805357214124,35,0043027372777,170,62241656166,22784,7833555154,,,0,0,403,397932390296,,,12,1504771122268,,1E-06,0,704488242662548,0,,,10,9614703284388,130,818551727431,,,,,0,0,0,0,0,0,0,0,0,0,0,0,0,0,0,0,0,0,0,0,0,0,0,0,0,0,0,0,0,0,0,0,0,0,0,0,0,0,0,0,0,0,0,0,0,0,0,0,0,0,0,0,0,0,0,0,0,0,0,0,0,0,0,0,0,0,0,0,0,0,0,0,0,0,0,0,0,0,0,0,0,0,0,0,0,0,0,0,0,0,0,0,0,0,0,0,0,0,0,0,0,0,0,0,0,0,0,0,0,0,0,0,0,1348,15,,10,5114127880962,154,448883745139,,32,0526060907848,,,,,,,,,,,,4,95800874001562,,,,,1,77655249570021,,35,6510221822919,,,,39214,3762047386,,,
1100-1150C*,0,1423,150024,3102,37748574738,1251,97162877544,0,396,171648956981,62,0082558389344,67,3803549226063,0,721450884583238,,14,8179734893191,415,664088330245,37,7717678853156,,,,448,328484758392,,,37,9917441610656,32,6196450773937,183,652529281669,24560,6267604533,,,0,0,411,189319289134,,,10,9712418025265,,1E-06,0,742207073152654,0,,,11,7986255833687,140,809519643699,,,,,0,0,0,0,0,0,0,0,0,0,0,0,0,0,0,0,0,0,0,0,0,0,0,0,0,0,0,0,0,0,0,0,0,0,0,0,0,0,0,0,0,0,0,0,0,0,0,0,0,0,0,0,0,0,0,0,0,0,0,0,0,0,0,0,0,0,0,0,0,0,0,0,0,0,0,0,0,0,0,0,0,0,0,0,0,0,0,0,0,0,0,0,0,0,0,0,0,0,0,0,0,0,0,0,0,0,0,0,0,0,0,0,0,1398,15,,10,3656453009001,153,11362470316,,34,4891612231643,,,,,,,,,,,,5,51451010499575,,,,,1,97595793055488,,37,7717678853156,,,,38784,9141716206,,,
1150+C*,0,1623,150024,4053,88589912329,1313,27903120616,0,403,959051300299,66,5422884715803,73,4150600187086,0,84942148915717,,14,8920633567657,435,142555577339,43,073632142875,,,,665,176429808688,,,33,4577115284197,26,5849399812914,216,22781108169,29000,2352727983,,,0,0,430,667786536228,,,8,02315352827549,,1E-06,0,83650414937792,0,,,13,8915137206935,165,786939434371,,,,,0,0,0,0,0,0,0,0,0,0,0,0,0,0,0,0,0,0,0,0,0,0,0,0,0,0,0,0,0,0,0,0,0,0,0,0,0,0,0,0,0,0,0,0,0,0,0,0,0,0,0,0,0,0,0,0,0,0,0,0,0,0,0,0,0,0,0,0,0,0,0,0,0,0,0,0,0,0,0,0,0,0,0,0,0,0,0,0,0,0,0,0,0,0,0,0,0,0,0,0,0,0,0,0,0,0,0,0,0,0,0,0,0,1523,15,,10,0012265829101,145,407028914644,,40,5805490541131,,,,,,,,,,,,6,90576351744608,,,,,2,47447151769153,,43,073632142875,,,,37711,2590888255,,,
