Name,Saxi Batuque-2011
Created,26/03/2026 11:05:53
Cpt,Composition,Boiling Temperature,Molecular Weight,Standard Liquid Density,Acidity,Aniline Point,Assay - Aromatics Vol Pct,Assay - Aromatics Wt Pct,Asphaltene Content,Basic Nitrogen Content,C to H Ratio,Cloud Point,Conradson Carbon Content,Copper Content,Cetane Number,Flash Point,Freeze Point,MON (Clear),MON (Leaded),Assay - Naphthenes Vol Pct,Assay - Naphthenes Wt Pct,Nickel Content,Nitrogen Content,Assay - Olefins Vol Pct,Assay - Olefins Wt Pct,Assay - Paraffins Vol Pct,Assay - Paraffins Wt Pct,Pour Point,Refractive Index,Reid Vapour Pressure,RON (Clear),RON (Leaded),Smoke Point,Sulfur Content,Mercaptan Sulfur Content,Sodium Content,True Vapour Pressure,Vanadium Content,Iron Content,Luminometer Number,Viscosity @ 38C,Viscosity @ 50C,Viscosity @ 60C,Wax Content,Pi C6 22DMB Wt Pct,Pi C6 22DMB Vol Pct,Pi C6 23DMB Wt Pct,Pi C6 23DMB Vol Pct,Pi C6 2MP Wt Pct,Pi C6 2MP Vol Pct,Pi C6 3MP Wt Pct,Pi C6 3MP Vol Pct,Pi C7 22-mPentane Wt Pct,Pi C7 22-mPentane Vol Pct,Pi C7 24-mPentane Wt Pct,Pi C7 24-mPentane Vol Pct,Pi C7 223-mButane Wt Pct,Pi C7 223-mButane Vol Pct,Pi C7 33-mPentane Wt Pct,Pi C7 33-mPentane Vol Pct,Pi C7 23-mPentane Wt Pct,Pi C7 23-mPentane Vol Pct,Pi C7 2-mHexane Wt Pct,Pi C7 2-mHexane Vol Pct,Pi C7 3-mHexane Wt Pct,Pi C7 3-mHexane Vol Pct,Pi C7 3-ePentane Wt Pct,Pi C7 3-ePentane Vol Pct,Pi C6 Wt Pct,Pi C6 Vol Pct,Pi C7 Wt Pct,Pi C7 Vol Pct,Pi C8 Wt Pct,Pi C8 Vol Pct,Pi C9 Wt Pct,Pi C9 Vol Pct,Pi C10  Wt Pct,Pi C10  Vol Pct,Pi C11  Wt Pct,Pi C11  Vol Pct,Pn C6 Hexane Wt Pct,Pn C6 Hexane Vol Pct,Pn C7 Heptane Wt Pct,Pn C7 Heptane Vol Pct,Pn C8 Octane Wt Pct,Pn C8 Octane Vol Pct,Pn C9 Nonane Wt Pct,Pn C9 Nonane Vol Pct,Pn C10 Decane Wt Pct,Pn C10 Decane Vol Pct,Pn C11 n-C11 Wt Pct,Pn C11 n-C11 Vol Pct,On C6 Wt Pct,On C6 Vol Pct,On C7 Wt Pct,On C7 Vol Pct,On C8 Wt Pct,On C8 Vol Pct,On C9 Wt Pct,On C9 Vol Pct,On C10 Wt Pct,On C10 Vol Pct,On C11 Wt Pct,On C11 Vol Pct,A C6 Benzene Wt Pct,A C6 Benzene Vol Pct,A C7 Toluene Wt Pct,A C7 Toluene Vol Pct,A C8 m-Xylene Wt Pct,A C8 m-Xylene Vol Pct,A C8 o-Xylene Wt Pct,A C8 o-Xylene Vol Pct,A C8 p-Xylene Wt Pct,A C8 p-Xylene Vol Pct,A C8 EthBenz Wt Pct,A C8 EthBenz Vol Pct,N C6 cyc-C5 Wt Pct,N C6 cyc-C5 Vol Pct,N C6 cyc-C6 Wt Pct,N C6 cyc-C6 Vol Pct,A C8 Wt Pct,A C8 Vol Pct,A C9 Wt Pct,A C9 Vol Pct,A C10 Wt Pct,A C10 Vol Pct,A C11 Wt Pct,A C11 Vol Pct,N C6 Wt Pct,N C6 Vol Pct,N C7 Wt Pct,N C7 Vol Pct,N C8 Wt Pct,N C8 Vol Pct,N C9 Wt Pct,N C9 Vol Pct,N C10 Wt Pct,N C10 Vol Pct,N C11 Wt Pct,N C11 Vol Pct,Pi Wt Pct,Pi Vol Pct,Pn Wt Pct,Pn Vol Pct,Oi C6 Wt Pct,Oi C6 Vol Pct,Oi C7 Wt Pct,Oi C7 Vol Pct,Oi C8 Wt Pct,Oi C8 Vol Pct,Oi C9 Wt Pct,Oi C9 Vol Pct,Oi C10 Wt Pct,Oi C10 Vol Pct,Oi C11 Wt Pct,Oi C11 Vol Pct,Centroid Boiling Temperature,Viscosity @ 100C,Hydrogen,CarbonByWt,PValue,RamsCarbonResidueByWt,SulfideByWt,ZincByWt,TinByWt,ChromiumByWt,LeadByWt,AluminiumByWt,MagnesiumByWt,MetalByWt,ArsenicByWt,CadmiumByWt,MercuryByWt,NaClByWt,SaltByWt,MudByWt,ChloridesByWt,MolybdenumByWt,AshByWt,GumByWt,MicroCarbonResidueByWt,nC5InsolublesByWt,NaphthenicAcidByWt,NaphthenicAcidByVol,Gross Heating Value,Net Heating Value,Oxygen Content,
Hydrogen,0,20,5548,2,016000032,69,85910034,0,,0,0,0,0,0,13,9,0,0,,,13,9,10,,0,0,0,0,0,0,0,0,13,9,,,130,,,0,0,0,,0,0,,,,,0,,,,,,,,,,,,,,,,,,,,,,,,,,,,,,,,,,,,,,,,,,,,,,,,,,,,,,,,,,,,,,,,,,,,,,,,,,,,,,,,,,,,,,,,,,,,,,,,,0,0,0,0,,,,,,,,,,,,,,,100,0,,,,,,,,,,,,,,,,,,,,,0,,,,,,,
Nitrogen,0,77,3498,28,0135,806,3740234,0,,0,0,0,0,0,63,1,0,0,,,63,1,,,0,0,0,0,0,0,0,0,63,1,,,,,,0,0,0,,0,0,,,,,0,,,,,,,,,,,,,,,,,,,,,,,,,,,,,,,,,,,,,,,,,,,,,,,,,,,,,,,,,,,,,,,,,,,,,,,,,,,,,,,,,,,,,,,,,,,,,,,,,0,0,0,0,,,,,,,,,,,,,,,0,0,,,,,,,,,,,,,,,,,,,,,0,,,,,,,
CO,0,81,6996,28,0109005,799,3880005,0,,0,0,0,0,0,68,2,0,0,,,68,2,,,0,0,0,0,0,0,0,0,68,2,,,120,,,0,0,0,,0,0,,,,,0,,,,,,,,,,,,,,,,,,,,,,,,,,,,,,,,,,,,,,,,,,,,,,,,,,,,,,,,,,,,,,,,,,,,,,,,,,,,,,,,,,,,,,,,,,,,,,,,,0,0,0,0,,,,,,,,,,,,,,,0,0,,,,,,,,,,,,,,,,,,,,,0,,,,,,,
Oxygen,0,90,1996,32,1137,680054,0,,0,0,0,0,0,54,4,0,0,,,54,4,,,0,0,0,0,0,0,0,0,54,4,,,120,,,0,0,0,,0,0,,,,,0,,,,,,,,,,,,,,,,,,,,,,,,,,,,,,,,,,,,,,,,,,,,,,,,,,,,,,,,,,,,,,,,,,,,,,,,,,,,,,,,,,,,,,,,,,,,,,,,,0,0,0,0,,,,,,,,,,,,,,,0,0,,,,,,,,,,,,,,,,,,,,,0,,,,,,,
Methane,0,111,625,16,04290009,299,3940125,0,,0,0,0,0,3,90,4,0,0,,85,15,90,4,,,0,0,0,0,0,0,100,100,90,4,,,120,,,0,0,0,,0,0,,,,,0,,,,,,,,,,,,,,,,,,,,,,,,,,,,,,,,,,,,,,,,,,,,,,,,,,,,,,,,,,,,,,,,,,,,,,,,,,,,,,,,,,,,,,,,,,,,,,,,,0,0,100,100,,,,,,,,,,,,,,,25,13516209,75,,,,,,,,,,,,,,,,,,,,,0,,,,,,,
Ethylene,0,169,399,28,05380058,383,2260132,0,,0,0,0,0,6,104,0,0,,137,15,104,75,6,,0,0,0,0,100,100,0,0,104,,,100,51,,,0,0,0,,0,0,,,,,0,,,,,,,,,,,,,,,,,,,,,,,,,,,,,,,,,,,,,,,,,,,,,,,,,,,,,,,,,,,,,,,,,,,,,,,,,,,,,,,,,,,,,,,,,,,,,,,,,0,0,0,0,,,,,,,,,,,,,,,14,34761566,85,71428571,,,,,,,,,,,,,,,,,,,,,0,,,,,,,
Ethane,0,000222699741830119,184,55,30,06990051,355,6830139,0,,0,0,0,0,4,90,4,0,0,,138,15,90,4,100,79,,0,0,0,0,0,0,100,100,90,4,,,111,38,,,0,0,0,,0,0,,,,,0,,,,,,,,,,,,,,,,,,,,,,,,,,,,,,,,,,,,,,,,,,,,,,,,,,,,,,,,,,,,,,,,,,,,,,,,,,,,,,,,,,,,,,,,,,,,,,,,,0,0,100,100,,,,,,,,,,,,,,,20,11147323,80,,,,,,,,,,,,,,,,,,,,,0,,,,,,,
CO2,0,194,598,44,00970078,825,335022,0,,0,0,0,0,0,217,0,0,,,217,,,0,0,0,0,0,0,0,0,217,,,,,,0,0,0,,0,0,,,,,0,,,,,,,,,,,,,,,,,,,,,,,,,,,,,,,,,,,,,,,,,,,,,,,,,,,,,,,,,,,,,,,,,,,,,,,,,,,,,,,,,,,,,,,,,,,,,,,,,0,0,0,0,,,,,,,,,,,,,,,0,0,,,,,,,,,,,,,,,,,,,,,0,,,,,,,
H2S,8,25844997819789E-05,213,498,34,07600021,788,40802,0,,0,0,0,0,0,188,0,0,,,188,,,0,0,0,0,0,0,0,0,188,,2759,,,,94,1177,0,0,,0,0,,,,,0,,,,,,,,,,,,,,,,,,,,,,,,,,,,,,,,,,,,,,,,,,,,,,,,,,,,,,,,,,,,,,,,,,,,,,,,,,,,,,,,,,,,,,,,,,,,,,,,,0,0,0,0,,,,,,,,,,,,,,,5,911554252,0,,,,,,,,,,,,,,,,,,,,,0,,,,,,,
Propene,0,225,399,42,08060074,520,9550171,0,,0,0,0,0,6,87,9,0,0,,165,87,9,84,9,,0,0,0,0,100,100,0,0,87,9,,1565,102,54,,,0,0,0,,0,0,,,,,0,,,,,,,,,,,,,,,,,,,,,,,,,,,,,,,,,,,,,,,,,,,,,,,,,,,,,,,,,,,,,,,,,,,,,,,,,,,,,,,,,,,,,,,,,,,,,,,,,0,0,0,0,,,,,,,,,,,,,,,14,36465558,85,71428571,,,,,,,,,,,,,,,,,,,,,0,,,,,,,
Propane,0,0145616619691646,231,048,44,09700012,506,678009,0,,0,0,0,0,4,5,85,5,0,0,,169,15,85,5,97,1,,0,0,0,0,0,0,100,100,85,5,,1303,112,14,,,0,0,0,,0,0,,,,,0,,,,,,,,,,,,,,,,,,,,,,,,,,,,,,,,,,,,,,,,,,,,,,,,,,,,,,,,,,,,,,,,,,,,,,,,,,,,,,,,,,,,,,,,,,,,,,,,,0,0,100,100,,,,,,,,,,,,,,,18,28426304,81,81818182,,,,,,,,,,,,,,,,,,,,,0,,,,,,,
i-Butane,0,0146467874446253,261,42,58,12400055,561,9660034,0,380,85,0,0,0,0,4,8,114,0,0,,190,15,114,97,6,,0,0,0,0,0,0,100,100,114,,489,6,101,426,,,0,0,0,,0,0,,,,,0,,,,,,,,,,,,,,,,,,,,,,,,,,,,,,,,,,,,,,,,,,,,,,,,,,,,,,,,,,,,,,,,,,,,,,,,,,,,,,,,,,,,,,,,,,,,,,,,,100,100,0,0,,,,,,,,,,,,,,,17,34802065,82,75862069,,,,,,,,,,,,,,,,,,,,,0,,,,,,,
i-Butene,0,266,299,56,10770035,592,7930298,0,286,7055556,0,0,0,0,6,133,0,0,,193,15,133,88,1,,0,0,0,0,100,100,0,0,133,,442,7,105,2096138,,,0,0,0,,0,0,,,,,0,,,,,,,,,,,,,,,,,,,,,,,,,,,,,,,,,,,,,,,,,,,,,,,,,,,,,,,,,,,,,,,,,,,,,,,,,,,,,,,,,,,,,,,,,,,,,,,,,0,0,0,0,,,,,,,,,,,,,,,14,37319073,85,71428571,,,,,,,,,,,,,,,,,,,,,0,,,,,,,
1-Butene,0,266,898,56,10770035,593,7890015,0,,0,0,0,0,6,87,8,0,0,,193,15,87,8,80,8,,0,0,0,0,100,100,0,0,87,8,,432,97,4,,,0,0,0,,0,0,,0,236064836133691,0,219972008704656,0,208210021632581,0,,,,,,,,,,,,,,,,,,,,,,,,,,,,,,,,,,,,,,,,,,,,,,,,,,,,,,,,,,,,,,,,,,,,,,,,,,,,,,,,,,,,,,,,,,,,,,,,,0,0,0,0,,,,,,,,,,,,,,,14,37319073,85,71428571,,,,,,,,,,,,,,,,,,,,,0,,,,,,,
13-Butadiene,0,268,7,54,1,619,7440186,0,,0,0,0,0,8,164,0,0,,197,15,164,73,94513286,,0,0,0,0,100,100,0,0,164,,409,6,102,9723045,,,0,0,0,,0,0,,,,,0,,,,,,,,,,,,,,,,,,,,,,,,,,,,,,,,,,,,,,,,,,,,,,,,,,,,,,,,,,,,,,,,,,,,,,,,,,,,,,,,,,,,,,,,,,,,,,,,,0,0,0,0,,,,,,,,,,,,,,,11,17841035,88,88888889,,,,,,,,,,,,,,,,,,,,,0,,,,,,,
n-Butane,0,0429033637958923,272,648,58,12400055,583,2230225,0,356,35,0,0,0,0,4,8,135,0,0,,213,15,135,89,6,,0,0,0,0,0,0,100,100,135,,358,5,93,8,,,0,0,0,,0,0,,0,241514675581771,0,217701202498228,,0,,,,,,,,,,,,,,,,,,,,,,,,,,,,,,,,,,,,,,,,,,,,,,,,,,,,,,,,,,,,,,,,,,,,,,,,,,,,,,,,,,,,,,,,,,,,,,,,,0,0,100,100,,,,,,,,,,,,,,,17,34802065,82,75862069,,,,,,,,,,,,,,,,,,,,,0,,,,,,,
tr2-Butene,0,274,027,56,1,608,684021,0,,0,0,0,0,6,168,0,0,,201,168,83,84306902,,0,0,0,0,100,100,0,0,168,,343,9,105,0089318,,,0,0,0,,0,0,,,,,0,,,,,,,,,,,,,,,,,,,,,,,,,,,,,,,,,,,,,,,,,,,,,,,,,,,,,,,,,,,,,,,,,,,,,,,,,,,,,,,,,,,,,,,,,,,,,,,,,0,0,0,0,,,,,,,,,,,,,,,14,37319073,85,71428571,,,,,,,,,,,,,,,,,,,,,0,,,,,,,
i-Pentane,0,0293962131324008,301,028,72,15100098,623,4420166,0,343,95,0,0,0,0,5,113,0,0,,217,113,90,3,,0,0,0,0,0,0,100,100,113,,133,8,92,3,,,0,0,0,,0,0,,,,,0,,,,,,,,,,,,,,,,,,,,,,,,,,,,,,,,,,,,,,,,,,,,,,,,,,,,,,,,,,,,,,,,,,,,,,,,,,,,,,,,,,,,,,,,,,,,,,,,,100,100,0,0,,,,,,,,,,,,,,,16,75213296,83,33333333,,,,,,,,,,,,,,,,,,,,,0,,,,,,,
1-Pentene,0,303,096,70,13500214,638,7230225,0,292,25,0,0,0,0,6,108,0,0,,245,108,77,1,,0,0,0,0,100,100,0,0,108,,131,8,90,9,,,0,0,0,,0,0,,,,,0,,,,,,,,,,,,,,,,,,,,,,,,,,,,,,,,,,,,,,,,,,,,,,,,,,,,,,,,,,,,,,,,,,,,,,,,,,,,,,,,,,,,,,,,,,,,,,,,,0,0,0,0,,,,,,,,,,,,,,,14,37831669,85,71428571,,,,,,,,,,,,,,,,,,,,,0,,,,,,,
2M-1-butene,0,304,303,70,1,654,3800049,0,,0,0,0,0,6,136,0,0,,221,136,81,9,,0,0,0,0,100,100,0,0,136,,127,2,102,54,,,0,0,0,,0,0,,,,,0,,,,,,,,,,,,,,,,,,,,,,,,,,,,,,,,,,,,,,,,,,,,,,,,,,,,,,,,,,,,,,,,,,,,,,,,,,,,,,,,,,,,,,,,,,,,,,,,,0,0,0,0,,,,,,,,,,,,,,,14,37831669,85,71428571,,,,,,,,,,,,,,,,,,,,,0,,,,,,,
n-Pentane,0,309,209,72,15100098,629,7290039,0,343,95,0,0,0,0,5,143,0,0,,233,143,61,9,,0,0,0,0,0,0,100,100,143,,101,35,61,7,,,0,0,0,,0,0,,0,317713556013358,0,28795065870348,0,265338970196147,0,,,,,,,,,,,,,,,,,,,,,,,,,,,,,,,,,,,,,,,,,,,,,,,,,,,,,,,,,,,,,,,,,,,,,,,,,,,,,,,,,,,,,,,,,,,,,,,,,0,0,100,100,,,,,,,,,,,,,,,16,75213296,83,33333333,,,,,,,,,,,,,,,,,,,,,0,,,,,,,
cis2-Butene,0,276,867,56,1,625,9530029,0,,0,0,0,0,6,134,0,0,,203,134,83,5,,0,0,0,0,100,100,0,0,134,,314,4,100,,,0,0,0,,0,0,,,,,0,,,,,,,,,,,,,,,,,,,,,,,,,,,,,,,,,,,,,,,,,,,,,,,,,,,,,,,,,,,,,,,,,,,,,,,,,,,,,,,,,,,,,,,,,,,,,,,,,0,0,0,0,,,,,,,,,,,,,,,14,37319073,85,71428571,,,,,,,,,,,,,,,,,,,,,0,,,,,,,
3M-1-butene,0,293,204,70,1,631,2700195,0,,0,0,0,0,6,105,0,0,,217,105,85,26729455,,0,0,0,0,100,100,0,0,105,,190,101,6748769,,,0,0,0,,0,0,,,,,0,,,,,,,,,,,,,,,,,,,,,,,,,,,,,,,,,,,,,,,,,,,,,,,,,,,,,,,,,,,,,,,,,,,,,,,,,,,,,,,,,,,,,,,,,,,,,,,,,0,0,0,0,,,,,,,,,,,,,,,14,37831669,85,71428571,,,,,,,,,,,,,,,,,,,,,0,,,,,,,
2M-2-butene,0,311,704,70,1,666,1090088,0,406,15,0,0,0,0,6,139,0,0,,228,139,84,7,,0,0,0,0,100,100,0,0,139,,98,11,97,3,,,0,0,0,,0,0,,,,,0,,,,,,,,,,,,,,,,,,,,,,,,,,,,,,,,,,,,,,,,,,,,,,,,,,,,,,,,,,,,,,,,,,,,,,,,,,,,,,,,,,,,,,,,,,,,,,,,,0,0,0,0,,,,,,,,,,,,,,,14,37831669,85,71428571,,,,,,,,,,,,,,,,,,,,,0,,,,,,,
2M-13-C4==,0,307,204,68,1,684,8460083,0,,0,0,0,0,7,5,127,0,0,,219,127,81,,0,0,0,0,100,100,0,0,127,,118,6,99,1,,,0,0,0,,0,0,,,,,0,,,,,,,,,,,,,,,,,,,,,,,,,,,,,,,,,,,,,,,,,,,,,,,,,,,,,,,,,,,,,,,,,,,,,,,,,,,,,,,,,,,,,,,,,,,,,,,,,0,0,0,0,,,,,,,,,,,,,,,11,8404699,88,23529412,,,,,,,,,,,,,,,,,,,,,0,,,,,,,
tr2-Pentene,0,309,493,70,1,652,2630005,0,404,4833333,0,0,0,0,6,133,0,0,,225,133,85,14880659,,0,0,0,0,100,100,0,0,133,,106,7,100,3776273,,,0,0,0,,0,0,,,,,0,,,,,,,,,,,,,,,,,,,,,,,,,,,,,,,,,,,,,,,,,,,,,,,,,,,,,,,,,,,,,,,,,,,,,,,,,,,,,,,,,,,,,,,,,,,,,,,,,0,0,0,0,,,,,,,,,,,,,,,14,37831669,85,71428571,,,,,,,,,,,,,,,,,,,,,0,,,,,,,
cis2-Pentene,0,310,083,70,1,659,5750122,0,403,9277778,0,0,0,0,6,122,0,0,,226,122,85,14880659,,0,0,0,0,100,100,0,0,122,,104,4,100,3776273,,,0,0,0,,0,0,,,,,0,,,,,,,,,,,,,,,,,,,,,,,,,,,,,,,,,,,,,,,,,,,,,,,,,,,,,,,,,,,,,,,,,,,,,,,,,,,,,,,,,,,,,,,,,,,,,,,,,0,0,0,0,,,,,,,,,,,,,,,14,37831669,85,71428571,,,,,,,,,,,,,,,,,,,,,0,,,,,,,
Cyclopentane,0,322,398,70,13500214,748,8740234,0,289,95,0,0,0,0,6,179,0,0,,233,179,84,9,,100,100,0,0,0,0,0,0,179,,41,7,101,426,,,0,0,0,,0,0,,0,483269667509962,0,429891392256475,,0,,,,,,,,,,,,,,,,,,,,,,,,,,,,,,,,,,,,,,,,,,,,,,,,,,,,,,,,,,,,,,,,,,,,,,,,,,,,,,,,,,,,,,,,,,,,,,,,,0,0,0,0,,,,,,,,,,,,,,,14,37831669,85,71428571,,,,,,,,,,,,,,,,,,,,,0,,,,,,,
Cyclopentene,0,317,38,68,1,776,5159912,0,458,3722222,0,0,0,0,7,5,138,0,0,,244,138,69,7,,100,100,0,0,0,0,0,0,138,,81,04,93,3,,,0,0,0,,0,0,,,,,0,,,,,,,,,,,,,,,,,,,,,,,,,,,,,,,,,,,,,,,,,,,,,,,,,,,,,,,,,,,,,,,,,,,,,,,,,,,,,,,,,,,,,,,,,,,,,,,,,0,0,0,0,,,,,,,,,,,,,,,11,8404699,88,23529412,,,,,,,,,,,,,,,,,,,,,0,,,,,,,
22-Mpropane,0,282,648,72,2,595,5930176,0,291,7055556,0,0,0,0,5,257,0,0,,225,257,80,2,,0,0,0,0,0,0,100,100,257,,251,8,85,5,,,0,0,0,,0,0,,,,,0,,,,,,,,,,,,,,,,,,,,,,,,,,,,,,,,,,,,,,,,,,,,,,,,,,,,,,,,,,,,,,,,,,,,,,,,,,,,,,,,,,,,,,,,,,,,,,,,,100,100,0,0,,,,,,,,,,,,,,,16,75213296,83,33333333,,,,,,,,,,,,,,,,,,,,,0,,,,,,,
33M-1-butene,0,314,397,84,16,657,1190186,0,,0,0,0,0,6,,0,0,,241,15,157,95,93,3,,0,0,0,0,100,100,0,0,,,91,82,111,77,,,0,0,0,,0,0,,,,,0,,,,,,,,,,,,,,,,,,,,,,,,,,,,,,,,,,,,,,,,,,,,,,,,,,,,,,,,,,,,,,,,,,,,,,,,,,,,,,,,,,,,,,,,,,,,,,,,,0,0,0,0,,,,,,,,,,,,,,,14,3716,85,71428571,,,,,,,,,,,,,,,,,,,,,0,,,,,,,
H2O,0,373,148,18,01510048,997,9860229,0,,0,0,0,0,0,,0,0,,,,,,0,0,0,0,0,0,0,0,,,,,,,0,0,0,,0,0,,0,698140124178851,0,560124358458913,0,474686748589316,0,,,,,,,,,,,,,,,,,,,,,,,,,,,,,,,,,,,,,,,,,,,,,,,,,,,,,,,,,,,,,,,,,,,,,,,,,,,,,,,,,,,,,,,,,,,,,,,,,0,0,0,0,,,,,,,,,,,,,,0,279783740086422,11,18972388,0,,,,,,,,,,,,,,,,,,,,,0,,,,,,,
36-40C*,0,00468744468781188,313,149994,72,3268709434332,644,087800922465,0,000102294584014207,223,04911555124,1,02375609265213,1,38907924596502,0,000253209607892628,0,280569689570874,4,49473194337378,234,870416855388,0,4,86320843372066E-10,31,6292334450723,237,452880911821,234,870416855388,65,2153601367845,73,9724513367845,16,4845608450944,16,7530891819864,0,0121907685403978,0,283403726839267,0,0,82,4916830622535,81,8578315720486,157,976935683125,1,36204180587329,69,771486719745,66,9844772954624,75,7415684954624,47,3637370454809,0,0,000176641307178194,0,94,1972145768408,0,0034830772763469,1,59822106870527E-07,107,156919465952,0,371887555177739,0,356140771826367,0,343264378732403,0,799124430441106,0,0,0,0,0,0,0,0,0,0,0,0,0,0,0,0,0,0,0,0,0,0,0,0,12,5741035662955,12,5779385869105,2,12772802446999,2,0396565366258,0,0,0,0,0,0,0,0,8,57500029138806,8,54935876850025,0,19867339987521,0,191114024214562,0,0,0,0,0,0,0,0,0,0,0,0,0,0,0,0,0,0,0,0,1,66629303121144,1,24790643384669,0,0,0,0,0,0,0,0,0,0,0,0,0,0,0,0,0,0,0,0,0,0,12,8689092564329,11,0859046320848,1,78165177952608,1,53258746353737,0,0,0,0,0,0,0,0,15,4208185122574,13,236184459205,66,4370130597912,69,2554986030485,0,0,0,0,0,0,0,0,0,0,0,0,311,149997,0,294970775975132,16,0176725134057,83,8618713742637,0,0,0,0,0,0,1,82370316264525E-14,0,0,0,0,0,0,2,02633684738361E-11,0,0,0,0,1,49727042821598E-10,0,0,0,0,0,50399,2726811419,44778,9733753933,0,
40-50C*,0,0134627794740261,323,149994,75,1868070246946,655,475259981798,8,3618505288656E-05,224,419971976163,1,23614327087626,1,64861440320532,0,000300564161830591,0,334459561266955,4,53135621514551,236,061436439948,0,2,1884437951743E-09,33,0501399824213,241,95145889631,236,061436439948,63,7261595689539,72,4832507689539,19,5740802842228,20,5690478146858,0,014470652037695,0,337837940673692,0,0,79,1897764449009,77,7823377821089,162,660877884507,1,3674652997659,53,8534496241554,65,4646563476986,74,2217475476986,45,2319718673061,0,0,000186884040501359,0,66,689087343625,0,00413447266424545,7,19199480917369E-07,102,795318047074,0,384711131183976,0,367197397904214,0,353033575377542,0,96144435288415,0,0,0,0,0,0,0,0,0,0,0,0,0,0,0,0,0,0,0,0,0,0,0,0,12,574103553072,12,5779385730328,2,12772802223237,2,03965653437536,0,0,0,0,0,0,0,0,8,5750002823702,8,54935875906741,0,198673399666276,0,191114024003698,0,0,0,0,0,0,0,0,0,0,0,0,0,0,0,0,0,0,0,0,1,66629302945909,1,24790643246983,0,0,0,0,0,0,0,0,0,0,0,0,0,0,0,0,0,0,0,0,0,0,12,8689092428994,11,0859046198533,1,78165177765241,1,53258746184641,0,0,0,0,0,0,0,0,11,3453246870213,9,93427780793081,66,4370130950876,69,2554986369701,0,0,0,0,0,0,0,0,0,0,0,0,318,15,0,300994015061221,16,140430329344,83,5589124406541,0,0,0,0,0,0,8,20666423190361E-14,0,0,0,0,0,0,9,11851581322624E-11,0,0,0,0,6,73771692697193E-10,0,0,0,0,0,50221,5741203627,44660,7078027314,0,
50-60C*,0,0165107485779272,333,149994,79,3432924821068,671,636474891538,5,69383928235829E-05,226,435648964358,1,37675187860126,1,78469019435217,0,000368213524599108,0,411445092261357,4,53773262765521,237,631183500484,0,4,62004801203463E-09,34,0151157039726,246,919469649669,237,631183500484,61,6008618612677,70,3579530612677,24,1184751760302,26,3873182261107,0,0177276284624051,0,4156011032943,0,0,74,5047729453685,71,8279915795372,168,8342478254,1,37534637201396,40,4588243352976,63,2934835651789,72,0505747651789,42,3366305726454,0,0,000201516516677309,0,46,9073840140768,0,00506503750410053,1,51831001527E-06,96,7200623953457,0,404826268661303,0,384472452017081,0,368253949047426,1,19332995637421,1,78254926151604,1,87467498802562,0,661313530583419,0,682313971213776,1,15442591651338,1,20679893225238,1,00748889024885E-10,1,03556533904158E-10,0,0,0,0,0,0,0,0,0,0,0,0,0,0,0,0,21,7311893275658,22,5803868341299,3,67724508499076,3,66166787089432,0,0,0,0,0,0,0,0,14,8197407340892,15,348129333164,0,343357221791305,0,343095060162165,0,0,0,0,0,0,0,0,0,0,0,0,0,0,0,0,0,0,0,0,2,87977024728192,2,24028840770316,0,0,0,0,0,0,0,0,0,0,0,0,0,0,0,0,0,0,0,0,0,0,22,2406871405465,19,9018315496669,3,07913895670913,2,75135846344693,0,0,0,0,0,0,0,0,6,15452304422171,6,25849591768131,65,6734685353155,68,2462770276872,0,0,0,0,0,0,0,0,0,0,0,0,328,15,0,310307637106823,16,2046736086352,83,4835677444287,0,0,0,0,0,0,1,73251800451298E-13,0,0,0,0,0,0,1,92502000501443E-10,0,0,0,0,1,42240690680519E-09,0,0,0,0,0,49979,7264616646,44499,7484132605,0,
60-70C*,0,0204480670281447,343,149994,83,5835196117405,687,549631783767,3,02582803585099E-05,228,522066562068,2,33167425447361,2,95795942820312,0,000435862887367626,0,488430623255759,4,60802536735749,239,057042766252,0,7,05165222889495E-09,34,1726398164875,252,357995291657,239,057042766252,59,29094307218,68,04803427218,28,5476842113669,31,2073114959764,0,0209846048871154,0,493364265914908,0,0,69,1206415341595,65,8347290758205,174,441747882276,1,38332155248194,29,583538417411,60,8938984431992,69,6509896431992,39,6264859785884,0,000246261152029407,0,000216148992853259,0,32,7730229688828,0,00599560234395561,2,31742054962263E-06,90,8754090430553,0,427303615589301,0,403685250551264,0,385124199989696,1,43281264900016,0,0,7,85645021470716E-05,8,21370471181174E-05,12,2353111325713,12,9604396491689,14,9368886416806,15,5572650416544,0,0,0,0,0,0,0,0,0,0,0,0,0,0,0,0,21,7311893275658,22,8805913707209,3,67724508499076,3,71034946853067,0,0,0,0,0,0,0,0,14,8197407340892,15,5521815528114,0,343357221791305,0,3476564830598,0,0,0,0,0,0,0,0,0,0,0,0,0,0,0,0,0,0,0,0,2,87977024728192,2,27007287278806,0,0,0,0,0,0,0,0,0,0,0,00276252325143439,0,00255443380633722,0,0,0,0,0,0,0,0,0,0,22,2406871405465,20,1664248961657,3,07913895670913,2,78793756630208,0,0,0,0,0,0,0,0,42,6004660481198,44,7281401168618,23,2342630277007,24,3925014172976,0,0,0,0,0,0,0,0,0,0,0,0,338,15,0,320535631222781,16,1487120996576,83,5264700131088,0,0,0,0,0,0,2,64436958583561E-13,0,0,0,0,0,0,2,93818842870623E-10,0,0,0,0,2,17104212091318E-09,0,0,0,0,0,49752,7000017223,44348,6531304582,0,
70-80C*,0,0255342857958317,353,149994,87,9082450904388,703,078435797781,3,5781678934368E-06,230,68194392636,3,45930430496203,4,30186110438363,0,000503512250136144,0,550312336047678,4,68462701210583,240,351308176186,0,9,48325644575529E-09,33,8712528007793,261,223747297896,240,351308176186,56,9672315792759,65,7243227792759,32,9394148466356,35,7660025318859,0,0242415813118255,0,555871046512806,0,0,63,6012808484023,59,9321363637305,179,531726629868,1,39131268555809,21,0531384732705,58,4684340906404,67,2255252906404,37,1086567531873,0,000646333965352464,0,000230781469029209,0,22,7403242732689,0,0069261671838107,3,11653108397527E-06,85,3086031476714,0,452460949403111,0,425084744847894,0,403848855738585,1,65961365574577,0,0,0,0,0,0,0,0,0,916080222703728,0,973258014698282,0,303579584895505,0,322991468122637,0,0,0,0,0,0,0,0,0,0,0,0,21,7311893275658,23,6638005211168,3,67724508499076,3,83735578614877,0,0,0,0,0,0,0,0,14,8197407340892,16,0845371507688,0,343357221791305,0,359556863356584,0,0,0,0,0,0,0,0,0,0,0,0,0,0,0,0,0,0,0,0,2,87977024728192,2,34777811288549,0,0,0,0,0,0,0,0,0,0,24,7332834590285,23,6530819577145,1,22209759537775,1,12424077203934,0,0,0,0,0,0,0,0,22,2406871405465,20,8567273561651,3,07913895670913,2,88336946215135,0,0,0,0,0,0,0,0,4,55732854332121,4,74334845392795,55,3748078204092,58,8579323944744,0,0,0,0,0,0,0,0,0,0,0,0,348,15,0,331777352618013,15,9889593021421,83,6718307925313,0,0,0,0,0,0,3,55622116715823E-13,0,0,0,0,0,0,3,95135685239803E-10,0,0,0,0,2,91967733502117E-09,0,0,0,0,0,49541,0644439578,44207,8011149726,0,
80-90C*,0,035169853204506,363,149994,92,3200761538908,718,086592072878,0,00199024131570544,232,917204257811,4,72589791584927,5,77700073301221,0,000571161612904661,0,805120824894053,4,76668962147366,241,526273669219,0,1,19148606626156E-08,33,355226941849,268,141955218325,241,526273669219,54,8705984602949,63,6276896602949,37,2291374275512,39,9731997309492,0,0274985577365357,0,813253358478842,0,0,58,0449646565995,54,2497995360386,184,152532642909,1,39923264321502,14,4139823059403,56,30401241175,65,06110361175,34,7881777753297,0,00104640677867552,0,000245413945205159,0,15,6673092791443,0,00785673202366578,3,9156416183279E-06,80,0613668715165,0,480667759550148,0,448958391122198,0,424662820766725,1,87327427268589,0,0,0,0,0,0,0,0,0,0323071854435517,0,0342749822162527,0,992408215375695,1,05436861646966,0,0,0,0,1,62162807683564,1,66844606694127,4,34768002184603,4,58154369558021,0,000866084351582406,0,000901218715645668,9,57614455001615E-13,9,80874761568746E-13,21,7311893275658,23,6302397375168,3,67724508499076,3,83191352141111,0,0,0,0,0,0,0,0,14,8197407340892,16,0617255288512,0,343357221791305,0,359046927935507,0,0,0,0,0,0,0,0,0,0,0,0,0,0,0,0,0,0,0,0,2,87977024728192,2,34444841641019,0,0,0,0,0,0,0,0,0,0,0,0,9,93759269090134,9,12889614679212,0,0,0,0,0,0,0,0,22,2406871405465,20,8271476564554,3,07913895670913,2,879280172332,0,0,0,0,0,0,0,0,17,3952687792585,18,2051318308208,36,8545307567801,39,8398328257788,0,0,0,0,0,0,0,0,0,0,0,0,358,15,0,344144683669786,15,7454664506351,83,9002233154796,0,0,0,0,0,0,4,46807274848086E-13,0,0,0,0,0,0,4,96452527608984E-10,0,0,0,0,3,66831254912916E-09,0,0,0,0,0,49345,2227271948,44077,4605388728,0,
90-100C*,0,037468478720456,373,149994,97,015151756757,732,437805748356,0,00428874315701147,235,229208805119,6,08794337295442,7,3439838242074,0,000638810975673179,1,07002841295193,4,85336525503435,242,594233184285,0,1,43464648794759E-08,32,8001308467264,275,043226968107,242,594233184285,52,9948041468314,61,7518953468314,41,3335942168752,43,738711490276,0,0307555341612459,1,08083678075953,0,0,52,5784624101704,48,9173046855166,188,352514496129,1,40698590753909,9,13786851802737,54,3898316407211,63,1469228407211,32,6686127514855,0,00144647959199858,0,000260046421381109,0,10,7156648150324,0,00878729686352085,4,71475215268053E-06,75,1705778745119,0,512355572877069,0,475639437292604,0,447836880413169,2,07821020067927,0,0,0,0,0,0,0,0,0,0,0,0,0,0,0,0,2,41711688682467,2,38769171909488,15,4888689202275,15,670889454831,23,9028221654696,23,8802502726271,1,53087353455504,1,5055038326163,0,0,0,0,0,0,0,0,0,0,0,0,0,0,0,0,0,0,0,0,0,0,0,0,0,0,0,0,0,0,0,0,0,0,0,0,0,2,0,156326469633843,0,0,0,0,0,0,0,0,0,0,0,0,0,0,0,0,0,0,0,0,0,0,0,0,0,0,0,0,0,0,0,0,0,0,21,8039654424192,23,4155968091549,27,1133392430974,29,1628656010155,0,0,0,0,0,0,0,0,0,0,0,0,368,15,0,357763929302453,15,4404068369394,84,1901051585371,0,0,0,0,0,0,5,37992432980348E-13,0,0,0,0,0,0,5,97769369978164E-10,0,0,0,0,4,41694776323716E-09,0,0,0,0,0,49165,4600530689,43957,8212153717,0,
100-110C*,0,0321140811772862,383,149994,101,908460385549,745,995781963513,0,00658724499831751,237,618962592924,7,49207077335225,8,96341588808771,0,000706460338441697,1,21114536664747,4,94380597236133,243,567480660316,0,1,67780690963363E-08,32,3354552571484,281,929104575811,243,567480660316,51,5336510221208,60,2907422221209,45,1544994534853,46,9723462069763,0,0340125105859561,1,22337915822977,0,0,47,3534297731625,44,064237904936,192,18002076426,1,41446948165055,6,76320973666146,52,9561044113146,61,7131956113146,30,7525928046934,0,00184655240532163,0,000274678897557059,0,7,27405367643317,0,00971786170337593,5,51386268703317E-06,70,669043321525,0,54803074903313,0,505515864149589,0,473684401940553,2,27883714058465,0,0,0,0,0,0,0,0,0,0,0,0,0,0,0,0,0,0,0,0,0,0,0,0,0,0,0,0,0,0,0,0,0,0,0,0,0,0,0,0,0,0,0,0,0,0,0,0,0,0,0,0,0,0,0,0,0,0,0,0,0,2,0,175652955866143,2,80781908627012,2,50043460560753,0,0,0,0,0,0,0,0,0,0,0,0,0,0,0,0,0,0,0,0,0,0,0,0,0,0,0,0,0,0,0,0,44,0127856571318,47,2953864621808,0,0514522478041763,0,0580433109816563,0,0,0,0,0,0,0,0,0,0,0,0,378,15,0,372778056625721,15,0966790931137,84,519217612006,0,0,0,0,0,0,6,2917759111261E-13,0,0,0,0,0,0,6,99086212347345E-10,0,0,0,0,5,16558297734515E-09,0,0,0,0,0,49001,9869890328,43849,0232856178,0,
110-120C*,0,0305693791006027,393,149994,106,984789026868,758,624225857647,0,00888574683962355,240,087296183913,8,87652860399996,10,5959024347717,0,000774109701210214,1,46729382649415,5,03716383302798,244,458310036247,0,1,92096733131966E-08,32,05975782532,288,800875057926,244,458310036247,49,8807736628334,58,6378648628334,48,5850382431675,49,5839122781599,0,0372694870106663,1,48211497625672,0,0,42,5384331528326,39,8201852870684,195,683400022035,1,4215741712645,6,50296821002538,51,2689857590197,60,0260769590197,29,0422923220545,0,00224662521864469,0,000303092715710896,0,4,89968911879822,0,010648426543231,6,3129732213858E-06,66,5863282665375,0,58829043290404,0,539041418565443,0,502569536672607,2,47957079326079,0,0,0,0,0,0,0,0,0,0,0,0,0,0,0,0,0,0,0,0,0,0,0,0,0,0,0,0,42,6340454332712,45,8835497894815,0,0,0,0,0,0,0,0,0,0,0,0,0,0,0,0,0,0,0,0,0,0,0,0,0,0,0,0,0,0,0,2,0,172457222621625,15,3576448356293,13,4275545053593,0,0,0,0,0,0,0,0,0,0,0,0,0,0,0,0,0,0,0,0,0,0,0,0,41,8083097310995,40,5164384825375,0,0,0,0,0,0,39,8201852870684,42,5384331528326,0,0,0,0,0,0,0,0,0,0,0,0,0,0,388,15,0,389349352131289,14,736304759827,84,8632976495581,0,0,0,0,0,0,7,20362749244873E-13,0,0,0,0,0,0,8,00403054716525E-10,0,0,0,0,5,91421819145314E-09,0,0,0,0,0,48854,9775501921,43751,1825636954,0,
120-130C*,0,0334825757852073,403,149994,112,128528417859,766,938644284924,0,0111842486809296,242,807942326537,10,1562322197353,12,0536858885396,0,000841759063978732,1,73688978297558,5,13259089660772,245,27901525101,0,2,16412775300569E-08,33,5591088448288,295,659628714321,245,27901525101,48,6950223211901,57,4521135211901,49,4132311212943,50,0161830276816,0,0405264634353765,1,75443412421775,0,0,40,4305366589704,37,9301310837788,198,911000844185,1,42640367059162,6,24778515459541,50,0407171167333,58,7978083167333,27,992538198901,0,00450511375164768,0,000306984701815189,0,3,27410946973025,0,0115789913830861,7,11208375573843E-06,64,050292614397,0,633842568957239,0,576749308637328,0,534917315331582,2,68482685956642,0,0,0,0,0,0,0,0,0,0,0,0,0,0,0,0,0,0,0,0,0,0,0,0,0,0,0,0,0,000105102469300454,0,000108489177862026,0,0,0,0,0,0,0,0,0,0,72,0752464071045,74,1798500413707,0,0,0,0,0,0,0,0,0,0,0,0,0,0,0,0,0,0,0,2,0,16458451899427,0,0,0,0,0,0,0,0,0,0,0,0,0,0,0,0,0,0,0,0,0,0,0,0,0,0,27,7246484904262,25,6554569504572,0,0,0,0,0,0,0,0,37,9301310837788,40,4305366589704,0,0,0,0,0,0,0,0,0,0,0,0,398,15,0,407662587590257,14,5167336486638,85,0792450652731,0,0,0,0,0,0,8,11547907377135E-13,0,0,0,0,0,0,9,01719897085705E-10,0,0,0,0,6,66285340556113E-09,0,0,0,0,0,48807,5359372376,43713,8545498603,0,
130-140C*,0,0321150823239405,413,149994,117,442340534568,776,554307115425,0,0134827505222356,245,470261574154,11,3824323888536,13,3630551493632,0,00090940842674725,2,01724049917858,5,22923922267393,246,041890243539,0,2,40728817469173E-08,34,1862139517946,302,506300924676,246,041890243539,47,6550841825283,56,4121753825283,48,8906339168901,49,4831595633751,0,0437834398600867,2,03761666583695,0,0,39,7269336942563,37,1537852872617,201,911171805442,1,43195980158476,5,99771301597607,49,0194823190804,57,7765735190805,26,7900860910184,0,00795942956569925,0,000308737028102897,0,2,16992315290012,0,0125095562229412,7,91119429009106E-06,61,1171984351269,0,685531178089325,0,6192693078473,0,571226145696109,2,89902104036031,0,0,0,0,0,0,0,0,0,0,0,0,0,0,0,0,0,0,0,0,0,0,0,0,0,0,0,0,0,0,6,89963063828376E-16,7,65268569838238E-16,0,0,0,0,0,0,0,0,0,0,0,0,0,0,0,0,0,0,0,0,0,0,0,0,0,0,0,0,0,2,0,18208252569149,0,0,9,07449490422729,8,40742247268429,4,47206088759902E-18,4,06701794636014E-18,9,40325925445774,8,73876333262978,9,40775449540009,8,6846164920745,0,0,0,0,27,8855086540851,25,8308022973886,0,0,0,0,0,0,0,0,0,0,71,9144913459149,73,9871151769199,0,0,0,0,0,0,37,1537852872617,39,7269336942563,0,0,0,0,0,0,0,0,0,0,0,0,0,0,408,15,0,427928808524027,14,2247227923492,85,3619088414496,0,0,0,0,0,0,9,02733065509397E-13,0,0,0,0,0,0,1,00303673945489E-09,0,0,0,0,7,41148861966913E-09,0,0,0,0,0,48681,7808481503,43625,5931798398,0,
140-150C*,0,0282356091983619,423,149994,122,967023259879,783,501868954349,0,0157812523635417,248,281203681596,12,6755372581235,14,601293200408,0,000977057789515767,2,30565323818999,5,32626087080002,246,759228952768,0,2,65044859637776E-08,35,8028038684391,309,341702896494,246,759228952768,46,831380689124,55,588471889124,48,7592074997048,49,7429473324763,0,0470404162847969,2,32894266483837,0,0,38,5652552421716,35,6557594671157,204,732261480538,1,43603934307372,5,75280214706209,48,1944796002542,56,9515708002542,25,9767239763105,0,0115197331947224,0,000309828230944629,0,1,42597351899186,0,0134401210627963,8,7103048244437E-06,59,1161444838875,0,744368502174858,0,667349254624659,0,612083378065345,3,12656903650119,0,0,0,0,0,0,0,0,0,0,0,0,0,0,0,0,0,0,0,0,0,0,0,0,0,0,0,0,0,0,80,8796168250297,83,3823632221973,0,0,0,0,0,0,0,0,0,0,2,33119083200727,2,41626101926707,0,0,0,0,0,0,0,0,0,0,0,0,0,0,0,0,0,2,0,169244805741658,0,0,0,567286198494775,0,488528278205597,16,0142106196676,13,5369553606417,0,00765195725231702,0,00660984358728921,2,17680482618978E-13,1,86780374099736E-13,0,0,0,0,16,5891487754149,14,0320934824348,4,35675481508102E-05,3,7470359183526E-05,0,0,0,0,0,0,0,0,0,0,0,0,0,0,0,0,33,3245686351084,36,1489942229046,2,33119083200727,2,41626101926707,0,0,0,0,0,0,0,0,0,0,0,0,418,15,0,450389888229555,14,0335635201244,85,5513452921551,0,0,0,0,0,0,9,9391822364166E-13,0,0,0,0,0,0,1,10435358182407E-09,0,0,0,0,8,16012383377712E-09,0,0,0,0,0,48584,5229893454,43555,7059477673,0,
150-160C*,0,0272835450113475,433,149994,128,717077622959,789,654115399951,0,0180797542048477,251,138523244599,13,7975409736423,15,7595436294483,0,00104470715228429,2,59943526309662,5,42280790055939,247,443325317629,0,2,89360901806379E-08,37,5567874210801,316,166544788216,247,443325317629,45,9535408034317,54,7106320034317,48,1103723167776,49,0641631402885,0,0502973927095071,2,62569218494608,0,0,38,0920867095801,35,1762932302632,207,422618444205,1,4396548624636,5,51310065825743,47,2850880860611,56,0421792860611,25,2847765880374,0,0151860246387173,0,000310919433786361,0,0,928922263560238,0,0143706859026513,9,50941535879633E-06,57,402965511492,0,811576179807837,0,721882259430238,0,658184814541565,3,37188654884781,0,0,0,0,0,0,0,0,0,0,0,0,0,0,0,0,0,0,0,0,0,0,0,0,0,0,0,0,0,0,0,0,0,0,0,0,0,0,0,0,0,0,16,3550830722986,18,1358666109786,0,0,0,0,0,0,0,0,0,0,0,0,0,0,0,0,0,2,0,181065157217821,0,0,0,0,0,0,0,0,0,0,0,0,0,0,0,0,22,9452685823898,21,1123909475899,0,0,0,0,0,0,0,0,0,0,60,4996483453116,60,5706772842137,0,0,0,0,18,8212101579646,19,9562200986016,16,3550830722986,18,1358666109786,0,0,0,0,0,0,0,0,0,0,0,0,428,15,0,475324027819926,13,8690633816837,85,7156297905077,0,0,0,0,0,0,1,08510338177392E-12,0,0,0,0,0,0,1,20567042419325E-09,0,0,0,0,8,90875904788511E-09,0,0,0,0,0,48494,3083095434,43489,9082128092,0,
160-170C*,0,0261088027265914,443,149994,134,706307210499,795,196322920517,0,0203782560461537,254,030989725105,14,8659635210709,16,8289500242584,0,0011123565150528,2,8958938369853,5,51803237152545,248,106473277056,0,3,13676943974983E-08,39,3827217293159,322,981453432259,248,106473277056,44,9013079430283,53,6583991430283,47,4814361384169,48,4651871035038,0,0535543691342173,2,92514528988414,0,0,37,6526003405121,34,7058628722378,210,030591271174,1,44290129428211,5,27865426312549,46,1508848210104,54,9079760210104,24,6848427292265,0,0189583038976837,0,000312010636628094,0,0,599691777132532,0,0153012507425064,1,0308525893149E-05,55,9095405823494,0,888638393898952,0,783941378530355,0,710359323794034,3,63938927825892,0,0,0,0,0,0,0,0,0,0,0,0,0,0,0,0,0,0,0,0,0,0,0,0,0,0,0,0,0,0,0,0,6,22360347999693E-05,6,74970444046422E-05,0,0,0,0,0,0,0,0,0,0,1,03783225211844E-05,1,13013180456476E-05,0,0,0,0,0,0,0,0,0,0,0,0,0,0,0,2,0,180887452231697,0,0,0,0,0,0,0,0,0,0,0,0,0,0,0,0,0,0,0,0,0,0,0,0,0,0,0,0,99,7999276100083,99,8190337494059,0,0,0,0,34,7058524939153,37,6525890391941,1,03783225211844E-05,1,13013180456476E-05,0,0,0,0,0,0,0,0,0,0,0,0,438,15,0,503052431277541,13,7255371000952,85,8599183241756,0,0,0,0,0,0,1,17628853990618E-12,0,0,0,0,0,0,1,30698726656243E-09,0,0,0,0,9,6573942619931E-09,0,0,0,0,0,48409,9893577622,43427,7188654194,0,
170-180C*,0,0247501358012177,453,149994,140,947479707492,800,313767984335,0,0226767578874598,256,948140012776,15,8836945357296,17,8006559726124,0,00118000587782132,3,19012814765424,5,61032523981336,248,974241487325,0,9,30143065471342E-07,41,2146642651242,329,786986146791,248,974241487325,43,8575703317598,52,6146615317598,47,1940728803526,48,2763158875977,0,0568113455589275,3,22235166429721,0,0,36,9222325839178,33,9230281397899,212,612810548761,1,4458781358578,5,04950611959061,45,0166815559597,53,7737727559597,24,1495303046481,0,0228365709716218,0,000313101839469826,0,0,383559308039418,0,0162318155823615,0,000305677674400864,54,570658621761,0,97737102369653,0,85482413248114,0,769600113703305,3,93349292559326,0,0,0,0,0,0,0,0,0,0,0,0,0,0,0,0,0,0,0,0,0,0,0,0,0,0,0,0,0,0,0,0,84,676529015525,84,8254918093425,0,0,0,0,0,0,0,0,0,0,12,7648162267362,12,8391714591834,0,0,0,0,0,0,0,0,0,0,0,0,0,0,0,16,0,133665376643423,0,0,0,0,0,0,0,0,0,0,0,0,0,0,0,0,0,0,7,5801882167078E-10,6,45453587826067E-10,0,0,0,0,0,0,0,0,0,0,2,39865475698073,2,20167135418511,0,0,21,1582119130537,24,0830611247344,12,7648162267362,12,8391714591834,0,0,0,0,0,0,0,0,0,0,0,0,448,15,0,533947447745636,13,596174527086,85,9904760310001,0,0,0,0,0,0,3,48803649551753E-11,0,0,0,0,0,0,3,87559610613059E-08,0,0,0,0,2,86369734080043E-07,0,0,0,0,0,48329,7375417122,43368,0054625411,0,
180-190C*,0,022279499751773,463,149994,147,451930888061,805,19172705969,0,0249752597287658,259,880115060822,16,6096877126992,18,6658050622847,0,00124765524058984,3,46444880984372,5,69366935678283,250,341332909373,0,2,11197436292107E-06,42,9858339407367,336,583641658298,250,341332909373,42,8186224402606,51,5757136402607,49,1984540805729,49,6226044493691,0,0600683219836377,3,49944324226639,0,0,34,1918582067279,31,7115904883463,215,273874034396,1,44868788240695,4,82569666684509,43,882478290909,52,639569490909,23,6530286385214,0,0268208258605315,0,000314193042311558,0,0,242975333809528,0,0171623804222166,0,000694068940163324,53,323519230054,1,08001238282704,0,93611011179901,0,83710475332254,4,3105216024964,0,0,0,0,0,0,0,0,0,0,0,0,0,0,0,0,0,0,0,0,0,0,0,0,0,0,0,0,0,0,0,0,0,0,0,0,0,0,0,0,0,0,0,0,0,0,0,0,0,0,0,0,0,0,0,0,0,0,0,0,0,16,0,148821344442447,0,0,0,0,0,0,0,0,0,0,0,0,0,0,0,0,0,0,29,5067210311175,27,9738523130144,0,0,0,0,0,0,0,0,0,0,70,3332695501339,71,8773160885236,9,41874863424841E-06,1,02540196185213E-05,31,7115904883463,34,1918582067279,0,0,0,0,0,0,0,0,0,0,0,0,0,0,458,15,0,568442556163893,13,4737391672092,86,1161999147862,0,0,0,0,0,0,7,91990386095402E-11,0,0,0,0,0,0,8,7998931788378E-08,0,0,0,0,6,50228506930915E-07,0,0,0,0,0,48251,2349066877,43309,1676425556,0,
190-200C*,0,0212770502732553,473,149994,154,228104017739,810,05642448122,0,0307043088005686,262,815592199542,17,3103001099812,19,4065451378023,0,00131530460335836,3,7404864107673,5,77560081048849,251,675384522356,0,3,2938056603708E-06,44,6106769257435,343,371868852483,251,675384522356,41,779939781838,50,537030981838,51,293844486402,51,3569580802912,0,0633252984083479,3,77826910178515,0,0,31,3958554036169,29,2364967819065,217,970898777539,1,4514584193492,4,60726345815307,42,7482750258583,51,5053662258583,23,165695336117,0,0309187549114074,0,000315284245153291,0,0,152398580138068,0,0180929452620717,0,00108246020592578,52,0944230861559,1,19934334492489,1,02973613131188,0,914326785862325,4,76604582282222,0,0,0,0,0,0,0,0,0,0,0,0,0,0,0,0,0,0,0,0,0,0,0,0,0,0,0,0,0,0,0,0,0,0,38,3121841034679,38,5918696973868,0,0,0,0,0,0,0,0,0,0,4,25690934482977,4,29526828294934,0,0,0,0,0,0,0,0,0,0,0,0,0,0,0,0,0,0,0,0,0,0,0,0,0,0,0,0,0,0,0,0,0,0,0,0,0,0,0,0,0,0,0,0,0,0,57,4309065517023,57,1128620196639,24,9795874370767,27,1005871206675,4,25690934482977,4,29526828294934,0,0,0,0,0,0,0,0,0,0,0,0,468,15,0,607044676697439,13,3467698337627,86,2365924920749,0,0,0,0,0,0,1,23517712263905E-10,0,0,0,0,0,0,1,3724190251545E-07,0,0,0,0,1,01408727978179E-06,0,0,0,0,0,48171,1141388674,43248,7378090346,0,
200-210C*,0,0211463572025701,483,149994,161,259762002663,816,111359620471,0,139392594451751,265,697594692954,17,8038343201477,19,7876857330597,0,00138295396612687,4,01824095042497,5,85619982241345,252,954327191916,0,4,47563695782053E-06,45,5773675149507,350,152073867354,252,954327191916,40,7174523690608,49,4745435690608,53,6035517076298,53,6505326900969,0,0665822748330581,4,0588292428535,0,0,28,5926139722225,26,5617815768434,220,742133479463,1,45488202576656,4,39424098978377,41,6140717608076,50,3711629608076,22,5383670867558,0,0352986554267746,0,000316375447995023,0,0,0946120787502722,0,0190235101019267,0,00147085147168824,50,5049754582998,1,33884787409508,1,13809513086646,1,00304282847272,5,24306666142745,0,0,0,0,0,0,0,0,0,0,0,0,0,0,0,0,0,0,0,0,0,0,0,0,0,0,0,0,0,0,0,0,0,0,3,64235424803648E-14,4,21849130991912E-14,0,0,0,0,0,0,0,0,0,0,2,02353013779804E-15,2,34758668956378E-15,0,0,0,0,0,0,0,0,0,0,0,0,0,0,0,0,0,0,0,0,0,0,0,0,0,0,0,0,0,0,0,0,0,0,89,5311509105028,89,5114029835058,0,0,0,0,0,0,0,0,0,0,0,0,26,5617815768434,28,5926139722225,0,0,0,0,0,0,0,0,0,0,0,0,0,0,478,15,0,650349438641029,13,1593207333223,86,4107869985479,0,0,0,0,0,0,1,6783638591827E-10,0,0,0,0,0,0,1,86484873242522E-07,0,0,0,0,1,37794605263266E-06,0,0,0,0,0,48069,002703172,43171,2381641456,0,
210-220C*,0,0226938899174683,493,149994,168,58203795262,822,031440314089,0,248080880102933,268,590113405284,18,324539713507,20,1359002805816,0,00145060332889539,4,29771242881673,5,93554661404085,254,20047773984,0,5,65746825527026E-06,46,4853297932713,356,924625903101,254,20047773984,39,6576620451964,48,4147532451964,55,9712967572077,56,1126202898887,0,0698392512577683,4,34112366547144,0,0,25,7041635292853,23,7514794295298,223,625826841443,1,45820021468707,4,18666052635124,40,4798684957569,49,2369596957569,21,9385699692244,0,0396785559421419,0,00030800932741217,0,0,0581180077396885,0,0199540749417818,0,0018592427374507,48,9776281735329,1,50292968796184,1,26416751876402,1,10544055004711,5,73813043571455,0,0,0,0,0,0,0,0,0,0,0,0,0,0,0,0,0,0,0,0,0,0,0,0,0,0,0,0,0,0,0,0,0,0,0,0,0,0,0,0,0,0,0,0,0,0,0,0,0,0,0,0,0,0,0,0,0,0,0,0,0,0,0,0,0,0,0,0,0,0,0,0,0,0,0,0,0,0,0,0,0,0,0,0,0,0,0,0,0,0,0,0,0,0,0,0,23,7514794295298,25,7041635292853,0,0,0,0,0,0,0,0,0,0,0,0,0,0,488,15,0,699060228743384,12,9744578534456,86,5820663606965,0,0,0,0,0,0,2,12155059572635E-10,0,0,0,0,0,0,2,35727843969594E-07,0,0,0,0,1,74180482548353E-06,0,0,0,0,0,47966,7868553311,43093,1878003324,0,
220-230C*,0,0226663709008421,503,149994,176,203136962585,827,782207831174,0,356769165754115,271,494368332366,18,8938529637544,20,4911289813223,0,00151825269166391,4,57890084594258,6,01372140685383,255,414276498948,0,6,83929955271999E-06,47,3586952139977,363,689862026194,255,414276498948,38,6012579848626,47,3583491848626,58,3564133481331,58,6392461223393,0,0730962276824785,4,62515236963897,0,0,22,7497336881124,20,8696248963384,226,660227564754,1,46139082307431,3,98454992288707,39,3456652307062,48,1027564307062,21,3694978944195,0,0440584564575092,0,000299135833281518,0,0,0353116644106493,0,0208846397816369,0,00224763400321317,47,5216025856084,1,69720776319711,1,41169729008478,1,22423506187168,6,24778346308597,0,0,0,0,0,0,0,0,0,0,0,0,0,0,0,0,0,0,0,0,0,0,0,0,0,0,0,0,0,0,0,0,0,0,0,0,0,0,0,0,0,0,0,0,0,0,0,0,0,0,0,0,0,0,0,0,0,0,0,0,0,0,0,0,0,0,0,0,0,0,0,0,0,0,0,0,0,0,0,0,0,0,0,0,0,0,0,0,0,0,0,0,0,0,0,0,20,8696248963384,22,7497336881124,0,0,0,0,0,0,0,0,0,0,0,0,0,0,498,15,0,754012105659746,12,7954691741874,86,7543030798546,0,0,0,0,0,0,2,56473733227E-10,0,0,0,0,0,0,2,84970814696666E-07,0,0,0,0,2,1056635983344E-06,0,0,0,0,0,47865,4136045728,43015,3769730025,0,
230-240C*,0,0221489383229707,513,150024,184,128638186532,833,329203440831,0,465457451405297,274,411514780237,19,5701035823973,20,8933120362362,0,00158590205443243,10,3391959644696,6,09324356071489,256,596295090773,0,8,02113085016972E-06,48,2197196032543,370,448091176164,256,596295090773,37,5489293626774,46,3060205626774,60,2880129466427,60,8143627748036,0,0763532041071887,10,8098847145609,0,0,20,1418834709599,18,2923251889603,230,396511503367,1,46443152658214,3,78793344402562,38,2114619656554,46,9685531656555,20,8341754173635,0,0464255750605562,0,000290262339150866,0,0,021213230353765,0,021815204621492,0,00263602526897562,46,1457800315034,1,92892387205225,1,58543060384465,1,36282436201966,6,76857206094418,0,0,0,0,0,0,0,0,0,0,0,0,0,0,0,0,0,0,0,0,0,0,0,0,0,0,0,0,0,0,0,0,0,0,0,0,0,0,0,0,0,0,0,0,0,0,0,0,0,0,0,0,0,0,0,0,0,0,0,0,0,0,0,0,0,0,0,0,0,0,0,0,0,0,0,0,0,0,0,0,0,0,0,0,0,0,0,0,0,0,0,0,0,0,0,0,18,2923251889603,20,1418834709599,0,0,0,0,0,0,0,0,0,0,0,0,0,0,508,15,0,816202021676509,12,6229027831709,86,913286377214,0,0,0,0,0,0,3,00792406881365E-10,0,0,0,0,0,0,3,34213785423738E-07,0,0,0,0,2,46952237118527E-06,0,0,0,0,0,47765,8361848748,42938,602026837,0,
240-250C*,0,0216453401239461,523,150024,192,337708090582,838,518774425909,0,574145737056479,277,347982999826,20,4223042375851,21,5293219086341,0,00165355141720094,14,6071738974843,6,17199181911527,257,749530042784,0,9,20296214761945E-06,49,1389023394062,377,199597533784,257,749530042784,36,5037492329838,45,2608404329838,62,053047916139,62,6687287076562,0,0796101805318989,17,2026505118479,0,0,17,524647846276,15,8019493837097,234,341159710604,1,46723013574047,3,59683158073947,37,0772587006047,45,8343499006047,20,3494367336417,0,0601449175149453,0,000281388845020215,0,0,0125952540633132,0,0227457694613471,0,00302441653473809,44,8948195476125,2,20751127171799,1,79144247699013,1,5254990266019,7,29704254669163,0,0,0,0,0,0,0,0,0,0,0,0,0,0,0,0,0,0,0,0,0,0,0,0,0,0,0,0,0,0,0,0,0,0,0,0,0,0,0,0,0,0,0,0,0,0,0,0,0,0,0,0,0,0,0,0,0,0,0,0,0,0,0,0,0,0,0,0,0,0,0,0,0,0,0,0,0,0,0,0,0,0,0,0,0,0,0,0,0,0,0,0,0,0,0,0,15,8019493837097,17,524647846276,0,0,0,0,0,0,0,0,0,0,0,0,0,0,518,15,0,886827279371877,12,4656734241193,87,0568793285774,0,0,0,0,0,0,3,45111080535729E-10,0,0,0,0,0,0,3,83456756150811E-07,0,0,0,0,2,83338114403615E-06,0,0,0,0,0,47671,1963246574,42865,3560345386,0,
250-260C*,0,0212731081296093,533,150024,200,827123900592,843,334833770217,0,682834022707662,280,303830609742,21,1808810069762,22,4164560866168,0,00172120077996946,18,8751518304991,6,24968153114614,258,874547466297,0,1,03847934450692E-05,50,1267190871248,383,944643372887,258,874547466297,35,4660393361055,44,2231305361055,64,0770784617337,64,1676950401067,0,0828671569566091,23,5954163091349,0,0,14,7420405312901,13,4158488732765,238,425249598717,1,46977483547859,3,41126086512508,35,943055435554,44,700146635554,19,915432686964,0,0740259383609402,0,000272515350889563,0,0,00738824050957575,0,0236763343012021,0,00341280780050055,43,7706425803413,2,54539823257843,2,0375892877227,1,71772809307637,7,82974123773077,0,0,0,0,0,0,0,0,0,0,0,0,0,0,0,0,0,0,0,0,0,0,0,0,0,0,0,0,0,0,0,0,0,0,0,0,0,0,0,0,0,0,0,0,0,0,0,0,0,0,0,0,0,0,0,0,0,0,0,0,0,0,0,0,0,0,0,0,0,0,0,0,0,0,0,0,0,0,0,0,0,0,0,0,0,0,0,0,0,0,0,0,0,0,0,0,13,4158488732765,14,7420405312901,0,0,0,0,0,0,0,0,0,0,0,0,0,0,528,15,0,967334822442086,12,3251108327194,87,1839473913901,0,0,0,0,0,0,3,89429754190094E-10,0,0,0,0,0,0,4,32699726877883E-07,0,0,0,0,3,19723991688702E-06,0,0,0,0,0,47582,180670886,42796,2422605713,0,
260-270C*,0,0201183873999948,543,150024,209,623480381614,847,915850953602,0,900447388945291,283,272387204741,22,1947877743528,23,3815282451057,0,00178885014273798,23,1431297635139,6,32610819249842,259,968892654497,0,1,15666247425189E-05,51,129415105728,377,071287725423,259,968892654497,34,4330302824457,43,1901214824457,65,5465209518454,65,4568424432815,0,0861241333813193,29,9881821064219,0,0,12,2586912738018,11,1616293116128,242,597569015258,1,47214531908524,3,2312336838066,34,8088521705033,43,5659433705033,19,5147003652784,0,0925223832348045,0,000263641856758911,0,0,00427979722025108,0,0246068991410572,0,00380119906626301,42,7291686835182,2,95915851795745,2,33414319042465,1,94655322322792,8,32040501921884,0,0,0,0,0,0,0,0,0,0,0,0,0,0,0,0,0,0,0,0,0,0,0,0,0,0,0,0,0,0,0,0,0,0,0,0,0,0,0,0,0,0,0,0,0,0,0,0,0,0,0,0,0,0,0,0,0,0,0,0,0,0,0,0,0,0,0,0,0,0,0,0,0,0,0,0,0,0,0,0,0,0,0,0,0,0,0,0,0,0,0,0,0,0,0,0,11,1616293116128,12,2586912738018,0,0,0,0,0,0,0,0,0,0,0,0,0,0,538,15,1,05948489510355,12,1948220745657,87,3005455168232,0,0,0,0,0,0,4,33748427844459E-10,0,0,0,0,0,0,4,81942697604955E-07,0,0,0,0,3,56109868973789E-06,0,0,0,0,0,47496,5216525615,42729,5527515973,0,
270-280C*,0,017637500026337,553,150024,218,730603568495,852,285893115216,0,980806298412124,286,252239319848,23,2341240864629,24,3923478705486,0,00501269462817815,27,4111076965287,6,40106729886304,261,032300069218,0,1,27484560399686E-05,52,1412744765396,381,92947140677,261,032300069218,33,4042407292214,42,1613319292214,66,822761776716,66,5407557767806,0,22719069964616,36,3809479037088,0,0,9,94311413682112,9,06689635267081,246,806905807781,1,47435487970435,3,05675809059807,33,6746489054526,42,4317401054526,19,1435393615354,0,112656102819982,0,000254768362628259,0,0,00244713928527653,0,0649116323595831,0,00418959033202547,41,7615689062789,3,47118197268086,2,69469311196704,2,22113867295275,8,7876467650974,0,0,0,0,0,0,0,0,0,0,0,0,0,0,0,0,0,0,0,0,0,0,0,0,0,0,0,0,0,0,0,0,0,0,0,0,0,0,0,0,0,0,0,0,0,0,0,0,0,0,0,0,0,0,0,0,0,0,0,0,0,0,0,0,0,0,0,0,0,0,0,0,0,0,0,0,0,0,0,0,0,0,0,0,0,0,0,0,0,0,0,0,0,0,0,0,9,06689635267081,9,94311413682112,0,0,0,0,0,0,0,0,0,0,0,0,0,0,548,15,1,16543391881103,12,0739126120229,87,4076174520023,0,0,0,0,0,0,4,78067101498824E-10,0,0,0,0,0,0,5,31185668332027E-07,0,0,0,0,3,92495746258876E-06,0,0,0,0,0,47500,924251893,42743,3739185028,0,
280-290C*,0,0171469771890375,563,150024,228,149211515115,856,469027394213,1,05025449719728,289,242041816494,24,2655224884207,25,4167244493934,0,00823653911361831,31,6790856295434,6,4743543459309,262,064519895414,0,1,39302873374184E-05,53,1563806697426,386,57928779754,262,064519895414,32,3791893336494,41,1362805336494,67,9027584945014,67,424019900204,0,368257265911001,42,7737137009958,0,0,7,83171901707786,7,15925565040267,251,002047823842,1,47641715984176,2,88783761914226,32,5404456404019,41,2975368404019,18,7984281450865,0,133835427560878,0,000245894868497607,0,0,00138052215698748,0,105216365578109,0,00457798159778793,40,8593089210151,4,11213694674439,3,13744200338815,2,55354843246672,9,25187773238503,0,0,0,0,0,0,0,0,0,0,0,0,0,0,0,0,0,0,0,0,0,0,0,0,0,0,0,0,0,0,0,0,0,0,0,0,0,0,0,0,0,0,0,0,0,0,0,0,0,0,0,0,0,0,0,0,0,0,0,0,0,0,0,0,0,0,0,0,0,0,0,0,0,0,0,0,0,0,0,0,0,0,0,0,0,0,0,0,0,0,0,0,0,0,0,0,7,15925565040267,7,83171901707786,0,0,0,0,0,0,0,0,0,0,0,0,0,0,558,15,1,28784330016076,11,961426651858,87,5061653790405,0,0,0,0,0,0,5,22385775153189E-10,0,0,0,0,0,0,5,80428639059099E-07,0,0,0,0,4,28881623543963E-06,0,0,0,0,0,47421,4623223627,42681,2813097592,0,
290-300C*,0,0200436370888074,573,150024,237,886275866279,860,51852169853,1,10091546799871,292,23927002603,25,1939649664269,26,3363803131378,0,0114603835990585,35,9470635625582,6,54576482939294,263,064703637355,0,1,51121186348681E-05,54,156836828512,391,021760414127,279,610632952606,31,3568107375709,40,1139019375709,68,8417768856482,68,1973068281016,0,509323832175842,49,1664794982828,0,0,5,96425814792484,5,46631285876054,255,070901256612,1,47836317360805,2,724471096327,31,4062423753512,40,1633335753512,18,4727572124591,0,154498595709525,0,000237021374366955,0,0,000768003459251162,0,145521098796635,0,00496637286355039,40,0056017583727,4,89022775669273,3,66524366781907,2,94468645201604,9,71405601037775,0,0,0,0,0,0,0,0,0,0,0,0,0,0,0,0,0,0,0,0,0,0,0,0,0,0,0,0,0,0,0,0,0,0,0,0,0,0,0,0,0,0,0,0,0,0,0,0,0,0,0,0,0,0,0,0,0,0,0,0,0,0,0,0,0,0,0,0,0,0,0,0,0,0,0,0,0,0,0,0,0,0,0,0,0,0,0,0,0,0,0,0,0,0,0,0,5,46631285876054,5,96425814792484,0,0,0,0,0,0,0,0,0,0,0,0,0,0,568,15,1,42623068374406,11,8550231266822,87,5991823152418,0,0,0,0,0,0,5,66704448807554E-10,0,0,0,0,0,0,6,29671609786171E-07,0,0,0,0,4,65267500829051E-06,0,0,0,0,0,47344,5792228913,42621,1690743343,0,
300-310C*,0,0199846534562566,583,150024,247,976762783191,864,591205555265,1,10586136067859,295,237141206989,25,754275060824,26,7903300565902,0,0146842280844986,40,215041495573,6,61509424494007,264,029778282028,0,4,16771033147755E-05,55,0832589074221,395,258380814762,297,255501337038,30,3339683504441,39,0910595504441,69,8621675239894,69,1939963117132,0,650390398440683,55,5592452955697,0,0,4,3835574151866,4,01567363169661,258,698015473036,1,48028462673082,2,5666524573687,30,2720391103005,39,0291303103005,18,1487695588839,0,169605680238721,0,000228147880236304,0,0,000421107916783318,0,185825832015161,0,0136965596905992,39,1541181030664,5,65601906536498,4,18238529595874,3,32785299617212,10,1751396883716,0,0,0,0,0,0,0,0,0,0,0,0,0,0,0,0,0,0,0,0,0,0,0,0,0,0,0,0,0,0,0,0,0,0,0,0,0,0,0,0,0,0,0,0,0,0,0,0,0,0,0,0,0,0,0,0,0,0,0,0,0,0,0,0,0,0,0,0,0,0,0,0,0,0,0,0,0,0,0,0,0,0,0,0,0,0,0,0,0,0,0,0,0,0,0,0,4,01567363169661,4,3835574151866,0,0,0,0,0,0,0,0,0,0,0,0,0,0,578,15,1,56425606333674,11,747165392425,87,6933843476331,0,0,0,0,0,0,1,56289137430408E-09,0,0,0,0,0,0,1,73654597144898E-06,0,0,0,0,1,28314250103351E-05,0,0,0,0,0,47270,0633708533,42563,2035048858,0,
310-320C*,0,0186877779777675,593,150024,258,36184710126,868,551528280406,1,11080725335847,298,241309297507,26,5050072029917,27,5737036210455,0,0179080725699388,44,4830194285878,6,68213808826322,264,962827622717,0,8,37995045839316E-05,55,9941583518471,399,291076094282,314,586740205507,29,3133731859492,38,0704643859492,70,4137785742366,69,5913527557915,0,791456964705524,61,9520110928567,0,0,3,08121422277178,2,83494362316303,262,171127600705,1,48210184119316,2,41437056354536,29,1378358452498,37,8949270452498,17,8412670173605,0,183904768498732,0,000219274386105652,0,0,000227456403777024,0,226130565233686,0,0275394599261784,38,3439400438762,6,58933386378562,4,80217237820687,3,78147340900609,10,6360868556625,0,0,0,0,0,0,0,0,0,0,0,0,0,0,0,0,0,0,0,0,0,0,0,0,0,0,0,0,0,0,0,0,0,0,0,0,0,0,0,0,0,0,0,0,0,0,0,0,0,0,0,0,0,0,0,0,0,0,0,0,0,0,0,0,0,0,0,0,0,0,0,0,0,0,0,0,0,0,0,0,0,0,0,0,0,0,0,0,0,0,0,0,0,0,0,0,2,83494362316303,3,08121422277178,0,0,0,0,0,0,0,0,0,0,0,0,0,0,588,15,1,72200665343761,11,6445790169607,87,7821938092919,0,0,0,0,0,0,3,14248142189744E-09,0,0,0,0,0,0,3,49164602433048E-06,0,0,0,0,2,57999470560792E-05,0,0,0,0,0,47197,918250733,42507,0880966439,0,
320-330C*,0,0141514376074974,603,150024,269,011653609345,872,401632388105,1,11575314603836,301,251535947649,27,0176053723905,28,0738205465013,0,021131917055379,56,6720566618082,6,74653143346047,265,864125495863,0,0,000125921905853088,56,8917265192162,403,122175907082,331,526488751205,28,2949823938032,37,0520735938032,70,7763038183525,69,8904751770958,0,932523530970365,93,5292682039143,0,0,2,20609080925699,2,03570427640289,265,475345566067,1,48381605285333,2,26760902366051,28,0036325801991,36,7607237801991,17,5496255952189,0,197536916885917,0,000210400891975,0,0,000120956611860094,0,266435298452212,0,0413823601617577,37,5737340872771,7,73693351777385,5,55072337378217,4,32218956327361,11,0978556015466,0,0,0,0,0,0,0,0,0,0,0,0,0,0,0,0,0,0,0,0,0,0,0,0,0,0,0,0,0,0,0,0,0,0,0,0,0,0,0,0,0,0,0,0,0,0,0,0,0,0,0,0,0,0,0,0,0,0,0,0,0,0,0,0,0,0,0,0,0,0,0,0,0,0,0,0,0,0,0,0,0,0,0,0,0,0,0,0,0,0,0,0,0,0,0,0,2,03570427640289,2,20609080925699,0,0,0,0,0,0,0,0,0,0,0,0,0,0,598,15,1,9031163999221,11,5472735426246,87,865642716304,0,0,0,0,0,0,4,72207146949079E-09,0,0,0,0,0,0,5,24674607721199E-06,0,0,0,0,3,87684691018232E-05,0,0,0,0,0,47128,0422304672,42452,7406799446,0,
330-340C*,0,0124873589006368,613,150024,279,884722191702,876,143660392515,1,12069903871824,304,267593223664,27,4960933356342,28,5201952932013,0,0243557615408192,90,8911098574934,6,80789820512649,268,595777295571,0,0,000168044307122244,57,7778840882797,406,754379347841,347,999714397069,27,2787531237229,36,0358443237229,70,7315439204452,69,8407936026535,1,07359009723521,188,838402432337,0,0,1,77236274392054,1,63901110414517,268,595777295571,1,48542860611549,2,12634602042223,26,8694293151484,35,6265205151484,17,273248569037,0,210643181796633,0,000201527397844348,0,6,32888462072036E-05,0,306740031670738,0,0552252603973369,36,8422077365039,9,16141413486688,6,46225999683832,4,97145423873111,11,5614040153198,0,0,0,0,0,0,0,0,0,0,0,0,0,0,0,0,0,0,0,0,0,0,0,0,0,0,0,0,0,0,0,0,0,0,0,0,0,0,0,0,0,0,0,0,0,0,0,0,0,0,0,0,0,0,0,0,0,0,0,0,0,0,0,0,0,0,0,0,0,0,0,0,0,0,0,0,0,0,0,0,0,0,0,0,0,0,0,0,0,0,0,0,0,0,0,0,1,63901110414517,1,77236274392054,0,0,0,0,0,0,0,0,0,0,0,0,0,0,608,15,2,11205372961598,11,4540020625094,87,9342878992986,0,0,0,0,0,0,6,30166151708414E-09,0,0,0,0,0,0,7,00184613009349E-06,0,0,0,0,5,17369911475673E-05,0,0,0,0,0,47060,3321135238,42400,077112925,0,
340-350C*,0,011393575872206,623,150024,290,926094293675,879,779754807789,1,12564493139812,307,289262952395,27,9220251367282,28,9225745520933,0,0275796060262593,126,155824626008,6,86656090582486,269,381832344124,0,0161397532850649,0,0002101667083914,58,6543139463516,410,190721987614,363,690418117501,26,2646425254253,35,0217337254253,70,6642845415502,69,7669345028281,1,21465666350005,280,157865974726,0,0,1,41369032172162,1,31049094507855,269,381832344124,1,48694094751376,1,990554143029,25,7352260500977,34,4923172500977,17,0115647683227,0,223364619627239,0,000192653903713696,0,3,25624266988254E-05,0,347044764889264,0,0690681606329162,36,148107694868,10,9474987057122,7,58206637501728,5,75717183934596,12,0276901862781,0,0,0,0,0,0,0,0,0,0,0,0,0,0,0,0,0,0,0,0,0,0,0,0,0,0,0,0,0,0,0,0,0,0,0,0,0,0,0,0,0,0,0,0,0,0,0,0,0,0,0,0,0,0,0,0,0,0,0,0,0,0,0,0,0,0,0,0,0,0,0,0,0,0,0,0,0,0,0,0,0,0,0,0,0,0,0,0,0,0,0,0,0,0,0,0,1,31049094507855,1,41369032172162,0,0,0,0,0,0,0,0,0,0,0,0,0,0,618,15,2,35435098789829,11,3659920737937,87,9976709646013,0,0,0654911038977523,0,0,0,0,7,8812515646775E-09,0,0,0,0,0,0,8,756946182975E-06,0,0,0,0,6,47055131933114E-05,0,0,0161397532850649,0,0,0,46994,683491942,42349,011662078,0,
350-360C*,0,0109989179882642,633,150024,302,064764108062,883,312058148078,1,130590824078,310,31633611134,28,3280483082621,29,2907050141252,0,0308034505116995,161,395175465168,6,92238570341721,274,225713752796,0,0169048117993728,0,000252289109660556,59,5224894707186,413,434543330691,378,487216104809,25,2526077486275,34,0096989486275,70,6342205460099,69,7455518418004,1,35572322976489,367,48765883108,0,0,1,03773114572803,0,963743144074328,274,225713752796,1,47870738147019,1,86020022736592,24,601022785047,33,358113985047,16,7640269787104,0,235842286774092,0,000183780409583045,0,1,64630325732032E-05,0,38734949810779,0,0829110608684954,35,4902181332931,13,2112011923949,8,97069178657692,6,71598385770591,12,4976722037176,0,0,0,0,0,0,0,0,0,0,0,0,0,0,0,0,0,0,0,0,0,0,0,0,0,0,0,0,0,0,0,0,0,0,0,0,0,0,0,0,0,0,0,0,0,0,0,0,0,0,0,0,0,0,0,0,0,0,0,0,0,0,0,0,0,0,0,0,0,0,0,0,0,0,0,0,0,0,0,0,0,0,0,0,0,0,0,0,0,0,0,0,0,0,0,0,0,963743144074328,1,03773114572803,0,0,0,0,0,0,0,0,0,0,0,0,0,0,628,15,2,63690730895493,11,2831995351162,88,0558734837489,0,0,0664952547745146,0,0,0,0,9,46084161227085E-09,0,0,0,0,0,0,1,05120462358565E-05,0,0,0,0,7,76740352390555E-05,0,0,0169048117993728,0,0,0,46930,9910448915,42299,4573264056,0,
360-370C*,0,0104918290743289,643,150024,313,211551172243,886,742712927536,1,13553671675788,313,348612260668,28,7217539845671,29,6343333702449,0,0340272949971397,195,538136872791,6,97523876576517,275,159022639799,0,0175939691650547,0,000294411510929712,60,3836989218196,416,489454925612,392,338916216353,24,2426059430462,32,9996971430462,70,6358420250451,69,7682713676217,1,49678979602973,450,8277810014,0,0,0,642403990387764,0,597395262133414,275,159022639799,1,48061446047723,1,73524520532905,23,4668195199963,32,2239107199963,16,5301104549968,0,24821723963355,0,000174906915452393,0,8,17339486242814E-06,0,427654231326316,0,0967539611040747,34,8673590218798,16,1133460636336,10,7099890907148,7,89648635260379,12,9723081569342,0,0,0,0,0,0,0,0,0,0,0,0,0,0,0,0,0,0,0,0,0,0,0,0,0,0,0,0,0,0,0,0,0,0,0,0,0,0,0,0,0,0,0,0,0,0,0,0,0,0,0,0,0,0,0,0,0,0,0,0,0,0,0,0,0,0,0,0,0,0,0,0,0,0,0,0,0,0,0,0,0,0,0,0,0,0,0,0,0,0,0,0,0,0,0,0,0,597395262133414,0,642403990387764,0,0,0,0,0,0,0,0,0,0,0,0,0,0,638,15,2,96839177229637,11,2055676790392,88,108988605474,0,0,0673851036790324,0,0,0,0,1,10404316598642E-08,0,0,0,0,0,0,1,2267146288738E-05,0,0,0,0,9,06425572847996E-05,0,0,0175939691650547,0,0,0,46869,148790503,42251,3261130747,0,
370-380C*,0,0103454864791126,653,150024,324,256724339374,890,073861660315,1,14048260943776,316,385899013835,29,105018761993,29,9649444914558,0,0372511394825798,227,513683346695,7,02496972787663,278,941800383964,0,0184312022132904,0,000336533912198868,61,2390665421483,419,359309332442,405,211536083417,23,2345942583985,31,9916854583985,70,6332316166798,69,7913640347047,1,63785636229457,530,178232485686,0,0,0,261749621327192,0,243691473839447,278,941800383964,1,48253542761256,1,61564396491305,22,3326162549456,31,0897074549456,16,309311535238,0,26063053460197,0,000166033421321741,0,3,98175321496617E-06,0,467958964544841,0,110596861339654,34,2783845248954,19,879784522514,12,9118967380681,9,36381010860464,13,4646903656691,0,0,0,0,0,0,0,0,0,0,0,0,0,0,0,0,0,0,0,0,0,0,0,0,0,0,0,0,0,0,0,0,0,0,0,0,0,0,0,0,0,0,0,0,0,0,0,0,0,0,0,0,0,0,0,0,0,0,0,0,0,0,0,0,0,0,0,0,0,0,0,0,0,0,0,0,0,0,0,0,0,0,0,0,0,0,0,0,0,0,0,0,0,0,0,0,0,243691473839447,0,261749621327192,0,0,0,0,0,0,0,0,0,0,0,0,0,0,648,15,3,35978476989347,11,133028882225,88,1571192707556,0,0,0684488639546939,0,0,0,0,1,26200217074576E-08,0,0,0,0,0,0,1,40222463416195E-05,0,0,0,0,0,000103611079330544,0,0,0184312022132904,0,0,0,46809,0502976106,42204,5292713572,0,
380-390C*,0,0100182717533693,663,150024,335,069617341631,893,304234239699,1,14435316835235,319,428146015658,29,5098902724567,30,3341086307408,0,04047498396802,256,00869337071,7,07102746964522,280,899515044584,0,0250678732067378,0,000378656313468024,62,0908833772571,422,048170118079,417,210686743224,22,2285980968188,30,9856892968188,70,2648023479172,69,4557937603837,1,77892292855941,605,253147085098,0,0,0,225307379626098,0,210097608875504,280,899515044584,1,4844663497838,1,50134522281533,21,1984129898949,29,9555041898949,16,1014983911404,0,273241741302188,0,000157159927191089,0,1,90189923734545E-06,0,508263697763367,0,124439761575233,33,7231228543665,24,8127691663789,15,7213572955701,11,2001952206747,13,962598970436,0,0,0,0,0,0,0,0,0,0,0,0,0,0,0,0,0,0,0,0,0,0,0,0,0,0,0,0,0,0,0,0,0,0,0,0,0,0,0,0,0,0,0,0,0,0,0,0,0,0,0,0,0,0,0,0,0,0,0,0,0,0,0,0,0,0,0,0,0,0,0,0,0,0,0,0,0,0,0,0,0,0,0,0,0,0,0,0,0,0,0,0,0,0,0,0,0,210097608875504,0,225307379626098,0,0,0,0,0,0,0,0,0,0,0,0,0,0,658,15,3,82397798225779,11,0657125330078,88,2005889220511,0,0,0763534265919065,0,0,0,0,1,41996117550509E-08,0,0,0,0,0,0,1,5777346394501E-05,0,0,0,0,0,000116579601376288,0,0,0250678732067378,0,0,0,46750,6356652261,42159,0121394892,0,
390-400C*,0,00963291947808204,673,150024,346,326389767168,896,229097026335,1,05211685504655,322,483269569718,29,8591466814855,30,7013725321951,0,0436988284534602,265,756339861395,7,11375926721292,281,440187619956,0,0317045442001851,0,00042077871473718,63,0192151579896,424,56028302246,428,942705453293,21,228712131094,29,985803331094,69,9486211335097,69,1187831699172,1,91998949482425,659,290167705412,0,0,0,192232185004832,0,179844297887636,281,440187619956,1,48628378003259,1,39229141142832,20,0642097248442,28,8213009248442,15,9273956575927,0,287228076232646,0,000148286433060437,0,8,89990331363295E-07,0,548568430981893,0,138282661810812,33,2572414363881,29,8085204841207,18,5611533267308,13,05797743058,14,465251890737,0,0,0,0,0,0,0,0,0,0,0,0,0,0,0,0,0,0,0,0,0,0,0,0,0,0,0,0,0,0,0,0,0,0,0,0,0,0,0,0,0,0,0,0,0,0,0,0,0,0,0,0,0,0,0,0,0,0,0,0,0,0,0,0,0,0,0,0,0,0,0,0,0,0,0,0,0,0,0,0,0,0,0,0,0,0,0,0,0,0,0,0,0,0,0,0,0,179844297887636,0,192232185004832,0,0,0,0,0,0,0,0,0,0,0,0,0,0,668,15,4,29468683959761,11,0136042527419,88,2335367187065,0,0,0835979954776621,0,0,0,0,1,57792018026443E-08,0,0,0,0,0,0,1,75324464473825E-05,0,0,0,0,0,000129548123422032,0,0,0317045442001851,0,0,0,46696,6677821985,42116,8155348023,0,
400-410C*,0,00842548034554337,683,150024,361,545750871749,899,083205615342,0,972835047639226,325,5418925754,30,2491129470498,31,0716165628904,0,0469226729389003,273,526258326552,7,15310956063528,281,980860195328,0,0383412151936325,0,000462901116006337,63,9350880458705,426,900048411183,443,664239550658,20,2302412493218,28,9873324493218,69,5881412964072,68,7758396227589,2,06105606108909,713,355489794246,0,0,0,162745756542945,0,152543814350755,281,980860195328,1,488120332542,1,28841858220791,18,9300064597935,27,6870976597935,15,7624543788148,0,301362004407396,0,000139412938929785,0,4,07653247615336E-07,0,588873164200419,0,152125562046392,32,8152935581938,36,1284869409335,22,0876557811182,15,3335280963133,14,9726491265721,0,0,0,0,0,0,0,0,0,0,0,0,0,0,0,0,0,0,0,0,0,0,0,0,0,0,0,0,0,0,0,0,0,0,0,0,0,0,0,0,0,0,0,0,0,0,0,0,0,0,0,0,0,0,0,0,0,0,0,0,0,0,0,0,0,0,0,0,0,0,0,0,0,0,0,0,0,0,0,0,0,0,0,0,0,0,0,0,0,0,0,0,0,0,0,0,0,152543814350755,0,162745756542945,0,0,0,0,0,0,0,0,0,0,0,0,0,0,678,15,4,84635656413745,10,964943637996,88,2610432903442,0,0,0904072710045667,0,0,0,0,1,73587918502376E-08,0,0,0,0,0,0,1,9287546500264E-05,0,0,0,0,0,000142516645467776,0,0,0383412151936325,0,0,0,46643,8932180624,42075,5275142487,0,
410-420C*,0,00775163919835097,693,150024,376,729539222547,901,885987928594,0,90597388779557,328,603204532323,30,6520838291569,31,449721089898,0,0501465174243405,280,940126637235,7,18902278996782,282,5215327707,0,0416214470776479,0,000505023517275493,64,8326946000596,429,07199510456,457,173696198301,19,2327968930646,27,9898880930646,69,2113620325112,68,4220827518371,2,20212262735393,770,62864888065,0,0,0,136554138331822,0,12819615826486,282,5215327707,1,4899854724268,1,18965632751904,17,7958031947428,26,5528943947428,15,6045526901836,0,315643525826437,0,000130539444799134,0,1,82602213192908E-07,0,629177897418945,0,165968462281971,32,391677572291,44,2016227402536,26,5059618432855,18,1438690948586,15,4847906779413,0,0,0,0,0,0,0,0,0,0,0,0,0,0,0,0,0,0,0,0,0,0,0,0,0,0,0,0,0,0,0,0,0,0,0,0,0,0,0,0,0,0,0,0,0,0,0,0,0,0,0,0,0,0,0,0,0,0,0,0,0,0,0,0,0,0,0,0,0,0,0,0,0,0,0,0,0,0,0,0,0,0,0,0,0,0,0,0,0,0,0,0,0,0,0,0,0,12819615826486,0,136554138331822,0,0,0,0,0,0,0,0,0,0,0,0,0,0,688,15,5,4967272171997,10,9189922427915,88,2851012573744,0,0,0936517771753671,0,0,0,0,1,8938381897831E-08,0,0,0,0,0,0,2,10426465531455E-05,0,0,0,0,0,00015548516751352,0,0,0416214470776479,0,0,0,46591,9938063333,42034,9051364998,0,
420-430C*,0,00716948466466943,703,150024,391,864228891886,904,656871887966,0,851533375515578,331,666415478512,31,0715959818861,31,8405664802894,0,0533703619097807,289,619622664495,7,22144339526608,283,062205346071,0,0491019072124783,0,000547145918544649,65,7062201408005,431,080755649549,469,582594671827,18,2359905038851,26,9930817038851,68,8147905627853,68,0526321900806,2,34318919361877,834,289180493679,0,0,0,113613455328607,0,106801329629952,283,062205346071,1,49188920092786,1,09592772316663,16,6615999296921,25,4186911296921,15,4516224959884,0,330072640489771,0,000121665950668482,0,7,99114963384254E-08,0,66948263063747,0,17981136251755,31,9809046577404,54,6200810129085,32,0936126317477,21,6450117407332,16,0016765448446,0,0,0,0,0,0,0,0,0,0,0,0,0,0,0,0,0,0,0,0,0,0,0,0,0,0,0,0,0,0,0,0,0,0,0,0,0,0,0,0,0,0,0,0,0,0,0,0,0,0,0,0,0,0,0,0,0,0,0,0,0,0,0,0,0,0,0,0,0,0,0,0,0,0,0,0,0,0,0,0,0,0,0,0,0,0,0,0,0,0,0,0,0,0,0,0,0,106801329629952,0,113613455328607,0,0,0,0,0,0,0,0,0,0,0,0,0,0,698,15,6,2682499033404,10,8748778103505,88,306491469413,0,0,100816820979756,0,0,0,0,2,05179719454243E-08,0,0,0,0,0,0,2,2797746606027E-05,0,0,0,0,0,000168453689559264,0,0,0491019072124783,0,0,0,46540,6539539753,41994,7074515329,0,
430-440C*,0,00666766758215622,713,150024,406,938009592192,907,415285415332,0,809513510799251,334,730754817609,31,5111393045066,32,2490331011361,0,0565942063952208,301,186424279386,7,2503158165856,283,602877921443,0,0572475370033957,0,000811610277719989,66,5498509794418,432,931043079548,480,992402153092,17,2394335233457,25,9965247233457,68,3949712952499,67,6626075704178,2,48425575988361,907,516620162384,0,0,0,0938894002434962,0,0883593284460302,283,602877921443,1,49384204079172,1,00714929391811,15,5273966646414,24,2844878646414,15,3016463990937,0,344649348397396,0,00011279245653783,0,3,41314212017786E-08,0,709787363855996,0,266723637925062,31,5775940366347,68,2103990522533,39,2300678468709,26,0469786603023,16,5233067272819,0,0,0,0,0,0,0,0,0,0,0,0,0,0,0,0,0,0,0,0,0,0,0,0,0,0,0,0,0,0,0,0,0,0,0,0,0,0,0,0,0,0,0,0,0,0,0,0,0,0,0,0,0,0,0,0,0,0,0,0,0,0,0,0,0,0,0,0,0,0,0,0,0,0,0,0,0,0,0,0,0,0,0,0,0,0,0,0,0,0,0,0,0,0,0,0,0,0883593284460302,0,0938894002434962,0,0,0,0,0,0,0,0,0,0,0,0,0,0,708,15,7,18955105586022,10,8317453593462,88,3259768889544,0,0,108324682108137,0,0,0,0,3,04353854144996E-08,0,0,0,0,0,0,3,38170949049995E-05,0,0,0,0,0,000249876205107787,0,0,0572475370033957,0,0,0,46489,5607580391,41954,6956469538,0,
440-450C*,0,00623604623361889,723,150024,421,940786102798,910,180656432568,0,782737416999182,337,795470511108,31,9741511449338,32,6800013195096,0,059818050880661,319,666789924073,7,27369044446883,284,143550496815,0,0660583364503999,0,00131694509129369,67,3577852976465,434,62762918757,491,495379844114,16,2427373930089,24,9998285930089,67,9484932112185,67,2471285257773,2,62532232614846,992,750263338797,0,0,0,0773556438477644,0,072870154713095,284,143550496815,1,49585503400777,0,923231004410816,14,3931933995907,23,1502845995907,15,1526555862378,0,351991513456278,0,000103918962407178,0,1,4212435536791E-08,0,750092097074522,0,432794403102166,31,1764697573122,86,1397098483722,48,439754565415,31,6353955062267,16,9947101857062,0,0,0,0,0,0,0,0,0,0,0,0,0,0,0,0,0,0,0,0,0,0,0,0,0,0,0,0,0,0,0,0,0,0,0,0,0,0,0,0,0,0,0,0,0,0,0,0,0,0,0,0,0,0,0,0,0,0,0,0,0,0,0,0,0,0,0,0,0,0,0,0,0,0,0,0,0,0,0,0,0,0,0,0,0,0,0,0,0,0,0,0,0,0,0,0,0,072870154713095,0,0773556438477644,0,0,0,0,0,0,0,0,0,0,0,0,0,0,718,15,8,29741763071732,10,7887579939605,88,3443018265211,0,0,116179720294374,0,0,0,0,4,93854409235134E-08,0,0,0,0,0,0,5,48727121372371E-05,0,0,0,0,0,000405457213617652,0,0,0660583364503999,0,0,0,46441,8192293143,41917,7155951378,0,
450-460C*,0,00586554134660875,733,150024,436,864223822048,912,972412861548,0,765789453600887,340,85982861322,32,535771529106,33,2305767813546,0,0630418953661012,337,298864634084,7,29518748743162,284,684223072187,0,075534305553491,0,00182227990486739,68,12424660223,436,175324321093,501,189869056863,15,2455135544372,24,0026047544372,67,3944926637517,66,7036366902071,2,7663888924133,1094,58965936322,0,0,0,0697358071422087,0,0657865284383054,284,684223072187,1,49793975217229,0,8440762779087,13,25899013454,22,01608133454,15,0027286103281,0,351991513456278,9,83999574317374E-05,0,5,76302027866878E-09,0,790396830293048,0,59886516827927,30,7723589846237,110,076195584796,60,4556783603453,38,8028714971608,16,9384355655599,0,0,0,0,0,0,0,0,0,0,0,0,0,0,0,0,0,0,0,0,0,0,0,0,0,0,0,0,0,0,0,0,0,0,0,0,0,0,0,0,0,0,0,0,0,0,0,0,0,0,0,0,0,0,0,0,0,0,0,0,0,0,0,0,0,0,0,0,0,0,0,0,0,0,0,0,0,0,0,0,0,0,0,0,0,0,0,0,0,0,0,0,0,0,0,0,0,0657865284383054,0,0697358071422087,0,0,0,0,0,0,0,0,0,0,0,0,0,0,728,15,9,63951203556336,10,7450974043065,88,3621914719884,0,0,124386529137265,0,0,0,0,6,83354964325271E-08,0,0,0,0,0,0,7,59283293694746E-05,0,0,0,0,0,000561038222127516,0,0,075534305553491,0,0,0,46397,1593668411,41883,5680836161,0,
460-480C*,0,0108290857374356,753,150024,458,67755737695,917,561741980713,0,724941779173139,345,442562371902,33,4491271694489,34,1327990782652,0,0678776620942614,469,481290951278,7,35678453594962,285,437095582218,0,394898637129117,0,00258028212522794,69,0684897853524,438,019598392475,514,125810067986,13,7416439070658,22,4987351070658,66,4956298555715,65,8149795180676,2,97798874181056,1325,11020224616,0,0,0,0552429749795961,0,0522214036672342,285,437095582218,1,50142443092858,0,699638827753997,11,5576852369639,20,3147764369639,14,7417012919269,0,351991513456278,8,17352270805486E-05,0,8,70669017649523E-10,0,850853930120837,0,847971316044926,30,0676745148118,161,6480265547,85,5611515068924,53,4333013859439,16,8540236353405,0,0,0,0,0,0,0,0,0,0,0,0,0,0,0,0,0,0,0,0,0,0,0,0,0,0,0,0,0,0,0,0,0,0,0,0,0,0,0,0,0,0,0,0,0,0,0,0,0,0,0,0,0,0,0,0,0,0,0,0,0,0,0,0,0,0,0,0,0,0,0,0,0,0,0,0,0,0,0,0,0,0,0,0,0,0,0,0,0,0,0,0,0,0,0,0,0,0522214036672342,0,0552429749795961,0,0,0,0,0,0,0,0,0,0,0,0,0,0,743,15,12,1849390371799,10,660529876648,87,9935725589674,0,0,363163361740773,0,0,0,0,9,67605796960477E-08,0,0,0,0,0,0,0,000107511755217831,0,0,0,0,0,000794409734892313,0,0,394898637129117,0,0,0,46323,9761657422,41827,6294879252,0,
480-500C*,0,00996105994182876,773,150024,484,552030454888,926,490859368835,0,64575348470445,351,452287127662,34,7524335957685,35,4302409565878,0,0743253510651418,653,370335517488,7,42430901563867,285,914937523578,0,993364840928958,0,00359095175237534,69,2037206673053,440,323947877575,527,809976340363,11,6802841393192,20,4373753393192,65,2027784467024,64,5273137446603,3,26012187434024,1751,0889598462,0,0,0,0447879575291444,0,0424452987519438,285,914937523578,1,50811154845335,0,572936211814186,9,2892787068625,18,0463699068625,14,1303314540225,0,351991513456278,6,3988238819245E-05,0,1,1643634649436E-10,0,931463396557888,1,18011284639913,28,4116381683481,262,836946134228,132,744930384591,79,957446264749,16,7414743950478,0,0,0,0,0,0,0,0,0,0,0,0,0,0,0,0,0,0,0,0,0,0,0,0,0,0,0,0,0,0,0,0,0,0,0,0,0,0,0,0,0,0,0,0,0,0,0,0,0,0,0,0,0,0,0,0,0,0,0,0,0,0,0,0,0,0,0,0,0,0,0,0,0,0,0,0,0,0,0,0,0,0,0,0,0,0,0,0,0,0,0,0,0,0,0,0,0,0424452987519438,0,0447879575291444,0,0,0,0,0,0,0,0,0,0,0,0,0,0,763,15,16,4403748409017,10,4279241829547,88,1314355507358,0,0,794611746860812,0,0,0,0,1,34660690714075E-07,0,0,0,0,0,0,0,000149622989682306,0,0,0,0,0,00110557175191204,0,0,993364840928958,0,0,0,46182,4463872627,41719,5233189212,0,
500-520C*,0,00931669625718229,793,150024,510,099657887508,935,419976756957,0,569031446057267,357,468317214715,36,1320000752058,36,8097753022453,0,0807730400360221,908,896091572388,7,53674428338791,286,392779464938,1,5918310447288,0,00460162137952274,69,2695129942477,442,116291793548,,9,61892437157256,18,3760155715726,63,8363762170247,63,160190255905,3,54225500686992,2225,89235971089,0,0,0,0316237077694627,0,0300344418497525,286,392779464938,1,51513968855244,0,462969824847525,7,02087217676109,15,7779633767611,13,535468776006,0,351991513456278,4,62412505579414E-05,0,1,36162812895303E-11,1,01207286299494,1,51225437675334,26,7928528311453,445,955744578611,214,105739312157,123,986842060616,16,6289251547552,0,0,0,0,0,0,0,0,0,0,0,0,0,0,0,0,0,0,0,0,0,0,0,0,0,0,0,0,0,0,0,0,0,0,0,0,0,0,0,0,0,0,0,0,0,0,0,0,0,0,0,0,0,0,0,0,0,0,0,0,0,0,0,0,0,0,0,0,0,0,0,0,0,0,0,0,0,0,0,0,0,0,0,0,0,0,0,0,0,0,0,0,0,0,0,0,0,0300344418497525,0,0316237077694627,0,0,0,0,0,0,0,0,0,0,0,0,0,0,783,15,22,7634773226621,10,2020402685853,88,2598166056142,0,1,24223681353697,0,0,0,0,1,72560801732103E-07,0,0,0,0,0,0,0,000191734224146781,0,0,0,0,0,00141673376893177,0,1,5918310447288,0,0,0,46042,0961420797,41612,4313226429,0,
520-540C*,0,00881289432119383,813,150024,535,651020096804,938,234885693674,0,527914190817071,363,707463927421,37,5590334300784,38,2431657638313,0,282439616774541,1116,5244133282,7,56850823833939,286,870621406298,2,91987457307502,0,00561229100667014,71,4400643513634,443,434260082625,,7,67984877285406,16,4369399728541,62,4231820164099,61,7399127706559,14,0564202964673,2653,12708700683,0,0,0,0177845535116935,0,0169214655128011,286,870621406298,1,51823688284023,0,368650173084783,4,75246564665968,13,5095568466597,13,5247184374668,0,35716043389431,2,84942622966377E-05,0,1,37320032233685E-12,4,01612008280733,1,84439590710755,26,7635304866848,792,53985591337,360,311067228478,199,922269611654,16,5163759144626,0,0,0,0,0,0,0,0,0,0,0,0,0,0,0,0,0,0,0,0,0,0,0,0,0,0,0,0,0,0,0,0,0,0,0,0,0,0,0,0,0,0,0,0,0,0,0,0,0,0,0,0,0,0,0,0,0,0,0,0,0,0,0,0,0,0,0,0,0,0,0,0,0,0,0,0,0,0,0,0,0,0,0,0,0,0,0,0,0,0,0,0,0,0,0,0,0,0169214655128011,0,0177845535116935,0,0,0,0,0,0,0,0,0,0,0,0,0,0,803,15,32,4418598732155,10,2480936869913,89,1015247721537,0,2,29603341317871,0,0,0,0,2,1046091275013E-07,0,0,0,0,0,0,0,000233845458611256,0,0,0,0,0,0017278957859515,0,2,91987457307502,0,0,0,45995,7417753439,41576,7548955709,0,
540-560C*,0,00814097849808715,833,150024,561,587100432384,946,400858961457,0,506847202364169,369,75828597572,39,0137970778749,39,7124844991649,0,519625299689961,1277,86474651503,7,57218869580111,287,348463347658,5,14947722549857,0,00662296063381754,71,6171869445366,444,314445340833,,5,63375188751423,14,3908430875142,60,9778410331551,60,2795473989067,26,418750987198,3015,94950285976,0,0,0,00836188896996683,0,00796810192844652,287,348463347658,1,52524932785195,0,288806715618069,2,48405911655827,11,2411503165583,13,0209400245473,0,373243532455577,1,07472740353341E-05,0,1,17550415132813E-13,7,54821456113455,2,17653743746176,25,3867417909852,1481,18486839372,635,083558906321,336,439551496413,15,5778729262182,0,0,0,0,0,0,0,0,0,0,0,0,0,0,0,0,0,0,0,0,0,0,0,0,0,0,0,0,0,0,0,0,0,0,0,0,0,0,0,0,0,0,0,0,0,0,0,0,0,0,0,0,0,0,0,0,0,0,0,0,0,0,0,0,0,0,0,0,0,0,0,0,0,0,0,0,0,0,0,0,0,0,0,0,0,0,0,0,0,0,0,0,0,0,0,0,0,00796810192844652,0,00836188896996683,0,0,0,0,0,0,0,0,0,0,0,0,0,0,823,15,47,7452797526109,10,0693032237748,88,2656960826904,0,4,21127979614381,0,0,0,0,2,48361023768158E-07,0,0,0,0,0,0,0,000275956693075731,0,0,0,0,0,00203905780297123,0,5,14947722549857,0,0,0,45861,5110333501,41473,4514896473,0,
560-580C*,0,00706598406241767,853,150024,588,325792252125,955,296544370385,0,479402507336159,375,78889331349,40,5018906132243,41,2236882932175,0,634370572996621,1454,51587855783,7,66200459927833,287,826305289018,7,78468843428187,0,010014494253196,71,4855449440276,444,792138347168,,3,57306075935149,12,3301519593515,59,4932498130167,58,7716754718866,32,3473769786215,3286,22405722644,0,0,0,0048595737589741,0,00463623489591444,287,826305289018,1,53310543927559,0,222200775091261,0,215652586456866,8,97274378645687,12,4642401324463,0,404113774652245,0,0,8,38721298380265E-15,9,24210770295614,3,29111448255169,23,8591828249064,2923,47629189694,1177,20979978728,593,197866827207,14,5178246011959,0,0,0,0,0,0,0,0,0,0,0,0,0,0,0,0,0,0,0,0,0,0,0,0,0,0,0,0,0,0,0,0,0,0,0,0,0,0,0,0,0,0,0,0,0,0,0,0,0,0,0,0,0,0,0,0,0,0,0,0,0,0,0,0,0,0,0,0,0,0,0,0,0,0,0,0,0,0,0,0,0,0,0,0,0,0,0,0,0,0,0,0,0,0,0,0,0,00463623489591444,0,0048595737589741,0,0,0,0,0,0,0,0,0,0,0,0,0,0,843,149999999999,72,8187578445531,9,86329198909442,88,3641897159405,0,6,64166369959193,0,0,0,0,3,75543534494849E-07,0,0,0,0,0,0,0,000417270593883165,0,0,0,0,0,0030832332817324,0,7,78468843428187,0,0,0,45710,5126360423,41356,5590197267,0,
580-600C*,0,00614686432679916,873,150024,616,309277896545,965,003877506813,0,448829569114549,381,797780036897,41,9331422432295,42,6863673350809,0,74911584630328,1621,05349459846,7,75182050275555,289,203967968925,10,529730676658,0,0166938876713696,71,0374936465653,444,901129982781,,1,49613667663876,10,2532278766388,58,0620575305691,57,3090490014767,38,276002970045,3549,02719051812,0,0,0,00480022620142169,0,00458366344233796,289,203967968925,1,54193051832004,0,167541627730274,-2,05275394364454,6,70433725635546,11,8506763520826,0,434984016848914,0,0,4,8841076376234E-16,10,9360008447777,5,48619771465764,22,1681244313976,6121,4459708767,2304,73460820192,1100,33558696164,13,478368295302,0,0,0,0,0,0,0,0,0,0,0,0,0,0,0,0,0,0,0,0,0,0,0,0,0,0,0,0,0,0,0,0,0,0,0,0,0,0,0,0,0,0,0,0,0,0,0,0,0,0,0,0,0,0,0,0,0,0,0,0,0,0,0,0,0,0,0,0,0,0,0,0,0,0,0,0,0,0,0,0,0,0,0,0,0,0,0,0,0,0,0,0,0,0,0,0,0,00458366344233796,0,00480022620142169,0,0,0,0,0,0,0,0,0,0,0,0,0,0,863,15,115,527386282329,9,63085297725097,88,4773248376482,0,9,30705570199527,0,0,0,0,6,26020787676361E-07,0,0,0,0,0,0,0,000695578652973735,0,0,0,0,0,00513966544575557,0,10,529730676658,0,0,0,45548,6232003308,41231,5672338682,0,
600-625C*,0,00640295508234896,898,150024,660,334464759501,976,996819366408,0,410695785422887,388,530291591314,43,424348638917,44,2207020694752,0,964507054592994,1693,83494106663,7,77909436879816,289,546524020368,13,4214823769571,0,024208205266815,70,1493364826135,444,642476882759,,-0,861846758035316,7,89524444196469,56,5728464440328,55,7766180137309,49,5470539141234,3913,77501187624,0,0,0,0028049170501873,0,00267991679390189,289,546524020368,1,55320091781289,0,114000181889301,-4,60471129000863,4,15237990999137,11,088459587198,0,469713039320166,0,0,1,01130060428898E-17,14,1563006064107,7,95566635077682,20,0564539633027,15177,9994439885,5268,98066989671,2355,53950681411,12,3335938490359,0,0,0,0,0,0,0,0,0,0,0,0,0,0,0,0,0,0,0,0,0,0,0,0,0,0,0,0,0,0,0,0,0,0,0,0,0,0,0,0,0,0,0,0,0,0,0,0,0,0,0,0,0,0,0,0,0,0,0,0,0,0,0,0,0,0,0,0,0,0,0,0,0,0,0,0,0,0,0,0,0,0,0,0,0,0,0,0,0,0,0,0,0,0,0,0,0,00267991679390189,0,0028049170501873,0,0,0,0,0,0,0,0,0,0,0,0,0,0,885,65,204,567671266417,9,33434199669247,88,3681951973698,0,12,2198771232042,0,0,0,0,9,07807697505562E-07,0,0,0,0,0,0,0,00100867521945062,0,0,0,0,0,00745315163028164,0,13,4214823769571,0,0,0,45352,5079076168,41080,6143737533,0,
625-650C*,0,00533615168683268,923,150024,690,87485580624,991,790616711672,0,363681428663872,395,97521509274,44,8607348981975,45,716133115882,1,03050229280802,1997,11311741965,7,95539001913595,289,795197422791,15,951110678017,0,0325574470395321,68,6833495880681,443,902909838266,,-3,51119447992082,5,24589672007918,55,1386742188821,54,2833022413779,52,8334970479366,4509,49901006245,0,0,0,000590882920382769,0,000564642740084042,289,795197422791,1,56768670287347,0,0744549568937233,-7,44021945263539,1,31687174736461,10,148234858586,0,490724407457131,0,0,1,38605125770891E-19,15,0952847854934,10,6995203909093,17,4349773137372,46183,9806549101,14542,4984788433,6003,56017595908,11,0921885204674,0,0,0,0,0,0,0,0,0,0,0,0,0,0,0,0,0,0,0,0,0,0,0,0,0,0,0,0,0,0,0,0,0,0,0,0,0,0,0,0,0,0,0,0,0,0,0,0,0,0,0,0,0,0,0,0,0,0,0,0,0,0,0,0,0,0,0,0,0,0,0,0,0,0,0,0,0,0,0,0,0,0,0,0,0,0,0,0,0,0,0,0,0,0,0,0,0,000564642740084042,0,000590882920382769,0,0,0,0,0,0,0,0,0,0,0,0,0,0,910,65,414,777031625484,8,9610059312925,88,5365316794349,0,14,8328016062409,0,0,0,0,1,22090426398245E-06,0,0,0,0,0,0,0,00135656029331384,0,0,0,0,0,0100236918353106,0,15,951110678017,0,0,0,45123,9613420203,40906,4580046054,0,
650-675C*,0,0043615598721475,948,150024,728,461770233991,1006,37976125739,0,37469074194362,403,440602558659,45,4530462338314,46,3798770370057,1,09569390297765,2386,48816269637,8,17350187361238,291,310988417647,17,4360300902396,0,0409066888122492,67,3021722307436,442,743732994451,,-6,15644914581538,2,60064205418462,54,5469537660403,53,6201229628717,55,993434015016,5251,76570662589,0,0,1,28268707685012E-10,1,22563116736937E-10,291,310988417647,1,58290257599405,0,0463539579261727,-10,2757276152622,-1,51863641526215,9,26158414822479,0,703074226375473,0,0,1,17292580372822E-21,15,998124985867,13,4433744310417,14,946026516288,158429,473145059,44876,5504766476,16979,2082766305,9,88295822178707,0,0,0,0,0,0,0,0,0,0,0,0,0,0,0,0,0,0,0,0,0,0,0,0,0,0,0,0,0,0,0,0,0,0,0,0,0,0,0,0,0,0,0,0,0,0,0,0,0,0,0,0,0,0,0,0,0,0,0,0,0,0,0,0,0,0,0,0,0,0,0,0,0,0,0,0,0,0,0,0,0,0,0,0,0,0,0,0,0,0,0,0,0,0,0,0,1,22563116736937E-10,1,28268707685012E-10,0,0,0,0,0,0,0,0,0,0,0,0,0,0,935,65,915,071673367921,8,61574529303643,88,6926372984596,0,16,3885036009451,0,0,0,0,1,53400083045934E-06,0,0,0,0,0,0,0,00170444536717705,0,0,0,0,0,0125942320403396,0,17,4360300902396,0,0,0,44817,5824388796,40661,180038563,0,
675-700C*,0,0034242316649937,973,150024,790,395455881634,1019,55542659107,0,351089535463573,410,961823541756,45,792971183347,46,8055116828675,1,16140447722364,2580,42134745797,8,38135845007815,297,149654573273,18,8948855789911,0,0469574575362379,66,3631511307364,441,215787687061,,-8,77343422746911,-0,0163430274691064,54,2070288164973,53,1944883169838,59,1762866373785,5605,77347807995,0,0,1,55776511225426E-10,1,48771038708156E-10,297,149654573273,1,59768699574407,0,027275358383197,-13,1112357778889,-4,35414457788891,8,5211038375132,0,786571459311205,0,0,5,622719383272E-24,16,9075125493723,15,43186951373,12,8548656567365,620026,035528894,156586,365551485,53853,7516314844,8,70590295299501,0,0,0,0,0,0,0,0,0,0,0,0,0,0,0,0,0,0,0,0,0,0,0,0,0,0,0,0,0,0,0,0,0,0,0,0,0,0,0,0,0,0,0,0,0,0,0,0,0,0,0,0,0,0,0,0,0,0,0,0,0,0,0,0,0,0,0,0,0,0,0,0,0,0,0,0,0,0,0,0,0,0,0,0,0,0,0,0,0,0,0,0,0,0,0,0,1,48771038708156E-10,1,55776511225426E-10,0,0,0,0,0,0,0,0,0,0,0,0,0,0,960,65,2217,83387005295,8,34453048092144,88,792940550049,0,17,9298296219878,0,0,0,0,1,76090465760892E-06,0,0,0,0,0,0,0,00195656073067658,0,0,0,0,0,0144571250670058,0,18,8948855789911,0,0,0,44592,8482837484,40486,7027052641,0,
700-725C*,0,00263601725794852,998,150024,864,482527105429,1028,03814778183,0,32327015327196,418,632340382303,46,4055588302986,47,5193367003074,1,22711505146964,2894,73573322761,8,57156126720957,302,9883207289,20,3495934357871,0,0807252565687765,66,7941592782231,439,365611027999,,-11,2965604262646,-2,53946922626462,53,5944411695179,52,4806632995177,62,3591392597409,6191,61456104615,0,0,1,83434254083603E-10,1,74978960679375E-10,302,9883207289,1,60857236812532,0,0150068335183521,-15,9467439405157,-7,18965274051567,8,17147540668795,0,870068692246937,0,0,1,37064635256234E-26,17,8169001128777,26,5291540725,11,8635301913741,2804327,71965505,625395,362185473,193773,959823008,7,56102271409118,0,0,0,0,0,0,0,0,0,0,0,0,0,0,0,0,0,0,0,0,0,0,0,0,0,0,0,0,0,0,0,0,0,0,0,0,0,0,0,0,0,0,0,0,0,0,0,0,0,0,0,0,0,0,0,0,0,0,0,0,0,0,0,0,0,0,0,0,0,0,0,0,0,0,0,0,0,0,0,0,0,0,0,0,0,0,0,0,0,0,0,0,0,0,0,0,1,74978960679375E-10,1,83434254083603E-10,0,0,0,0,0,0,0,0,0,0,0,0,0,0,985,65,5966,50133481664,8,26915530881998,88,7373706098833,0,19,4776527133251,0,0,0,0,3,02719712132912E-06,0,0,0,0,0,0,0,00336355235703235,0,0,0,0,0,0248534565437299,0,20,3495934357871,0,0,0,44436,9786352043,40364,1806074437,0,
725-750C*,0,00199525655068091,1023,150024,950,47467052861,1033,90880927655,0,29241318407182,426,383664505784,46,4849769141491,47,7132260549649,1,29282562571563,2992,26146471621,8,73903535222887,308,826986884526,21,7642924952469,0,118715631945459,67,9271027027482,437,235577770466,,-13,7674454311392,-5,0103542311392,53,5150230856397,52,2867739448339,65,5419918821034,6359,16636175132,0,0,2,11223924072428E-10,2,01186882650594E-10,308,826986884526,1,61722827971387,0,00761602547451487,-18,7822521031424,-10,0251609031424,8,04426518550123,0,96962450418303,0,0,1,48132469721263E-29,18,7262876763831,39,0141254987779,11,5022078384767,14866174,185502,2897324,07971979,800892,690879627,6,4483175050756,0,0,0,0,0,0,0,0,0,0,0,0,0,0,0,0,0,0,0,0,0,0,0,0,0,0,0,0,0,0,0,0,0,0,0,0,0,0,0,0,0,0,0,0,0,0,0,0,0,0,0,0,0,0,0,0,0,0,0,0,0,0,0,0,0,0,0,0,0,0,0,0,0,0,0,0,0,0,0,0,0,0,0,0,0,0,0,0,0,0,0,0,0,0,0,0,2,01186882650594E-10,2,11223924072428E-10,0,0,0,0,0,0,0,0,0,0,0,0,0,0,1010,65,18016,1095140576,8,30255963647987,89,5413159359317,0,20,9917815334987,0,0,0,0,4,45183619795472E-06,0,0,0,0,0,0,0,00494648466439413,0,0,0,0,0,0365498225094415,0,21,7642924952469,0,0,0,44311,7525952845,40263,5977035971,0,
750-775C*,0,00149337509838162,1048,150024,1044,58345646227,1037,98483919494,0,258518627863154,434,189235987753,46,6113747364423,47,969351668846,1,35853619996162,3179,53321523503,8,80668556667587,314,665653040153,23,1031215919897,0,156706007322142,69,5101129048672,434,864093543517,,,-7,44534660448717,53,3886252633174,52,0306483309256,68,7248445044659,6758,9743498014,0,0,2,40325009857206E-10,2,28434565260108E-10,314,665653040153,1,62433215810965,0,00350315367652875,-21,6177602657692,-12,8606690657692,8,04426518550123,1,04579595899037,0,0,5,94693471596448E-33,19,6356752398885,51,4990969250557,11,5022078384767,93790153,8586277,15796355,2156269,3854200,09158168,5,36778732594824,0,0,0,0,0,0,0,0,0,0,0,0,0,0,0,0,0,0,0,0,0,0,0,0,0,0,0,0,0,0,0,0,0,0,0,0,0,0,0,0,0,0,0,0,0,0,0,0,0,0,0,0,0,0,0,0,0,0,0,0,0,0,0,0,0,0,0,0,0,0,0,0,0,0,0,0,0,0,0,0,0,0,0,0,0,0,0,0,0,0,0,0,0,0,0,0,2,28434565260108E-10,2,40325009857206E-10,0,0,0,0,0,0,0,0,0,0,0,0,0,0,1035,65,61798,5178994383,8,41059827264226,91,1600217842533,0,22,4315689800579,0,0,0,0,5,87647527458032E-06,0,0,0,0,0,0,0,00652941697175591,0,0,0,0,0,048246188475153,0,23,1031215919897,0,0,0,44222,2263533459,40191,4002026009,0,
775-800C*,0,00110660941441241,1073,150024,1146,1154765476,1041,08366565671,0,221586484645962,442,02406547503,46,7512908676894,48,2543058768899,1,42424677420762,3395,00734038586,8,8538168023033,320,504319195779,24,3302195606348,0,194696382698825,71,3043410756064,432,285821973532,,,-9,86079490870279,53,2487091320406,51,7456941228541,71,9076971268285,7226,43029378236,0,0,2,69964779016515E-10,2,55936215070681E-10,320,504319195779,1,63065808828356,0,00142714126773831,-24,453268428396,-15,6961772283959,8,1178752368548,1,14015902699188,0,0,7,03082695798661E-37,20,5450628033938,63,9840683513336,11,7113276447402,715991167,843541,102955019,795256,21915666,6420966,4,31943217670912,0,0,0,0,0,0,0,0,0,0,0,0,0,0,0,0,0,0,0,0,0,0,0,0,0,0,0,0,0,0,0,0,0,0,0,0,0,0,0,0,0,0,0,0,0,0,0,0,0,0,0,0,0,0,0,0,0,0,0,0,0,0,0,0,0,0,0,0,0,0,0,0,0,0,0,0,0,0,0,0,0,0,0,0,0,0,0,0,0,0,0,0,0,0,0,0,2,55936215070681E-10,2,69964779016515E-10,0,0,0,0,0,0,0,0,0,0,0,0,0,0,1060,65,243965,311051603,8,56104826183207,93,2546588660779,0,23,7561983475008,0,0,0,0,7,30111435120592E-06,0,0,0,0,0,0,0,00811234927911769,0,0,0,0,0,0599425544408646,0,24,3302195606348,0,0,0,44138,5557028041,40122,3143009075,0,
800-825C*,0,000812324468739771,1098,150024,1254,70556730988,1044,02271678158,0,181616754420244,449,864038743345,46,8757648605338,48,5392600849339,1,48995734845361,3610,48146553669,8,90094803793073,326,342985351406,25,4097252358015,0,217125308364893,73,0753516310896,429,531931791022,,,-12,2730477061804,53,1242351391663,51,4607399147827,75,0905497491909,7693,88623776332,0,0,2,99926192469307E-10,2,83437864881254E-10,326,342985351406,1,63703138759013,0,000499276051668326,-27,2887765910227,-18,5316853910227,8,21187842771466,1,23452209499339,0,0,1,79365614365673E-41,21,4544503668992,71,3550009437725,11,9782187369531,6733884263,669,815941221,860512,149605737,155054,3,30325205735824,0,0,0,0,0,0,0,0,0,0,0,0,0,0,0,0,0,0,0,0,0,0,0,0,0,0,0,0,0,0,0,0,0,0,0,0,0,0,0,0,0,0,0,0,0,0,0,0,0,0,0,0,0,0,0,0,0,0,0,0,0,0,0,0,0,0,0,0,0,0,0,0,0,0,0,0,0,0,0,0,0,0,0,0,0,0,0,0,0,0,0,0,0,0,0,0,2,83437864881254E-10,2,99926192469307E-10,0,0,0,0,0,0,0,0,0,0,0,0,0,0,1085,65,1124185,15099279,8,72315814281974,95,4956084259671,0,24,9248957590403,0,0,0,0,8,14219906368349E-06,0,0,0,0,0,0,0,00904688784853721,0,0,0,0,0,0668479066572339,0,25,4097252358015,0,0,0,44057,345486956,40055,0928209864,0,
825-850C*,0,000590842990667205,1123,150024,1370,20588355994,1047,61942068926,0,138609437185999,457,68563527083,46,9845265235983,48,8242142929778,1,55566792269961,3825,95559068752,8,94807927355816,332,181651507032,26,3057774521088,0,320996079634333,74,5902056573824,426,630353116244,,,-14,6984535593143,53,0154734760714,51,1757857067112,78,2734023715534,8161,34218174428,0,0,3,3026427866319E-10,3,10939514691826E-10,332,181651507032,1,64431092484396,0,000143780415006924,,-21,3671935536495,8,25777188651365,1,3288851629949,0,0,6,44754093073519E-47,22,3638379304046,105,490583929361,12,1084513226107,79561038994,0002,8009356911,20313,1247374252,22447,2,31924696789559,0,0,0,0,0,0,0,0,0,0,0,0,0,0,0,0,0,0,0,0,0,0,0,0,0,0,0,0,0,0,0,0,0,0,0,0,0,0,0,0,0,0,0,0,0,0,0,0,0,0,0,0,0,0,0,0,0,0,0,0,0,0,0,0,0,0,0,0,0,0,0,0,0,0,0,0,0,0,0,0,0,0,0,0,0,0,0,0,0,0,0,0,0,0,0,0,3,10939514691826E-10,3,3026427866319E-10,0,0,0,0,0,0,0,0,0,0,0,0,0,0,1110,65,6139574,69906767,8,8675978634401,97,5622271863512,0,25,8970729061342,0,0,0,0,1,20373529862875E-05,0,0,0,0,0,0,0,0133748366514306,0,0,0,0,0,098827336759253,0,26,3057774521088,0,0,0,43967,4945857361,39981,479397376,0,
850-875C*,0,000427684457814616,1148,150024,1490,66878235257,1052,69120549947,0,0925645329432273,465,466024643778,46,8549147409622,48,885965328946,1,6213784969456,3873,0915215203,8,99521050918559,338,020317662659,26,9825150441761,0,455014978259382,75,6196120176359,423,606034728143,,,-17,1533610304987,53,1450852586769,51,1140346707155,81,4562549939159,8254,4477824602,0,0,3,60972436355707E-10,3,38441164502399E-10,338,020317662659,1,65340207348893,3,21111780549555E-05,,-24,2027017162762,8,19578630505952,1,42324823099641,0,0,1,79175042785312E-53,23,27322549391,149,533900251577,11,9325434950788,1206094552780,98,99341231497,9848,12941616844,7276,1,36741690832117,0,0,0,0,0,0,0,0,0,0,0,0,0,0,0,0,0,0,0,0,0,0,0,0,0,0,0,0,0,0,0,0,0,0,0,0,0,0,0,0,0,0,0,0,0,0,0,0,0,0,0,0,0,0,0,0,0,0,0,0,0,0,0,0,0,0,0,0,0,0,0,0,0,0,0,0,0,0,0,0,0,0,0,0,0,0,0,0,0,0,0,0,0,0,0,0,3,38441164502399E-10,3,60972436355707E-10,0,0,0,0,0,0,0,0,0,0,0,0,0,0,1135,65,40401444,7317169,8,96655430683317,99,1442109738113,0,26,6324125425961,0,0,0,0,1,70630616847268E-05,0,0,0,0,0,0,0,0189589574274742,0,0,0,0,0,140088684379478,0,26,9825150441761,0,0,0,43858,1844275079,39893,4672623834,0,
875-900C*,0,000305135430616997,1173,150024,1614,76132442742,1058,29243273439,0,0633891177176228,473,232928807411,47,153664749545,49,3941227090658,1,68708907119159,4256,90384098918,9,04234174481302,343,858983818285,27,6762015631816,0,58903387688443,76,4448744326482,420,481196278073,,,-19,6188573501772,52,8463352500627,50,6058772905683,84,6391076162784,9096,2540697062,0,0,3,92306119971264E-10,3,65942814312972E-10,343,858983818285,1,66335035129164,5,09973207876392E-06,,-27,038209878903,8,09849686788364,1,51761129899792,0,0,1,60737721426156E-61,24,1826130574153,193,577216573793,11,656286299663,24000818280216,6,1590828226946,52,170473474202,717,0,447761878634997,0,0,0,0,0,0,0,0,0,0,0,0,0,0,0,0,0,0,0,0,0,0,0,0,0,0,0,0,0,0,0,0,0,0,0,0,0,0,0,0,0,0,0,0,0,0,0,0,0,0,0,0,0,0,0,0,0,0,0,0,0,0,0,0,0,0,0,0,0,0,0,0,0,0,0,0,0,0,0,0,0,0,0,0,0,0,0,0,0,0,0,0,0,0,0,0,3,65942814312972E-10,3,92306119971264E-10,0,0,0,0,0,0,0,0,0,0,0,0,0,0,1160,65,326098571,291493,9,05577144419468,,0,27,3870536040761,0,0,0,0,2,20887703831661E-05,0,0,0,0,0,0,0,0245430782035179,0,0,0,0,0,181350031999704,0,27,6762015631816,0,0,0,43742,4645017267,39800,7919344373,0,
900-925C*,0,000216513610317012,1198,150024,1746,23170367075,1062,33597476377,0,0594012924148648,481,044835134603,47,2133264229913,49,6790769171097,1,75279964543759,4472,37796614001,9,08947298044045,349,697649973912,28,6483368275054,0,723052775509478,77,6622327760843,417,275571158095,,,-22,053199965745,52,7866735765846,50,3209230824968,87,8219602386409,9563,71001368715,0,0,4,24137056473296E-10,3,93444464123545E-10,349,697649973912,1,67184909506332,5,0510426232693E-07,,-29,8737180415298,8,1190216857472,1,61197436699943,0,0,1,24163910207317E-71,25,0920006209207,237,620532896008,11,7145837158235,642615633571483,33666396466557,8,2913531863869,24,0,0,0,0,0,0,0,0,0,0,0,0,0,0,0,0,0,0,0,0,0,0,0,0,0,0,0,0,0,0,0,0,0,0,0,0,0,0,0,0,0,0,0,0,0,0,0,0,0,0,0,0,0,0,0,0,0,0,0,0,0,0,0,0,0,0,0,0,0,0,0,0,0,0,0,0,0,0,0,0,0,0,0,0,0,0,0,0,0,0,0,0,0,0,0,0,0,3,93444464123545E-10,4,24137056473296E-10,0,0,0,0,0,0,0,0,0,0,0,0,0,0,1185,65,3290999992,26317,9,20897386238035,,0,28,4459425652745,0,0,0,0,2,71144790816054E-05,0,0,0,0,0,0,0,0301271989795616,0,0,0,0,0,222611379619929,0,28,6483368275054,0,0,0,43648,0688171256,39723,992911229,0,
925-950C*,0,000152090733434586,1223,150024,1883,82429795046,1066,37951679314,0,0554134671121067,488,857599128343,47,2558405768155,49,9640311251537,1,81851021968358,4687,85209129084,9,13660421606788,355,536316129538,29,6204720918292,0,794934695370976,78,8286310389728,414,00663712532,,,-24,4875425813128,52,7441594227279,50,0359688744254,91,0048128610034,10031,1659576681,0,0,4,56600244199738E-10,4,20946113934117E-10,355,536316129538,1,68058786580848,0,,-32,7092262041565,8,14179184777594,1,70633743500094,0,0,1,01179546585337E-84,26,0013881844261,261,243455982144,11,7792484152357,2,37753030278539E+16,965526440544692,66133523472926,5,0,0,0,0,0,0,0,0,0,0,0,0,0,0,0,0,0,0,0,0,0,0,0,0,0,0,0,0,0,0,0,0,0,0,0,0,0,0,0,0,0,0,0,0,0,0,0,0,0,0,0,0,0,0,0,0,0,0,0,0,0,0,0,0,0,0,0,0,0,0,0,0,0,0,0,0,0,0,0,0,0,0,0,0,0,0,0,0,0,0,0,0,0,0,0,0,0,4,20946113934117E-10,4,56600244199738E-10,0,0,0,0,0,0,0,0,0,0,0,0,0,0,1210,65,42393190128,3239,9,37110414281982,,0,29,506168694154,0,0,0,0,2,98100510764116E-05,0,0,0,0,0,0,0,0331222789737907,0,0,0,0,0,244742175451288,0,29,6204720918292,0,0,0,43554,1065338328,39647,5707430271,0,
950-975C*,0,000105865975856711,1248,150024,2027,56185233247,1070,42305882252,0,0514256418093486,496,671211069079,47,2807462129365,50,2489853331976,1,88422079392958,4903,32621644167,9,18373545169531,361,374982285165,30,592607356153,1,06055985352998,79,9467657700721,410,689832872001,,,-26,9218851968806,52,7192537865738,49,7510146663539,94,1876654833659,10498,6219016491,0,0,4,89771511966113E-10,4,4844776374469E-10,361,374982285165,1,68956835679374,0,,-35,5447343667833,8,16678190848798,1,80070050300245,0,0,2,50092970122616E-102,26,9107757479314,348,537210698535,11,8502049645359,1,25091315517452E+18,3,85555641595025E+16,2,04444374677533E+15,0,0,0,0,0,0,0,0,0,0,0,0,0,0,0,0,0,0,0,0,0,0,0,0,0,0,0,0,0,0,0,0,0,0,0,0,0,0,0,0,0,0,0,0,0,0,0,0,0,0,0,0,0,0,0,0,0,0,0,0,0,0,0,0,0,0,0,0,0,0,0,0,0,0,0,0,0,0,0,0,0,0,0,0,0,0,0,0,0,0,0,0,0,0,0,0,0,4,4844776374469E-10,4,89771511966113E-10,0,0,0,0,0,0,0,0,0,0,0,0,0,0,1235,65,712646844528,746,9,54266731332719,,0,30,5675068866357,0,0,0,0,3,97709945073744E-05,0,0,0,0,0,0,0,0441899938970826,0,0,0,0,0,326522074405238,0,30,592607356153,0,0,0,43460,5761875104,39571,5241697479,0,
975-1000C*,7,30818385577747E-05,1273,150024,2177,51462086859,1074,4666008519,0,0474378165065906,504,485661383569,47,2875348901247,50,5339395412416,1,94993136817557,5118,8003415925,9,23086668732274,367,213648440791,31,5647426204769,1,45379248637297,81,0191491070646,407,338759566125,,,-29,3562278124483,52,7124651093516,49,4660604582825,97,3705181057284,10966,07784563,0,0,5,23732999900189E-10,4,75949413555263E-10,367,213648440791,1,69879261753403,0,,-38,38024252941,8,19396680543765,1,89506357100396,0,0,2,79050048688521E-127,27,8201633114368,477,767262685281,11,9273787606723,9,65377518953851E+19,2,20711288575135E+18,8,84310693890629E+16,0,0,0,0,0,0,0,0,0,0,0,0,0,0,0,0,0,0,0,0,0,0,0,0,0,0,0,0,0,0,0,0,0,0,0,0,0,0,0,0,0,0,0,0,0,0,0,0,0,0,0,0,0,0,0,0,0,0,0,0,0,0,0,0,0,0,0,0,0,0,0,0,0,0,0,0,0,0,0,0,0,0,0,0,0,0,0,0,0,0,0,0,0,0,0,0,0,4,75949413555263E-10,5,23732999900189E-10,0,0,0,0,0,0,0,0,0,0,0,0,0,0,1260,65,16009265628661,6,9,72418974183682,,0,31,629746888072,0,0,0,0,5,45172182389864E-05,0,0,0,0,0,0,0,0605746869322071,0,0,0,0,0,447589390476425,0,31,5647426204769,0,0,0,43367,4762459538,39495,8518605656,0,
1000-1050C*,8,3957933944703E-05,1323,150024,2414,35507400942,1080,53191389597,0,0414560785524535,516,208888217279,47,26250881301,50,9613708533075,2,04849722954456,5442,01152931875,9,30156354076389,375,971647674231,33,0229455169626,2,04364143563745,82,5470240618722,403,021771717758,,,-33,0077417358,52,7374911864136,49,0386291461753,102,144797039272,11667,2617616015,0,0,5,76354792270786E-10,5,17201888271122E-10,375,971647674231,1,71309140796266,0,,-42,6335047733502,8,23880556793434,2,03660817300622,0,0,9,04794078109171E-231,29,1842446566949,671,6123406654,12,0546356151777,1,44474295534513E+23,2,0125879782555E+21,5,03423461456371E+19,0,0,0,0,0,0,0,0,0,0,0,0,0,0,0,0,0,0,0,0,0,0,0,0,0,0,0,0,0,0,0,0,0,0,0,0,0,0,0,0,0,0,0,0,0,0,0,0,0,0,0,0,0,0,0,0,0,0,0,0,0,0,0,0,0,0,0,0,0,0,0,0,0,0,0,0,0,0,0,0,0,0,0,0,0,0,0,0,0,0,0,0,0,0,0,0,0,5,17201888271122E-10,5,76354792270786E-10,0,0,0,0,0,0,0,0,0,0,0,0,0,0,1298,15,3,10480845870173E+15,10,011707894972,,0,33,2243710672099,0,0,0,0,7,66365538364044E-05,0,0,0,0,0,0,0,0851517264848937,0,0,0,0,0,629190364583204,0,33,0229455169626,0,0,0,43228,6298348115,39383,0420679319,0,
1050-1100C*,4,07699250922856E-05,1373,150024,2753,25500692432,1088,61899795472,0,0334804279469373,531,842704800888,47,1600240819707,51,5312792693954,2,17991837803655,5872,95977962041,9,39582601201875,387,648979985484,34,9672160456103,2,72330058658044,84,444673094559,395,268476101325,,,-37,8764269669355,52,8399759173791,48,4687207300323,108,510502283997,12602,1736495634,0,0,6,50192072525753E-10,5,72205187892267E-10,387,648979985484,1,73303481546257,0,,-48,3045210986037,8,30604517711703,2,22533430900924,0,0,0,31,0030197837056,894,9722047098,12,2453899185083,1,19161094487169E+25,2,80531063881479E+24,7,34092853334811E+23,0,0,0,0,0,0,0,0,0,0,0,0,0,0,0,0,0,0,0,0,0,0,0,0,0,0,0,0,0,0,0,0,0,0,0,0,0,0,0,0,0,0,0,0,0,0,0,0,0,0,0,0,0,0,0,0,0,0,0,0,0,0,0,0,0,0,0,0,0,0,0,0,0,0,0,0,0,0,0,0,0,0,0,0,0,0,0,0,0,0,0,0,0,0,0,0,0,5,72205187892267E-10,6,50192072525753E-10,0,0,0,0,0,0,0,0,0,0,0,0,0,0,1348,15,6,01551020293753E+19,10,4412620606745,,0,35,35195971788,0,0,0,0,0,000102123771996767,0,0,0,0,0,0,0,113470857774185,0,0,0,0,0,838441841636342,0,34,9672160456103,0,0,0,43044,9923150107,39233,9253784715,0,
1100-1150C*,1,49631377928805E-05,1423,150024,3120,14772045975,1096,70608201348,0,0255047773414212,547,47970964704,46,9730232473493,52,1011876854834,2,31133952652854,6303,90802992207,9,49008848327361,,36,9114865742579,4,53964439053693,86,1968401696359,389,503413793244,,,-42,7451121980711,53,0269767519216,47,8988123138894,114,876207528722,13537,0855375253,0,0,7,29117340488734E-10,6,27208487513413E-10,399,326312296737,1,75400719744133,0,,-53,9755374238572,8,38163155780035,2,41406044501226,0,0,0,32,8217949107164,1491,88656177646,12,4597111826858,2,59341171710985E+24,5,67195056949227E+23,1,38522991036832E+23,0,0,0,0,0,0,0,0,0,0,0,0,0,0,0,0,0,0,0,0,0,0,0,0,0,0,0,0,0,0,0,0,0,0,0,0,0,0,0,0,0,0,0,0,0,0,0,0,0,0,0,0,0,0,0,0,0,0,0,0,0,0,0,0,0,0,0,0,0,0,0,0,0,0,0,0,0,0,0,0,0,0,0,0,0,0,0,0,0,0,0,0,0,0,0,0,0,6,27208487513413E-10,7,29117340488734E-10,0,0,0,0,0,0,0,0,0,0,0,0,0,0,1398,15,3,65335988701563E+22,10,9214097120417,,0,37,4799941396447,0,0,0,0,0,000170236664645135,0,0,0,0,0,0,0,189151849605705,0,0,0,0,1,39765247432904,0,36,9114865742579,0,0,0,42863,0458462374,39086,2786675598,0,
1150+C*,7,72624244104565E-06,1623,150024,4174,21623498266,1116,92379216037,0,00556565082763089,586,585715932832,46,0848899188546,53,5259587257031,2,63989239775851,7381,27865567622,9,72574466141076,,41,7721628958771,11,183214288187,90,0256592909992,379,290600981301,,,-54,9168252759099,53,9151100801881,46,4740412735321,130,790470640535,15874,3652574301,0,0,9,57318682291712E-10,7,64716736566276E-10,428,51964307487,1,81116467105119,0,,-68,153078236991,8,60592482510865,2,88587578501981,0,0,0,37,3687327282432,3675,19692705254,13,0949836009596,5,49472660482534E+22,3,65335988701563E+22,3,65335988701563E+22,0,0,0,0,0,0,0,0,0,0,0,0,0,0,0,0,0,0,0,0,0,0,0,0,0,0,0,0,0,0,0,0,0,0,0,0,0,0,0,0,0,0,0,0,0,0,0,0,0,0,0,0,0,0,0,0,0,0,0,0,0,0,0,0,0,0,0,0,0,0,0,0,0,0,0,0,0,0,0,0,0,0,0,0,0,0,0,0,0,0,0,0,0,0,0,0,0,7,64716736566276E-10,9,57318682291712E-10,0,0,0,0,0,0,0,0,0,0,0,0,0,0,1523,15,3,65335988701563E+22,12,0833175911007,,0,42,7948197490841,0,0,0,0,0,000419370535807011,0,0,0,0,0,0,0,46596726200779,0,0,0,0,3,44305539733866,0,41,7721628958771,0,0,0,42415,4787927989,38723,5034992161,0,
