Name,Shengli-1983
Created,26/03/2026 08:03:53
Cpt,Composition,Boiling Temperature,Molecular Weight,Standard Liquid Density,Acidity,Aniline Point,Assay - Aromatics Vol Pct,Assay - Aromatics Wt Pct,Asphaltene Content,Basic Nitrogen Content,C to H Ratio,Cloud Point,Conradson Carbon Content,Copper Content,Cetane Number,Flash Point,Freeze Point,MON (Clear),MON (Leaded),Assay - Naphthenes Vol Pct,Assay - Naphthenes Wt Pct,Nickel Content,Nitrogen Content,Assay - Olefins Vol Pct,Assay - Olefins Wt Pct,Assay - Paraffins Vol Pct,Assay - Paraffins Wt Pct,Pour Point,Refractive Index,Reid Vapour Pressure,RON (Clear),RON (Leaded),Smoke Point,Sulfur Content,Mercaptan Sulfur Content,Sodium Content,True Vapour Pressure,Vanadium Content,Iron Content,Luminometer Number,Viscosity @ 38C,Viscosity @ 50C,Viscosity @ 60C,Wax Content,Pi C6 22DMB Wt Pct,Pi C6 22DMB Vol Pct,Pi C6 23DMB Wt Pct,Pi C6 23DMB Vol Pct,Pi C6 2MP Wt Pct,Pi C6 2MP Vol Pct,Pi C6 3MP Wt Pct,Pi C6 3MP Vol Pct,Pi C7 22-mPentane Wt Pct,Pi C7 22-mPentane Vol Pct,Pi C7 24-mPentane Wt Pct,Pi C7 24-mPentane Vol Pct,Pi C7 223-mButane Wt Pct,Pi C7 223-mButane Vol Pct,Pi C7 33-mPentane Wt Pct,Pi C7 33-mPentane Vol Pct,Pi C7 23-mPentane Wt Pct,Pi C7 23-mPentane Vol Pct,Pi C7 2-mHexane Wt Pct,Pi C7 2-mHexane Vol Pct,Pi C7 3-mHexane Wt Pct,Pi C7 3-mHexane Vol Pct,Pi C7 3-ePentane Wt Pct,Pi C7 3-ePentane Vol Pct,Pi C6 Wt Pct,Pi C6 Vol Pct,Pi C7 Wt Pct,Pi C7 Vol Pct,Pi C8 Wt Pct,Pi C8 Vol Pct,Pi C9 Wt Pct,Pi C9 Vol Pct,Pi C10  Wt Pct,Pi C10  Vol Pct,Pi C11  Wt Pct,Pi C11  Vol Pct,Pn C6 Hexane Wt Pct,Pn C6 Hexane Vol Pct,Pn C7 Heptane Wt Pct,Pn C7 Heptane Vol Pct,Pn C8 Octane Wt Pct,Pn C8 Octane Vol Pct,Pn C9 Nonane Wt Pct,Pn C9 Nonane Vol Pct,Pn C10 Decane Wt Pct,Pn C10 Decane Vol Pct,Pn C11 n-C11 Wt Pct,Pn C11 n-C11 Vol Pct,On C6 Wt Pct,On C6 Vol Pct,On C7 Wt Pct,On C7 Vol Pct,On C8 Wt Pct,On C8 Vol Pct,On C9 Wt Pct,On C9 Vol Pct,On C10 Wt Pct,On C10 Vol Pct,On C11 Wt Pct,On C11 Vol Pct,A C6 Benzene Wt Pct,A C6 Benzene Vol Pct,A C7 Toluene Wt Pct,A C7 Toluene Vol Pct,A C8 m-Xylene Wt Pct,A C8 m-Xylene Vol Pct,A C8 o-Xylene Wt Pct,A C8 o-Xylene Vol Pct,A C8 p-Xylene Wt Pct,A C8 p-Xylene Vol Pct,A C8 EthBenz Wt Pct,A C8 EthBenz Vol Pct,N C6 cyc-C5 Wt Pct,N C6 cyc-C5 Vol Pct,N C6 cyc-C6 Wt Pct,N C6 cyc-C6 Vol Pct,A C8 Wt Pct,A C8 Vol Pct,A C9 Wt Pct,A C9 Vol Pct,A C10 Wt Pct,A C10 Vol Pct,A C11 Wt Pct,A C11 Vol Pct,N C6 Wt Pct,N C6 Vol Pct,N C7 Wt Pct,N C7 Vol Pct,N C8 Wt Pct,N C8 Vol Pct,N C9 Wt Pct,N C9 Vol Pct,N C10 Wt Pct,N C10 Vol Pct,N C11 Wt Pct,N C11 Vol Pct,Pi Wt Pct,Pi Vol Pct,Pn Wt Pct,Pn Vol Pct,Oi C6 Wt Pct,Oi C6 Vol Pct,Oi C7 Wt Pct,Oi C7 Vol Pct,Oi C8 Wt Pct,Oi C8 Vol Pct,Oi C9 Wt Pct,Oi C9 Vol Pct,Oi C10 Wt Pct,Oi C10 Vol Pct,Oi C11 Wt Pct,Oi C11 Vol Pct,Centroid Boiling Temperature,Viscosity @ 100C,Hydrogen,CarbonByWt,PValue,RamsCarbonResidueByWt,SulfideByWt,ZincByWt,TinByWt,ChromiumByWt,LeadByWt,AluminiumByWt,MagnesiumByWt,MetalByWt,ArsenicByWt,CadmiumByWt,MercuryByWt,NaClByWt,SaltByWt,MudByWt,ChloridesByWt,MolybdenumByWt,AshByWt,GumByWt,MicroCarbonResidueByWt,nC5InsolublesByWt,NaphthenicAcidByWt,NaphthenicAcidByVol,Gross Heating Value,Net Heating Value,Oxygen Content,
Hydrogen,0,20,5548,2,016000032,69,85910034,0,,0,0,0,0,0,13,9,0,0,,,13,9,10,,0,0,0,0,0,0,0,0,13,9,,,130,,,0,0,0,,0,0,,,,,0,,,,,,,,,,,,,,,,,,,,,,,,,,,,,,,,,,,,,,,,,,,,,,,,,,,,,,,,,,,,,,,,,,,,,,,,,,,,,,,,,,,,,,,,,,,,,,,,,0,0,0,0,,,,,,,,,,,,,,,100,0,,,,,,,,,,,,,,,,,,,,,0,,,,,,,
Nitrogen,0,77,3498,28,0135,806,3740234,0,,0,0,0,0,0,63,1,0,0,,,63,1,,,0,0,0,0,0,0,0,0,63,1,,,,,,0,0,0,,0,0,,,,,0,,,,,,,,,,,,,,,,,,,,,,,,,,,,,,,,,,,,,,,,,,,,,,,,,,,,,,,,,,,,,,,,,,,,,,,,,,,,,,,,,,,,,,,,,,,,,,,,,0,0,0,0,,,,,,,,,,,,,,,0,0,,,,,,,,,,,,,,,,,,,,,0,,,,,,,
CO,0,81,6996,28,0109005,799,3880005,0,,0,0,0,0,0,68,2,0,0,,,68,2,,,0,0,0,0,0,0,0,0,68,2,,,120,,,0,0,0,,0,0,,,,,0,,,,,,,,,,,,,,,,,,,,,,,,,,,,,,,,,,,,,,,,,,,,,,,,,,,,,,,,,,,,,,,,,,,,,,,,,,,,,,,,,,,,,,,,,,,,,,,,,0,0,0,0,,,,,,,,,,,,,,,0,0,,,,,,,,,,,,,,,,,,,,,0,,,,,,,
Oxygen,0,90,1996,32,1137,680054,0,,0,0,0,0,0,54,4,0,0,,,54,4,,,0,0,0,0,0,0,0,0,54,4,,,120,,,0,0,0,,0,0,,,,,0,,,,,,,,,,,,,,,,,,,,,,,,,,,,,,,,,,,,,,,,,,,,,,,,,,,,,,,,,,,,,,,,,,,,,,,,,,,,,,,,,,,,,,,,,,,,,,,,,0,0,0,0,,,,,,,,,,,,,,,0,0,,,,,,,,,,,,,,,,,,,,,0,,,,,,,
Methane,0,111,625,16,04290009,299,3940125,0,,0,0,0,0,3,90,4,0,0,,85,15,90,4,,,0,0,0,0,0,0,100,100,90,4,,,120,,,0,0,0,,0,0,,,,,0,,,,,,,,,,,,,,,,,,,,,,,,,,,,,,,,,,,,,,,,,,,,,,,,,,,,,,,,,,,,,,,,,,,,,,,,,,,,,,,,,,,,,,,,,,,,,,,,,0,0,100,100,,,,,,,,,,,,,,,25,13516209,75,,,,,,,,,,,,,,,,,,,,,0,,,,,,,
Ethylene,0,169,399,28,05380058,383,2260132,0,,0,0,0,0,6,104,0,0,,137,15,104,75,6,,0,0,0,0,100,100,0,0,104,,,100,51,,,0,0,0,,0,0,,,,,0,,,,,,,,,,,,,,,,,,,,,,,,,,,,,,,,,,,,,,,,,,,,,,,,,,,,,,,,,,,,,,,,,,,,,,,,,,,,,,,,,,,,,,,,,,,,,,,,,0,0,0,0,,,,,,,,,,,,,,,14,34761566,85,71428571,,,,,,,,,,,,,,,,,,,,,0,,,,,,,
Ethane,0,184,55,30,06990051,355,6830139,0,,0,0,0,0,4,90,4,0,0,,138,15,90,4,100,79,,0,0,0,0,0,0,100,100,90,4,,,111,38,,,0,0,0,,0,0,,,,,0,,,,,,,,,,,,,,,,,,,,,,,,,,,,,,,,,,,,,,,,,,,,,,,,,,,,,,,,,,,,,,,,,,,,,,,,,,,,,,,,,,,,,,,,,,,,,,,,,0,0,100,100,,,,,,,,,,,,,,,20,11147323,80,,,,,,,,,,,,,,,,,,,,,0,,,,,,,
CO2,0,194,598,44,00970078,825,335022,0,,0,0,0,0,0,217,0,0,,,217,,,0,0,0,0,0,0,0,0,217,,,,,,0,0,0,,0,0,,,,,0,,,,,,,,,,,,,,,,,,,,,,,,,,,,,,,,,,,,,,,,,,,,,,,,,,,,,,,,,,,,,,,,,,,,,,,,,,,,,,,,,,,,,,,,,,,,,,,,,0,0,0,0,,,,,,,,,,,,,,,0,0,,,,,,,,,,,,,,,,,,,,,0,,,,,,,
H2S,0,213,498,34,07600021,788,40802,0,,0,0,0,0,0,188,0,0,,,188,,,0,0,0,0,0,0,0,0,188,,2759,,,,94,1177,0,0,,0,0,,,,,0,,,,,,,,,,,,,,,,,,,,,,,,,,,,,,,,,,,,,,,,,,,,,,,,,,,,,,,,,,,,,,,,,,,,,,,,,,,,,,,,,,,,,,,,,,,,,,,,,0,0,0,0,,,,,,,,,,,,,,,5,911554252,0,,,,,,,,,,,,,,,,,,,,,0,,,,,,,
Propene,0,225,399,42,08060074,520,9550171,0,,0,0,0,0,6,87,9,0,0,,165,87,9,84,9,,0,0,0,0,100,100,0,0,87,9,,1565,102,54,,,0,0,0,,0,0,,,,,0,,,,,,,,,,,,,,,,,,,,,,,,,,,,,,,,,,,,,,,,,,,,,,,,,,,,,,,,,,,,,,,,,,,,,,,,,,,,,,,,,,,,,,,,,,,,,,,,,0,0,0,0,,,,,,,,,,,,,,,14,36465558,85,71428571,,,,,,,,,,,,,,,,,,,,,0,,,,,,,
Propane,0,231,048,44,09700012,506,678009,0,,0,0,0,0,4,5,85,5,0,0,,169,15,85,5,97,1,,0,0,0,0,0,0,100,100,85,5,,1303,112,14,,,0,0,0,,0,0,,,,,0,,,,,,,,,,,,,,,,,,,,,,,,,,,,,,,,,,,,,,,,,,,,,,,,,,,,,,,,,,,,,,,,,,,,,,,,,,,,,,,,,,,,,,,,,,,,,,,,,0,0,100,100,,,,,,,,,,,,,,,18,28426304,81,81818182,,,,,,,,,,,,,,,,,,,,,0,,,,,,,
i-Butane,0,261,42,58,12400055,561,9660034,0,380,85,0,0,0,0,4,8,114,0,0,,190,15,114,97,6,,0,0,0,0,0,0,100,100,114,,489,6,101,426,,,0,0,0,,0,0,,,,,0,,,,,,,,,,,,,,,,,,,,,,,,,,,,,,,,,,,,,,,,,,,,,,,,,,,,,,,,,,,,,,,,,,,,,,,,,,,,,,,,,,,,,,,,,,,,,,,,,100,100,0,0,,,,,,,,,,,,,,,17,34802065,82,75862069,,,,,,,,,,,,,,,,,,,,,0,,,,,,,
i-Butene,0,266,299,56,10770035,592,7930298,0,286,7055556,0,0,0,0,6,133,0,0,,193,15,133,88,1,,0,0,0,0,100,100,0,0,133,,442,7,105,2096138,,,0,0,0,,0,0,,,,,0,,,,,,,,,,,,,,,,,,,,,,,,,,,,,,,,,,,,,,,,,,,,,,,,,,,,,,,,,,,,,,,,,,,,,,,,,,,,,,,,,,,,,,,,,,,,,,,,,0,0,0,0,,,,,,,,,,,,,,,14,37319073,85,71428571,,,,,,,,,,,,,,,,,,,,,0,,,,,,,
1-Butene,0,266,898,56,10770035,593,7890015,0,,0,0,0,0,6,87,8,0,0,,193,15,87,8,80,8,,0,0,0,0,100,100,0,0,87,8,,432,97,4,,,0,0,0,,0,0,,0,236064836133691,0,219972008704656,0,208210021632581,0,,,,,,,,,,,,,,,,,,,,,,,,,,,,,,,,,,,,,,,,,,,,,,,,,,,,,,,,,,,,,,,,,,,,,,,,,,,,,,,,,,,,,,,,,,,,,,,,,0,0,0,0,,,,,,,,,,,,,,,14,37319073,85,71428571,,,,,,,,,,,,,,,,,,,,,0,,,,,,,
13-Butadiene,0,268,7,54,1,619,7440186,0,,0,0,0,0,8,164,0,0,,197,15,164,73,94513286,,0,0,0,0,100,100,0,0,164,,409,6,102,9723045,,,0,0,0,,0,0,,,,,0,,,,,,,,,,,,,,,,,,,,,,,,,,,,,,,,,,,,,,,,,,,,,,,,,,,,,,,,,,,,,,,,,,,,,,,,,,,,,,,,,,,,,,,,,,,,,,,,,0,0,0,0,,,,,,,,,,,,,,,11,17841035,88,88888889,,,,,,,,,,,,,,,,,,,,,0,,,,,,,
n-Butane,0,272,648,58,12400055,583,2230225,0,356,35,0,0,0,0,4,8,135,0,0,,213,15,135,89,6,,0,0,0,0,0,0,100,100,135,,358,5,93,8,,,0,0,0,,0,0,,0,241514675581771,0,217701202498228,,0,,,,,,,,,,,,,,,,,,,,,,,,,,,,,,,,,,,,,,,,,,,,,,,,,,,,,,,,,,,,,,,,,,,,,,,,,,,,,,,,,,,,,,,,,,,,,,,,,0,0,100,100,,,,,,,,,,,,,,,17,34802065,82,75862069,,,,,,,,,,,,,,,,,,,,,0,,,,,,,
tr2-Butene,0,274,027,56,1,608,684021,0,,0,0,0,0,6,168,0,0,,201,168,83,84306902,,0,0,0,0,100,100,0,0,168,,343,9,105,0089318,,,0,0,0,,0,0,,,,,0,,,,,,,,,,,,,,,,,,,,,,,,,,,,,,,,,,,,,,,,,,,,,,,,,,,,,,,,,,,,,,,,,,,,,,,,,,,,,,,,,,,,,,,,,,,,,,,,,0,0,0,0,,,,,,,,,,,,,,,14,37319073,85,71428571,,,,,,,,,,,,,,,,,,,,,0,,,,,,,
i-Pentane,0,000203792495247379,301,028,72,15100098,623,4420166,0,343,95,0,0,0,0,5,113,0,0,,217,113,90,3,,0,0,0,0,0,0,100,100,113,,133,8,92,3,,,0,0,0,,0,0,,,,,0,,,,,,,,,,,,,,,,,,,,,,,,,,,,,,,,,,,,,,,,,,,,,,,,,,,,,,,,,,,,,,,,,,,,,,,,,,,,,,,,,,,,,,,,,,,,,,,,,100,100,0,0,,,,,,,,,,,,,,,16,75213296,83,33333333,,,,,,,,,,,,,,,,,,,,,0,,,,,,,
1-Pentene,0,303,096,70,13500214,638,7230225,0,292,25,0,0,0,0,6,108,0,0,,245,108,77,1,,0,0,0,0,100,100,0,0,108,,131,8,90,9,,,0,0,0,,0,0,,,,,0,,,,,,,,,,,,,,,,,,,,,,,,,,,,,,,,,,,,,,,,,,,,,,,,,,,,,,,,,,,,,,,,,,,,,,,,,,,,,,,,,,,,,,,,,,,,,,,,,0,0,0,0,,,,,,,,,,,,,,,14,37831669,85,71428571,,,,,,,,,,,,,,,,,,,,,0,,,,,,,
2M-1-butene,0,304,303,70,1,654,3800049,0,,0,0,0,0,6,136,0,0,,221,136,81,9,,0,0,0,0,100,100,0,0,136,,127,2,102,54,,,0,0,0,,0,0,,,,,0,,,,,,,,,,,,,,,,,,,,,,,,,,,,,,,,,,,,,,,,,,,,,,,,,,,,,,,,,,,,,,,,,,,,,,,,,,,,,,,,,,,,,,,,,,,,,,,,,0,0,0,0,,,,,,,,,,,,,,,14,37831669,85,71428571,,,,,,,,,,,,,,,,,,,,,0,,,,,,,
n-Pentane,0,309,209,72,15100098,629,7290039,0,343,95,0,0,0,0,5,143,0,0,,233,143,61,9,,0,0,0,0,0,0,100,100,143,,101,35,61,7,,,0,0,0,,0,0,,0,317713556013358,0,28795065870348,0,265338970196147,0,,,,,,,,,,,,,,,,,,,,,,,,,,,,,,,,,,,,,,,,,,,,,,,,,,,,,,,,,,,,,,,,,,,,,,,,,,,,,,,,,,,,,,,,,,,,,,,,,0,0,100,100,,,,,,,,,,,,,,,16,75213296,83,33333333,,,,,,,,,,,,,,,,,,,,,0,,,,,,,
cis2-Butene,0,276,867,56,1,625,9530029,0,,0,0,0,0,6,134,0,0,,203,134,83,5,,0,0,0,0,100,100,0,0,134,,314,4,100,,,0,0,0,,0,0,,,,,0,,,,,,,,,,,,,,,,,,,,,,,,,,,,,,,,,,,,,,,,,,,,,,,,,,,,,,,,,,,,,,,,,,,,,,,,,,,,,,,,,,,,,,,,,,,,,,,,,0,0,0,0,,,,,,,,,,,,,,,14,37319073,85,71428571,,,,,,,,,,,,,,,,,,,,,0,,,,,,,
3M-1-butene,0,293,204,70,1,631,2700195,0,,0,0,0,0,6,105,0,0,,217,105,85,26729455,,0,0,0,0,100,100,0,0,105,,190,101,6748769,,,0,0,0,,0,0,,,,,0,,,,,,,,,,,,,,,,,,,,,,,,,,,,,,,,,,,,,,,,,,,,,,,,,,,,,,,,,,,,,,,,,,,,,,,,,,,,,,,,,,,,,,,,,,,,,,,,,0,0,0,0,,,,,,,,,,,,,,,14,37831669,85,71428571,,,,,,,,,,,,,,,,,,,,,0,,,,,,,
2M-2-butene,0,311,704,70,1,666,1090088,0,406,15,0,0,0,0,6,139,0,0,,228,139,84,7,,0,0,0,0,100,100,0,0,139,,98,11,97,3,,,0,0,0,,0,0,,,,,0,,,,,,,,,,,,,,,,,,,,,,,,,,,,,,,,,,,,,,,,,,,,,,,,,,,,,,,,,,,,,,,,,,,,,,,,,,,,,,,,,,,,,,,,,,,,,,,,,0,0,0,0,,,,,,,,,,,,,,,14,37831669,85,71428571,,,,,,,,,,,,,,,,,,,,,0,,,,,,,
2M-13-C4==,0,307,204,68,1,684,8460083,0,,0,0,0,0,7,5,127,0,0,,219,127,81,,0,0,0,0,100,100,0,0,127,,118,6,99,1,,,0,0,0,,0,0,,,,,0,,,,,,,,,,,,,,,,,,,,,,,,,,,,,,,,,,,,,,,,,,,,,,,,,,,,,,,,,,,,,,,,,,,,,,,,,,,,,,,,,,,,,,,,,,,,,,,,,0,0,0,0,,,,,,,,,,,,,,,11,8404699,88,23529412,,,,,,,,,,,,,,,,,,,,,0,,,,,,,
tr2-Pentene,0,309,493,70,1,652,2630005,0,404,4833333,0,0,0,0,6,133,0,0,,225,133,85,14880659,,0,0,0,0,100,100,0,0,133,,106,7,100,3776273,,,0,0,0,,0,0,,,,,0,,,,,,,,,,,,,,,,,,,,,,,,,,,,,,,,,,,,,,,,,,,,,,,,,,,,,,,,,,,,,,,,,,,,,,,,,,,,,,,,,,,,,,,,,,,,,,,,,0,0,0,0,,,,,,,,,,,,,,,14,37831669,85,71428571,,,,,,,,,,,,,,,,,,,,,0,,,,,,,
cis2-Pentene,0,310,083,70,1,659,5750122,0,403,9277778,0,0,0,0,6,122,0,0,,226,122,85,14880659,,0,0,0,0,100,100,0,0,122,,104,4,100,3776273,,,0,0,0,,0,0,,,,,0,,,,,,,,,,,,,,,,,,,,,,,,,,,,,,,,,,,,,,,,,,,,,,,,,,,,,,,,,,,,,,,,,,,,,,,,,,,,,,,,,,,,,,,,,,,,,,,,,0,0,0,0,,,,,,,,,,,,,,,14,37831669,85,71428571,,,,,,,,,,,,,,,,,,,,,0,,,,,,,
Cyclopentane,0,322,398,70,13500214,748,8740234,0,289,95,0,0,0,0,6,179,0,0,,233,179,84,9,,100,100,0,0,0,0,0,0,179,,41,7,101,426,,,0,0,0,,0,0,,0,483269667509962,0,429891392256475,,0,,,,,,,,,,,,,,,,,,,,,,,,,,,,,,,,,,,,,,,,,,,,,,,,,,,,,,,,,,,,,,,,,,,,,,,,,,,,,,,,,,,,,,,,,,,,,,,,,0,0,0,0,,,,,,,,,,,,,,,14,37831669,85,71428571,,,,,,,,,,,,,,,,,,,,,0,,,,,,,
Cyclopentene,0,317,38,68,1,776,5159912,0,458,3722222,0,0,0,0,7,5,138,0,0,,244,138,69,7,,100,100,0,0,0,0,0,0,138,,81,04,93,3,,,0,0,0,,0,0,,,,,0,,,,,,,,,,,,,,,,,,,,,,,,,,,,,,,,,,,,,,,,,,,,,,,,,,,,,,,,,,,,,,,,,,,,,,,,,,,,,,,,,,,,,,,,,,,,,,,,,0,0,0,0,,,,,,,,,,,,,,,11,8404699,88,23529412,,,,,,,,,,,,,,,,,,,,,0,,,,,,,
22-Mpropane,0,282,648,72,2,595,5930176,0,291,7055556,0,0,0,0,5,257,0,0,,225,257,80,2,,0,0,0,0,0,0,100,100,257,,251,8,85,5,,,0,0,0,,0,0,,,,,0,,,,,,,,,,,,,,,,,,,,,,,,,,,,,,,,,,,,,,,,,,,,,,,,,,,,,,,,,,,,,,,,,,,,,,,,,,,,,,,,,,,,,,,,,,,,,,,,,100,100,0,0,,,,,,,,,,,,,,,16,75213296,83,33333333,,,,,,,,,,,,,,,,,,,,,0,,,,,,,
33M-1-butene,0,314,397,84,16,657,1190186,0,,0,0,0,0,6,,0,0,,241,15,157,95,93,3,,0,0,0,0,100,100,0,0,,,91,82,111,77,,,0,0,0,,0,0,,,,,0,,,,,,,,,,,,,,,,,,,,,,,,,,,,,,,,,,,,,,,,,,,,,,,,,,,,,,,,,,,,,,,,,,,,,,,,,,,,,,,,,,,,,,,,,,,,,,,,,0,0,0,0,,,,,,,,,,,,,,,14,3716,85,71428571,,,,,,,,,,,,,,,,,,,,,0,,,,,,,
H2O,0,373,148,18,01510048,997,9860229,0,,0,0,0,0,0,,0,0,,,,,,0,0,0,0,0,0,0,0,,,,,,,0,0,0,,0,0,,0,698140124178851,0,560124358458913,0,474686748589316,0,,,,,,,,,,,,,,,,,,,,,,,,,,,,,,,,,,,,,,,,,,,,,,,,,,,,,,,,,,,,,,,,,,,,,,,,,,,,,,,,,,,,,,,,,,,,,,,,,0,0,0,0,,,,,,,,,,,,,,0,279783740086422,11,18972388,0,,,,,,,,,,,,,,,,,,,,,0,,,,,,,
36-40C*,0,000261826393883043,313,149994,72,2810419297327,647,873845402464,0,051024064024052,312,957115267938,1,15472712404325,1,54192279705486,1,29659564000978E-09,0,5,22563721279527,130,128300294396,0,0,27,8951070408451,237,452880911821,131,239411405508,77,0016866241572,85,7587778241572,28,7247660954241,29,9805835261813,0,0,0166374141144562,0,0,70,1205067805327,68,4774936767639,116,546953712326,1,36362494083635,69,771486719745,81,2761006412127,90,0331918412126,47,4115411974596,0,00102533527560321,0,0,94,1972145768408,0,0,107,253643380485,0,34553177575749,0,31910523988228,0,301249733846763,0,00483358491436114,0,0,0,0,0,0,0,0,0,0,0,0,0,0,0,0,0,0,0,0,0,0,0,0,0,0,0,0,0,0,0,0,0,0,0,0,0,0,0,0,0,0,0,0,0,0,0,0,0,0,0,0,0,0,0,0,0,0,0,0,0,0,0,0,0,0,0,0,0,0,0,0,0,0,0,0,0,0,0,0,0,0,0,0,0,0,0,0,0,0,0,0,0,0,0,0,0,0,68,4774936767639,70,1205067805327,0,0,0,0,0,0,0,0,0,0,0,0,311,149997,0,253419259516347,16,0424814287652,83,8321879397328,0,0,0,0,0,0,0,0,0,0,0,0,0,6,52619805471591E-12,0,0,0,0,8,94110743423413E-12,0,0,0,0,0,48257,7138807262,44739,1916991165,0,
40-50C*,0,0500865787776363,323,149994,75,4496884787237,657,71223675126,0,0716954854877261,313,604671050081,1,88475903190005,2,48143430087943,5,83468038004403E-09,0,5,17562169346677,136,74966745482,0,0,30,2466118838642,241,95145889631,137,860778565932,73,521090381632,82,278181581632,30,8296431186923,32,2760561378784,0,0,0748683635150529,0,0,67,2855978494076,65,2425095612422,121,05645080857,1,36842575623457,53,8534496241554,77,3196808634424,86,0767720634424,45,184295316256,0,00262437996667895,0,0,66,689087343625,0,0,102,696690957057,0,360821874185018,0,332474796901389,0,31321853203726,0,00817631558778401,21,3038319995541,23,7027200101215,0,0,0,0,0,0,0,0,0,0,0,0,0,0,0,0,0,0,0,0,0,0,21,3038319995541,23,7027200101215,0,0,0,0,0,0,0,0,0,0,0,0,0,0,0,0,0,0,0,0,0,0,0,0,0,0,0,0,0,0,0,0,0,0,0,0,0,0,0,0,0,0,0,0,0,0,0,0,0,0,0,0,0,0,0,0,0,0,0,0,0,0,0,0,0,0,0,0,0,0,65,2425095612422,67,2855978494076,0,0,0,0,0,0,0,0,0,0,0,0,0,0,318,15,0,261047934344979,16,1427697077496,83,5488690920669,0,0,0,0,0,0,0,0,0,0,0,0,0,2,93678912462216E-11,0,0,0,0,4,02349834540536E-11,0,0,0,0,0,48111,8949069565,44637,9567165166,0,
50-60C*,0,0092189118119292,333,149994,80,0076361842106,671,258751925578,0,101226087578689,314,561125209571,2,92766175740977,3,78048699033409,1,23176585800929E-08,0,5,15099600525213,143,150497660317,0,0,32,7478621319249,246,919469649669,144,261608771428,68,5589766273609,77,3160678273609,33,8366102947898,35,4911131139695,0,0,158055434087334,0,0,63,2357279478005,60,7283998956964,127,49858951749,1,37517826413231,40,4588243352976,71,6676526094849,80,4247438094849,42,2352851701982,0,00490872952535858,0,0,46,9073840140768,0,0,96,5042522176835,0,384971512683154,0,353493309650405,0,331984451364019,0,0129516451212452,14,8073249368985,15,1068648502114,25,8853147865396,25,9085792941738,50,0395306387235,50,7452468405795,4,52740064947843E-09,4,51439401625158E-09,0,0,0,0,0,0,0,0,0,0,0,0,0,0,0,0,90,7321703666891,91,7606909894791,0,0,0,0,0,0,0,0,0,0,0,0,0,0,0,0,0,0,0,0,0,0,0,0,0,0,0,0,0,0,0,0,0,0,0,0,0,0,0,0,0,0,0,0,0,0,0,0,0,0,0,0,0,0,0,0,0,0,0,0,0,0,0,0,0,0,0,0,0,0,60,7283998956964,63,2357279478005,0,0,0,0,0,0,0,0,0,0,0,0,0,0,328,15,0,272971658420247,16,2068021108781,83,4811729310448,0,0,0,0,0,0,0,0,0,0,0,0,0,6,19988815198011E-11,0,0,0,0,8,49405206252243E-11,0,0,0,0,0,47918,1108614098,44503,4219301858,0,
60-70C*,0,010034268043701,343,149994,84,5425332996066,684,218066154923,0,130756689669652,315,551227231066,3,97056448291949,5,03320422238069,1,88006367801419E-08,0,5,15645096857816,149,49434684866,0,0,34,5555084230523,252,357995291657,150,605457959771,63,6086068919893,72,3656980919893,36,8435774708872,38,637644994034,0,0,241242504659615,0,0,59,1858580461933,56,3291507835853,128,691793643036,1,3817879573739,29,583538417411,66,0156243555275,74,7727155555275,39,5359111784974,0,0071930790840382,0,0,32,7730229688828,0,0,90,6774386998728,0,41214542051271,0,377044402576596,0,352958510585317,0,0177269746547065,0,0,0,000106732854704469,0,000106334754867047,18,4072070471183,18,5804830290959,23,2967064076129,23,1223526254483,0,0,0,0,0,0,0,0,0,0,0,0,0,0,0,0,41,7040201875859,41,7029419892991,0,0,0,0,0,0,0,0,0,0,58,2880017641081,58,2900281008022,0,0,0,0,0,0,0,0,0,0,0,0,0,0,0,0,0,0,0,0,0,0,0,0,0,0,0,0,0,0,0,0,0,0,0,00797804830597017,0,00702990989871684,0,0,0,0,0,0,0,0,0,0,0,00797804830597017,0,00702990989871684,0,0,0,0,0,0,0,0,0,0,23,4933947286623,24,6839793083777,32,835756054923,34,5018787378156,0,0,0,0,0,0,0,0,0,0,0,0,338,15,0,28625223625508,16,1917229444901,83,4918254600651,0,0,0,0,0,0,0,0,0,0,0,0,0,9,46298717933807E-11,0,0,0,0,1,29646057796395E-10,0,0,0,0,0,47739,9083436375,44379,7046366158,0,
70-80C*,0,0108501762223625,353,149994,89,0526253582712,696,602217094785,0,160287291760615,316,571787657762,5,01346720842921,6,24394912542246,2,52836149801908E-08,0,5,18652066048739,155,773525476834,0,0,35,9049890126592,261,223747297896,156,884636587945,58,6697404224074,67,4268316224074,39,8505446469847,41,722601135524,0,0,324429575231896,0,0,55,1359881445861,52,0334497390536,134,869328477523,1,38823607790496,21,0531384732705,60,36359610157,69,12068730157,37,0625105084099,0,00947742864271783,0,0,22,7403242732689,0,0,85,2053453938711,0,442688553864899,0,403425453081303,0,376403485728001,0,0225023041881677,0,0,0,0,0,0,0,0,2,57097332801469,2,86255358640902,1,0327543815654,1,15153490449926,0,0,0,0,0,0,0,0,0,0,0,0,0,0,3,60372770958009,4,01408849090828,0,0,0,0,0,0,0,0,0,526881020427277,0,599296980214198,0,0,0,0,0,0,0,0,0,0,0,0,0,0,0,0,0,0,0,0,0,0,3,31885838031053,2,83562961036381,0,0,0,0,0,0,0,0,0,0,87,1511548771704,87,3455292984558,5,39937801251175,5,20545562005794,0,0,0,0,0,0,0,0,92,5505328896821,92,5509849185137,0,0,0,0,0,0,0,0,0,0,45,3963076404324,47,9736056809901,6,63714209862115,7,16238246359601,0,0,0,0,0,0,0,0,0,0,0,0,348,15,0,301047755033485,16,1122168955965,83,5663458152652,0,0,0,0,0,0,0,0,0,0,0,0,0,1,2726086206696E-10,0,0,0,0,1,74351594967566E-10,0,0,0,0,0,47575,8103917526,44265,7794533952,0,
80-90C*,0,0117260218856931,363,149994,93,6703737648201,708,423242400651,0,189817893851578,317,620018837972,6,05636993393893,7,41661188539395,3,17665931802397E-08,0,5,23675416417615,161,981181917829,0,0,36,9529501771029,268,141955218325,163,09229302894,47,4935467492281,56,2506379492281,42,8575118230821,44,7521566443704,0,0,407616645804177,0,0,51,0861182429789,47,8312314702357,141,592959751095,1,39450558005786,14,4139823059403,47,1831465027002,55,9402377027002,34,7944013511848,0,0117617782013975,0,0,15,6673092791443,0,0,80,0755898656869,0,476935023674417,0,432917148182819,0,402563388235814,0,027277633721629,0,0,0,0,0,0,0,0,0,0886267114383864,0,098363291172619,3,30001778531842,3,66782581988283,0,0,0,0,5,56243294363962,5,98709306600326,14,909388677273,16,4363128515907,0,0029684956095535,0,00323144467186733,3,28221375122343E-12,3,51706205323582E-12,0,0,23,8634346132823,26,1928264733248,0,0,0,0,0,0,0,0,0,0,0,0,0,0,0,0,0,0,0,0,0,0,0,0,0,0,0,0,0,0,0,0,2,72602495188813,2,32168326579245,0,0,0,0,0,0,0,0,0,0,0,0,42,9161231508172,41,2427732046417,0,0,0,0,0,0,0,0,42,9161231508172,41,2427732046417,30,4944172840124,30,2427170562411,0,0,0,0,0,0,0,0,47,8312314702357,51,0861182429789,0,0,0,0,0,0,0,0,0,0,0,0,0,0,358,15,0,317500172255668,15,9815816786161,83,6916144056139,0,0,0,0,0,0,0,0,0,0,0,0,0,1,5989185234054E-10,0,0,0,0,2,19057132138736E-10,0,0,0,0,0,47424,5261102984,44160,7501749362,0,
90-100C*,0,012460786842272,373,149994,98,571135767698,719,693179728009,0,219348495942541,318,693473414582,6,28326500534766,7,64656571397268,3,82495713802886E-08,0,5,30343672966192,168,111237522193,0,0,37,8061743082726,275,043226968107,169,222348633304,46,7426910294144,55,4997822294144,46,6804866532806,48,2058185832126,0,0,490803716376458,0,0,47,0362483413717,44,1476157028148,148,786993016626,1,40058109434828,9,13786851802737,46,5500658120176,55,3071570120176,32,713426570463,0,0140461277600771,0,0,10,7156648150324,0,0,75,27495045952,0,515201570708294,0,465778897921996,0,431659739085759,0,0320529632550902,0,0,0,0,0,0,0,0,0,0,0,0,0,0,0,0,2,44224511579046,2,40948706357003,15,6458813072459,15,8098854173227,24,1325638168581,24,0795244347871,1,5455873216512,1,51806667077333,0,0,43,7662775615457,43,8169635864531,0,0,0,0,0,0,0,0,0,0,54,4014181923127,54,5493843130245,0,0,0,0,0,0,0,0,0,0,0,0,0,0,0,0,0,0,0,0,0,0,0,0,0,0,0,0,0,0,0,0,0,0,0,0,0,0,0,0,0,0,0,0,0,0,1,83230424614168,1,63365210052243,0,0,0,0,0,0,0,0,19,6824096531155,20,952140898058,24,4652060496993,26,0841074433137,0,0,0,0,0,0,0,0,0,0,0,0,368,15,0,335732218847539,15,8116292310054,83,8559752195103,0,0,0,0,0,0,0,0,0,0,0,0,0,1,92522842614119E-10,0,0,0,0,2,63762669309907E-10,0,0,0,0,0,47284,9221861729,44063,8299973737,0,
100-110C*,0,0131359952620473,383,149994,103,658988198604,730,424066732347,0,248879098033504,319,789993735755,7,82783267373031,9,32303694794065,4,47325495803375E-08,0,5,383396005499,174,158324801617,0,0,38,5388376687253,281,929104575811,175,269435912728,46,0026163160611,54,7597075160611,49,1857888865051,50,8561726101544,0,0,573990786948739,0,0,42,9863784397646,39,8207904419049,156,375733826988,1,40644889777241,6,76320973666146,45,916985121335,54,674076321335,30,8035783763127,0,0163304773187567,0,0,7,27405367643317,0,0,70,7898187501543,0,557784608484223,0,502247318381461,0,463890735490228,0,0368282927885514,0,0,0,0,0,0,0,0,0,0,0,0,0,0,0,0,0,0,0,0,0,0,0,0,0,0,0,0,0,0,0,0,0,0,0,0,0,0,0,0731994412818259,0,082521421795512,0,0,0,0,0,0,0,0,0,0,0,0,0,0,0,0,0,0,0,0,0,0,2,46231623878324,2,19129737565174,0,0,0,0,0,0,0,0,0,0,0,0,0,0,0,0,0,0,0,0,0,0,97,4644843199349,97,7261812025528,0,0,0,0,0,0,0,0,39,7475910006231,42,9038570179691,0,0731994412818259,0,082521421795512,0,0,0,0,0,0,0,0,0,0,0,0,378,15,0,355847149034934,15,6126808129606,84,0492435236232,0,0,0,0,0,0,0,0,0,0,0,0,0,2,25153832887699E-10,0,0,0,0,3,08468206481078E-10,0,0,0,0,0,47155,9994619259,43974,3252545513,0,
110-120C*,0,0137463030366884,393,149994,108,900590524683,740,627941069154,0,278409700124467,320,907669985906,9,54987607302143,11,2406619656812,5,12155277803865E-08,0,5,47386699667054,180,117728891976,0,0,39,2032208770745,288,800875057926,181,228840003087,45,2730818560584,54,0301730560584,48,5240026806271,50,0597955013281,0,0,65717785752102,0,0,41,9261212463514,38,6995425329907,164,283487735054,1,41209688698609,6,50296821002538,45,2839044306524,54,0409956306524,29,0506876955791,0,0186148268774363,0,0,4,89968911879822,0,0,66,6065177379023,0,604959653148552,0,54253679875293,0,499432376047412,0,0416036223220127,0,0,0,0,0,0,0,0,0,0,0,0,0,0,0,0,0,0,0,0,0,0,0,0,0,0,0,0,42,0828093250138,45,7821079648618,0,0,0,0,0,0,0,0,0,0,0,0,0,0,0,0,0,0,0,0,0,0,0,0,0,0,0,0,0,0,0,0,26,2944797804383,23,2395375570189,0,0,0,0,0,0,0,0,0,0,0,0,0,0,0,0,0,0,0,0,0,0,0,0,31,6227108945479,30,9783544781192,0,0,0,0,0,0,38,6995425329907,41,9261212463514,0,0,0,0,0,0,0,0,0,0,0,0,0,0,388,15,0,377930342632138,15,3936241174774,84,2626510158112,0,0,0,0,0,0,0,0,0,0,0,0,0,2,57784823161278E-10,0,0,0,0,3,53173743652248E-10,0,0,0,0,0,47036,8735472036,43891,621957495,0,
120-130C*,0,0143016186118326,403,149994,114,151285569858,750,316840393917,0,30794030221543,322,044805328459,11,449395203221,13,4396407032428,5,76985059804354E-08,0,5,57239822009813,185,985332369141,0,0,39,8365764538237,295,659628714321,187,096443480252,44,5538468962966,53,3109380962966,44,7482675255474,45,9169634560416,0,0,740364928093301,0,0,43,8023372712316,40,6433958407157,172,434560293695,1,41751455160405,6,24778515459541,44,6508237399698,53,4079149399698,27,4421655632438,0,020899176436116,0,0,3,27410946973025,0,0,62,7115226914756,0,656982355555223,0,586841456403296,0,53844086637375,0,0463789518554739,0,0,0,0,0,0,0,0,0,0,0,0,0,0,0,0,0,0,0,0,0,0,0,0,0,0,0,0,0,000108701737686967,0,000111483179957036,0,0,0,0,0,0,0,0,0,0,78,1123436374845,79,8764668094003,0,0,0,0,0,0,0,0,0,0,0,0,0,0,0,0,0,0,0,0,0,0,0,0,0,0,0,0,0,0,0,0,0,0,0,0,0,0,0,0,0,0,0,0,0,0,21,8875476607778,20,1234217074197,0,0,0,0,0,0,0,0,40,6433958407157,43,8023372712316,0,0,0,0,0,0,0,0,0,0,0,0,398,15,0,402052023324245,15,162008998741,84,4887519576964,0,0,0,0,0,0,0,0,0,0,0,0,0,2,90415813434858E-10,0,0,0,0,3,97879280823419E-10,0,0,0,0,0,46926,7586771852,43815,1745881156,0,
130-140C*,0,0147916434708005,413,149994,119,43412830291,759,502802362125,0,337470904306393,323,19988672381,13,5263900643291,15,8046225650857,6,41814841804843E-08,0,5,67678712816501,191,75756342605,0,0,40,465653609891,302,506300924676,192,868674537161,43,8446706836659,52,6017618836659,40,7950566395592,41,6784470145474,0,0,823551998665581,0,0,45,6785532961117,42,5169304203669,180,753257055784,1,4226929455447,5,99771301597607,44,0177430492872,52,7748342492872,25,9667866186059,0,0231835259947956,0,0,2,16992315290012,0,0,59,0916112595046,0,714090683916696,0,63533804430365,0,58105585951759,0,0511542813889352,0,0,0,0,0,0,0,0,0,0,0,0,0,0,0,0,0,0,0,0,0,0,0,0,0,0,0,0,0,0,1,77427877194999E-15,1,98815929953264E-15,0,0,0,0,0,0,0,0,0,0,0,0,0,0,0,0,0,0,0,0,0,0,0,0,0,0,0,0,0,0,0,0,12,3376302659954,11,5481774550401,5,3438939376357E-18,4,90984179363996E-18,12,8487545426825,12,0635155344862,12,8557787591909,11,9895904076855,0,0,0,0,38,0421635678687,35,6012833972119,0,0,0,0,0,0,0,0,0,0,61,9578364321313,64,3987166027881,0,0,0,0,0,0,42,5169304203669,45,6785532961117,0,0,0,0,0,0,0,0,0,0,0,0,0,0,408,15,0,428270569498628,14,9241649157174,84,7213072921567,0,0,0,0,0,0,0,0,0,0,0,0,0,3,23046803708438E-10,0,0,0,0,4,4258481799459E-10,0,0,0,0,0,46874,9046979024,43774,700181936,0,
140-150C*,0,0148313333927495,423,149994,124,810676209485,768,197864629265,0,367001506397356,324,371560369156,15,7808606563456,18,3199910788647,8,88217679434855E-07,0,5,78503649124018,197,431347370209,0,0,41,1097483246859,309,341702896494,198,542458481321,43,1453124650566,51,9024036650566,36,6643700226625,37,3704744040178,6,65842955089286E-17,1,19266254788838,0,0,47,5547693209919,44,3095345171174,189,163883574194,1,42762465490654,5,75280214706209,43,3846623586047,52,1417535586047,24,6145068913954,0,0254678755534752,0,0,1,42597351899186,6,83030070448953E-18,0,55,7339621613405,0,776508068635199,0,688189587195046,0,627404275953611,0,0559296109223964,0,0,0,0,0,0,0,0,0,0,0,0,0,0,0,0,0,0,0,0,0,0,0,0,0,0,0,0,0,0,88,9959718708254,90,3660400625919,0,0,0,0,0,0,0,0,0,0,2,48123404403571,2,53299037295178,0,0,0,0,0,0,0,0,0,0,0,0,0,0,0,0,0,0,0,0,0,330024938134917,0,279920067994698,8,1882465073102,6,81720189504768,0,00447394260361695,0,00380635107377185,1,27282048546518E-13,1,0756690982718E-13,0,0,0,0,8,52274538804886,7,10092831411625,4,86970900075213E-05,4,12503400348023E-05,0,0,0,0,0,0,0,0,0,0,0,0,0,0,0,0,41,8283004730817,45,0217789480401,2,48123404403571,2,53299037295178,0,0,0,0,0,0,0,0,0,0,0,0,418,15,0,456636066126913,14,6853280805488,84,955158831809,0,0,0,0,0,0,0,0,0,0,0,0,0,4,47069565315544E-09,0,0,0,0,6,12500108110285E-09,0,0,0,0,0,46773,9129661326,43702,8901358625,0,
150-160C*,0,0148148250710145,433,149994,130,309214247287,776,414064850827,0,396532108488319,325,558610924271,18,2128069792706,20,9687485830837,4,03913610784381E-06,0,5,89532581525384,203,004061363935,0,0,41,7827994233226,316,166544788216,204,115172475046,42,4555314873588,51,2126226873588,32,3562076748574,33,0195535389122,6,65842955089286E-17,2,37555530557804,0,0,49,4309853458721,46,0116978780041,197,590745401798,1,43230376132487,5,51310065825743,42,7515816679221,51,5086728679221,23,3763096761748,0,0277522251121548,0,0,0,928922263560238,6,83030070448953E-18,0,52,6262165332151,0,844447507890917,0,745549676588773,0,677604588347983,0,0607049404558576,0,0,0,0,0,0,0,0,0,0,0,0,0,0,0,0,0,0,0,0,0,0,0,0,0,0,0,0,0,0,0,0,0,0,0,0,0,0,0,0,0,0,22,1504925974961,24,5972112748188,0,0,0,0,0,0,0,0,0,0,0,0,0,0,0,0,0,0,0,0,0,0,0,0,0,0,0,0,0,0,0,0,0,0,32,6342596931408,30,0701062760551,0,0,0,0,0,0,0,0,0,0,45,2152477093631,45,3326824491261,0,0,0,0,23,861205280508,24,8337740710532,22,1504925974961,24,5972112748188,0,0,0,0,0,0,0,0,0,0,0,0,428,15,0,487193879686125,14,4497699679921,85,1861019167838,0,0,0,0,0,0,0,0,0,0,0,0,0,2,03303184094805E-08,0,0,0,0,2,78532094103396E-08,0,0,0,0,0,46670,3813872957,43626,9530616772,0,
160-170C*,0,0151926559520893,443,149994,135,970536393762,784,163440682297,0,404271456677609,326,759943855546,20,8222290331041,23,732866257979,7,19005453625276E-06,0,6,0059934737109,208,473492302741,0,0,42,4948528480753,322,981453432259,209,584603413852,41,7750869974628,50,5321781974628,27,8705695961437,28,6519776123947,6,65842955089286E-17,3,55844806326769,0,0,51,3072013707522,47,6151561296263,205,958148091467,1,43672580014268,5,27865426312549,42,1185009772395,50,8755921772395,22,2440745413728,0,0300365746708345,0,0,0,599691777132532,6,83030070448953E-18,0,49,7565122320884,0,918116743165227,0,807567449285914,0,731771546532079,0,0654802699893189,0,0,0,0,0,0,0,0,0,0,0,0,0,0,0,0,0,0,0,0,0,0,0,0,0,0,0,0,0,0,0,0,0,000133642032522582,0,000144911456120342,0,0,0,0,0,0,0,0,0,0,2,22858046847589E-05,2,42631432015899E-05,0,0,0,0,0,0,0,0,0,0,0,0,0,0,0,0,0,0,0,0,0,0,0,0,0,0,0,0,0,0,0,0,0,0,0,0,0,0,0,0,0,0,0,0,99,9998440721628,99,9998308254007,0,0,0,0,47,6151338438216,51,307177107609,2,22858046847589E-05,2,42631432015899E-05,0,0,0,0,0,0,0,0,0,0,0,0,438,15,0,519988136813252,14,216699592379,85,3854049695367,0,0,0,0,0,0,0,0,0,0,0,0,0,3,61899411658055E-08,0,0,0,0,4,95814177395763E-08,0,0,0,0,0,46566,1859937682,43548,8013749338,0,
170-180C*,0,0155915427615123,453,149994,141,94522973154,791,458029779164,0,474431610651454,327,974570361662,22,36846386828,25,3247579376098,1,03409729646617E-05,0,6,11552633690862,215,301508307185,0,0,43,2530989169421,329,786986146791,216,412619418296,41,1037382422589,49,8608294422589,26,0454734108192,26,7941879540789,6,65842955089286E-17,4,74134082095735,0,0,51,5860627209008,47,8810541083113,214,190397196074,1,44088771305226,5,04950611959061,41,4854202865569,50,2425114865569,21,2104654916568,0,0395066074738896,0,0,0,383559308039418,6,83030070448953E-18,0,47,1134986621186,0,998597008639254,0,875013202652781,0,790485150883941,0,0702555995227801,0,0,0,0,0,0,0,0,0,0,0,0,0,0,0,0,0,0,0,0,0,0,0,0,0,0,0,0,0,0,0,0,85,9340875626457,85,9689005608782,0,0,0,0,0,0,0,0,0,0,12,954390645232,13,0122376058778,0,0,0,0,0,0,0,0,0,0,0,0,0,0,0,0,0,0,0,0,0,0,0,0,0,0,0,0,0,0,0,0,0,0,6,69003159001949E-10,5,68886675982517E-10,0,0,0,0,0,0,0,0,0,0,1,11152179145334,1,01886183267518,0,0,34,9266634630794,38,573825115023,12,954390645232,13,0122376058778,0,0,0,0,0,0,0,0,0,0,0,0,448,15,0,555177087342548,13,9931761066891,85,5756370174579,0,0,0,0,0,0,0,0,0,0,0,0,0,5,20495639221306E-08,0,0,0,0,7,1309626068813E-08,0,0,0,0,0,46462,8153365452,43469,9600046747,0,
180-190C*,0,0160086580189892,463,149994,148,410459009144,798,309869796917,0,548993566570529,329,201594447081,21,0983046066024,23,9691895032436,1,34918913930707E-05,0,6,2225544617764,223,322909379603,0,0,44,062615826514,336,583641658298,224,434020490714,40,4412444686374,49,1983356686374,31,2193058626913,31,3239817997644,6,65842955089286E-17,5,924233578647,0,0,47,6823895307062,44,706828696992,222,211798268492,1,4447877951331,4,82569666684509,40,8523395958743,49,6094307958743,20,2688350651305,0,0670091434806766,0,0,0,242975333809528,6,83030070448953E-18,0,44,6863376920441,1,10799405903754,0,963609475723911,0,86554707260076,0,0750309290562414,0,0,0,0,0,0,0,0,0,0,0,0,0,0,0,0,0,0,0,0,0,0,0,0,0,0,0,0,0,0,0,0,0,0,0,0,0,0,0,0,0,0,0,0,0,0,0,0,0,0,0,0,0,0,0,0,0,0,0,0,0,0,0,0,0,0,0,0,0,0,0,0,0,0,0,0,0,0,0,0,44,4142018091566,42,5696317508724,0,0,0,0,0,0,0,0,0,0,55,5857892286515,57,4303583849274,8,96219187882045E-06,9,86420024443889E-06,44,706828696992,47,6823895307062,0,0,0,0,0,0,0,0,0,0,0,0,0,0,458,15,0,595809099124222,13,7812787208519,85,7547573934214,0,0,0,0,0,0,0,0,0,0,0,0,0,6,79091866784556E-08,0,0,0,0,9,30378343980497E-08,0,0,0,0,0,46361,4445896987,43391,6408040824,0,
190-200C*,0,0165641672894101,473,149994,155,178429423494,804,730998391042,0,627101572561768,330,440201790706,19,8281453449249,22,6294603799264,1,66428098214796E-05,0,6,32584897615551,231,057767972704,0,0,44,9269079104166,343,371868852483,232,168879083815,39,7873649234883,48,5444561234883,36,076157214724,35,5684777852013,6,65842955089286E-17,7,10712633633666,0,0,44,0956974403512,41,8020618348723,229,946656861592,1,44842563643523,4,60726345815307,40,2192589051917,48,9763501051917,19,4131417490557,0,0966041101576299,0,0,0,152398580138068,6,83030070448953E-18,0,42,4646947681917,1,23314860356222,1,06398894741743,0,949982310159955,0,0798062585897026,0,0,0,0,0,0,0,0,0,0,0,0,0,0,0,0,0,0,0,0,0,0,0,0,0,0,0,0,0,0,0,0,0,0,47,6373265283655,47,9204947770242,0,0,0,0,0,0,0,0,0,0,5,2930362809295,5,33354260710849,0,0,0,0,0,0,0,0,0,0,0,0,0,0,0,0,0,0,0,0,0,0,0,0,0,0,0,0,0,0,0,0,0,0,0,0,0,0,0,0,0,0,0,0,0,0,47,069637190705,46,7459626158673,36,5090255539428,38,7621548332427,5,2930362809295,5,33354260710849,0,0,0,0,0,0,0,0,0,0,0,0,468,15,0,640453274134203,13,5825628857099,85,921241524136,0,0,0,0,0,0,0,0,0,0,0,0,0,8,37688094347807E-08,0,0,0,0,1,14766042727286E-07,0,0,0,0,0,46262,9947117971,43314,8018723572,0,
200-210C*,0,0179480926854995,483,149994,162,26921929226,810,73345321703,0,707899876752103,331,68965012155,18,5579860832473,21,2931407744261,1,97937282498886E-05,0,6,42432172312523,238,43038963936,0,0,45,8482985203412,350,152073867354,239,541500750471,39,141858853702,47,898950053702,40,7533966395153,39,6853832793171,6,65842955089286E-17,8,29001909402631,0,0,40,6886172772374,39,0214759462568,237,319278528249,1,45180205844012,4,39424098978377,39,5861782145091,48,3432694145092,18,6378785761624,0,12829150750475,0,0,0,0946120787502722,6,83030070448953E-18,0,40,4387232503469,1,37660553371844,1,17789373322271,1,04508499383377,0,333966317792578,0,0,0,0,0,0,0,0,0,0,0,0,0,0,0,0,0,0,0,0,0,0,0,0,0,0,0,0,0,0,0,0,0,0,5,41137682064395E-14,6,26727691484959E-14,0,0,0,0,0,0,0,0,0,0,3,00632045591331E-15,3,48773406988323E-15,0,0,0,0,0,0,0,0,0,0,0,0,0,0,0,0,0,0,0,0,0,0,0,0,0,0,0,0,0,0,0,0,0,0,89,1082510822401,89,0878026470488,0,0,0,0,0,0,0,0,0,0,0,0,39,0214759462568,40,6886172772374,0,0,0,0,0,0,0,0,0,0,0,0,0,0,478,15,0,689549942751821,13,4000426351957,86,0861849920919,0,0,0,0,0,0,0,0,0,0,0,0,0,9,96284321911057E-08,0,0,0,0,1,36494251056523E-07,0,0,0,0,0,46168,1798651163,43240,1950391763,0,
210-220C*,0,0185049877874611,493,149994,169,701362181196,816,329271930367,0,790532727268466,332,949260864755,17,2878268215697,19,9570020430679,2,29446466782975E-05,0,6,51702556967964,245,365079932444,0,0,46,8282186794899,356,924625903101,246,476191043555,38,5044855061687,47,2615767061687,45,2510241370654,43,6778627986475,6,65842955089286E-17,9,47291185171597,0,0,37,4611490413648,36,3651351582846,244,253968821333,1,45491904587754,4,18666052635124,38,9530975238266,47,7101887238266,17,9380111458107,0,162071335522035,0,0,0,0581180077396885,6,83030070448953E-18,0,38,5990442015251,1,5413404705649,1,30733031316212,1,15232923899423,0,588126376995454,0,0,0,0,0,0,0,0,0,0,0,0,0,0,0,0,0,0,0,0,0,0,0,0,0,0,0,0,0,0,0,0,0,0,0,0,0,0,0,0,0,0,0,0,0,0,0,0,0,0,0,0,0,0,0,0,0,0,0,0,0,0,0,0,0,0,0,0,0,0,0,0,0,0,0,0,0,0,0,0,0,0,0,0,0,0,0,0,0,0,0,0,0,0,0,0,36,3651351582846,37,4611490413648,0,0,0,0,0,0,0,0,0,0,0,0,0,0,488,15,0,743584545699892,13,2299165598743,86,219704505429,0,0,0,0,0,0,0,0,0,0,0,0,0,1,15488054947431E-07,0,0,0,0,1,5822245938576E-07,0,0,0,0,0,46077,5455625967,43168,4040165407,0,
220-230C*,0,0189875120603759,503,149994,177,491377071658,821,530492186541,0,874144372237791,334,218411862701,16,0176675598922,18,6178278981683,2,60955651067065E-05,0,6,60315455831247,251,786144404829,0,0,47,8674202017494,363,689862026194,252,89725551594,37,8750041277787,46,6320953277787,49,5690397073742,47,5485156785204,6,65842955089286E-17,10,6558046094056,0,0,34,4132927327336,33,8336564233113,250,675033293718,1,45777967449,3,98454992288707,38,320016833144,47,077108033144,17,3089236213247,0,197943594209488,0,0,0,0353116644106493,6,83030070448953E-18,0,36,9367232725059,1,73083069874751,1,45460780172793,1,27339260512696,0,84228643619833,0,0,0,0,0,0,0,0,0,0,0,0,0,0,0,0,0,0,0,0,0,0,0,0,0,0,0,0,0,0,0,0,0,0,0,0,0,0,0,0,0,0,0,0,0,0,0,0,0,0,0,0,0,0,0,0,0,0,0,0,0,0,0,0,0,0,0,0,0,0,0,0,0,0,0,0,0,0,0,0,0,0,0,0,0,0,0,0,0,0,0,0,0,0,0,0,33,8336564233113,34,4132927327336,0,0,0,0,0,0,0,0,0,0,0,0,0,0,498,15,0,803091544295344,13,0749781414936,86,3361015148392,0,0,0,0,0,0,0,0,0,0,0,0,0,1,31347677703756E-07,0,0,0,0,1,79950667714997E-07,0,0,0,0,0,45991,4994592694,43099,875158605,0,
230-240C*,0,0193896762197362,513,150024,185,625743776077,826,306290410677,0,95787905978701,335,497387107876,15,5048588570938,18,1538596965224,2,92464835351154E-05,0,6,68084029932614,255,935216348513,0,0,48,9839185831352,370,448091176164,257,046327459624,37,2540311900294,46,0111223900294,52,8720463726367,50,3497926625604,6,65842955089286E-17,11,8386973670953,0,0,31,6230947702695,31,4963476409173,254,824105237402,1,46036342112007,3,78793344402562,37,6869361424614,46,4440273424614,16,7527229654659,0,238991220845875,0,0,0,021213230353765,6,83030070448953E-18,0,35,4601446448075,1,9490841678968,1,62234679535778,1,41015824854435,1,09644649540121,0,0,0,0,0,0,0,0,0,0,0,0,0,0,0,0,0,0,0,0,0,0,0,0,0,0,0,0,0,0,0,0,0,0,0,0,0,0,0,0,0,0,0,0,0,0,0,0,0,0,0,0,0,0,0,0,0,0,0,0,0,0,0,0,0,0,0,0,0,0,0,0,0,0,0,0,0,0,0,0,0,0,0,0,0,0,0,0,0,0,0,0,0,0,0,0,31,4963476409173,31,6230947702695,0,0,0,0,0,0,0,0,0,0,0,0,0,0,508,15,0,868654888702542,12,9375732822447,86,4338609595056,0,0,0,0,0,0,0,0,0,0,0,0,0,1,47207300460081E-07,0,0,0,0,2,01678876044233E-07,0,0,0,0,0,45911,0640758366,43035,5257625646,0,
240-250C*,0,0197057166765617,523,150024,194,103210013867,830,659606359358,1,04088103804306,336,785811618891,15,9402774704611,18,5796069704274,3,23974019635244E-05,0,6,74922002339827,259,504817103845,0,0,50,1809571026453,377,199597533784,260,615928214956,36,6415078977892,45,3985990977892,55,0357383879951,52,4847304807572,6,65842955089286E-17,12,3532317170397,0,0,29,0239841415438,28,9356625488154,258,393705992734,1,46267002711903,3,59683158073947,37,0538554517788,45,8109466517788,16,266627161611,0,285876053337458,0,0,0,0125952540633132,6,83030070448953E-18,0,34,1644082734529,2,20071388434901,1,81351505076427,1,56473390481538,1,35060655460408,0,0,0,0,0,0,0,0,0,0,0,0,0,0,0,0,0,0,0,0,0,0,0,0,0,0,0,0,0,0,0,0,0,0,0,0,0,0,0,0,0,0,0,0,0,0,0,0,0,0,0,0,0,0,0,0,0,0,0,0,0,0,0,0,0,0,0,0,0,0,0,0,0,0,0,0,0,0,0,0,0,0,0,0,0,0,0,0,0,0,0,0,0,0,0,0,28,9356625488154,29,0239841415438,0,0,0,0,0,0,0,0,0,0,0,0,0,0,518,15,0,940906544510284,12,8182445377811,86,5131526992077,0,0,0,0,0,0,0,0,0,0,0,0,0,1,63066923216406E-07,0,0,0,0,2,2340708437347E-07,0,0,0,0,0,45836,6288566605,42975,7541524933,0,
250-260C*,0,0199283183616418,533,150024,202,968776098924,834,666619710129,1,12229455513286,338,081914690028,16,3708933339161,18,5871143294499,0,000103223161916697,0,6,80970891206894,262,712247793172,0,0,51,4314518102407,383,944643372887,263,823358904283,36,0359106575073,44,7930018575073,57,0283332481933,55,4429138693873,4,314093187392E-09,16,4662181570276,0,0,26,6007734178906,25,9699718011628,261,601136682061,1,46474233405655,3,41126086512508,36,4207747610962,45,1778659610962,15,8374992037197,0,333975658481356,0,0,0,00738824050957575,4,4254510034015E-10,0,33,0164407413033,2,49121522995814,2,03159709792276,1,73956703766847,1,60476661380696,0,0,0,0,0,0,0,0,0,0,0,0,0,0,0,0,0,0,0,0,0,0,0,0,0,0,0,0,0,0,0,0,0,0,0,0,0,0,0,0,0,0,0,0,0,0,0,0,0,0,0,0,0,0,0,0,0,0,0,0,0,0,0,0,0,0,0,0,0,0,0,0,0,0,0,0,0,0,0,0,0,0,0,0,0,0,0,0,0,0,0,0,0,0,0,0,25,9699718011628,26,6007734178906,0,0,0,0,0,0,0,0,0,0,0,0,0,0,528,15,1,02054984236753,12,7138450467706,86,5775839216572,0,0,0,0,0,0,0,0,0,0,0,0,0,5,19556581647377E-07,0,0,0,0,7,11809720717226E-07,0,0,0,0,0,45767,2300955182,42919,8525566755,0,
260-270C*,0,0200305465655359,543,150024,212,235137687848,838,352491093227,1,19668126245337,339,385000281544,16,7999110098512,18,8862664621586,0,00021552705054634,0,6,86247651701371,265,626048309067,0,0,52,7294727623825,377,071287725423,266,737159420178,35,4367362565788,44,1938274565788,58,8556040069715,57,4599121535902,1,12174407246225E-08,21,2970710349641,0,0,24,3444849831773,23,6538213842513,264,514937197956,1,46659466860394,3,2312336838066,35,7876940704136,44,5447852704136,15,4601751177894,0,382345377288864,0,0,0,00427979722025108,1,15069916559656E-09,0,32,0038899768322,2,82696904704786,2,28057879776593,1,9374277769157,1,85892667300983,0,0,0,0,0,0,0,0,0,0,0,0,0,0,0,0,0,0,0,0,0,0,0,0,0,0,0,0,0,0,0,0,0,0,0,0,0,0,0,0,0,0,0,0,0,0,0,0,0,0,0,0,0,0,0,0,0,0,0,0,0,0,0,0,0,0,0,0,0,0,0,0,0,0,0,0,0,0,0,0,0,0,0,0,0,0,0,0,0,0,0,0,0,0,0,0,23,6538213842513,24,3444849831773,0,0,0,0,0,0,0,0,0,0,0,0,0,0,538,15,1,10835858274568,12,623523640522,86,6286345450499,0,0,0,0,0,0,0,0,0,0,0,0,0,1,08481948774991E-06,0,0,0,0,1,48623861939247E-06,0,0,0,0,0,45702,6856693259,42867,7231929207,0,
270-280C*,0,0200568017249723,553,150024,221,911790747627,841,74238113889,1,25972803639362,340,694410108605,17,2273304982663,19,1902855734064,0,000327830939175983,0,6,90782468753005,268,314758544105,0,0,54,0689187392538,381,92947140677,269,425869655216,34,8434814823989,43,600572682399,60,5265282804623,59,2855120006118,1,8120788261853E-08,26,1279239129006,0,0,22,2461412212714,21,5242024259818,267,203647432994,1,46824193293759,3,05675809059807,35,154613379731,43,911704579731,15,1297710364836,0,430040550771273,0,0,0,00244713928527653,1,85885323085296E-09,0,31,1148173439683,3,21543425970892,2,56505200185822,2,16147407447375,2,11308673221271,0,0,0,0,0,0,0,0,0,0,0,0,0,0,0,0,0,0,0,0,0,0,0,0,0,0,0,0,0,0,0,0,0,0,0,0,0,0,0,0,0,0,0,0,0,0,0,0,0,0,0,0,0,0,0,0,0,0,0,0,0,0,0,0,0,0,0,0,0,0,0,0,0,0,0,0,0,0,0,0,0,0,0,0,0,0,0,0,0,0,0,0,0,0,0,0,21,5242024259818,22,2461412212714,0,0,0,0,0,0,0,0,0,0,0,0,0,0,548,15,1,20518716643477,12,5463340918638,86,6678763777766,0,0,0,0,0,0,0,0,0,0,0,0,0,1,65008239385245E-06,0,0,0,0,2,26066751806771E-06,0,0,0,0,0,45642,7566123232,42819,2116149161,0,
280-290C*,0,0199842901531063,563,150024,232,003860156643,844,861450477355,1,3197524672301,342,009518426476,17,6531517991614,19,499529318946,0,000440134827805625,0,6,94616833381485,270,846918390859,0,0,55,4435146949469,386,57928779754,271,95802950197,34,2556431223631,43,0127343223631,62,0500836847982,60,9341338530123,2,50241357990836E-08,30,9587767908371,0,0,20,2967645160404,19,5663368280417,269,735807279748,1,46969946091922,2,88783761914226,34,5215326890484,43,2786238890484,14,8416445100185,0,476116519939879,0,0,0,00138052215698748,2,56700729610937E-09,0,30,3376544483233,3,66534226468573,2,89031605729574,2,41531343002747,2,31489091198052,0,0,0,0,0,0,0,0,0,0,0,0,0,0,0,0,0,0,0,0,0,0,0,0,0,0,0,0,0,0,0,0,0,0,0,0,0,0,0,0,0,0,0,0,0,0,0,0,0,0,0,0,0,0,0,0,0,0,0,0,0,0,0,0,0,0,0,0,0,0,0,0,0,0,0,0,0,0,0,0,0,0,0,0,0,0,0,0,0,0,0,0,0,0,0,0,19,5663368280417,20,2967645160404,0,0,0,0,0,0,0,0,0,0,0,0,0,0,558,15,1,31198153435109,12,4812619808837,86,6969467376618,0,0,0,0,0,0,0,0,0,0,0,0,0,2,21534529995498E-06,0,0,0,0,3,03509641674296E-06,0,0,0,0,0,45587,1581422,42774,1176846725,0,
290-300C*,0,0198149513463882,573,150024,242,510902989084,847,73485973886,1,37680453592004,343,329727499034,18,0773749125365,19,8143777109109,0,000552438716435268,0,6,97801638273695,272,773666302977,0,0,56,8468072973543,391,021760414127,273,884777414088,33,6727179638664,42,4298091638664,63,4352478361116,62,4192456859215,3,19274833363141E-08,35,7896296687736,0,0,18,4873772513518,17,7663766031677,271,662555191865,1,4709828845991,2,724471096327,33,8884519983658,42,6455431983658,14,5913608867483,0,519628625805973,0,0,0,000768003459251162,3,27516136136578E-09,0,29,6611636579415,4,18693543319177,3,26250207518201,2,70307840806811,2,94734853351226,0,0,0,0,0,0,0,0,0,0,0,0,0,0,0,0,0,0,0,0,0,0,0,0,0,0,0,0,0,0,0,0,0,0,0,0,0,0,0,0,0,0,0,0,0,0,0,0,0,0,0,0,0,0,0,0,0,0,0,0,0,0,0,0,0,0,0,0,0,0,0,0,0,0,0,0,0,0,0,0,0,0,0,0,0,0,0,0,0,0,0,0,0,0,0,0,17,7663766031677,18,4873772513518,0,0,0,0,0,0,0,0,0,0,0,0,0,0,568,15,1,42979249271348,12,4272461745568,86,7175273983626,0,0,0,0,0,0,0,0,0,0,0,0,0,2,78060820605752E-06,0,0,0,0,3,8095253154182E-06,0,0,0,0,0,45535,5684852782,42732,2043548412,0,
300-310C*,0,01955215779073,583,150024,253,428887079133,850,382369320914,1,43093422342069,344,654565514444,18,4999998383917,20,1352350046417,0,000664742605064911,0,7,00379031978741,275,755319357881,0,0,58,2743443619166,395,258380814762,276,866430468992,33,0943107989588,41,8514019989588,64,6909983505352,63,753491228394,3,88308308735446E-08,40,6204825467101,0,0,16,809001811073,16,1112737669643,274,64420824677,1,47210495576824,2,5666524573687,33,2553713076832,42,0124625076832,14,375419757283,0,558587615777097,0,0,0,000421107916783318,3,98331542662218E-09,0,29,0764500404044,4,79217808285733,3,68867322935184,3,02948290420749,3,61339377173621,0,0,0,0,0,0,0,0,0,0,0,0,0,0,0,0,0,0,0,0,0,0,0,0,0,0,0,0,0,0,0,0,0,0,0,0,0,0,0,0,0,0,0,0,0,0,0,0,0,0,0,0,0,0,0,0,0,0,0,0,0,0,0,0,0,0,0,0,0,0,0,0,0,0,0,0,0,0,0,0,0,0,0,0,0,0,0,0,0,0,0,0,0,0,0,0,16,1112737669643,16,809001811073,0,0,0,0,0,0,0,0,0,0,0,0,0,0,578,15,1,55978340990506,12,3846847075336,86,7397348682432,0,0,0,0,0,0,0,0,0,0,0,0,0,3,34587111216005E-06,0,0,0,0,4,58395421409345E-06,0,0,0,0,0,45364,016127309,42577,1677323845,0,
310-320C*,0,0191929410823108,593,150024,264,819814183906,852,704859782139,1,48219151068931,345,98580853815,18,921026576727,20,4625316923567,0,000777046493694553,0,7,02038200352083,279,208366017664,0,0,59,7695083025424,399,291076094282,280,319477128775,32,5224040164677,41,2794952164677,65,8263128442015,64,9488006269115,4,57341784107751E-08,45,4513354246466,0,0,15,2526605790716,14,5886676807318,278,097254906553,1,47301163831365,2,41437056354536,32,6222906170006,41,3793818170006,14,2069978918748,0,570206739903835,0,0,0,000227456403777024,4,69146949187859E-09,0,28,6197332500139,5,49258154045219,4,17543655299286,3,3988536001794,4,30219265263685,0,0,0,0,0,0,0,0,0,0,0,0,0,0,0,0,0,0,0,0,0,0,0,0,0,0,0,0,0,0,0,0,0,0,0,0,0,0,0,0,0,0,0,0,0,0,0,0,0,0,0,0,0,0,0,0,0,0,0,0,0,0,0,0,0,0,0,0,0,0,0,0,0,0,0,0,0,0,0,0,0,0,0,0,0,0,0,0,0,0,0,0,0,0,0,0,14,5886676807318,15,2526605790716,0,0,0,0,0,0,0,0,0,0,0,0,0,0,588,15,1,70299929534929,12,3577527387856,86,7561449313304,0,0,0,0,0,0,0,0,0,0,0,0,0,3,91113401826259E-06,0,0,0,0,5,35838311276869E-06,0,0,0,0,0,45321,9397563557,42542,8896083619,0,
320-330C*,0,0187541377798598,603,150024,276,577030444769,854,870522047179,1,53062637868314,347,320215091674,19,3391741217524,20,7967385032185,0,000889350382324196,0,7,03281034937732,282,671780350295,0,0,61,2674225062575,403,122175907082,283,782891461406,31,9536337979004,40,7107249979004,66,844080244026,66,0085558005883,5,26375259480057E-08,50,2821883025831,0,0,13,8167456342216,13,1947056961932,281,560669239184,1,47380009379868,2,26760902366051,31,989209926318,40,746301126318,14,0620465048534,0,581825864030573,0,0,0,000120956611860094,5,399623557135E-09,0,28,2261899532953,6,30638070458372,4,73340222321616,3,81819464255537,5,00291120219872,0,0,0,0,0,0,0,0,0,0,0,0,0,0,0,0,0,0,0,0,0,0,0,0,0,0,0,0,0,0,0,0,0,0,0,0,0,0,0,0,0,0,0,0,0,0,0,0,0,0,0,0,0,0,0,0,0,0,0,0,0,0,0,0,0,0,0,0,0,0,0,0,0,0,0,0,0,0,0,0,0,0,0,0,0,0,0,0,0,0,0,0,0,0,0,0,13,1947056961932,13,8167456342216,0,0,0,0,0,0,0,0,0,0,0,0,0,0,598,15,1,86107370953463,12,3355924913283,86,7538825387148,0,0,0,0,0,0,0,0,0,0,0,0,0,4,47639692436512E-06,0,0,0,0,6,13281201144394E-06,0,0,0,0,0,45282,3774006032,42510,6068634745,0,
330-340C*,0,0182449486790212,613,150024,288,649323478502,856,918858293611,1,57628880835942,348,657005229532,19,6831340094719,21,1342650702522,0,00100165427095384,0,7,04223127970156,286,115633018684,0,0,62,7551395459528,406,754379347841,287,226744129795,31,3872100997052,40,1443012997052,67,473291775982,66,5707901584031,5,95408734852362E-08,55,1130411805196,0,0,12,8435742145461,12,2949447713447,285,004521907572,1,47449396866403,2,12634602042223,31,3561292356354,40,1132204356354,13,9347791188716,0,593444988157311,0,0,6,32888462072036E-05,6,1077776223914E-09,0,27,8802984501306,7,25386296985131,5,37414194409972,4,29503917107268,5,7047154464063,0,0,0,0,0,0,0,0,0,0,0,0,0,0,0,0,0,0,0,0,0,0,0,0,0,0,0,0,0,0,0,0,0,0,0,0,0,0,0,0,0,0,0,0,0,0,0,0,0,0,0,0,0,0,0,0,0,0,0,0,0,0,0,0,0,0,0,0,0,0,0,0,0,0,0,0,0,0,0,0,0,0,0,0,0,0,0,0,0,0,0,0,0,0,0,0,12,2949447713447,12,8435742145461,0,0,0,0,0,0,0,0,0,0,0,0,0,0,608,15,2,03571293410838,12,3197370367192,86,7584375176819,0,0,0,0,0,0,0,0,0,0,0,0,0,5,04165983046766E-06,0,0,0,0,6,90724091011918E-06,0,0,0,0,0,45244,7012751296,42479,8212071471,0,
340-350C*,0,0175792687615224,623,150024,300,967446962414,858,889370699011,1,6192287806754,349,995415919859,20,0254127018726,21,6661965137008,0,00111395815958348,0,7,04980087319613,289,509994685738,0,00709002322571216,0,64,2195139077122,410,190721987614,290,621105796849,30,8223428783306,39,5794340783306,69,0371626013863,67,7435590831193,6,64442210224667E-08,57,163158055024,0,0,10,937424696741,10,5902444031799,288,398883574627,1,46597915310873,1,990554143029,30,7230485449528,39,4801397449528,13,8195347400698,0,605064112284049,0,0,3,25624266988254E-05,6,81593168764781E-09,0,27,5667928123774,8,35998342857446,6,11172613121869,4,83846931969102,6,3967714112441,0,0,0,0,0,0,0,0,0,0,0,0,0,0,0,0,0,0,0,0,0,0,0,0,0,0,0,0,0,0,0,0,0,0,0,0,0,0,0,0,0,0,0,0,0,0,0,0,0,0,0,0,0,0,0,0,0,0,0,0,0,0,0,0,0,0,0,0,0,0,0,0,0,0,0,0,0,0,0,0,0,0,0,0,0,0,0,0,0,0,0,0,0,0,0,0,10,5902444031799,10,937424696741,0,0,0,0,0,0,0,0,0,0,0,0,0,0,618,15,2,22891312784045,12,306992915589,86,7618494027377,0,0,0514216741135211,0,0,0,0,0,0,0,0,0,0,0,5,60692273657019E-06,0,0,0,0,7,68166980879443E-06,0,0,00709002322571216,0,0,0,45208,2848877479,42450,0345811102,0,
350-360C*,0,0161840819040185,633,150024,313,440846759957,860,821561440955,1,65949627658832,351,334699055669,20,3696882919272,22,0798197024487,0,00122626204821312,0,7,05666345250613,292,824936014366,0,00922559432147053,0,65,6472163407726,413,434543330691,293,936047125477,30,2582420902252,39,0153332902252,69,9857088502671,68,5303278472655,7,33475685596973E-08,64,7133811101414,0,0,9,64460285780564,9,3898524502858,291,713824903255,1,46692275153368,1,86020022736592,30,0899678542702,38,8470590542702,13,7107631034334,0,634134139234948,0,0,1,64630325732032E-05,7,52408575290422E-09,0,27,2706419194951,9,65588500140075,6,96350536741539,5,45958568888691,6,97852923197235,0,0,0,0,0,0,0,0,0,0,0,0,0,0,0,0,0,0,0,0,0,0,0,0,0,0,0,0,0,0,0,0,0,0,0,0,0,0,0,0,0,0,0,0,0,0,0,0,0,0,0,0,0,0,0,0,0,0,0,0,0,0,0,0,0,0,0,0,0,0,0,0,0,0,0,0,0,0,0,0,0,0,0,0,0,0,0,0,0,0,0,0,0,0,0,0,9,3898524502858,9,64460285780564,0,0,0,0,0,0,0,0,0,0,0,0,0,0,628,15,2,44303883674189,12,2955380574666,86,7654740390225,0,0,0552828400010045,0,0,0,0,0,0,0,0,0,0,0,6,17218564267273E-06,0,0,0,0,8,45609870746967E-06,0,0,00922559432147053,0,0,0,45164,5993770372,42413,3271591922,0,
360-370C*,0,0156806380151992,643,150024,325,954828994084,862,75493269702,1,68684767762397,352,674120206715,20,7196388726082,22,4829690837174,0,00254885173546796,0,7,06394448448295,296,030527667477,0,0101153014069887,0,67,0247627839002,416,489454925612,297,141638778588,29,6941176918374,38,4512088918374,70,8368328031095,69,2592228226365,1,62657966039562E-06,76,8593215382817,0,0,8,44352832428226,8,25780809364615,294,919416556366,1,46792220281378,1,73524520532905,29,4568871635876,38,2139783635876,13,6030154127628,0,640652148914106,0,0,8,17339486242815E-06,1,66856585556555E-07,0,26,9770362824767,11,1810266047045,7,95118744010885,6,17214653620712,7,51340573836146,0,0,0,0,0,0,0,0,0,0,0,0,0,0,0,0,0,0,0,0,0,0,0,0,0,0,0,0,0,0,0,0,0,0,0,0,0,0,0,0,0,0,0,0,0,0,0,0,0,0,0,0,0,0,0,0,0,0,0,0,0,0,0,0,0,0,0,0,0,0,0,0,0,0,0,0,0,0,0,0,0,0,0,0,0,0,0,0,0,0,0,0,0,0,0,0,8,25780809364615,8,44352832428226,0,0,0,0,0,0,0,0,0,0,0,0,0,0,638,15,2,68092549058967,12,2835936177532,86,7706233857577,0,0,0567548962659925,0,0,0,0,0,0,0,0,0,0,0,1,28292204018554E-05,0,0,0,0,1,75764567591645E-05,0,0,0101153014069887,0,0,0,45131,144398799,42386,2206668817,0,
370-380C*,0,0152349457010396,653,150024,338,367532645121,864,728986644782,1,71359218521572,354,012958075043,21,0789425368882,22,8778981835688,0,00389614113289882,0,7,07274813890715,299,096840307979,0,0128593547695585,0,68,3385575223003,419,359309332442,300,20795141909,29,1291796396155,37,8862708396155,71,588997596951,69,9259223817593,3,21136948170701E-06,89,0919312773944,0,0,7,33205986616081,7,19617943467186,297,985729196868,1,4689956824135,1,61564396491305,28,823806472905,37,5808976729051,13,4909403013996,0,645435866675828,0,0,3,98175321496617E-06,3,29426316905887E-07,0,26,6713824766658,12,9861875371742,9,10233176695933,6,99344287450125,8,01456199220918,0,0,0,0,0,0,0,0,0,0,0,0,0,0,0,0,0,0,0,0,0,0,0,0,0,0,0,0,0,0,0,0,0,0,0,0,0,0,0,0,0,0,0,0,0,0,0,0,0,0,0,0,0,0,0,0,0,0,0,0,0,0,0,0,0,0,0,0,0,0,0,0,0,0,0,0,0,0,0,0,0,0,0,0,0,0,0,0,0,0,0,0,0,0,0,0,7,19617943467186,7,33205986616081,0,0,0,0,0,0,0,0,0,0,0,0,0,0,648,15,2,94601337184338,12,2694264473203,86,778563070743,0,0,0609512036167222,0,0,0,0,0,0,0,0,0,0,0,1,96105770355907E-05,0,0,0,0,2,68671398956148E-05,0,0,0128593547695585,0,0,0,45097,8608440422,42359,357997807,0,
380-390C*,0,0148612951788342,663,150024,350,392870251466,866,98370802018,1,76685256196366,355,34686615025,21,4512773777395,23,2668810621776,0,00524343053032968,0,7,09003006275879,301,51701306278,0,016552052371965,0,69,4944005253867,422,048170118079,302,628124173891,28,558628238841,37,315719438841,72,2406663688292,70,5263922920552,4,7961593030184E-06,101,324541016507,0,0,6,30805625343124,6,20672664576716,300,405901951669,1,47026185691139,1,50134522281533,28,1907257822225,36,9478169822225,13,3422906642484,0,650130479449078,0,0,1,90189923734545E-06,4,91996048255219E-07,0,26,2655787189629,15,164322001216,10,4675103216873,7,95524015006122,8,48199799351552,0,0,0,0,0,0,0,0,0,0,0,0,0,0,0,0,0,0,0,0,0,0,0,0,0,0,0,0,0,0,0,0,0,0,0,0,0,0,0,0,0,0,0,0,0,0,0,0,0,0,0,0,0,0,0,0,0,0,0,0,0,0,0,0,0,0,0,0,0,0,0,0,0,0,0,0,0,0,0,0,0,0,0,0,0,0,0,0,0,0,0,0,0,0,0,0,6,20672664576716,6,30805625343124,0,0,0,0,0,0,0,0,0,0,0,0,0,0,658,15,3,24451989608376,12,2420976880135,86,7968406392454,0,0,0660344635329273,0,0,0,0,0,0,0,0,0,0,0,2,6391933669326E-05,0,0,0,0,3,6157823032065E-05,0,0,016552052371965,0,0,0,45060,2288547851,42329,027117592,0,
390-400C*,0,0145445246481585,673,150024,362,42837456626,869,826318110989,1,79742499114724,356,670382582692,21,840321488135,23,6521964026564,0,00659071992776053,0,7,12471235548632,303,567033965158,0,0216921213300055,0,70,3722269002825,424,56028302246,304,678145076269,27,9763190637583,36,7334102637583,72,7903022557816,71,0569412955026,6,3809491243298E-06,113,55715075562,0,0,5,36937625608347,5,29086230184102,301,680462975012,1,47187763937612,1,39229141142832,27,5576450915399,36,3147362915399,13,116544606021,0,656776008528863,0,0,8,89990331363295E-07,6,54565779604551E-07,0,25,6484277985392,17,87256051907,12,1308924457189,9,10978705872864,8,91571374228046,0,0,0,0,0,0,0,0,0,0,0,0,0,0,0,0,0,0,0,0,0,0,0,0,0,0,0,0,0,0,0,0,0,0,0,0,0,0,0,0,0,0,0,0,0,0,0,0,0,0,0,0,0,0,0,0,0,0,0,0,0,0,0,0,0,0,0,0,0,0,0,0,0,0,0,0,0,0,0,0,0,0,0,0,0,0,0,0,0,0,0,0,0,0,0,0,5,29086230184102,5,36937625608347,0,0,0,0,0,0,0,0,0,0,0,0,0,0,668,15,3,58625059526174,12,1884177194978,86,8389703199345,0,0,0724365402317407,0,0,0,0,0,0,0,0,0,0,0,3,31732903030613E-05,0,0,0,0,4,54485061685153E-05,0,0,0216921213300055,0,0,0,45012,5141790421,42290,5198722516,0,
400-410C*,0,0141224238314447,683,150024,378,533814030487,872,813228228907,1,82538450456848,357,991650128112,22,2497529610469,24,036110031435,0,00793800932519139,0,7,16378677750653,306,189671239368,0,0268321902880459,0,71,1535420645494,426,900048411183,307,300782350479,27,3911238881334,36,1482150881334,73,2363683948456,71,514273368367,7,96573894564119E-06,125,789760494732,0,0,4,51387864410746,4,44961660019801,302,955023998355,1,47362531053797,1,28841858220791,26,9245644008573,35,6816556008573,12,8741138767862,0,663008211285914,0,0,4,07653247615336E-07,8,17135510953882E-07,0,24,98448345088,21,2006281237081,14,1352146202675,10,4812299739514,9,31570923850402,0,0,0,0,0,0,0,0,0,0,0,0,0,0,0,0,0,0,0,0,0,0,0,0,0,0,0,0,0,0,0,0,0,0,0,0,0,0,0,0,0,0,0,0,0,0,0,0,0,0,0,0,0,0,0,0,0,0,0,0,0,0,0,0,0,0,0,0,0,0,0,0,0,0,0,0,0,0,0,0,0,0,0,0,0,0,0,0,0,0,0,0,0,0,0,0,4,44961660019801,4,51387864410746,0,0,0,0,0,0,0,0,0,0,0,0,0,0,678,15,3,97459309747299,12,1285884831925,86,8866218057122,0,0,0783317377558412,0,0,0,0,0,0,0,0,0,0,0,3,99546469367967E-05,0,0,0,0,5,47391893049656E-05,0,0,0268321902880459,0,0,0,44962,7896648262,42250,4293938826,0,
410-420C*,0,0142221677887672,693,150024,394,472379417103,875,936929917522,1,85073110222738,359,310851774576,22,683249889448,24,4208562863943,0,00928529872262224,0,7,20703880607453,308,678767313287,0,0319722592460863,0,71,8441027726687,429,07199510456,310,653035432199,26,8031928810945,35,5602840810945,73,5773279230588,71,895535251332,9,55052876695258E-06,138,022370233845,0,0,3,73942218749314,3,68360846227366,304,229585021698,1,47550279614909,1,18965632751904,26,2914837101747,35,0485749101747,12,6163560794966,0,669020803167069,0,0,1,82602213192908E-07,9,79705242303214E-07,0,24,277222059669,25,3280047790557,16,5698901172621,12,1221599574448,9,68198448218618,0,0,0,0,0,0,0,0,0,0,0,0,0,0,0,0,0,0,0,0,0,0,0,0,0,0,0,0,0,0,0,0,0,0,0,0,0,0,0,0,0,0,0,0,0,0,0,0,0,0,0,0,0,0,0,0,0,0,0,0,0,0,0,0,0,0,0,0,0,0,0,0,0,0,0,0,0,0,0,0,0,0,0,0,0,0,0,0,0,0,0,0,0,0,0,0,3,68360846227366,3,73942218749314,0,0,0,0,0,0,0,0,0,0,0,0,0,0,688,15,4,41796793487915,12,0630950040767,86,9391938157443,0,0,0838800526048032,0,0,0,0,0,0,0,0,0,0,0,4,6736003570532E-05,0,0,0,0,6,40298724414159E-05,0,0,0319722592460863,0,0,0,44911,1003768505,42208,7799785748,0,
420-430C*,0,0146715274206702,703,150024,410,225568106852,879,189914720424,1,87346478412395,360,628168029939,23,1444903663108,24,8086186980832,0,0106325881200531,0,7,25426359225692,311,036549362317,0,0371123282041267,0,72,4495739305753,431,080755649549,313,919857035584,26,2126762117699,34,9697674117699,73,8116439774588,72,1983579226982,1,1135318588264E-05,138,318456638349,0,0,3,04386565623046,2,99302337921863,305,504146045041,1,47750812231629,1,09592772316663,25,6584030194921,34,4154942194921,12,344610416243,0,675007499619162,0,0,7,99114963384254E-08,1,14227497365255E-06,0,23,5300829166555,30,4965307623809,19,5525735155137,14,1005666482062,10,014539473327,0,0,0,0,0,0,0,0,0,0,0,0,0,0,0,0,0,0,0,0,0,0,0,0,0,0,0,0,0,0,0,0,0,0,0,0,0,0,0,0,0,0,0,0,0,0,0,0,0,0,0,0,0,0,0,0,0,0,0,0,0,0,0,0,0,0,0,0,0,0,0,0,0,0,0,0,0,0,0,0,0,0,0,0,0,0,0,0,0,0,0,0,0,0,0,0,2,99302337921863,3,04386565623046,0,0,0,0,0,0,0,0,0,0,0,0,0,0,698,15,4,92664594035213,11,9924091786882,86,9960972884052,0,0,0891728556759897,0,0,0,0,0,0,0,0,0,0,0,5,35173602042673E-05,0,0,0,0,7,33205555778662E-05,0,0,0371123282041267,0,0,0,44857,4925311319,42165,5971944383,0,
430-440C*,0,0144992328676301,713,150024,425,780779358919,882,5646741812,1,89358555025818,361,943776525461,23,6371524846078,25,2015104828289,0,011979877517484,0,7,30526301276175,313,265349391554,0,0422523971621671,0,72,9755144756165,432,931043079548,316,902264451648,25,6197240492878,34,3768152492879,73,9377796950829,72,4208908280917,1,27201084095754E-05,152,425690786373,0,0,2,42506782030935,2,37759868907934,308,878978210823,1,47963937973639,1,00714929391811,25,0253223288095,33,7824135288095,12,0601947474097,0,68116201608903,0,0,3,41314212017786E-08,1,30484470500188E-06,0,22,7464637025632,37,0355632402887,23,239519661741,16,5050720858393,10,3133742119264,0,0,0,0,0,0,0,0,0,0,0,0,0,0,0,0,0,0,0,0,0,0,0,0,0,0,0,0,0,0,0,0,0,0,0,0,0,0,0,0,0,0,0,0,0,0,0,0,0,0,0,0,0,0,0,0,0,0,0,0,0,0,0,0,0,0,0,0,0,0,0,0,0,0,0,0,0,0,0,0,0,0,0,0,0,0,0,0,0,0,0,0,0,0,0,0,2,37759868907934,2,42506782030935,0,0,0,0,0,0,0,0,0,0,0,0,0,0,708,15,5,51321545026398,11,9169910843682,87,0567541920463,0,0,0942680280616964,0,0,0,0,0,0,0,0,0,0,0,6,02987168380026E-05,0,0,0,0,8,26112387143164E-05,0,0,0422523971621671,0,0,0,44802,0133905995,42120,9077839951,0,
440-450C*,0,0143185391036197,723,150024,441,131650521821,886,053699843439,1,91109340063007,363,25785166459,24,1649143373115,25,6015553617545,0,0133271669149148,0,7,35984294951511,315,367593614615,0,0423196285366142,0,73,4273654487769,434,62762918757,319,629504486672,25,0244865627765,33,7815777627765,73,9541982129688,72,5618278750748,1,43048982308868E-05,167,553071775631,0,0,1,88088744971975,1,83661676317061,310,009249679448,1,48189468989734,0,923231004410816,24,3922416381269,33,1493328381269,11,7644029859944,0,687678068023508,0,0,1,4212435536791E-08,1,46741443635121E-06,0,21,9297163376417,45,3987114131645,27,8402781665375,19,4521940601394,10,4297394316895,0,0,0,0,0,0,0,0,0,0,0,0,0,0,0,0,0,0,0,0,0,0,0,0,0,0,0,0,0,0,0,0,0,0,0,0,0,0,0,0,0,0,0,0,0,0,0,0,0,0,0,0,0,0,0,0,0,0,0,0,0,0,0,0,0,0,0,0,0,0,0,0,0,0,0,0,0,0,0,0,0,0,0,0,0,0,0,0,0,0,0,0,0,0,0,0,1,83661676317061,1,88088744971975,0,0,0,0,0,0,0,0,0,0,0,0,0,0,718,15,6,19318362128718,11,8372901513587,87,1205964618422,0,0,094333552286695,0,0,0,0,0,0,0,0,0,0,0,6,70800734717379E-05,0,0,0,0,9,19019218507667E-05,0,0,0423196285366142,0,0,0,44744,711135391,42074,7395384614,0,
450-460C*,0,0141271706663298,733,150024,456,278379549212,889,64948325073,1,92132558115554,364,570564315912,24,7879799470618,26,1666787708549,0,0146744563123457,0,7,41781077420378,317,345792376311,0,047992796250346,0,73,8104400603698,436,175324321093,322,148320570088,24,4271139213641,33,1842051213642,73,6639821134357,72,3239591500092,1,58896880521982E-05,183,741262889442,0,0,1,54803793950251,1,50936207913599,311,009022144258,1,48427217307815,0,8440762779087,23,7591609474443,32,5162521474443,11,4585028195842,0,694749370869434,0,0,5,76302027866878E-09,1,62998416770054E-06,0,21,0831432007181,56,2181459876761,33,6387631152311,23,0965227582221,10,4563635437043,0,0,0,0,0,0,0,0,0,0,0,0,0,0,0,0,0,0,0,0,0,0,0,0,0,0,0,0,0,0,0,0,0,0,0,0,0,0,0,0,0,0,0,0,0,0,0,0,0,0,0,0,0,0,0,0,0,0,0,0,0,0,0,0,0,0,0,0,0,0,0,0,0,0,0,0,0,0,0,0,0,0,0,0,0,0,0,0,0,0,0,0,0,0,0,0,1,50936207913599,1,54803793950251,0,0,0,0,0,0,0,0,0,0,0,0,0,0,728,15,6,98575480527419,11,7537461835717,87,1870650777551,0,0,0997725895150528,0,0,0,0,0,0,0,0,0,0,0,7,38614301054732E-05,0,0,0,0,0,000101192604987217,0,0,047992796250346,0,0,0,44685,6347114519,42027,1211478344,0,
460-480C*,0,0276223669817946,753,150024,478,631754622185,895,226904385237,1,89347550397847,366,537442998395,25,8840957422482,27,272122509007,0,0230430884639119,0,7,48362697348139,321,127969590221,0,0571890589969974,0,74,2673827511241,438,019598392475,325,572933382266,23,5273800387742,32,2844712387742,72,8020795020504,71,4455240237451,0,000106003772232112,215,386117755446,0,0,1,31382475570137,1,28235346724789,312,300640734765,1,48806327557749,0,699638827753997,22,8095399114204,31,5666311114204,10,9834026015166,0,706821173137239,0,0,8,70669017649523E-10,1,0874000162072E-05,0,19,7644530478108,79,1044648688044,45,4721081536408,30,3424738448771,10,4962997117266,0,0,0,0,0,0,0,0,0,0,0,0,0,0,0,0,0,0,0,0,0,0,0,0,0,0,0,0,0,0,0,0,0,0,0,0,0,0,0,0,0,0,0,0,0,0,0,0,0,0,0,0,0,0,0,0,0,0,0,0,0,0,0,0,0,0,0,0,0,0,0,0,0,0,0,0,0,0,0,0,0,0,0,0,0,0,0,0,0,0,0,0,0,0,0,0,1,28235346724789,1,31382475570137,0,0,0,0,0,0,0,0,0,0,0,0,0,0,743,15,8,43966309595448,11,621262382463,86,969192631305,0,0,108271698825218,0,0,0,0,0,0,0,0,0,0,0,0,000115983545268356,0,0,0,0,0,000158901297532392,0,0,0571890589969974,0,0,0,44593,8020015231,41953,0390472601,0,
480-500C*,0,0266860083198691,773,150024,507,78951906151,902,974873418595,1,84937593724321,369,156573246597,27,4509435886367,28,8737377945256,0,0408512340573924,0,7,6163820354074,324,26714035232,0,125088236695101,0,74,6800985605684,440,323947877575,329,527280641048,22,3215067115739,31,0785979115739,71,5475159007301,70,1470119248408,0,000318070731512704,263,861799034817,0,0,1,00154051063319,0,979250280633615,313,71522810445,1,49353182013242,0,572936211814186,21,5433785300552,30,3004697300552,10,3248987609939,0,729763693908491,0,0,1,1643634649436E-10,3,2628095332741E-05,0,17,928943613813,130,327038950244,70,5273493034498,45,0796190390972,10,5495479357562,0,0,0,0,0,0,0,0,0,0,0,0,0,0,0,0,0,0,0,0,0,0,0,0,0,0,0,0,0,0,0,0,0,0,0,0,0,0,0,0,0,0,0,0,0,0,0,0,0,0,0,0,0,0,0,0,0,0,0,0,0,0,0,0,0,0,0,0,0,0,0,0,0,0,0,0,0,0,0,0,0,0,0,0,0,0,0,0,0,0,0,0,0,0,0,0,0,979250280633615,1,00154051063319,0,0,0,0,0,0,0,0,0,0,0,0,0,0,763,15,11,0517664546714,11,4328435056058,87,07690388972,0,0,164765572090477,0,0,0,0,0,0,0,0,0,0,0,0,000205617878088875,0,0,0,0,0,000281703301520769,0,0,125088236695101,0,0,0,44464,1165877074,41848,073811601,0,
500-520C*,0,0256376735597519,793,150024,535,920507637908,911,168152774252,1,79865029043798,371,77060886655,29,1211033046649,30,5858604469183,0,058659379650873,0,7,76384616528612,326,947118055121,1,16610070915645,0,74,8497160798051,442,116291793548,332,868968046562,21,1067271779277,29,8638183779277,70,1896404297701,68,7392554259618,0,000530137690793296,293,204258452124,0,0,0,689256265565002,0,674884127119935,315,206786435227,1,49954467480829,0,462969824847525,20,27721714869,29,03430834869,9,62859746980457,0,810527609676592,0,0,1,36162812895303E-11,5,43821905034099E-05,0,15,9782669385925,228,182208692181,115,125818420489,70,0001485298281,10,6027961597859,0,0,0,0,0,0,0,0,0,0,0,0,0,0,0,0,0,0,0,0,0,0,0,0,0,0,0,0,0,0,0,0,0,0,0,0,0,0,0,0,0,0,0,0,0,0,0,0,0,0,0,0,0,0,0,0,0,0,0,0,0,0,0,0,0,0,0,0,0,0,0,0,0,0,0,0,0,0,0,0,0,0,0,0,0,0,0,0,0,0,0,0,0,0,0,0,0,674884127119935,0,689256265565002,0,0,0,0,0,0,0,0,0,0,0,0,0,0,783,15,14,8219821314239,11,2282155844916,87,1741385086611,0,0,921940144466178,0,0,0,0,0,0,0,0,0,0,0,0,000295252210909394,0,0,0,0,0,000404505305509145,0,1,16610070915645,0,0,0,44302,8021081286,41714,2397633708,0,
520-540C*,0,0244383338884565,813,150024,563,731344153126,919,604096791356,1,74129856356278,374,383150668721,30,87592067709,32,3954185907052,0,0764675252443536,0,7,91986702210895,329,204685018127,2,2071131816178,0,74,866296459304,443,434260082625,335,781093194241,19,8870943510524,28,6441855510525,68,7471073024132,67,2349844625952,0,000742204650073888,342,703302753477,0,0,0,376972020496815,0,369596946699615,316,337222892913,1,50600315460909,0,368650173084783,19,0110557673248,27,7681469673248,8,92121342613187,0,891291525444693,0,0,1,37320032233685E-12,7,61362856740789E-05,0,13,986215489687,427,121272267108,198,77391421345,114,093527975003,10,6560443838155,0,0,0,0,0,0,0,0,0,0,0,0,0,0,0,0,0,0,0,0,0,0,0,0,0,0,0,0,0,0,0,0,0,0,0,0,0,0,0,0,0,0,0,0,0,0,0,0,0,0,0,0,0,0,0,0,0,0,0,0,0,0,0,0,0,0,0,0,0,0,0,0,0,0,0,0,0,0,0,0,0,0,0,0,0,0,0,0,0,0,0,0,0,0,0,0,0,369596946699615,0,376972020496815,0,0,0,0,0,0,0,0,0,0,0,0,0,0,803,15,20,400656484243,11,0194359954427,87,2724677425467,0,1,72079948766643,0,0,0,0,0,0,0,0,0,0,0,0,000384886543729913,0,0,0,0,0,000527307309497522,0,2,2071131816178,0,0,0,44138,9486812288,41578,4602244352,0,
540-560C*,0,0230845904945863,833,150024,591,660962726402,928,206807312056,1,67247749296431,376,995548412937,32,7124964126399,34,2999052541205,0,0942756708378342,0,8,08196045843314,331,064545138332,3,24812565407915,0,74,7686556045806,444,314445340833,338,371003207455,18,6641261941053,27,4212173941053,67,1877375191535,65,6021674559,0,00095427160935448,397,960801971633,0,0,0,0997660682066511,0,0979272899794895,316,684290736098,1,51287529535396,0,288806715618069,17,7448943859596,26,5019855859596,8,2127606050703,0,972055441212794,0,0,1,17550415132813E-13,9,78903808447479E-05,0,11,9807225183921,862,220366566247,365,608427485721,196,377923795019,10,494599158691,0,0,0,0,0,0,0,0,0,0,0,0,0,0,0,0,0,0,0,0,0,0,0,0,0,0,0,0,0,0,0,0,0,0,0,0,0,0,0,0,0,0,0,0,0,0,0,0,0,0,0,0,0,0,0,0,0,0,0,0,0,0,0,0,0,0,0,0,0,0,0,0,0,0,0,0,0,0,0,0,0,0,0,0,0,0,0,0,0,0,0,0,0,0,0,0,0,0979272899794895,0,0997660682066511,0,0,0,0,0,0,0,0,0,0,0,0,0,0,823,15,28,8999423685398,10,8103316277699,87,3686727581855,0,2,56769929631088,0,0,0,0,0,0,0,0,0,0,0,0,000474520876550432,0,0,0,0,0,000650109313485898,0,3,24812565407915,0,0,0,43973,8397020247,41441,7812203124,0,
560-580C*,0,0208443558497052,853,150024,620,22958411484,936,900386178497,1,59215811604657,379,609058620804,34,7045861279586,36,3328926212209,0,118405990793304,0,8,24734754708955,332,551602079654,4,2891381265405,0,74,5927070771567,444,792138347168,340,742120321879,17,4393406702434,26,1964318702434,65,216315429465,63,5894868240415,0,0017937243196837,459,33096112356,0,0,0,0790984425763049,0,0776205547375758,313,608697873093,1,52012374584061,0,222200775091261,16,4787330045944,25,2358242045944,7,51256123998651,1,05281935698089,0,0,8,38721298380265E-15,0,000184002494743715,0,9,98833557672011,1894,01533357525,721,61547365544,359,129107214723,10,2469455619018,0,0,0,0,0,0,0,0,0,0,0,0,0,0,0,0,0,0,0,0,0,0,0,0,0,0,0,0,0,0,0,0,0,0,0,0,0,0,0,0,0,0,0,0,0,0,0,0,0,0,0,0,0,0,0,0,0,0,0,0,0,0,0,0,0,0,0,0,0,0,0,0,0,0,0,0,0,0,0,0,0,0,0,0,0,0,0,0,0,0,0,0,0,0,0,0,0,0776205547375758,0,0790984425763049,0,0,0,0,0,0,0,0,0,0,0,0,0,0,843,15,42,2561288930535,10,6045825959708,87,4596782607881,0,3,45395846127574,0,0,0,0,0,0,0,0,0,0,0,0,000595976820326298,0,0,0,0,0,000816507978178827,0,4,2891381265405,0,0,0,43808,7175712672,41305,2125303817,0,
580-600C*,0,0189357874594041,873,150024,650,021811854264,945,608935232827,1,51183873912884,382,224847456402,36,6896890719991,38,3768739680935,0,199435880006679,0,8,4129323085252,333,690779305781,5,33015059900185,0,74,3715698812758,444,901129982781,342,927574141325,16,2142557426237,24,9713469426237,63,251880111055,61,5657953969686,0,00827964878945057,527,103359421707,0,0,0,0584308169459588,0,057330634937863,310,533105010087,1,52770501488261,0,167541627730274,15,2125716232292,23,9696628232292,6,82926719458676,1,06788440238087,0,0,4,8841076376234E-16,0,000849336777197361,0,8,03422052819494,3368,81037159357,1243,9691155995,603,040925319406,9,99929196511269,0,0,0,0,0,0,0,0,0,0,0,0,0,0,0,0,0,0,0,0,0,0,0,0,0,0,0,0,0,0,0,0,0,0,0,0,0,0,0,0,0,0,0,0,0,0,0,0,0,0,0,0,0,0,0,0,0,0,0,0,0,0,0,0,0,0,0,0,0,0,0,0,0,0,0,0,0,0,0,0,0,0,0,0,0,0,0,0,0,0,0,0,0,0,0,0,0,057330634937863,0,0584308169459588,0,0,0,0,0,0,0,0,0,0,0,0,0,0,863,15,64,1219353910865,10,4057134253653,87,5425626695106,0,4,37286338450122,0,0,0,0,0,0,0,0,0,0,0,0,00100382726270028,0,0,0,0,0,00137527658921272,0,5,33015059900185,0,0,0,43673,4554492176,41196,7726276577,0,
600-625C*,0,0214902014508395,898,150024,685,791282568822,955,329444870815,1,48524791283678,385,171675894839,38,8506819238455,40,6229777138232,0,290594505371725,0,8,57479271986628,334,773187816017,6,50128963052087,0,74,1066431715865,444,642476882759,345,214497946107,14,8375673600142,23,5946585600142,61,1141383380426,59,3425099245951,0,0155763138179383,611,582848209783,0,0,0,0351797381118194,0,0345123615817277,307,073063039206,1,53656890269406,0,114000181889301,13,7881400691934,22,5452312691934,6,09072735774297,1,1657916945128,0,0,1,01130060428898E-17,0,00159783784495771,0,5,91119023808648,5900,23987805962,2188,77086995093,1058,08750308242,9,72068166872491,0,0,0,0,0,0,0,0,0,0,0,0,0,0,0,0,0,0,0,0,0,0,0,0,0,0,0,0,0,0,0,0,0,0,0,0,0,0,0,0,0,0,0,0,0,0,0,0,0,0,0,0,0,0,0,0,0,0,0,0,0,0,0,0,0,0,0,0,0,0,0,0,0,0,0,0,0,0,0,0,0,0,0,0,0,0,0,0,0,0,0,0,0,0,0,0,0,0345123615817277,0,0351797381118194,0,0,0,0,0,0,0,0,0,0,0,0,0,0,885,65,107,338215977789,10,1933232025274,87,4056335882759,0,5,43937408451188,0,0,0,0,0,0,0,0,0,0,0,0,00146265901037102,0,0,0,0,0,00200389127662586,0,6,50128963052087,0,0,0,43488,6719907435,41043,7828170952,0,
625-650C*,0,0190635328209326,923,150024,729,458269505467,965,908132963754,1,30077637779421,388,452635875901,41,0763688068666,42,9620755277758,0,391881866888444,0,8,7645459446439,335,285604187889,7,80255522109756,0,73,8386389866314,443,902909838266,347,581169083954,13,312351164989,22,069442364989,58,9142859870595,57,0287590748429,0,0236837194051469,716,319131817967,0,0,0,00934520607388672,0,00916539738129608,303,228571960449,1,54673599148238,0,0744549568937233,12,2054383424869,20,9625295424869,5,31988107571492,1,28000565704458,0,0,1,38605125770891E-19,0,00242950569802477,0,3,68319035636481,11781,3901045271,4378,1469782967,2105,86315492121,9,4111146727385,0,0,0,0,0,0,0,0,0,0,0,0,0,0,0,0,0,0,0,0,0,0,0,0,0,0,0,0,0,0,0,0,0,0,0,0,0,0,0,0,0,0,0,0,0,0,0,0,0,0,0,0,0,0,0,0,0,0,0,0,0,0,0,0,0,0,0,0,0,0,0,0,0,0,0,0,0,0,0,0,0,0,0,0,0,0,0,0,0,0,0,0,0,0,0,0,0,00916539738129608,0,00934520607388672,0,0,0,0,0,0,0,0,0,0,0,0,0,0,910,65,201,804326244058,9,97922310068703,87,4633593578233,0,6,65862194361045,0,0,0,0,0,0,0,0,0,0,0,0,0019724720633385,0,0,0,0,0,00270235204041823,0,7,80255522109756,0,0,0,43286,3822468824,40876,0740548945,0,
650-675C*,0,0166677378463911,948,150024,778,580102659316,976,109967783464,1,02770625940115,391,742375795005,42,5268370867379,44,5137167788097,0,452916477743844,0,8,93492923345727,335,386080086672,7,96558568555961,0,73,6462366883606,442,743732994451,349,757323974427,11,7946720354284,20,5517632354284,57,4731629132621,55,4862832211903,0,0317911249923555,833,22474244542,0,0,1,41562120128159E-14,1,3875553363845E-14,302,482382507837,1,55711111539832,0,0463539579261727,10,6227366157804,19,3798278157804,4,61417384971148,1,39796566162881,0,0,1,17292580372822E-21,0,00326117355109183,0,1,63262687050209,24855,5673193099,9321,12112668518,4485,05836323522,9,18635921732432,0,0,0,0,0,0,0,0,0,0,0,0,0,0,0,0,0,0,0,0,0,0,0,0,0,0,0,0,0,0,0,0,0,0,0,0,0,0,0,0,0,0,0,0,0,0,0,0,0,0,0,0,0,0,0,0,0,0,0,0,0,0,0,0,0,0,0,0,0,0,0,0,0,0,0,0,0,0,0,0,0,0,0,0,0,0,0,0,0,0,0,0,0,0,0,0,1,3875553363845E-14,1,41562120128159E-14,0,0,0,0,0,0,0,0,0,0,0,0,0,0,935,65,412,125339786643,9,8001675668864,87,5638036861531,0,6,81362426980749,0,0,0,0,0,0,0,0,0,0,0,0,00227967960464402,0,0,0,0,0,00312323654444193,0,7,96558568555961,0,0,0,43090,0958813638,40713,1224670792,0,
675-700C*,0,0143496178771083,973,150024,834,565388874817,985,786710740388,0,670850390809771,395,042534029833,44,2323233042406,46,3204901708245,0,7286135505351,0,9,07787434648801,335,12016144548,9,96147037772055,0,73,574684010248,441,215787687061,351,78898180711,10,2874947431236,19,0445859431236,55,7676766957593,53,6795098291755,0,111271051180678,963,0329333931,0,0,1,41562120128159E-14,1,38515604282374E-14,303,492133063837,1,56754452665997,0,027275358383197,9,04003488907389,17,7971260890739,3,98576093357613,1,51763612666618,0,0,5,622719383272E-24,0,0114143242555861,0,-0,202062769153498,55649,5433138192,21241,9406251532,10291,5663220792,7,87484543113819,0,0,0,0,0,0,0,0,0,0,0,0,0,0,0,0,0,0,0,0,0,0,0,0,0,0,0,0,0,0,0,0,0,0,0,0,0,0,0,0,0,0,0,0,0,0,0,0,0,0,0,0,0,0,0,0,0,0,0,0,0,0,0,0,0,0,0,0,0,0,0,0,0,0,0,0,0,0,0,0,0,0,0,0,0,0,0,0,0,0,0,0,0,0,0,0,1,38515604282374E-14,1,41562120128159E-14,0,0,0,0,0,0,0,0,0,0,0,0,0,0,960,65,925,065483925897,9,63867804796274,87,4987081856581,0,8,74622438375507,0,0,0,0,0,0,0,0,0,0,0,0,00366735487102667,0,0,0,0,0,0050243976088983,0,9,96147037772055,0,0,0,42902,5920423912,40557,2391923374,0,
700-725C*,0,0119720867473086,998,150024,910,85047490669,992,804324619413,0,249771713701378,398,38205440286,45,288542033599,47,4884668411547,1,08592564604651,0,9,10618942719067,334,735724494814,12,5429032453383,0,74,279353553634,439,365611027999,353,900927784796,8,83350003237667,17,5905912323767,54,711457966401,52,5115331588453,0,255585557151692,1106,50381963006,0,0,1,41562120128159E-14,1,38277620919699E-14,304,501883619837,1,57617868735568,0,0150068335183521,7,4573331623674,16,2144243623674,3,64937883967359,1,63698147055736,0,0,1,37064635256234E-26,0,0262182876266439,0,-1,18752591694292,132852,593732999,52136,633361193,25632,585859268,6,52217413529408,0,0,0,0,0,0,0,0,0,0,0,0,0,0,0,0,0,0,0,0,0,0,0,0,0,0,0,0,0,0,0,0,0,0,0,0,0,0,0,0,0,0,0,0,0,0,0,0,0,0,0,0,0,0,0,0,0,0,0,0,0,0,0,0,0,0,0,0,0,0,0,0,0,0,0,0,0,0,0,0,0,0,0,0,0,0,0,0,0,0,0,0,0,0,0,0,1,38277620919699E-14,1,41562120128159E-14,0,0,0,0,0,0,0,0,0,0,0,0,0,0,985,65,2312,51586703339,9,59862690403048,87,4069148290303,0,11,3254661906854,0,0,0,0,0,0,0,0,0,0,0,0,00546582575176745,0,0,0,0,0,00748836226752908,0,12,5429032453383,0,0,0,42753,9600172035,40432,1833328536,0,
725-750C*,0,00975905190618703,1023,150024,1004,32571895762,997,566488021431,0,216468818541194,401,753788853459,46,0279904010659,48,3533080138569,1,44323774155793,0,9,15172037432663,334,217412258934,15,5750448511957,0,75,6104819797534,437,235577770466,355,77892226869,7,42461433116993,16,1817055311699,53,9720095989341,51,6466919861431,0,399900063122705,1264,41875698495,0,0,1,41562120128159E-14,1,38000807660538E-14,305,511634175836,1,58318625091032,0,00761602547451487,5,87463143566091,14,6317226356609,3,5519955398079,1,75396611170304,0,0,1,48132469721263E-29,0,0410222509977018,0,-1,4732588127921,339915,401631866,138747,42550266,69860,3682355419,5,49483344177448,0,0,0,0,0,0,0,0,0,0,0,0,0,0,0,0,0,0,0,0,0,0,0,0,0,0,0,0,0,0,0,0,0,0,0,0,0,0,0,0,0,0,0,0,0,0,0,0,0,0,0,0,0,0,0,0,0,0,0,0,0,0,0,0,0,0,0,0,0,0,0,0,0,0,0,0,0,0,0,0,0,0,0,0,0,0,0,0,0,0,0,0,0,0,0,0,1,38000807660538E-14,1,41562120128159E-14,0,0,0,0,0,0,0,0,0,0,0,0,0,0,1010,65,6534,03734887285,9,65300377387104,88,3415913107874,0,14,4411808755071,0,0,0,0,0,0,0,0,0,0,0,0,00726429663250823,0,0,0,0,0,00995232692615987,0,15,5750448511957,0,0,0,42638,409776831,40333,4008809465,0,
750-775C*,0,00788062209283957,1048,150024,1105,75274699992,1002,32865142345,0,183165923381011,405,126146445558,46,0255887027424,48,4821170701098,1,64262084352462,0,9,19747897619826,333,35863011231,17,2463339192397,0,76,8679650503797,434,864093543518,357,187238384146,6,01572862996318,14,7728198299632,53,9744112972575,51,5178829298902,0,544214569093719,1437,54193770002,0,0,1,3699712846502E-14,1,33286020534793E-14,296,76079280317,1,59043611954885,0,00350315367652875,4,29192970895441,13,0490209089544,3,45923537610495,1,86655446850392,0,0,5,94693471596448E-33,0,0558262143687597,0,-1,74561037092808,937263,443928515,403282,629579728,210217,425293064,4,61750656231226,0,0,0,0,0,0,0,0,0,0,0,0,0,0,0,0,0,0,0,0,0,0,0,0,0,0,0,0,0,0,0,0,0,0,0,0,0,0,0,0,0,0,0,0,0,0,0,0,0,0,0,0,0,0,0,0,0,0,0,0,0,0,0,0,0,0,0,0,0,0,0,0,0,0,0,0,0,0,0,0,0,0,0,0,0,0,0,0,0,0,0,0,0,0,0,0,1,33286020534793E-14,1,3699712846502E-14,0,0,0,0,0,0,0,0,0,0,0,0,0,0,1035,65,21216,7090228515,9,71404178812832,89,3446951202215,0,16,1889812162686,0,0,0,0,0,0,0,0,0,0,0,0,00826785824574061,0,0,0,0,0,0113272395668052,0,17,2463339192397,0,0,0,42525,3267473398,40236,9254191112,0,
775-800C*,0,0063312799927735,1073,150024,1215,07526733566,1007,09081482547,0,149863028220827,408,499118339333,45,8045773520112,48,4037596925759,2,34307621609156,0,9,24346637107925,332,183486336136,20,1070249214249,0,78,0566816269273,432,285821973532,358,231291732603,4,60684292875643,13,3639341287564,54,1954226479888,51,5962403074241,1,11308019554569,1626,64689052515,0,0,1,3699712846502E-14,1,32973117185509E-14,284,041516952694,1,59792776915353,0,00142714126773831,2,70922798224792,11,4663191822479,3,37103276521462,1,97271095936066,0,0,7,03082695798661E-37,0,11418116517835,0,-2,00474657327238,2801757,19767237,1290476,20715057,705271,516746157,3,83483784596377,0,0,0,0,0,0,0,0,0,0,0,0,0,0,0,0,0,0,0,0,0,0,0,0,0,0,0,0,0,0,0,0,0,0,0,0,0,0,0,0,0,0,0,0,0,0,0,0,0,0,0,0,0,0,0,0,0,0,0,0,0,0,0,0,0,0,0,0,0,0,0,0,0,0,0,0,0,0,0,0,0,0,0,0,0,0,0,0,0,0,0,0,0,0,0,0,1,32973117185509E-14,1,3699712846502E-14,0,0,0,0,0,0,0,0,0,0,0,0,0,0,1060,65,80670,4602471142,9,78213508590866,90,4208367039512,0,19,2188744106375,0,0,0,0,0,0,0,0,0,0,0,0,0117934836209942,0,0,0,0,0,0161574630734647,0,20,1070249214249,0,0,0,42415,5627683006,40143,5650302065,0,
800-825C*,0,00500685637664109,1098,150024,1332,17628764515,1011,85297822748,0,116560133060643,411,872695861375,45,58356600128,48,3406759303514,3,39148638440447,0,9,28968370293464,330,715041119249,23,1839175011161,0,79,1810982099863,429,531931791022,358,996433195281,3,19795722754969,11,9550484275497,54,41643399872,51,6593240696486,2,84154067346052,1832,51021158374,0,0,1,3699712846502E-14,1,32591161401873E-14,271,322241102219,1,60566117904972,0,000499276051668326,1,12652625554143,9,88361745554143,3,28732335842717,2,07040000267397,0,0,1,79365614365673E-41,0,29148881302154,0,-2,25083156106641,9138417,6727872,4585744,95661875,2666624,74870246,3,09147164178529,0,0,0,0,0,0,0,0,0,0,0,0,0,0,0,0,0,0,0,0,0,0,0,0,0,0,0,0,0,0,0,0,0,0,0,0,0,0,0,0,0,0,0,0,0,0,0,0,0,0,0,0,0,0,0,0,0,0,0,0,0,0,0,0,0,0,0,0,0,0,0,0,0,0,0,0,0,0,0,0,0,0,0,0,0,0,0,0,0,0,0,0,0,0,0,0,1,32591161401873E-14,1,3699712846502E-14,0,0,0,0,0,0,0,0,0,0,0,0,0,0,1085,65,366858,665244377,9,85767925762937,91,5747223483564,0,22,5186481356327,0,0,0,0,0,0,0,0,0,0,0,0,0170704814681692,0,0,0,0,0,0233871248591225,0,23,1839175011161,0,0,0,42309,9618667637,40054,1212157145,0,
825-850C*,0,00394432374931887,1123,150024,1456,91661119666,1024,51887834818,0,0832572379004592,415,14337542774,45,3625546505487,48,2931262014799,4,43989655271738,0,9,33613212144932,328,178805092543,26,4770116583135,0,77,9035843373795,426,630353116244,359,547669727934,1,63099679196933,10,3880879919693,54,6374453494512,51,7068737985201,4,57000115137536,2055,85966203171,0,0,1,3699712846502E-14,1,32139659885382E-14,258,602965251743,1,62105156677639,0,000143780415006924,-0,456175471165061,8,30091572883494,2,44020586517301,2,15758601684452,0,0,6,44754093073519E-47,0,46879646086473,0,-4,74934844020443,32749088,9933542,18268016,8396315,11497769,938357,2,33205229883314,0,0,0,0,0,0,0,0,0,0,0,0,0,0,0,0,0,0,0,0,0,0,0,0,0,0,0,0,0,0,0,0,0,0,0,0,0,0,0,0,0,0,0,0,0,0,0,0,0,0,0,0,0,0,0,0,0,0,0,0,0,0,0,0,0,0,0,0,0,0,0,0,0,0,0,0,0,0,0,0,0,0,0,0,0,0,0,0,0,0,0,0,0,0,0,0,1,32139659885382E-14,1,3699712846502E-14,0,0,0,0,0,0,0,0,0,0,0,0,0,0,1110,65,2043904,95298656,9,66133005844863,90,199453894606,0,26,083049563738,0,0,0,0,0,0,0,0,0,0,0,0,0223474793153441,0,0,0,0,0,0306167866447803,0,26,4770116583135,0,0,0,42104,5044919231,39887,5563310778,0,
850-875C*,0,00305091966031673,1148,150024,1585,68251710586,1026,36929775799,0,0499543427402755,418,556688588924,44,973676810029,48,1519444919008,5,01680829481207,0,9,38281278205656,326,484986698906,29,9863073930168,0,79,7792801742599,423,606034728143,359,924959294627,0,280345970606799,9,0374371706068,55,026323189971,51,8480555080992,6,29846162929019,2297,44784838764,0,0,1,3699712846502E-14,1,31809585941406E-14,245,883689401267,1,62658956087675,3,21111780549555E-05,-2,03887719787156,6,71821400212845,2,65129831370233,2,232233420273,0,0,1,79175042785312E-53,0,64610410870792,0,-4,12534895465139,129918586,745705,82426373,5780393,57272451,2440203,1,50122416616363,0,0,0,0,0,0,0,0,0,0,0,0,0,0,0,0,0,0,0,0,0,0,0,0,0,0,0,0,0,0,0,0,0,0,0,0,0,0,0,0,0,0,0,0,0,0,0,0,0,0,0,0,0,0,0,0,0,0,0,0,0,0,0,0,0,0,0,0,0,0,0,0,0,0,0,0,0,0,0,0,0,0,0,0,0,0,0,0,0,0,0,0,0,0,0,0,1,31809585941406E-14,1,3699712846502E-14,0,0,0,0,0,0,0,0,0,0,0,0,0,0,1135,65,14335849,2382336,9,85936158906407,92,5085439407878,0,29,9054540939276,0,0,0,0,0,0,0,0,0,0,0,0,0252512684172207,0,0,0,0,0,0345950738663082,0,29,9863073930168,0,0,0,42048,7089795371,39838,7928208937,0,
875-900C*,0,0023326174820116,1173,150024,1721,16124546518,1026,13946843354,0,0166514475800917,421,996977878135,44,9205319490863,48,2458540658878,6,55624889786121,0,9,42972684596684,324,764768299232,33,7118047052262,0,82,2079002410422,420,481196278073,360,200956833427,-1,02869987607055,7,72839132392945,55,0794680509137,51,7541459341122,8,18979616532505,2558,02849006105,0,0,1,3699712846502E-14,1,31025217169451E-14,233,164413550791,1,63031864926888,5,09973207876392E-06,-3,62157892457805,5,13551227542196,3,06252879356211,2,2923066313601,0,0,1,60737721426156E-61,0,840119582103924,0,-2,91239331933015,575178444,292633,425999239,36598,334309710,139715,0,543631592833073,0,0,0,0,0,0,0,0,0,0,0,0,0,0,0,0,0,0,0,0,0,0,0,0,0,0,0,0,0,0,0,0,0,0,0,0,0,0,0,0,0,0,0,0,0,0,0,0,0,0,0,0,0,0,0,0,0,0,0,0,0,0,0,0,0,0,0,0,0,0,0,0,0,0,0,0,0,0,0,0,0,0,0,0,0,0,0,0,0,0,0,0,0,0,0,0,1,31025217169451E-14,1,3699712846502E-14,0,0,0,0,0,0,0,0,0,0,0,0,0,0,1160,65,130554963,480772,10,1330583727002,95,5519725688005,0,33,9780512723399,0,0,0,0,0,0,0,0,0,0,0,0,0329997861192348,0,0,0,0,0,0452107996915013,0,33,7118047052262,0,0,0,42026,4621977246,39817,2068990862,0,
900-925C*,0,00177515264066843,1198,150024,1863,43942593449,1030,90163183556,0,425,372894373286,44,6995205983551,48,2468431170194,9,23232644267524,0,9,47687548019668,322,332817188546,36,8000360921976,0,83,1129423251632,417,275571158095,360,39054323877,-2,4375855772773,6,3195056227227,55,3004794016449,51,7531568829806,23,4910948199051,2838,43940288305,0,0,0,0,220,445137700315,1,63902789761503,5,0510426232693E-07,-5,20428065128454,3,55281054871546,2,99617241359417,2,38415807698583,0,0,1,24163910207317E-71,2,40974602601468,0,-3,10787851846777,2866741342,73869,2552895805,49052,2322871844,53527,0,0,0,0,0,0,0,0,0,0,0,0,0,0,0,0,0,0,0,0,0,0,0,0,0,0,0,0,0,0,0,0,0,0,0,0,0,0,0,0,0,0,0,0,0,0,0,0,0,0,0,0,0,0,0,0,0,0,0,0,0,0,0,0,0,0,0,0,0,0,0,0,0,0,0,0,0,0,0,0,0,0,0,0,0,0,0,0,0,0,0,0,0,0,0,0,0,0,0,0,0,0,0,0,0,0,0,0,0,0,0,0,0,1185,65,1598724973,58154,10,2424958049171,97,0668573496363,0,37,3580185114696,0,0,0,0,0,0,0,0,0,0,0,0,046469376428132,0,0,0,0,0,0636645844276146,0,36,8000360921976,0,0,0,41925,489591109,39732,0672552321,0,
925-950C*,0,00133793858800956,1223,150024,2012,4905692069,1035,66379523757,0,428,749375493194,44,4785092476238,48,2647945282823,11,9084039874893,0,9,52425985759766,319,707307301678,39,832177698055,0,83,9711732880008,414,00663712532,360,5226200257,-3,84647127848405,4,91061992151596,55,5214907523762,51,7352054717177,38,7923934744851,3139,31578241438,0,0,0,0,207,725861849839,1,64798535416449,0,-6,78698237799103,1,97010882200897,2,93400502944752,2,47901354446686,0,0,1,01179546585337E-84,3,97937246992544,0,-3,29110607572578,16237777770,3341,17977596239,0136,19545568150,6241,0,0,0,0,0,0,0,0,0,0,0,0,0,0,0,0,0,0,0,0,0,0,0,0,0,0,0,0,0,0,0,0,0,0,0,0,0,0,0,0,0,0,0,0,0,0,0,0,0,0,0,0,0,0,0,0,0,0,0,0,0,0,0,0,0,0,0,0,0,0,0,0,0,0,0,0,0,0,0,0,0,0,0,0,0,0,0,0,0,0,0,0,0,0,0,0,0,0,0,0,0,0,0,0,0,0,0,0,0,0,0,0,0,1210,65,27390862491,4438,10,3614868582043,98,6854933486211,0,40,6750938228175,0,0,0,0,0,0,0,0,0,0,0,0,0599389667370293,0,0,0,0,0,082118369163728,0,39,832177698055,0,0,0,41823,8070027952,39646,2340809927,0,
950-975C*,0,000998469868476616,1248,150024,2168,34170353569,1040,42595863959,0,432,126413484781,44,2574978968926,48,3001756427049,13,4115538201359,0,9,57188115688565,316,905199779223,42,8643193039125,0,84,7853300021728,410,689832872001,360,614389260222,-5,2553569796908,3,50173422030921,55,7425021031074,51,6998243572951,54,0936921290651,3461,37951506057,0,0,0,0,195,006585999364,1,65719347858619,0,-8,36968410469753,0,387407095302475,2,87596912040454,2,57386901194789,0,0,2,50092970122616E-102,5,54899891383619,0,-3,46222937987055,105594365431,814,150945108286,185,202969144547,304,0,0,0,0,0,0,0,0,0,0,0,0,0,0,0,0,0,0,0,0,0,0,0,0,0,0,0,0,0,0,0,0,0,0,0,0,0,0,0,0,0,0,0,0,0,0,0,0,0,0,0,0,0,0,0,0,0,0,0,0,0,0,0,0,0,0,0,0,0,0,0,0,0,0,0,0,0,0,0,0,0,0,0,0,0,0,0,0,0,0,0,0,0,0,0,0,0,0,0,0,0,0,0,0,0,0,0,0,0,0,0,0,0,1235,65,686818028637,224,10,4904960272036,,0,43,9868856473671,0,0,0,0,0,0,0,0,0,0,0,0,0675048208946839,0,0,0,0,0,092483839884687,0,42,8643193039125,0,0,0,41722,6768693096,39560,9036920355,0,
975-1000C*,0,000738250345368287,1273,150024,2331,0699366598,1045,18812204161,0,435,504000736265,44,0364865461614,48,3535045693687,16,9377107044095,0,9,61974056267007,313,942521531926,45,8964609097699,0,85,5579495859554,407,338759566125,360,678312696362,-6,66424268089754,2,09284851910247,55,9635134538386,51,6464954306313,69,3949907836451,3805,35248722714,0,0,0,0,182,287310148888,1,66665508978283,0,-9,95238583140402,-1,19529463140401,2,82200821406825,2,66872447942891,0,0,2,79050048688521E-127,7,11862535774695,0,-3,62140007961544,797089615249,716,1535249644421,25,2655787576360,88,0,0,0,0,0,0,0,0,0,0,0,0,0,0,0,0,0,0,0,0,0,0,0,0,0,0,0,0,0,0,0,0,0,0,0,0,0,0,0,0,0,0,0,0,0,0,0,0,0,0,0,0,0,0,0,0,0,0,0,0,0,0,0,0,0,0,0,0,0,0,0,0,0,0,0,0,0,0,0,0,0,0,0,0,0,0,0,0,0,0,0,0,0,0,0,0,0,0,0,0,0,0,0,0,0,0,0,0,0,0,0,0,0,1260,65,26524993982365,4,10,6300084165733,,0,47,2902522655184,0,0,0,0,0,0,0,0,0,0,0,0,0852531438788613,0,0,0,0,0,116799630065824,0,45,8964609097699,0,0,0,41622,0977643437,39476,0749609709,0,
1000-1050C*,0,00207272981929474,1323,150024,2588,33569789833,1052,33136714464,0,440,571395164111,43,7049695200645,48,4684195175588,25,6069230236393,0,9,66783926548342,307,819800860387,50,444673318556,0,86,6441035749066,403,021771717758,360,740724224883,-8,77757123270766,-0,0204800327076556,56,2950304799355,51,5315804824412,207,226501274123,4363,97089608979,0,0,0,0,163,208396373174,1,68132982452549,0,-12,3264384214638,-3,56934722146375,2,74858646691067,2,81100768065045,0,0,9,04794078109171E-231,21,2575549057472,0,-3,83807248775307,22444429709008,1,74123027408304,3,203941654608575,0,0,0,0,0,0,0,0,0,0,0,0,0,0,0,0,0,0,0,0,0,0,0,0,0,0,0,0,0,0,0,0,0,0,0,0,0,0,0,0,0,0,0,0,0,0,0,0,0,0,0,0,0,0,0,0,0,0,0,0,0,0,0,0,0,0,0,0,0,0,0,0,0,0,0,0,0,0,0,0,0,0,0,0,0,0,0,0,0,0,0,0,0,0,0,0,0,0,0,0,0,0,0,0,0,0,0,0,0,0,0,0,0,1298,15,1,6274239924707E+16,10,8543288423012,,0,52,2238552950297,0,0,0,0,0,0,0,0,0,0,0,0,128888179218984,0,0,0,0,0,176581073350512,0,50,444673318556,0,0,0,41472,2587516091,39349,7695557074,0,
1050-1100C*,1,74940416530389E-05,1373,150024,2956,89206410444,1061,85569394867,0,447,329774846632,43,2629468186021,48,6903166968845,36,1282103795374,0,9,71617846181084,300,99549018663,56,5089565302708,0,87,9675632044665,395,268476101325,360,789617027397,-11,5953426351212,-2,83825143512115,56,7370531813979,51,3096833031155,385,771401901278,5192,21538601286,0,0,0,0,137,769844672222,1,70181582774491,0,-15,4918418748767,-6,73475067487674,2,66444413530221,3,0007186156125,0,0,0,39,572915175244,0,-4,08651992739716,3,64926670428316E+15,3,0361027533903E+16,1,88626772673756E+17,0,0,0,0,0,0,0,0,0,0,0,0,0,0,0,0,0,0,0,0,0,0,0,0,0,0,0,0,0,0,0,0,0,0,0,0,0,0,0,0,0,0,0,0,0,0,0,0,0,0,0,0,0,0,0,0,0,0,0,0,0,0,0,0,0,0,0,0,0,0,0,0,0,0,0,0,0,0,0,0,0,0,0,0,0,0,0,0,0,0,0,0,0,0,0,0,0,0,0,0,0,0,0,0,0,0,0,0,0,0,0,0,0,1348,15,7,06934233633023E+20,11,2026301337758,,0,58,7511878578102,0,0,0,0,0,0,0,0,0,0,0,0,181845325577005,0,0,0,0,0,249134117408893,0,56,5089565302708,0,0,0,41274,3858139171,39183,1044925328,0,
1100-1150C*,0,1423,150024,3356,32616842389,1071,38002075271,0,454,09022134015,42,8209241171396,48,9964110215859,50,1082001751913,,9,76475935411989,293,796962408336,62,5732397419857,,,,360,821536834823,,,57,1790758828604,51,0035889784141,634,290175219222,6055,13816658335,,,0,0,112,331292971271,,,,,2,59563563824275,3,19042955057455,,,,65,0662832359574,,,,,,0,0,0,0,0,0,0,0,0,0,0,0,0,0,0,0,0,0,0,0,0,0,0,0,0,0,0,0,0,0,0,0,0,0,0,0,0,0,0,0,0,0,0,0,0,0,0,0,0,0,0,0,0,0,0,0,0,0,0,0,0,0,0,0,0,0,0,0,0,0,0,0,0,0,0,0,0,0,0,0,0,0,0,0,0,0,0,0,0,0,0,0,0,0,0,0,0,0,0,0,0,0,0,0,0,0,0,0,0,0,0,0,0,1398,15,,11,6029624128358,113,30013575624,,,,,,,,,,,,,,0,25221127421513,,,,,0,345537797041424,,62,5732397419857,,,,41078,6834440221,,,
1150+C*,0,1623,150024,4505,40577378411,1095,1908377628,0,471,00002600851,41,7158673634835,50,1828446937937,80,7347966146314,,9,81358315089049,263,987039294099,77,7339477712728,,,,360,892620514708,,,58,2841326365165,49,8171553062063,1168,11976765059,8112,26259805267,,,0,0,48,7349137188916,,,,,2,48807458008122,3,66470688797968,,,,119,82719364872,,,,,,0,0,0,0,0,0,0,0,0,0,0,0,0,0,0,0,0,0,0,0,0,0,0,0,0,0,0,0,0,0,0,0,0,0,0,0,0,0,0,0,0,0,0,0,0,0,0,0,0,0,0,0,0,0,0,0,0,0,0,0,0,0,0,0,0,0,0,0,0,0,0,0,0,0,0,0,0,0,0,0,0,0,0,0,0,0,0,0,0,0,0,0,0,0,0,0,0,0,0,0,0,0,0,0,0,0,0,0,0,0,0,0,0,1523,15,,12,1656356879551,119,388477407188,,,,,,,,,,,,,,0,406365142960312,,,,,0,556733701655063,,77,7339477712728,,,,40598,7998243923,,,
