Name,Skarv-2010
Created,26/03/2026 11:31:12
Cpt,Composition,Boiling Temperature,Molecular Weight,Standard Liquid Density,Acidity,Aniline Point,Assay - Aromatics Vol Pct,Assay - Aromatics Wt Pct,Asphaltene Content,Basic Nitrogen Content,C to H Ratio,Cloud Point,Conradson Carbon Content,Copper Content,Cetane Number,Flash Point,Freeze Point,MON (Clear),MON (Leaded),Assay - Naphthenes Vol Pct,Assay - Naphthenes Wt Pct,Nickel Content,Nitrogen Content,Assay - Olefins Vol Pct,Assay - Olefins Wt Pct,Assay - Paraffins Vol Pct,Assay - Paraffins Wt Pct,Pour Point,Refractive Index,Reid Vapour Pressure,RON (Clear),RON (Leaded),Smoke Point,Sulfur Content,Mercaptan Sulfur Content,Sodium Content,True Vapour Pressure,Vanadium Content,Iron Content,Luminometer Number,Viscosity @ 38C,Viscosity @ 50C,Viscosity @ 60C,Wax Content,Pi C6 22DMB Wt Pct,Pi C6 22DMB Vol Pct,Pi C6 23DMB Wt Pct,Pi C6 23DMB Vol Pct,Pi C6 2MP Wt Pct,Pi C6 2MP Vol Pct,Pi C6 3MP Wt Pct,Pi C6 3MP Vol Pct,Pi C7 22-mPentane Wt Pct,Pi C7 22-mPentane Vol Pct,Pi C7 24-mPentane Wt Pct,Pi C7 24-mPentane Vol Pct,Pi C7 223-mButane Wt Pct,Pi C7 223-mButane Vol Pct,Pi C7 33-mPentane Wt Pct,Pi C7 33-mPentane Vol Pct,Pi C7 23-mPentane Wt Pct,Pi C7 23-mPentane Vol Pct,Pi C7 2-mHexane Wt Pct,Pi C7 2-mHexane Vol Pct,Pi C7 3-mHexane Wt Pct,Pi C7 3-mHexane Vol Pct,Pi C7 3-ePentane Wt Pct,Pi C7 3-ePentane Vol Pct,Pi C6 Wt Pct,Pi C6 Vol Pct,Pi C7 Wt Pct,Pi C7 Vol Pct,Pi C8 Wt Pct,Pi C8 Vol Pct,Pi C9 Wt Pct,Pi C9 Vol Pct,Pi C10  Wt Pct,Pi C10  Vol Pct,Pi C11  Wt Pct,Pi C11  Vol Pct,Pn C6 Hexane Wt Pct,Pn C6 Hexane Vol Pct,Pn C7 Heptane Wt Pct,Pn C7 Heptane Vol Pct,Pn C8 Octane Wt Pct,Pn C8 Octane Vol Pct,Pn C9 Nonane Wt Pct,Pn C9 Nonane Vol Pct,Pn C10 Decane Wt Pct,Pn C10 Decane Vol Pct,Pn C11 n-C11 Wt Pct,Pn C11 n-C11 Vol Pct,On C6 Wt Pct,On C6 Vol Pct,On C7 Wt Pct,On C7 Vol Pct,On C8 Wt Pct,On C8 Vol Pct,On C9 Wt Pct,On C9 Vol Pct,On C10 Wt Pct,On C10 Vol Pct,On C11 Wt Pct,On C11 Vol Pct,A C6 Benzene Wt Pct,A C6 Benzene Vol Pct,A C7 Toluene Wt Pct,A C7 Toluene Vol Pct,A C8 m-Xylene Wt Pct,A C8 m-Xylene Vol Pct,A C8 o-Xylene Wt Pct,A C8 o-Xylene Vol Pct,A C8 p-Xylene Wt Pct,A C8 p-Xylene Vol Pct,A C8 EthBenz Wt Pct,A C8 EthBenz Vol Pct,N C6 cyc-C5 Wt Pct,N C6 cyc-C5 Vol Pct,N C6 cyc-C6 Wt Pct,N C6 cyc-C6 Vol Pct,A C8 Wt Pct,A C8 Vol Pct,A C9 Wt Pct,A C9 Vol Pct,A C10 Wt Pct,A C10 Vol Pct,A C11 Wt Pct,A C11 Vol Pct,N C6 Wt Pct,N C6 Vol Pct,N C7 Wt Pct,N C7 Vol Pct,N C8 Wt Pct,N C8 Vol Pct,N C9 Wt Pct,N C9 Vol Pct,N C10 Wt Pct,N C10 Vol Pct,N C11 Wt Pct,N C11 Vol Pct,Pi Wt Pct,Pi Vol Pct,Pn Wt Pct,Pn Vol Pct,Oi C6 Wt Pct,Oi C6 Vol Pct,Oi C7 Wt Pct,Oi C7 Vol Pct,Oi C8 Wt Pct,Oi C8 Vol Pct,Oi C9 Wt Pct,Oi C9 Vol Pct,Oi C10 Wt Pct,Oi C10 Vol Pct,Oi C11 Wt Pct,Oi C11 Vol Pct,Centroid Boiling Temperature,Viscosity @ 100C,Hydrogen,CarbonByWt,PValue,RamsCarbonResidueByWt,SulfideByWt,ZincByWt,TinByWt,ChromiumByWt,LeadByWt,AluminiumByWt,MagnesiumByWt,MetalByWt,ArsenicByWt,CadmiumByWt,MercuryByWt,NaClByWt,SaltByWt,MudByWt,ChloridesByWt,MolybdenumByWt,AshByWt,GumByWt,MicroCarbonResidueByWt,nC5InsolublesByWt,NaphthenicAcidByWt,NaphthenicAcidByVol,Gross Heating Value,Net Heating Value,Oxygen Content,
Hydrogen,0,20,5548,2,016000032,69,85910034,0,,0,0,0,0,0,13,9,0,0,,,13,9,10,,0,0,0,0,0,0,0,0,13,9,,,130,,,0,0,0,,0,0,,,,,0,,,,,,,,,,,,,,,,,,,,,,,,,,,,,,,,,,,,,,,,,,,,,,,,,,,,,,,,,,,,,,,,,,,,,,,,,,,,,,,,,,,,,,,,,,,,,,,,,0,0,0,0,,,,,,,,,,,,,,,100,0,,,,,,,,,,,,,,,,,,,,,0,,,,,,,
Nitrogen,0,77,3498,28,0135,806,3740234,0,,0,0,0,0,0,63,1,0,0,,,63,1,,,0,0,0,0,0,0,0,0,63,1,,,,,,0,0,0,,0,0,,,,,0,,,,,,,,,,,,,,,,,,,,,,,,,,,,,,,,,,,,,,,,,,,,,,,,,,,,,,,,,,,,,,,,,,,,,,,,,,,,,,,,,,,,,,,,,,,,,,,,,0,0,0,0,,,,,,,,,,,,,,,0,0,,,,,,,,,,,,,,,,,,,,,0,,,,,,,
CO,0,81,6996,28,0109005,799,3880005,0,,0,0,0,0,0,68,2,0,0,,,68,2,,,0,0,0,0,0,0,0,0,68,2,,,120,,,0,0,0,,0,0,,,,,0,,,,,,,,,,,,,,,,,,,,,,,,,,,,,,,,,,,,,,,,,,,,,,,,,,,,,,,,,,,,,,,,,,,,,,,,,,,,,,,,,,,,,,,,,,,,,,,,,0,0,0,0,,,,,,,,,,,,,,,0,0,,,,,,,,,,,,,,,,,,,,,0,,,,,,,
Oxygen,0,90,1996,32,1137,680054,0,,0,0,0,0,0,54,4,0,0,,,54,4,,,0,0,0,0,0,0,0,0,54,4,,,120,,,0,0,0,,0,0,,,,,0,,,,,,,,,,,,,,,,,,,,,,,,,,,,,,,,,,,,,,,,,,,,,,,,,,,,,,,,,,,,,,,,,,,,,,,,,,,,,,,,,,,,,,,,,,,,,,,,,0,0,0,0,,,,,,,,,,,,,,,0,0,,,,,,,,,,,,,,,,,,,,,0,,,,,,,
Methane,0,111,625,16,04290009,299,3940125,0,,0,0,0,0,3,90,4,0,0,,85,15,90,4,,,0,0,0,0,0,0,100,100,90,4,,,120,,,0,0,0,,0,0,,,,,0,,,,,,,,,,,,,,,,,,,,,,,,,,,,,,,,,,,,,,,,,,,,,,,,,,,,,,,,,,,,,,,,,,,,,,,,,,,,,,,,,,,,,,,,,,,,,,,,,0,0,100,100,,,,,,,,,,,,,,,25,13516209,75,,,,,,,,,,,,,,,,,,,,,0,,,,,,,
Ethylene,0,169,399,28,05380058,383,2260132,0,,0,0,0,0,6,104,0,0,,137,15,104,75,6,,0,0,0,0,100,100,0,0,104,,,100,51,,,0,0,0,,0,0,,,,,0,,,,,,,,,,,,,,,,,,,,,,,,,,,,,,,,,,,,,,,,,,,,,,,,,,,,,,,,,,,,,,,,,,,,,,,,,,,,,,,,,,,,,,,,,,,,,,,,,0,0,0,0,,,,,,,,,,,,,,,14,34761566,85,71428571,,,,,,,,,,,,,,,,,,,,,0,,,,,,,
Ethane,0,00130209875484446,184,55,30,06990051,355,6830139,0,,0,0,0,0,4,90,4,0,0,,138,15,90,4,100,79,,0,0,0,0,0,0,100,100,90,4,,,111,38,,,0,0,0,,0,0,,,,,0,,,,,,,,,,,,,,,,,,,,,,,,,,,,,,,,,,,,,,,,,,,,,,,,,,,,,,,,,,,,,,,,,,,,,,,,,,,,,,,,,,,,,,,,,,,,,,,,,0,0,100,100,,,,,,,,,,,,,,,20,11147323,80,,,,,,,,,,,,,,,,,,,,,0,,,,,,,
CO2,0,194,598,44,00970078,825,335022,0,,0,0,0,0,0,217,0,0,,,217,,,0,0,0,0,0,0,0,0,217,,,,,,0,0,0,,0,0,,,,,0,,,,,,,,,,,,,,,,,,,,,,,,,,,,,,,,,,,,,,,,,,,,,,,,,,,,,,,,,,,,,,,,,,,,,,,,,,,,,,,,,,,,,,,,,,,,,,,,,0,0,0,0,,,,,,,,,,,,,,,0,0,,,,,,,,,,,,,,,,,,,,,0,,,,,,,
H2S,0,213,498,34,07600021,788,40802,0,,0,0,0,0,0,188,0,0,,,188,,,0,0,0,0,0,0,0,0,188,,2759,,,,94,1177,0,0,,0,0,,,,,0,,,,,,,,,,,,,,,,,,,,,,,,,,,,,,,,,,,,,,,,,,,,,,,,,,,,,,,,,,,,,,,,,,,,,,,,,,,,,,,,,,,,,,,,,,,,,,,,,0,0,0,0,,,,,,,,,,,,,,,5,911554252,0,,,,,,,,,,,,,,,,,,,,,0,,,,,,,
Propene,0,225,399,42,08060074,520,9550171,0,,0,0,0,0,6,87,9,0,0,,165,87,9,84,9,,0,0,0,0,100,100,0,0,87,9,,1565,102,54,,,0,0,0,,0,0,,,,,0,,,,,,,,,,,,,,,,,,,,,,,,,,,,,,,,,,,,,,,,,,,,,,,,,,,,,,,,,,,,,,,,,,,,,,,,,,,,,,,,,,,,,,,,,,,,,,,,,0,0,0,0,,,,,,,,,,,,,,,14,36465558,85,71428571,,,,,,,,,,,,,,,,,,,,,0,,,,,,,
Propane,0,0102109161375359,231,048,44,09700012,506,678009,0,,0,0,0,0,4,5,85,5,0,0,,169,15,85,5,97,1,,0,0,0,0,0,0,100,100,85,5,,1303,112,14,,,0,0,0,,0,0,,,,,0,,,,,,,,,,,,,,,,,,,,,,,,,,,,,,,,,,,,,,,,,,,,,,,,,,,,,,,,,,,,,,,,,,,,,,,,,,,,,,,,,,,,,,,,,,,,,,,,,0,0,100,100,,,,,,,,,,,,,,,18,28426304,81,81818182,,,,,,,,,,,,,,,,,,,,,0,,,,,,,
i-Butane,0,00639947021192256,261,42,58,12400055,561,9660034,0,380,85,0,0,0,0,4,8,114,0,0,,190,15,114,97,6,,0,0,0,0,0,0,100,100,114,,489,6,101,426,,,0,0,0,,0,0,,,,,0,,,,,,,,,,,,,,,,,,,,,,,,,,,,,,,,,,,,,,,,,,,,,,,,,,,,,,,,,,,,,,,,,,,,,,,,,,,,,,,,,,,,,,,,,,,,,,,,,100,100,0,0,,,,,,,,,,,,,,,17,34802065,82,75862069,,,,,,,,,,,,,,,,,,,,,0,,,,,,,
i-Butene,0,266,299,56,10770035,592,7930298,0,286,7055556,0,0,0,0,6,133,0,0,,193,15,133,88,1,,0,0,0,0,100,100,0,0,133,,442,7,105,2096138,,,0,0,0,,0,0,,,,,0,,,,,,,,,,,,,,,,,,,,,,,,,,,,,,,,,,,,,,,,,,,,,,,,,,,,,,,,,,,,,,,,,,,,,,,,,,,,,,,,,,,,,,,,,,,,,,,,,0,0,0,0,,,,,,,,,,,,,,,14,37319073,85,71428571,,,,,,,,,,,,,,,,,,,,,0,,,,,,,
1-Butene,0,266,898,56,10770035,593,7890015,0,,0,0,0,0,6,87,8,0,0,,193,15,87,8,80,8,,0,0,0,0,100,100,0,0,87,8,,432,97,4,,,0,0,0,,0,0,,0,236064836133691,0,219972008704656,0,208210021632581,0,,,,,,,,,,,,,,,,,,,,,,,,,,,,,,,,,,,,,,,,,,,,,,,,,,,,,,,,,,,,,,,,,,,,,,,,,,,,,,,,,,,,,,,,,,,,,,,,,0,0,0,0,,,,,,,,,,,,,,,14,37319073,85,71428571,,,,,,,,,,,,,,,,,,,,,0,,,,,,,
13-Butadiene,0,268,7,54,1,619,7440186,0,,0,0,0,0,8,164,0,0,,197,15,164,73,94513286,,0,0,0,0,100,100,0,0,164,,409,6,102,9723045,,,0,0,0,,0,0,,,,,0,,,,,,,,,,,,,,,,,,,,,,,,,,,,,,,,,,,,,,,,,,,,,,,,,,,,,,,,,,,,,,,,,,,,,,,,,,,,,,,,,,,,,,,,,,,,,,,,,0,0,0,0,,,,,,,,,,,,,,,11,17841035,88,88888889,,,,,,,,,,,,,,,,,,,,,0,,,,,,,
n-Butane,0,022566552852569,272,648,58,12400055,583,2230225,0,356,35,0,0,0,0,4,8,135,0,0,,213,15,135,89,6,,0,0,0,0,0,0,100,100,135,,358,5,93,8,,,0,0,0,,0,0,,0,241514675581771,0,217701202498228,,0,,,,,,,,,,,,,,,,,,,,,,,,,,,,,,,,,,,,,,,,,,,,,,,,,,,,,,,,,,,,,,,,,,,,,,,,,,,,,,,,,,,,,,,,,,,,,,,,,0,0,100,100,,,,,,,,,,,,,,,17,34802065,82,75862069,,,,,,,,,,,,,,,,,,,,,0,,,,,,,
tr2-Butene,0,274,027,56,1,608,684021,0,,0,0,0,0,6,168,0,0,,201,168,83,84306902,,0,0,0,0,100,100,0,0,168,,343,9,105,0089318,,,0,0,0,,0,0,,,,,0,,,,,,,,,,,,,,,,,,,,,,,,,,,,,,,,,,,,,,,,,,,,,,,,,,,,,,,,,,,,,,,,,,,,,,,,,,,,,,,,,,,,,,,,,,,,,,,,,0,0,0,0,,,,,,,,,,,,,,,14,37319073,85,71428571,,,,,,,,,,,,,,,,,,,,,0,,,,,,,
i-Pentane,0,0162800153070175,301,028,72,15100098,623,4420166,0,343,95,0,0,0,0,5,113,0,0,,217,113,90,3,,0,0,0,0,0,0,100,100,113,,133,8,92,3,,,0,0,0,,0,0,,,,,0,,,,,,,,,,,,,,,,,,,,,,,,,,,,,,,,,,,,,,,,,,,,,,,,,,,,,,,,,,,,,,,,,,,,,,,,,,,,,,,,,,,,,,,,,,,,,,,,,100,100,0,0,,,,,,,,,,,,,,,16,75213296,83,33333333,,,,,,,,,,,,,,,,,,,,,0,,,,,,,
1-Pentene,0,303,096,70,13500214,638,7230225,0,292,25,0,0,0,0,6,108,0,0,,245,108,77,1,,0,0,0,0,100,100,0,0,108,,131,8,90,9,,,0,0,0,,0,0,,,,,0,,,,,,,,,,,,,,,,,,,,,,,,,,,,,,,,,,,,,,,,,,,,,,,,,,,,,,,,,,,,,,,,,,,,,,,,,,,,,,,,,,,,,,,,,,,,,,,,,0,0,0,0,,,,,,,,,,,,,,,14,37831669,85,71428571,,,,,,,,,,,,,,,,,,,,,0,,,,,,,
2M-1-butene,0,304,303,70,1,654,3800049,0,,0,0,0,0,6,136,0,0,,221,136,81,9,,0,0,0,0,100,100,0,0,136,,127,2,102,54,,,0,0,0,,0,0,,,,,0,,,,,,,,,,,,,,,,,,,,,,,,,,,,,,,,,,,,,,,,,,,,,,,,,,,,,,,,,,,,,,,,,,,,,,,,,,,,,,,,,,,,,,,,,,,,,,,,,0,0,0,0,,,,,,,,,,,,,,,14,37831669,85,71428571,,,,,,,,,,,,,,,,,,,,,0,,,,,,,
n-Pentane,0,309,209,72,15100098,629,7290039,0,343,95,0,0,0,0,5,143,0,0,,233,143,61,9,,0,0,0,0,0,0,100,100,143,,101,35,61,7,,,0,0,0,,0,0,,0,317713556013358,0,28795065870348,0,265338970196147,0,,,,,,,,,,,,,,,,,,,,,,,,,,,,,,,,,,,,,,,,,,,,,,,,,,,,,,,,,,,,,,,,,,,,,,,,,,,,,,,,,,,,,,,,,,,,,,,,,0,0,100,100,,,,,,,,,,,,,,,16,75213296,83,33333333,,,,,,,,,,,,,,,,,,,,,0,,,,,,,
cis2-Butene,0,276,867,56,1,625,9530029,0,,0,0,0,0,6,134,0,0,,203,134,83,5,,0,0,0,0,100,100,0,0,134,,314,4,100,,,0,0,0,,0,0,,,,,0,,,,,,,,,,,,,,,,,,,,,,,,,,,,,,,,,,,,,,,,,,,,,,,,,,,,,,,,,,,,,,,,,,,,,,,,,,,,,,,,,,,,,,,,,,,,,,,,,0,0,0,0,,,,,,,,,,,,,,,14,37319073,85,71428571,,,,,,,,,,,,,,,,,,,,,0,,,,,,,
3M-1-butene,0,293,204,70,1,631,2700195,0,,0,0,0,0,6,105,0,0,,217,105,85,26729455,,0,0,0,0,100,100,0,0,105,,190,101,6748769,,,0,0,0,,0,0,,,,,0,,,,,,,,,,,,,,,,,,,,,,,,,,,,,,,,,,,,,,,,,,,,,,,,,,,,,,,,,,,,,,,,,,,,,,,,,,,,,,,,,,,,,,,,,,,,,,,,,0,0,0,0,,,,,,,,,,,,,,,14,37831669,85,71428571,,,,,,,,,,,,,,,,,,,,,0,,,,,,,
2M-2-butene,0,311,704,70,1,666,1090088,0,406,15,0,0,0,0,6,139,0,0,,228,139,84,7,,0,0,0,0,100,100,0,0,139,,98,11,97,3,,,0,0,0,,0,0,,,,,0,,,,,,,,,,,,,,,,,,,,,,,,,,,,,,,,,,,,,,,,,,,,,,,,,,,,,,,,,,,,,,,,,,,,,,,,,,,,,,,,,,,,,,,,,,,,,,,,,0,0,0,0,,,,,,,,,,,,,,,14,37831669,85,71428571,,,,,,,,,,,,,,,,,,,,,0,,,,,,,
2M-13-C4==,0,307,204,68,1,684,8460083,0,,0,0,0,0,7,5,127,0,0,,219,127,81,,0,0,0,0,100,100,0,0,127,,118,6,99,1,,,0,0,0,,0,0,,,,,0,,,,,,,,,,,,,,,,,,,,,,,,,,,,,,,,,,,,,,,,,,,,,,,,,,,,,,,,,,,,,,,,,,,,,,,,,,,,,,,,,,,,,,,,,,,,,,,,,0,0,0,0,,,,,,,,,,,,,,,11,8404699,88,23529412,,,,,,,,,,,,,,,,,,,,,0,,,,,,,
tr2-Pentene,0,309,493,70,1,652,2630005,0,404,4833333,0,0,0,0,6,133,0,0,,225,133,85,14880659,,0,0,0,0,100,100,0,0,133,,106,7,100,3776273,,,0,0,0,,0,0,,,,,0,,,,,,,,,,,,,,,,,,,,,,,,,,,,,,,,,,,,,,,,,,,,,,,,,,,,,,,,,,,,,,,,,,,,,,,,,,,,,,,,,,,,,,,,,,,,,,,,,0,0,0,0,,,,,,,,,,,,,,,14,37831669,85,71428571,,,,,,,,,,,,,,,,,,,,,0,,,,,,,
cis2-Pentene,0,310,083,70,1,659,5750122,0,403,9277778,0,0,0,0,6,122,0,0,,226,122,85,14880659,,0,0,0,0,100,100,0,0,122,,104,4,100,3776273,,,0,0,0,,0,0,,,,,0,,,,,,,,,,,,,,,,,,,,,,,,,,,,,,,,,,,,,,,,,,,,,,,,,,,,,,,,,,,,,,,,,,,,,,,,,,,,,,,,,,,,,,,,,,,,,,,,,0,0,0,0,,,,,,,,,,,,,,,14,37831669,85,71428571,,,,,,,,,,,,,,,,,,,,,0,,,,,,,
Cyclopentane,0,322,398,70,13500214,748,8740234,0,289,95,0,0,0,0,6,179,0,0,,233,179,84,9,,100,100,0,0,0,0,0,0,179,,41,7,101,426,,,0,0,0,,0,0,,0,483269667509962,0,429891392256475,,0,,,,,,,,,,,,,,,,,,,,,,,,,,,,,,,,,,,,,,,,,,,,,,,,,,,,,,,,,,,,,,,,,,,,,,,,,,,,,,,,,,,,,,,,,,,,,,,,,0,0,0,0,,,,,,,,,,,,,,,14,37831669,85,71428571,,,,,,,,,,,,,,,,,,,,,0,,,,,,,
Cyclopentene,0,317,38,68,1,776,5159912,0,458,3722222,0,0,0,0,7,5,138,0,0,,244,138,69,7,,100,100,0,0,0,0,0,0,138,,81,04,93,3,,,0,0,0,,0,0,,,,,0,,,,,,,,,,,,,,,,,,,,,,,,,,,,,,,,,,,,,,,,,,,,,,,,,,,,,,,,,,,,,,,,,,,,,,,,,,,,,,,,,,,,,,,,,,,,,,,,,0,0,0,0,,,,,,,,,,,,,,,11,8404699,88,23529412,,,,,,,,,,,,,,,,,,,,,0,,,,,,,
22-Mpropane,0,282,648,72,2,595,5930176,0,291,7055556,0,0,0,0,5,257,0,0,,225,257,80,2,,0,0,0,0,0,0,100,100,257,,251,8,85,5,,,0,0,0,,0,0,,,,,0,,,,,,,,,,,,,,,,,,,,,,,,,,,,,,,,,,,,,,,,,,,,,,,,,,,,,,,,,,,,,,,,,,,,,,,,,,,,,,,,,,,,,,,,,,,,,,,,,100,100,0,0,,,,,,,,,,,,,,,16,75213296,83,33333333,,,,,,,,,,,,,,,,,,,,,0,,,,,,,
33M-1-butene,0,314,397,84,16,657,1190186,0,,0,0,0,0,6,,0,0,,241,15,157,95,93,3,,0,0,0,0,100,100,0,0,,,91,82,111,77,,,0,0,0,,0,0,,,,,0,,,,,,,,,,,,,,,,,,,,,,,,,,,,,,,,,,,,,,,,,,,,,,,,,,,,,,,,,,,,,,,,,,,,,,,,,,,,,,,,,,,,,,,,,,,,,,,,,0,0,0,0,,,,,,,,,,,,,,,14,3716,85,71428571,,,,,,,,,,,,,,,,,,,,,0,,,,,,,
H2O,0,373,148,18,01510048,997,9860229,0,,0,0,0,0,0,,0,0,,,,,,0,0,0,0,0,0,0,0,,,,,,,0,0,0,,0,0,,0,698140124178851,0,560124358458913,0,474686748589316,0,,,,,,,,,,,,,,,,,,,,,,,,,,,,,,,,,,,,,,,,,,,,,,,,,,,,,,,,,,,,,,,,,,,,,,,,,,,,,,,,,,,,,,,,,,,,,,,,,0,0,0,0,,,,,,,,,,,,,,0,279783740086422,11,18972388,0,,,,,,,,,,,,,,,,,,,,,0,,,,,,,
36-40C*,0,0387666198597999,313,149994,71,9884716770171,660,550959622825,0,00325513804904184,285,049245335136,1,19403024944223,1,62033706629459,4,69452128284315E-05,0,5,21590085114691,102,550567226433,0,000506347786565729,0,20,4350635413401,237,452880911821,143,153174034017,67,3775507475144,76,1346419475144,19,3270991406289,19,500685312332,0,0,0,0,79,4788706099288,78,8789776213734,102,550567226433,1,36905700773336,69,771486719745,86,1269637756945,94,8840549756945,51,2054647334049,9,68753682704646E-07,0,000408074066614725,3,42229131613421E-12,94,1972145768408,0,0,114,77844734975,0,382735326383027,0,367519374904485,0,363153669357421,0,0,0,0,0,0,0,0,0,0,0,0,0,0,0,0,0,0,0,0,0,0,0,0,0,0,0,0,0,0,0,0,0,0,0,0,0,0,0,0,0,0,0,0,0,0,0,0,0,0,0,0,0,0,0,0,0,0,0,0,0,0,0,0,0,0,0,0,0,0,0,0,0,0,0,0,0,0,0,0,0,0,0,0,0,0,0,0,0,0,0,0,0,0,0,0,0,40,2943062762843,0,38,5846713450891,79,4788706099288,0,0,0,0,0,0,0,0,0,0,0,0,311,149997,0,280859173986089,16,0651669625467,83,7943180337647,0,0,0233178300012145,0,0,0,0,0,0,0,0,0,0,0,4,04699528653967E-12,0,8,69153350129324E-11,0,2,17288337532331E-14,2,53503067697331E-11,0,0,000506347786565729,0,0,0,48070,6284616252,44609,3074415486,0,
40-50C*,0,0249369951869777,323,149994,74,6867475983987,672,34708885877,0,00402797682001722,286,071559848925,1,45205505637872,1,90164646035513,6,04433793923271E-05,0,5,19333557668716,104,1219292312,0,000651938068311873,0,21,8212215197234,241,95145889631,143,683080636002,65,8772029418596,74,6342941418595,21,9736540362029,24,2414196960621,0,0,0,0,76,5742909074184,73,8569338435828,104,1219292312,1,37486604694264,53,8534496241554,82,6148856148183,91,3719768148183,48,2561961134041,1,1369406094524E-06,0,000399116828562573,1,5400310922604E-11,66,689087343625,0,0,108,954825286546,0,395875412885807,0,378753415489579,0,372898533862031,0,100,100,0,0,0,0,0,0,0,0,0,0,0,0,0,0,0,0,0,0,0,0,0,0,100,100,0,0,0,0,0,0,0,0,0,0,0,0,0,0,0,0,0,0,0,0,0,0,0,0,0,0,0,0,0,0,0,0,0,0,0,0,0,0,0,0,0,0,0,0,0,0,0,0,0,0,0,0,0,0,0,0,0,0,0,0,0,0,0,0,0,0,0,0,0,0,38,2845247719638,76,5742909074184,35,572409071619,0,0,0,0,0,0,0,0,0,0,0,0,0,318,15,0,287003724752013,16,0895356676641,83,5583579952573,0,0,0258885202591218,0,0,0,0,0,0,0,0,0,0,0,1,82114787894285E-11,0,3,91119007558196E-10,0,9,7779751889549E-14,1,14076380463799E-10,0,0,000651938068311873,0,0,0,47902,8809915941,44492,848576349,0,
50-60C*,0,0271085517314334,333,149994,78,5800553576591,689,198702052977,0,0051320322071249,287,532009154338,1,85235160516571,2,30351702329874,7,2813779837747E-05,0,5,22296916833701,106,556717766761,0,000785364343475686,0,22,7801685455114,246,919469649669,144,531051329491,63,7338489337812,72,4909401337812,26,046536326823,31,013897387105,0,0,0,0,72,1011120680113,66,6825855895962,106,556717766761,1,38336570045242,40,4588243352976,77,5976310992809,86,3547222992809,44,2254863686703,1,37720764766347E-06,0,000386320774202356,3,2511767503275E-11,46,9073840140768,0,0,100,703194580056,0,416388773162965,0,396227885829192,0,387999313803361,0,44,1368270469668,44,3947869090045,18,9781583512789,18,7273938424613,36,8850145984103,36,8778192452467,3,34405580833288E-09,3,2874350345879E-09,0,0,0,0,0,0,0,0,0,0,0,0,0,0,0,0,100,100,0,0,0,0,0,0,0,0,0,0,0,0,0,0,0,0,0,0,0,0,0,0,0,0,0,0,0,0,0,0,0,0,0,0,0,0,0,0,0,0,0,0,0,0,0,0,0,0,0,0,0,0,0,0,0,0,0,0,0,0,0,0,0,0,0,0,0,0,0,0,35,4134083372202,72,1011120680113,31,269177252376,0,0,0,0,0,0,0,0,0,0,0,0,0,328,15,0,296576541315865,16,0107696001037,83,6237559826891,0,0,027768911471402,0,0,0,0,0,0,0,0,0,0,0,3,84464552221268E-11,0,8,25695682622858E-10,0,2,06423920655714E-13,2,40827914312464E-10,0,0,000785364343475686,0,0,0,47673,2027705086,44333,3942192507,0,
60-70C*,0,0291132689644602,343,149994,82,5344030337572,707,328546743831,0,00632787896915996,288,992458459751,5,83715909142782,7,14317815338967,9,56858431540124E-05,0,000333792099963855,5,31363035150561,109,193870113966,0,00103206082085044,0,22,2416286763331,252,357995291657,145,532323629302,61,5089818604429,70,2660730604429,29,3942903836067,33,3485845110007,0,0,000337163737337227,0,0,64,7685505249654,59,5082373356096,109,193870113966,1,39272603498245,29,583538417411,72,4249737377753,81,1820649377753,40,0994690824282,1,61747468587454E-06,0,00037332868855165,4,96232240839461E-11,32,7730229688828,0,0,91,9064412938232,0,439177709706635,0,415560093171484,0,404635175784923,0,0,0,0,000105976869033247,0,000105581640609961,18,375407274126,18,5483929892667,23,3040529546744,23,1296555130733,0,0,0,0,0,0,0,0,0,0,0,0,0,0,0,0,41,6795662056694,41,6781540839806,0,0,0,0,0,0,0,0,0,0,58,3150173885209,58,31707321197,0,0,0,0,0,0,0,0,0,0,0,0,0,0,0,0,0,0,0,0,0,0,0,0,0,0,0,0,0,0,0,0,0,0,0,00541640580965863,0,00477270404941172,0,0,0,0,0,0,0,0,0,0,0,00541640580965863,0,00477270404941172,0,0,0,0,0,0,0,0,0,0,32,5422919024766,26,9956247070294,26,965945433133,37,772925817936,0,0,0,0,0,0,0,0,0,0,0,0,338,15,0,307175155961163,15,7776439610261,83,8365678265576,0,0,0305015806324073,0,0,0,0,0,0,0,0,0,0,0,5,86814316548251E-11,0,1,26027235768752E-09,0,3,1506808942188E-13,3,6757944816113E-10,0,0,00103206082085044,0,0,0,47438,3234615698,44170,3290012012,0,
70-80C*,0,0308474124413144,353,149994,86,5796996082976,726,583538925896,0,00759487189975885,291,458914860992,10,8685178078927,13,2406697633974,0,000120177713859938,0,00166031300296389,5,47546109715972,112,009887669274,0,00129622842759071,0,20,6473796243562,261,223747297896,146,73362387359,59,2536192036622,68,0107104036622,32,4400933491939,34,4254411549796,0,0,00167708384137767,0,0,56,6913888429133,52,333889081623,112,009887669274,1,40294979749539,21,0531384732705,67,230115969703,75,987207169703,35,9415397600617,8,04546977958207E-06,0,000360114436724378,6,67346806646172E-11,22,7403242732689,0,0,82,6834326226551,0,464527968925843,0,436976889216414,0,422991487246019,0,0,0,0,0,0,0,0,0,2,10389319307939,2,38621291951379,0,879078002305556,0,998474373738043,0,0,0,0,0,0,0,0,0,0,0,0,0,0,2,98297119538495,3,38468729325184,0,0,0,0,0,0,0,0,0,676309749263039,0,783618414276406,0,0,0,0,0,0,0,0,0,0,0,0,0,0,0,0,0,0,0,0,0,0,15,5006006493037,13,4908327832046,0,0,0,0,0,0,0,0,0,0,75,9135902279761,77,5026434770197,4,92652817807217,4,83821803224743,0,0,0,0,0,0,0,0,80,8401184060483,82,3408615092672,0,0,0,0,0,0,0,0,0,0,29,671175467733,46,033721352744,22,66271361389,10,6576674901693,0,0,0,0,0,0,0,0,0,0,0,0,348,15,0,318911178720555,15,3792007297412,84,2082153011084,0,0,0327621320424058,0,0,0,0,0,0,0,0,0,0,0,7,89164080875235E-11,0,1,69484903275218E-09,0,4,23712258188046E-13,4,94330982009795E-10,0,0,00129622842759071,0,0,0,47201,7026608158,44006,0547505474,0,
80-90C*,0,0318631389387398,363,149994,90,7597183539275,741,895399239421,0,00858681305021447,296,356454884926,15,2320122928162,17,5543298951433,0,000146079389470348,0,00341652885663038,5,63966461697452,114,981271829143,0,00157560209155953,0,20,5110954835697,268,141955218325,145,762807717667,57,1410602531975,65,8981514531975,37,3464032867505,40,6608502050998,0,0,0034510392491216,0,0,47,4215844204333,41,7848198997569,114,981271829143,1,41142035628272,14,4139823059403,62,2128614541655,70,9699526541655,32,8322037178192,1,27430305895343E-05,0,000347542733782453,8,38461372452882E-11,15,6673092791443,0,0,75,5513835368468,0,492768523907469,0,460738538673927,0,443280787174415,0,0,0,0,0,0,0,0,0,0,0724426280182906,0,0817049125117879,2,80575723651955,3,16904254892222,0,0,0,0,4,85691925007362,5,31248429565741,13,1724182749746,14,7569168725778,0,00268724231865102,0,00297271106219337,2,97125355183322E-12,3,23547791469269E-12,0,0,20,9102246319077,23,3231213407346,0,0,0,0,0,0,0,0,0,0,0,0,0,0,0,0,0,0,0,0,0,0,0,0,0,0,0,0,0,0,0,0,12,7172461684491,11,0065643750317,0,0,0,0,0,0,0,0,0,0,0,0,39,1130033496682,38,197425973875,0,0,0,0,0,0,0,0,39,1130033496682,38,197425973875,27,259525849975,27,4728883103586,0,0,0,0,0,0,0,0,23,4253381051099,47,4215844204333,18,359481794647,0,0,0,0,0,0,0,0,0,0,0,0,0,358,15,0,331909541408746,14,9963138404882,84,5741805512465,0,0,0346933293456865,0,0,0,0,0,0,0,0,0,0,0,9,91513845202218E-11,0,2,12942570781684E-09,0,5,32356426954211E-13,6,2108251585846E-10,0,0,00157560209155953,0,0,0,47022,3053041459,43881,5079387612,0,
90-100C*,0,0320327269443941,373,149994,95,7435487613719,751,63807218759,0,00936697337720738,301,704605921974,16,8774842275843,19,9065891614559,0,000173180867500071,0,00446030983410082,5,7446048643463,118,08452399003,0,00186791674061995,0,22,4423123883897,275,043226968107,153,145813009074,55,2038261189851,63,9609173189851,37,8088606264309,38,87305196962,0,0,00450536346878871,0,0,45,3136551459848,41,2203588689242,118,08452399003,1,41705674595623,9,13786851802737,57,3732101911631,66,1303013911631,30,9882653544054,2,61937761606567E-05,0,000335701438788545,1,00957593825959E-10,10,7156648150324,0,0,71,2268555187855,0,524279582947275,0,487144735895107,0,465747639891745,0,0,0,0,0,0,0,0,0,0,0,0,0,0,0,0,0,2,36196611072846,2,33083840315083,15,3106639800558,15,4748294029295,24,1970376563966,24,1495919031853,1,5497252802482,1,52249252868016,0,0,43,419393027429,43,4777522379458,0,0,0,0,0,0,0,0,0,0,54,5499858595204,54,7113495692257,0,0,0,0,0,0,0,0,0,0,0,0,0,0,0,0,0,0,0,0,0,0,0,0,0,0,0,0,0,0,0,0,0,0,0,0,0,0,0,0,0,0,0,0,0,0,2,0306211130506,1,81089819282857,0,0,0,0,0,0,0,0,24,7804372536621,20,0647101885288,16,439921615262,25,248944957456,0,0,0,0,0,0,0,0,0,0,0,0,368,15,0,346310393140943,14,7628829605058,84,8069292666964,0,0,0363832021847165,0,0,0,0,0,0,0,0,0,0,0,1,1938636095292E-10,0,2,56400238288151E-09,0,6,41000595720376E-13,7,47834049707126E-10,0,0,00186791674061995,0,0,0,46911,9627609019,43804,9025069949,0,
100-110C*,0,0319762643218268,383,149994,100,56639971204,758,309778361447,0,00999862383741813,307,33116607614,18,0109434441232,21,165430361213,0,000201272145463931,0,00608657313918361,5,80748044608141,121,296145548394,0,00217090730263501,0,25,3121412865994,281,929104575811,159,88287174694,53,3919523892042,62,1490435892042,37,5564413048115,38,222449325635,0,0,00614805367594304,0,0,44,4326152510653,40,6121203131521,121,296145548394,1,4210506395835,6,76320973666146,52,7111621806956,61,4682533806956,29,8116415451528,4,34164451145586E-05,0,000324678410805322,1,1806905040663E-10,7,27405367643317,0,0,68,4303961045513,0,559502367050784,0,516541917825322,0,490674528070472,0,0,0,0,0,0,0,0,0,0,0,0,0,0,0,0,0,0,0,0,0,0,0,0,0,0,0,0,0,0,0,0,0,0,0,0,0,0,0,0,0631314062071861,0,0715398220346971,0,0,0,0,0,0,0,0,0,0,0,0,0,0,0,0,0,0,0,0,0,0,7,02127445219436,6,2808279258037,0,0,0,0,0,0,0,0,0,0,0,0,0,0,0,0,0,0,0,0,0,0,92,9155941415985,93,6476322521616,0,0,0,0,0,0,0,0,23,6134840648615,44,3610754290306,16,9986362482906,0,0715398220346971,0,0,0,0,0,0,0,0,0,0,0,0,378,15,0,362271323566245,14,6276705596009,84,9499107466027,0,0,0378889318567403,0,0,0,0,0,0,0,0,0,0,0,1,39621337385618E-10,0,2,99857905794617E-09,0,7,49644764486542E-13,8,74585583555791E-10,0,0,00217090730263501,0,0,0,46838,0366603343,43753,5792305298,0,
110-120C*,0,0315179238961298,393,149994,105,960489021775,769,51367913461,0,0105450353875273,313,063933451426,19,1556800710653,22,4242715609701,0,000230143220876754,0,0077128364442664,5,96827481580687,127,787193888087,0,00248230870546776,0,25,8470761047051,288,800875057926,167,053350069575,51,5533758363822,60,3104670363822,37,315303925906,37,6156242065893,0,0,00779074388309738,0,0,43,5290160030287,39,9601042324406,124,592637900692,1,42753005457378,6,50296821002538,48,226717422763,56,983808622763,27,7676202136802,6,06391140684604E-05,0,000314561508895454,1,35180506987301E-10,4,89968911879822,0,0,63,5039456067195,0,598951107822085,0,549332197911261,0,518389045272881,0,0,0,0,0,0,0,0,0,0,0,0,0,0,0,0,0,0,0,0,0,0,0,0,0,0,0,0,0,39,0849892472576,42,8646893951504,0,0,0,0,0,0,0,0,0,0,0,0,0,0,0,0,0,0,0,0,0,0,0,0,0,0,0,0,0,0,0,0,31,2810708869025,27,8703956801601,0,0,0,0,0,0,0,0,0,0,0,0,0,0,0,0,0,0,0,0,0,0,0,0,29,63393986584,29,2649149246895,0,0,0,0,0,0,22,4027533511215,43,5290160030287,17,5573508813191,0,0,0,0,0,0,0,0,0,0,0,0,0,388,15,0,379969979719535,14,2888526647504,85,2797995058044,0,0,0392491145974874,0,0,0,0,0,0,0,0,0,0,0,1,59856313818317E-10,0,3,43315573301083E-09,0,8,58288933252708E-13,1,00133711740446E-09,0,0,00248230870546776,0,0,0,46757,8413044558,43691,2364090313,0,
120-130C*,0,0306350613233931,403,149994,111,381662727517,774,394502139828,0,0110694789842154,318,631659177694,21,0101868726396,24,7130995775716,0,000259539470356554,0,0093390997493492,6,01180449661795,136,564868796906,0,00279937459910486,0,28,8149135689675,295,659628714321,173,870930403393,49,9052019078644,58,6622931078644,36,7605908856108,36,0225897956387,0,0,00943343409025172,0,0,42,2292222417496,39,2643106267897,127,945560848173,1,43051788543511,6,24778515459541,43,9198759173654,52,6769671173654,26,9977552950134,7,30835779898854E-05,0,000305438592121611,6,45995804737347E-09,3,27410946973025,0,0,61,6259062566133,0,643227847762673,0,585984338190197,0,54927272302459,0,0,0,0,0,0,0,0,0,0,0,0,0,0,0,0,0,0,0,0,0,0,0,0,0,0,0,0,0,0,000102437570532472,0,000104969193470525,0,0,0,0,0,0,0,0,0,0,78,9274098940785,80,6411584813888,0,0,0,0,0,0,0,0,0,0,0,0,0,0,0,0,0,0,0,0,0,0,0,0,0,0,0,0,0,0,0,0,0,0,0,0,0,0,0,0,0,0,0,0,0,0,21,072487668351,19,3587365494177,0,0,0,0,0,0,21,148245112442,0,18,1160655143476,42,2292222417496,0,0,0,0,0,0,0,0,0,0,0,0,398,15,0,399607157240378,14,2016791748773,85,3777187230529,0,0,0404887688659191,0,0,0,0,0,0,0,0,0,0,0,7,63915673856069E-09,0,1,64062426599961E-07,0,4,10156066499903E-11,4,78515424588422E-08,0,0,00279937459910486,0,0,0,46696,5176325288,43646,3047422668,0,
130-140C*,0,0296181247485487,413,149994,116,976487358251,778,152955588577,0,0116889503519698,320,130693375416,21,4062787389659,24,8441754782663,0,000287371507391993,0,011979081476702,6,03504192602662,145,283418633062,0,00309956900657329,0,31,9932265737548,302,506300924676,180,505122033401,48,3434164394212,57,1005076394212,36,9448011742795,36,6492845200497,0,0,012100082299699,0,0,41,6489200867546,38,5065400016841,131,122248872095,1,43284979077717,5,99771301597607,39,7906376645028,48,5477288645028,26,4539692329939,0,000106193738537048,0,000297726420670045,1,47766301405404E-08,2,16992315290012,0,0,60,2919435450046,0,69304079797408,0,627047299096868,0,583771926398649,0,0,0,0,0,0,0,0,0,0,0,0,0,0,0,0,0,0,0,0,0,0,0,0,0,0,0,0,0,0,0,6,449056125174E-16,7,31487392312229E-16,0,0,0,0,0,0,0,0,0,0,0,0,0,0,0,0,0,0,0,0,0,0,0,0,0,0,0,0,0,0,0,0,16,1406684328444,15,2927144762377,7,27421516226167E-18,6,76514605974892E-18,16,7822887654332,15,9494389633939,16,7910919596573,15,8513502913426,0,0,0,0,49,7140491579349,47,0935037309742,0,0,0,0,0,0,0,0,0,0,50,2859508420651,52,9064962690258,0,0,0,0,0,0,19,8317598543079,41,6489200867546,18,6747801473762,0,0,0,0,0,0,0,0,0,0,0,0,0,408,15,0,421410465258704,14,1566444607829,85,4359428526773,0,0,0415582460396166,0,0,0,0,0,0,0,0,0,0,0,1,74739515154009E-08,0,3,75279495632771E-07,0,9,38198739081927E-11,1,09456522686887E-07,0,0,00309956900657329,0,0,0,46647,5321316326,43609,946377907,0,
140-150C*,0,0285047535300123,423,149994,122,773732226542,782,640999234537,0,0125835625340166,321,629727573138,21,7604247120906,25,0401845724855,0,000315237656881144,0,0246242567215421,6,07711571317418,153,78276208158,0,00340013134858478,0,34,6100173937658,309,341702896494,186,93187018862,46,8309802359789,55,5880714359789,37,5837488729525,37,4105463789017,0,0,0248729865874162,0,0,40,655826414957,37,5492690486128,134,298936896016,1,43555714366885,5,75280214706209,35,8390026641751,44,5960938641751,25,7791449390887,0,000244172080503865,0,000292427010183217,2,30933022337072E-08,1,42597351899186,0,0,58,6279782582963,0,749227238870709,0,673167069167356,0,62241138409208,0,0,0,0,0,0,0,0,0,0,0,0,0,0,0,0,0,0,0,0,0,0,0,0,0,0,0,0,0,0,0,72,0912394731412,75,5848818071246,0,0,0,0,0,0,0,0,0,0,2,09314226833426,2,20638908383992,0,0,0,0,0,0,0,0,0,0,0,0,0,0,0,0,0,0,0,0,0,962219969207329,0,842712016708973,24,8403129996551,21,3545220558068,0,0130232209111107,0,0114407471156862,3,70497728002861E-13,3,2330664402073E-13,0,0,0,0,25,8155561897739,22,2086748196318,6,20687506583415E-05,5,42894036794055E-05,0,0,0,0,0,0,0,0,0,0,0,0,0,0,0,0,18,3157742682081,38,4494373311171,19,2334947804047,2,20638908383992,0,0,0,0,0,0,0,0,0,0,0,0,418,15,0,445638687527134,14,0738279118039,85,528280747333,0,0,0425482489718994,0,0,0,0,0,0,0,0,0,0,0,2,73087462922411E-08,0,5,86496564665581E-07,0,1,46624141166395E-10,1,71061502914932E-07,0,0,00340013134858478,0,0,0,46587,1295159258,43564,6270998047,0,
150-160C*,0,0272600504649375,433,149994,128,854560616068,786,631912524867,0,013630112281262,323,12876177086,22,1144482825875,25,2361936667047,0,000343134059254137,0,0372694319663821,6,11129278095688,162,159953829826,0,0037010199960883,0,37,222231328288,316,166544788216,193,353065534569,45,3045087387947,54,0615999387947,38,2244277359548,38,1718082377538,0,0,0376458908751334,0,0,39,6611239814577,36,5919980955416,137,475624919938,1,43795483137398,5,51310065825743,31,8207664441468,40,5778576441468,25,2069648231364,0,000382150422470682,0,00028823797284325,3,14099743268741E-08,0,928922263560238,0,0,57,2096899666312,0,812782259107614,0,72510769463056,0,665811096372696,0,0,0,0,0,0,0,0,0,0,0,0,0,0,0,0,0,0,0,0,0,0,0,0,0,0,0,0,0,0,0,0,0,0,0,0,0,0,0,0,0,0,0,16,6055932513443,18,6166041179255,0,0,0,0,0,0,0,0,0,0,0,0,0,0,0,0,0,0,0,0,0,0,0,0,0,0,0,0,0,0,0,0,0,0,36,9644075334685,34,3865442477996,0,0,0,0,0,0,0,0,0,0,46,4299992151872,46,9968516342749,0,0,0,0,16,7997886821083,21,0445198635322,19,7922094134332,18,6166041179255,0,0,0,0,0,0,0,0,0,0,0,0,428,15,0,472586991720787,14,0076018439385,85,6045560273797,0,0,0434731997651941,0,0,0,0,0,0,0,0,0,0,0,3,71435410690813E-08,0,7,97713633698391E-07,0,1,99428408424598E-10,2,32666483142978E-07,0,0,0037010199960883,0,0,0,46531,7563885397,43522,6709693421,0,
160-170C*,0,0259920362004703,443,149994,135,227151422391,790,257345883365,0,0147983699550123,324,627795968582,22,2799447923117,25,4322027609239,0,000371056854941103,0,0499146072112221,6,13983532565103,170,400416948715,0,00400219332003284,0,39,794719356096,322,981453432259,200,14920302081,43,7134131376839,52,4705043376839,38,541027687331,38,1538773034918,0,0,0504187951628506,0,0,39,1790275203573,36,4139199355844,140,652312943859,1,44011526409237,5,27865426312549,27,6027265650167,36,3598177650167,24,7100564977567,0,000520128764437499,0,000284646310401209,3,9726646420041E-08,0,599691777132532,0,0,55,9724563236777,0,884895046572028,0,78377772271887,0,714707604534065,0,0,0,0,0,0,0,0,0,0,0,0,0,0,0,0,0,0,0,0,0,0,0,0,0,0,0,0,0,0,0,0,0,9,00191572763456E-05,9,76100668140419E-05,0,0,0,0,0,0,0,0,0,0,1,50113652050918E-05,1,63432698313311E-05,0,0,0,0,0,0,0,0,0,0,0,0,0,0,0,0,0,0,0,0,0,0,0,0,0,0,0,0,0,0,0,0,0,0,0,0,0,0,0,0,0,0,0,0,99,9998949694775,99,9998860466633,0,0,0,0,16,0629958891226,39,1790111770874,20,3509240464617,1,63432698313311E-05,0,0,0,0,0,0,0,0,0,0,0,0,438,15,0,502593175970509,13,953034801224,85,6693359725935,0,0,0443439354236728,0,0,0,0,0,0,0,0,0,0,0,4,69783358459215E-08,0,1,0089307027312E-06,0,2,522326756828E-10,2,94271463371023E-07,0,0,00400219332003284,0,0,0,46480,1634010571,43483,2696907084,0,
170-180C*,0,0246722101379429,453,149994,141,896251269006,793,64894973383,0,0160883172071628,326,126830166304,22,5973747473145,25,6282118551431,0,000399002184372174,0,0544897332124361,6,16529965081653,178,488897554632,0,00430360969136736,0,42,2887406970656,329,786986146791,206,561155590569,42,1269941267337,50,8840853267337,39,1222791825189,38,7792998079286,0,0,0567597815375216,0,0,38,2803460701666,35,5924883369283,143,829000967781,1,44211191525098,5,04950611959061,23,3846866858866,32,1417778858866,24,2622628122492,0,000658107106404315,0,000281307158853404,4,80433185132079E-08,0,383559308039418,0,0,54,8531118756431,0,966995015651993,0,850263671991889,0,769980933567899,0,0,0,0,0,0,0,0,0,0,0,0,0,0,0,0,0,0,0,0,0,0,0,0,0,0,0,0,0,0,0,0,0,85,3634362855427,85,4453188221492,0,0,0,0,0,0,0,0,0,0,12,8683661143914,12,9329883663739,0,0,0,0,0,0,0,0,0,0,0,0,0,0,0,0,0,0,0,0,0,0,0,0,0,0,0,0,0,0,0,0,0,0,9,88151772272719E-10,8,40740038674356E-10,0,0,0,0,0,0,0,0,0,0,1,7681975990778,1,62169281063623,0,0,14,6828496574381,25,3473577037927,20,9096386794903,12,9329883663739,0,0,0,0,0,0,0,0,0,0,0,0,448,15,0,536045188937387,13,9048897216717,85,7278117456652,0,0,0451687884356785,0,0,0,0,0,0,0,0,0,0,0,5,68131306227617E-08,0,1,22014777176401E-06,0,3,05036942941003E-10,3,55876443599068E-07,0,0,00430360969136736,0,0,0,46430,83426804,43445,3487167347,0,
180-190C*,0,0234802612500111,463,149994,148,86253749955,796,938374500061,0,0174999356896084,327,625864364025,22,9342168040321,25,8242209493623,0,00042696618797748,0,0583090056895388,6,19043981832595,186,409470646863,0,00460522748104085,0,44,6625592991186,336,583641658298,212,873431682906,40,5426186974682,49,2997098974682,39,7393035128963,39,4884859581915,0,0,0736934522609757,0,0,37,3264796830716,34,6872930924462,147,005688991702,1,44401862268504,4,82569666684509,19,1666468067565,27,9237380067565,23,838412114004,0,000796085448371132,0,000277875654196145,5,63599906063748E-08,0,242975333809528,0,0,53,7897751730204,1,06081083817093,0,925872690386536,0,83268897159591,0,0,0,0,0,0,0,0,0,0,0,0,0,0,0,0,0,0,0,0,0,0,0,0,0,0,0,0,0,0,0,0,0,0,0,0,0,0,0,0,0,0,0,0,0,0,0,0,0,0,0,0,0,0,0,0,0,0,0,0,0,0,0,0,0,0,0,0,0,0,0,0,0,0,0,0,0,0,0,0,0,42,5911598915532,40,7667747249086,0,0,0,0,0,0,0,0,0,0,57,4088320946846,59,2332164667743,8,01376213977128E-06,8,80831716646586E-06,13,2189397799274,37,3264796830716,21,4683533125188,0,0,0,0,0,0,0,0,0,0,0,0,0,458,15,0,573390220105192,13,8573069116471,85,7828244806235,0,0,0459542924328775,0,0,0,0,0,0,0,0,0,0,0,6,66479253996019E-08,0,1,43136484079682E-06,0,3,57841210199205E-10,4,17481423827113E-07,0,0,00460522748104085,0,0,0,46382,0497282566,43407,6310500226,0,
190-200C*,0,0223892700907022,473,149994,155,940512437196,801,366211572973,0,0192603713826449,332,178679103988,23,2953707659867,26,0202300435815,0,000454945006187153,0,0621326428003825,6,24434647304587,194,035435146833,0,00490700506000227,0,46,3865151045228,343,371868852483,218,902686488986,38,9354750220691,47,6925662220691,40,4007877920828,40,2973357851797,0,0,616284627045767,0,0,36,3038414419305,33,6824341712388,150,182377015624,1,44653028466956,4,60726345815307,14,9486069276263,23,7056981276263,23,2140605431504,0,00721713744642069,0,000269326012732292,6,46766626995417E-08,0,152398580138068,0,0,52,2166250625687,1,16844652957888,1,01218731819969,0,904111677509051,0,0,0,0,0,0,0,0,0,0,0,0,0,0,0,0,0,0,0,0,0,0,0,0,0,0,0,0,0,0,0,0,0,0,0,45,8542286420188,46,1386734474243,0,0,0,0,0,0,0,0,0,0,5,09491429355764,5,13522620774961,0,0,0,0,0,0,0,0,0,0,0,0,0,0,0,0,0,0,0,0,0,0,0,0,0,0,0,0,0,0,0,0,0,0,0,0,0,0,0,0,0,0,0,0,0,0,49,0508570644236,48,7261003448261,11,6553662256915,31,1686152341809,22,0270679455473,5,13522620774961,0,0,0,0,0,0,0,0,0,0,0,0,468,15,0,615145734488538,13,7526324748559,85,8762020894627,0,0,0467056579010046,0,0,0,0,0,0,0,0,0,0,0,7,64827201764421E-08,0,1,64258190982963E-06,0,4,10645477457408E-10,4,79086404055158E-07,0,0,00490700506000227,0,0,0,46314,9835823064,43355,465283924,0,
200-210C*,0,0214144817627233,483,149994,163,12916624551,806,78161051937,0,0213117908121685,332,817656372063,23,6861602300801,26,2162391378007,0,000482934779431324,0,0659606445449673,6,32504260561832,201,370697977789,0,00520890079920061,0,47,54535017062,350,152073867354,224,659551221654,37,3085801092003,46,0656713092003,41,1161937901472,41,2217493197923,0,1,50274334608824,0,0,35,1976459797727,32,5620115424071,153,359065039545,1,44956512752182,4,39424098978377,10,7305670484962,19,4876582484962,22,4227212442636,0,0177606930884374,0,000257586684537706,2,51617275306045E-07,0,0946120787502722,0,0,50,2110725728105,1,29248025576039,1,11113632783444,0,985808389140644,0,0,0,0,0,0,0,0,0,0,0,0,0,0,0,0,0,0,0,0,0,0,0,0,0,0,0,0,0,0,0,0,0,0,0,3,30807233962699E-14,3,83142695581483E-14,0,0,0,0,0,0,0,0,0,0,1,83781796645944E-15,2,13218571823471E-15,0,0,0,0,0,0,0,0,0,0,0,0,0,0,0,0,0,0,0,0,0,0,0,0,0,0,0,0,0,0,0,0,0,0,90,6869229073489,90,6691279543654,0,0,0,0,0,0,0,0,0,0,0,0,9,97622896383121,35,1976459797727,22,5857825785759,0,0,0,0,0,0,0,0,0,0,0,0,0,478,15,0,661912926003837,13,5990221640433,86,0143945823221,0,0,0474271017756598,0,0,0,0,0,0,0,0,0,0,0,2,97547412861911E-07,0,6,39028000777258E-06,0,1,59757000194314E-09,1,863831722186E-06,0,0,00520890079920061,0,0,0,46230,8949309155,43289,6051267046,0,
210-220C*,0,0205436280597185,493,149994,170,535370109766,812,437351510041,0,0234740888337741,333,295513723043,24,1124463582142,26,4122482320199,0,000510931648140123,0,0697930109232931,6,41576824621494,208,483424310611,0,00551087306958483,0,48,4826181168586,356,924625903101,230,240841464539,35,676878355446,44,433969555446,41,8959624677818,42,2776265929284,0,2,38920206513072,0,0,33,991591174004,31,3101251750517,156,535753063467,1,45270619354147,4,18666052635124,6,5125271693661,15,2696183693661,21,6021558307981,0,0283042487304542,0,000253880611614184,5,48037077259436E-07,0,0581180077396885,0,0,48,1176942748753,1,43609365823027,1,22508709595444,1,07969275241171,0,0,0,0,0,0,0,0,0,0,0,0,0,0,0,0,0,0,0,0,0,0,0,0,0,0,0,0,0,0,0,0,0,0,0,0,0,0,0,0,0,0,0,0,0,0,0,0,0,0,0,0,0,0,0,0,0,0,0,0,0,0,0,0,0,0,0,0,0,0,0,0,0,0,0,0,0,0,0,0,0,0,0,0,0,0,0,0,0,0,0,0,0,0,0,0,0,8,16562796344737,33,991591174004,23,1444972116044,0,0,0,0,0,0,0,0,0,0,0,0,0,488,15,0,714393193546256,13,4303573312508,86,1660601011591,0,0,0481220813102659,0,0,0,0,0,0,0,0,0,0,0,6,48075591362349E-07,0,1,39184019621444E-05,0,3,4796004905361E-09,4,05953402161213E-06,0,0,00551087306958483,0,0,0,46140,8037168493,43218,5561889533,0,
220-230C*,0,0197863200142719,503,149994,178,167723654862,818,262349849312,0,025705709106927,333,665973503156,24,5885587597867,26,6082573262391,0,000538931752743683,0,07362974193536,6,51524774995971,215,377494655215,0,00581288024210391,0,49,2427143331635,363,689862026194,235,651065447799,34,0417914547197,42,7988826547197,42,7336427964742,43,4808676354872,0,3,2756607841732,0,0,32,6777984437392,29,9108750382737,159,48440371279,1,45591411309709,3,98454992288707,2,29448729023598,11,051578490236,20,7661359108882,0,038847804372471,0,000243427134025973,8,44456879212827E-07,0,0353116644106493,0,0,45,9704859889001,1,6032425273981,1,35696707153869,1,1881315789205,0,0,0,0,0,0,0,0,0,0,0,0,0,0,0,0,0,0,0,0,0,0,0,0,0,0,0,0,0,0,0,0,0,0,0,0,0,0,0,0,0,0,0,0,0,0,0,0,0,0,0,0,0,0,0,0,0,0,0,0,0,0,0,0,0,0,0,0,0,0,0,0,0,0,0,0,0,0,0,0,0,0,0,0,0,0,0,0,0,0,0,0,0,0,0,0,0,6,2076631936408,32,6777984437392,23,7032118446329,0,0,0,0,0,0,0,0,0,0,0,0,0,498,15,0,77340841310632,13,2501439379959,86,3279704786702,0,0,048793463531092,0,0,0,0,0,0,0,0,0,0,0,9,98603769862787E-07,0,2,14465239165162E-05,0,5,36163097912906E-09,6,25523632103827E-06,0,0,00581288024210391,0,0,0,46045,7619232405,43143,1305536221,0,
230-240C*,0,0213681304012048,513,150024,186,036484782819,824,185520841505,0,0279650952910925,335,114833021802,24,9360836496003,26,8042664204583,0,00056687311779363,0,234986792224551,6,62199258412415,222,057976045364,0,00611425385390054,0,49,867704915734,370,448091176164,240,564407118848,32,4047411009349,41,1618323009349,45,1082491186684,45,8046416452105,0,4,16211950321567,0,0,29,9556672317313,27,3910919343312,175,749518750272,1,45914876337947,3,78793344402562,-1,92355258889413,6,83353861110587,19,9277236617645,0,0493913600144877,0,00023205824546307,1,14087668116622E-06,0,021213230353765,0,0,43,8025331267172,1,79888400648873,1,5104249280208,1,31407652644648,0,0,0,0,0,0,0,0,0,0,0,0,0,0,0,0,0,0,0,0,0,0,0,0,0,0,0,0,0,0,0,0,0,0,0,0,0,0,0,0,0,0,0,0,0,0,0,0,0,0,0,0,0,0,0,0,0,0,0,0,0,0,0,0,0,0,0,0,0,0,0,0,0,0,0,0,0,0,0,0,0,0,0,0,0,0,0,0,0,0,0,0,0,0,0,0,0,3,1291654566698,29,9556672317313,24,2619264776614,0,0,0,0,0,0,0,0,0,0,0,0,0,508,15,0,839926001283345,13,0620415216346,86,4967420897863,0,0,0494423212067177,0,0,0,0,0,0,0,0,0,0,0,1,34913194836323E-06,0,2,89746458708881E-05,0,7,24366146772201E-09,8,4509386204644E-06,0,0,00611425385390054,0,0,0,45946,9454353534,43064,2637504706,0,
240-250C*,0,0213935459892923,523,150024,194,153922688099,830,135779790946,0,0302106910457358,336,607884301122,25,3188248051488,27,0002755146775,0,000594811483709801,0,402520478912022,6,73426185415883,228,531038188385,0,00641559511724974,0,50,3972336122908,377,199597533784,245,359770486361,30,7671489880052,39,5242401880052,47,5996612229449,48,2976544501149,0,5,04857822225815,0,0,27,0815139719062,24,7020700352076,192,862783574693,1,46236921324871,3,59683158073947,-6,14159246802425,2,61549873197575,19,0992677349363,0,0599349156565045,0,000219828135246399,1,43729648311961E-06,0,0125952540633132,0,0,41,6459635231112,2,02928182196802,1,69004637423137,1,46124128565662,0,0,0,0,0,0,0,0,0,0,0,0,0,0,0,0,0,0,0,0,0,0,0,0,0,0,0,0,0,0,0,0,0,0,0,0,0,0,0,0,0,0,0,0,0,0,0,0,0,0,0,0,0,0,0,0,0,0,0,0,0,0,0,0,0,0,0,0,0,0,0,0,0,0,0,0,0,0,0,0,0,0,0,0,0,0,0,0,0,0,0,0,0,0,0,0,0,0,27,0815139719062,24,7020700352076,0,0,0,0,0,0,0,0,0,0,0,0,0,518,15,0,915090058397543,12,869838374265,86,6688616330023,0,0,0500721221641228,0,0,0,0,0,0,0,0,0,0,0,1,69966012686366E-06,0,3,65027678252599E-05,0,9,12569195631497E-09,1,06466409198905E-05,0,0,00641559511724974,0,0,0,45845,6396136175,42983,0004515116,0,
250-260C*,0,0208131250777068,533,150024,202,534624599279,836,042042001959,0,0324009400303222,338,101811331504,25,7227402571451,27,1962846088967,0,000622748986252487,0,570054165599494,6,85003374310319,234,803872257666,0,00671692706831283,0,50,8685451802314,383,944643372887,250,074178990752,29,1304368098441,37,8875280098441,50,1533966980036,50,8717868605952,0,5,93503694130062,0,0,24,1238630448512,21,9319285305081,210,10523416972,1,46553374157773,3,41126086512508,28,1340694576907,36,8911606576907,18,2924221936284,0,0704784712985213,0,000206790992696884,1,733716285073E-06,0,00738824050957575,0,0,39,5319261996443,2,30242029067813,1,90164603153671,1,63434257369834,0,0,0,0,0,0,0,0,0,0,0,0,0,0,0,0,0,0,0,0,0,0,0,0,0,0,0,0,0,0,0,0,0,0,0,0,0,0,0,0,0,0,0,0,0,0,0,0,0,0,0,0,0,0,0,0,0,0,0,0,0,0,0,0,0,0,0,0,0,0,0,0,0,0,0,0,0,0,0,0,0,0,0,0,0,0,0,0,0,0,0,0,0,0,0,0,0,0,24,1238630448512,21,9319285305081,0,0,0,0,0,0,0,0,0,0,0,0,0,528,15,1,00026026793476,12,6774153592874,86,8407229864531,0,0,050684713934382,0,0,0,0,0,0,0,0,0,0,0,2,0501883053641E-06,0,4,40308897796317E-05,0,1,10077224449079E-08,1,28423432193167E-05,0,0,00671692706831283,0,0,0,45743,2219406928,42900,477277229,0,
260-270C*,0,0201577078019538,543,150024,211,195461984399,841,833222778868,0,0344942859043171,339,597023497555,26,1345090021733,27,3922937031159,0,000650685456387394,0,737587852286965,6,96698996176659,240,884612861212,0,00701824788389774,0,51,3166030519685,377,071287725423,254,726864520128,27,496026260365,36,253117460365,52,7468511820532,53,4765337918892,0,6,8214956603431,0,0,21,1186398157735,19,1311725049949,227,01737740505,1,46859992919629,3,2312336838066,26,3044466457137,35,0615378457138,17,5181852649426,0,081022026940538,0,000193001007135449,2,03013608702639E-06,0,00427979722025108,0,0,37,4905965864529,2,62857157139081,2,15266632874045,1,83943167242517,0,0,0,0,0,0,0,0,0,0,0,0,0,0,0,0,0,0,0,0,0,0,0,0,0,0,0,0,0,0,0,0,0,0,0,0,0,0,0,0,0,0,0,0,0,0,0,0,0,0,0,0,0,0,0,0,0,0,0,0,0,0,0,0,0,0,0,0,0,0,0,0,0,0,0,0,0,0,0,0,0,0,0,0,0,0,0,0,0,0,0,0,0,0,0,0,0,0,21,1186398157735,19,1311725049949,0,0,0,0,0,0,0,0,0,0,0,0,0,538,15,1,09706074767999,12,4887032606856,87,0086702526779,0,0,0512816403432093,0,0,0,0,0,0,0,0,0,0,0,2,40071648386454E-06,0,5,15590117340035E-05,0,1,28897529335009E-08,1,50380455187428E-05,0,0,00701824788389774,0,0,0,45641,1434183003,42817,9043732521,0,
270-280C*,0,0194463537041328,553,150024,220,155824857574,847,438237425997,0,0364491723271856,341,093930183884,26,4338620676274,27,4386861323551,0,000678620725080228,0,905121538974437,7,0825158009772,246,782263645386,0,00731955574081235,0,51,7742832431875,381,92947140677,259,329795565309,25,8653390334816,34,6224302334816,55,4312742870609,56,2110068242145,0,7,70795437938558,0,0,18,1348636453117,16,3503070434303,243,139720150381,1,47152482425019,3,05675809059807,24,4748238337368,33,2319150337368,16,7869549819012,0,0915655825825548,0,000178512367883019,2,32655588897978E-06,0,00244713928527653,0,0,35,5512082218712,3,02108120032171,2,45272870223622,2,0843560958502,0,0,0,0,0,0,0,0,0,0,0,0,0,0,0,0,0,0,0,0,0,0,0,0,0,0,0,0,0,0,0,0,0,0,0,0,0,0,0,0,0,0,0,0,0,0,0,0,0,0,0,0,0,0,0,0,0,0,0,0,0,0,0,0,0,0,0,0,0,0,0,0,0,0,0,0,0,0,0,0,0,0,0,0,0,0,0,0,0,0,0,0,0,0,0,0,0,0,18,1348636453117,16,3503070434303,0,0,0,0,0,0,0,0,0,0,0,0,0,548,15,1,20744174451709,12,3083347496021,87,1739753477738,0,0,0518642399882473,0,0,0,0,0,0,0,0,0,0,0,2,75124466236498E-06,0,5,90871336883754E-05,0,1,47717834220938E-08,1,72337478181689E-05,0,0,00731955574081235,0,0,0,45540,9100578526,42736,5470831727,0,
280-290C*,0,0186734466173521,563,150024,229,468381157266,852,702368855729,0,0381353434868707,342,592940775101,27,5646086797387,27,8268937555189,0,000706554623296694,1,25375804059832,7,19100094063828,257,239018369672,0,00762084881586459,0,52,3056083386859,386,57928779754,263,923740506911,24,2414694709461,32,9985606709461,56,9538053212154,58,5332690139047,0,11,1301549237603,0,0,15,4815859990459,13,6398372305765,257,239018369672,1,4742165363735,2,88783761914226,22,6452010217598,31,4022922217598,16,1219094480519,0,10528886692541,0,00016344103400041,4,18761961299605E-06,0,00138052215698748,0,0,33,7776995009757,3,49009338695375,2,80835873537239,2,37419837402375,0,209863517999373,0,0,0,0,0,0,0,0,0,0,0,0,0,0,0,0,0,0,0,0,0,0,0,0,0,0,0,0,0,0,0,0,0,0,0,0,0,0,0,0,0,0,0,0,0,0,0,0,0,0,0,0,0,0,0,0,0,0,0,0,0,0,0,0,0,0,0,0,0,0,0,0,0,0,0,0,0,0,0,0,0,0,0,0,0,0,0,0,0,0,0,0,0,0,0,0,0,15,4815859990459,13,6398372305765,0,0,0,0,0,0,0,0,0,0,0,0,0,558,15,1,33119971275701,12,1401990781169,87,3001829902743,0,0,0524336810609118,0,0,0,0,0,0,0,0,0,0,0,4,9520263677493E-06,0,0,000106352244139582,0,2,65880610348956E-08,3,10194054269802E-05,0,0,00762084881586459,0,0,0,45533,2450394207,42741,2313035254,0,
290-300C*,0,017827270104992,573,150024,239,434254623269,856,731730103258,0,0387020218804561,344,094464655814,28,2504238508602,28,6039236584335,0,000734486982002498,3,69400536080801,7,26184467002303,266,037546856333,0,00792212528586236,0,53,2612026376596,391,021760414127,268,66127851061,22,6422953120546,31,3993865120546,59,3017450533028,60,3458081903709,0,51,7436309086053,0,0,12,447831095837,11,0502681511956,266,037546856333,1,47615319989087,2,724471096327,20,8155782097829,29,5726694097829,15,6616203244677,0,155735793323063,0,000148476568241678,7,74371425258047E-06,0,000768003459251162,0,0,32,5448375039704,3,96043185672807,3,15508648119088,2,65115680322008,2,84350385486319,0,0,0,0,0,0,0,0,0,0,0,0,0,0,0,0,0,0,0,0,0,0,0,0,0,0,0,0,0,0,0,0,0,0,0,0,0,0,0,0,0,0,0,0,0,0,0,0,0,0,0,0,0,0,0,0,0,0,0,0,0,0,0,0,0,0,0,0,0,0,0,0,0,0,0,0,0,0,0,0,0,0,0,0,0,0,0,0,0,0,0,0,0,0,0,0,0,12,447831095837,11,0502681511956,0,0,0,0,0,0,0,0,0,0,0,0,0,568,15,1,44061742700162,12,0305801274042,87,3642041754753,0,0,0529909891163648,0,0,0,0,0,0,0,0,0,0,0,9,15724939392453E-06,0,0,000196665758795695,0,4,91664396989236E-08,5,73608479542922E-05,0,0,00792212528586236,0,0,0,45446,2397178485,42668,6220895694,0,
300-310C*,0,016946029542296,583,150024,249,751675251204,860,538739110989,0,0392687002740415,345,598911210632,28,8657982998696,29,4541689197785,0,000762417632163345,6,13425268101771,7,32675562485342,266,14462242812,0,00822338332761357,0,54,2411769028407,395,258380814762,273,350756847628,21,0475681979591,29,8046593979591,61,5280258367401,61,9137261901715,0,80,8909324497371,0,0,9,60617586339032,8,63210489004992,266,14462242812,1,47792317967855,2,5666524573687,18,9859553978059,27,7430465978059,15,2420480671091,0,206182719720716,0,000132908342202613,1,12998088921649E-05,0,000421107916783318,0,0,31,4171943294186,4,5202543550492,3,56131353908437,2,97102076458484,5,47714419172701,0,0,0,0,0,0,0,0,0,0,0,0,0,0,0,0,0,0,0,0,0,0,0,0,0,0,0,0,0,0,0,0,0,0,0,0,0,0,0,0,0,0,0,0,0,0,0,0,0,0,0,0,0,0,0,0,0,0,0,0,0,0,0,0,0,0,0,0,0,0,0,0,0,0,0,0,0,0,0,0,0,0,0,0,0,0,0,0,0,0,0,0,0,0,0,0,0,9,60617586339032,8,63210489004992,0,0,0,0,0,0,0,0,0,0,0,0,0,578,15,1,56468897707308,11,9312570631966,87,4174047993481,0,0,0535370694302461,0,0,0,0,0,0,0,0,0,0,0,1,33624724200998E-05,0,0,000286979273451807,0,7,17448183629517E-08,8,37022904816043E-05,0,0,00822338332761357,0,0,0,45362,9158886987,42598,927922246,0,
310-320C*,0,0160416913245389,593,150024,260,399196485875,864,145942320892,0,0398353786676269,347,106689824162,29,3757061288873,30,3585949058232,0,000790346404744942,8,57450000122741,7,38612411256234,270,597424457344,0,00852462111792612,0,55,2393783191606,399,291076094282,277,973367258725,19,4568371998202,28,2139283998202,63,5829204623959,63,2055525622752,2,06015142860917E-07,118,904694748551,0,0,7,04137340871686,6,43585253190166,270,597424457344,1,47953992651159,2,41437056354536,17,1563325858289,25,9134237858289,14,8586988675013,0,256629646118369,0,000116736355883218,1,48559035317493E-05,0,000227456403777024,4,92460231840385E-07,6,13790198599467E-07,30,3837031991465,5,19141730066398,4,040023690349,3,34196994004905,8,11078452859083,0,0,0,0,0,0,0,0,0,0,0,0,0,0,0,0,0,0,0,0,0,0,0,0,0,0,0,0,0,0,0,0,0,0,0,0,0,0,0,0,0,0,0,0,0,0,0,0,0,0,0,0,0,0,0,0,0,0,0,0,0,0,0,0,0,0,0,0,0,0,0,0,0,0,0,0,0,0,0,0,0,0,0,0,0,0,0,0,0,0,0,0,0,0,0,0,0,7,04137340871686,6,43585253190166,0,0,0,0,0,0,0,0,0,0,0,0,0,588,15,1,706012319575,11,8413282874121,87,4615203884211,0,0,0540727251550484,0,0,0,0,0,0,0,0,0,0,0,1,7567695446275E-05,0,0,000377292788107919,0,9,43231970269798E-08,0,000110043733008916,0,0,00852462111792612,0,0,0,45282,9093379508,42531,8650053021,0,
320-330C*,0,0151267933006176,603,150024,271,344343061899,867,575886174941,0,0404020570612123,348,618209881015,29,8077005084472,31,2981669828364,0,000818272556829309,11,0147473214371,7,44041714497012,275,050226486568,0,00882583064373859,0,56,2496004640794,403,122175907082,282,525686137319,17,8696513887983,26,6267425887983,65,2534043866099,64,0965442212469,5,58177780230005E-07,159,007372737915,0,0,4,93889510494285,4,6052887959167,275,050226486568,1,48101706385455,2,26760902366051,15,326709773852,24,083800973852,14,5072662514846,0,277581521589572,9,99606092834907E-05,1,84119981713337E-05,0,000120956611860094,1,3342725939607E-06,1,66300421329941E-06,29,4335721001659,6,00229434572158,4,60764387952856,3,77403697259845,10,7444248654546,0,0,0,0,0,0,0,0,0,0,0,0,0,0,0,0,0,0,0,0,0,0,0,0,0,0,0,0,0,0,0,0,0,0,0,0,0,0,0,0,0,0,0,0,0,0,0,0,0,0,0,0,0,0,0,0,0,0,0,0,0,0,0,0,0,0,0,0,0,0,0,0,0,0,0,0,0,0,0,0,0,0,0,0,0,0,0,0,0,0,0,0,0,0,0,0,0,4,93889510494285,4,6052887959167,0,0,0,0,0,0,0,0,0,0,0,0,0,598,15,1,86776820457021,11,7601279280243,87,5002574627144,0,0,0545986614715351,0,0,0,0,0,0,0,0,0,0,0,2,17729184724502E-05,0,0,000467606302764031,0,1,16901575691008E-07,0,000136385175536228,0,0,00882583064373859,0,0,0,45219,1770580483,42479,6620032529,0,
330-340C*,0,0142097709235898,613,150024,282,541439053379,870,851117115107,0,0419108919873868,350,133880765799,30,9091480727803,32,2538505170874,0,000846192163470201,13,4549946416468,7,49016612316726,279,503028515792,0,00912696957085491,0,57,2655787672973,406,754379347841,287,001911594785,16,2855598360541,25,0426510360541,65,5348229458393,64,4378287439697,9,10340417599093E-07,201,198966417829,0,0,3,55602898138039,3,30832073894289,279,503028515792,1,48236830215887,2,12634602042223,13,497086961875,22,254178161875,14,1836090312182,0,332999095449678,8,25811024034323E-05,2,19680928109182E-05,6,32888462072036E-05,2,17608495608101E-06,2,71221822799935E-06,28,5562620173708,6,99006561986144,5,28511417216974,4,27958833402575,13,3780652023185,0,0,0,0,0,0,0,0,0,0,0,0,0,0,0,0,0,0,0,0,0,0,0,0,0,0,0,0,0,0,0,0,0,0,0,0,0,0,0,0,0,0,0,0,0,0,0,0,0,0,0,0,0,0,0,0,0,0,0,0,0,0,0,0,0,0,0,0,0,0,0,0,0,0,0,0,0,0,0,0,0,0,0,0,0,0,0,0,0,0,0,0,0,0,0,0,0,3,55602898138039,3,30832073894289,0,0,0,0,0,0,0,0,0,0,0,0,0,608,15,2,05387899317821,11,6861194714076,87,5309761760228,0,0,0551154508730149,0,0,0,0,0,0,0,0,0,0,0,2,59781414986254E-05,0,0,000557919817420144,0,1,39479954355036E-07,0,00016272661806354,0,0,00912696957085491,0,0,0,45142,450299888,42414,8806627109,0,
340-350C*,0,0131636190932913,623,150024,293,929446052699,873,994181583362,0,042102072195219,351,654111863122,31,9164527482936,33,2066108748451,0,000874111770111093,15,8952419618565,7,53595538807525,284,037376898911,0,00942810849797124,0,58,2809883722541,410,190721987614,291,319510828597,14,7041116127481,23,4612028127481,65,6104746278784,64,4906936364396,1,26250305496818E-06,245,479475788294,0,0,2,47307262382804,2,30269548871526,283,955830545017,1,48360736192923,1,990554143029,11,6674641498981,20,4245553498981,13,8837324763893,0,393220267090958,6,45978352430424E-05,2,55241874505026E-05,3,25624266988254E-05,3,01789731820132E-06,3,76143224269929E-06,27,7414675357057,8,20393279493077,6,09933832071917,4,87394479026017,16,0117055391823,0,0,0,0,0,0,0,0,0,0,0,0,0,0,0,0,0,0,0,0,0,0,0,0,0,0,0,0,0,0,0,0,0,0,0,0,0,0,0,0,0,0,0,0,0,0,0,0,0,0,0,0,0,0,0,0,0,0,0,0,0,0,0,0,0,0,0,0,0,0,0,0,0,0,0,0,0,0,0,0,0,0,0,0,0,0,0,0,0,0,0,0,0,0,0,0,0,2,47307262382804,2,30269548871526,0,0,0,0,0,0,0,0,0,0,0,0,0,618,15,2,2692185231423,11,6186434994598,87,5575790818795,0,0,0556237944931548,0,0,0,0,0,0,0,0,0,0,0,3,01833645248007E-05,0,0,000648233332076256,0,1,62058333019064E-07,0,000189068060590852,0,0,00942810849797124,0,0,0,45065,7903097155,42349,8418327314,0,
350-360C*,0,012391634537911,633,150024,305,429163008469,877,027626021678,0,0421020922419686,353,179312557594,32,8271293786311,34,1374134223787,0,000902031376751985,18,2660652777739,7,57841185859744,288,690321931887,0,00972924742508756,0,59,2894446895966,413,434543330691,295,439491567354,13,124855790041,21,881946990041,65,5307215601475,64,3287695294663,1,61466569233727E-06,291,848900849309,0,0,1,64214906122142,1,53381704815504,288,440676233476,1,475255296075,1,86020022736592,9,8378413379211,18,5949325379211,13,6037724002572,0,458245036513411,4,60108078023211E-05,2,9080282090087E-05,1,64630325732032E-05,3,85970968032164E-06,4,81064625739923E-06,26,9790998677868,9,70968430975394,7,08516746825645,5,57618607380987,18,6453458760461,0,0,0,0,0,0,0,0,0,0,0,0,0,0,0,0,0,0,0,0,0,0,0,0,0,0,0,0,0,0,0,0,0,0,0,0,0,0,0,0,0,0,0,0,0,0,0,0,0,0,0,0,0,0,0,0,0,0,0,0,0,0,0,0,0,0,0,0,0,0,0,0,0,0,0,0,0,0,0,0,0,0,0,0,0,0,0,0,0,0,0,0,0,0,0,0,0,1,64214906122142,1,53381704815504,0,0,0,0,0,0,0,0,0,0,0,0,0,628,15,2,51989198782236,11,5580508871379,87,5916699053586,0,0,0561242128939539,0,0,0,0,0,0,0,0,0,0,0,3,43885875509759E-05,0,0,000738546846732368,0,1,84636711683092E-07,0,000215409503118164,0,0,00972924742508756,0,0,0,44988,8430660976,42284,2652940265,0,
360-370C*,0,0117403257669666,643,150024,316,884955758969,880,070313445272,0,0401712410951828,354,832550098267,33,6232584682532,35,0272235259572,0,000914404757817393,34,7807198433205,7,62156740747386,293,157669879543,0,00986083408437819,0,60,2479065912173,416,489454925612,299,31647583323,11,5454151076282,20,3025063076282,65,3099093775649,63,9710910567805,1,96682832970636E-06,335,463726882467,0,0,1,06683215418185,1,00168541726223,290,455083308683,1,47690305867458,1,73524520532905,8,00821852594414,16,7653097259441,13,3255885112226,0,461360063938539,2,68200200812683E-05,3,9417916446832E-05,8,17339486242815E-06,4,70152204244195E-06,5,85986027209917E-06,26,2199542148962,11,4058186865895,8,19749640315539,6,38065175700273,18,6718867363852,0,0,0,0,0,0,0,0,0,0,0,0,0,0,0,0,0,0,0,0,0,0,0,0,0,0,0,0,0,0,0,0,0,0,0,0,0,0,0,0,0,0,0,0,0,0,0,0,0,0,0,0,0,0,0,0,0,0,0,0,0,0,0,0,0,0,0,0,0,0,0,0,0,0,0,0,0,0,0,0,0,0,0,0,0,0,0,0,0,0,0,0,0,0,0,0,0,1,06683215418185,1,00168541726223,0,0,0,0,0,0,0,0,0,0,0,0,0,638,15,2,78954579080532,11,4984986394765,87,6365824655164,0,0,0563405111002854,0,0,0,0,0,0,0,0,0,0,0,4,66132504014125E-05,0,0,00100108994150685,0,2,50272485376711E-07,0,000291984574615246,0,0,00986083408437819,0,0,0,44939,7231067008,42244,844730098,0,
370-380C*,0,0113565830601872,653,150024,328,229143928915,883,040161879757,0,0382148213392937,356,470098656117,34,280883538515,35,8371128507634,0,000961862826603129,51,3693272640678,7,66247239939497,297,452179324854,0,0103750658927018,0,61,1899057890534,419,359309332442,302,946046668045,9,96743120499762,18,7245224049976,64,9657278829908,63,4506760818564,2,31899096707544E-06,381,585459983057,0,0,0,753388578494121,0,71221106738018,292,476898876802,1,47857569843161,1,61564396491305,6,17859571396718,14,9356869139672,13,0613581387553,0,463816448914229,8,40112822339047E-06,6,2919716136889E-05,3,98175321496617E-06,5,54333440456226E-06,6,90907428679911E-06,25,497396244655,13,5135894564781,9,55589522564966,7,3506680707239,18,6717372587998,0,0,0,0,0,0,0,0,0,0,0,0,0,0,0,0,0,0,0,0,0,0,0,0,0,0,0,0,0,0,0,0,0,0,0,0,0,0,0,0,0,0,0,0,0,0,0,0,0,0,0,0,0,0,0,0,0,0,0,0,0,0,0,0,0,0,0,0,0,0,0,0,0,0,0,0,0,0,0,0,0,0,0,0,0,0,0,0,0,0,0,0,0,0,0,0,0,0,753388578494121,0,71221106738018,0,0,0,0,0,0,0,0,0,0,0,0,0,648,15,3,10189548244536,11,4424575123128,87,6775148693467,0,0,0571728195897697,0,0,0,0,0,0,0,0,0,0,0,7,44050611460037E-05,0,0,00159796104474639,0,3,99490261186597E-07,0,000466071984700705,0,0,0103750658927018,0,0,0,44892,1270140328,42206,6815323168,0,
380-390C*,0,0108446593537748,663,150024,339,32223279029,885,947676008626,0,0362584015834046,358,082883422117,34,7310502603303,36,2884636929156,0,00105309247349753,67,957934684815,7,701398797618,301,574919174194,0,0113666844389394,0,62,1134137461324,422,048170118079,306,291892318928,8,39069398847936,17,1477851884794,64,6132816129897,63,0900711450057,2,67115360444453E-06,430,819662346352,0,0,0,655668126679997,0,621465162078641,294,498714444922,1,48027663835685,1,50134522281533,4,34897290199022,13,1060641019902,12,8092829788728,0,466272833889919,1,01392885294966E-05,8,6421515826946E-05,1,90189923734545E-06,6,38514676668258E-06,7,95828830149905E-06,24,8067240869266,16,1625290480275,11,2313342941902,8,53059212244891,18,6715877812145,0,0,0,0,0,0,0,0,0,0,0,0,0,0,0,0,0,0,0,0,0,0,0,0,0,0,0,0,0,0,0,0,0,0,0,0,0,0,0,0,0,0,0,0,0,0,0,0,0,0,0,0,0,0,0,0,0,0,0,0,0,0,0,0,0,0,0,0,0,0,0,0,0,0,0,0,0,0,0,0,0,0,0,0,0,0,0,0,0,0,0,0,0,0,0,0,0,0,655668126679997,0,621465162078641,0,0,0,0,0,0,0,0,0,0,0,0,0,658,15,3,4660967587728,11,3882318141342,87,7053148003684,0,0,0587250712274246,0,0,0,0,0,0,0,0,0,0,0,0,000102196871890595,0,0,00219483214798593,0,5,48708036996483E-07,0,000640159394786164,0,0,0113666844389394,0,0,0,44845,5921372987,42169,3656167278,0,
390-400C*,0,0103168603270163,673,150024,350,740254226416,888,804356340864,0,0343019818275155,359,663173580377,35,1495194181892,36,6924526103459,0,00114432212039193,84,5465421055623,7,73866637923598,305,526874945148,0,0123583029851769,0,63,0159388601356,424,56028302246,309,522413348077,6,81497344789371,15,5720646478937,64,2917308542905,62,776828132877,7,45199937503114E-05,483,721805506886,0,0,0,55874972752023,0,530719256777102,298,382908282283,1,48201020657819,1,39229141142832,2,51935009001325,11,2764412900133,12,5674684009432,0,468729218865609,1,18774488356027E-05,0,000109923315517003,8,89990331363295E-07,0,000188755149744476,0,000233031938601571,24,1429232935476,19,5284046647783,13,3182049576946,9,97874335222872,18,6714383036291,0,0,0,0,0,0,0,0,0,0,0,0,0,0,0,0,0,0,0,0,0,0,0,0,0,0,0,0,0,0,0,0,0,0,0,0,0,0,0,0,0,0,0,0,0,0,0,0,0,0,0,0,0,0,0,0,0,0,0,0,0,0,0,0,0,0,0,0,0,0,0,0,0,0,0,0,0,0,0,0,0,0,0,0,0,0,0,0,0,0,0,0,0,0,0,0,0,0,55874972752023,0,530719256777102,0,0,0,0,0,0,0,0,0,0,0,0,0,668,15,3,89341852858492,11,3380548696526,87,7414240257132,0,0,0602172152262192,0,0,0,0,0,0,0,0,0,0,0,0,000129988682635186,0,0,00279170325122547,0,6,97925812806368E-07,0,000814246804871623,0,0,0123583029851769,0,0,0,44799,9373116295,42132,7533651892,0,
400-410C*,0,00968111067624944,683,150024,366,163259696012,891,621703385456,0,0323455620716264,361,203238315004,35,468707801948,37,0597480963826,0,0011892084469975,101,13514952631,7,77460555900453,309,309069863326,0,0128444864059002,0,63,8949179662631,426,900048411183,313,571141681097,5,240039573061,13,997130773061,64,0698306130522,62,5002785521419,0,000235538847418013,540,847360999195,0,0,0,461461584999814,0,439973351475563,300,174384233555,1,48378108228107,1,28841858220791,0,689727278036294,9,4468184780363,12,334069756518,0,471185603841298,1,36156091417088E-05,0,00013342511520706,4,07653247615336E-07,0,000597525480344065,0,000737506852133963,23,5010714190727,23,8557716654357,15,9449519862755,11,7731668228653,18,6712888260438,0,0,0,0,0,0,0,0,0,0,0,0,0,0,0,0,0,0,0,0,0,0,0,0,0,0,0,0,0,0,0,0,0,0,0,0,0,0,0,0,0,0,0,0,0,0,0,0,0,0,0,0,0,0,0,0,0,0,0,0,0,0,0,0,0,0,0,0,0,0,0,0,0,0,0,0,0,0,0,0,0,0,0,0,0,0,0,0,0,0,0,0,0,0,0,0,0,0,461461584999814,0,439973351475563,0,0,0,0,0,0,0,0,0,0,0,0,0,678,15,4,39816566089907,11,2900541835569,87,775718016944,0,0,0609296019241939,0,0,0,0,0,0,0,0,0,0,0,0,000157780493379777,0,0,00338857435446501,0,8,47143588616254E-07,0,000988334214957082,0,0,0128444864059002,0,0,0,44754,9823066449,42096,7017708012,0,
410-420C*,0,00906542990403918,693,150024,381,531570355199,894,411217651386,0,0303891423157373,362,695346810106,35,8442152190548,37,4010186443538,0,00128949580101002,106,988424557646,7,80955527759938,312,922558960681,0,0139348912131476,0,64,7477275037124,429,07199510456,317,278804850666,3,66566235380152,12,4227535538015,63,7899957627239,62,2497539094722,0,000396557701085715,602,751800357814,0,0,0,365789018221311,0,349227446174024,301,723710018996,1,4855942832403,1,18965632751904,-1,13989553394067,7,61719566605934,12,10728944738,0,473641988816988,1,53537694478149E-05,0,000156926914897117,1,82602213192908E-07,0,00100629581094365,0,00124198176566635,22,876334786435,29,4894760870645,19,2885014196817,14,0194921769026,18,6711393484584,0,0,0,0,0,0,0,0,0,0,0,0,0,0,0,0,0,0,0,0,0,0,0,0,0,0,0,0,0,0,0,0,0,0,0,0,0,0,0,0,0,0,0,0,0,0,0,0,0,0,0,0,0,0,0,0,0,0,0,0,0,0,0,0,0,0,0,0,0,0,0,0,0,0,0,0,0,0,0,0,0,0,0,0,0,0,0,0,0,0,0,0,0,0,0,0,0,0,365789018221311,0,349227446174024,0,0,0,0,0,0,0,0,0,0,0,0,0,688,15,4,99865443279734,11,2436594436378,87,8079799475918,0,0,0624868848154566,0,0,0,0,0,0,0,0,0,0,0,0,000185572304124368,0,0,00398544545770456,0,9,96361364426139E-07,0,00116242162504254,0,0,0139348912131476,0,0,0,44710,5479408833,42061,0685790167,0,
420-430C*,0,00847027731830639,703,150024,396,83711213259,897,184399647639,0,0284327225598482,364,131768249792,36,2210570886384,37,7269327475879,0,00140168919114009,129,85509225619,7,84386127775288,316,368423882296,0,015155147071678,0,65,5716943965879,431,080755649549,320,678724536321,2,0916117799356,10,8487029799356,63,5084166129757,62,0145857115396,0,000557576554753416,669,990595117277,0,0,0,270526298385957,0,258481540872486,303,04954857725,1,48745515781553,1,09592772316663,-2,96951834591763,5,78757285408237,11,8853745473413,0,476098373792678,1,7091929753921E-05,0,000180428714587174,7,99114963384254E-08,0,00141506614154324,0,00174645667919875,22,2639658803919,36,9227199005347,23,5957230024524,16,8624031616945,18,6709898708731,0,0,0,0,0,0,0,0,0,0,0,0,0,0,0,0,0,0,0,0,0,0,0,0,0,0,0,0,0,0,0,0,0,0,0,0,0,0,0,0,0,0,0,0,0,0,0,0,0,0,0,0,0,0,0,0,0,0,0,0,0,0,0,0,0,0,0,0,0,0,0,0,0,0,0,0,0,0,0,0,0,0,0,0,0,0,0,0,0,0,0,0,0,0,0,0,0,0,270526298385957,0,258481540872486,0,0,0,0,0,0,0,0,0,0,0,0,0,698,15,5,71855247315734,11,1983091467146,87,8379834922202,0,0,0641711836587123,0,0,0,0,0,0,0,0,0,0,0,0,00021336411486896,0,0,0045823165609441,0,1,14557914023602E-06,0,001336509035128,0,0,015155147071678,0,0,0,44666,4561862466,42025,7124141467,0,
430-440C*,0,00792371490652481,713,150024,411,991524195271,900,066376048478,0,0282440255809777,365,443763359545,36,606249254948,38,0481588994133,0,00610675701782218,158,336591662375,7,8819396879713,319,632111756269,0,0645921501690019,0,66,3221040557388,432,931043079548,323,784727207033,0,515385317977923,9,27247651797792,63,2182561783637,61,7841054650158,0,000718595408421118,749,872783028199,0,0,0,175494566688321,0,167735635570947,303,937954992954,1,48943613070798,1,00714929391811,-4,79914115789459,3,95795004210541,11,6503806458926,0,489724456809721,1,88300900600271E-05,0,000182219960736563,3,41314212017786E-08,0,00182383647214283,0,00225093159273114,21,6143891238713,45,280999219475,28,3357031384996,19,9417627781786,18,572897318443,0,0,0,0,0,0,0,0,0,0,0,0,0,0,0,0,0,0,0,0,0,0,0,0,0,0,0,0,0,0,0,0,0,0,0,0,0,0,0,0,0,0,0,0,0,0,0,0,0,0,0,0,0,0,0,0,0,0,0,0,0,0,0,0,0,0,0,0,0,0,0,0,0,0,0,0,0,0,0,0,0,0,0,0,0,0,0,0,0,0,0,0,0,0,0,0,0,0,175494566688321,0,167735635570947,0,0,0,0,0,0,0,0,0,0,0,0,0,708,15,6,46242917568063,11,1470226825175,87,8601604840509,0,0,114889020974749,0,0,0,0,0,0,0,0,0,0,0,0,000215482334521809,0,0,00462780852664288,0,1,15695213166072E-06,0,00134977752550258,0,0,0645921501690019,0,0,0,44615,7986063854,41984,4091250447,0,
440-450C*,0,00737053864466309,723,150024,426,975188024782,903,090091393359,0,0301432769401754,366,612101085143,37,0067262753473,38,3753655931581,0,0162258660740302,193,100592856017,7,92495280334981,322,711445707825,0,170862219778003,0,66,9888952179294,434,62762918757,326,624681148559,-1,06367592286057,7,69341527713943,62,9127198758688,61,5476446765725,0,00087961426208882,844,226898784437,0,0,0,0805538487838475,0,076989730269408,304,498753972764,1,49155813516898,0,923231004410816,-6,62876396987155,2,12832723012845,11,3979071875768,0,516956375034633,2,05682503661333E-05,0,000244119337855443,1,4212435536791E-08,0,00223260680274242,0,00275540650626353,20,9152149295498,53,7765825675418,33,0709688245148,22,979262356184,18,359119160212,0,0,0,0,0,0,0,0,0,0,0,0,0,0,0,0,0,0,0,0,0,0,0,0,0,0,0,0,0,0,0,0,0,0,0,0,0,0,0,0,0,0,0,0,0,0,0,0,0,0,0,0,0,0,0,0,0,0,0,0,0,0,0,0,0,0,0,0,0,0,0,0,0,0,0,0,0,0,0,0,0,0,0,0,0,0,0,0,0,0,0,0,0,0,0,0,0,0,0805538487838475,0,076989730269408,0,0,0,0,0,0,0,0,0,0,0,0,0,718,15,7,16907888778354,11,0896486072626,87,8849418182899,0,0,199959628352797,0,0,0,0,0,0,0,0,0,0,0,0,000288680804289373,0,0,00619985619950332,0,1,54996404987583E-06,0,00180829144318727,0,0,170862219778003,0,0,0,44557,0170988521,41935,7621767693,0,
450-460C*,0,00685079872368367,733,150024,441,887121629576,906,116467989873,0,032042528299373,367,709885313183,37,5940354794567,38,9520937251427,0,0263449751302383,230,172221844782,7,96788404502807,325,628241608675,0,277132289387004,0,67,6251679768857,436,175324321093,329,260063046811,-2,64279038873173,6,11430081126827,62,3387747099368,60,9836049910141,0,00104063311575652,944,660105306545,0,0,0,067189810606543,0,064301283843176,305,059552952575,1,49373978940194,0,8440762779087,-8,45838678184851,0,298704418151493,11,1479318568285,0,544754268689034,2,23064106722394E-05,0,000351056256986283,5,76302027866878E-09,0,00264137713334201,0,00325988141979592,20,2216525564783,64,3030058379288,38,8293696497459,26,6216588810777,18,1453410019811,0,0,0,0,0,0,0,0,0,0,0,0,0,0,0,0,0,0,0,0,0,0,0,0,0,0,0,0,0,0,0,0,0,0,0,0,0,0,0,0,0,0,0,0,0,0,0,0,0,0,0,0,0,0,0,0,0,0,0,0,0,0,0,0,0,0,0,0,0,0,0,0,0,0,0,0,0,0,0,0,0,0,0,0,0,0,0,0,0,0,0,0,0,0,0,0,0,0,067189810606543,0,064301283843176,0,0,0,0,0,0,0,0,0,0,0,0,0,728,15,7,97962770487136,11,0326686418137,87,9070244451887,0,0,278375378629278,0,0,0,0,0,0,0,0,0,0,0,0,000415137954690128,0,0,00891571446314369,0,2,22892861578592E-06,0,00260041679271453,0,0,277132289387004,0,0,0,44498,0865768219,41886,9681478923,0,
460-480C*,0,0122339154756559,753,150024,464,174718698753,910,641725109781,0,0348914053381696,369,231229216227,38,476404737299,39,8240870216987,0,0415236387145504,289,102134349718,7,9978279890917,331,202588299358,0,436537393800506,0,68,5323531625567,438,019598392476,332,851066097358,-5,01117593204119,3,74591526795881,61,4725414845753,60,1269617494664,0,00128216139625807,1105,28130697775,0,0,0,0510537781256703,0,0489512288348375,305,900751422292,1,49711120395985,0,699638827753997,-11,2028209998139,-2,44572979981395,10,7802996423338,0,587512313100928,2,49136511313985E-05,0,000511461635682542,8,70669017649523E-10,0,00325453262924139,0,00401659379009451,19,199287075846,85,2202067901636,49,9896702501533,33,5502475778548,17,8246737646347,0,0,0,0,0,0,0,0,0,0,0,0,0,0,0,0,0,0,0,0,0,0,0,0,0,0,0,0,0,0,0,0,0,0,0,0,0,0,0,0,0,0,0,0,0,0,0,0,0,0,0,0,0,0,0,0,0,0,0,0,0,0,0,0,0,0,0,0,0,0,0,0,0,0,0,0,0,0,0,0,0,0,0,0,0,0,0,0,0,0,0,0,0,0,0,0,0,0,0510537781256703,0,0489512288348375,0,0,0,0,0,0,0,0,0,0,0,0,0,743,15,9,43276496329675,10,9469312484484,87,5516731335032,0,0,39295763240744,0,0,0,0,0,0,0,0,0,0,0,0,000604823680291259,0,0,0129895018586042,0,3,24737546465106E-06,0,00378860481700542,0,0,436537393800506,0,0,0,44409,7160175506,41813,7464120572,0,
480-500C*,0,0104166904055978,773,150024,493,918669770137,916,60237913122,0,0386899080565649,371,042426752837,39,0922761107923,40,4488711791221,0,0617618568269664,371,46689377121,8,07782961800869,335,962437350849,0,649077533018509,0,69,6767549447845,440,323947877575,337,051673566781,-8,16756288035173,0,589528319648274,60,8752458733857,59,5198907367016,0,0113006411805526,1334,6316061486,0,0,0,032478015821973,0,0312380841762408,307,022349381913,1,50175865918492,0,572936211814186,-14,8620666237679,-6,10497542376787,10,3099290057531,0,646503952986668,2,83899717436108E-05,0,00072533547394422,1,1643634649436E-10,0,029617297332667,0,0363605909933118,17,887112162833,127,441957758462,71,6930244144992,46,6535323907508,17,3971174481727,0,0,0,0,0,0,0,0,0,0,0,0,0,0,0,0,0,0,0,0,0,0,0,0,0,0,0,0,0,0,0,0,0,0,0,0,0,0,0,0,0,0,0,0,0,0,0,0,0,0,0,0,0,0,0,0,0,0,0,0,0,0,0,0,0,0,0,0,0,0,0,0,0,0,0,0,0,0,0,0,0,0,0,0,0,0,0,0,0,0,0,0,0,0,0,0,0,0,032478015821973,0,0312380841762408,0,0,0,0,0,0,0,0,0,0,0,0,0,763,15,11,9476889256716,10,8409535876071,87,5713759774306,0,0,545058154223176,0,0,0,0,0,0,0,0,0,0,0,0,000857737981092768,0,0,018421218385885,0,4,60530459647124E-06,0,00537285551605993,0,0,649077533018509,0,0,0,44292,654294664,41716,6372389888,0,
500-520C*,0,00936136376637308,793,150024,524,012971204468,922,414886300826,0,0424884107749603,372,628643049078,40,2803460425493,41,6357190860981,0,0820000749393826,454,797937770586,8,15063148737135,340,15319878891,0,861617672236511,0,70,7771757244533,442,116291793548,340,756746588335,-11,3209868916256,-2,5638956916256,59,7023527364762,58,3476090082671,0,0223666590285629,1576,55689267399,0,0,0,0173012209745287,0,0166719056348111,308,143947341535,1,50653229244726,0,462969824847525,-18,5213122477218,-9,76422104772179,9,87038508680345,0,707759494590365,3,1866292355823E-05,0,000939209312205899,1,36162812895303E-11,0,0587397953813747,0,0720898149213767,16,6567739078689,197,042228958594,105,893250922366,66,614904275964,16,9695611317108,0,0,0,0,0,0,0,0,0,0,0,0,0,0,0,0,0,0,0,0,0,0,0,0,0,0,0,0,0,0,0,0,0,0,0,0,0,0,0,0,0,0,0,0,0,0,0,0,0,0,0,0,0,0,0,0,0,0,0,0,0,0,0,0,0,0,0,0,0,0,0,0,0,0,0,0,0,0,0,0,0,0,0,0,0,0,0,0,0,0,0,0,0,0,0,0,0,0,0173012209745287,0,0166719056348111,0,0,0,0,0,0,0,0,0,0,0,0,0,783,15,15,3858524003658,10,7447755740423,87,5767061185274,0,0,698491042112534,0,0,0,0,0,0,0,0,0,0,0,0,00111065228189428,0,0,0238529349131657,0,5,96323372829142E-06,0,00695710621511445,0,0,861617672236511,0,0,0,44177,4498361289,41620,9088202325,0,
520-540C*,0,00726927261641946,813,150024,555,161786194092,927,807202751646,0,0476345088134016,374,00489183683,41,6847708206701,43,0453366602671,0,113505175445054,534,149383921382,8,20589530493435,343,838697363006,1,13843501780155,0,71,9361467908818,443,434260082625,344,093202058251,-14,4660070885238,-5,70891588852376,58,3057132085227,56,9454809151569,0,0334326768765732,1824,05153556889,0,0,0,00951597080728265,0,00918242457593241,309,265545301157,1,51124521348632,0,368650173084783,-22,1805578716757,-13,4234666716757,9,49727099154548,0,771245505991219,3,53426129680352E-05,0,00130445403903883,1,37320032233685E-12,0,0878622934300824,0,107819038849442,15,6092275881771,311,503772956672,159,614952880004,96,910326752374,16,7785413317118,0,0,0,0,0,0,0,0,0,0,0,0,0,0,0,0,0,0,0,0,0,0,0,0,0,0,0,0,0,0,0,0,0,0,0,0,0,0,0,0,0,0,0,0,0,0,0,0,0,0,0,0,0,0,0,0,0,0,0,0,0,0,0,0,0,0,0,0,0,0,0,0,0,0,0,0,0,0,0,0,0,0,0,0,0,0,0,0,0,0,0,0,0,0,0,0,0,0,00951597080728265,0,00918242457593241,0,0,0,0,0,0,0,0,0,0,0,0,0,803,15,20,0199896651033,10,6705617595921,87,5615126440485,0,0,901445318530752,0,0,0,0,0,0,0,0,0,0,0,0,00154256866521259,0,0,0331289914676529,0,8,28224786691323E-06,0,0096626227874737,0,1,13843501780155,0,0,0,44068,1891361321,41529,8184944705,0,
540-560C*,0,00491156739860321,833,150024,588,144323645992,932,563282229768,0,0601070670957811,375,189080936416,43,4911500562497,44,8659525358526,0,184805323777251,604,928784337154,8,23550243560677,347,075547023736,1,72792951263376,0,73,2326556728226,444,314445340833,347,166509883877,-17,598302545968,-8,84121134596795,56,5088499437419,55,1340474641393,0,0444986947245835,2070,60615377935,0,0,8,38536604103268E-12,8,09803543109671E-12,310,387143260779,1,51573490650379,0,288806715618069,-25,8398034956296,-17,0827122956296,9,21719265713488,0,836937838057454,3,88189335802474E-05,0,00205893819362643,1,17550415132813E-13,0,11698479147879,0,143548262777507,14,82098364434,474,941295571208,233,769549885364,137,697428903502,17,7381559146991,0,0,0,0,0,0,0,0,0,0,0,0,0,0,0,0,0,0,0,0,0,0,0,0,0,0,0,0,0,0,0,0,0,0,0,0,0,0,0,0,0,0,0,0,0,0,0,0,0,0,0,0,0,0,0,0,0,0,0,0,0,0,0,0,0,0,0,0,0,0,0,0,0,0,0,0,0,0,0,0,0,0,0,0,0,0,0,0,0,0,0,0,0,0,0,0,0,8,38536604103268E-12,8,09803543109671E-12,0,0,0,0,0,0,0,0,0,0,0,0,0,823,15,25,4718275263192,10,6265906820866,87,5153134445201,0,1,34654483213208,0,0,0,0,0,0,0,0,0,0,0,0,00243477611785982,0,0,0522904938063854,0,1,30726234515964E-05,0,0152513944626165,0,1,72792951263376,0,0,0,43968,0193706924,41445,8655437513,0,
560-580C*,0,00467678262428156,853,150024,618,426164176744,939,982711582694,0,0729278426050916,376,327725329746,45,7659947246537,47,1707574713749,0,313105015751588,676,777404583561,8,35845428013291,349,403870114948,2,70350685326914,0,73,5243846261388,444,792138347168,349,653636071845,-20,7838650009082,-12,0267738009082,54,2340052753176,52,8292425285973,0,153984702908303,2330,85498944929,0,0,2,87590085254504E-11,2,77843062678288E-11,311,508741220401,1,52221647735459,0,222200775091261,-29,4990491195836,-20,7419579195836,8,59372962124593,0,905372213199207,4,22952541924597E-05,0,00281342234821402,8,38721298380265E-15,0,412603818422184,0,504708420489163,13,060469666777,745,829206867845,351,753254598475,200,608187590448,18,0977743893251,0,0,0,0,0,0,0,0,0,0,0,0,0,0,0,0,0,0,0,0,0,0,0,0,0,0,0,0,0,0,0,0,0,0,0,0,0,0,0,0,0,0,0,0,0,0,0,0,0,0,0,0,0,0,0,0,0,0,0,0,0,0,0,0,0,0,0,0,0,0,0,0,0,0,0,0,0,0,0,0,0,0,0,0,0,0,0,0,0,0,0,0,0,0,0,0,0,2,87590085254504E-11,2,77843062678288E-11,0,0,0,0,0,0,0,0,0,0,0,0,0,843,149999999999,33,7115904400531,10,4745544437812,87,5510844231082,0,2,1192162343132,0,0,0,0,0,0,0,0,0,0,0,0,00332698357050705,0,0,0714519961451179,0,1,78629990362795E-05,0,0208401661377594,0,2,70350685326914,0,0,0,43827,5635689488,41329,7539433193,0,
580-600C*,0,00391017388201896,873,150024,643,268547217924,950,967546276498,0,08375741613716,377,55982289681,48,2718026399675,49,7093691588592,0,552141017395118,754,382741507409,8,61348771635355,350,709330622592,5,47895657604742,0,72,5551751768289,444,901129982781,351,500141416116,-24,0407355626661,-15,2836443626661,51,7281973599834,50,2906308410933,0,283272931369778,2616,84251038116,0,0,4,91428736404298E-11,4,7470577104561E-11,312,630339180022,1,53150096573965,0,167541627730274,-33,1582947435375,-24,4012035435375,7,52761642205247,0,977655362562931,4,57715748046719E-05,0,00321977373481191,4,8841076376234E-16,0,761842267095139,0,931345672986106,10,0312817203813,1208,85503868539,544,874296086191,300,246562413948,14,6068658733965,0,0,0,0,0,0,0,0,0,0,0,0,0,0,0,0,0,0,0,0,0,0,0,0,0,0,0,0,0,0,0,0,0,0,0,0,0,0,0,0,0,0,0,0,0,0,0,0,0,0,0,0,0,0,0,0,0,0,0,0,0,0,0,0,0,0,0,0,0,0,0,0,0,0,0,0,0,0,0,0,0,0,0,0,0,0,0,0,0,0,0,0,0,0,0,0,0,4,91428736404298E-11,4,7470577104561E-11,0,0,0,0,0,0,0,0,0,0,0,0,0,863,15,51,8873491593035,10,1810962376855,87,6947473823178,0,4,50656919487219,0,0,0,0,0,0,0,0,0,0,0,0,00380751021021409,0,0,0817720313603026,0,2,04430078400757E-05,0,0238501764948552,0,5,47895657604742,0,0,0,43634,1523073954,41171,4747402721,0,
600-625C*,0,0039043149316361,898,150024,666,389861861729,967,169809340501,0,0946265550251885,378,975700016684,51,3134565704815,52,7889092236386,0,746134948191308,844,719695299366,9,04109188093631,351,310377143681,8,60133751417298,0,70,2126619596703,444,642476882759,353,093130504987,-27,7816014253131,-19,0245102253131,48,6865434294463,47,2110907762918,0,428722188388938,2955,12713396516,0,0,7,21271647194125E-11,6,96176317958846E-11,313,892136884597,1,54544281227138,0,114000181889301,-37,2749460704856,-28,5178548704856,5,88948625907058,1,06219057722717,4,96824354934107E-05,0,00490556386799723,1,01130060428898E-17,1,15473552185221,1,41131258204517,5,33072925022724,2167,43829753155,925,403868783002,489,325886756789,11,4430288798174,0,0,0,0,0,0,0,0,0,0,0,0,0,0,0,0,0,0,0,0,0,0,0,0,0,0,0,0,0,0,0,0,0,0,0,0,0,0,0,0,0,0,0,0,0,0,0,0,0,0,0,0,0,0,0,0,0,0,0,0,0,0,0,0,0,0,0,0,0,0,0,0,0,0,0,0,0,0,0,0,0,0,0,0,0,0,0,0,0,0,0,0,0,0,0,0,0,7,21271647194125E-11,6,96176317958846E-11,0,0,0,0,0,0,0,0,0,0,0,0,0,885,65,89,0903546267472,9,70272247685486,87,7232054084707,0,7,42242869199193,0,0,0,0,0,0,0,0,0,0,0,0,00580102393913958,0,0,124585749028501,0,3,11464372571253E-05,0,0363375111715274,0,8,60133751417298,0,0,0,43362,4407793374,40950,6784695785,0,
625-650C*,0,00316136002155622,923,150024,691,910064893752,987,064520182626,0,105071448209572,380,567981874539,54,8977696247229,56,4133641688951,1,07149778875459,947,174885378778,9,65722034927887,350,672256806841,11,3690804380976,0,67,1237711855396,443,902909838266,354,706071393611,-31,9759629770078,-23,2188717770078,45,1022303751793,43,5866358310107,0,687636858012636,3342,97897851971,0,0,9,77849027226783E-11,9,42254703417998E-11,315,294134334124,1,56366857225372,0,0744549568937233,-41,849003100428,-33,091911900428,3,92279528572525,1,15924958439338,5,40278362586759E-05,0,0076727835809503,1,38605125770891E-19,1,86052498741717,2,27222667185419,-0,386347542931289,4378,16069068333,1752,6892637842,882,297149770346,8,59900075238332,0,0,0,0,0,0,0,0,0,0,0,0,0,0,0,0,0,0,0,0,0,0,0,0,0,0,0,0,0,0,0,0,0,0,0,0,0,0,0,0,0,0,0,0,0,0,0,0,0,0,0,0,0,0,0,0,0,0,0,0,0,0,0,0,0,0,0,0,0,0,0,0,0,0,0,0,0,0,0,0,0,0,0,0,0,0,0,0,0,0,0,0,0,0,0,0,0,9,77849027226783E-11,9,42254703417998E-11,0,0,0,0,0,0,0,0,0,0,0,0,0,910,65,175,729456508501,9,11455754683526,88,0212906159708,0,10,142924530059,0,0,0,0,0,0,0,0,0,0,0,0,00907337106001266,0,0,194864344913024,0,4,87160862282559E-05,0,0568354355568348,0,11,3690804380976,0,0,0,43038,2461257446,40688,3040367129,0,
650-675C*,0,00256525816934783,948,150024,722,430912329183,1006,9880143552,0,113798522654676,382,125887715546,58,5308650975292,60,0840516523339,1,40949800428752,1049,91743683723,10,3253710227474,349,385856546731,15,4057078084761,0,64,1786136642319,442,743732994451,356,416813229733,-36,1709001953115,-27,4138089953115,41,4691349023472,39,9159483475472,1,73383245310633,3733,7514506915,0,0,1,23620769756234E-10,1,18833308887715E-10,316,696131783651,1,58345866310844,0,0463539579261727,-46,4230601303705,-37,6659689303704,2,04811951809535,1,25862801698606,5,83732370239412E-05,0,0104400032939034,1,17292580372822E-21,4,74472218211075,5,78386436645574,-5,91083422307927,9409,13558470343,3515,44364116238,1678,53452869684,6,46165295113457,0,0,0,0,0,0,0,0,0,0,0,0,0,0,0,0,0,0,0,0,0,0,0,0,0,0,0,0,0,0,0,0,0,0,0,0,0,0,0,0,0,0,0,0,0,0,0,0,0,0,0,0,0,0,0,0,0,0,0,0,0,0,0,0,0,0,0,0,0,0,0,0,0,0,0,0,0,0,0,0,0,0,0,0,0,0,0,0,0,0,0,0,0,0,0,0,0,1,23620769756234E-10,1,18833308887715E-10,0,0,0,0,0,0,0,0,0,0,0,0,0,935,65,381,18599170482,8,5500776367349,88,2827238725831,0,14,2651759263071,0,0,0,0,0,0,0,0,0,0,0,0,0123457181808857,0,0,265142940797546,0,6,62857351993865E-05,0,0773333599421421,0,15,4057078084761,0,0,0,42720,0014715821,40431,4663316902,0,
675-700C*,0,0019561725019507,973,150024,777,447721618922,1022,10394117123,0,109304225170168,383,659952163099,62,2126744586154,63,7963030527958,1,68605849110555,1146,50261003382,10,7781471313893,348,208302193068,18,5814102858204,0,62,7336885441649,441,215787687061,358,930077701745,-40,2696860664843,-31,5125948664843,37,7873255412349,36,2036969470607,2,78002804820003,4096,19454765517,0,0,1,49705881338216E-10,1,4344114743363E-10,305,66495510884,1,60015575369875,0,027275358383197,-50,9971171603128,-42,2400259603128,0,793543654742536,1,35858107176386,6,27186377892065E-05,0,0132587766455354,5,622719383272E-24,7,62891937680432,9,29550206105728,-9,64877614281232,21628,4386558869,7504,99714578317,3385,73023611943,5,68405040277515,0,0,0,0,0,0,0,0,0,0,0,0,0,0,0,0,0,0,0,0,0,0,0,0,0,0,0,0,0,0,0,0,0,0,0,0,0,0,0,0,0,0,0,0,0,0,0,0,0,0,0,0,0,0,0,0,0,0,0,0,0,0,0,0,0,0,0,0,0,0,0,0,0,0,0,0,0,0,0,0,0,0,0,0,0,0,0,0,0,0,0,0,0,0,0,0,0,1,49705881338216E-10,1,4344114743363E-10,0,0,0,0,0,0,0,0,0,0,0,0,0,960,65,922,141762124447,8,20096350219737,88,391191245837,0,17,5976516326173,0,0,0,0,0,0,0,0,0,0,0,0,015679029525276,0,0,33673083544217,0,8,41827088605425E-05,0,0982131631433899,0,18,5814102858204,0,0,0,42473,1678368722,40231,4165617462,0,
700-725C*,0,0013989283713406,998,150024,843,79562200373,1033,92984071325,0,0993432084542157,385,17908084905,65,9242744709853,67,5262320402039,1,93410627777056,1240,68242116778,11,0534291782916,346,956841612367,21,3610844468682,0,62,2269842534324,439,365611027999,361,325806985059,-44,3026713921768,-35,5455801921768,34,0757255288386,32,473767959628,3,63959092642782,4447,41112375745,0,0,1,76117984484227E-10,1,68048985979545E-10,290,612453706845,1,6145116157338,0,0150068335183521,-55,5711741902553,-46,8140829902553,0,406205686528494,1,45903778441572,6,70640385544718E-05,0,0203221329150735,1,37064635256234E-26,9,98852889941981,12,1704564197722,-10,8094431210574,98412,5002425065,29087,0147937238,11630,3028237906,4,95873459068073,0,0,0,0,0,0,0,0,0,0,0,0,0,0,0,0,0,0,0,0,0,0,0,0,0,0,0,0,0,0,0,0,0,0,0,0,0,0,0,0,0,0,0,0,0,0,0,0,0,0,0,0,0,0,0,0,0,0,0,0,0,0,0,0,0,0,0,0,0,0,0,0,0,0,0,0,0,0,0,0,0,0,0,0,0,0,0,0,0,0,0,0,0,0,0,0,0,1,76117984484227E-10,1,68048985979545E-10,0,0,0,0,0,0,0,0,0,0,0,0,0,985,65,2526,8474770274,7,99598162672193,88,3830166218919,0,20,5594236788788,0,0,0,0,0,0,0,0,0,0,0,0,0240317286059203,0,0,5161176613352,0,0,0001290294153338,0,150534322190414,0,21,3610844468682,0,0,0,42273,8226775338,40068,9386756051,0,
725-750C*,0,00116836150650609,1023,150024,928,61491343766,1043,52255401805,0,088179711314965,386,682205531857,69,6202116024007,71,2242091551801,2,17701548173502,1335,29855989209,11,1930810479449,345,514464347537,24,0744779224972,0,62,3068419091426,437,235577770466,363,628589717377,-48,2909929931251,-39,5339017931251,30,3797883973964,28,7757908446272,7,97611733802189,4800,18727905946,0,0,2,02937220696235E-10,1,9265682452546E-10,276,152175151039,1,62720667587046,0,00761602547451487,-60,1452312201977,-51,3881400201976,0,406205686528494,1,55977775682668,7,14094393197371E-05,0,0273854891846116,1,48132469721263E-29,22,1388780973087,26,924768285251,-10,8094431210574,560616,027385106,137793,9563011,47957,8606786353,4,70273796939773,0,0,0,0,0,0,0,0,0,0,0,0,0,0,0,0,0,0,0,0,0,0,0,0,0,0,0,0,0,0,0,0,0,0,0,0,0,0,0,0,0,0,0,0,0,0,0,0,0,0,0,0,0,0,0,0,0,0,0,0,0,0,0,0,0,0,0,0,0,0,0,0,0,0,0,0,0,0,0,0,0,0,0,0,0,0,0,0,0,0,0,0,0,0,0,0,0,2,02937220696235E-10,1,9265682452546E-10,0,0,0,0,0,0,0,0,0,0,0,0,0,1010,65,7979,73681888024,7,88843554972896,88,2958984496058,0,23,4797721246744,0,0,0,0,0,0,0,0,0,0,0,0,0323844276865645,0,0,69550448722823,0,0,000173876121807058,0,202855481237438,0,24,0744779224972,0,0,0,42106,152173406,39931,4370387378,0,
750-775C*,0,000698319885656306,1048,150024,1022,19294954561,1049,52964644338,0,0752346913618486,388,168257969975,73,2546170816383,74,8406049383464,2,41917880183254,1431,38391757226,11,2490464531846,344,112685027906,26,7828004405432,0,63,3082260841291,434,864093543517,365,489755197648,-52,2076021764839,-43,4505109764839,26,7453829181315,25,1593950614363,12,6566198413527,5158,73182035214,0,0,2,30248015669663E-10,2,17264663071376E-10,262,284119441424,1,63652568641149,0,00350315367652875,-64,7192882501401,-55,9621970501401,0,406205686528494,1,6602836692885,7,57548400850023E-05,0,0336158068391895,5,94693471596448E-33,35,2590990989313,42,8555989950641,-10,8094431210574,4130511,85003514,821418,198328265,243751,453257227,4,17437051169628,0,0,0,0,0,0,0,0,0,0,0,0,0,0,0,0,0,0,0,0,0,0,0,0,0,0,0,0,0,0,0,0,0,0,0,0,0,0,0,0,0,0,0,0,0,0,0,0,0,0,0,0,0,0,0,0,0,0,0,0,0,0,0,0,0,0,0,0,0,0,0,0,0,0,0,0,0,0,0,0,0,0,0,0,0,0,0,0,0,0,0,0,0,0,0,0,0,2,30248015669663E-10,2,17264663071376E-10,0,0,0,0,0,0,0,0,0,0,0,0,0,1035,65,29607,9271639678,7,92399038021585,89,137335881636,0,26,4153109215569,0,0,0,0,0,0,0,0,0,0,0,0,0397520255479304,0,0,853734776868304,0,0,000213433694217076,0,249005983701045,0,26,7828004405432,0,0,0,41986,555522926,39831,4578747674,0,
775-800C*,0,00144193542965254,1073,150024,1122,34869857704,1055,49466814759,0,065349877600607,389,636169921861,76,7807602481642,78,3257899303246,2,66498893689673,1529,97138557383,11,3052916854505,342,268590587113,29,5472617288422,0,64,2590882697622,432,285821973532,366,93753645249,-56,1233699454203,-47,3662787454203,23,2192397515777,21,6742100694336,15,8193121663094,5527,2535544264,0,0,2,5813800621418E-10,2,41872501617291E-10,249,008286577998,1,64611639119733,0,00142714126773831,-69,2933452800825,-60,5362540800825,0,406205686528494,1,76003820209292,8,01002408502676E-05,0,0483948859881106,7,03082695798661E-37,44,0502094645065,53,5448495675831,-10,8094431210574,40849296,3188018,6369171,5750484,1573722,01093681,3,5777908406418,0,0,0,0,0,0,0,0,0,0,0,0,0,0,0,0,0,0,0,0,0,0,0,0,0,0,0,0,0,0,0,0,0,0,0,0,0,0,0,0,0,0,0,0,0,0,0,0,0,0,0,0,0,0,0,0,0,0,0,0,0,0,0,0,0,0,0,0,0,0,0,0,0,0,0,0,0,0,0,0,0,0,0,0,0,0,0,0,0,0,0,0,0,0,0,0,0,2,5813800621418E-10,2,41872501617291E-10,0,0,0,0,0,0,0,0,0,0,0,0,0,1060,65,131895,068844913,7,96878046219025,90,08938750238,0,29,4262828742728,0,0,0,0,0,0,0,0,0,0,0,0,0572288731129245,0,1,22907646953932,0,0,000307269117384829,0,358480647191271,0,29,5472617288422,0,0,0,41868,6406469241,39732,9519229984,0,
800-825C*,0,00051948725543734,1098,150024,1225,75888681406,1057,61719208811,0,0475748153587224,391,08487314597,80,1505155765218,81,6301346717366,2,91883858576122,1632,09385526232,11,3618181438778,340,563071906507,32,4290715152301,0,66,1751816677083,429,531931791022,368,029224026214,-59,9622877590829,-51,2051965590829,19,8494844231915,18,3698653279969,28,9525023089261,5909,96128807318,0,0,2,86696434953885E-10,2,66480340163206E-10,236,324676560763,1,65171317347185,0,000499276051668326,-73,8674023100249,-65,1103111100249,0,406205686528494,1,85852403553169,8,44456416155329E-05,0,0598820151646585,1,79365614365673E-41,81,3257175316302,98,7131149712782,-10,8094431210574,565704885,279499,66708006,3382165,13356557,2920648,2,55939518611637,0,0,0,0,0,0,0,0,0,0,0,0,0,0,0,0,0,0,0,0,0,0,0,0,0,0,0,0,0,0,0,0,0,0,0,0,0,0,0,0,0,0,0,0,0,0,0,0,0,0,0,0,0,0,0,0,0,0,0,0,0,0,0,0,0,0,0,0,0,0,0,0,0,0,0,0,0,0,0,0,0,0,0,0,0,0,0,0,0,0,0,0,0,0,0,0,0,2,86696434953885E-10,2,66480340163206E-10,0,0,0,0,0,0,0,0,0,0,0,0,0,1085,65,722763,050013696,8,16003623867597,92,7128477912887,0,32,5747862414453,0,0,0,0,0,0,0,0,0,0,0,0,0708128592026517,0,1,52081308354688,0,0,00038020327088672,0,443570495374616,0,32,4290715152301,0,0,0,41800,7627005034,39673,2928682827,0,
825-850C*,8,52552597884075E-06,1123,150024,1337,99325442335,1061,58155311372,0,0214378880553799,392,547096548323,83,6911364161813,85,0569095602274,3,16751368016464,1731,8308028158,11,4186272345972,338,204127626943,35,2349942720318,0,67,5371970200009,426,630353116244,368,903656561192,-63,8380423144471,-55,0809511144471,16,3088635835025,14,9430904394816,45,2297898639488,6283,10372414988,0,0,3,16126228274345E-10,2,91088178709121E-10,223,22018599889,1,65958182089217,0,000143780415006924,-78,4414593399673,-69,6843681399673,0,406205686528494,1,95784803489175,8,87910423807982E-05,0,0781770577509413,6,44754093073519E-47,127,60007971963,154,770792765686,-10,8094431210574,11512663054,5302,985210552,871995,154956594,388704,1,14031068911484,0,0,0,0,0,0,0,0,0,0,0,0,0,0,0,0,0,0,0,0,0,0,0,0,0,0,0,0,0,0,0,0,0,0,0,0,0,0,0,0,0,0,0,0,0,0,0,0,0,0,0,0,0,0,0,0,0,0,0,0,0,0,0,0,0,0,0,0,0,0,0,0,0,0,0,0,0,0,0,0,0,0,0,0,0,0,0,0,0,0,0,0,0,0,0,0,0,3,16126228274345E-10,2,91088178709121E-10,0,0,0,0,0,0,0,0,0,0,0,0,0,1110,65,5006821,99991057,8,29103102374356,94,6721926506082,0,35,6450480081743,0,0,0,0,0,0,0,0,0,0,0,0,0924474730546846,0,1,98544908573819,0,0,000496362271434548,0,579089333219048,0,35,2349942720318,0,0,0,41709,4199913248,39595,4794647611,0,
850-875C*,0,1148,150024,1454,00161411667,1065,59885533716,0,394,009709132686,85,9669592747316,88,4874908963044,3,41601168044892,1831,49311729972,11,4757203707701,335,480379310257,38,0383425525843,0,68,8278538757562,423,606034728143,369,578789714435,,,14,0330407249271,11,5125091033799,55,4263933117666,6655,9464271679,0,0,3,41301888572477E-10,3,15696017255036E-10,210,103815193591,,3,21111780549555E-05,-83,0155163699097,,0,406205686528494,2,05719934776308,9,31364431460635E-05,0,0968971939412603,1,79175042785312E-53,156,310097591388,189,60612016788,-10,8094431210574,,,,0,0,0,0,0,0,0,0,0,0,0,0,0,0,0,0,0,0,0,0,0,0,0,0,0,0,0,0,0,0,0,0,0,0,0,0,0,0,0,0,0,0,0,0,0,0,0,0,0,0,0,0,0,0,0,0,0,0,0,0,0,0,0,0,0,0,0,0,0,0,0,0,0,0,0,0,0,0,0,0,0,0,0,0,0,0,0,0,0,0,0,0,0,0,0,0,0,0,3,41301888572477E-10,3,15696017255036E-10,0,0,0,0,0,0,0,0,0,0,0,0,0,1135,65,,8,42742564450184,96,7107801417605,0,38,7131025749467,0,0,0,0,0,0,0,0,0,0,0,0,114584776962284,0,2,46088111596851,0,0,000615220278992129,0,717757012664826,0,38,0383425525843,0,0,0,41617,8113644014,39517,5141632405,0,
875-900C*,0,1173,150024,1575,91795673288,1069,6161575606,0,395,472321717049,85,9651624163887,91,9180722323815,3,6645096807332,1931,15543178364,11,533098972624,332,427571642854,40,8416908331367,,,,370,115938879936,,,14,0348375832539,8,08192776727818,88,3510787535712,7028,78913018591,,,3,57404597488997E-10,3,40303855800951E-10,196,987444388292,,,-87,5895733998521,,0,406205686528494,2,15655066063442,9,74818439113288E-05,0,113064629925643,,250,749854041237,303,844739491773,,,,,0,0,0,0,0,0,0,0,0,0,0,0,0,0,0,0,0,0,0,0,0,0,0,0,0,0,0,0,0,0,0,0,0,0,0,0,0,0,0,0,0,0,0,0,0,0,0,0,0,0,0,0,0,0,0,0,0,0,0,0,0,0,0,0,0,0,0,0,0,0,0,0,0,0,0,0,0,0,0,0,0,0,0,0,0,0,0,0,0,0,0,0,0,0,0,0,0,0,,3,40303855800951E-10,,0,0,0,0,0,0,0,0,0,0,0,0,1160,65,,8,57157505695231,98,8568234831062,,,,,,,,,,,,,,0,133703411578737,,2,87148266477825,,0,000717870666194562,0,837515801156011,,40,8416908331367,,,,41526,6193299083,,,
900-925C*,0,1198,150024,1703,80448092274,1073,63345978405,0,396,934934301411,86,0142641281545,95,3486535684586,3,91300768101748,2030,81774626757,11,5907644674871,329,072397478008,43,6450391136891,,,,370,550644421279,,,13,9857358714721,4,65134643117647,135,525190225486,7401,63183320393,,,3,7340092701451E-10,3,64911694346866E-10,183,871073582992,,,-92,1636304297945,,0,406205686528494,2,25590197350576,0,000101827244676594,0,129232065910027,,386,500970456155,467,968473243112,,,,,0,0,0,0,0,0,0,0,0,0,0,0,0,0,0,0,0,0,0,0,0,0,0,0,0,0,0,0,0,0,0,0,0,0,0,0,0,0,0,0,0,0,0,0,0,0,0,0,0,0,0,0,0,0,0,0,0,0,0,0,0,0,0,0,0,0,0,0,0,0,0,0,0,0,0,0,0,0,0,0,0,0,0,0,0,0,0,0,0,0,0,0,0,0,0,0,0,0,,3,64911694346866E-10,,0,0,0,0,0,0,0,0,0,0,0,0,1185,65,,8,72393972603884,101,11713059307,,,,,,,,,,,,,,0,15282204619519,,3,28208421358798,,0,000820521053396995,0,957274589647196,,43,6450391136891,,,,41435,842404693,,,
925-950C*,0,1223,150024,1837,63595607611,1077,65076200749,0,398,397546885774,86,1222724831759,98,7792349045357,4,16150568130176,2130,48006075149,11,6487182898245,325,440163847565,46,4483873942416,,,,370,909936396373,,,13,8777275164347,1,22076509507478,164,811734536612,7774,47453622194,,,3,89484945644604E-10,3,89519532892782E-10,170,754702777693,,,-96,7376874597369,,0,406205686528494,2,35525328637709,0,000106172645441859,0,14539950189441,,470,003466858101,569,07753698645,,,,,0,0,0,0,0,0,0,0,0,0,0,0,0,0,0,0,0,0,0,0,0,0,0,0,0,0,0,0,0,0,0,0,0,0,0,0,0,0,0,0,0,0,0,0,0,0,0,0,0,0,0,0,0,0,0,0,0,0,0,0,0,0,0,0,0,0,0,0,0,0,0,0,0,0,0,0,0,0,0,0,0,0,0,0,0,0,0,0,0,0,0,0,0,0,0,0,0,0,,3,89519532892782E-10,,0,0,0,0,0,0,0,0,0,0,0,0,1210,65,,8,88499756007039,103,498833583038,,,,,,,,,,,,,,0,171940680811643,,3,69268576239771,,0,000923171440599428,1,07703337813838,,46,4483873942416,,,,41345,4790451514,,,
950-975C*,0,1248,150024,1977,43712568147,1081,66806423094,0,399,860159470137,87,0474107799076,98,8768961121728,4,41000368158604,2230,14237523541,11,7069618812737,321,554828717647,49,251735674794,,,,371,048612381632,,,12,9525892196692,1,12310388741303,236,059990726884,8147,31723923996,,,4,23174608024681E-10,4,14127371438697E-10,157,638331972394,,,-101,311744489679,,0,406205686528494,2,45460459924843,0,000110518046207125,0,161566937878793,,676,123268032501,818,059969161838,,,,,0,0,0,0,0,0,0,0,0,0,0,0,0,0,0,0,0,0,0,0,0,0,0,0,0,0,0,0,0,0,0,0,0,0,0,0,0,0,0,0,0,0,0,0,0,0,0,0,0,0,0,0,0,0,0,0,0,0,0,0,0,0,0,0,0,0,0,0,0,0,0,0,0,0,0,0,0,0,0,0,0,0,0,0,0,0,0,0,0,0,0,0,0,0,0,0,0,0,,4,14127371438697E-10,,0,0,0,0,0,0,0,0,0,0,0,0,1235,65,,9,05524590446547,106,009418629137,,,,,,,,,,,,,,0,191059315428097,,4,10328731120744,,0,00102582182780186,1,19679216662957,,49,251735674794,,,,41255,5276508897,,,
975-1000C*,0,1273,150024,2123,27920984265,1085,68536645438,0,401,322772054499,86,6885481624959,98,97455731981,4,65850168187032,2329,80468971933,11,76549669068,317,439041676784,52,0550839553465,,,,371,147388847269,,,13,3114518370522,1,02544267975128,355,171050542624,8520,15994225797,,,4,51883283589406E-10,4,38735209984612E-10,144,521961167095,,,-105,885801519622,,0,406205686528494,2,55395591211977,0,00011486344697239,0,177734373863176,,1022,57281173241,1236,18403333234,,,,,0,0,0,0,0,0,0,0,0,0,0,0,0,0,0,0,0,0,0,0,0,0,0,0,0,0,0,0,0,0,0,0,0,0,0,0,0,0,0,0,0,0,0,0,0,0,0,0,0,0,0,0,0,0,0,0,0,0,0,0,0,0,0,0,0,0,0,0,0,0,0,0,0,0,0,0,0,0,0,0,0,0,0,0,0,0,0,0,0,0,0,0,0,0,0,0,0,0,,4,38735209984612E-10,,0,0,0,0,0,0,0,0,0,0,0,0,1260,65,,9,23520351875544,108,656756437674,,,,,,,,,,,,,,0,21017795004455,,4,51388886001718,,0,00112847221500429,1,31655095512075,,52,0550839553465,,,,41165,986568214,,,
1000-1050C*,0,1323,150024,2353,62659866377,1091,71131978955,0,403,516690931043,86,1510139341249,99,1210491312657,5,03124868229674,2479,29816144522,11,8243241741334,308,870490182485,56,2601063761751,,,,371,244877781441,,,13,8489860653783,0,878950868258646,502,133717928822,9079,42399678499,,,4,96744849605275E-10,4,75646967803485E-10,124,847404959146,,,-112,746887064535,,0,406205686528494,2,70298288142677,0,000121381548120288,0,201985527839751,,1448,67629152917,1750,71045620944,,,,,0,0,0,0,0,0,0,0,0,0,0,0,0,0,0,0,0,0,0,0,0,0,0,0,0,0,0,0,0,0,0,0,0,0,0,0,0,0,0,0,0,0,0,0,0,0,0,0,0,0,0,0,0,0,0,0,0,0,0,0,0,0,0,0,0,0,0,0,0,0,0,0,0,0,0,0,0,0,0,0,0,0,0,0,0,0,0,0,0,0,0,0,0,0,0,0,0,0,,4,75646967803485E-10,,0,0,0,0,0,0,0,0,0,0,0,0,1298,15,,9,51738969269314,112,53670101796,,,,,,,,,,,,,,0,238855901969229,,5,12979118323177,,0,00128244779580794,1,49618913785753,,56,2601063761751,,,,41032,4405387711,,,
1050-1100C*,0,1373,150024,2683,25217302523,1099,74592423644,0,406,441916099769,85,4357307969984,99,31637154654,5,5282446828653,2678,62279041306,11,8834457950041,299,345260374423,61,86680293728,,,,371,317942624457,,,14,564269202441,0,68362845293514,972,74660315167,9825,10940282102,,,5,60597483063235E-10,5,24862644895315E-10,98,6146633485477,,,-121,89500112442,,0,406205686528494,2,90168550716944,0,000130072349650818,0,234320399808518,,2828,89698860968,3414,21192425485,,,,,0,0,0,0,0,0,0,0,0,0,0,0,0,0,0,0,0,0,0,0,0,0,0,0,0,0,0,0,0,0,0,0,0,0,0,0,0,0,0,0,0,0,0,0,0,0,0,0,0,0,0,0,0,0,0,0,0,0,0,0,0,0,0,0,0,0,0,0,0,0,0,0,0,0,0,0,0,0,0,0,0,0,0,0,0,0,0,0,0,0,0,0,0,0,0,0,0,0,,5,24862644895315E-10,,0,0,0,0,0,0,0,0,0,0,0,0,1348,15,,9,94208716181482,118,146253876633,,,,,,,,,,,,,,0,277093171202136,,5,95099428085124,,0,00148774857021281,1,7357067148399,,61,86680293728,,,,40855,798971723,,,
1100-1150C*,0,1423,150024,3040,14845733735,1107,78052868333,0,409,367141268494,84,7220957813435,99,5116939618143,6,02524068343386,2877,94741938091,11,9428630239791,289,277680225188,67,4734994983849,,,,371,357019487969,,,15,2779042180263,0,488306037611648,1512,75344948083,10570,7948088571,,,6,30199899969619E-10,5,74078321987145E-10,72,3819217379493,,,-131,043115184305,,0,406205686528494,3,10038813291212,0,000138763151181349,0,485891353559095,,4414,65438266751,5325,03699443912,,,,,0,0,0,0,0,0,0,0,0,0,0,0,0,0,0,0,0,0,0,0,0,0,0,0,0,0,0,0,0,0,0,0,0,0,0,0,0,0,0,0,0,0,0,0,0,0,0,0,0,0,0,0,0,0,0,0,0,0,0,0,0,0,0,0,0,0,0,0,0,0,0,0,0,0,0,0,0,0,0,0,0,0,0,0,0,0,0,0,0,0,0,0,0,0,0,0,0,0,,5,74078321987145E-10,,0,0,0,0,0,0,0,0,0,0,0,0,1398,15,,10,4162212276136,124,399503348853,,,,,,,,,,,,,,0,574585806986549,,12,3400978681675,,0,00308502446704188,3,599195314383,,67,4734994983849,,,,40680,7665518379,,,
1150+C*,0,1623,150024,4065,88031927261,1127,86703980055,0,416,680204190307,82,9453172637222,99,9999999993029,7,26773068485526,3376,25899180052,12,002577339099,247,205065307241,81,4902409011471,,,,371,401806854106,,,17,0546827362778,0,2862,77056530372,12435,0083239471,,,0,6,97117514716721E-10,6,80006771145344,,,-153,913400334017,,0,406205686528494,3,5971446972688,0,000160490155007675,0,778225029067893,,8379,04786781208,10102,0996698998,,,,,0,0,0,0,0,0,0,0,0,0,0,0,0,0,0,0,0,0,0,0,0,0,0,0,0,0,0,0,0,0,0,0,0,0,0,0,0,0,0,0,0,0,0,0,0,0,0,0,0,0,0,0,0,0,0,0,0,0,0,0,0,0,0,0,0,0,0,0,0,0,0,0,0,0,0,0,0,0,0,0,0,0,0,0,0,0,0,0,0,0,0,0,0,0,0,0,0,0,0,6,97117514716721E-10,0,0,0,0,0,0,0,0,0,0,0,0,0,1523,15,,11,0828110893952,133,02229723509,,,,,,,,,,,,,,0,920281978818382,,19,7644451826767,,0,00494111129566916,5,76463000965107,,81,4902409011471,,,,40250,124117642,,,
