Name,Southern Green Canyon Blend-2016
Created,26/03/2026 09:51:39
Cpt,Composition,Boiling Temperature,Molecular Weight,Standard Liquid Density,Acidity,Aniline Point,Assay - Aromatics Vol Pct,Assay - Aromatics Wt Pct,Asphaltene Content,Basic Nitrogen Content,C to H Ratio,Cloud Point,Conradson Carbon Content,Copper Content,Cetane Number,Flash Point,Freeze Point,MON (Clear),MON (Leaded),Assay - Naphthenes Vol Pct,Assay - Naphthenes Wt Pct,Nickel Content,Nitrogen Content,Assay - Olefins Vol Pct,Assay - Olefins Wt Pct,Assay - Paraffins Vol Pct,Assay - Paraffins Wt Pct,Pour Point,Refractive Index,Reid Vapour Pressure,RON (Clear),RON (Leaded),Smoke Point,Sulfur Content,Mercaptan Sulfur Content,Sodium Content,True Vapour Pressure,Vanadium Content,Iron Content,Luminometer Number,Viscosity @ 38C,Viscosity @ 50C,Viscosity @ 60C,Wax Content,Pi C6 22DMB Wt Pct,Pi C6 22DMB Vol Pct,Pi C6 23DMB Wt Pct,Pi C6 23DMB Vol Pct,Pi C6 2MP Wt Pct,Pi C6 2MP Vol Pct,Pi C6 3MP Wt Pct,Pi C6 3MP Vol Pct,Pi C7 22-mPentane Wt Pct,Pi C7 22-mPentane Vol Pct,Pi C7 24-mPentane Wt Pct,Pi C7 24-mPentane Vol Pct,Pi C7 223-mButane Wt Pct,Pi C7 223-mButane Vol Pct,Pi C7 33-mPentane Wt Pct,Pi C7 33-mPentane Vol Pct,Pi C7 23-mPentane Wt Pct,Pi C7 23-mPentane Vol Pct,Pi C7 2-mHexane Wt Pct,Pi C7 2-mHexane Vol Pct,Pi C7 3-mHexane Wt Pct,Pi C7 3-mHexane Vol Pct,Pi C7 3-ePentane Wt Pct,Pi C7 3-ePentane Vol Pct,Pi C6 Wt Pct,Pi C6 Vol Pct,Pi C7 Wt Pct,Pi C7 Vol Pct,Pi C8 Wt Pct,Pi C8 Vol Pct,Pi C9 Wt Pct,Pi C9 Vol Pct,Pi C10  Wt Pct,Pi C10  Vol Pct,Pi C11  Wt Pct,Pi C11  Vol Pct,Pn C6 Hexane Wt Pct,Pn C6 Hexane Vol Pct,Pn C7 Heptane Wt Pct,Pn C7 Heptane Vol Pct,Pn C8 Octane Wt Pct,Pn C8 Octane Vol Pct,Pn C9 Nonane Wt Pct,Pn C9 Nonane Vol Pct,Pn C10 Decane Wt Pct,Pn C10 Decane Vol Pct,Pn C11 n-C11 Wt Pct,Pn C11 n-C11 Vol Pct,On C6 Wt Pct,On C6 Vol Pct,On C7 Wt Pct,On C7 Vol Pct,On C8 Wt Pct,On C8 Vol Pct,On C9 Wt Pct,On C9 Vol Pct,On C10 Wt Pct,On C10 Vol Pct,On C11 Wt Pct,On C11 Vol Pct,A C6 Benzene Wt Pct,A C6 Benzene Vol Pct,A C7 Toluene Wt Pct,A C7 Toluene Vol Pct,A C8 m-Xylene Wt Pct,A C8 m-Xylene Vol Pct,A C8 o-Xylene Wt Pct,A C8 o-Xylene Vol Pct,A C8 p-Xylene Wt Pct,A C8 p-Xylene Vol Pct,A C8 EthBenz Wt Pct,A C8 EthBenz Vol Pct,N C6 cyc-C5 Wt Pct,N C6 cyc-C5 Vol Pct,N C6 cyc-C6 Wt Pct,N C6 cyc-C6 Vol Pct,A C8 Wt Pct,A C8 Vol Pct,A C9 Wt Pct,A C9 Vol Pct,A C10 Wt Pct,A C10 Vol Pct,A C11 Wt Pct,A C11 Vol Pct,N C6 Wt Pct,N C6 Vol Pct,N C7 Wt Pct,N C7 Vol Pct,N C8 Wt Pct,N C8 Vol Pct,N C9 Wt Pct,N C9 Vol Pct,N C10 Wt Pct,N C10 Vol Pct,N C11 Wt Pct,N C11 Vol Pct,Pi Wt Pct,Pi Vol Pct,Pn Wt Pct,Pn Vol Pct,Oi C6 Wt Pct,Oi C6 Vol Pct,Oi C7 Wt Pct,Oi C7 Vol Pct,Oi C8 Wt Pct,Oi C8 Vol Pct,Oi C9 Wt Pct,Oi C9 Vol Pct,Oi C10 Wt Pct,Oi C10 Vol Pct,Oi C11 Wt Pct,Oi C11 Vol Pct,Centroid Boiling Temperature,Viscosity @ 100C,Hydrogen,CarbonByWt,PValue,RamsCarbonResidueByWt,SulfideByWt,ZincByWt,TinByWt,ChromiumByWt,LeadByWt,AluminiumByWt,MagnesiumByWt,MetalByWt,ArsenicByWt,CadmiumByWt,MercuryByWt,NaClByWt,SaltByWt,MudByWt,ChloridesByWt,MolybdenumByWt,AshByWt,GumByWt,MicroCarbonResidueByWt,nC5InsolublesByWt,NaphthenicAcidByWt,NaphthenicAcidByVol,Gross Heating Value,Net Heating Value,Oxygen Content,
Hydrogen,0,20,5548,2,016000032,69,85910034,0,,0,0,0,0,0,13,9,0,0,,,13,9,10,,0,0,0,0,0,0,0,0,13,9,,,130,,,0,0,0,,0,0,,,,,0,,,,,,,,,,,,,,,,,,,,,,,,,,,,,,,,,,,,,,,,,,,,,,,,,,,,,,,,,,,,,,,,,,,,,,,,,,,,,,,,,,,,,,,,,,,,,,,,,0,0,0,0,,,,,,,,,,,,,,,100,0,,,,,,,,,,,,,,,,,,,,,0,,,,,,,
Nitrogen,0,77,3498,28,0135,806,3740234,0,,0,0,0,0,0,63,1,0,0,,,63,1,,,0,0,0,0,0,0,0,0,63,1,,,,,,0,0,0,,0,0,,,,,0,,,,,,,,,,,,,,,,,,,,,,,,,,,,,,,,,,,,,,,,,,,,,,,,,,,,,,,,,,,,,,,,,,,,,,,,,,,,,,,,,,,,,,,,,,,,,,,,,0,0,0,0,,,,,,,,,,,,,,,0,0,,,,,,,,,,,,,,,,,,,,,0,,,,,,,
CO,0,81,6996,28,0109005,799,3880005,0,,0,0,0,0,0,68,2,0,0,,,68,2,,,0,0,0,0,0,0,0,0,68,2,,,120,,,0,0,0,,0,0,,,,,0,,,,,,,,,,,,,,,,,,,,,,,,,,,,,,,,,,,,,,,,,,,,,,,,,,,,,,,,,,,,,,,,,,,,,,,,,,,,,,,,,,,,,,,,,,,,,,,,,0,0,0,0,,,,,,,,,,,,,,,0,0,,,,,,,,,,,,,,,,,,,,,0,,,,,,,
Oxygen,0,90,1996,32,1137,680054,0,,0,0,0,0,0,54,4,0,0,,,54,4,,,0,0,0,0,0,0,0,0,54,4,,,120,,,0,0,0,,0,0,,,,,0,,,,,,,,,,,,,,,,,,,,,,,,,,,,,,,,,,,,,,,,,,,,,,,,,,,,,,,,,,,,,,,,,,,,,,,,,,,,,,,,,,,,,,,,,,,,,,,,,0,0,0,0,,,,,,,,,,,,,,,0,0,,,,,,,,,,,,,,,,,,,,,0,,,,,,,
Methane,0,111,625,16,04290009,299,3940125,0,,0,0,0,0,3,90,4,0,0,,85,15,90,4,,,0,0,0,0,0,0,100,100,90,4,,,120,,,0,0,0,,0,0,,,,,0,,,,,,,,,,,,,,,,,,,,,,,,,,,,,,,,,,,,,,,,,,,,,,,,,,,,,,,,,,,,,,,,,,,,,,,,,,,,,,,,,,,,,,,,,,,,,,,,,0,0,100,100,,,,,,,,,,,,,,,25,13516209,75,,,,,,,,,,,,,,,,,,,,,0,,,,,,,
Ethylene,0,169,399,28,05380058,383,2260132,0,,0,0,0,0,6,104,0,0,,137,15,104,75,6,,0,0,0,0,100,100,0,0,104,,,100,51,,,0,0,0,,0,0,,,,,0,,,,,,,,,,,,,,,,,,,,,,,,,,,,,,,,,,,,,,,,,,,,,,,,,,,,,,,,,,,,,,,,,,,,,,,,,,,,,,,,,,,,,,,,,,,,,,,,,0,0,0,0,,,,,,,,,,,,,,,14,34761566,85,71428571,,,,,,,,,,,,,,,,,,,,,0,,,,,,,
Ethane,0,00158094193962269,184,55,30,06990051,355,6830139,0,,0,0,0,0,4,90,4,0,0,,138,15,90,4,100,79,,0,0,0,0,0,0,100,100,90,4,,,111,38,,,0,0,0,,0,0,,,,,0,,,,,,,,,,,,,,,,,,,,,,,,,,,,,,,,,,,,,,,,,,,,,,,,,,,,,,,,,,,,,,,,,,,,,,,,,,,,,,,,,,,,,,,,,,,,,,,,,0,0,100,100,,,,,,,,,,,,,,,20,11147323,80,,,,,,,,,,,,,,,,,,,,,0,,,,,,,
CO2,0,194,598,44,00970078,825,335022,0,,0,0,0,0,0,217,0,0,,,217,,,0,0,0,0,0,0,0,0,217,,,,,,0,0,0,,0,0,,,,,0,,,,,,,,,,,,,,,,,,,,,,,,,,,,,,,,,,,,,,,,,,,,,,,,,,,,,,,,,,,,,,,,,,,,,,,,,,,,,,,,,,,,,,,,,,,,,,,,,0,0,0,0,,,,,,,,,,,,,,,0,0,,,,,,,,,,,,,,,,,,,,,0,,,,,,,
H2S,0,213,498,34,07600021,788,40802,0,,0,0,0,0,0,188,0,0,,,188,,,0,0,0,0,0,0,0,0,188,,2759,,,,94,1177,0,0,,0,0,,,,,0,,,,,,,,,,,,,,,,,,,,,,,,,,,,,,,,,,,,,,,,,,,,,,,,,,,,,,,,,,,,,,,,,,,,,,,,,,,,,,,,,,,,,,,,,,,,,,,,,0,0,0,0,,,,,,,,,,,,,,,5,911554252,0,,,,,,,,,,,,,,,,,,,,,0,,,,,,,
Propene,0,225,399,42,08060074,520,9550171,0,,0,0,0,0,6,87,9,0,0,,165,87,9,84,9,,0,0,0,0,100,100,0,0,87,9,,1565,102,54,,,0,0,0,,0,0,,,,,0,,,,,,,,,,,,,,,,,,,,,,,,,,,,,,,,,,,,,,,,,,,,,,,,,,,,,,,,,,,,,,,,,,,,,,,,,,,,,,,,,,,,,,,,,,,,,,,,,0,0,0,0,,,,,,,,,,,,,,,14,36465558,85,71428571,,,,,,,,,,,,,,,,,,,,,0,,,,,,,
Propane,0,0215609981210398,231,048,44,09700012,506,678009,0,,0,0,0,0,4,5,85,5,0,0,,169,15,85,5,97,1,,0,0,0,0,0,0,100,100,85,5,,1303,112,14,,,0,0,0,,0,0,,,,,0,,,,,,,,,,,,,,,,,,,,,,,,,,,,,,,,,,,,,,,,,,,,,,,,,,,,,,,,,,,,,,,,,,,,,,,,,,,,,,,,,,,,,,,,,,,,,,,,,0,0,100,100,,,,,,,,,,,,,,,18,28426304,81,81818182,,,,,,,,,,,,,,,,,,,,,0,,,,,,,
i-Butane,0,00940568118930376,261,42,58,12400055,561,9660034,0,380,85,0,0,0,0,4,8,114,0,0,,190,15,114,97,6,,0,0,0,0,0,0,100,100,114,,489,6,101,426,,,0,0,0,,0,0,,,,,0,,,,,,,,,,,,,,,,,,,,,,,,,,,,,,,,,,,,,,,,,,,,,,,,,,,,,,,,,,,,,,,,,,,,,,,,,,,,,,,,,,,,,,,,,,,,,,,,,100,100,0,0,,,,,,,,,,,,,,,17,34802065,82,75862069,,,,,,,,,,,,,,,,,,,,,0,,,,,,,
i-Butene,0,266,299,56,10770035,592,7930298,0,286,7055556,0,0,0,0,6,133,0,0,,193,15,133,88,1,,0,0,0,0,100,100,0,0,133,,442,7,105,2096138,,,0,0,0,,0,0,,,,,0,,,,,,,,,,,,,,,,,,,,,,,,,,,,,,,,,,,,,,,,,,,,,,,,,,,,,,,,,,,,,,,,,,,,,,,,,,,,,,,,,,,,,,,,,,,,,,,,,0,0,0,0,,,,,,,,,,,,,,,14,37319073,85,71428571,,,,,,,,,,,,,,,,,,,,,0,,,,,,,
1-Butene,0,266,898,56,10770035,593,7890015,0,,0,0,0,0,6,87,8,0,0,,193,15,87,8,80,8,,0,0,0,0,100,100,0,0,87,8,,432,97,4,,,0,0,0,,0,0,,0,236064836133691,0,219972008704656,0,208210021632581,0,,,,,,,,,,,,,,,,,,,,,,,,,,,,,,,,,,,,,,,,,,,,,,,,,,,,,,,,,,,,,,,,,,,,,,,,,,,,,,,,,,,,,,,,,,,,,,,,,0,0,0,0,,,,,,,,,,,,,,,14,37319073,85,71428571,,,,,,,,,,,,,,,,,,,,,0,,,,,,,
13-Butadiene,0,268,7,54,1,619,7440186,0,,0,0,0,0,8,164,0,0,,197,15,164,73,94513286,,0,0,0,0,100,100,0,0,164,,409,6,102,9723045,,,0,0,0,,0,0,,,,,0,,,,,,,,,,,,,,,,,,,,,,,,,,,,,,,,,,,,,,,,,,,,,,,,,,,,,,,,,,,,,,,,,,,,,,,,,,,,,,,,,,,,,,,,,,,,,,,,,0,0,0,0,,,,,,,,,,,,,,,11,17841035,88,88888889,,,,,,,,,,,,,,,,,,,,,0,,,,,,,
n-Butane,0,0449836926444963,272,648,58,12400055,583,2230225,0,356,35,0,0,0,0,4,8,135,0,0,,213,15,135,89,6,,0,0,0,0,0,0,100,100,135,,358,5,93,8,,,0,0,0,,0,0,,0,241514675581771,0,217701202498228,,0,,,,,,,,,,,,,,,,,,,,,,,,,,,,,,,,,,,,,,,,,,,,,,,,,,,,,,,,,,,,,,,,,,,,,,,,,,,,,,,,,,,,,,,,,,,,,,,,,0,0,100,100,,,,,,,,,,,,,,,17,34802065,82,75862069,,,,,,,,,,,,,,,,,,,,,0,,,,,,,
tr2-Butene,0,274,027,56,1,608,684021,0,,0,0,0,0,6,168,0,0,,201,168,83,84306902,,0,0,0,0,100,100,0,0,168,,343,9,105,0089318,,,0,0,0,,0,0,,,,,0,,,,,,,,,,,,,,,,,,,,,,,,,,,,,,,,,,,,,,,,,,,,,,,,,,,,,,,,,,,,,,,,,,,,,,,,,,,,,,,,,,,,,,,,,,,,,,,,,0,0,0,0,,,,,,,,,,,,,,,14,37319073,85,71428571,,,,,,,,,,,,,,,,,,,,,0,,,,,,,
i-Pentane,0,0240490771571515,301,028,72,15100098,623,4420166,0,343,95,0,0,0,0,5,113,0,0,,217,113,90,3,,0,0,0,0,0,0,100,100,113,,133,8,92,3,,,0,0,0,,0,0,,,,,0,,,,,,,,,,,,,,,,,,,,,,,,,,,,,,,,,,,,,,,,,,,,,,,,,,,,,,,,,,,,,,,,,,,,,,,,,,,,,,,,,,,,,,,,,,,,,,,,,100,100,0,0,,,,,,,,,,,,,,,16,75213296,83,33333333,,,,,,,,,,,,,,,,,,,,,0,,,,,,,
1-Pentene,0,303,096,70,13500214,638,7230225,0,292,25,0,0,0,0,6,108,0,0,,245,108,77,1,,0,0,0,0,100,100,0,0,108,,131,8,90,9,,,0,0,0,,0,0,,,,,0,,,,,,,,,,,,,,,,,,,,,,,,,,,,,,,,,,,,,,,,,,,,,,,,,,,,,,,,,,,,,,,,,,,,,,,,,,,,,,,,,,,,,,,,,,,,,,,,,0,0,0,0,,,,,,,,,,,,,,,14,37831669,85,71428571,,,,,,,,,,,,,,,,,,,,,0,,,,,,,
2M-1-butene,0,304,303,70,1,654,3800049,0,,0,0,0,0,6,136,0,0,,221,136,81,9,,0,0,0,0,100,100,0,0,136,,127,2,102,54,,,0,0,0,,0,0,,,,,0,,,,,,,,,,,,,,,,,,,,,,,,,,,,,,,,,,,,,,,,,,,,,,,,,,,,,,,,,,,,,,,,,,,,,,,,,,,,,,,,,,,,,,,,,,,,,,,,,0,0,0,0,,,,,,,,,,,,,,,14,37831669,85,71428571,,,,,,,,,,,,,,,,,,,,,0,,,,,,,
n-Pentane,0,309,209,72,15100098,629,7290039,0,343,95,0,0,0,0,5,143,0,0,,233,143,61,9,,0,0,0,0,0,0,100,100,143,,101,35,61,7,,,0,0,0,,0,0,,0,317713556013358,0,28795065870348,0,265338970196147,0,,,,,,,,,,,,,,,,,,,,,,,,,,,,,,,,,,,,,,,,,,,,,,,,,,,,,,,,,,,,,,,,,,,,,,,,,,,,,,,,,,,,,,,,,,,,,,,,,0,0,100,100,,,,,,,,,,,,,,,16,75213296,83,33333333,,,,,,,,,,,,,,,,,,,,,0,,,,,,,
cis2-Butene,0,276,867,56,1,625,9530029,0,,0,0,0,0,6,134,0,0,,203,134,83,5,,0,0,0,0,100,100,0,0,134,,314,4,100,,,0,0,0,,0,0,,,,,0,,,,,,,,,,,,,,,,,,,,,,,,,,,,,,,,,,,,,,,,,,,,,,,,,,,,,,,,,,,,,,,,,,,,,,,,,,,,,,,,,,,,,,,,,,,,,,,,,0,0,0,0,,,,,,,,,,,,,,,14,37319073,85,71428571,,,,,,,,,,,,,,,,,,,,,0,,,,,,,
3M-1-butene,0,293,204,70,1,631,2700195,0,,0,0,0,0,6,105,0,0,,217,105,85,26729455,,0,0,0,0,100,100,0,0,105,,190,101,6748769,,,0,0,0,,0,0,,,,,0,,,,,,,,,,,,,,,,,,,,,,,,,,,,,,,,,,,,,,,,,,,,,,,,,,,,,,,,,,,,,,,,,,,,,,,,,,,,,,,,,,,,,,,,,,,,,,,,,0,0,0,0,,,,,,,,,,,,,,,14,37831669,85,71428571,,,,,,,,,,,,,,,,,,,,,0,,,,,,,
2M-2-butene,0,311,704,70,1,666,1090088,0,406,15,0,0,0,0,6,139,0,0,,228,139,84,7,,0,0,0,0,100,100,0,0,139,,98,11,97,3,,,0,0,0,,0,0,,,,,0,,,,,,,,,,,,,,,,,,,,,,,,,,,,,,,,,,,,,,,,,,,,,,,,,,,,,,,,,,,,,,,,,,,,,,,,,,,,,,,,,,,,,,,,,,,,,,,,,0,0,0,0,,,,,,,,,,,,,,,14,37831669,85,71428571,,,,,,,,,,,,,,,,,,,,,0,,,,,,,
2M-13-C4==,0,307,204,68,1,684,8460083,0,,0,0,0,0,7,5,127,0,0,,219,127,81,,0,0,0,0,100,100,0,0,127,,118,6,99,1,,,0,0,0,,0,0,,,,,0,,,,,,,,,,,,,,,,,,,,,,,,,,,,,,,,,,,,,,,,,,,,,,,,,,,,,,,,,,,,,,,,,,,,,,,,,,,,,,,,,,,,,,,,,,,,,,,,,0,0,0,0,,,,,,,,,,,,,,,11,8404699,88,23529412,,,,,,,,,,,,,,,,,,,,,0,,,,,,,
tr2-Pentene,0,309,493,70,1,652,2630005,0,404,4833333,0,0,0,0,6,133,0,0,,225,133,85,14880659,,0,0,0,0,100,100,0,0,133,,106,7,100,3776273,,,0,0,0,,0,0,,,,,0,,,,,,,,,,,,,,,,,,,,,,,,,,,,,,,,,,,,,,,,,,,,,,,,,,,,,,,,,,,,,,,,,,,,,,,,,,,,,,,,,,,,,,,,,,,,,,,,,0,0,0,0,,,,,,,,,,,,,,,14,37831669,85,71428571,,,,,,,,,,,,,,,,,,,,,0,,,,,,,
cis2-Pentene,0,310,083,70,1,659,5750122,0,403,9277778,0,0,0,0,6,122,0,0,,226,122,85,14880659,,0,0,0,0,100,100,0,0,122,,104,4,100,3776273,,,0,0,0,,0,0,,,,,0,,,,,,,,,,,,,,,,,,,,,,,,,,,,,,,,,,,,,,,,,,,,,,,,,,,,,,,,,,,,,,,,,,,,,,,,,,,,,,,,,,,,,,,,,,,,,,,,,0,0,0,0,,,,,,,,,,,,,,,14,37831669,85,71428571,,,,,,,,,,,,,,,,,,,,,0,,,,,,,
Cyclopentane,0,322,398,70,13500214,748,8740234,0,289,95,0,0,0,0,6,179,0,0,,233,179,84,9,,100,100,0,0,0,0,0,0,179,,41,7,101,426,,,0,0,0,,0,0,,0,483269667509962,0,429891392256475,,0,,,,,,,,,,,,,,,,,,,,,,,,,,,,,,,,,,,,,,,,,,,,,,,,,,,,,,,,,,,,,,,,,,,,,,,,,,,,,,,,,,,,,,,,,,,,,,,,,0,0,0,0,,,,,,,,,,,,,,,14,37831669,85,71428571,,,,,,,,,,,,,,,,,,,,,0,,,,,,,
Cyclopentene,0,317,38,68,1,776,5159912,0,458,3722222,0,0,0,0,7,5,138,0,0,,244,138,69,7,,100,100,0,0,0,0,0,0,138,,81,04,93,3,,,0,0,0,,0,0,,,,,0,,,,,,,,,,,,,,,,,,,,,,,,,,,,,,,,,,,,,,,,,,,,,,,,,,,,,,,,,,,,,,,,,,,,,,,,,,,,,,,,,,,,,,,,,,,,,,,,,0,0,0,0,,,,,,,,,,,,,,,11,8404699,88,23529412,,,,,,,,,,,,,,,,,,,,,0,,,,,,,
22-Mpropane,0,282,648,72,2,595,5930176,0,291,7055556,0,0,0,0,5,257,0,0,,225,257,80,2,,0,0,0,0,0,0,100,100,257,,251,8,85,5,,,0,0,0,,0,0,,,,,0,,,,,,,,,,,,,,,,,,,,,,,,,,,,,,,,,,,,,,,,,,,,,,,,,,,,,,,,,,,,,,,,,,,,,,,,,,,,,,,,,,,,,,,,,,,,,,,,,100,100,0,0,,,,,,,,,,,,,,,16,75213296,83,33333333,,,,,,,,,,,,,,,,,,,,,0,,,,,,,
33M-1-butene,0,314,397,84,16,657,1190186,0,,0,0,0,0,6,,0,0,,241,15,157,95,93,3,,0,0,0,0,100,100,0,0,,,91,82,111,77,,,0,0,0,,0,0,,,,,0,,,,,,,,,,,,,,,,,,,,,,,,,,,,,,,,,,,,,,,,,,,,,,,,,,,,,,,,,,,,,,,,,,,,,,,,,,,,,,,,,,,,,,,,,,,,,,,,,0,0,0,0,,,,,,,,,,,,,,,14,3716,85,71428571,,,,,,,,,,,,,,,,,,,,,0,,,,,,,
H2O,0,373,148,18,01510048,997,9860229,0,,0,0,0,0,0,,0,0,,,,,,0,0,0,0,0,0,0,0,,,,,,,0,0,0,,0,0,,0,698140124178851,0,560124358458913,0,474686748589316,0,,,,,,,,,,,,,,,,,,,,,,,,,,,,,,,,,,,,,,,,,,,,,,,,,,,,,,,,,,,,,,,,,,,,,,,,,,,,,,,,,,,,,,,,,,,,,,,,,0,0,0,0,,,,,,,,,,,,,,0,279783740086422,11,18972388,0,,,,,,,,,,,,,,,,,,,,,0,,,,,,,
36-40C*,0,0320080419799527,313,149994,72,5074388529291,642,606127190996,0,00528745682013056,309,628447834595,0,0,0,00583108587957143,0,5,24038066507882,121,965940214689,0,2,62611562258645E-10,31,1807104024413,237,452880911821,141,054767181715,70,967257548276,79,724348748276,8,72779188783036,8,89190414962887,0,0177792137933167,0,0,0,91,2722081121696,91,1080958503711,118,965940214689,1,36142711121394,69,771486719745,76,822547404608,85,579638604608,60,492406666926,0,0011150028073794,0,000331445560625936,0,94,1972145768408,0,0381116950298075,0,00835877450545428,131,93460651147,0,384740198021476,0,350379135983014,0,324342839432557,0,0,0,0,0,0,0,0,0,0,0,0,0,0,0,0,0,0,0,0,0,0,0,0,0,0,0,0,0,0,0,0,0,0,0,0,0,0,0,0,0,0,0,0,0,0,0,0,0,0,0,0,0,0,0,0,0,0,0,0,0,0,0,0,0,0,0,0,0,0,0,0,0,0,0,0,0,0,0,0,0,0,0,0,0,0,0,0,0,0,0,0,0,0,0,0,0,51,6058833273446,0,39,5022125230265,91,2722081121696,0,0,0,0,0,0,0,0,0,0,0,0,311,149997,0,295515253743356,16,0055935442674,83,8754029424895,0,0,7,78108332618207E-09,0,0,0,0,0,0,0,0,0,0,0,0,0,0,0,0,0,0,2,32965634785891E-08,0,0,48337,6243237595,44794,6696119073,0,
40-50C*,0,0213614643494634,323,149994,75,4055224683327,652,822888806181,0,00608854956731461,317,32636394163,0,0,0,00679737418976349,0,5,18005092381791,123,848670447903,0,1,1817520301639E-09,33,2380140132607,241,95145889631,143,756782524051,68,151427679914,76,908518879914,10,6029365982747,11,3763194816493,0,0207254654534191,0,0,0,89,3970634017253,88,6236805183507,120,848670447903,1,36633465309918,53,8534496241554,73,7278662608123,82,4849574608123,57,5662937417283,0,00124034106724176,0,0003778085090408,0,66,689087343625,0,0444273086478348,0,00974393436400632,126,722644847207,0,398733986637057,0,362317347064752,0,33473525665814,0,72,9059430922743,72,1965987872921,0,0,0,0,0,0,0,0,0,0,0,0,0,0,0,0,0,0,0,0,0,0,72,9059430922743,72,1965987872921,0,0,0,0,0,0,0,0,0,0,0,0,0,0,0,0,0,0,0,0,0,0,0,0,0,0,0,0,0,0,0,0,0,0,0,0,0,0,0,0,0,0,0,0,0,0,0,0,0,0,0,0,0,0,0,0,0,0,0,0,0,0,0,0,0,0,0,0,0,0,49,942563790323,64,5416391917647,38,6811167280277,24,8554242099606,0,0,0,0,0,0,0,0,0,0,0,0,318,15,0,301744943608958,16,1334957403791,83,5723295143629,0,0,3,50148749678193E-08,0,0,0,0,0,0,0,0,0,0,0,0,0,0,0,0,0,0,1,04834535653651E-07,0,0,48183,8126356521,44687,8856786051,0,
50-60C*,0,0203270985737806,333,149994,79,6268428335312,667,223201028875,0,00763922077068448,320,778172189814,0,0,0,00817778606146645,0,5,14406105837595,126,836010443452,0,2,49480984145713E-09,35,1412550793768,246,919469649669,147,301734451801,64,1327148125197,72,8898060125197,13,591488951664,15,2931581918114,0,0249343963964227,0,0,0,86,408511048336,84,7068418081886,123,836010443452,1,37339358042288,40,4588243352976,69,3068931982471,78,0639843982471,53,6037877879337,0,00136768431148825,0,000432716144891041,0,46,9073840140768,0,0534496138164452,0,0117227341619378,119,380790375669,0,420607581458644,0,380992480018381,0,35102465704029,0,40,8902079508653,41,1387146170167,19,2498774118412,18,9999202497979,39,8599146335873,39,8613651295411,3,70622770783456E-09,3,64431822560418E-09,0,0,0,0,0,0,0,0,0,0,0,0,0,0,0,0,2,22044604925031E-14,100,0,0,0,0,0,0,0,0,0,0,0,0,0,0,0,0,0,0,0,0,0,0,0,0,0,0,0,0,0,0,0,0,0,0,0,0,0,0,0,0,0,0,0,0,0,0,0,0,0,0,0,0,0,0,0,0,0,0,0,0,0,0,0,0,0,0,0,0,0,0,47,3913839742535,86,408511048336,37,3154578339351,0,0,0,0,0,0,0,0,0,0,0,0,0,328,15,0,311386866513671,16,2268796520582,83,4720597171056,0,0,7,39202915987296E-08,0,0,0,0,0,0,0,0,0,0,0,0,0,0,0,0,0,0,2,21317353046597E-07,0,0,47975,01685912,44542,9289815599,0,
60-70C*,0,0199042375790823,343,149994,83,9481097274532,681,261552813169,0,00787324954543055,323,473898222414,0,570798065040613,0,740010981631682,0,00955819793316939,0,5,14426591423482,130,144757434176,0,3,80786765275035E-09,36,2522969161681,252,357995291657,150,523161130149,59,5015889835397,68,2586801835397,16,8734203918794,18,9025435087335,0,0291433273394262,0,0,0,82,55578154308,80,3574455096348,127,144757434176,1,38043903676805,29,583538417411,64,1516180770723,72,9087092770723,49,9148659942512,0,00173553892522696,0,00045406793908577,0,32,7730229688828,0,0624719189850556,0,0137015339598693,112,252295765572,0,444935896043679,0,401773493648287,0,369186050900308,0,0,0,9,74210121129267E-05,9,70615735239821E-05,17,9966233973095,18,1667697878189,23,4076432966034,23,2333997974125,0,0,0,0,0,0,0,0,0,0,0,0,0,0,0,0,41,404364114925,41,4002666468049,0,0,0,0,0,0,0,0,0,0,58,5930129237592,58,5974220199591,0,0,0,0,0,0,0,0,0,0,0,0,0,0,0,0,0,0,0,0,0,0,0,0,0,0,0,0,0,0,0,0,0,0,0,00262296131579129,0,00231133323597307,0,0,0,0,0,0,0,0,0,0,0,00262296131579129,0,00231133323597307,0,0,0,0,0,0,0,0,0,0,44,9785029636406,34,1791036841721,35,3789425459942,48,3766778589079,0,0,0,0,0,0,0,0,0,0,0,0,338,15,0,321986238824399,16,2249745728406,83,4655836543906,0,0,1,1282570822964E-07,0,0,0,0,0,0,0,0,0,0,0,0,0,0,0,0,0,0,3,37800170439542E-07,0,0,47779,9662031824,44407,5148495749,0,
70-80C*,0,0199216979181143,353,149994,88,3742645016971,694,790748264481,0,00808151625257054,325,001515327154,1,65826378675158,2,1227199357948,0,0109386098048723,0,5,17502244183927,133,742846804683,0,5,12092546404357E-09,36,9110422609161,261,223747297896,153,468497032188,54,810439385071,63,567530585071,20,4277151136127,22,3017884415157,0,0333522582824297,0,0,0,77,9140210996357,75,5754916226895,130,742846804683,1,38738537091118,21,0531384732705,58,9131461709319,67,6702373709319,46,5152046600359,0,00217390303672014,0,000454241880831972,0,22,7403242732689,0,071494224153666,0,0156803337578008,105,432142470572,0,4720206593453,0,42490908455811,0,389435508122629,0,0,0,0,0,0,0,0,0,4,81237821933964,5,3605940252144,2,05257523028833,2,28968772199105,0,0,0,0,0,0,0,0,0,0,0,0,0,0,6,86495344962797,7,65028174720545,0,0,0,0,0,0,0,0,1,46779848630924,1,67029461766498,0,0,0,0,0,0,0,0,0,0,0,0,0,0,0,0,0,0,0,0,0,0,6,98103489047306,5,96729765781707,0,0,0,0,0,0,0,0,0,0,79,406414785632,79,6196444195266,5,2797983879577,5,0924815577859,0,0,0,0,0,0,0,0,84,6862131735897,84,7121259773125,0,0,0,0,0,0,0,0,0,0,41,6713453460117,63,9514328444869,33,9041462766778,13,9625882551488,0,0,0,0,0,0,0,0,0,0,0,0,348,15,0,333647093082581,16,1426720282302,83,5386900173426,0,0,1,5173112486055E-07,0,0,0,0,0,0,0,0,0,0,0,0,0,0,0,0,0,0,4,54282987832488E-07,0,0,47599,4482595808,44282,1900690813,0,
80-90C*,0,0199905276024075,363,149994,92,9118419512271,707,663591488228,0,00828374937908351,325,745471726417,2,75903939957317,3,48311303827473,0,0123190216765753,0,5,2303544539746,137,598213939584,0,6,4339832753368E-09,37,3616867325173,268,141955218325,156,180428412703,50,8405907401291,59,5976819401291,24,3444543984453,26,1559068143727,0,0375611892254333,0,0,0,72,8965062019816,70,3609801473526,134,598213939584,1,3941392483858,14,4139823059403,54,5138766174881,63,2709678174881,43,4174041755674,0,00261226714821332,0,000454415822578174,0,15,6673092791443,0,0805165293222764,0,0176591335557322,99,0082309166988,0,502207607710618,0,450681813099567,0,412016860368322,0,0,0,0,0,0,0,0,0,0,123267967489629,0,135048356742448,4,87350860287386,5,34693386142688,0,0,0,0,8,16340682967141,8,67347863788293,21,6535006504619,23,5636917030911,0,00422213446814609,0,00453693990169168,4,66831837671875E-12,4,93792272668989E-12,0,0,34,8179061849696,37,72368949905,0,0,0,0,0,0,0,0,0,0,0,0,0,0,0,0,0,0,0,0,0,0,0,0,0,0,0,0,0,0,0,0,4,26073313244511,3,58202101916254,0,0,0,0,0,0,0,0,0,0,0,0,31,1829721834366,29,5811828953241,0,0,0,0,0,0,0,0,31,1829721834366,29,5811828953241,29,7383884991487,29,1131065864633,0,0,0,0,0,0,0,0,38,5024865338395,72,8965062019816,31,8584936135131,0,0,0,0,0,0,0,0,0,0,0,0,0,358,15,0,34648652034186,15,9978094412718,83,6742138649929,0,0,1,90636541491461E-07,0,0,0,0,0,0,0,0,0,0,0,0,0,0,0,0,0,0,5,70765805225433E-07,0,0,47434,0960835471,44167,3941393687,0,
90-100C*,0,0223648043644747,373,149994,97,758602292176,719,732886589827,0,00848598250559648,326,489428125681,3,87697809799386,4,82119028907147,0,0136994335482782,0,5,30384836180613,141,678794223488,0,7,74704108663002E-09,37,7854360085167,275,043226968107,158,961430788252,47,5656832186481,56,3227744186481,28,6479755353831,30,4648986273045,0,0417701201684368,0,0,0,67,4750463666231,64,7139110836241,138,678794223488,1,40060070872989,9,13786851802737,50,9190838021466,59,6761750021466,40,6319814618097,0,00283581886129309,0,000454589764324376,0,10,7156648150324,0,0895388344908869,0,0196379333536637,93,0616698764517,0,535894324358331,0,479413730313486,0,437206034544545,0,0,0,0,0,0,0,0,0,0,0,0,0,0,0,0,0,2,52788358783079,2,49197625814208,16,0261602318836,16,1811600115942,24,2080764254178,24,13549469293,1,55041628552898,1,5215880935247,0,0,44,3125365306611,44,330219056191,0,0,0,0,0,0,0,0,0,0,54,5676337883333,54,672160256547,0,0,0,0,0,0,0,0,0,0,0,0,0,0,0,0,0,0,0,0,0,0,0,0,0,0,0,0,0,0,0,0,0,0,0,0,0,0,0,0,0,0,0,0,0,0,1,11982968100558,0,997620687262017,0,0,0,0,0,0,0,0,35,1277347229663,30,2132494897947,29,5861763606578,37,2617968768283,0,0,0,0,0,0,0,0,0,0,0,0,368,15,0,360636639497706,15,8098999015495,83,8533116931519,0,0,2,29541958122371E-07,0,0,0,0,0,0,0,0,0,0,0,0,0,0,0,0,0,0,6,87248622618379E-07,0,0,47284,4380548927,44063,493888701,0,
100-110C*,0,0253925827203576,383,149994,102,834565713055,730,851437674697,0,00868821563210945,327,233384524945,5,01613761367439,6,13695168818504,0,0150798454199812,0,5,38859985144562,145,952523041004,0,9,06009889792324E-09,38,3216272360003,281,929104575811,161,712961005825,45,6131968668662,54,3702880668662,33,3661996928024,35,2287638803111,0,0459790511114403,0,0,0,61,6176626935232,58,6342844315039,142,952523041004,1,40666460461882,6,76320973666146,48,8688573859493,57,6259485859493,38,1682749460917,0,00331375227165028,0,000454763706070578,0,7,27405367643317,0,0985611396594973,0,0216167331515952,87,6674403042413,0,57353973260191,0,511473115398321,0,465316194487362,0,0,0,0,0,0,0,0,0,0,0,0,0,0,0,0,0,0,0,0,0,0,0,0,0,0,0,0,0,0,0,0,0,0,0,0,0,0,0,0,120159580702807,0,135446404915703,0,0,0,0,0,0,0,0,0,0,0,0,0,0,0,0,0,0,0,0,0,0,2,41196985234995,2,14624603971091,0,0,0,0,0,0,0,0,0,0,0,0,0,0,0,0,0,0,0,0,0,0,97,4678705669472,97,7183075553734,0,0,0,0,0,0,0,0,31,5470899133921,61,4822162886075,27,0871945181118,0,135446404915703,0,0,0,0,0,0,0,0,0,0,0,0,378,15,0,376246923599696,15,5989727383602,84,0566221806322,0,0,2,68447374753281E-07,0,0,0,0,0,0,0,0,0,0,0,0,0,0,0,0,0,0,8,03731440011324E-07,0,0,47150,9433448217,43970,8150397018,0,
110-120C*,0,0255907154560927,393,149994,108,128537488877,740,872048848254,0,00889044875862241,328,716597283786,6,18084918813488,7,43039723561542,0,0164602572916841,0,5,47724684199827,150,387335776743,0,1,03731567092165E-08,39,0821308402436,288,800875057926,164,437976614932,44,4952378243851,53,2523290243851,38,5311319544864,40,4475025733925,0,0501879820544439,0,0,0,55,2880188573787,52,1221001909921,147,387335776743,1,41222244698589,6,50296821002538,47,7815433244409,56,538634524441,36,0352798512575,0,00383604559116986,0,00045493764781678,0,4,89968911879822,0,107583444828108,0,0235955329495267,82,895326575266,0,615675641160206,0,547282572147836,0,496703860094895,0,0,0,0,0,0,0,0,0,0,0,0,0,0,0,0,0,0,0,0,0,0,0,0,0,0,0,0,0,58,3728117377617,61,3991043181419,0,0,0,0,0,0,0,0,0,0,0,0,0,0,0,0,0,0,0,0,0,0,0,0,0,0,0,0,0,0,0,0,8,92123543158536,7,62339215656715,0,0,0,0,0,0,0,0,0,0,0,0,0,0,0,0,0,0,0,0,0,0,0,0,32,705952830653,30,977503525291,0,0,0,0,0,0,27,7605521051171,55,2880188573787,24,361548085875,0,0,0,0,0,0,0,0,0,0,0,0,0,388,15,0,393486958898746,15,3847717628408,84,2661925528838,0,0,3,07352791384192E-07,0,0,0,0,0,0,0,0,0,0,0,0,0,0,0,0,0,0,9,2021425740427E-07,0,0,47034,0638816282,43889,6713440852,0,
120-130C*,0,0256117879897645,403,149994,113,515921681607,749,064671905324,0,00945066105868291,328,721297323472,7,34138695802341,8,69954362320394,0,0178406691633871,0,00159224299416905,5,55324781252822,154,951167815313,0,1,16862145205097E-08,40,4456725230957,295,659628714321,168,661845524375,43,4138385442338,52,1709297442338,41,4868749611295,43,3672906623691,0,0543969129974474,0,00160832625673641,0,0,51,1717380808471,47,9331657144269,151,951167815313,1,41686047769654,6,24778515459541,46,6942292629326,55,4513204629326,34,3729158115514,0,00973071214458782,0,000437688583716839,0,3,27410946973025,0,116605749996718,0,0255743327474581,79,110531326523,0,662920847578373,0,587328794649272,0,531776212037955,0,0,0,0,0,0,0,0,0,0,0,0,0,0,0,0,0,0,0,0,0,0,0,0,0,0,0,0,0,0,000111047418209831,0,000113293240498181,0,0,0,0,0,0,0,0,0,0,83,2020518804122,84,6361474542596,0,0,0,0,0,0,0,0,0,0,0,0,0,0,0,0,0,0,0,0,0,0,0,0,0,0,0,0,0,0,0,0,0,0,0,0,0,0,0,0,0,0,0,0,0,0,16,7978370721696,15,3637392524999,0,0,0,0,0,0,25,4499182205623,0,22,4832474938646,51,1717380808471,0,0,0,0,0,0,0,0,0,0,0,0,398,15,0,412549730716476,15,2038849026777,84,4309405777257,0,0,3,46258208015102E-07,0,0,0,0,0,0,0,0,0,0,0,0,0,0,0,0,0,0,1,03669707479722E-06,0,0,46940,829356817,43824,9431728948,0,
130-140C*,0,0254027784177486,413,149994,119,174338231145,754,619857169767,0,0110548429662711,329,465845880338,8,40694490520834,9,94212444119229,0,01922108103509,0,00782792174254324,5,59661284218037,158,883631820108,0,1,29992723318029E-08,42,8099433019107,302,506300924676,177,617532875278,42,385188019935,51,142279219935,36,799582479129,38,4379755711417,0,0586058439404509,0,00790699165913459,0,0,54,7934726156627,51,619899987666,155,883631820108,1,42011419649705,5,99771301597607,45,6069152014243,54,3640064014243,33,3308944204567,0,0311799051380571,0,000369629053759626,0,2,16992315290012,0,125628055165329,0,0275531325453896,76,7087966733308,0,715998445840168,0,632174391425837,0,570999838887373,0,0,0,0,0,0,0,0,0,0,0,0,0,0,0,0,0,0,0,0,0,0,0,0,0,0,0,0,0,0,0,1,52923832526709E-15,1,69756044433876E-15,0,0,0,0,0,0,0,0,0,0,0,0,0,0,0,0,0,0,0,0,0,0,0,0,0,0,0,0,0,0,0,0,9,38771565730965,8,70487172026026,4,15250563928405E-18,3,7795548324897E-18,9,76821732483428,9,08550181426951,9,77344187512205,9,02971914335784,0,0,0,0,28,929374857266,26,8200926778876,0,0,0,0,0,0,0,0,0,0,71,070625142734,73,1799073221124,0,0,0,0,0,0,27,754161604703,54,7934726156627,23,865738382963,0,0,0,0,0,0,0,0,0,0,0,0,0,408,15,0,433655553542722,15,1020853373181,84,5205247425386,0,0,3,85163624646012E-07,0,0,0,0,0,0,0,0,0,0,0,0,0,0,0,0,0,0,1,15317989219016E-06,0,0,46878,7614189588,43781,8524389069,0,
140-150C*,0,0249332029160283,423,149994,125,053836001693,759,776258793603,0,0126590248738593,330,210606577878,9,46286620440204,11,1662786463151,0,020601492906793,0,0140636004909174,5,6379516689684,163,710354015951,0,4,98334843558218E-07,45,1044898367526,309,341702896494,186,269542306594,41,3645131684483,50,1216043684483,32,1411562657625,33,5270870927798,0,0628147748834544,0,0142056570615328,0,0,58,3959775298354,55,306634260905,159,825262570773,1,42313447305682,5,75280214706209,44,519601139916,53,276692339916,32,3937245597318,0,046426438189283,0,000301569523802414,0,1,42597351899186,0,134650360333939,0,0295319323433211,74,5294419353747,0,775757167419985,0,682472258295983,0,614911244736441,0,0,0,0,0,0,0,0,0,0,0,0,0,0,0,0,0,0,0,0,0,0,0,0,0,0,0,0,0,0,0,89,6648758806054,90,9142794838677,0,0,0,0,0,0,0,0,0,0,2,59982237223396,2,65023468018195,0,0,0,0,0,0,0,0,0,0,0,0,0,0,0,0,0,0,0,0,0,293544277527419,0,248619817501116,7,43775714925136,6,18346760232996,0,00397597251327465,0,00337782118926244,1,13113641906923E-13,9,5455590745201E-14,0,0,0,0,7,73527739929217,6,43546524102043,2,4347868449973E-05,2,05949298893936E-05,0,0,0,0,0,0,0,0,0,0,0,0,0,0,0,0,30,2427986015652,55,7457428496535,25,0638356593399,2,65023468018195,0,0,0,0,0,0,0,0,0,0,0,0,418,15,0,457056792577319,15,0062060965314,84,6042647068229,0,0,1,47654768461694E-05,0,0,0,0,0,0,0,0,0,0,0,0,0,0,0,0,0,0,4,42078376774313E-05,0,0,46871,871735417,43772,5846402099,0,
150-160C*,0,0238979727886776,433,149994,131,142837294008,764,950730495987,0,0142632067814475,330,955573618129,10,5110322663894,12,3739283497687,0,0219819047784959,0,0202992792392916,5,6835016411542,170,750357787824,0,1,13651962954731E-06,47,1560815529037,316,166544788216,194,600645015045,40,3434769153907,49,1005681153907,27,5066797838962,28,6327031160873,0,067023705826458,0,0205043224639309,0,0,61,9822879497143,58,9933685341441,163,836347991864,1,42613850936861,5,51310065825743,43,4322870784076,52,1893782784076,31,4679147481116,0,0703495604966134,0,000233509993845201,0,0,928922263560238,0,143672665502549,0,0315107321412526,72,3585670276858,0,843197825920738,0,738983120353079,0,664129512670091,0,0,0,0,0,0,0,0,0,0,0,0,0,0,0,0,0,0,0,0,0,0,0,0,0,0,0,0,0,0,0,0,0,0,0,0,0,0,0,0,0,0,0,32,0867510062705,34,9702072295491,0,0,0,0,0,0,0,0,0,0,0,0,0,0,0,0,0,0,0,0,0,0,0,0,0,0,0,0,0,0,0,0,0,0,22,5578711670087,20,3999587319231,0,0,0,0,0,0,0,0,0,0,45,3553778267208,44,6298340385278,0,0,0,0,32,8565209833513,27,0120807201652,26,1368475507927,34,9702072295491,0,0,0,0,0,0,0,0,0,0,0,0,428,15,0,483043562245492,14,9023242756449,84,6973844776397,0,0,3,36746556902906E-05,0,0,0,0,0,0,0,0,0,0,0,0,0,0,0,0,0,0,0,00010082191913673,0,0,46812,7059253965,43730,782761929,0,
160-170C*,0,023123506967745,443,149994,137,386335641298,771,037900351099,0,0174206737580765,331,700752349543,11,5666357012944,13,552417511687,0,0233623166501989,0,0300402714835474,5,74918314114872,177,568891602985,0,1,7747044155364E-06,48,5639270790661,322,981453432259,201,528344827387,39,3041866992785,48,0612778992785,24,8868286468324,25,8234540015375,0,0712326367694615,0,0303437085692398,0,0,63,5465356518732,60,6241284867754,167,961797213472,1,42960275162815,5,27865426312549,42,3449730168993,51,1020642168993,30,3639261231627,0,0991963081908434,0,000267142327943668,0,0,599691777132532,0,15269497067116,0,0334895319391841,69,7465864046225,0,91950625411376,0,802597031783171,0,719371617301828,0,0,0,0,0,0,0,0,0,0,0,0,0,0,0,0,0,0,0,0,0,0,0,0,0,0,0,0,0,0,0,0,0,0,000178640294326625,0,000193704207646104,0,0,0,0,0,0,0,0,0,0,2,97896001208925E-05,3,24327217094891E-05,0,0,0,0,0,0,0,0,0,0,0,0,0,0,0,0,0,0,0,0,0,0,0,0,0,0,0,0,0,0,0,0,0,0,0,0,0,0,0,0,0,0,0,0,99,9997915701056,99,9997738630706,0,0,0,0,33,6467738323407,63,5465032191515,26,9773546544347,3,24327217094891E-05,0,0,0,0,0,0,0,0,0,0,0,0,438,15,0,511950636732595,14,7513651553958,84,8082998603302,0,0,5,25838345344117E-05,0,0,0,0,0,0,0,0,0,0,0,0,0,0,0,0,0,0,0,000157436000596029,0,0,46738,9764097788,43677,4898093285,0,
170-180C*,0,0219590179782875,453,149994,143,697797606683,778,961354485328,0,0227207721887467,332,446148120576,12,6455972916842,14,6732034535127,0,0247427285219018,0,0485216215719188,5,85500586834105,184,081703673738,0,2,41288920152548E-06,48,9326168642739,329,786986146791,205,481188228073,38,228170797584,46,985261997584,27,7120943470531,28,590339244958,0,075441567712465,0,0490117389615341,0,0,59,6423083612627,56,7364573015293,172,246519365689,1,4340343689607,5,04950611959061,41,257658955391,50,014750155391,28,8989400390338,0,133462390129453,0,000554339224163627,0,0,383559308039418,0,16171727583977,0,0354683317371155,66,2413637295042,1,00609454628436,0,874359840999337,0,781471004021007,0,0,0,0,0,0,0,0,0,0,0,0,0,0,0,0,0,0,0,0,0,0,0,0,0,0,0,0,0,0,0,0,0,86,1225046957081,86,1416490401106,0,0,0,0,0,0,0,0,0,0,12,982794148605,13,0383847851852,0,0,0,0,0,0,0,0,0,0,0,0,0,0,0,0,0,0,0,0,0,0,0,0,0,0,0,0,0,0,0,0,0,0,4,09605677007059E-10,3,48244437140247E-10,0,0,0,0,0,0,0,0,0,0,0,894701155277279,0,819966174355881,0,0,29,2310813901129,46,6039235760775,27,5053759114164,13,0383847851852,0,0,0,0,0,0,0,0,0,0,0,0,448,15,0,544165871951871,14,5184596692865,85,0056665629453,0,0,7,14930133785329E-05,0,0,0,0,0,0,0,0,0,0,0,0,0,0,0,0,0,0,0,000214050082055327,0,0,46636,802812407,43601,933513104,0,
180-190C*,0,0202779993013254,463,149994,150,155425528922,787,352875354204,0,0296728199299032,333,191766279683,13,7273104482744,15,7742673444897,0,0261231403936048,0,060933973505252,5,97965927199333,190,386715755462,0,3,05107398751457E-06,48,9551164141744,336,583641658298,209,536131224432,37,1427935611965,45,8998847611965,30,307372018161,31,1503937942617,0,0796504986554686,0,0615494681871232,0,0,55,9653175335646,53,0753388612487,176,735423578603,1,43871691285062,4,82569666684509,40,1703448938827,48,9274360938827,27,3723816513301,0,155422808559939,0,000841536120383586,0,0,242975333809528,0,170739581008381,0,037447131535047,62,5413247052851,1,10465298667276,0,955505914318096,0,851400211371696,0,0,0,0,0,0,0,0,0,0,0,0,0,0,0,0,0,0,0,0,0,0,0,0,0,0,0,0,0,0,0,0,0,0,0,0,0,0,0,0,0,0,0,0,0,0,0,0,0,0,0,0,0,0,0,0,0,0,0,0,0,0,0,0,0,0,0,0,0,0,0,0,0,0,0,0,0,0,0,0,0,37,8018621708529,36,053788655782,0,0,0,0,0,0,0,0,0,0,62,1981298908454,63,9462026499119,7,93830168726743E-06,8,69430606282466E-06,24,6395119139083,55,9653175335646,28,4358269473404,0,0,0,0,0,0,0,0,0,0,0,0,0,458,15,0,580140522539229,14,2513969605013,85,2184979737193,0,0,9,0402192222654E-05,0,0,0,0,0,0,0,0,0,0,0,0,0,0,0,0,0,0,0,000270664163514626,0,0,46521,5925001791,43514,9313019355,0,
190-200C*,0,0191942770747023,473,149994,156,770579439,795,999052573709,0,0374993979794062,333,937612175317,14,8160979685776,16,8634791996069,0,0275035522653077,0,0817994520815788,6,12059696157841,196,496310510384,0,3,68925877350366E-06,48,7578430323478,343,371868852483,213,637412461476,36,0523231977965,44,8094143977965,32,7877829922357,33,6004171374653,0,0838594295984721,0,0826257091733119,0,0,52,3961190391867,49,5361036629279,181,473418982307,1,44354014447744,4,60726345815307,39,0830308323743,47,8401220323743,25,8315595238565,0,193945141942091,0,00112873301660354,0,0,152398580138068,0,179761886176991,0,0394259313329785,58,7575601459649,1,21721581012935,1,04749878655885,0,930298516385539,0,0,0,0,0,0,0,0,0,0,0,0,0,0,0,0,0,0,0,0,0,0,0,0,0,0,0,0,0,0,0,0,0,0,0,61,4597386019191,61,7019579644198,0,0,0,0,0,0,0,0,0,0,6,82885984465768,6,86741702640004,0,0,0,0,0,0,0,0,0,0,0,0,0,0,0,0,0,0,0,0,0,0,0,0,0,0,0,0,0,0,0,0,0,0,0,0,0,0,0,0,0,0,0,0,0,0,31,7114015534232,31,4306250091801,20,5700608367856,45,5287020127867,28,9660428261422,6,86741702640004,0,0,0,0,0,0,0,0,0,0,0,0,468,15,0,620401948254406,13,9603854530555,85,4458927864348,0,0,0,000109311371066775,0,0,0,0,0,0,0,0,0,0,0,0,0,0,0,0,0,0,0,000327278244973925,0,0,46396,0728977431,43418,493751563,0,
200-210C*,0,0181884675611134,483,149994,163,620591409122,804,253829252627,0,045656569201163,334,683691155933,15,9177297839748,17,9487090338532,0,0288839641370107,0,414694655441012,6,26378357448131,202,462285348959,0,4,32744355949275E-06,48,6454989007579,350,152073867354,217,833736348405,34,9696808452082,43,7267720452082,35,1490750711453,35,9325392595799,0,0880683605414756,0,418883490344457,0,0,48,9331951448799,46,1187517065669,186,505414706891,1,4481458823974,4,39424098978377,37,995716770866,46,752807970866,24,4040362113146,0,2546272836513,0,00131001230680312,0,0,0946120787502722,0,188784191345601,0,04140473113091,55,2079523324528,1,34624497937423,1,15208190207454,1,01950584426793,0,022474637348728,0,0,0,0,0,0,0,0,0,0,0,0,0,0,0,0,0,0,0,0,0,0,0,0,0,0,0,0,0,0,0,0,0,0,6,69618051965065E-14,7,75548263612003E-14,0,0,0,0,0,0,0,0,0,0,3,72010028869481E-15,4,31591923986859E-15,0,0,0,0,0,0,0,0,0,0,0,0,0,0,0,0,0,0,0,0,0,0,0,0,0,0,0,0,0,0,0,0,0,0,90,2633703521408,90,2448531528215,0,0,0,0,0,0,0,0,0,0,0,0,16,7028774879912,48,9331951448799,29,4158742185758,0,0,0,0,0,0,0,0,0,0,0,0,0,478,15,0,665569350925366,13,6715491983787,85,6356253065178,0,0,0,000128220549910896,0,0,0,0,0,0,0,0,0,0,0,0,0,0,0,0,0,0,0,000383892326433224,0,0,46270,419565457,43320,6205152114,0,
210-220C*,0,0172453868995666,493,149994,170,884539739955,810,992200331154,0,0532360595708096,335,430008569986,17,0379847259534,19,0378268622175,0,0302643760087136,0,920232330729877,6,37925090759405,208,383625248961,0,4,96562834548184E-06,49,1036413450117,356,924625903101,222,242296415374,33,9173666046277,42,6744578046277,37,3864989762801,38,1388901456166,0,0922772914844792,1,6057112985186,0,0,45,5755162977665,42,8232829921659,191,876319882445,1,45188998039778,4,18666052635124,36,9084027093577,45,6654939093577,23,2987358565369,0,357250771666013,0,00120300265421605,0,0,0581180077396885,0,197806496514212,0,0433835309288415,52,4304528301878,1,49473758148035,1,27134226671042,1,12060452155219,0,106121252466014,0,0,0,0,0,0,0,0,0,0,0,0,0,0,0,0,0,0,0,0,0,0,0,0,0,0,0,0,0,0,0,0,0,0,0,0,0,0,0,0,0,0,0,0,0,0,0,0,0,0,0,0,0,0,0,0,0,0,0,0,0,0,0,0,0,0,0,0,0,0,0,0,0,0,0,0,0,0,0,0,0,0,0,0,0,0,0,0,0,0,0,0,0,0,0,0,13,0201797745726,45,5755162977665,29,8031032175933,0,0,0,0,0,0,0,0,0,0,0,0,0,488,15,0,716373378814819,13,4435023732196,85,7594747156038,0,0,0,000147129728755017,0,0,0,0,0,0,0,0,0,0,0,0,0,0,0,0,0,0,0,000440506407892522,0,0,46164,0354183503,43236,9218116286,0,
220-230C*,0,0163922391249389,503,149994,178,453538451758,817,296733550292,0,0610132011235465,336,176569765929,18,1826177626885,20,1387026996887,0,0316447878804166,0,970641048515872,6,48986058700716,214,170132451798,0,5,60381313147093E-06,49,6525301815264,363,689862026194,226,74527088607,32,873729121235,41,630820321235,39,4948322611128,40,2115997805866,0,0964862224274827,2,79253910669274,0,0,42,3225499761986,39,6496975197247,197,63104363906,1,45536580456223,3,98454992288706,35,8210886478494,44,5781798478494,22,2964398189274,0,459874259680727,0,00109599300162898,0,0,0353116644106493,0,206828801682822,0,0453623307267729,49,8898226377223,1,66636439720291,1,40779070777826,1,2354708895896,0,189767867583301,0,0,0,0,0,0,0,0,0,0,0,0,0,0,0,0,0,0,0,0,0,0,0,0,0,0,0,0,0,0,0,0,0,0,0,0,0,0,0,0,0,0,0,0,0,0,0,0,0,0,0,0,0,0,0,0,0,0,0,0,0,0,0,0,0,0,0,0,0,0,0,0,0,0,0,0,0,0,0,0,0,0,0,0,0,0,0,0,0,0,0,0,0,0,0,0,9,50418560357748,42,3225499761986,30,1455119161472,0,0,0,0,0,0,0,0,0,0,0,0,0,498,15,0,773680698230953,13,2373817168876,85,9087618795982,0,0,0,000166038907599139,0,0,0,0,0,0,0,0,0,0,0,0,0,0,0,0,0,0,0,000497120489351821,0,0,46061,6681234302,43155,7847306401,0,
230-240C*,0,0170132058581372,513,150024,186,335984832423,823,233574602952,0,0689879938593738,336,920034906672,19,481535187389,21,2592065612555,0,0330251997521195,2,15112351613713,6,59600582826118,219,816866522146,0,6,24199791746002E-06,50,2668291223764,370,448091176164,231,331714257605,31,8374454811718,40,5945366811718,41,0666480512927,42,1184989954026,0,100695153370486,3,97936691486689,0,0,39,4518167613183,36,6222944433419,205,339497339346,1,45860561289662,3,78793344402562,34,733774586341,43,490865786341,21,3806207861635,0,56249774769544,0,000988983349041906,0,0,021213230353765,0,215851106851433,0,0473411305247044,47,550126115468,1,86564990043749,1,56446361537863,1,36633936495642,0,273414482700587,0,0,0,0,0,0,0,0,0,0,0,0,0,0,0,0,0,0,0,0,0,0,0,0,0,0,0,0,0,0,0,0,0,0,0,0,0,0,0,0,0,0,0,0,0,0,0,0,0,0,0,0,0,0,0,0,0,0,0,0,0,0,0,0,0,0,0,0,0,0,0,0,0,0,0,0,0,0,0,0,0,0,0,0,0,0,0,0,0,0,0,0,0,0,0,0,5,97995110817481,39,4518167613183,30,6423433351671,0,0,0,0,0,0,0,0,0,0,0,0,0,508,15,0,838524988055577,13,0391162948955,86,0060870765063,0,0,0,00018494808644326,0,0,0,0,0,0,0,0,0,0,0,0,0,0,0,0,0,0,0,00055373457081112,0,0,45962,9675540231,43077,0794989075,0,
240-250C*,0,0170389390230228,523,150024,194,535977230698,828,868869182042,0,0771604377782915,337,66375164217,20,8033366711585,22,4072084619069,0,0344056116238225,3,33177218894544,6,69842302058214,225,318718415664,0,2,05869971566355E-05,50,922147271453,377,199597533784,235,970382498032,30,8071927705801,39,5642839705801,42,5982654645952,43,8755072216623,0,10490408431349,5,16619472304103,0,0,36,5983978642463,33,7172843164308,213,14360813922,1,46164327813182,3,59683158073947,33,6464605248327,42,4035517248327,20,5358403012655,0,603635466714822,0,000881973696454836,0,0,0125952540633132,0,224873412020043,0,0493199303226359,45,3764478029654,2,09820772028825,1,74505262595291,1,5158822778414,0,357061097817873,0,0,0,0,0,0,0,0,0,0,0,0,0,0,0,0,0,0,0,0,0,0,0,0,0,0,0,0,0,0,0,0,0,0,0,0,0,0,0,0,0,0,0,0,0,0,0,0,0,0,0,0,0,0,0,0,0,0,0,0,0,0,0,0,0,0,0,0,0,0,0,0,0,0,0,0,0,0,0,0,0,0,0,0,0,0,0,0,0,0,0,0,0,0,0,0,2,58355928923347,36,5983978642463,31,1337250271974,0,0,0,0,0,0,0,0,0,0,0,0,0,518,15,0,912146298202221,12,8518080372784,86,0868468130079,0,0,0,000609985100937347,0,0,0,0,0,0,0,0,0,0,0,0,0,0,0,0,0,0,0,00182629539220642,0,0,45867,3722880739,43000,4656705481,0,
250-260C*,0,0165810598453228,533,150024,203,052444413809,834,268762980469,0,0855305328802996,338,407877866894,22,1480241037899,23,5905784166318,0,0357860234955254,4,51242086175374,6,79815167502354,230,670409164061,0,4,33329471896996E-05,51,5948367538814,383,944643372887,240,636331048961,29,7816480756016,38,5387392756016,44,0787270732534,45,4769897655928,0,109113015256493,6,35302253121518,0,0,33,7732488229567,30,9324318177755,220,923714552396,1,46451390809495,3,41126086512508,28,8759317291699,37,6330229291699,19,7475852219446,0,714384687004834,0,000774964043867765,0,0,00738824050957575,0,233895717188654,0,0512987301205674,43,3348258630123,2,37105091119512,1,9540708644694,1,68730979636124,0,440707712935159,0,0,0,0,0,0,0,0,0,0,0,0,0,0,0,0,0,0,0,0,0,0,0,0,0,0,0,0,0,0,0,0,0,0,0,0,0,0,0,0,0,0,0,0,0,0,0,0,0,0,0,0,0,0,0,0,0,0,0,0,0,0,0,0,0,0,0,0,0,0,0,0,0,0,0,0,0,0,0,0,0,0,0,0,0,0,0,0,0,0,0,0,0,0,0,0,0,33,7732488229567,30,9324318177755,0,0,0,0,0,0,0,0,0,0,0,0,0,528,15,0,996041380352422,12,6731973076036,86,1543175045891,0,0,0,0012839391759911,0,0,0,0,0,0,0,0,0,0,0,0,0,0,0,0,0,0,0,00384411389291735,0,0,45774,1572350504,42925,4395733218,0,
260-270C*,0,0161934545220635,543,150024,211,877886285943,839,499401691142,0,094098279165398,339,152570990939,23,5152222598229,24,817186440419,0,0992523260805864,5,69306953456205,6,8965005084063,235,866491579789,0,6,60788972227637E-05,52,2618572250573,377,071287725423,245,302691057304,28,7594884823782,37,5165796823782,45,4969092428509,46,9173085061589,0,113321946199497,7,53985033938932,0,0,30,9878684973263,28,2655050534222,228,560399143476,1,46725352388222,3,2312336838066,27,7704536339772,36,5275448339772,19,0021396310265,0,830668624381436,0,000667954391280695,0,0,00427979722025108,1,60229035155241,0,0532775299184989,41,3921925199656,2,69300391471652,2,19706730636547,1,88449553194284,0,524354328052446,0,0,0,0,0,0,0,0,0,0,0,0,0,0,0,0,0,0,0,0,0,0,0,0,0,0,0,0,0,0,0,0,0,0,0,0,0,0,0,0,0,0,0,0,0,0,0,0,0,0,0,0,0,0,0,0,0,0,0,0,0,0,0,0,0,0,0,0,0,0,0,0,0,0,0,0,0,0,0,0,0,0,0,0,0,0,0,0,0,0,0,0,0,0,0,0,0,30,9878684973263,28,2655050534222,0,0,0,0,0,0,0,0,0,0,0,0,0,538,15,1,09202852470804,12,5008281097659,86,2119674145005,0,0,0,00195789325104485,0,0,0,0,0,0,0,0,0,0,0,0,0,0,0,0,0,0,0,00586193239362828,0,0,45682,4691747353,42851,3696877104,0,
270-280C*,0,015741972331234,553,150024,220,99734774718,844,626931006971,0,102863676633587,339,8979884244,24,4382795889726,26,0949025482573,0,162718628665647,6,87371820737036,6,99502148667097,240,901354831257,0,8,88248472558278E-05,52,9007004356473,381,92947140677,249,941129969855,27,7393910770517,36,4964822770517,47,8361647009097,48,1908253223253,0,476396385099793,8,72667814756347,0,0,27,7255557101176,25,7142721294174,235,934244477064,1,46989879798062,3,05675809059807,26,6649755387845,35,4220667387845,18,2864872876697,0,951043164873058,0,000560944738693624,0,0,00244713928527653,2,97068498591617,0,0552563297164303,39,5163258284482,3,07525388224301,2,48090486865341,2,1121351241361,0,608000943169732,0,0,0,0,0,0,0,0,0,0,0,0,0,0,0,0,0,0,0,0,0,0,0,0,0,0,0,0,0,0,0,0,0,0,0,0,0,0,0,0,0,0,0,0,0,0,0,0,0,0,0,0,0,0,0,0,0,0,0,0,0,0,0,0,0,0,0,0,0,0,0,0,0,0,0,0,0,0,0,0,0,0,0,0,0,0,0,0,0,0,0,0,0,0,0,0,0,27,7255557101176,25,7142721294174,0,0,0,0,0,0,0,0,0,0,0,0,0,548,15,1,20233173115838,12,332112633085,86,2633928444764,0,0,0,0026318473260986,0,0,0,0,0,0,0,0,0,0,0,0,0,0,0,0,0,0,0,00787975089433921,0,0,45591,3532995894,42777,5230484953,0,
280-290C*,0,015325159748459,563,150024,230,386827522109,849,717496620862,0,111826725284866,340,644287577372,25,840128835872,27,4315967551357,0,226184931250708,8,05436688017866,7,09549357750474,245,925833117762,0,0,000111570797288892,53,4893691067062,386,57928779754,254,522080310028,26,7200329457639,35,4771241457639,49,0363535510788,49,2919020930569,0,839470824000088,9,91350595573761,0,0,25,1235176130491,23,2765011518074,242,925833117762,1,4724868533929,2,88783761914226,25,5594974435918,34,3165886435918,17,5882407005297,1,07406419450813,0,000453935086106554,0,0,00138052215698748,4,33907962027992,0,0572351295143618,37,6758156741204,3,53209459531813,2,81412344113881,2,37594736654261,0,672080058548064,0,0,0,0,0,0,0,0,0,0,0,0,0,0,0,0,0,0,0,0,0,0,0,0,0,0,0,0,0,0,0,0,0,0,0,0,0,0,0,0,0,0,0,0,0,0,0,0,0,0,0,0,0,0,0,0,0,0,0,0,0,0,0,0,0,0,0,0,0,0,0,0,0,0,0,0,0,0,0,0,0,0,0,0,0,0,0,0,0,0,0,0,0,0,0,0,0,25,1235176130491,23,2765011518074,0,0,0,0,0,0,0,0,0,0,0,0,0,558,15,1,32969087144073,12,1641111777557,86,3103727378192,0,0,0,00330580140115235,0,0,0,0,0,0,0,0,0,0,0,0,0,0,0,0,0,0,0,00989756939505014,0,0,45499,7730635564,42703,0849658629,0,
290-300C*,0,0148983793544475,573,150024,239,788956621865,855,565578927863,0,110951999562709,341,391625859951,27,5280689788391,29,1604145738015,0,28965123383577,19,2588690812042,7,22358632421394,251,418005062173,0,0,000134316747321956,53,7192970259486,391,021760414127,258,910135164612,25,685524480614,34,442615680614,49,9146490373675,49,8896251995598,1,20254526290038,45,5946212772533,0,0,22,5572819837934,20,9499602266387,248,418005062173,1,47547668543016,2,724471096327,24,4540193483991,33,2111105483991,16,7704084222183,1,18582592154142,0,000346925433519483,0,0,000768003459251162,5,70747425464368,0,0592139293122933,35,5071943165156,4,07126845047052,3,19739953554639,2,67013536971143,1,17061246564147,0,0,0,0,0,0,0,0,0,0,0,0,0,0,0,0,0,0,0,0,0,0,0,0,0,0,0,0,0,0,0,0,0,0,0,0,0,0,0,0,0,0,0,0,0,0,0,0,0,0,0,0,0,0,0,0,0,0,0,0,0,0,0,0,0,0,0,0,0,0,0,0,0,0,0,0,0,0,0,0,0,0,0,0,0,0,0,0,0,0,0,0,0,0,0,0,0,22,5572819837934,20,9499602266387,0,0,0,0,0,0,0,0,0,0,0,0,0,568,15,1,45795629440089,11,9592217607403,86,3884707591256,0,0,0,0039797554762061,0,0,0,0,0,0,0,0,0,0,0,0,0,0,0,0,0,0,0,0119153878957611,0,0,44997,2280963706,42244,4606071185,0,
300-310C*,0,0144940708057369,583,150024,249,369954371718,861,451047479124,0,109295620403452,342,140160682231,29,2652123263204,30,9493430230293,0,353117536420831,31,2513173211363,7,35740869576977,256,307756297914,0,0,00015706269735502,53,8861287437582,395,258380814762,263,187229025054,24,6502682905788,33,4073594905788,50,6211280087865,50,3182395170131,1,56561970180068,83,9872324456037,0,0,20,1136596648931,18,7324174599576,253,307756297914,1,47845279708701,2,5666524573687,23,3485412532064,32,1056324532064,15,9599730450679,1,29833459197726,0,000239915780932413,0,0,000421107916783318,7,07586888900743,0,0611927291102248,33,3444632007766,4,73253574276667,3,66167059735347,3,02257912094032,1,72486173963392,0,0,0,0,0,0,0,0,0,0,0,0,0,0,0,0,0,0,0,0,0,0,0,0,0,0,0,0,0,0,0,0,0,0,0,0,0,0,0,0,0,0,0,0,0,0,0,0,0,0,0,0,0,0,0,0,0,0,0,0,0,0,0,0,0,0,0,0,0,0,0,0,0,0,0,0,0,0,0,0,0,0,0,0,0,0,0,0,0,0,0,0,0,0,0,0,0,20,1136596648931,18,7324174599576,0,0,0,0,0,0,0,0,0,0,0,0,0,578,15,1,60354384439734,11,7526757959772,86,4692390998857,0,0,0,00465370955125985,0,0,0,0,0,0,0,0,0,0,0,0,0,0,0,0,0,0,0,013933206396472,0,0,44853,9092621269,42122,9598620445,0,
310-320C*,0,014076875613992,593,150024,259,117067333324,867,296291504018,0,107639241244195,342,890049454308,31,0252563185591,32,7597997665102,0,416583839005892,43,2437655610684,7,49437877888452,260,707151020555,0,0,000179808647388084,54,0243659490961,399,291076094282,267,342765465471,23,615816591071,32,372907791071,51,1758634695324,50,6185592756793,1,92869414070097,122,379843613954,0,0,17,7988802119085,16,6216409578105,257,707151020555,1,48136915181021,2,41437056354536,22,2430631580137,31,0001543580137,15,1698828100524,1,41260913462448,0,000132906128345343,0,0,000227456403777024,8,44426352337119,0,151874283325676,31,2228737929522,5,55412265186861,4,23159866234703,3,45084465991957,2,31184412440956,0,0,0,0,0,0,0,0,0,0,0,0,0,0,0,0,0,0,0,0,0,0,0,0,0,0,0,0,0,0,0,0,0,0,0,0,0,0,0,0,0,0,0,0,0,0,0,0,0,0,0,0,0,0,0,0,0,0,0,0,0,0,0,0,0,0,0,0,0,0,0,0,0,0,0,0,0,0,0,0,0,0,0,0,0,0,0,0,0,0,0,0,0,0,0,0,0,17,7988802119085,16,6216409578105,0,0,0,0,0,0,0,0,0,0,0,0,0,588,15,1,77139918828828,11,548677400006,86,550162830788,0,0,0,0053276636263136,0,0,0,0,0,0,0,0,0,0,0,0,0,0,0,0,0,0,0,0159510248971829,0,0,44710,8818820958,42001,5466146157,0,
320-330C*,0,0136857447624984,603,150024,268,996904622015,873,083069910295,0,105982862084938,343,641449586276,32,8092734064038,34,5798086741179,0,480050141590953,55,2362138010005,7,6336979424438,264,649870911908,0,0,000202554597421148,54,1440889912716,403,122175907082,271,358573752194,22,5825342039355,31,3396254039355,51,5826513891395,50,8114782117959,2,12620289560123,160,772454782304,0,0,15,6080752044567,14,6087131140862,261,649870911908,1,48421389157758,2,26760902366051,21,137585062821,29,894676262821,14,4026012479455,1,52864954948306,2,58964757582722E-05,0,0,000120956611860094,9,81265815773494,0,242555837541127,29,1501039589118,6,58738962872707,4,9395294031886,3,97707691706384,2,91808394524997,0,0,0,0,0,0,0,0,0,0,0,0,0,0,0,0,0,0,0,0,0,0,0,0,0,0,0,0,0,0,0,0,0,0,0,0,0,0,0,0,0,0,0,0,0,0,0,0,0,0,0,0,0,0,0,0,0,0,0,0,0,0,0,0,0,0,0,0,0,0,0,0,0,0,0,0,0,0,0,0,0,0,0,0,0,0,0,0,0,0,0,0,0,0,0,0,0,15,6080752044567,14,6087131140862,0,0,0,0,0,0,0,0,0,0,0,0,0,598,15,1,96598973770252,11,3485503705429,86,6314056133336,0,0,0,00600161770136735,0,0,0,0,0,0,0,0,0,0,0,0,0,0,0,0,0,0,0,0179688433978939,0,0,44568,4686568737,41880,4911428407,0,
330-340C*,0,0132818764460393,613,150024,278,967278030911,878,793141605706,0,104326482925681,344,394518488231,34,8076838302261,36,3973936157256,0,543516444176014,59,3138354994274,7,77447844352529,268,169597653785,0,0,000225300547454212,54,2547003851604,406,754379347841,275,187593748123,21,5507859510173,30,3078771510173,51,7526016218968,51,0731281401611,2,65484301850156,176,860470579757,0,0,13,4397145478771,12,5294782441133,265,169597653785,1,48697509682788,2,12634602042223,20,0321069676283,28,7891981676283,13,6604551711246,1,64645583655301,0,0,6,32888462072036E-05,11,1810527920987,0,333237391756579,27,133586040898,7,90423113639992,5,83034793874506,4,6316808412889,3,53010552743671,0,0,0,0,0,0,0,0,0,0,0,0,0,0,0,0,0,0,0,0,0,0,0,0,0,0,0,0,0,0,0,0,0,0,0,0,0,0,0,0,0,0,0,0,0,0,0,0,0,0,0,0,0,0,0,0,0,0,0,0,0,0,0,0,0,0,0,0,0,0,0,0,0,0,0,0,0,0,0,0,0,0,0,0,0,0,0,0,0,0,0,0,0,0,0,0,0,13,4397145478771,12,5294782441133,0,0,0,0,0,0,0,0,0,0,0,0,0,608,15,2,19291090825936,11,1538086181517,86,7150446650271,0,0,0,00667557177642111,0,0,0,0,0,0,0,0,0,0,0,0,0,0,0,0,0,0,0,0199866618986048,0,0,44426,9818724184,41760,0540991236,0,
340-350C*,0,0129039309977122,623,150024,288,975864930121,884,408265498001,0,102670103766423,345,149413570267,36,754612931545,38,2005784612069,0,606982746761075,74,4012715454719,7,91574323276125,271,300012927997,0,0,000368110380656512,54,3649875952742,410,190721987614,278,860370476723,20,5209366541615,29,2780278541615,51,8330913659304,51,1844017968065,3,01791745740186,223,974997551467,0,0,11,4122957025247,10,6150197419866,268,300012927997,1,48964082824427,1,990554143029,18,9266288724356,27,6837200724356,12,9456458547178,1,76602799583433,0,0,3,25624266988254E-05,12,5494474264625,0,42391894597203,25,1805150122498,9,60695249095886,6,96739762905157,5,45709853677283,4,13443319625134,0,0,0,0,0,0,0,0,0,0,0,0,0,0,0,0,0,0,0,0,0,0,0,0,0,0,0,0,0,0,0,0,0,0,0,0,0,0,0,0,0,0,0,0,0,0,0,0,0,0,0,0,0,0,0,0,0,0,0,0,0,0,0,0,0,0,0,0,0,0,0,0,0,0,0,0,0,0,0,0,0,0,0,0,0,0,0,0,0,0,0,0,0,0,0,0,0,11,4122957025247,10,6150197419866,0,0,0,0,0,0,0,0,0,0,0,0,0,618,15,2,45923024808469,10,9650502563843,86,7965223638607,0,0,0,0109069742416744,0,0,0,0,0,0,0,0,0,0,0,0,0,0,0,0,0,0,0,0326554808795732,0,0,44286,7229989641,41640,4860318003,0,
350-360C*,0,0125078635283542,633,150024,298,958265370631,889,910200494931,0,101064506595799,345,90629224248,38,6230995804039,39,9773870804353,0,670449049346136,91,0750989092135,8,05642767159837,274,65313948199,0,0,000640989420625484,54,4831840414507,413,434543330691,282,362095805693,19,493351135213,28,250442335213,51,8173960283429,51,1353927836131,3,38099189630215,275,560098357686,0,0,9,55950439125323,8,88722013595153,271,074798416355,1,49219917316095,1,86020022736592,17,8211507772429,26,5782419772429,12,2602605520721,1,88736602732703,0,0,1,64630325732032E-05,13,9178420608262,0,514600500187481,23,2978585176162,11,8437303552141,8,44171599228492,6,51364870613619,4,71759127697544,0,0,0,0,0,0,0,0,0,0,0,0,0,0,0,0,0,0,0,0,0,0,0,0,0,0,0,0,0,0,0,0,0,0,0,0,0,0,0,0,0,0,0,0,0,0,0,0,0,0,0,0,0,0,0,0,0,0,0,0,0,0,0,0,0,0,0,0,0,0,0,0,0,0,0,0,0,0,0,0,0,0,0,0,0,0,0,0,0,0,0,0,0,0,0,0,0,9,55950439125323,8,88722013595153,0,0,0,0,0,0,0,0,0,0,0,0,0,628,15,2,77395485700153,10,7862847802297,86,8989231771831,0,0,0,018992279129644,0,0,0,0,0,0,0,0,0,0,0,0,0,0,0,0,0,0,0,0568628837141541,0,0,44147,9825038638,41522,0271293097,0,
360-370C*,0,0121564370942493,643,150024,308,889376364829,895,148001880189,0,0958658400788249,346,721867931284,40,385945911334,41,7158433432843,0,733915351931197,110,515370404817,8,19000590029251,278,17448579628,0,0,000913868460594457,54,6648932688211,416,489454925612,285,69573411213,18,4710482884979,27,2281394884979,51,6998496213007,50,9161947024624,3,74406633520245,347,014648544973,0,0,7,91420446736537,7,36796195425328,272,770304605676,1,4854923216646,1,73524520532905,16,7156726820502,25,4727638820502,11,627099794925,1,90260874427347,0,0,8,17339486242815E-06,15,28623669519,0,605282054402933,21,5499730066613,14,0237584563385,9,82218873618916,7,48851929775206,5,00609011411467,0,0,0,0,0,0,0,0,0,0,0,0,0,0,0,0,0,0,0,0,0,0,0,0,0,0,0,0,0,0,0,0,0,0,0,0,0,0,0,0,0,0,0,0,0,0,0,0,0,0,0,0,0,0,0,0,0,0,0,0,0,0,0,0,0,0,0,0,0,0,0,0,0,0,0,0,0,0,0,0,0,0,0,0,0,0,0,0,0,0,0,0,0,0,0,0,0,7,91420446736537,7,36796195425328,0,0,0,0,0,0,0,0,0,0,0,0,0,638,15,3,07870206728295,10,624253226648,87,0126966124487,0,0,0,0270775840176136,0,0,0,0,0,0,0,0,0,0,0,0,0,0,0,0,0,0,0,081070286548735,0,0,44061,2091889338,41451,8164482593,0,
370-380C*,0,0117452510030314,653,150024,318,625689052863,900,241627543987,0,0901368380918236,347,532017594528,42,0150951931865,43,4028467736215,0,797381654516258,131,493164886237,8,32058717449147,281,55348050538,0,0,00118674750056343,54,866554471963,419,359309332442,288,827458497498,17,4516289562119,26,208720156212,51,4682220779759,50,5095250317705,4,10714077410274,418,923600011368,0,0,6,51668272883758,6,08762819460797,274,442321746438,1,48854044098077,1,61564396491305,15,6101945868575,24,3672857868575,11,0259150916094,1,91508541152138,0,0,3,98175321496617E-06,16,6546313295537,0,695963608618384,19,882642153136,16,7213593112523,11,4914507957153,8,65013463835034,5,28737283666195,0,0,0,0,0,0,0,0,0,0,0,0,0,0,0,0,0,0,0,0,0,0,0,0,0,0,0,0,0,0,0,0,0,0,0,0,0,0,0,0,0,0,0,0,0,0,0,0,0,0,0,0,0,0,0,0,0,0,0,0,0,0,0,0,0,0,0,0,0,0,0,0,0,0,0,0,0,0,0,0,0,0,0,0,0,0,0,0,0,0,0,0,0,0,0,0,0,6,51668272883758,6,08762819460797,0,0,0,0,0,0,0,0,0,0,0,0,0,648,15,3,42679857508828,10,4677312663926,87,0976705211694,0,0,0,0351628889055831,0,0,0,0,0,0,0,0,0,0,0,0,0,0,0,0,0,0,0,105277689383316,0,0,43978,2020666646,41384,8020136408,0,
380-390C*,0,0114090163784475,663,150024,328,048398724375,905,19083832755,0,0840461887989973,348,331830508437,43,4906323343753,44,9636768776907,0,860847957101319,153,848400579537,8,44767791443641,284,792725690904,0,0,0014596265405324,55,0888788223434,422,048170118079,291,764449855475,16,4350979215307,25,1921891215307,50,8984603163008,49,7739547803062,4,47021521300304,453,671475437009,0,0,5,6109073493239,5,2623683420031,276,1143388872,1,49160519189318,1,50134522281533,14,5047164916647,23,2618076916648,10,4558236647434,1,92756207876928,0,0,1,90189923734545E-06,18,0230259639175,0,786645162833835,18,2946012227276,20,1161156640467,13,5426014717406,10,0555659023578,5,82859000339583,0,0,0,0,0,0,0,0,0,0,0,0,0,0,0,0,0,0,0,0,0,0,0,0,0,0,0,0,0,0,0,0,0,0,0,0,0,0,0,0,0,0,0,0,0,0,0,0,0,0,0,0,0,0,0,0,0,0,0,0,0,0,0,0,0,0,0,0,0,0,0,0,0,0,0,0,0,0,0,0,0,0,0,0,0,0,0,0,0,0,0,0,0,0,0,0,0,5,6109073493239,5,2623683420031,0,0,0,0,0,0,0,0,0,0,0,0,0,658,15,3,82803778460575,10,3219936592385,87,1968778681019,0,0,0,0432481937935527,0,0,0,0,0,0,0,0,0,0,0,0,0,0,0,0,0,0,0,129485092217897,0,0,43897,7147681361,41319,8161045382,0,
390-400C*,0,0117925282090001,673,150024,337,726079433571,909,991972778236,0,0777305153090162,349,117945637392,44,8798756258759,46,4596877119062,0,92431425968638,177,451424822364,8,57064737851488,287,89526773681,0,0,00173250558050138,55,3336928604827,424,56028302246,294,651214497863,15,4215284135071,24,1786196135071,50,2385460479189,48,9422476220353,4,83328965190333,522,51302234884,0,0,4,88157832620516,4,59806466605845,277,786356027963,1,49467838670768,1,39229141142832,13,3992383964721,22,1563295964721,9,91651052556077,1,94003874601719,0,0,8,89990331363295E-07,19,3914205982812,0,877326717049287,16,7860734889753,24,4313391105519,16,0841389937941,11,7686358270841,6,12431957909394,0,0,0,0,0,0,0,0,0,0,0,0,0,0,0,0,0,0,0,0,0,0,0,0,0,0,0,0,0,0,0,0,0,0,0,0,0,0,0,0,0,0,0,0,0,0,0,0,0,0,0,0,0,0,0,0,0,0,0,0,0,0,0,0,0,0,0,0,0,0,0,0,0,0,0,0,0,0,0,0,0,0,0,0,0,0,0,0,0,0,0,0,0,0,0,0,0,4,88157832620516,4,59806466605845,0,0,0,0,0,0,0,0,0,0,0,0,0,668,15,4,29254923593068,10,1848916465735,87,2911148911631,0,0,0,0513334986815223,0,0,0,0,0,0,0,0,0,0,0,0,0,0,0,0,0,0,0,153692495052478,0,0,43819,7872614958,41256,8928055751,0,
400-410C*,0,0099762628012295,683,150024,351,156321070642,914,641369443403,0,0713264407305508,349,88700194577,46,2016821454278,47,8850887112586,0,987780562271441,202,172584952364,8,68886702033857,290,864215880574,0,0,00200538462047035,55,6027099132622,426,900048411183,298,4407454838,14,4109936611938,23,1680848611938,49,5353780482582,48,0832370696647,5,19636409080363,596,327270289128,0,0,4,26293980631405,4,03167421907668,279,458373168725,1,49775182219489,1,28841858220791,12,2937603012793,21,0508515012794,9,40768531688222,1,95251541326509,0,0,4,07653247615336E-07,20,759815232645,0,968008271264738,15,3572778710752,29,9751856865245,19,2611377227355,13,8730482875588,6,38605321000316,0,0,0,0,0,0,0,0,0,0,0,0,0,0,0,0,0,0,0,0,0,0,0,0,0,0,0,0,0,0,0,0,0,0,0,0,0,0,0,0,0,0,0,0,0,0,0,0,0,0,0,0,0,0,0,0,0,0,0,0,0,0,0,0,0,0,0,0,0,0,0,0,0,0,0,0,0,0,0,0,0,0,0,0,0,0,0,0,0,0,0,0,0,0,0,0,0,4,26293980631405,4,03167421907668,0,0,0,0,0,0,0,0,0,0,0,0,0,678,15,4,83277250434369,10,0563834074605,87,3785781329635,0,0,0,0594188035694918,0,0,0,0,0,0,0,0,0,0,0,0,0,0,0,0,0,0,0,177899897887059,0,0,43744,4564143087,41196,062791808,0,
410-420C*,0,0102667729006792,693,150024,364,477850396162,919,135366870408,0,0649705881722712,350,635638397951,47,4767237361874,49,2340893107386,1,0512468648565,227,882228307182,8,80171509000889,293,702731298178,0,0,00227826366043932,55,8975478598116,429,07199510456,301,940130009855,13,4035668936438,22,1606580936438,48,8298275417374,47,2613741519195,5,55943852970392,675,253250485898,0,0,3,69344872207521,3,50453653734188,282,404746798224,1,50081728729021,1,18965632751904,11,1882822060866,19,9453734060867,8,92908241702205,1,964992080513,0,0,1,82602213192908E-07,22,1282098670087,1,05868982548019,14,0084324595956,37,1778814587091,23,269471454188,16,4795424160692,6,61541982834822,0,0,0,0,0,0,0,0,0,0,0,0,0,0,0,0,0,0,0,0,0,0,0,0,0,0,0,0,0,0,0,0,0,0,0,0,0,0,0,0,0,0,0,0,0,0,0,0,0,0,0,0,0,0,0,0,0,0,0,0,0,0,0,0,0,0,0,0,0,0,0,0,0,0,0,0,0,0,0,0,0,0,0,0,0,0,0,0,0,0,0,0,0,0,0,0,0,3,69344872207521,3,50453653734188,0,0,0,0,0,0,0,0,0,0,0,0,0,688,15,5,46406591461342,9,93641316931463,87,4574777329197,0,0,0,0675041084574614,0,0,0,0,0,0,0,0,0,0,0,0,0,0,0,0,0,0,0,202107300721639,0,0,43671,7564544256,41137,3538148161,0,
420-430C*,0,00990716203296581,703,150024,377,709053312564,923,47030360661,0,058799580742848,351,360493958315,48,727935631506,50,5008989453367,1,11471316744156,254,450702224465,8,90858148001957,296,414017017699,0,0,0025511427004083,56,2197450690059,431,080755649549,305,173709233501,12,3993213399098,21,1564125399098,48,1607341393643,46,5411098975252,5,92251296860422,759,429994167174,0,0,3,1113302291297,2,95799115713816,283,540861241908,1,50386657303304,1,09592772316663,10,0828041108939,18,839895310894,8,48046107942893,1,9774687477609,0,0,7,99114963384254E-08,23,4966045013725,1,14937137969564,12,7397578987567,46,6474788575319,28,3763000108744,19,735963707637,6,81404836635384,0,0,0,0,0,0,0,0,0,0,0,0,0,0,0,0,0,0,0,0,0,0,0,0,0,0,0,0,0,0,0,0,0,0,0,0,0,0,0,0,0,0,0,0,0,0,0,0,0,0,0,0,0,0,0,0,0,0,0,0,0,0,0,0,0,0,0,0,0,0,0,0,0,0,0,0,0,0,0,0,0,0,0,0,0,0,0,0,0,0,0,0,0,0,0,0,0,3,1113302291297,2,95799115713816,0,0,0,0,0,0,0,0,0,0,0,0,0,698,15,6,20549651874837,9,82491276071234,87,5260358628899,0,0,0,075589413345431,0,0,0,0,0,0,0,0,0,0,0,0,0,0,0,0,0,0,0,22631470355622,0,0,43601,7193923493,41080,791147559,0,
430-440C*,0,00956944653188773,713,150024,390,874160281041,927,642518199365,0,0529500415509513,352,058207591239,49,9805326838659,51,6797270500435,1,17817947002662,281,748354041858,9,00887275949407,299,001308612233,0,0,00282402174037727,56,5707747662991,432,931043079548,308,164110475801,11,3983302290447,20,1554214290447,47,5654227400397,45,9868953352069,6,28558740750451,848,996532560984,0,0,2,4540445760944,2,33337761474961,284,525380111824,1,50689148470895,1,00714929391811,8,97732601570124,17,7344172157012,8,06160561072201,1,98742672229154,0,0,3,41314212017786E-08,24,8649991357363,1,24005293391109,11,5514806384252,59,2544785511925,34,9499015791824,23,8415814766804,6,98356775624475,0,0,0,0,0,0,0,0,0,0,0,0,0,0,0,0,0,0,0,0,0,0,0,0,0,0,0,0,0,0,0,0,0,0,0,0,0,0,0,0,0,0,0,0,0,0,0,0,0,0,0,0,0,0,0,0,0,0,0,0,0,0,0,0,0,0,0,0,0,0,0,0,0,0,0,0,0,0,0,0,0,0,0,0,0,0,0,0,0,0,0,0,0,0,0,0,0,2,4540445760944,2,33337761474961,0,0,0,0,0,0,0,0,0,0,0,0,0,708,15,7,0808714100036,9,71965193166325,87,563107518925,0,0,0,0836747182334005,0,0,0,0,0,0,0,0,0,0,0,0,0,0,0,0,0,0,0,250522106390801,0,0,43535,4837607411,41027,4424867482,0,
440-450C*,0,00924041047310486,723,150024,404,608389869408,930,946901011671,0,0512180430987038,352,663595034548,51,2623302857379,52,7647830598497,1,24164577261169,304,18776448079,9,06920505312369,301,549406159008,0,12693797769074,0,00361728626922809,57,1877052610796,434,62762918757,311,057119121358,10,4146957537887,19,1717869537887,47,0805958127073,45,66318149369,6,64866184640481,967,640248270309,0,0,1,65707390155484,1,57203544646031,285,719212932028,1,50940069928003,0,923231004410816,7,87184792050854,16,6289391205085,7,77399197320951,2,0787181863173,0,0,1,4212435536791E-08,26,2333937701,1,33073448812654,10,7334183549123,75,5109501137203,43,2953025735264,28,9436823939578,7,04024353584257,0,0,0,0,0,0,0,0,0,0,0,0,0,0,0,0,0,0,0,0,0,0,0,0,0,0,0,0,0,0,0,0,0,0,0,0,0,0,0,0,0,0,0,0,0,0,0,0,0,0,0,0,0,0,0,0,0,0,0,0,0,0,0,0,0,0,0,0,0,0,0,0,0,0,0,0,0,0,0,0,0,0,0,0,0,0,0,0,0,0,0,0,0,0,0,0,0,1,65707390155484,1,57203544646031,0,0,0,0,0,0,0,0,0,0,0,0,0,718,15,8,09989234616808,9,65197476416728,87,5357383038082,0,0,166216786323957,0,107178852421573,0,0,0,0,0,0,0,0,0,0,0,0,0,0,0,0,0,0,12693797769074,0,320893484150189,0,0,43446,5664107966,40950,8172051731,0,
450-460C*,0,00893427776314294,733,150024,418,269649250016,934,195140130431,0,0497661603327625,353,233359651354,52,2002302468654,53,3894692322029,1,30511207519675,326,941777828528,9,12669086708386,303,967746082729,0,263003048115082,0,00542071086473191,57,7954305003534,436,175324321093,313,724911791017,9,43218415240353,18,1892753524035,46,9166516176672,45,7762612883223,7,0117362853051,1088,16422955455,0,0,0,883118135467396,0,834269479474831,286,87136357116,1,51193585600106,0,8440762779087,6,76636982531584,15,5234610253158,7,49786731037566,2,17297679905513,0,0,5,76302027866878E-09,27,6017884044638,1,42141604234199,9,94641538919875,97,4683637190625,54,2503007106848,35,4946231850493,7,08987927949528,0,0,0,0,0,0,0,0,0,0,0,0,0,0,0,0,0,0,0,0,0,0,0,0,0,0,0,0,0,0,0,0,0,0,0,0,0,0,0,0,0,0,0,0,0,0,0,0,0,0,0,0,0,0,0,0,0,0,0,0,0,0,0,0,0,0,0,0,0,0,0,0,0,0,0,0,0,0,0,0,0,0,0,0,0,0,0,0,0,0,0,0,0,0,0,0,0,0,883118135467396,0,834269479474831,0,0,0,0,0,0,0,0,0,0,0,0,0,728,15,9,32287084056504,9,58779506741935,87,5048416772879,0,0,268102724973198,0,160613655251316,0,0,0,0,0,0,0,0,0,0,0,0,0,0,0,0,0,0,263003048115082,0,48087728382244,0,0,43357,448813142,40873,8618021754,0,
460-480C*,0,0170125916634278,753,150024,438,633764708644,939,06749880857,0,0475883361838505,354,033694324407,53,3511234030418,54,0015357578643,1,40031152907434,363,129907739335,9,16432198138814,308,597670588069,0,467100653751596,0,00812584775798765,58,6569930866504,438,019598392475,317,385745878202,7,95841675032584,16,7155079503258,46,6488765969582,45,9984642421357,7,55634794365555,1187,14725969621,0,0,0,0,288,503973189923,1,51585775616817,0,699638827753997,5,10815268252679,13,8652438825268,7,08977044715083,2,31436471816189,0,0,8,70669017649523E-10,29,6543803560094,1,55743837366517,8,78036488754659,146,890369310605,77,9335781648303,49,2346998985593,7,16433289497436,0,0,0,0,0,0,0,0,0,0,0,0,0,0,0,0,0,0,0,0,0,0,0,0,0,0,0,0,0,0,0,0,0,0,0,0,0,0,0,0,0,0,0,0,0,0,0,0,0,0,0,0,0,0,0,0,0,0,0,0,0,0,0,0,0,0,0,0,0,0,0,0,0,0,0,0,0,0,0,0,0,0,0,0,0,0,0,0,0,0,0,0,0,0,0,0,0,0,0,0,0,0,0,0,0,0,0,0,0,0,0,0,743,15,11,6624693859597,9,49765774555352,87,0395936492774,0,0,414806941432799,0,24076585949593,0,0,0,0,0,0,0,0,0,0,0,0,0,0,0,0,0,0,467100653751596,0,720852983330816,0,0,43224,2925077113,40758,8833419652,0,
480-500C*,0,0159633274910917,773,150024,465,678037843402,945,563977046088,0,0446845706519678,355,009485699354,54,1300610689772,54,8176244587462,1,52724413424446,416,985970061183,9,27574995083246,312,521665501127,0,739230794600281,0,0117326969489953,59,7186067685015,440,323947877575,321,804473062375,5,99339354755559,14,7504847475556,45,8699389310228,45,1823755412538,8,28249682145614,1419,87536389596,0,0,0,0,290,562277993832,1,52130736475831,0,572936211814186,2,89719649214139,11,6542876921414,6,55683380385213,2,41432309298679,0,0,1,1643634649436E-10,32,3911696247369,1,73880148209607,7,25239539266515,268,412082704905,132,699934992803,79,5671086976635,7,2636043822798,0,0,0,0,0,0,0,0,0,0,0,0,0,0,0,0,0,0,0,0,0,0,0,0,0,0,0,0,0,0,0,0,0,0,0,0,0,0,0,0,0,0,0,0,0,0,0,0,0,0,0,0,0,0,0,0,0,0,0,0,0,0,0,0,0,0,0,0,0,0,0,0,0,0,0,0,0,0,0,0,0,0,0,0,0,0,0,0,0,0,0,0,0,0,0,0,0,0,0,0,0,0,0,0,0,0,0,0,0,0,0,0,763,15,16,1487012953724,9,3746071189606,86,9565115227724,0,0,609916589070858,0,347635465155416,0,0,0,0,0,0,0,0,0,0,0,0,0,0,0,0,0,0,739230794600281,1,04082058267532,0,0,43086,3881993773,40642,9030937796,0,
500-520C*,0,0149861508236725,793,150024,496,737412378046,948,307618492695,0,0417808051200851,355,894963566808,55,18071910817,56,4240365436063,1,65417673941458,479,713794383947,9,32212870058662,316,402949465366,1,01136093544897,0,0153395461400029,61,9156075374799,442,116291793548,326,23433832361,4,10342708060356,12,8605182806036,44,81928089183,43,5759634563937,9,00864569925673,1688,01039799953,0,0,0,0,292,568920798735,1,52424470583482,0,462969824847525,0,686240301755983,9,44333150175598,6,55897061471825,2,63355030448841,0,0,1,36162812895303E-11,35,1279588934644,1,92016459052698,7,25853358622994,526,867981605233,240,723225152556,136,044804879005,7,36287586958524,0,0,0,0,0,0,0,0,0,0,0,0,0,0,0,0,0,0,0,0,0,0,0,0,0,0,0,0,0,0,0,0,0,0,0,0,0,0,0,0,0,0,0,0,0,0,0,0,0,0,0,0,0,0,0,0,0,0,0,0,0,0,0,0,0,0,0,0,0,0,0,0,0,0,0,0,0,0,0,0,0,0,0,0,0,0,0,0,0,0,0,0,0,0,0,0,0,0,0,0,0,0,0,0,0,0,0,0,0,0,0,0,783,15,23,1576862816664,9,4139004848612,87,7575918943909,0,0,807807133461731,0,454505070814902,0,0,0,0,0,0,0,0,0,0,0,0,0,0,0,0,0,1,01136093544897,1,36078818201982,0,0,42951,2480861016,40521,3588792045,0,
520-540C*,0,0141201913720997,813,150024,519,862089223916,959,01437845183,0,0391325308897141,356,704637509748,55,6519997089351,56,8913288782379,1,7811093445847,554,100351811866,9,51309255541129,318,846731816111,1,34760913285163,0,0189463953310106,61,4277749291617,443,434260082625,329,104682249642,2,05419824340099,10,811289443401,44,3480002910649,43,1086711217621,9,73479457705732,1997,03154977349,0,0,0,0,294,615293320344,1,53330195581713,0,368650173084783,-1,52471588862942,7,23237531137058,5,46580562832808,2,88467526140976,0,0,1,37320032233685E-12,37,8647481621919,2,10152769895788,4,10590881150591,1134,38259683774,474,454114770028,250,541922298178,7,45167406936418,0,0,0,0,0,0,0,0,0,0,0,0,0,0,0,0,0,0,0,0,0,0,0,0,0,0,0,0,0,0,0,0,0,0,0,0,0,0,0,0,0,0,0,0,0,0,0,0,0,0,0,0,0,0,0,0,0,0,0,0,0,0,0,0,0,0,0,0,0,0,0,0,0,0,0,0,0,0,0,0,0,0,0,0,0,0,0,0,0,0,0,0,0,0,0,0,0,0,0,0,0,0,0,0,0,0,0,0,0,0,0,0,803,15,34,8111591139383,9,11123613865806,86,6760326812623,0,1,05737212522642,0,561374676474388,0,0,0,0,0,0,0,0,0,0,0,0,0,0,0,0,0,1,34760913285163,1,68075578136432,0,0,42689,4880818833,40297,4905058274,0,
540-560C*,0,0131852975110576,833,150024,536,937667314844,975,254512453232,0,0410824429548006,357,447358224096,55,9581722864356,57,1614322943351,2,71235232586577,643,600493738519,10,1089822097704,320,153372442779,2,83781743454512,0,0270349550275492,59,189605753707,444,314445340833,331,029925724341,-0,105698074646948,8,65139312535305,44,0418277135643,42,8385677056649,16,7680585907463,2354,32707587932,0,0,0,0,296,792787274373,1,54729058516621,0,288806715618069,-3,73567207901483,5,02141912098518,3,66981867951723,3,17180148563227,0,0,1,17550415132813E-13,59,7533572549283,3,4691436303773,-1,12757831239419,3417,90502891999,1282,58819903277,614,030905679206,7,34312651340706,0,0,0,0,0,0,0,0,0,0,0,0,0,0,0,0,0,0,0,0,0,0,0,0,0,0,0,0,0,0,0,0,0,0,0,0,0,0,0,0,0,0,0,0,0,0,0,0,0,0,0,0,0,0,0,0,0,0,0,0,0,0,0,0,0,0,0,0,0,0,0,0,0,0,0,0,0,0,0,0,0,0,0,0,0,0,0,0,0,0,0,0,0,0,0,0,0,0,0,0,0,0,0,0,0,0,0,0,0,0,0,0,823,15,63,1980084307695,8,58650465277354,86,8008227789988,0,2,22875949212136,0,801035704519976,0,0,0,0,0,0,0,0,0,0,0,0,0,0,0,0,0,2,83781743454512,2,39830089933281,0,0,42338,3496137914,40000,9979426154,0,
560-580C*,0,0121769396916014,853,150024,552,908915275939,992,548920348273,0,0421919133752782,358,175226633311,56,1041340228105,57,3208373841344,4,61492695814828,749,769729603821,10,8127087399319,320,887256099479,4,86847566612368,0,0434466913772169,56,7221204271629,444,792138347168,332,694152201335,-2,28667987056765,6,47041132943235,43,8958659771895,42,6791626158656,30,336920807772,2760,47349884774,0,0,0,0,299,192794376533,1,56319764449302,0,222200775091261,-5,94662826940023,2,81046293059977,1,81066671783089,3,46219762158513,0,0,8,38721298380265E-15,104,703847316914,6,26195456554995,-6,61580039126269,12361,0403737834,4015,81079648434,1724,79291219495,7,26291740778815,0,0,0,0,0,0,0,0,0,0,0,0,0,0,0,0,0,0,0,0,0,0,0,0,0,0,0,0,0,0,0,0,0,0,0,0,0,0,0,0,0,0,0,0,0,0,0,0,0,0,0,0,0,0,0,0,0,0,0,0,0,0,0,0,0,0,0,0,0,0,0,0,0,0,0,0,0,0,0,0,0,0,0,0,0,0,0,0,0,0,0,0,0,0,0,0,0,0,0,0,0,0,0,0,0,0,0,0,0,0,0,0,843,15,126,812747364525,8,03893929365977,86,9227091603372,0,3,96166908516012,1,28730937413976,0,0,0,0,0,0,0,0,0,0,0,0,0,0,0,0,0,4,86847566612368,3,85420426617444,0,0,41977,7284789096,39697,5562760185,0,
580-600C*,0,0104626411592386,873,150024,570,888635557322,1008,18875772226,0,0391699867372498,358,945377096016,56,2410966776734,57,4802424739337,6,70244386394833,882,76679021446,11,4710591661036,321,403066193116,8,67746949088301,0,0598584277268846,54,8294937443523,444,901129982781,334,42684215436,-4,43457025606718,4,32252094393282,43,7589033223266,42,5197575260663,38,798965057787,3236,73445735425,0,0,0,0,301,906706342538,1,57872019391248,0,167541627730274,-8,15758445978563,0,599506740214372,0,23273178295776,3,72807105082069,0,0,4,8841076376234E-16,153,968270551465,9,3176158813938,-11,3302733715412,56620,9371901324,13515,9846816322,5277,36256342352,7,22072815774344,0,0,0,0,0,0,0,0,0,0,0,0,0,0,0,0,0,0,0,0,0,0,0,0,0,0,0,0,0,0,0,0,0,0,0,0,0,0,0,0,0,0,0,0,0,0,0,0,0,0,0,0,0,0,0,0,0,0,0,0,0,0,0,0,0,0,0,0,0,0,0,0,0,0,0,0,0,0,0,0,0,0,0,0,0,0,0,0,0,0,0,0,0,0,0,0,0,0,0,0,0,0,0,0,0,0,0,0,0,0,0,0,863,15,287,05008868122,7,58059347345286,86,9574362481566,0,7,49578193513795,1,77358304375954,0,0,0,0,0,0,0,0,0,0,0,0,0,0,0,0,0,8,67746949088301,5,31010763301608,0,0,41656,1780711981,39427,2416173469,0,
600-625C*,0,0108327790576321,898,150024,593,333782758701,1024,86638921945,0,0362157183924912,359,827776330428,56,5363750298124,57,841326830731,9,27196419428734,1045,43475652588,12,1559951081854,321,844007155813,13,9773261918595,0,0783216311202608,53,0278947225843,444,642476882759,336,408481752845,-6,83260322878338,1,92448797121663,43,4636249701876,42,158673169269,55,0665919177468,3811,39962058632,0,0,0,0,305,448865107886,1,59648309489703,0,114000181889301,-10,6449101739692,-1,88781897396921,0,001,4,02057080540904,0,0,1,01130060428898E-17,214,547244935666,13,0694232073642,-12,0269910104,427903,119784352,64723,5327917632,22438,8201855656,7,14000751254585,0,0,0,0,0,0,0,0,0,0,0,0,0,0,0,0,0,0,0,0,0,0,0,0,0,0,0,0,0,0,0,0,0,0,0,0,0,0,0,0,0,0,0,0,0,0,0,0,0,0,0,0,0,0,0,0,0,0,0,0,0,0,0,0,0,0,0,0,0,0,0,0,0,0,0,0,0,0,0,0,0,0,0,0,0,0,0,0,0,0,0,0,0,0,0,0,0,0,0,0,0,0,0,0,0,0,0,0,0,0,0,0,885,65,837,315826970042,7,12291638463401,86,5861367276247,0,12,7894737090368,2,3206409220818,0,0,0,0,0,0,0,0,0,0,0,0,0,0,0,0,0,13,9773261918595,6,94799892071291,0,0,41315,7700196868,39141,1105516184,0,
625-650C*,0,00901287828723271,923,150024,622,077360220121,1042,19174843466,0,0333566223172387,360,817290681543,56,5714829623858,57,9074751782758,12,4015104708055,1227,53041502516,12,9230995175704,321,62852652123,19,7888976263295,0,0938086651377796,51,4127578789282,443,902909838266,338,658156005657,-9,47297746061249,-0,71588626061249,43,4285170376142,42,0925248217242,75,5564588021816,4461,96410877924,0,0,0,0,310,144478687344,1,61637049026609,0,0744549568937233,-13,408605411951,-4,65151421195096,0,001,4,34851948276649,0,0,1,38605125770891E-19,288,260711026694,17,6282665478068,-12,0269910104,6435807,86991348,490977,396751073,146812,621186121,7,11518891830566,0,0,0,0,0,0,0,0,0,0,0,0,0,0,0,0,0,0,0,0,0,0,0,0,0,0,0,0,0,0,0,0,0,0,0,0,0,0,0,0,0,0,0,0,0,0,0,0,0,0,0,0,0,0,0,0,0,0,0,0,0,0,0,0,0,0,0,0,0,0,0,0,0,0,0,0,0,0,0,0,0,0,0,0,0,0,0,0,0,0,0,0,0,0,0,0,0,0,0,0,0,0,0,0,0,0,0,0,0,0,0,0,910,65,3430,61761145626,6,69334425033248,86,498753852404,0,18,8798887053947,2,77951600408236,0,0,0,0,0,0,0,0,0,0,0,0,0,0,0,0,0,19,7888976263295,8,32187091622258,0,0,40958,9583181137,38840,6013961674,0,
650-675C*,0,00752989655651119,948,150024,655,95317152422,1058,17330616817,0,0314178442923821,361,780242380374,56,6108829481747,58,0072721635888,16,0972511483304,1395,47902046965,13,6227286644152,321,041033293834,24,1689231929253,0,156894041388356,50,1858650877268,442,743732994451,340,971893749814,-12,0864756628076,-3,32938446280755,43,3891170518253,41,9927278364112,100,527712236704,5097,88862888263,0,0,0,0,316,408249468733,1,63614136960679,0,0463539579261727,-16,1723006499327,-7,41520944993272,0,001,4,71252890139969,0,0,1,17292580372822E-21,374,599777101592,22,9795590577571,-12,0269910104,175509388,803793,5273962,16827912,1335429,53863515,6,28554031336459,0,0,0,0,0,0,0,0,0,0,0,0,0,0,0,0,0,0,0,0,0,0,0,0,0,0,0,0,0,0,0,0,0,0,0,0,0,0,0,0,0,0,0,0,0,0,0,0,0,0,0,0,0,0,0,0,0,0,0,0,0,0,0,0,0,0,0,0,0,0,0,0,0,0,0,0,0,0,0,0,0,0,0,0,0,0,0,0,0,0,0,0,0,0,0,0,0,0,0,0,0,0,0,0,0,0,0,0,0,0,0,0,935,65,18488,4481745004,6,34089038037328,86,3802291426256,0,23,5818352373046,4,64871233743277,0,0,0,0,0,0,0,0,0,0,0,0,0,0,0,0,0,24,1689231929253,13,9182447382737,0,0,40610,6291880038,38544,9492596722,0,
675-700C*,0,00629975079515616,973,150024,696,080333879056,1072,73345556776,0,0270832841411669,362,725250061477,56,6382756840961,58,1172238345511,18,2740549487851,1519,7258472742,14,2255564893423,323,937517466055,26,6738997117564,0,229263780049095,49,3321362410264,441,215787687061,343,312222686915,-14,6715456983243,-5,91445449832428,43,3617243159039,41,8827761654489,115,490370331344,5573,16564766304,0,0,0,0,320,937517466055,1,65548587123551,0,027275358383197,-18,9359958879145,-10,1789046879145,0,001,4,98664474960976,0,0,5,622719383272E-24,429,414522529749,26,2544160380852,-12,0269910104,9947226440,96843,84783021,530187,17812164,8215611,5,98412732389255,0,0,0,0,0,0,0,0,0,0,0,0,0,0,0,0,0,0,0,0,0,0,0,0,0,0,0,0,0,0,0,0,0,0,0,0,0,0,0,0,0,0,0,0,0,0,0,0,0,0,0,0,0,0,0,0,0,0,0,0,0,0,0,0,0,0,0,0,0,0,0,0,0,0,0,0,0,0,0,0,0,0,0,0,0,0,0,0,0,0,0,0,0,0,0,0,0,0,0,0,0,0,0,0,0,0,0,0,0,0,0,0,960,65,137679,773207359,6,0631034556273,86,2510207087525,0,26,2969614843801,6,79300089034357,0,0,0,0,0,0,0,0,0,0,0,0,0,0,0,0,0,26,6738997117564,20,3382446656886,0,0,40322,488672374,38303,1047456025,0,
700-725C*,0,00537691319779931,998,150024,752,253416621147,1084,06202820948,0,0216733511099529,363,66545498201,56,6359288733778,58,2119545091573,19,7504985533396,1614,92504278943,14,5542688262274,326,430930725533,28,7028126768899,0,301633518709835,49,2579299760733,439,365611027999,345,99366427401,-17,1919841986834,-8,43489299868336,43,3640711266222,41,7880454908427,125,753104701046,5928,33915502842,0,0,0,0,323,430930725533,1,67185467550568,0,0150068335183521,-21,6996911258962,-12,9425999258962,0,001,5,18869140770302,0,0,1,37064635256234E-26,469,594681825464,28,5697670696098,-12,0269910104,1387428761647,45,2172978510,59008,370297487,835644,5,71873929704296,0,0,0,0,0,0,0,0,0,0,0,0,0,0,0,0,0,0,0,0,0,0,0,0,0,0,0,0,0,0,0,0,0,0,0,0,0,0,0,0,0,0,0,0,0,0,0,0,0,0,0,0,0,0,0,0,0,0,0,0,0,0,0,0,0,0,0,0,0,0,0,0,0,0,0,0,0,0,0,0,0,0,0,0,0,0,0,0,0,0,0,0,0,0,0,0,0,0,0,0,0,0,0,0,0,0,0,0,0,0,0,0,985,65,1499388,89249709,5,90747793267627,85,9790219171766,0,28,5053215904741,8,93728944325436,0,0,0,0,0,0,0,0,0,0,0,0,0,0,0,0,0,28,7028126768899,26,7582445931036,0,0,40106,2800677189,38122,3944654665,0,
725-750C*,0,0044639557594139,1023,150024,826,066130619333,1090,65206134422,0,0192073176787938,364,604393614683,56,6094532529894,58,2971752037463,21,2269421578941,1732,61923000316,14,6270401703586,329,454947161626,32,979751068553,0,35751270315532,50,2771725202779,437,235577770466,348,706399280638,-19,6176519089031,-10,8605607089031,43,3905467470106,41,7028247962537,136,015839070747,6352,76824684104,0,0,0,0,326,454947161626,1,68277177961765,0,00761602547451487,-24,463386363878,-15,706295163878,0,001,5,43428214027726,0,0,1,48132469721263E-29,509,774841121179,30,8851181011343,-12,0269910104,587307354449027,95444562157,1857,12864898588,3338,5,04345602445092,0,0,0,0,0,0,0,0,0,0,0,0,0,0,0,0,0,0,0,0,0,0,0,0,0,0,0,0,0,0,0,0,0,0,0,0,0,0,0,0,0,0,0,0,0,0,0,0,0,0,0,0,0,0,0,0,0,0,0,0,0,0,0,0,0,0,0,0,0,0,0,0,0,0,0,0,0,0,0,0,0,0,0,0,0,0,0,0,0,0,0,0,0,0,0,0,0,0,0,0,0,0,0,0,0,0,0,0,0,0,0,0,1010,65,25492674,8276342,5,91656869729867,86,5418880060736,0,33,1771186630335,10,5929689823799,0,0,0,0,0,0,0,0,0,0,0,0,0,0,0,0,0,32,979751068553,31,7153491332453,0,0,39929,5256932874,37968,7450381085,0,
750-775C*,0,00351962993723901,1048,150024,905,909335214526,1097,24209447897,0,0127522843373299,365,545602432208,56,5644382324487,58,3785969346567,22,7033857624486,1850,3134172169,14,7001753712103,332,47896359772,37,2566894602162,0,539875971387152,51,2341039114986,434,864093543517,350,882267326146,-22,0433196191229,-13,2862284191229,43,4355617675513,41,6214030653433,146,278573440449,6777,19733865366,0,0,0,0,329,47896359772,1,6940828672851,0,00350315367652875,-27,2270816018597,-18,4699904018597,0,001,5,6798728728515,0,0,5,94693471596448E-33,549,955000416894,33,2004691326589,-12,0269910104,6,97470425877156E+18,27448081319054,9,2290623891074,76,4,74376914635707,0,0,0,0,0,0,0,0,0,0,0,0,0,0,0,0,0,0,0,0,0,0,0,0,0,0,0,0,0,0,0,0,0,0,0,0,0,0,0,0,0,0,0,0,0,0,0,0,0,0,0,0,0,0,0,0,0,0,0,0,0,0,0,0,0,0,0,0,0,0,0,0,0,0,0,0,0,0,0,0,0,0,0,0,0,0,0,0,0,0,0,0,0,0,0,0,0,0,0,0,0,0,0,0,0,0,0,0,0,0,0,0,1035,65,1071288422,37682,5,93196477404696,87,2009224743325,0,37,8577815101818,15,9963250781378,0,0,0,0,0,0,0,0,0,0,0,0,0,0,0,0,0,37,2566894602162,47,8929972839447,0,0,39754,0467048377,37816,2349180825,0,
775-800C*,0,00274899025565596,1073,150024,991,708315983915,1103,83212761371,0,0100155411301018,366,492617907294,56,5064551504653,58,4619307182275,24,1798293670031,1968,00760443063,14,7736762480664,335,502980033813,41,5336278518793,0,752220224053639,52,1330554764473,432,285821973532,352,596308048962,-24,4689873293427,-15,7118961293427,43,4935448495347,41,5380692817725,156,54130781015,7201,62643046628,0,0,0,0,332,502980033813,1,70579383475757,0,00142714126773831,-29,9907768398415,-21,2336856398415,0,001,5,92546360542574,0,0,7,03082695798661E-37,590,135159712609,35,5158201641835,-12,0269910104,1,2231542543511E+24,2,6148849622458E+16,1,2066527371992E+15,3,98890062055678,0,0,0,0,0,0,0,0,0,0,0,0,0,0,0,0,0,0,0,0,0,0,0,0,0,0,0,0,0,0,0,0,0,0,0,0,0,0,0,0,0,0,0,0,0,0,0,0,0,0,0,0,0,0,0,0,0,0,0,0,0,0,0,0,0,0,0,0,0,0,0,0,0,0,0,0,0,0,0,0,0,0,0,0,0,0,0,0,0,0,0,0,0,0,0,0,0,0,0,0,0,0,0,0,0,0,0,0,0,0,0,0,1060,65,96220393766,9742,5,95391007929261,87,9611399215683,0,42,5343310877767,22,2880066386263,0,0,0,0,0,0,0,0,0,0,0,0,0,0,0,0,0,41,5336278518793,66,7302918760472,0,0,39579,832999574,37664,8546818446,0,
800-825C*,0,00214223248090986,1098,150024,1083,34632694511,1110,42216074846,0,00797974304312502,367,448976512654,56,4410607239023,58,5528875707974,25,6562729715576,2085,70179164436,14,8475446293067,338,526996469907,45,8105662435425,0,964564476720125,52,9779899152517,429,531931791022,353,924943757005,-26,8946550395624,-18,1375638395624,43,5589392760977,41,4471124292026,166,804042179852,7626,0555222789,0,0,0,0,335,526996469907,1,71791145750872,0,000499276051668326,-32,7544720778232,-23,9973808778232,0,001,6,17105433799998,0,0,1,79365614365673E-41,630,315319008325,37,8311711957081,-12,0269910104,7,0567688997901E+30,1,04584953636524E+20,2,32198371736623E+18,3,17674899871011,0,0,0,0,0,0,0,0,0,0,0,0,0,0,0,0,0,0,0,0,0,0,0,0,0,0,0,0,0,0,0,0,0,0,0,0,0,0,0,0,0,0,0,0,0,0,0,0,0,0,0,0,0,0,0,0,0,0,0,0,0,0,0,0,0,0,0,0,0,0,0,0,0,0,0,0,0,0,0,0,0,0,0,0,0,0,0,0,0,0,0,0,0,0,0,0,0,0,0,0,0,0,0,0,0,0,0,0,0,0,0,0,1085,65,21252424522348,8,5,98265855619376,88,8277899149905,0,47,1968151555981,28,5796881991148,0,0,0,0,0,0,0,0,0,0,0,0,0,0,0,0,0,45,8105662435425,85,5675864681498,0,0,39406,8741889194,37514,5945941385,0,
825-850C*,0,00167280830823397,1123,150024,1180,69567575957,1125,898793229,0,00651809185481536,368,418214720997,56,3738008306053,58,6571785087052,27,1327165761121,2203,39597885809,14,9217823524533,341,551012906,50,0875046352056,1,13122592526128,51,7432673534008,426,630353116244,354,940585894983,-29,4980547366981,-20,7409635366981,43,6261991693947,41,3428214912948,177,066776549553,8050,48461409152,0,0,0,0,338,551012906,1,74351129878936,0,000143780415006924,-35,518167315805,-26,761076115805,0,001,6,41664507057421,0,0,6,44754093073519E-47,670,49547830404,40,1465222272326,-12,0269910104,,2,32381837987982E+24,2,09204033532154E+22,2,36962035451626,0,0,0,0,0,0,0,0,0,0,0,0,0,0,0,0,0,0,0,0,0,0,0,0,0,0,0,0,0,0,0,0,0,0,0,0,0,0,0,0,0,0,0,0,0,0,0,0,0,0,0,0,0,0,0,0,0,0,0,0,0,0,0,0,0,0,0,0,0,0,0,0,0,0,0,0,0,0,0,0,0,0,0,0,0,0,0,0,0,0,0,0,0,0,0,0,0,0,0,0,0,0,0,0,0,0,0,0,0,0,0,0,1110,65,1,35870302295041E+16,5,74337335711855,85,7013672038018,0,51,8374974673951,33,5178051929267,0,0,0,0,0,0,0,0,0,0,0,0,0,0,0,0,0,50,0875046352056,100,0,0,39138,7082519844,37292,929990055,0,
850-875C*,0,00128346237121068,1148,150024,1281,6181270524,1128,33609242914,0,00550378934358858,369,403869005036,56,3102148759616,58,7805145482897,28,6091601806666,2203,4454429216,14,9963912642155,344,575029342094,54,3644430268687,1,59100893953667,53,4431887360101,423,606034728143,355,695410572175,-31,8406677682258,-23,0835765682258,43,6897851240384,41,2194854517103,187,329510919255,8051,22050650343,0,0,0,0,341,575029342094,1,75047415522131,3,21111780549555E-05,-38,2818625537868,-29,5247713537867,0,001,6,66223580314845,0,0,1,79175042785312E-53,710,675637599755,42,4618732587572,-12,0269910104,,3,39101342095703E+28,1,18101116582572E+27,1,62982076167438,0,0,0,0,0,0,0,0,0,0,0,0,0,0,0,0,0,0,0,0,0,0,0,0,0,0,0,0,0,0,0,0,0,0,0,0,0,0,0,0,0,0,0,0,0,0,0,0,0,0,0,0,0,0,0,0,0,0,0,0,0,0,0,0,0,0,0,0,0,0,0,0,0,0,0,0,0,0,0,0,0,0,0,0,0,0,0,0,0,0,0,0,0,0,0,0,0,0,0,0,0,0,0,0,0,0,0,0,0,0,0,0,1135,65,3,03674093969602E+19,5,91576976328412,88,7151979992243,0,56,4503051448194,47,1410056159012,0,0,0,0,0,0,0,0,0,0,0,0,0,0,0,0,0,54,3644430268687,100,0,0,39013,8241523546,37179,2391178915,0,
875-900C*,0,000906487099445044,1173,150024,1387,68966458488,1130,19226015269,0,0048100372878604,370,399397529231,56,2439025473891,58,9168949296916,30,0856037852212,2438,78435328555,15,0713732205366,347,599045778188,58,6413814185319,2,13301978939853,55,2235591109447,420,481196278073,356,262584733439,-34,1716581702217,-25,4145669702217,43,7560974526109,41,0831050703084,197,592245288956,8899,34279771676,0,0,0,0,344,599045778188,1,75678508763182,5,09973207876392E-06,-41,0455577917685,-32,2884665917685,0,001,6,90782653572269,0,0,1,60737721426156E-61,750,85579689547,44,7772242902818,-12,0269910104,,1,04439741511256E+28,3,68643327778752E+27,1,08362782322604,0,0,0,0,0,0,0,0,0,0,0,0,0,0,0,0,0,0,0,0,0,0,0,0,0,0,0,0,0,0,0,0,0,0,0,0,0,0,0,0,0,0,0,0,0,0,0,0,0,0,0,0,0,0,0,0,0,0,0,0,0,0,0,0,0,0,0,0,0,0,0,0,0,0,0,0,0,0,0,0,0,0,0,0,0,0,0,0,0,0,0,0,0,0,0,0,0,0,0,0,0,0,0,0,0,0,0,0,0,0,0,0,1160,65,2,95039956066591E+23,6,11247602957006,92,123407543234,0,61,0304394135724,63,2005863525491,0,0,0,0,0,0,0,0,0,0,0,0,0,0,0,0,0,58,6413814185319,100,0,0,38895,4196378564,37070,4339213614,0,
900-925C*,0,000811644983187235,1198,150024,1498,9557160521,1136,78229328744,0,00401366510607148,371,36646967015,56,1284639834721,59,0211991089933,31,5620473897757,2556,47854049929,15,1467300866393,350,623062214281,62,9183198101951,2,6750306392604,55,8859241440326,417,275571158095,356,683819242974,-36,5973258804415,-27,8402346804415,43,8715360165279,40,9788008910067,207,854979658657,9323,77188952937,0,0,0,0,347,623062214281,1,77061455154071,5,0510426232693E-07,-43,8092530297503,-35,0521618297502,0,001,7,15341726829693,0,0,1,24163910207317E-71,791,035956191185,47,0925753218064,-12,0269910104,,3,27360699390433E+27,1,08737314268845E+27,0,873777343513617,0,0,0,0,0,0,0,0,0,0,0,0,0,0,0,0,0,0,0,0,0,0,0,0,0,0,0,0,0,0,0,0,0,0,0,0,0,0,0,0,0,0,0,0,0,0,0,0,0,0,0,0,0,0,0,0,0,0,0,0,0,0,0,0,0,0,0,0,0,0,0,0,0,0,0,0,0,0,0,0,0,0,0,0,0,0,0,0,0,0,0,0,0,0,0,0,0,0,0,0,0,0,0,0,0,0,0,0,0,0,0,0,1185,65,3,5915833618834E+25,6,17128174431897,93,4747388698039,0,65,5740938865061,79,2601670891969,0,0,0,0,0,0,0,0,0,0,0,0,0,0,0,0,0,62,9183198101951,100,0,0,38727,3719243058,36924,5520292209,0,
925-950C*,0,000512929044431975,1223,150024,1615,4093030507,1143,37232642218,0,00387699165656284,372,33354181107,55,9961031080273,59,125503288295,33,0384909943302,2674,17272771302,15,2224637370725,353,647078650375,67,1952582018582,3,10590255947354,56,5097436675673,414,00663712532,356,995350950228,-39,0229935906612,-30,2659023906612,44,0038968919727,40,874496711705,218,117714028359,9748,20098134199,0,0,0,0,350,647078650375,1,78489771859894,0,-46,572948267732,-37,815857067732,0,001,7,39900800087117,0,0,1,01179546585337E-84,831,216115486901,49,4079263533309,-12,0269910104,,1,04407263495746E+27,3,26967752812365E+26,0,705761623860655,0,0,0,0,0,0,0,0,0,0,0,0,0,0,0,0,0,0,0,0,0,0,0,0,0,0,0,0,0,0,0,0,0,0,0,0,0,0,0,0,0,0,0,0,0,0,0,0,0,0,0,0,0,0,0,0,0,0,0,0,0,0,0,0,0,0,0,0,0,0,0,0,0,0,0,0,0,0,0,0,0,0,0,0,0,0,0,0,0,0,0,0,0,0,0,0,0,0,0,0,0,0,0,0,0,0,0,0,0,0,0,0,1210,65,2,25558371112987E+25,6,23841446251249,94,9640379324248,0,70,0782460113353,92,0267425029198,0,0,0,0,0,0,0,0,0,0,0,0,0,0,0,0,0,67,1952582018582,100,0,0,38560,5239626471,36779,7380868886,0,
950-975C*,0,000651577660763911,1248,150024,1737,08794518676,1149,96235955693,0,00338410163782497,373,300613951989,55,8463205009302,59,2298074675966,34,5149345988847,2791,86691492675,15,2985760557578,356,890892579252,71,4721965935213,4,14747781918145,57,0974285501461,410,689832872001,359,890892579252,-41,448661300881,-32,691570100881,44,1536794990698,40,7701925324034,228,38044839806,10172,6300731546,0,0,0,0,353,671095086468,1,79964672777568,0,-49,3366435057138,-40,5795523057138,0,001,7,6445987334454,0,0,2,50092970122616E-102,871,396274782616,51,7232773848555,-12,0269910104,,3,38764160849596E+26,1,00206521679833E+26,0,557912445658184,0,0,0,0,0,0,0,0,0,0,0,0,0,0,0,0,0,0,0,0,0,0,0,0,0,0,0,0,0,0,0,0,0,0,0,0,0,0,0,0,0,0,0,0,0,0,0,0,0,0,0,0,0,0,0,0,0,0,0,0,0,0,0,0,0,0,0,0,0,0,0,0,0,0,0,0,0,0,0,0,0,0,0,0,0,0,0,0,0,0,0,0,0,0,0,0,0,0,0,0,0,0,0,0,0,0,0,0,0,0,0,0,1235,65,3,45975333176233E+25,6,31424991668876,96,5990325855256,0,74,5404996870553,100,0,0,0,0,0,0,0,0,0,0,0,0,0,0,0,0,0,71,4721965935213,100,0,0,38394,8642700045,36635,9811472783,0,
975-1000C*,0,00088818147567792,1273,150024,1864,07037681159,1156,55239269167,0,00270456918824868,374,267686092908,55,6785637648797,59,3341116468983,35,9913782034392,2909,56110214048,15,3750689360366,360,575529940196,75,7491349851845,5,38809564781547,57,6512100080132,407,338759566125,363,575529940196,-43,8743290111008,-35,1172378111008,44,3214362351203,40,6658883531017,238,643182767762,10597,0591649672,0,0,0,0,356,695111522562,1,81487469084884,0,-52,1003387436955,-43,3432475436955,0,001,7,89018946601964,0,0,2,79050048688521E-127,911,576434078331,54,0386284163801,-12,0269910104,,1,11801116750499E+26,3,12940999019679E+25,0,408561590297229,0,0,0,0,0,0,0,0,0,0,0,0,0,0,0,0,0,0,0,0,0,0,0,0,0,0,0,0,0,0,0,0,0,0,0,0,0,0,0,0,0,0,0,0,0,0,0,0,0,0,0,0,0,0,0,0,0,0,0,0,0,0,0,0,0,0,0,0,0,0,0,0,0,0,0,0,0,0,0,0,0,0,0,0,0,0,0,0,0,0,0,0,0,0,0,0,0,0,0,0,0,0,0,0,0,0,0,0,0,0,0,0,1260,65,5,32344468456645E+25,6,39919426118589,98,388052900823,0,78,9589645199399,100,0,0,0,0,0,0,0,0,0,0,0,0,0,0,0,0,0,75,7491349851845,100,0,0,38230,3812647117,36493,2701501631,0,
1000-1050C*,3,04463773136643E-05,1323,150024,2064,75091119074,1166,43744239379,0,000587518660121853,375,718294304287,55,391877526481,59,4905679158508,38,206043610271,3086,10238296108,15,4519442807168,366,102485981611,82,1645425726792,6,90460204048124,58,4227953647241,403,021771717758,369,102485981611,-47,5128305764304,-38,7557393764304,44,608122473519,40,5094320841492,254,037284322314,11233,7028026862,0,0,0,0,361,231136176702,1,83864586085841,0,-56,2458816006681,-47,4887904006681,0,001,8,258575564881,0,0,9,04794078109171E-231,971,846673021904,57,5116549636669,-12,0269910104,,2,18743159224589E+25,1,47690075861949E+25,0,134320434376509,0,0,0,0,0,0,0,0,0,0,0,0,0,0,0,0,0,0,0,0,0,0,0,0,0,0,0,0,0,0,0,0,0,0,0,0,0,0,0,0,0,0,0,0,0,0,0,0,0,0,0,0,0,0,0,0,0,0,0,0,0,0,0,0,0,0,0,0,0,0,0,0,0,0,0,0,0,0,0,0,0,0,0,0,0,0,0,0,0,0,0,0,0,0,0,0,0,0,0,0,0,0,0,0,0,0,0,0,0,0,0,0,1298,15,1,02208889841204E+26,6,53025570011951,,0,85,5014171678538,100,0,0,0,0,0,0,0,0,0,0,0,0,0,0,0,0,0,82,1645425726792,100,0,0,37985,8375189635,36281,1403787137,0,
1050-1100C*,0,1373,150024,2352,23183417449,1179,61750866328,0,377,652438586125,54,9405029788753,59,6991762744541,41,15893081938,3321,49075738854,15,5292040021204,373,471760703498,90,7184193560055,9,73025804803456,,,376,471760703498,,,45,0594970211247,40,3008237255459,274,562753061717,12082,5609863114,,,0,0,367,279169048889,,,-61,7732720766317,,2,11772860630875E-06,8,74975703002947,0,,,1052,20699161333,62,1423570267161,,,,,0,0,0,0,0,0,0,0,0,0,0,0,0,0,0,0,0,0,0,0,0,0,0,0,0,0,0,0,0,0,0,0,0,0,0,0,0,0,0,0,0,0,0,0,0,0,0,0,0,0,0,0,0,0,0,0,0,0,0,0,0,0,0,0,0,0,0,0,0,0,0,0,0,0,0,0,0,0,0,0,0,0,0,0,0,0,0,0,0,0,0,0,0,0,0,0,0,0,0,0,0,0,0,0,0,0,0,0,0,0,0,0,0,1348,15,,6,75987198639501,104,975431104947,,,100,,,,,,,,,,,,,,,,,,90,7184193560055,100,,,37663,7882823209,,,
1100-1150C*,0,1423,150024,2663,96167606371,1192,79757493277,0,379,586582867963,54,4041065753089,59,9077846330574,44,111818028489,3556,87913181601,15,606850022131,380,841035425385,99,2722961393318,12,2114937053026,,,383,841035425385,,,45,5958934246911,40,0922153669426,295,08822180112,12931,4191699366,,,0,0,373,327201921076,,,-67,3006625525952,,2,11772860630875E-06,9,24093849517795,0,,,1132,56731020476,66,7730590897653,,,,,0,0,0,0,0,0,0,0,0,0,0,0,0,0,0,0,0,0,0,0,0,0,0,0,0,0,0,0,0,0,0,0,0,0,0,0,0,0,0,0,0,0,0,0,0,0,0,0,0,0,0,0,0,0,0,0,0,0,0,0,0,0,0,0,0,0,0,0,0,0,0,0,0,0,0,0,0,0,0,0,0,0,0,0,0,0,0,0,0,0,0,0,0,0,0,0,0,0,0,0,0,0,0,0,0,0,0,0,0,0,0,0,0,1398,15,,7,03500791128341,109,794313375905,,,100,,,,,,,,,,,,,,,,,,99,2722961393318,100,,,37346,2343394513,,,
1150+C*,0,1623,150024,3562,8022612181,1225,7477406065,0,384,421943572559,52,6358647393762,60,4293055295657,51,4940360512616,4145,35006788466,15,6848842722416,399,264222230103,100,18,4145828484727,,,402,264222230103,,,47,3641352606238,39,5706944704343,346,401893649627,15053,5646289997,,,0,0,388,447284101544,,,-81,1191387425039,,2,11772860630875E-06,10,4688921580491,0,,,1333,46810668334,78,3498142473882,,,,,0,0,0,0,0,0,0,0,0,0,0,0,0,0,0,0,0,0,0,0,0,0,0,0,0,0,0,0,0,0,0,0,0,0,0,0,0,0,0,0,0,0,0,0,0,0,0,0,0,0,0,0,0,0,0,0,0,0,0,0,0,0,0,0,0,0,0,0,0,0,0,0,0,0,0,0,0,0,0,0,0,0,0,0,0,0,0,0,0,0,0,0,0,0,0,0,0,0,0,0,0,0,0,0,0,0,0,0,0,0,0,0,0,1523,15,,7,84893058855663,123,109567942368,,,100,,,,,,,,,,,,,,,,,,100,100,,,36571,3965388295,,,
