Name,Tartan-1983
Created,26/03/2026 11:31:30
Cpt,Composition,Boiling Temperature,Molecular Weight,Standard Liquid Density,Acidity,Aniline Point,Assay - Aromatics Vol Pct,Assay - Aromatics Wt Pct,Asphaltene Content,Basic Nitrogen Content,C to H Ratio,Cloud Point,Conradson Carbon Content,Copper Content,Cetane Number,Flash Point,Freeze Point,MON (Clear),MON (Leaded),Assay - Naphthenes Vol Pct,Assay - Naphthenes Wt Pct,Nickel Content,Nitrogen Content,Assay - Olefins Vol Pct,Assay - Olefins Wt Pct,Assay - Paraffins Vol Pct,Assay - Paraffins Wt Pct,Pour Point,Refractive Index,Reid Vapour Pressure,RON (Clear),RON (Leaded),Smoke Point,Sulfur Content,Mercaptan Sulfur Content,Sodium Content,True Vapour Pressure,Vanadium Content,Iron Content,Luminometer Number,Viscosity @ 38C,Viscosity @ 50C,Viscosity @ 60C,Wax Content,Pi C6 22DMB Wt Pct,Pi C6 22DMB Vol Pct,Pi C6 23DMB Wt Pct,Pi C6 23DMB Vol Pct,Pi C6 2MP Wt Pct,Pi C6 2MP Vol Pct,Pi C6 3MP Wt Pct,Pi C6 3MP Vol Pct,Pi C7 22-mPentane Wt Pct,Pi C7 22-mPentane Vol Pct,Pi C7 24-mPentane Wt Pct,Pi C7 24-mPentane Vol Pct,Pi C7 223-mButane Wt Pct,Pi C7 223-mButane Vol Pct,Pi C7 33-mPentane Wt Pct,Pi C7 33-mPentane Vol Pct,Pi C7 23-mPentane Wt Pct,Pi C7 23-mPentane Vol Pct,Pi C7 2-mHexane Wt Pct,Pi C7 2-mHexane Vol Pct,Pi C7 3-mHexane Wt Pct,Pi C7 3-mHexane Vol Pct,Pi C7 3-ePentane Wt Pct,Pi C7 3-ePentane Vol Pct,Pi C6 Wt Pct,Pi C6 Vol Pct,Pi C7 Wt Pct,Pi C7 Vol Pct,Pi C8 Wt Pct,Pi C8 Vol Pct,Pi C9 Wt Pct,Pi C9 Vol Pct,Pi C10  Wt Pct,Pi C10  Vol Pct,Pi C11  Wt Pct,Pi C11  Vol Pct,Pn C6 Hexane Wt Pct,Pn C6 Hexane Vol Pct,Pn C7 Heptane Wt Pct,Pn C7 Heptane Vol Pct,Pn C8 Octane Wt Pct,Pn C8 Octane Vol Pct,Pn C9 Nonane Wt Pct,Pn C9 Nonane Vol Pct,Pn C10 Decane Wt Pct,Pn C10 Decane Vol Pct,Pn C11 n-C11 Wt Pct,Pn C11 n-C11 Vol Pct,On C6 Wt Pct,On C6 Vol Pct,On C7 Wt Pct,On C7 Vol Pct,On C8 Wt Pct,On C8 Vol Pct,On C9 Wt Pct,On C9 Vol Pct,On C10 Wt Pct,On C10 Vol Pct,On C11 Wt Pct,On C11 Vol Pct,A C6 Benzene Wt Pct,A C6 Benzene Vol Pct,A C7 Toluene Wt Pct,A C7 Toluene Vol Pct,A C8 m-Xylene Wt Pct,A C8 m-Xylene Vol Pct,A C8 o-Xylene Wt Pct,A C8 o-Xylene Vol Pct,A C8 p-Xylene Wt Pct,A C8 p-Xylene Vol Pct,A C8 EthBenz Wt Pct,A C8 EthBenz Vol Pct,N C6 cyc-C5 Wt Pct,N C6 cyc-C5 Vol Pct,N C6 cyc-C6 Wt Pct,N C6 cyc-C6 Vol Pct,A C8 Wt Pct,A C8 Vol Pct,A C9 Wt Pct,A C9 Vol Pct,A C10 Wt Pct,A C10 Vol Pct,A C11 Wt Pct,A C11 Vol Pct,N C6 Wt Pct,N C6 Vol Pct,N C7 Wt Pct,N C7 Vol Pct,N C8 Wt Pct,N C8 Vol Pct,N C9 Wt Pct,N C9 Vol Pct,N C10 Wt Pct,N C10 Vol Pct,N C11 Wt Pct,N C11 Vol Pct,Pi Wt Pct,Pi Vol Pct,Pn Wt Pct,Pn Vol Pct,Oi C6 Wt Pct,Oi C6 Vol Pct,Oi C7 Wt Pct,Oi C7 Vol Pct,Oi C8 Wt Pct,Oi C8 Vol Pct,Oi C9 Wt Pct,Oi C9 Vol Pct,Oi C10 Wt Pct,Oi C10 Vol Pct,Oi C11 Wt Pct,Oi C11 Vol Pct,Centroid Boiling Temperature,Viscosity @ 100C,Hydrogen,CarbonByWt,PValue,RamsCarbonResidueByWt,SulfideByWt,ZincByWt,TinByWt,ChromiumByWt,LeadByWt,AluminiumByWt,MagnesiumByWt,MetalByWt,ArsenicByWt,CadmiumByWt,MercuryByWt,NaClByWt,SaltByWt,MudByWt,ChloridesByWt,MolybdenumByWt,AshByWt,GumByWt,MicroCarbonResidueByWt,nC5InsolublesByWt,NaphthenicAcidByWt,NaphthenicAcidByVol,Gross Heating Value,Net Heating Value,Oxygen Content,
Hydrogen,0,20,5548,2,016000032,69,85910034,0,,0,0,0,0,0,13,9,0,0,,,13,9,10,,0,0,0,0,0,0,0,0,13,9,,,130,,,0,0,0,,0,0,,,,,0,,,,,,,,,,,,,,,,,,,,,,,,,,,,,,,,,,,,,,,,,,,,,,,,,,,,,,,,,,,,,,,,,,,,,,,,,,,,,,,,,,,,,,,,,,,,,,,,,0,0,0,0,,,,,,,,,,,,,,,100,0,,,,,,,,,,,,,,,,,,,,,0,,,,,,,
Nitrogen,0,77,3498,28,0135,806,3740234,0,,0,0,0,0,0,63,1,0,0,,,63,1,,,0,0,0,0,0,0,0,0,63,1,,,,,,0,0,0,,0,0,,,,,0,,,,,,,,,,,,,,,,,,,,,,,,,,,,,,,,,,,,,,,,,,,,,,,,,,,,,,,,,,,,,,,,,,,,,,,,,,,,,,,,,,,,,,,,,,,,,,,,,0,0,0,0,,,,,,,,,,,,,,,0,0,,,,,,,,,,,,,,,,,,,,,0,,,,,,,
CO,0,81,6996,28,0109005,799,3880005,0,,0,0,0,0,0,68,2,0,0,,,68,2,,,0,0,0,0,0,0,0,0,68,2,,,120,,,0,0,0,,0,0,,,,,0,,,,,,,,,,,,,,,,,,,,,,,,,,,,,,,,,,,,,,,,,,,,,,,,,,,,,,,,,,,,,,,,,,,,,,,,,,,,,,,,,,,,,,,,,,,,,,,,,0,0,0,0,,,,,,,,,,,,,,,0,0,,,,,,,,,,,,,,,,,,,,,0,,,,,,,
Oxygen,0,90,1996,32,1137,680054,0,,0,0,0,0,0,54,4,0,0,,,54,4,,,0,0,0,0,0,0,0,0,54,4,,,120,,,0,0,0,,0,0,,,,,0,,,,,,,,,,,,,,,,,,,,,,,,,,,,,,,,,,,,,,,,,,,,,,,,,,,,,,,,,,,,,,,,,,,,,,,,,,,,,,,,,,,,,,,,,,,,,,,,,0,0,0,0,,,,,,,,,,,,,,,0,0,,,,,,,,,,,,,,,,,,,,,0,,,,,,,
Methane,0,111,625,16,04290009,299,3940125,0,,0,0,0,0,3,90,4,0,0,,85,15,90,4,,,0,0,0,0,0,0,100,100,90,4,,,120,,,0,0,0,,0,0,,,,,0,,,,,,,,,,,,,,,,,,,,,,,,,,,,,,,,,,,,,,,,,,,,,,,,,,,,,,,,,,,,,,,,,,,,,,,,,,,,,,,,,,,,,,,,,,,,,,,,,0,0,100,100,,,,,,,,,,,,,,,25,13516209,75,,,,,,,,,,,,,,,,,,,,,0,,,,,,,
Ethylene,0,169,399,28,05380058,383,2260132,0,,0,0,0,0,6,104,0,0,,137,15,104,75,6,,0,0,0,0,100,100,0,0,104,,,100,51,,,0,0,0,,0,0,,,,,0,,,,,,,,,,,,,,,,,,,,,,,,,,,,,,,,,,,,,,,,,,,,,,,,,,,,,,,,,,,,,,,,,,,,,,,,,,,,,,,,,,,,,,,,,,,,,,,,,0,0,0,0,,,,,,,,,,,,,,,14,34761566,85,71428571,,,,,,,,,,,,,,,,,,,,,0,,,,,,,
Ethane,0,000287011205259202,184,55,30,06990051,355,6830139,0,,0,0,0,0,4,90,4,0,0,,138,15,90,4,100,79,,0,0,0,0,0,0,100,100,90,4,,,111,38,,,0,0,0,,0,0,,,,,0,,,,,,,,,,,,,,,,,,,,,,,,,,,,,,,,,,,,,,,,,,,,,,,,,,,,,,,,,,,,,,,,,,,,,,,,,,,,,,,,,,,,,,,,,,,,,,,,,0,0,100,100,,,,,,,,,,,,,,,20,11147323,80,,,,,,,,,,,,,,,,,,,,,0,,,,,,,
CO2,0,194,598,44,00970078,825,335022,0,,0,0,0,0,0,217,0,0,,,217,,,0,0,0,0,0,0,0,0,217,,,,,,0,0,0,,0,0,,,,,0,,,,,,,,,,,,,,,,,,,,,,,,,,,,,,,,,,,,,,,,,,,,,,,,,,,,,,,,,,,,,,,,,,,,,,,,,,,,,,,,,,,,,,,,,,,,,,,,,0,0,0,0,,,,,,,,,,,,,,,0,0,,,,,,,,,,,,,,,,,,,,,0,,,,,,,
H2S,0,213,498,34,07600021,788,40802,0,,0,0,0,0,0,188,0,0,,,188,,,0,0,0,0,0,0,0,0,188,,2759,,,,94,1177,0,0,,0,0,,,,,0,,,,,,,,,,,,,,,,,,,,,,,,,,,,,,,,,,,,,,,,,,,,,,,,,,,,,,,,,,,,,,,,,,,,,,,,,,,,,,,,,,,,,,,,,,,,,,,,,0,0,0,0,,,,,,,,,,,,,,,5,911554252,0,,,,,,,,,,,,,,,,,,,,,0,,,,,,,
Propene,0,225,399,42,08060074,520,9550171,0,,0,0,0,0,6,87,9,0,0,,165,87,9,84,9,,0,0,0,0,100,100,0,0,87,9,,1565,102,54,,,0,0,0,,0,0,,,,,0,,,,,,,,,,,,,,,,,,,,,,,,,,,,,,,,,,,,,,,,,,,,,,,,,,,,,,,,,,,,,,,,,,,,,,,,,,,,,,,,,,,,,,,,,,,,,,,,,0,0,0,0,,,,,,,,,,,,,,,14,36465558,85,71428571,,,,,,,,,,,,,,,,,,,,,0,,,,,,,
Propane,0,00512941710433155,231,048,44,09700012,506,678009,0,,0,0,0,0,4,5,85,5,0,0,,169,15,85,5,97,1,,0,0,0,0,0,0,100,100,85,5,,1303,112,14,,,0,0,0,,0,0,,,,,0,,,,,,,,,,,,,,,,,,,,,,,,,,,,,,,,,,,,,,,,,,,,,,,,,,,,,,,,,,,,,,,,,,,,,,,,,,,,,,,,,,,,,,,,,,,,,,,,,0,0,100,100,,,,,,,,,,,,,,,18,28426304,81,81818182,,,,,,,,,,,,,,,,,,,,,0,,,,,,,
i-Butane,0,021626901371703,261,42,58,12400055,561,9660034,0,380,85,0,0,0,0,4,8,114,0,0,,190,15,114,97,6,,0,0,0,0,0,0,100,100,114,,489,6,101,426,,,0,0,0,,0,0,,,,,0,,,,,,,,,,,,,,,,,,,,,,,,,,,,,,,,,,,,,,,,,,,,,,,,,,,,,,,,,,,,,,,,,,,,,,,,,,,,,,,,,,,,,,,,,,,,,,,,,100,100,0,0,,,,,,,,,,,,,,,17,34802065,82,75862069,,,,,,,,,,,,,,,,,,,,,0,,,,,,,
i-Butene,0,266,299,56,10770035,592,7930298,0,286,7055556,0,0,0,0,6,133,0,0,,193,15,133,88,1,,0,0,0,0,100,100,0,0,133,,442,7,105,2096138,,,0,0,0,,0,0,,,,,0,,,,,,,,,,,,,,,,,,,,,,,,,,,,,,,,,,,,,,,,,,,,,,,,,,,,,,,,,,,,,,,,,,,,,,,,,,,,,,,,,,,,,,,,,,,,,,,,,0,0,0,0,,,,,,,,,,,,,,,14,37319073,85,71428571,,,,,,,,,,,,,,,,,,,,,0,,,,,,,
1-Butene,0,266,898,56,10770035,593,7890015,0,,0,0,0,0,6,87,8,0,0,,193,15,87,8,80,8,,0,0,0,0,100,100,0,0,87,8,,432,97,4,,,0,0,0,,0,0,,0,236064836133691,0,219972008704656,0,208210021632581,0,,,,,,,,,,,,,,,,,,,,,,,,,,,,,,,,,,,,,,,,,,,,,,,,,,,,,,,,,,,,,,,,,,,,,,,,,,,,,,,,,,,,,,,,,,,,,,,,,0,0,0,0,,,,,,,,,,,,,,,14,37319073,85,71428571,,,,,,,,,,,,,,,,,,,,,0,,,,,,,
13-Butadiene,0,268,7,54,1,619,7440186,0,,0,0,0,0,8,164,0,0,,197,15,164,73,94513286,,0,0,0,0,100,100,0,0,164,,409,6,102,9723045,,,0,0,0,,0,0,,,,,0,,,,,,,,,,,,,,,,,,,,,,,,,,,,,,,,,,,,,,,,,,,,,,,,,,,,,,,,,,,,,,,,,,,,,,,,,,,,,,,,,,,,,,,,,,,,,,,,,0,0,0,0,,,,,,,,,,,,,,,11,17841035,88,88888889,,,,,,,,,,,,,,,,,,,,,0,,,,,,,
n-Butane,0,0200948606817243,272,648,58,12400055,583,2230225,0,356,35,0,0,0,0,4,8,135,0,0,,213,15,135,89,6,,0,0,0,0,0,0,100,100,135,,358,5,93,8,,,0,0,0,,0,0,,0,241514675581771,0,217701202498228,,0,,,,,,,,,,,,,,,,,,,,,,,,,,,,,,,,,,,,,,,,,,,,,,,,,,,,,,,,,,,,,,,,,,,,,,,,,,,,,,,,,,,,,,,,,,,,,,,,,0,0,100,100,,,,,,,,,,,,,,,17,34802065,82,75862069,,,,,,,,,,,,,,,,,,,,,0,,,,,,,
tr2-Butene,0,274,027,56,1,608,684021,0,,0,0,0,0,6,168,0,0,,201,168,83,84306902,,0,0,0,0,100,100,0,0,168,,343,9,105,0089318,,,0,0,0,,0,0,,,,,0,,,,,,,,,,,,,,,,,,,,,,,,,,,,,,,,,,,,,,,,,,,,,,,,,,,,,,,,,,,,,,,,,,,,,,,,,,,,,,,,,,,,,,,,,,,,,,,,,0,0,0,0,,,,,,,,,,,,,,,14,37319073,85,71428571,,,,,,,,,,,,,,,,,,,,,0,,,,,,,
i-Pentane,0,031055711765108,301,028,72,15100098,623,4420166,0,343,95,0,0,0,0,5,113,0,0,,217,113,90,3,,0,0,0,0,0,0,100,100,113,,133,8,92,3,,,0,0,0,,0,0,,,,,0,,,,,,,,,,,,,,,,,,,,,,,,,,,,,,,,,,,,,,,,,,,,,,,,,,,,,,,,,,,,,,,,,,,,,,,,,,,,,,,,,,,,,,,,,,,,,,,,,100,100,0,0,,,,,,,,,,,,,,,16,75213296,83,33333333,,,,,,,,,,,,,,,,,,,,,0,,,,,,,
1-Pentene,0,303,096,70,13500214,638,7230225,0,292,25,0,0,0,0,6,108,0,0,,245,108,77,1,,0,0,0,0,100,100,0,0,108,,131,8,90,9,,,0,0,0,,0,0,,,,,0,,,,,,,,,,,,,,,,,,,,,,,,,,,,,,,,,,,,,,,,,,,,,,,,,,,,,,,,,,,,,,,,,,,,,,,,,,,,,,,,,,,,,,,,,,,,,,,,,0,0,0,0,,,,,,,,,,,,,,,14,37831669,85,71428571,,,,,,,,,,,,,,,,,,,,,0,,,,,,,
2M-1-butene,0,304,303,70,1,654,3800049,0,,0,0,0,0,6,136,0,0,,221,136,81,9,,0,0,0,0,100,100,0,0,136,,127,2,102,54,,,0,0,0,,0,0,,,,,0,,,,,,,,,,,,,,,,,,,,,,,,,,,,,,,,,,,,,,,,,,,,,,,,,,,,,,,,,,,,,,,,,,,,,,,,,,,,,,,,,,,,,,,,,,,,,,,,,0,0,0,0,,,,,,,,,,,,,,,14,37831669,85,71428571,,,,,,,,,,,,,,,,,,,,,0,,,,,,,
n-Pentane,0,309,209,72,15100098,629,7290039,0,343,95,0,0,0,0,5,143,0,0,,233,143,61,9,,0,0,0,0,0,0,100,100,143,,101,35,61,7,,,0,0,0,,0,0,,0,317713556013358,0,28795065870348,0,265338970196147,0,,,,,,,,,,,,,,,,,,,,,,,,,,,,,,,,,,,,,,,,,,,,,,,,,,,,,,,,,,,,,,,,,,,,,,,,,,,,,,,,,,,,,,,,,,,,,,,,,0,0,100,100,,,,,,,,,,,,,,,16,75213296,83,33333333,,,,,,,,,,,,,,,,,,,,,0,,,,,,,
cis2-Butene,0,276,867,56,1,625,9530029,0,,0,0,0,0,6,134,0,0,,203,134,83,5,,0,0,0,0,100,100,0,0,134,,314,4,100,,,0,0,0,,0,0,,,,,0,,,,,,,,,,,,,,,,,,,,,,,,,,,,,,,,,,,,,,,,,,,,,,,,,,,,,,,,,,,,,,,,,,,,,,,,,,,,,,,,,,,,,,,,,,,,,,,,,0,0,0,0,,,,,,,,,,,,,,,14,37319073,85,71428571,,,,,,,,,,,,,,,,,,,,,0,,,,,,,
3M-1-butene,0,293,204,70,1,631,2700195,0,,0,0,0,0,6,105,0,0,,217,105,85,26729455,,0,0,0,0,100,100,0,0,105,,190,101,6748769,,,0,0,0,,0,0,,,,,0,,,,,,,,,,,,,,,,,,,,,,,,,,,,,,,,,,,,,,,,,,,,,,,,,,,,,,,,,,,,,,,,,,,,,,,,,,,,,,,,,,,,,,,,,,,,,,,,,0,0,0,0,,,,,,,,,,,,,,,14,37831669,85,71428571,,,,,,,,,,,,,,,,,,,,,0,,,,,,,
2M-2-butene,0,311,704,70,1,666,1090088,0,406,15,0,0,0,0,6,139,0,0,,228,139,84,7,,0,0,0,0,100,100,0,0,139,,98,11,97,3,,,0,0,0,,0,0,,,,,0,,,,,,,,,,,,,,,,,,,,,,,,,,,,,,,,,,,,,,,,,,,,,,,,,,,,,,,,,,,,,,,,,,,,,,,,,,,,,,,,,,,,,,,,,,,,,,,,,0,0,0,0,,,,,,,,,,,,,,,14,37831669,85,71428571,,,,,,,,,,,,,,,,,,,,,0,,,,,,,
2M-13-C4==,0,307,204,68,1,684,8460083,0,,0,0,0,0,7,5,127,0,0,,219,127,81,,0,0,0,0,100,100,0,0,127,,118,6,99,1,,,0,0,0,,0,0,,,,,0,,,,,,,,,,,,,,,,,,,,,,,,,,,,,,,,,,,,,,,,,,,,,,,,,,,,,,,,,,,,,,,,,,,,,,,,,,,,,,,,,,,,,,,,,,,,,,,,,0,0,0,0,,,,,,,,,,,,,,,11,8404699,88,23529412,,,,,,,,,,,,,,,,,,,,,0,,,,,,,
tr2-Pentene,0,309,493,70,1,652,2630005,0,404,4833333,0,0,0,0,6,133,0,0,,225,133,85,14880659,,0,0,0,0,100,100,0,0,133,,106,7,100,3776273,,,0,0,0,,0,0,,,,,0,,,,,,,,,,,,,,,,,,,,,,,,,,,,,,,,,,,,,,,,,,,,,,,,,,,,,,,,,,,,,,,,,,,,,,,,,,,,,,,,,,,,,,,,,,,,,,,,,0,0,0,0,,,,,,,,,,,,,,,14,37831669,85,71428571,,,,,,,,,,,,,,,,,,,,,0,,,,,,,
cis2-Pentene,0,310,083,70,1,659,5750122,0,403,9277778,0,0,0,0,6,122,0,0,,226,122,85,14880659,,0,0,0,0,100,100,0,0,122,,104,4,100,3776273,,,0,0,0,,0,0,,,,,0,,,,,,,,,,,,,,,,,,,,,,,,,,,,,,,,,,,,,,,,,,,,,,,,,,,,,,,,,,,,,,,,,,,,,,,,,,,,,,,,,,,,,,,,,,,,,,,,,0,0,0,0,,,,,,,,,,,,,,,14,37831669,85,71428571,,,,,,,,,,,,,,,,,,,,,0,,,,,,,
Cyclopentane,0,322,398,70,13500214,748,8740234,0,289,95,0,0,0,0,6,179,0,0,,233,179,84,9,,100,100,0,0,0,0,0,0,179,,41,7,101,426,,,0,0,0,,0,0,,0,483269667509962,0,429891392256475,,0,,,,,,,,,,,,,,,,,,,,,,,,,,,,,,,,,,,,,,,,,,,,,,,,,,,,,,,,,,,,,,,,,,,,,,,,,,,,,,,,,,,,,,,,,,,,,,,,,0,0,0,0,,,,,,,,,,,,,,,14,37831669,85,71428571,,,,,,,,,,,,,,,,,,,,,0,,,,,,,
Cyclopentene,0,317,38,68,1,776,5159912,0,458,3722222,0,0,0,0,7,5,138,0,0,,244,138,69,7,,100,100,0,0,0,0,0,0,138,,81,04,93,3,,,0,0,0,,0,0,,,,,0,,,,,,,,,,,,,,,,,,,,,,,,,,,,,,,,,,,,,,,,,,,,,,,,,,,,,,,,,,,,,,,,,,,,,,,,,,,,,,,,,,,,,,,,,,,,,,,,,0,0,0,0,,,,,,,,,,,,,,,11,8404699,88,23529412,,,,,,,,,,,,,,,,,,,,,0,,,,,,,
22-Mpropane,0,282,648,72,2,595,5930176,0,291,7055556,0,0,0,0,5,257,0,0,,225,257,80,2,,0,0,0,0,0,0,100,100,257,,251,8,85,5,,,0,0,0,,0,0,,,,,0,,,,,,,,,,,,,,,,,,,,,,,,,,,,,,,,,,,,,,,,,,,,,,,,,,,,,,,,,,,,,,,,,,,,,,,,,,,,,,,,,,,,,,,,,,,,,,,,,100,100,0,0,,,,,,,,,,,,,,,16,75213296,83,33333333,,,,,,,,,,,,,,,,,,,,,0,,,,,,,
33M-1-butene,0,314,397,84,16,657,1190186,0,,0,0,0,0,6,,0,0,,241,15,157,95,93,3,,0,0,0,0,100,100,0,0,,,91,82,111,77,,,0,0,0,,0,0,,,,,0,,,,,,,,,,,,,,,,,,,,,,,,,,,,,,,,,,,,,,,,,,,,,,,,,,,,,,,,,,,,,,,,,,,,,,,,,,,,,,,,,,,,,,,,,,,,,,,,,0,0,0,0,,,,,,,,,,,,,,,14,3716,85,71428571,,,,,,,,,,,,,,,,,,,,,0,,,,,,,
H2O,0,373,148,18,01510048,997,9860229,0,,0,0,0,0,0,,0,0,,,,,,0,0,0,0,0,0,0,0,,,,,,,0,0,0,,0,0,,0,698140124178851,0,560124358458913,0,474686748589316,0,,,,,,,,,,,,,,,,,,,,,,,,,,,,,,,,,,,,,,,,,,,,,,,,,,,,,,,,,,,,,,,,,,,,,,,,,,,,,,,,,,,,,,,,,,,,,,,,,0,0,0,0,,,,,,,,,,,,,,0,279783740086422,11,18972388,0,,,,,,,,,,,,,,,,,,,,,0,,,,,,,
36-40C*,0,0124797221195548,313,149994,69,6613939148155,659,906052751939,0,0155724918033946,323,543200183776,1,071700448906,0,1,80095289866583E-09,0,0129816050987065,5,21553653947809,129,82471633255,0,0,20,7997073641235,237,452880911821,151,633732528407,68,7326181190591,77,4897093190591,0,2,21980319723363,0,0,0583639476963706,0,0,98,939663185495,97,7801968027664,111,693443542648,1,36877576032018,73,8599927835605,72,3763988379459,81,1334900379459,45,5022557021071,0,000116843598614816,4,39373885348038E-11,3,58144042348318E-12,94,1972145768408,0,0,103,353552558249,0,374687616015713,0,345194806744025,0,324660346650894,0,799124430441106,0,0,0,0,0,0,0,0,0,0,0,0,0,0,0,0,0,0,0,0,0,0,0,0,0,0,0,0,0,0,0,0,0,0,0,0,0,0,0,0,0,0,0,0,0,0,0,0,0,0,0,0,0,0,0,0,0,0,0,0,0,0,0,0,0,0,0,0,0,0,0,0,0,0,0,0,0,0,0,0,0,0,0,0,0,0,0,0,0,0,0,0,0,0,0,0,0,0,97,7801968027664,98,939663185495,0,0,0,0,0,0,0,0,0,0,0,0,311,149997,0,268483755270873,16,0661953227089,83,7938287559802,0,0,0,0,0,0,0,0,0,0,0,0,0,4,23519542142058E-12,0,9,09572171043347E-11,0,2,27393042760837E-14,2,65291890800744E-11,0,0,0,0,0,48079,9722905393,44615,7944050286,0,
40-50C*,0,0335584882046207,323,149994,72,7823886084156,671,093769473276,0,0175157566687794,321,26160959765,1,29716401098258,0,8,10428804399622E-09,0,0584172229441794,5,19002822806579,136,366040845528,0,0,22,5125528437317,241,95145889631,157,076725206395,66,7492698291254,75,5063610291254,0,1,9339278119357,0,0,262637764633668,0,0,98,7194468634463,98,0660721880643,116,568133708469,1,37430378111939,57,0091822263594,70,7075965668099,79,4646877668099,43,0035168136691,0,000141748122550783,1,97718248406617E-10,1,61164819056743E-11,66,689087343625,0,0,98,1348365255577,0,369538299666648,0,339545839125522,0,31885337649103,0,96144435288415,83,9150829323635,85,6876190929237,0,0,0,0,0,0,0,0,0,0,0,0,0,0,0,0,0,0,0,0,0,0,83,9150829323635,85,6876190929237,0,0,0,0,0,0,0,0,0,0,0,0,0,0,0,0,0,0,0,0,0,0,0,0,0,0,0,0,0,0,0,0,0,0,0,0,0,0,0,0,0,0,0,0,0,0,0,0,0,0,0,0,0,0,0,0,0,0,0,0,0,0,0,0,0,0,0,0,0,0,98,0660721880643,98,7194468634463,0,0,0,0,0,0,0,0,0,0,0,0,0,0,318,15,0,263271008769435,16,0986154153695,83,5522684385427,0,0,0,0,0,0,0,0,0,0,0,0,0,1,90583793963926E-11,0,4,09307476969506E-10,0,1,02326869242377E-13,1,19381350860335E-10,0,0,0,0,0,47920,4238894643,44505,0277524516,0,
50-60C*,0,0369904942488526,333,149994,77,3368200081858,685,802546680226,0,0202918493336149,318,002194474613,1,64407034559964,2,19523805422732,1,71090525373254E-08,0,123325248437712,5,2042158079236,142,690546717354,0,0,24,5850918090166,246,919469649669,161,942070994359,63,9413886342622,72,6984798342622,2,47685635825418,2,59367522294964,0,0,554457503115521,0,0,95,8790732961462,95,211086722823,124,041515817152,1,38178368958041,42,8296516804873,68,3235933223299,77,0806845223299,39,8606006411479,0,000177326013887879,4,17405191080636E-10,3,40236840230902E-11,46,9073840140768,0,0,91,3863255010941,0,393495102205539,0,360307473622091,0,337292731173557,1,19332995637421,46,0102094519239,46,3555208995646,18,3528820690049,18,1402780849121,34,1426057583315,34,1923006444954,3,04568219754305E-09,2,99905641835436E-09,0,0,0,0,0,0,0,0,0,0,0,0,0,0,0,0,98,5056972823059,98,6880996319712,0,0,0,0,0,0,0,0,0,0,0,0,0,0,0,0,0,0,0,0,0,0,0,0,0,0,0,0,0,0,0,0,0,0,0,0,0,0,0,0,0,0,0,0,0,0,0,0,0,0,0,0,0,0,0,0,0,0,0,0,0,0,0,0,0,0,0,0,0,0,95,211086722823,95,8790732961462,0,0,0,0,0,0,0,0,0,0,0,0,0,0,328,15,0,274772715876169,16,0604930798839,83,5822719693794,0,0,0,0,0,0,0,0,0,0,0,0,0,4,02343565034955E-11,0,8,6409356249118E-10,0,2,16023390622795E-13,2,52027296260707E-10,0,0,0,0,0,47718,5823346172,44364,8990314446,0,
60-70C*,0,042312906502668,343,149994,82,0037734244069,699,115784734977,0,0230679419984504,314,742779351575,5,23155526082436,6,82275141642337,2,61138170306545E-08,0,188233273931245,5,24514192048344,148,990730358215,0,0,26,4294557348237,252,357995291657,161,022601667117,60,9715196110019,69,7286108110019,7,88154287072483,8,1014567619726,0,0,846277241597374,0,0,86,8869018684508,85,075791821604,130,179589036996,1,38875823441595,31,3170900714633,65,759489871739,74,516581071739,37,1507462368315,0,000564264688137655,6,37092133754655E-10,5,19308861405061E-11,32,7730229688828,0,0,85,4027447887101,0,420229607137423,0,383490787595453,0,357904185842749,1,43281264900016,0,0,0,000112072666666996,0,000111651285757474,18,6003917169242,18,7749205170204,23,21030993251,23,035908631666,0,0,0,0,0,0,0,0,0,0,0,0,0,0,0,0,41,8108137221008,41,8109407999722,0,0,0,0,0,0,0,0,0,0,58,1858497904197,58,1861193206573,0,0,0,0,0,0,0,0,0,0,0,0,0,0,0,0,0,0,0,0,0,0,0,0,0,0,0,0,0,0,0,0,0,0,0,00333648747944902,0,00293987937047038,0,0,0,0,0,0,0,0,0,0,0,00333648747944902,0,00293987937047038,0,0,0,0,0,0,0,0,0,0,35,5720676987181,36,3292991407188,49,5037241228859,50,557602727732,0,0,0,0,0,0,0,0,0,0,0,0,338,15,0,287731918385471,15,9542191262184,83,6821435475069,0,0,0,0,0,0,0,0,0,0,0,0,0,6,14103336105985E-11,0,1,31887964801285E-09,0,3,29719912003213E-13,3,84673241661079E-10,0,0,0,0,0,47543,2137447088,44243,1491954048,0,
70-80C*,0,0316949459128288,353,149994,86,7842630982776,711,147819549601,0,0258440346632858,313,620132926938,8,81904017604909,11,2535533546188,3,51185815239836E-08,0,253141299424778,5,3032020131014,155,258769159047,0,0,28,1817288463816,261,223747297896,160,750616188824,58,0001462794813,66,7572374794813,13,2862293831955,13,4277645281605,0,1,13809698007923,0,0,77,8947304407554,75,3186821172206,135,846417124681,1,39522386760355,22,2868212906664,63,1696578202751,71,9267490202751,34,8093750138227,0,000951203362387431,8,56779076428674E-10,6,9838088257922E-11,22,7403242732689,0,0,80,1098064925218,0,45020803547144,0,409487631327853,0,381028489134723,1,65961365574577,0,0,0,0,0,0,0,0,3,44844882086837,3,94997353489638,1,39089400670175,1,5954692667343,0,0,0,0,0,0,0,0,0,0,0,0,0,0,4,83934282757012,5,54544280163068,0,0,0,0,0,0,0,0,0,955295508154963,1,11784507387016,0,0,0,0,0,0,0,0,0,0,0,0,0,0,0,0,0,0,0,0,0,0,23,8848316161256,20,9941024630655,0,0,0,0,0,0,0,0,0,0,66,1992320123969,68,2550567882004,4,12129803575242,4,08755287323319,0,0,0,0,0,0,0,0,70,3205300481493,72,3426096614336,0,0,0,0,0,0,0,0,0,0,62,9017555485448,64,8269713508636,12,4169265686758,13,0677590898919,0,0,0,0,0,0,0,0,0,0,0,0,348,15,0,302352506689536,15,8065108859587,83,8251203505256,0,0,0,0,0,0,0,0,0,0,0,0,0,8,25863107177014E-11,0,1,77366573353453E-09,0,4,43416433383632E-13,5,17319187061451E-10,0,0,0,0,0,47390,3704457762,44137,0375673501,0,
80-90C*,0,0342601710900364,363,149994,91,6805249095712,722,012987036169,0,0286201273281213,314,914233610992,12,4065250912738,15,5157678570862,4,41233460173128E-08,0,31804932491831,5,37138501666861,156,049616374607,0,0,29,9148497622762,268,141955218325,161,049616374607,55,2691372790257,64,0262284790257,18,6909158956661,18,6011410904114,0,1,42991671856108,0,0,68,9025590130601,65,8830910525024,136,561408744326,1,4011891393339,15,2586203784853,60,7856545757951,69,5427457757951,32,7820864075436,0,00133814203663721,1,07646601910269E-09,8,77452903753379E-11,15,6673092791443,0,0,75,4347800322895,0,483814235822064,0,438605076624144,0,406922058677829,1,87327427268589,0,0,0,0,0,0,0,0,0,111339807960718,0,124986673639521,4,16267868732904,4,67961514410519,0,0,0,0,7,05987525131419,7,68587068239308,18,9850930223607,21,1690864874364,0,00380529734886614,0,00418980429282427,4,20745723403002E-12,4,56013506335072E-12,0,0,30,3227920663177,33,6637487918716,0,0,0,0,0,0,0,0,0,0,0,0,0,0,0,0,0,0,0,0,0,0,0,0,0,0,0,0,0,0,0,0,18,3748122006205,15,8285407571816,0,0,0,0,0,0,0,0,0,0,0,0,30,6810621687945,29,822400149952,0,0,0,0,0,0,0,0,30,6810621687945,29,822400149952,20,6213335642673,20,6853103009948,0,0,0,0,0,0,0,0,65,8830910525024,68,9025590130601,0,0,0,0,0,0,0,0,0,0,0,0,0,0,358,15,0,318766573030017,15,6368640885944,83,9916174731594,0,0,0,0,0,0,0,0,0,0,0,0,0,1,03762287824804E-10,0,2,2284518190562E-09,0,5,5711295476405E-13,6,49965132461824E-10,0,0,0,0,0,47256,726943988,44044,2554195379,0,
90-100C*,0,0361487842920241,373,149994,97,1676090719773,731,825623106752,0,0313962199929568,316,203733737224,15,9940100064985,19,6335891870881,5,31281105106419E-08,0,382957350411843,5,44462685565723,157,532222050514,0,0,31,6646220871028,275,043226968107,162,532222050514,52,7762058913937,61,5332970913937,24,0956024081368,23,6461791366042,0,1,72173645704293,0,0,59,9103875853647,56,7202316763078,137,90180751245,1,40667320922027,9,67333411583483,58,607480138299,67,364571338299,31,0223701433453,0,00172508071088698,1,29615296177671E-09,1,05652492492754E-10,10,7156648150324,0,0,71,3074822884945,0,521386749235524,0,471102343931249,0,435792806196974,2,07821020067927,0,0,0,0,0,0,0,0,0,0,0,0,0,0,0,0,2,44154005659973,2,40661319823934,15,6926139013778,15,8427683375452,24,3667729435218,24,2912324349927,1,56058979190559,1,5314158993606,0,0,44,061516693405,44,0720298701379,0,0,0,0,0,0,0,0,0,0,54,9303653124131,55,0299616364693,0,0,0,0,0,0,0,0,0,0,0,0,0,0,0,0,0,0,0,0,0,0,0,0,0,0,0,0,0,0,0,0,0,0,0,0,0,0,0,0,0,0,0,0,0,0,1,00811799418199,0,898008493392823,0,0,0,0,0,0,0,0,25,2463069114349,26,6429801364556,31,4739247648729,33,2674074489091,0,0,0,0,0,0,0,0,0,0,0,0,368,15,0,337061789576442,15,4588908839883,84,1678924656373,0,0,0,0,0,0,0,0,0,0,0,0,0,1,24938264931907E-10,0,2,68323790457787E-09,0,6,70809476144468E-13,7,82611077862196E-10,0,0,0,0,0,47139,440077097,43962,8288834572,0,
100-110C*,0,0375408866256947,383,149994,102,383360480701,740,700063673422,0,0341723126577922,317,491117835867,19,5814949217232,23,6279783976878,6,2132875003971E-08,0,447865375905376,5,51939077799682,158,884182162992,0,0,33,4439896925453,281,929104575811,163,884182162992,50,519065398344,59,276156598344,29,5002889206074,28,5842204115595,0,2,01355619552479,0,0,50,9182161576693,47,7878011907527,139,124091831718,1,41170440416022,7,15952383743825,56,6351345077867,65,3922257077867,29,489875709044,0,00211201938513676,1,51583990445073E-09,1,2355969461017E-10,7,27405367643317,0,0,67,6606472074308,0,563247758953905,0,507218568373894,0,467826695347536,2,27883714058465,0,0,0,0,0,0,0,0,0,0,0,0,0,0,0,0,0,0,0,0,0,0,0,0,0,0,0,0,0,0,0,0,0,0,0,0,0,0,0,125899446084938,0,142900685934406,0,0,0,0,0,0,0,0,0,0,0,0,0,0,0,0,0,0,0,0,0,0,8,52785028096536,7,64097211372206,0,0,0,0,0,0,0,0,0,0,0,0,0,0,0,0,0,0,0,0,0,0,91,3462502729497,92,2161272003435,0,0,0,0,0,0,0,0,47,6619017446678,50,7753154717349,0,125899446084938,0,142900685934406,0,0,0,0,0,0,0,0,0,0,0,0,378,15,0,357302216169596,15,2813843871951,84,3439320617094,0,0,0,0,0,0,0,0,0,0,0,0,0,1,4611424203901E-10,0,3,13802399009955E-09,0,7,84505997524887E-13,9,15257023262568E-10,0,0,0,0,0,47036,0432276997,43891,045507268,0,
110-120C*,0,0381531788262272,393,149994,107,786971334435,748,750644648249,0,0369484053226277,318,776385906922,20,6676279303555,24,6690213909555,2,29860145445048E-06,0,950385393078739,5,59337467874211,164,46948444479,0,0,35,251177489135,288,800875057926,169,46948444479,48,4954290816351,57,2525202816351,31,2794907863993,30,3521942208283,0,4,27283397941052,0,0,48,0528812832452,44,9787843882161,144,173669355792,1,41631883656211,6,88403254173846,54,8686176842583,63,6257088842583,28,1490898359719,0,00879787326926316,5,60783934247665E-08,4,57108243782765E-09,4,89968911879822,0,0,64,4299502270659,0,609723916370245,0,547192285519389,0,50320622713595,2,47957079326079,0,0,0,0,0,0,0,0,0,0,0,0,0,0,0,0,0,0,0,0,0,0,0,0,0,0,0,0,52,3865640526918,56,2309155869666,0,0,0,0,0,0,0,0,0,0,0,0,0,0,0,0,0,0,0,0,0,0,0,0,0,0,0,0,0,0,0,0,23,8195786704437,20,7711792392574,0,0,0,0,0,0,0,0,0,0,0,0,0,0,0,0,0,0,0,0,0,0,0,0,23,7938572768645,22,997905173776,0,0,0,0,0,0,44,9787843882161,48,0528812832452,0,0,0,0,0,0,0,0,0,0,0,0,0,0,388,15,0,379543251026243,15,1089009285959,84,5097438776315,0,0,0,0,0,0,0,0,0,0,0,0,0,5,40548637489143E-09,0,1,16090982548004E-07,0,2,9022745637001E-11,3,38598708772593E-08,0,0,0,0,0,46944,3654779608,43827,3981288804,0,
120-130C*,0,0379826499213239,403,149994,113,183396329798,756,091701943306,0,0397244979874632,320,05956028777,20,3674307478244,24,1215620618336,6,67518232669517E-06,1,87335614735626,5,66529128449409,171,808654942981,0,0,37,0744943294185,295,659628714321,176,808654942981,46,7030102230256,55,4601014230256,31,049331710197,30,3960537278175,0,8,42241459123333,0,0,48,5832375419785,45,4823842103489,150,808889532467,1,42055910370864,6,6138961361857,53,3079296677137,62,0650208677137,26,9683183947928,0,0189747898479328,1,62852720715758E-07,1,32745103087688E-08,3,27410946973025,0,0,61,5538520006852,0,661159414676933,0,591273587429349,0,542122022289001,2,68482685956642,0,0,0,0,0,0,0,0,0,0,0,0,0,0,0,0,0,0,0,0,0,0,0,0,0,0,0,0,0,000114222764721245,0,000116203630204996,0,0,0,0,0,0,0,0,0,0,85,9613143981634,87,1959657092769,0,0,0,0,0,0,0,0,0,0,0,0,0,0,0,0,0,0,0,0,0,0,0,0,0,0,0,0,0,0,0,0,0,0,0,0,0,0,0,0,0,0,0,0,0,0,14,0385713790719,12,8039180870929,0,0,0,0,0,0,0,0,45,4823842103489,48,5832375419785,0,0,0,0,0,0,0,0,0,0,0,0,398,15,0,403841610978363,14,9453980512725,84,6700333231689,0,0,0,0,0,0,0,0,0,0,0,0,0,1,56976352064012E-08,0,3,3713042054016E-07,0,8,428260513504E-11,9,83297088003001E-08,0,0,0,0,0,46862,4693731424,43770,5416682157,0,
130-140C*,0,0369622516305874,413,149994,118,683473154666,762,837571470664,0,0425005906522987,321,349704726597,20,0672335652934,23,5830125742344,1,10517631989399E-05,2,79632690163378,5,73469289759361,178,876256768559,0,0,38,8952680805874,302,506300924676,183,876256768559,45,139522104274,53,896613304274,30,8191726339947,30,4378487849214,0,12,5719952030562,0,0,49,1135938007119,45,9791386408443,157,198589055777,1,42447309107322,6,34917013961944,51,953070458153,60,710161658153,25,9188998796257,0,0340690122898618,2,6962704800675E-07,2,19779381797099E-08,2,16992315290012,0,0,58,973360279705,0,71792155603515,0,639729630251313,0,584778372677166,2,89902104036031,0,0,0,0,0,0,0,0,0,0,0,0,0,0,0,0,0,0,0,0,0,0,0,0,0,0,0,0,0,0,9,90249642262016E-16,1,12459229913756E-15,0,0,0,0,0,0,0,0,0,0,0,0,0,0,0,0,0,0,0,0,0,0,0,0,0,0,0,0,0,0,0,0,16,531223543611,15,6822287722539,7,54954481334257E-18,7,02993848114863E-18,17,1793853060451,16,3471318015159,17,1882735385439,16,2464808218939,0,0,0,0,50,8988823882,48,2758413956637,0,0,0,0,0,0,0,0,0,0,49,1011176118,51,7241586043363,0,0,0,0,0,0,45,9791386408443,49,1135938007119,0,0,0,0,0,0,0,0,0,0,0,0,0,0,408,15,0,430261165341465,14,7905861230099,84,8194691908717,0,0,0,0,0,0,0,0,0,0,0,0,0,2,5989784037911E-08,0,5,58169858532316E-07,0,1,39542464633079E-10,1,62799546723341E-07,0,0,0,0,0,46837,270172699,43748,2549647,0,
140-150C*,0,0350875852389642,423,149994,124,37734156447,769,102589142392,0,0452766833171341,322,637598282553,19,7670363827623,23,0532003159405,1,54283440711845E-05,3,7192976559113,5,80182712458437,185,785740670801,0,0,40,6897196916735,309,341702896494,190,785740670801,43,802678007139,52,559769207139,30,5890135577924,30,4776711444129,0,16,721575814879,0,0,49,6439500594453,46,4691285396465,163,445336833317,1,42811290121209,6,08990785553967,50,8040400555761,59,5611312555762,24,9745987389928,0,0438193340532474,3,76401375297742E-07,3,06813660506511E-08,1,42597351899186,0,0,56,6317695510228,0,780398610303005,0,69284371501323,0,631393200785842,3,12656903650119,0,0,0,0,0,0,0,0,0,0,0,0,0,0,0,0,0,0,0,0,0,0,0,0,0,0,0,0,0,0,78,5635331088454,81,3272583596214,0,0,0,0,0,0,0,0,0,0,2,43044875154556,2,52948728339906,0,0,0,0,0,0,0,0,0,0,0,0,0,0,0,0,0,0,0,0,0,699435746218047,0,604804933798455,18,2970748365282,15,5302031359773,0,00946160502006567,0,00820660391291321,2,6917135544235E-13,2,31910601321335E-13,0,0,0,0,19,0059721877665,16,1432146736889,4,59518425224546E-05,3,96832906126146E-05,0,0,0,0,0,0,0,0,0,0,0,0,0,0,0,0,44,038679788101,47,1144627760462,2,43044875154556,2,52948728339906,0,0,0,0,0,0,0,0,0,0,0,0,418,15,0,458875262511358,14,6437777872714,84,9606671725775,0,0,0,0,0,0,0,0,0,0,0,0,0,3,62819328694207E-08,0,7,79209296524472E-07,0,1,94802324131118E-10,2,27269384646382E-07,0,0,0,0,0,46762,8838961573,43694,8986852581,0,
150-160C*,0,0313952400622685,433,149994,130,281649910783,775,001090870565,0,0480527759819696,323,922056512301,19,4668392002313,22,5319531406598,1,98049249434292E-05,4,64226841018882,5,86751825950374,192,549096184848,0,0,42,4302357270869,316,166544788216,197,549096184848,42,3917791096861,51,1488703096861,30,3588544815901,30,5156098259282,0,20,8711564267018,0,0,50,1743063181786,46,952437033412,169,55997240145,1,43153392675708,5,83616021354897,49,5778238503804,58,3349150503804,24,1111414404338,0,0523143398870929,4,83175702588734E-07,3,93847939215922E-08,0,928922263560238,0,0,54,474414322035,0,848989114241731,0,750907603665481,0,682192375852402,3,37188654884781,0,0,0,0,0,0,0,0,0,0,0,0,0,0,0,0,0,0,0,0,0,0,0,0,0,0,0,0,0,0,0,0,0,0,0,0,0,0,0,0,0,0,23,7856569298752,26,3905370657034,0,0,0,0,0,0,0,0,0,0,0,0,0,0,0,0,0,0,0,0,0,0,0,0,0,0,0,0,0,0,0,0,0,0,33,7587774343178,31,0798206113996,0,0,0,0,0,0,0,0,0,0,42,455565635807,42,529642322897,0,0,0,0,23,1667801035368,23,7837692524753,23,7856569298752,26,3905370657034,0,0,0,0,0,0,0,0,0,0,0,0,428,15,0,489765949617367,14,5028429476842,85,0956958102522,0,0,0,0,0,0,0,0,0,0,0,0,0,4,65740817009305E-08,0,1,00024873451663E-06,0,2,50062183629157E-10,2,91739222569422E-07,0,0,0,0,0,46688,7132991761,43640,538077467,0,
160-170C*,0,029375699136186,443,149994,136,418535941917,780,658440259312,0,0489159980569374,325,201894972503,19,2151469073157,22,0750127373092,2,41815058156739E-05,5,56523916446634,5,93329727982195,199,13446956175,0,0,44,0812790780922,322,981453432259,204,13446956175,40,7415479014547,49,4986391014547,30,1804308446031,30,5891962870822,0,25,0207370385246,0,0,50,6044222480812,47,3357909756086,175,513697323377,1,43480011349767,5,58797560595803,48,1200502373277,56,8771414373277,23,3039988517249,0,0594600238641153,5,89950029879725E-07,4,80882217925333E-08,0,599691777132532,0,0,52,4437383750358,0,924078293147282,0,814204130174805,0,737396283020627,3,63938927825892,0,0,0,0,0,0,0,0,0,0,0,0,0,0,0,0,0,0,0,0,0,0,0,0,0,0,0,0,0,0,0,0,0,000139775917331729,0,000151562582561918,0,0,0,0,0,0,0,0,0,0,2,33086756800228E-05,2,53767696713275E-05,0,0,0,0,0,0,0,0,0,0,0,0,0,0,0,0,0,0,0,0,0,0,0,0,0,0,0,0,0,0,0,0,0,0,0,0,0,0,0,0,0,0,0,0,99,999836915407,99,9998230606478,0,0,0,0,47,3357676669329,50,6043968713115,2,33086756800228E-05,2,53767696713275E-05,0,0,0,0,0,0,0,0,0,0,0,0,438,15,0,523019729826128,14,3643820601992,85,228149004103,0,0,0,0,0,0,0,0,0,0,0,0,0,5,68662305324402E-08,0,1,22128817250878E-06,0,3,05322043127196E-10,3,56209060492463E-07,0,0,0,0,0,46614,0616378024,43584,8956112645,0,
170-180C*,0,0272904736602361,453,149994,142,861195362954,786,439016437052,0,0535486367429162,326,475929219822,20,3423829469946,23,1033403358376,2,85580866879186E-05,6,48820991874386,6,0061910310693,204,545016646829,0,0,45,4972541047127,329,786986146791,209,545016646829,39,0888521574435,47,8459433574435,30,9190748842935,31,5163282380727,0,29,1703176503474,0,0,48,738542168712,45,3803314260897,180,405281623621,1,43810890090793,5,34539971968179,46,6622766242751,55,4193678242751,22,4901700398109,0,0635020352212403,6,96724357170717E-07,5,67916496634745E-08,0,383559308039418,0,0,50,382521066227,1,00669638202368,0,883474585007868,0,797566874340923,3,93349292559326,0,0,0,0,0,0,0,0,0,0,0,0,0,0,0,0,0,0,0,0,0,0,0,0,0,0,0,0,0,0,0,0,85,7699242003652,85,8183374356185,0,0,0,0,0,0,0,0,0,0,12,9296433489619,12,9894483978296,0,0,0,0,0,0,0,0,0,0,0,0,0,0,0,0,0,0,0,0,0,0,0,0,0,0,0,0,0,0,0,0,0,0,7,31307992925122E-10,6,21966626010422E-10,0,0,0,0,0,0,0,0,0,0,1,30043244994159,1,19221416592992,0,0,32,4506880771278,35,7490937708824,12,9296433489619,12,9894483978296,0,0,0,0,0,0,0,0,0,0,0,0,448,15,0,558804776218555,14,2139110891168,85,3714652998695,0,0,0,0,0,0,0,0,0,0,0,0,0,6,715837936395E-08,0,1,44232761050094E-06,0,3,60581902625235E-10,4,20678898415504E-07,0,0,0,0,0,46534,4675622072,43524,7335560595,0,
180-190C*,0,0245474160016882,463,149994,149,570474282688,792,076471538488,0,0584782858206605,327,742974810921,21,4102358069952,24,0996140362301,5,11280982967098E-05,7,75274609205407,6,08058242026955,209,937589731343,0,0,46,817894711925,336,583641658298,214,937589731343,37,4390188349584,46,1961100349584,31,8765188875776,32,5054812903277,0,34,8555408964774,0,0,46,7132453054272,43,3949046734422,185,280615933319,1,44131338209416,5,10847536358951,45,2045030112224,53,9615942112224,21,7141014636574,0,0702674618113888,1,24735917389754E-06,1,01675195476412E-07,0,242975333809528,0,0,48,4041083994555,1,1170355314953,0,973156357248115,0,873537699700395,4,3105216024964,0,0,0,0,0,0,0,0,0,0,0,0,0,0,0,0,0,0,0,0,0,0,0,0,0,0,0,0,0,0,0,0,0,0,0,0,0,0,0,0,0,0,0,0,0,0,0,0,0,0,0,0,0,0,0,0,0,0,0,0,0,0,0,0,0,0,0,0,0,0,0,0,0,0,0,0,0,0,0,0,42,7443498707521,40,9180798208755,0,0,0,0,0,0,0,0,0,0,57,255642904811,59,0819122374856,7,22443684480535E-06,7,94163894167702E-06,43,3949046734422,46,7132453054272,0,0,0,0,0,0,0,0,0,0,0,0,0,0,458,15,0,599933341690932,14,0634987210987,85,5142630909959,0,0,0,0,0,0,0,0,0,0,0,0,0,1,20234953380836E-07,0,2,58222718670252E-06,0,6,45556796675629E-10,7,53149617640127E-07,0,0,0,0,0,46453,830176142,43463,0550393365,0,
190-200C*,0,0225302361369187,473,149994,156,553523103163,797,60641850611,0,0636906398088043,329,001847302463,22,4228426550679,25,0722746995399,0,000207116601973518,11,5220953382708,6,15686468802947,215,301632804882,0,0,48,0420694999457,343,371868852483,220,301632804882,35,7913356751495,44,5484268751495,33,0331238293903,33,5561563170907,0,51,8021434608605,0,0,44,5440335155418,41,3715689833694,190,130156741627,1,44443138492399,4,87724229151113,43,7467293981698,52,5038205981698,20,9687052695972,0,0737412039270739,5,05297091315397E-06,4,11879606197336E-07,0,152398580138068,0,0,46,4920935091125,1,24262752781556,1,07432818698947,0,958669001082424,4,76604582282222,0,0,0,0,0,0,0,0,0,0,0,0,0,0,0,0,0,0,0,0,0,0,0,0,0,0,0,0,0,0,0,0,0,0,52,6300559167569,52,9047733953508,0,0,0,0,0,0,0,0,0,0,5,84778399075076,5,8882919372279,0,0,0,0,0,0,0,0,0,0,0,0,0,0,0,0,0,0,0,0,0,0,0,0,0,0,0,0,0,0,0,0,0,0,0,0,0,0,0,0,0,0,0,0,0,0,41,5221600924923,41,2069346674213,35,5237849926186,38,6557415783139,5,84778399075076,5,8882919372279,0,0,0,0,0,0,0,0,0,0,0,0,468,15,0,645039704251735,13,9129494818669,85,6601473712439,0,0,0,0,0,0,0,0,0,0,0,0,0,4,87063978757168E-07,0,1,0460434443107E-05,0,2,61510861077674E-09,3,05096013307648E-06,0,0,0,0,0,46372,0322888146,43399,8614393549,0,
200-210C*,0,0207759869479416,483,149994,163,814587979329,803,064470282413,0,0691713932259815,330,251362251109,23,3802034912126,26,2242182101842,0,000363105105650326,15,2914445844876,6,23555488893492,220,748060563083,0,0,49,1671197591663,350,152073867354,225,748060563083,34,145090419167,42,902181619167,34,3888897097317,34,1838629888984,0,68,7487460252436,0,0,42,2309067990557,39,5919188009174,195,054180152845,1,44748122123848,4,6517370211463,42,2889557851172,51,0460469851172,20,2472791327493,0,0759596301132189,8,85858265241041E-06,7,22084016918261E-07,0,0946120787502722,0,0,44,6305588627362,1,38592528048403,1,18868226254744,1,05421728478302,5,24306666142745,0,0,0,0,0,0,0,0,0,0,0,0,0,0,0,0,0,0,0,0,0,0,0,0,0,0,0,0,0,0,0,0,0,0,4,51078032733985E-14,5,22473363796174E-14,0,0,0,0,0,0,0,0,0,0,2,50598907074436E-15,2,90755965673194E-15,0,0,0,0,0,0,0,0,0,0,0,0,0,0,0,0,0,0,0,0,0,0,0,0,0,0,0,0,0,0,0,0,0,0,93,6292482363228,93,61667960102,0,0,0,0,0,0,0,0,0,0,0,0,39,5919188009174,42,2309067990557,0,0,0,0,0,0,0,0,0,0,0,0,0,0,478,15,0,694544057558418,13,7585859112825,85,7924176439287,0,0,0,0,0,0,0,0,0,0,0,0,0,8,53893004133499E-07,0,1,83386416995114E-05,0,4,58466042487785E-09,5,34877064851284E-06,0,0,0,0,0,46288,8517281529,43335,0493142873,0,
210-220C*,0,0193168847511738,493,149994,171,246982793277,808,963968587403,0,0749062405908259,331,34573330956,24,2568090571944,27,0788285986381,0,000519093609327133,19,0607938307043,6,32896978907163,225,872087331116,0,0,49,9814101387661,356,924625903101,230,872087331116,32,4900162326108,41,2471074326108,35,9693257868365,35,5838451932106,0,85,6953485896267,0,0,39,773865155969,37,3373262081513,199,686726270346,1,45074941390058,4,43199264916926,40,8311821720645,49,5882733720645,19,4680089351872,0,109042065598593,1,26641943916668E-05,1,03228842763919E-06,0,0581180077396885,0,0,42,6076038182127,1,55006120507298,1,31834453645329,1,16173787629236,5,73813043571455,0,0,0,0,0,0,0,0,0,0,0,0,0,0,0,0,0,0,0,0,0,0,0,0,0,0,0,0,0,0,0,0,0,0,0,0,0,0,0,0,0,0,0,0,0,0,0,0,0,0,0,0,0,0,0,0,0,0,0,0,0,0,0,0,0,0,0,0,0,0,0,0,0,0,0,0,0,0,0,0,0,0,0,0,0,0,0,0,0,0,0,0,0,0,0,0,37,3373262081513,39,773865155969,0,0,0,0,0,0,0,0,0,0,0,0,0,0,488,15,0,748925574080879,13,57806029681,85,9351334127034,0,0,0,0,0,0,0,0,0,0,0,0,0,1,22072202950983E-06,0,2,62168489559158E-05,0,6,55421223897896E-09,7,64658116394919E-06,0,0,0,0,0,46196,3977780847,43262,4552161153,0,
220-230C*,0,0181270195578818,503,149994,178,926668551504,814,899691392105,0,0808808764219714,332,439120515435,25,0761959976766,27,8671677099278,0,000675082113003941,22,8301430769211,6,42797591303841,230,883915354483,0,0,50,676740510605,363,689862026194,235,883915354483,30,8342175560604,39,5913087560604,37,7639620504457,37,2028790526435,0,102,64195115401,0,0,37,1598419518777,34,9299532374287,204,217835396489,1,45401037112914,4,2180386628753,39,3734085590119,48,1304997590119,18,6966876490174,0,146879023062097,1,64698061309233E-05,1,34249283836011E-06,0,0353116644106493,0,0,40,5928453938263,1,7389251368502,1,46593850536104,1,28314540152705,6,24778346308597,0,0,0,0,0,0,0,0,0,0,0,0,0,0,0,0,0,0,0,0,0,0,0,0,0,0,0,0,0,0,0,0,0,0,0,0,0,0,0,0,0,0,0,0,0,0,0,0,0,0,0,0,0,0,0,0,0,0,0,0,0,0,0,0,0,0,0,0,0,0,0,0,0,0,0,0,0,0,0,0,0,0,0,0,0,0,0,0,0,0,0,0,0,0,0,0,34,9299532374287,37,1598419518777,0,0,0,0,0,0,0,0,0,0,0,0,0,0,498,15,0,808786292550044,13,3918752576006,86,0826515862717,0,0,0,0,0,0,0,0,0,0,0,0,0,1,58755105488616E-06,0,3,40950562123203E-05,0,8,52376405308007E-09,9,94439167938554E-06,0,0,0,0,0,46100,8970177466,43186,9411920062,0,
230-240C*,0,0176761693604909,513,150024,186,890775851087,820,711372826748,0,087080995238052,333,574973636483,25,8488269883344,28,5664047652778,0,000831070616680749,26,5994923231379,6,52841759086525,235,734959241667,0,0,51,3316123925683,370,448091176164,240,734959241667,29,1808997069111,37,9379909069111,39,9441616510101,39,275927326054,0,119,588553718393,0,0,34,2070113606556,32,1576679086682,208,603582298828,1,45717270456774,4,00990074877055,37,9156349459593,46,6727261459593,17,9578435621177,0,1847159805256,2,02754178701797E-05,1,65269724908103E-06,0,021213230353765,0,0,38,6513161662366,1,9570096865585,1,63444117536613,1,42058488429536,6,76857206094418,0,0,0,0,0,0,0,0,0,0,0,0,0,0,0,0,0,0,0,0,0,0,0,0,0,0,0,0,0,0,0,0,0,0,0,0,0,0,0,0,0,0,0,0,0,0,0,0,0,0,0,0,0,0,0,0,0,0,0,0,0,0,0,0,0,0,0,0,0,0,0,0,0,0,0,0,0,0,0,0,0,0,0,0,0,0,0,0,0,0,0,0,0,0,0,0,32,1576679086682,34,2070113606556,0,0,0,0,0,0,0,0,0,0,0,0,0,0,508,15,0,874780739525667,13,2107324382331,86,2451780379749,0,0,0,0,0,0,0,0,0,0,0,0,0,1,95438008026249E-06,0,4,19732634687247E-05,0,1,04933158671812E-08,1,22422021948219E-05,0,0,0,0,0,46005,1607415778,43110,7775832378,0,
240-250C*,0,0174620252456176,523,150024,195,167729898469,826,307534797248,0,0934922915577015,334,773629668043,26,5814886332032,29,2240920923258,0,000987059120357557,27,9334017631358,6,62741374655552,240,550505781764,0,0,51,991337923923,377,199597533784,245,550505781764,27,5318922470447,36,2889834470447,42,2460658128382,41,4623616674698,0,125,585671963462,0,0,31,1724455539587,29,3135462402045,212,95723664879,1,46018255497014,3,80760059856828,36,4578613329066,45,2149525329066,17,2642276328455,0,204919575812738,2,40810296094361E-05,1,96290165980196E-06,0,0125952540633132,0,0,36,8183039673415,2,20960304938468,1,82729912284669,1,5765097832712,7,29704254669163,0,0,0,0,0,0,0,0,0,0,0,0,0,0,0,0,0,0,0,0,0,0,0,0,0,0,0,0,0,0,0,0,0,0,0,0,0,0,0,0,0,0,0,0,0,0,0,0,0,0,0,0,0,0,0,0,0,0,0,0,0,0,0,0,0,0,0,0,0,0,0,0,0,0,0,0,0,0,0,0,0,0,0,0,0,0,0,0,0,0,0,0,0,0,0,0,29,3135462402045,31,1724455539587,0,0,0,0,0,0,0,0,0,0,0,0,0,0,518,15,0,947634152962087,13,0336160612176,86,3791662514405,0,0,0,0,0,0,0,0,0,0,0,0,0,2,32120910563882E-06,0,4,98514707251291E-05,0,1,24628676812823E-08,1,45400127102583E-05,0,0,0,0,0,45911,0429473521,43035,5088255853,0,
250-260C*,0,0167524384436836,533,150024,203,791099629281,831,596699209526,0,100100459899554,336,055425605453,27,2809675363186,29,8530580004557,0,00114304762403436,33,5186333872368,6,72176336968572,245,354284463202,0,0,52,6986692846212,383,944643372887,250,354284463201,25,8890247383427,34,6461159383427,44,6178389241803,43,705115900422,0,150,696293023228,0,0,28,1011935395011,26,4418260991222,217,300251876357,1,46298553642841,3,6111557131214,24,1216370151003,32,8787282151003,16,6279290343491,0,248509016236804,2,78866413486926E-05,2,27310607052288E-06,0,00738824050957575,0,0,35,1279630150544,2,50284467351608,2,04844539252314,1,75368542473498,7,82974123773077,0,0,0,0,0,0,0,0,0,0,0,0,0,0,0,0,0,0,0,0,0,0,0,0,0,0,0,0,0,0,0,0,0,0,0,0,0,0,0,0,0,0,0,0,0,0,0,0,0,0,0,0,0,0,0,0,0,0,0,0,0,0,0,0,0,0,0,0,0,0,0,0,0,0,0,0,0,0,0,0,0,0,0,0,0,0,0,0,0,0,0,0,0,0,0,0,26,4418260991222,28,1011935395011,0,0,0,0,0,0,0,0,0,0,0,0,0,0,528,15,1,02814029997248,12,8682881403472,86,4975878523469,0,0,0,0,0,0,0,0,0,0,0,0,0,2,68803813101516E-06,0,5,77296779815336E-05,0,1,44324194953834E-08,1,68378232256946E-05,0,0,0,0,0,45820,4731544697,42962,754955013,0,
260-270C*,0,0160929311483993,543,150024,212,799629424228,836,487387969499,0,106773967639026,337,440698444054,27,9540503017162,30,4660888564123,0,0025512615588135,42,1235365671109,6,80800235593225,250,165816131631,0,0,53,4942793188168,377,071287725423,255,165816131631,24,2541267426868,33,0112179426868,47,0076453732869,45,9487707390534,0,189,383043644886,0,0,25,0383043249969,23,5851404045343,221,650276448609,1,46552717878185,3,42057920489192,22,2697283157552,31,0268195157552,16,0604907593169,0,29633328011185,6,22424775498239E-05,5,07353150900413E-06,0,00427979722025108,0,0,33,6134473151115,2,84372633117928,2,30227786858699,1,95516380992399,8,32040501921884,0,0,0,0,0,0,0,0,0,0,0,0,0,0,0,0,0,0,0,0,0,0,0,0,0,0,0,0,0,0,0,0,0,0,0,0,0,0,0,0,0,0,0,0,0,0,0,0,0,0,0,0,0,0,0,0,0,0,0,0,0,0,0,0,0,0,0,0,0,0,0,0,0,0,0,0,0,0,0,0,0,0,0,0,0,0,0,0,0,0,0,0,0,0,0,0,23,5851404045343,25,0383043249969,0,0,0,0,0,0,0,0,0,0,0,0,0,0,538,15,1,11714956685848,12,7196610487931,86,5954823868431,0,0,0,0,0,0,0,0,0,0,0,0,0,5,99965234001282E-06,0,0,00012885159387947,0,3,22128984698675E-08,3,75817159552753E-05,0,0,0,0,0,45735,4284784664,42894,1838728801,0,
270-280C*,0,015445628633584,553,150024,222,472220167065,840,09888388813,0,113557676024084,339,152119042763,28,5991761794889,31,0781615574657,0,00442262736537023,51,6682234918519,6,85928814870172,255,152741217101,0,0,54,740205769077,381,92947140677,260,152741217101,22,6448126038578,31,4019038038578,49,3154201340794,48,0761585415183,0,232,294964337137,0,0,22,0854036864317,20,845679901016,226,15887124891,1,46730311397649,3,23587959963552,20,4178196164101,29,1749108164101,15,6884695248601,0,352021471679802,0,000107897711839594,8,79499760158852E-06,0,00244713928527653,0,0,32,6168728095665,3,23497127468864,2,59029579187265,2,18190631764667,8,7876467650974,0,0,0,0,0,0,0,0,0,0,0,0,0,0,0,0,0,0,0,0,0,0,0,0,0,0,0,0,0,0,0,0,0,0,0,0,0,0,0,0,0,0,0,0,0,0,0,0,0,0,0,0,0,0,0,0,0,0,0,0,0,0,0,0,0,0,0,0,0,0,0,0,0,0,0,0,0,0,0,0,0,0,0,0,0,0,0,0,0,0,0,0,0,0,0,0,20,845679901016,22,0854036864317,0,0,0,0,0,0,0,0,0,0,0,0,0,0,548,15,1,21501692640422,12,6300832123743,86,6333800957558,0,0,0,0,0,0,0,0,0,0,0,0,0,1,04004336717198E-05,0,0,000223365018453042,0,5,58412546132604E-08,6,51481322435123E-05,0,0,0,0,0,45671,877759949,42842,7973989098,0,
280-290C*,0,0148369157560654,563,150024,232,644755405101,843,161442292648,0,120515124467977,340,999362699378,29,2415061626336,32,1065177650465,0,00629399317192695,61,212910416593,6,89561985074983,260,321044578379,0,0,56,1359900113907,386,57928779754,265,321044578379,21,0464772153111,29,8035684153111,51,1767880028695,49,1295079760002,0,275,206885029388,0,0,19,5817058344968,18,7639742589533,230,831447087063,1,46873138639607,3,05706063806119,18,5659109170651,27,3230021170651,15,4007165868615,0,411795116855127,0,000153552946129365,1,25164636941729E-05,0,00138052215698748,0,0,31,8440626674225,3,68622527375468,2,91847481864878,2,43800467455635,9,25187773238503,0,0,0,0,0,0,0,0,0,0,0,0,0,0,0,0,0,0,0,0,0,0,0,0,0,0,0,0,0,0,0,0,0,0,0,0,0,0,0,0,0,0,0,0,0,0,0,0,0,0,0,0,0,0,0,0,0,0,0,0,0,0,0,0,0,0,0,0,0,0,0,0,0,0,0,0,0,0,0,0,0,0,0,0,0,0,0,0,0,0,0,0,0,0,0,0,18,7639742589533,19,5817058344968,0,0,0,0,0,0,0,0,0,0,0,0,0,0,558,15,1,32277790380812,12,5652370497863,86,6450980298834,0,0,0,0,0,0,0,0,0,0,0,0,0,1,48012150034267E-05,0,0,000317878443026614,0,7,94696107566534E-08,9,27145485317493E-05,0,0,0,0,0,45617,5144139054,42798,7487014599,0,
290-300C*,0,0142705949780693,573,150024,243,263615900553,845,906201494197,0,127646312970703,342,920047875613,29,4776793356748,32,7957514979628,0,00816535897848367,70,757597341334,6,92343048016076,265,449965376048,0,0,57,5901859618759,391,021760414127,270,449965376048,19,4544978108236,28,2115890108237,53,233719235208,50,3401687645568,0,318,118805721639,0,0,17,2886014291171,16,8640797374804,235,468417814156,1,46994567324196,2,88412107831414,16,71400221772,25,47109341772,15,1620647703881,0,474170558004089,0,000199208180419135,1,62379297867573E-05,0,000768003459251162,0,0,31,2018155298429,4,20795764734664,3,29317935864859,2,72776453885694,9,71405601037775,0,0,0,0,0,0,0,0,0,0,0,0,0,0,0,0,0,0,0,0,0,0,0,0,0,0,0,0,0,0,0,0,0,0,0,0,0,0,0,0,0,0,0,0,0,0,0,0,0,0,0,0,0,0,0,0,0,0,0,0,0,0,0,0,0,0,0,0,0,0,0,0,0,0,0,0,0,0,0,0,0,0,0,0,0,0,0,0,0,0,0,0,0,0,0,0,16,8640797374804,17,2886014291171,0,0,0,0,0,0,0,0,0,0,0,0,0,0,568,15,1,44151989313558,12,5142322452665,86,6414169626887,0,0,0,0,0,0,0,0,0,0,0,0,0,1,92019963351336E-05,0,0,000412391867600186,0,1,03097966900046E-07,0,000120280964819986,0,0,0,0,0,45568,440732637,42758,9186244567,0,
300-310C*,0,0140446017121735,583,150024,254,301495782814,848,416977369518,0,134951241532264,344,889568623947,30,139842313692,33,7737972226779,0,0100367247850404,73,7142965571987,6,94503326794737,270,475117614024,0,0,59,072114719832,395,258380814762,275,475117614024,17,8671980728608,26,6242892728608,54,6958221835483,51,2615971748063,0,331,411818186317,0,0,15,1643355027597,14,9646056025158,240,01157313784,1,47099539789474,2,71705450022339,14,8620935183749,23,6191847183749,14,959559307193,0,538341688715774,0,000244863414708905,1,99593958793417E-05,0,000421107916783318,0,0,30,6559144428232,4,81204980105538,3,72151944869193,3,0559437859751,10,1751396883716,0,0,0,0,0,0,0,0,0,0,0,0,0,0,0,0,0,0,0,0,0,0,0,0,0,0,0,0,0,0,0,0,0,0,0,0,0,0,0,0,0,0,0,0,0,0,0,0,0,0,0,0,0,0,0,0,0,0,0,0,0,0,0,0,0,0,0,0,0,0,0,0,0,0,0,0,0,0,0,0,0,0,0,0,0,0,0,0,0,0,0,0,0,0,0,0,14,9646056025158,15,1643355027597,0,0,0,0,0,0,0,0,0,0,0,0,0,0,578,15,1,57241961789413,12,4731751854678,86,6266166200092,0,0,0,0,0,0,0,0,0,0,0,0,0,2,36027776668406E-05,0,0,000506905292173757,0,1,26726323043439E-07,0,000147847381108223,0,0,0,0,0,45523,271217602,42722,2040047583,0,
310-320C*,0,0134117329056258,593,150024,265,71617236081,850,777585795351,0,142429910152658,346,883318996862,30,9563422036903,34,8305803204853,0,0119080905915971,84,762205893095,6,96281687290599,275,37452730897,0,0,60,5510687010275,399,291076094282,280,37452730897,16,2829016838878,25,0399928838878,55,839010206402,52,0294838932268,5,5188615676882E-07,381,082070649839,0,0,13,2046475899077,13,1399357862879,244,441046750657,1,47192947304378,2,55584911235431,13,0101848190298,21,7672760190298,14,7806172347065,0,603502402579271,0,000290518648998675,2,36808619719261E-05,0,000227456403777024,1,65565847030646E-06,1,10377231353764E-06,30,1728241425071,5,51321916130592,4,21221719045718,3,42833642787682,10,6360868556625,0,0,0,0,0,0,0,0,0,0,0,0,0,0,0,0,0,0,0,0,0,0,0,0,0,0,0,0,0,0,0,0,0,0,0,0,0,0,0,0,0,0,0,0,0,0,0,0,0,0,0,0,0,0,0,0,0,0,0,0,0,0,0,0,0,0,0,0,0,0,0,0,0,0,0,0,0,0,0,0,0,0,0,0,0,0,0,0,0,0,0,0,0,0,0,0,13,1399357862879,13,2046475899077,0,0,0,0,0,0,0,0,0,0,0,0,0,0,588,15,1,71686883538885,12,4382049513868,86,604943304179,0,0,0,0,0,0,0,0,0,0,0,0,0,2,80035589985475E-05,0,0,000601418716747329,0,1,50354679186832E-07,0,00017541379739646,0,0,0,0,0,45337,3273605928,42553,0063819407,0,
320-330C*,0,0127815370563808,603,150024,277,184958247744,853,642080441624,0,150082318831886,348,827766251519,32,125255927988,36,1001724436655,0,0137794563981538,96,9684944773453,6,99608796788032,280,005279384741,0,0,61,7646685625881,403,122175907082,285,005279384741,14,6885275705059,23,4456187705059,56,4694668469678,52,5181791809283,1,49528129654458E-06,435,960275854908,0,0,11,4052772250441,11,3816483754062,248,627631544389,1,47311386749794,2,40048756301053,11,1582761196848,19,9153673196848,14,5320622841846,0,664137456882613,0,000336173883288446,2,74023280645105E-05,0,000120956611860094,4,48584388963373E-06,2,99056259308915E-06,29,5006947371047,6,34628783562473,4,7862445143684,3,85899786226214,11,0978556015466,0,0,0,0,0,0,0,0,0,0,0,0,0,0,0,0,0,0,0,0,0,0,0,0,0,0,0,0,0,0,0,0,0,0,0,0,0,0,0,0,0,0,0,0,0,0,0,0,0,0,0,0,0,0,0,0,0,0,0,0,0,0,0,0,0,0,0,0,0,0,0,0,0,0,0,0,0,0,0,0,0,0,0,0,0,0,0,0,0,0,0,0,0,0,0,0,11,3816483754062,11,4052772250441,0,0,0,0,0,0,0,0,0,0,0,0,0,0,598,15,1,87812237955519,12,381090425397,86,6191977543582,0,0,0,0,0,0,0,0,0,0,0,0,0,3,24043403302545E-05,0,0,000695932141320901,0,1,73983035330225E-07,0,000202980213684697,0,0,0,0,0,45264,4315578535,42491,0079810408,0,
330-340C*,0,0121827340028368,613,150024,288,2799667474,857,710847755997,0,157908467569948,350,673020917913,33,7698427906542,37,6479566728912,0,0192195521820387,112,121217178677,7,0660559705415,284,222437352333,0,0,62,4358386842102,406,754379347841,289,222437352333,13,070068003762,21,827159203762,56,4681932666936,52,649237235122,2,43867643632033E-06,504,085342707101,0,0,9,7619639426522,9,70280609198678,252,440292885571,1,47493461517588,2,25094675643902,9,30636742033969,18,0634586203397,14,1168706424237,0,714354082627829,0,000468894512628707,3,82207003620087E-05,6,32888462072036E-05,7,316029308961E-06,4,87735287264067E-06,28,3750889810097,7,37362733601399,5,48059867256506,4,37243593731991,11,5614040153198,0,0,0,0,0,0,0,0,0,0,0,0,0,0,0,0,0,0,0,0,0,0,0,0,0,0,0,0,0,0,0,0,0,0,0,0,0,0,0,0,0,0,0,0,0,0,0,0,0,0,0,0,0,0,0,0,0,0,0,0,0,0,0,0,0,0,0,0,0,0,0,0,0,0,0,0,0,0,0,0,0,0,0,0,0,0,0,0,0,0,0,0,0,0,0,0,9,70280609198678,9,7619639426522,0,0,0,0,0,0,0,0,0,0,0,0,0,0,608,15,2,06163743240376,12,2681514485912,86,6874447908251,0,0,0,0,0,0,0,0,0,0,0,0,0,4,51974948725341E-05,0,0,000970684453638317,0,2,42671113409579E-07,0,00028311630706688,0,0,0,0,0,45177,347010934,42418,3524560704,0,
340-350C*,0,0114274000650001,623,150024,299,314110602103,862,041150690035,0,165908356366844,352,509392553769,35,5697112775756,39,2236796905109,0,0315871826277958,131,033175098652,7,14529457845051,288,148412110671,0,602405138973455,0,62,9545377335911,410,190721987614,293,190141166297,11,4463777246248,20,2034689246248,56,1598414452094,52,6145062717977,3,38207157609609E-06,589,111540506579,0,0,8,27044727721499,8,16181403769141,255,989700401864,1,47686311451152,2,10719767560581,7,45445872099462,16,2115499209946,13,6707280837674,0,761815722333267,0,000770624438243452,6,28154199984576E-05,3,25624266988254E-05,1,01462147282883E-05,6,76414315219218E-06,27,161577218117,8,62303220603547,6,30962698382725,4,9771744806311,12,0276901862781,0,0,0,0,0,0,0,0,0,0,0,0,0,0,0,0,0,0,0,0,0,0,0,0,0,0,0,0,0,0,0,0,0,0,0,0,0,0,0,0,0,0,0,0,0,0,0,0,0,0,0,0,0,0,0,0,0,0,0,0,0,0,0,0,0,0,0,0,0,0,0,0,0,0,0,0,0,0,0,0,0,0,0,0,0,0,0,0,0,0,0,0,0,0,0,0,8,16181403769141,8,27044727721499,0,0,0,0,0,0,0,0,0,0,0,0,0,0,618,15,2,26893436571236,12,1431638974174,86,7664831614523,0,0,511587502023616,0,0,0,0,0,0,0,0,0,0,0,7,42817268235728E-05,0,0,00159531225392908,0,3,9882806348227E-07,0,000465299420690251,0,0,602405138973455,0,0,0,45087,5524584834,42343,6906461943,0,
350-360C*,0,0107055287937898,633,150024,310,203342488159,866,592776267984,0,169250124851315,354,340650533664,37,4783207256787,40,783113048593,0,0439548130735529,141,045060194103,7,23293061534657,291,252239321872,0,631956468027699,0,63,3424112090881,413,434543330691,296,897784506898,9,81826099260944,18,5753521926094,55,5952125111057,52,4470956004783,4,32546671587185E-06,634,123935631065,0,0,6,92646676321559,6,76979135092864,258,795818197022,1,46979688874344,1,96920521302784,5,60255002164954,14,3596412216495,13,2001783412053,0,806738881696196,0,0010723543638582,8,74101396349064E-05,1,64630325732032E-05,1,29764001476155E-05,8,6509334317437E-06,25,8771916629947,10,1567372826939,7,30752833221688,5,69463364401964,12,4976722037176,0,0,0,0,0,0,0,0,0,0,0,0,0,0,0,0,0,0,0,0,0,0,0,0,0,0,0,0,0,0,0,0,0,0,0,0,0,0,0,0,0,0,0,0,0,0,0,0,0,0,0,0,0,0,0,0,0,0,0,0,0,0,0,0,0,0,0,0,0,0,0,0,0,0,0,0,0,0,0,0,0,0,0,0,0,0,0,0,0,0,0,0,0,0,0,0,6,76979135092864,6,92646676321559,0,0,0,0,0,0,0,0,0,0,0,0,0,0,628,15,2,50417889748935,12,0081894376738,86,8544010186321,0,0,532772499389505,0,0,0,0,0,0,0,0,0,0,0,0,000103365958774612,0,0,00221994005421985,0,5,54985013554961E-07,0,000647482534313622,0,0,631956468027699,0,0,0,44995,6192527878,42267,4656980789,0,
360-370C*,0,0101089961102364,643,150024,320,85171149422,871,325511514092,0,168109185978959,356,170564232175,39,4491304718901,42,2876324861805,0,0563224435193101,158,503153296171,7,32804380853959,294,208521202787,0,661507797081942,0,63,6204939918196,416,489454925612,300,334839357758,8,18652206723086,16,9436132672309,54,8251075929728,52,1804134749795,5,26886185564761E-06,712,61370827012,0,0,5,72576193513713,5,53195403883995,261,468542749343,1,47225113658632,1,83692801126798,3,75064132230447,12,5077325223045,12,7115555868346,0,849340066413882,0,00137408428947294,0,000112004859271355,8,17339486242815E-06,1,58065855669428E-05,1,05377237112952E-05,24,5386008482386,12,0574687137801,8,51868275371197,6,55211107247511,12,9723081569342,0,0,0,0,0,0,0,0,0,0,0,0,0,0,0,0,0,0,0,0,0,0,0,0,0,0,0,0,0,0,0,0,0,0,0,0,0,0,0,0,0,0,0,0,0,0,0,0,0,0,0,0,0,0,0,0,0,0,0,0,0,0,0,0,0,0,0,0,0,0,0,0,0,0,0,0,0,0,0,0,0,0,0,0,0,0,0,0,0,0,0,0,0,0,0,0,5,53195403883995,5,72576193513713,0,0,0,0,0,0,0,0,0,0,0,0,0,0,638,15,2,77238001729531,11,8652804337661,86,9492948192459,0,0,553983655357604,0,0,0,0,0,0,0,0,0,0,0,0,00013245019072565,0,0,00284456785451061,0,7,11141963627652E-07,0,000829665647936993,0,0,661507797081942,0,0,0,44902,1179150231,42190,1218900674,0,
370-380C*,0,0095450449643847,653,150024,331,150839107453,876,199143452608,0,167094212366177,358,005820891638,41,4136156191078,43,7294640069636,0,0686900739650672,177,474679271214,7,42964138765924,297,022050152306,0,691059126136186,0,63,8091008853527,419,359309332442,303,498366573249,6,55196520800414,15,3090564080041,53,8808638571234,51,7774228333296,6,21225699542336E-06,797,907717855885,0,0,4,7055205237688,4,49311315970685,264,012206785777,1,47487447802779,1,71031831482402,1,89873262295939,10,6558238229594,12,2109655325327,0,889835782183591,0,00167581421508769,0,000136599578907804,3,98175321496617E-06,1,86367709862701E-05,1,24245139908467E-05,23,1620754233293,14,4360305968941,10,0010408180288,7,58457441798466,13,4646903656691,0,0,0,0,0,0,0,0,0,0,0,0,0,0,0,0,0,0,0,0,0,0,0,0,0,0,0,0,0,0,0,0,0,0,0,0,0,0,0,0,0,0,0,0,0,0,0,0,0,0,0,0,0,0,0,0,0,0,0,0,0,0,0,0,0,0,0,0,0,0,0,0,0,0,0,0,0,0,0,0,0,0,0,0,0,0,0,0,0,0,0,0,0,0,0,0,4,49311315970685,4,7055205237688,0,0,0,0,0,0,0,0,0,0,0,0,0,0,648,15,3,07957080143383,11,716482966254,87,0492667638848,0,0,575223939892532,0,0,0,0,0,0,0,0,0,0,0,0,000161534422676689,0,0,00346919565480137,0,8,67298913700343E-07,0,00101184876156036,0,0,691059126136186,0,0,0,44807,6163040246,42112,102801962,0,
380-390C*,0,0090132616703558,663,150024,340,979484089355,881,173459107777,0,166113456634609,359,875531385205,43,134303809769,45,431771589847,0,0810577044108243,198,033252646712,7,53663626772464,299,697888598891,0,720610455190429,0,63,927753008662,422,048170118079,306,431708642143,4,91539467444434,13,6724858744443,52,7250188347063,50,6119183474115,9,63826679847108E-05,890,336927655154,0,0,4,14067735552467,3,95631006274156,266,431387162453,1,47764957687508,1,58932183526759,0,0468239236143191,8,80391512361432,11,7042735024892,0,928442534702591,0,00197754414070243,0,000161194298544253,1,90189923734545E-06,0,000289148003954132,0,000192765335969422,21,7634627794909,17,4419600816017,11,8307377798289,8,83704342198129,13,962598970436,0,0,0,0,0,0,0,0,0,0,0,0,0,0,0,0,0,0,0,0,0,0,0,0,0,0,0,0,0,0,0,0,0,0,0,0,0,0,0,0,0,0,0,0,0,0,0,0,0,0,0,0,0,0,0,0,0,0,0,0,0,0,0,0,0,0,0,0,0,0,0,0,0,0,0,0,0,0,0,0,0,0,0,0,0,0,0,0,0,0,0,0,0,0,0,0,3,95631006274156,4,14067735552467,0,0,0,0,0,0,0,0,0,0,0,0,0,0,658,15,3,43302916032098,11,5638360239128,87,1524259718417,0,0,596495874769021,0,0,0,0,0,0,0,0,0,0,0,0,000190618654627728,0,0,00409382345509214,0,1,02345586377303E-06,0,00119403187518374,0,0,720610455190429,0,0,0,44712,6776990752,42033,8493456435,0,
390-400C*,0,00849518999136862,673,150024,350,945233817691,886,208245503848,0,165166918784255,361,752754680319,44,79603730613,47,3459573601865,0,0934253348565815,220,25248795015,7,64782901716966,302,241341109976,0,750161784244673,0,63,9951359177902,424,56028302246,309,181587967755,3,27761472606651,12,0347059260665,52,2632657826115,49,8260144023055,0,000554900503378395,990,23230093472,0,0,2,94069691125847,2,82802823750795,268,730879649257,1,48055741423531,1,47387763161434,-1,80508477573076,6,95200642426925,11,1970988945952,0,96537682966815,0,00227927406631718,0,000185789018180702,8,89990331363295E-07,0,00166470151013519,0,00110980100675679,20,3581703278214,21,2785565847507,14,1083909240575,10,3677589684489,14,465251890737,0,0,0,0,0,0,0,0,0,0,0,0,0,0,0,0,0,0,0,0,0,0,0,0,0,0,0,0,0,0,0,0,0,0,0,0,0,0,0,0,0,0,0,0,0,0,0,0,0,0,0,0,0,0,0,0,0,0,0,0,0,0,0,0,0,0,0,0,0,0,0,0,0,0,0,0,0,0,0,0,0,0,0,0,0,0,0,0,0,0,0,0,0,0,0,0,2,82802823750795,2,94069691125847,0,0,0,0,0,0,0,0,0,0,0,0,0,0,668,15,3,84154612910425,11,409367607736,87,256892657999,0,0,617801605504075,0,0,0,0,0,0,0,0,0,0,0,0,000219702886578766,0,0,0047184512553829,0,1,17961281384573E-06,0,00137621498880711,0,0,750161784244673,0,0,0,44617,8589274589,41955,7977991702,0,
400-410C*,0,00791056130914219,683,150024,364,740237134711,891,263289665069,0,164254598815113,363,636335508238,46,3893794265951,48,9611880883626,0,104981126265169,244,205999709011,7,76189398738135,304,65792795813,0,779713113298916,0,64,0290856191586,426,900048411183,312,83907954957,1,63942962238569,10,3965208223857,51,34013040171,48,852124352219,0,00101341833877208,1097,92480096138,0,0,2,27049017169486,2,1866875594184,270,915675031448,1,48357713726022,1,36391800802993,-3,65699347507583,5,10009772492417,10,6948154219556,1,00085517277753,0,00256119776200204,0,000208769285186415,4,07653247615336E-07,0,00304025501631624,0,00202683667754416,18,9611572048036,26,2241489787426,16,9677053507806,12,2523981599735,14,9726491265721,0,0,0,0,0,0,0,0,0,0,0,0,0,0,0,0,0,0,0,0,0,0,0,0,0,0,0,0,0,0,0,0,0,0,0,0,0,0,0,0,0,0,0,0,0,0,0,0,0,0,0,0,0,0,0,0,0,0,0,0,0,0,0,0,0,0,0,0,0,0,0,0,0,0,0,0,0,0,0,0,0,0,0,0,0,0,0,0,0,0,0,0,0,0,0,0,2,1866875594184,2,27049017169486,0,0,0,0,0,0,0,0,0,0,0,0,0,0,678,15,4,3157498400148,11,2441828552239,87,2761552969786,0,0,639142959842566,0,0,0,0,0,0,0,0,0,0,0,0,000246877964228379,0,0,00530207708409942,0,1,32551927102486E-06,0,00154643919371297,0,0,779713113298916,0,0,0,44523,7086503649,41878,3779690131,0,
410-420C*,0,00736313924005804,693,150024,378,323142911846,896,298378615685,0,163376496727185,365,525118600221,47,9048934895684,50,4451807962392,0,159872294434893,269,931334911904,7,87737012782092,306,953360181003,0,80926444235316,0,64,0465989517739,429,07199510456,316,196834992645,0,00164362291694431,8,75873482291695,50,3728497199639,47,8954193001736,0,00147193617416576,1213,58323509468,0,0,1,72225679046775,1,65939990358719,272,990936561773,1,48668595089045,1,25936843109589,-5,5089021744209,3,2481890255791,10,2025565271578,1,03509406972801,0,00390036359181865,0,000317927858251208,1,82602213192908E-07,0,00441580852249729,0,00294387234833153,17,5869341294434,32,6622430243589,20,587231094033,14,5896697635202,15,4847906779413,0,0,0,0,0,0,0,0,0,0,0,0,0,0,0,0,0,0,0,0,0,0,0,0,0,0,0,0,0,0,0,0,0,0,0,0,0,0,0,0,0,0,0,0,0,0,0,0,0,0,0,0,0,0,0,0,0,0,0,0,0,0,0,0,0,0,0,0,0,0,0,0,0,0,0,0,0,0,0,0,0,0,0,0,0,0,0,0,0,0,0,0,0,0,0,0,1,65939990358719,1,72225679046775,0,0,0,0,0,0,0,0,0,0,0,0,0,0,688,15,4,86849319188778,11,0931816721732,87,3850979268676,0,0,660521495683747,0,0,0,0,0,0,0,0,0,0,0,0,000375962308566905,0,0,00807435830479259,0,2,01858957619815E-06,0,00235502123951749,0,0,80926444235316,0,0,0,44430,7658996824,41802,0115827617,0,
420-430C*,0,00684854323838571,703,150024,391,740768275771,901,273299379946,0,162532612520471,367,417948687525,49,333142813454,51,7914037243681,0,216146976129912,297,540274696722,7,99265712273241,309,133516161326,0,838815771407403,0,64,0638651491114,431,080755649549,319,294839368597,-1,63493901282468,7,12215218717532,49,3751208844858,46,9645904041061,0,00193045400955945,1337,71015971619,0,0,1,29173630206024,1,2440058715258,274,961978786845,1,48985905446364,1,16014746897293,-7,36081087376598,1,39628032623402,9,7252253857198,1,06831002621684,0,00527328264824603,0,000429837736621983,7,99114963384254E-08,0,00579136202867834,0,0038609080191189,16,2495710940792,41,1242508225896,25,2063875236,17,5087107894036,16,0016765448446,0,0,0,0,0,0,0,0,0,0,0,0,0,0,0,0,0,0,0,0,0,0,0,0,0,0,0,0,0,0,0,0,0,0,0,0,0,0,0,0,0,0,0,0,0,0,0,0,0,0,0,0,0,0,0,0,0,0,0,0,0,0,0,0,0,0,0,0,0,0,0,0,0,0,0,0,0,0,0,0,0,0,0,0,0,0,0,0,0,0,0,0,0,0,0,0,1,2440058715258,1,29173630206024,0,0,0,0,0,0,0,0,0,0,0,0,0,0,698,15,5,51531188620558,10,9469762797059,87,4954279343742,0,0,681938540638241,0,0,0,0,0,0,0,0,0,0,0,0,000508300180608536,0,0,0109165139459551,0,2,72912848648878E-06,0,00318398332520786,0,0,838815771407403,0,0,0,44339,5589359081,41727,1109907349,0,
430-440C*,0,00636311932213761,713,150024,405,054377320775,906,147838982098,0,16172294619497,369,313670501408,50,6646907166562,52,9948070518091,0,27242165782493,327,112604925736,8,10601755208641,311,204419743634,0,868367100461647,0,64,0963157390876,432,931043079548,322,169776305789,-3,26951402532414,5,48757717467587,48,3606410423884,46,0677000560161,0,00238897184495313,1470,66428377269,0,0,0,974668240955432,0,937492892174768,276,834247762838,1,49306962575002,1,06616675490316,-9,21271957311105,-0,45562837311105,9,26750895689901,1,1007195479413,0,0066462017046734,0,000541747614992759,3,41314212017786E-08,0,0071669155348594,0,00477794368990627,14,9627125397406,52,3498916776607,31,1471919116515,21,1787933615935,16,5233067272819,0,0,0,0,0,0,0,0,0,0,0,0,0,0,0,0,0,0,0,0,0,0,0,0,0,0,0,0,0,0,0,0,0,0,0,0,0,0,0,0,0,0,0,0,0,0,0,0,0,0,0,0,0,0,0,0,0,0,0,0,0,0,0,0,0,0,0,0,0,0,0,0,0,0,0,0,0,0,0,0,0,0,0,0,0,0,0,0,0,0,0,0,0,0,0,0,0,937492892174768,0,974668240955432,0,0,0,0,0,0,0,0,0,0,0,0,0,0,708,15,6,27495603401049,10,8075242814319,87,6059815198874,0,0,703395224893705,0,0,0,0,0,0,0,0,0,0,0,0,000640638052650167,0,0,0137586695871177,0,3,43966739677942E-06,0,00401294541089824,0,0,868367100461647,0,0,0,44250,6044757431,41654,0782316112,0,
440-450C*,0,00590385254260255,723,150024,418,339151068355,910,881784446389,0,160947497750682,371,210677184679,51,8635355909238,54,0406277917703,0,328696339519948,358,726181360441,8,21558578950751,313,172219895628,0,89791842951589,0,64,1586902983995,434,62762918757,324,85314217381,-4,90127715506637,3,85581404493363,47,3848460630164,45,2375499289696,0,00284748968034682,1612,79563867843,0,0,0,75161834605983,0,721822279260116,278,613302667665,1,49628885557227,0,97733097758464,-11,0646282724561,-2,30753707245612,8,83389559578942,1,13253914059866,0,00801912076110078,0,000653657493363534,1,4212435536791E-08,0,00854246904104045,0,00569497936069363,13,7395996491984,67,3720580079263,38,8434627500057,25,8219195374554,16,9947101857062,0,0,0,0,0,0,0,0,0,0,0,0,0,0,0,0,0,0,0,0,0,0,0,0,0,0,0,0,0,0,0,0,0,0,0,0,0,0,0,0,0,0,0,0,0,0,0,0,0,0,0,0,0,0,0,0,0,0,0,0,0,0,0,0,0,0,0,0,0,0,0,0,0,0,0,0,0,0,0,0,0,0,0,0,0,0,0,0,0,0,0,0,0,0,0,0,0,721822279260116,0,75161834605983,0,0,0,0,0,0,0,0,0,0,0,0,0,0,718,15,7,1699916023333,10,6767362071617,87,7156422618783,0,0,724892508688235,0,0,0,0,0,0,0,0,0,0,0,0,000772975924691798,0,0,0166008252282802,0,4,15020630707006E-06,0,00484190749658861,0,0,89791842951589,0,0,0,44164,4073183696,41583,3044959304,0,
450-460C*,0,00546457100096487,733,150024,431,977451153387,915,434922797067,0,160206267187608,373,096263189812,52,3202513510771,54,7338643210281,0,384971021214967,392,458859762335,8,31938429202709,315,043171914417,0,927469758570133,0,64,2651159425793,436,175324321093,327,379576209711,-6,52942414253633,2,22766705746367,47,4929734711072,45,0856636853846,0,0033060075157405,1764,45425584764,0,0,0,186775177815691,0,180471993587341,280,304798809868,1,49948603660981,0,893537901027244,-12,9165369718012,-4,1594457718012,8,42869580696588,1,16398530988617,0,00939203981752815,0,000765567371734309,5,76302027866878E-09,0,0099180225472215,0,006612015031481,12,5930993878941,87,6347966105403,48,8795241805332,31,7288857001913,16,9384355655599,0,0,0,0,0,0,0,0,0,0,0,0,0,0,0,0,0,0,0,0,0,0,0,0,0,0,0,0,0,0,0,0,0,0,0,0,0,0,0,0,0,0,0,0,0,0,0,0,0,0,0,0,0,0,0,0,0,0,0,0,0,0,0,0,0,0,0,0,0,0,0,0,0,0,0,0,0,0,0,0,0,0,0,0,0,0,0,0,0,0,0,0,0,0,0,0,0,180471993587341,0,186775177815691,0,0,0,0,0,0,0,0,0,0,0,0,0,0,728,15,8,22745560079833,10,5547534672803,87,8090502019106,0,0,746431205406292,0,0,0,0,0,0,0,0,0,0,0,0,000905313796733429,0,0,0194429808694428,0,4,86074521736069E-06,0,00567086958227898,0,0,927469758570133,0,0,0,44081,4603826817,41515,1700030381,0,
460-480C*,0,00965544129384145,753,150024,454,122445657052,920,769787183791,0,159506648310837,375,923767599069,53,0053249913071,55,434425398186,0,42618858150177,447,201503031923,8,37870582934746,318,819704035273,2,36260092267206,0,64,9120396943037,438,019598392475,331,180014535409,-8,94174776095543,-0,184656560955424,46,9946750086929,44,565574601814,0,0247221538260195,2010,57149206411,0,0,0,0,283,719097759912,1,50347786814554,0,740636629638924,-15,6944000208188,-6,93730882081881,8,01320668202174,1,21388629862763,0,0103976141232857,0,000847534110941019,8,70669017649523E-10,0,0741664614780586,0,0494443076520391,11,4139395003839,129,829367478455,68,9670195365103,43,2191918979871,16,8540236353405,0,0,0,0,0,0,0,0,0,0,0,0,0,0,0,0,0,0,0,0,0,0,0,0,0,0,0,0,0,0,0,0,0,0,0,0,0,0,0,0,0,0,0,0,0,0,0,0,0,0,0,0,0,0,0,0,0,0,0,0,0,0,0,0,0,0,0,0,0,0,0,0,0,0,0,0,0,0,0,0,0,0,0,0,0,0,0,0,0,0,0,0,0,0,0,0,0,0,0,0,0,0,0,0,0,0,0,0,0,0,0,0,743,15,10,1219040411419,10,4357076016077,87,4377241149562,0,1,84447244246387,0,0,0,0,0,0,0,0,0,0,0,0,00100224271849374,0,0,0215246758334227,0,5,38116895835568E-06,0,00627803063078726,0,2,36260092267206,0,0,0,43978,9350799797,41430,2809607312,0,
480-500C*,0,00812446443332101,773,150024,484,568172264035,927,247061247469,0,158655043878264,379,691592905806,53,9187565116138,56,2415147707701,0,73271304559647,528,323373000637,8,48149165687229,322,060174313058,4,27277417750228,0,65,9122960916284,440,323947877575,335,785867928144,-12,1454616831418,-3,3883704831418,46,0812434883862,43,7584852292299,0,0574068056764062,2375,28699063967,0,0,0,0,286,648752245302,1,50861089256802,0,606509427554748,-19,398217419509,-10,641126219509,7,54727466380403,1,280140367501,0,0178758132945847,0,00145709980658389,1,1643634649436E-10,0,172220417029219,0,114813611352812,10,087351372937,225,841896732866,111,957479036863,66,7334108273865,16,7414743950478,0,0,0,0,0,0,0,0,0,0,0,0,0,0,0,0,0,0,0,0,0,0,0,0,0,0,0,0,0,0,0,0,0,0,0,0,0,0,0,0,0,0,0,0,0,0,0,0,0,0,0,0,0,0,0,0,0,0,0,0,0,0,0,0,0,0,0,0,0,0,0,0,0,0,0,0,0,0,0,0,0,0,0,0,0,0,0,0,0,0,0,0,0,0,0,0,0,0,0,0,0,0,0,0,0,0,0,0,0,0,0,0,763,15,13,5125728328571,10,312216439601,87,462977696337,0,3,43975941879438,0,0,0,0,0,0,0,0,0,0,0,0,00172307834270635,0,0,0370057093735591,0,9,25142734338977E-06,0,0107933322090023,0,4,27277417750228,0,0,0,43852,6318117494,41325,4528637346,0,
500-520C*,0,0067958211565547,793,150024,516,167751368072,933,115114504117,0,157748145638026,383,456160685673,54,8321880319205,57,4430756004355,1,12975417964488,619,317824016898,8,55806164915968,324,952131937328,6,16687571662339,0,67,0298451764453,442,116291793549,339,917629701306,-15,3369911891876,-6,5798999891876,45,1678119680795,42,5569243995645,0,090091457526793,2784,38858781444,0,0,0,0,289,263322322857,1,51357225177707,0,490099172740824,-23,1020348181991,-14,3449436181991,7,16445834427847,1,34645624043025,0,0275623245764221,0,00224667024361198,1,36162812895303E-11,0,270274372580379,0,180182915053586,8,99402873891813,407,861045610713,187,656637363975,105,954324152094,16,6289251547552,0,0,0,0,0,0,0,0,0,0,0,0,0,0,0,0,0,0,0,0,0,0,0,0,0,0,0,0,0,0,0,0,0,0,0,0,0,0,0,0,0,0,0,0,0,0,0,0,0,0,0,0,0,0,0,0,0,0,0,0,0,0,0,0,0,0,0,0,0,0,0,0,0,0,0,0,0,0,0,0,0,0,0,0,0,0,0,0,0,0,0,0,0,0,0,0,0,0,0,0,0,0,0,0,0,0,0,0,0,0,0,0,783,15,18,3136236599347,10,219607319312,87,4600294688754,0,5,131625519335,0,0,0,0,0,0,0,0,0,0,0,0,00265677671665226,0,0,0570582919012567,0,1,42645729753142E-05,0,016642002280019,0,6,16687571662339,0,0,0,43736,1091150558,41228,466667585,0,
520-540C*,0,00560880915316453,813,150024,549,220752427317,938,387296999327,0,156674789687782,387,216635908553,55,7456195522272,58,071798931714,1,52679531369329,720,828258182708,8,60822145190689,327,512301969231,8,04490554003541,0,68,2620410522302,443,434260082625,343,60886737791,-18,5166032800046,-9,75951208000462,44,2543804477728,41,928201068286,0,12277610937718,3240,76895258763,0,0,0,0,291,577928838074,1,51834183852853,0,390252528702314,-26,8058522168893,-18,0487610168893,6,86026737075935,1,41362845169003,0,0372488358582594,0,00303624068064007,1,37320032233685E-12,0,368328328131539,0,245552218754359,8,12308652727252,763,95234915133,324,538235648135,172,894001365846,16,5163759144626,0,0,0,0,0,0,0,0,0,0,0,0,0,0,0,0,0,0,0,0,0,0,0,0,0,0,0,0,0,0,0,0,0,0,0,0,0,0,0,0,0,0,0,0,0,0,0,0,0,0,0,0,0,0,0,0,0,0,0,0,0,0,0,0,0,0,0,0,0,0,0,0,0,0,0,0,0,0,0,0,0,0,0,0,0,0,0,0,0,0,0,0,0,0,0,0,0,0,0,0,0,0,0,0,0,0,0,0,0,0,0,0,803,15,25,1947257316321,10,1565918903692,87,43019218894,0,6,88920710333171,0,0,0,0,0,0,0,0,0,0,0,0,00359047509059818,0,0,0771108744289542,0,1,92777186072386E-05,0,0224906723510356,0,8,04490554003541,0,0,0,43628,6565788853,41138,6933563351,0,
540-560C*,0,00457225070873033,833,150024,584,042091981131,943,076958778689,0,155323812125187,390,972183544331,56,2676258828637,58,3401468915179,1,87657881312628,833,487538244873,8,63228110049442,329,757016807546,9,93833101786401,0,69,6065253904079,444,314445340833,346,922128404145,-21,6845649565047,-12,9274737565047,43,7323741171363,41,6598531084821,0,499612298033146,3747,27337011256,0,0,0,0,293,60733763703,1,52290324567005,0,305730362563103,-30,5096696155794,-21,7525784155794,6,63065312343327,1,48245153555498,0,0457824146814677,0,00373183286701248,1,17550415132813E-13,1,49883689409944,0,999224596066292,7,46439341564045,1481,45403822113,578,282821751325,289,619106346678,15,5778729262182,0,0,0,0,0,0,0,0,0,0,0,0,0,0,0,0,0,0,0,0,0,0,0,0,0,0,0,0,0,0,0,0,0,0,0,0,0,0,0,0,0,0,0,0,0,0,0,0,0,0,0,0,0,0,0,0,0,0,0,0,0,0,0,0,0,0,0,0,0,0,0,0,0,0,0,0,0,0,0,0,0,0,0,0,0,0,0,0,0,0,0,0,0,0,0,0,0,0,0,0,0,0,0,0,0,0,0,0,0,0,0,0,823,15,35,1672712726826,10,1218645058642,87,3747796757372,0,8,72347922952847,0,0,0,0,0,0,0,0,0,0,0,0,00441304045384809,0,0,0947767077336503,0,2,36941769334126E-05,0,0276432072121206,0,9,93833101786401,0,0,0,43529,5791982018,41055,5157498433,0,
560-580C*,0,0036859188558606,853,150024,620,950411734933,947,197449887795,0,152771842744507,394,721968562889,56,1005056797369,58,1897272587859,2,96210774337427,957,945826290161,8,67544250599689,331,702161148052,11,8815493176217,0,71,0612156064178,444,792138347168,349,894162274727,-24,8411432195996,-16,0840520195996,43,8994943202631,41,8102727412141,0,891724142369778,4306,82490157755,0,0,0,0,295,365909805078,1,52724363058683,0,235221412303626,-34,2134870142695,-25,4563958142695,6,47196041018651,1,55372002629975,0,0722657871280261,0,00589055517148292,8,38721298380265E-15,2,67517242710933,1,78344828473956,7,00851165012058,2966,559599831,1059,39051655753,497,138385917255,14,5178246011959,0,0,0,0,0,0,0,0,0,0,0,0,0,0,0,0,0,0,0,0,0,0,0,0,0,0,0,0,0,0,0,0,0,0,0,0,0,0,0,0,0,0,0,0,0,0,0,0,0,0,0,0,0,0,0,0,0,0,0,0,0,0,0,0,0,0,0,0,0,0,0,0,0,0,0,0,0,0,0,0,0,0,0,0,0,0,0,0,0,0,0,0,0,0,0,0,0,0,0,0,0,0,0,0,0,0,0,0,0,0,0,0,843,149999999999,49,7617025073465,10,1141153728961,87,7444264165793,0,10,6573493296278,0,0,0,0,0,0,0,0,0,0,0,0,0069658152424679,0,0,149601401180519,0,3,74003502951297E-05,0,0436337432576629,0,11,8815493176217,0,0,0,43438,198276717,40978,3300141853,0,
580-600C*,0,00293759109165118,873,150024,660,252328415295,950,762120372234,0,149224254976597,398,465155934112,55,9333854766101,58,0482470604216,4,12708919069712,1094,81426938965,8,71881971852688,333,363130141453,13,7471825712441,0,72,6242887975275,444,901129982781,352,571771293798,-27,9866050702012,-19,2295138702012,44,0666145233899,41,9517529395784,1,28383598670641,4922,1712007142,0,0,0,0,296,867563838127,1,53135357847908,0,177359319643135,-37,9173044129597,-29,1602132129597,6,38088538269907,1,62822845819898,0,100687542369255,0,00820727964059085,4,8841076376234E-16,3,85150796011923,2,56767197341282,6,74664085456322,6113,55494575733,1989,62930416831,872,294045392054,13,478368295302,0,0,0,0,0,0,0,0,0,0,0,0,0,0,0,0,0,0,0,0,0,0,0,0,0,0,0,0,0,0,0,0,0,0,0,0,0,0,0,0,0,0,0,0,0,0,0,0,0,0,0,0,0,0,0,0,0,0,0,0,0,0,0,0,0,0,0,0,0,0,0,0,0,0,0,0,0,0,0,0,0,0,0,0,0,0,0,0,0,0,0,0,0,0,0,0,0,0,0,0,0,0,0,0,0,0,0,0,0,0,0,0,863,15,71,2917457178251,10,1320341494989,88,3393791314384,0,12,5532997733472,0,0,0,0,0,0,0,0,0,0,0,0,00970543386069871,0,0,208438848015006,0,5,21097120037515E-05,0,0607946657413671,0,13,7471825712441,0,0,0,43353,8515340951,40906,5462786183,0,
600-625C*,0,00280824150379147,898,150024,707,666770927841,954,124617698026,0,145233218737699,402,667315766058,55,7453752480924,57,8998047766851,5,0276739902607,1264,39702572928,8,76241381711951,335,096437866287,15,7017367875534,0,74,5103367407064,444,642476882759,355,25686276213,-31,512294512744,-22,755203312744,44,2546247519076,42,1001952233149,2,57719364026449,5684,59765306394,0,0,0,0,298,434618097329,1,53569431778729,0,120680424160798,-42,0840989864861,-33,3270077864861,6,35553939886856,1,71691247452821,0,1226588800296,0,00999821532154116,1,01130060428898E-17,7,73158092079346,5,15438728052897,6,67373208826957,14198,4735587901,4146,44026344277,1679,11437816312,12,3335938490359,0,0,0,0,0,0,0,0,0,0,0,0,0,0,0,0,0,0,0,0,0,0,0,0,0,0,0,0,0,0,0,0,0,0,0,0,0,0,0,0,0,0,0,0,0,0,0,0,0,0,0,0,0,0,0,0,0,0,0,0,0,0,0,0,0,0,0,0,0,0,0,0,0,0,0,0,0,0,0,0,0,0,0,0,0,0,0,0,0,0,0,0,0,0,0,0,0,0,0,0,0,0,0,0,0,0,0,0,0,0,0,0,885,65,108,201595230342,10,1801182302669,89,2024086408008,0,14,5729992616581,0,0,0,0,0,0,0,0,0,0,0,0,0118232863722987,0,0,253922928801045,0,6,34807322002614E-05,0,0740608563496627,0,15,7017367875534,0,0,0,43266,5653475662,40831,5300877742,0,
625-650C*,0,00204887048125394,923,150024,764,661987385106,957,078615291558,0,140798734027811,407,323903284605,55,5364749941839,57,7482508327131,7,82537254239558,1473,27205328851,8,80622588620511,336,394456537639,17,0944972808341,0,76,7621608704553,443,902909838266,357,856844975447,-35,4140850157557,-26,6569938157556,44,4635250058161,42,2517491672869,5,81646837690903,6623,67807423309,0,0,0,0,299,608134870101,1,54016161499386,0,0788179073918809,-46,7138707348488,-37,9567795348488,6,418672341301,1,82281489619756,0,190913618051606,0,0155618203968094,1,38605125770891E-19,17,4494051307271,11,6329367538181,6,8553117868749,37232,5888839723,9604,96916949637,3551,32107040431,11,0921885204674,0,0,0,0,0,0,0,0,0,0,0,0,0,0,0,0,0,0,0,0,0,0,0,0,0,0,0,0,0,0,0,0,0,0,0,0,0,0,0,0,0,0,0,0,0,0,0,0,0,0,0,0,0,0,0,0,0,0,0,0,0,0,0,0,0,0,0,0,0,0,0,0,0,0,0,0,0,0,0,0,0,0,0,0,0,0,0,0,0,0,0,0,0,0,0,0,0,0,0,0,0,0,0,0,0,0,0,0,0,0,0,0,910,65,174,129877849753,10,268621857453,90,4278036167541,0,16,0294381692633,0,0,0,0,0,0,0,0,0,0,0,0,0184024701517825,0,0,395220835474524,0,9,88052088686311E-05,0,115272746973577,0,17,0944972808341,0,0,0,43177,9723819341,40754,3709428255,0,
650-675C*,0,00146639362894775,948,150024,829,309231964253,960,93183796142,0,139505486695558,411,993212961046,55,3275747402754,57,6108767116889,11,5424061823907,1704,83948991493,8,85025701563613,337,150731072033,18,154870132346,0,78,6082998457293,442,743732994451,360,166575459979,-39,3338600202939,-30,5767688202939,44,6724252597246,42,3891232883111,9,05574311355358,7664,78120875947,0,0,0,0,300,291869912222,1,54550174627463,0,0490702313922127,-51,3436424832115,-42,5865512832115,6,38315645169783,1,92167854824815,0,281597139735259,0,0229536486581633,1,17292580372822E-21,27,1672293406607,18,1114862271072,6,7531730257755,107599,252399362,24214,2057732574,8099,06605273287,9,88295822178707,0,0,0,0,0,0,0,0,0,0,0,0,0,0,0,0,0,0,0,0,0,0,0,0,0,0,0,0,0,0,0,0,0,0,0,0,0,0,0,0,0,0,0,0,0,0,0,0,0,0,0,0,0,0,0,0,0,0,0,0,0,0,0,0,0,0,0,0,0,0,0,0,0,0,0,0,0,0,0,0,0,0,0,0,0,0,0,0,0,0,0,0,0,0,0,0,0,0,0,0,0,0,0,0,0,0,0,0,0,0,0,0,935,65,293,647878403625,10,3245694743705,91,3750934239705,0,17,1465034370488,0,0,0,0,0,0,0,0,0,0,0,0,0271436003973518,0,0,582949807191449,0,0,000145737451797862,0,170027031955421,0,18,154870132346,0,0,0,43079,8296614659,40670,1431586562,0,
675-700C*,0,00103007409340886,973,150024,902,375690521466,965,000768110782,0,120141020726381,416,66582029756,55,1186744863669,57,4878007931042,14,417751867474,1960,22610121048,8,89450830071431,337,463169029042,19,2152429838578,0,80,2864567535123,441,215787687061,362,163935424577,-43,2579491744222,-34,5008579744222,44,8813255136331,42,5121992068958,16,3659964328467,8812,9728777151,0,0,0,0,300,574339795817,1,55122227273049,0,0288736540966074,-55,9734142315742,-47,2163230315742,6,32716108667429,2,01863437340938,0,351746215055867,0,0286716656455448,5,62271938327199E-24,49,0979892985401,32,7319928656934,6,592084848669,346067,798282207,67006,9299695173,20069,9447894608,8,70590295299501,0,0,0,0,0,0,0,0,0,0,0,0,0,0,0,0,0,0,0,0,0,0,0,0,0,0,0,0,0,0,0,0,0,0,0,0,0,0,0,0,0,0,0,0,0,0,0,0,0,0,0,0,0,0,0,0,0,0,0,0,0,0,0,0,0,0,0,0,0,0,0,0,0,0,0,0,0,0,0,0,0,0,0,0,0,0,0,0,0,0,0,0,0,0,0,0,0,0,0,0,0,0,0,0,0,0,0,0,0,0,0,0,960,65,521,54164519135,10,3764853152742,92,2937347689467,0,18,2698204021167,0,0,0,0,0,0,0,0,0,0,0,0,0339053823903665,0,0,728169286236058,0,0,000182042321559015,0,212382714553594,0,19,2152429838578,0,0,0,42979,8337325546,40584,6151016343,0,
700-725C*,0,00217016635730864,998,150024,989,974931537558,969,069698260143,0,0966134907200068,421,338427634075,54,9097742324584,57,3791644379203,20,4418389239384,2240,59951869358,8,93898084221788,337,381058435176,21,0347977133832,0,81,8755472905877,439,365611027999,363,935979126269,-47,1820383285505,-38,4249471285504,45,0902257675416,42,6208355620797,31,1052106684987,10073,5026310864,0,0,0,0,300,500104993767,1,55716297781278,0,0158862117962567,-60,6031859799369,-51,8460947799369,6,2749726857623,2,11559019857061,0,498714330525984,0,0406513842237411,1,37064635256234E-26,93,315632005496,62,2104213369974,6,44188987650532,1252180,38988508,205463,069444636,54497,6530129019,7,56102271409118,0,0,0,0,0,0,0,0,0,0,0,0,0,0,0,0,0,0,0,0,0,0,0,0,0,0,0,0,0,0,0,0,0,0,0,0,0,0,0,0,0,0,0,0,0,0,0,0,0,0,0,0,0,0,0,0,0,0,0,0,0,0,0,0,0,0,0,0,0,0,0,0,0,0,0,0,0,0,0,0,0,0,0,0,0,0,0,0,0,0,0,0,0,0,0,0,0,0,0,0,0,0,0,0,0,0,0,0,0,0,0,0,985,65,980,951855010005,10,4333076720236,93,2631374011835,0,20,2100089909762,0,0,0,0,0,0,0,0,0,0,0,0,0480718749947415,0,1,03241610726962,0,0,000258104026817404,0,301121373223772,0,21,0347977133832,0,0,0,42880,2601671026,40499,4639958181,0,
725-750C*,0,000262580338568802,1023,150024,1091,90651643209,973,138628409504,0,0767517324058821,426,01103497059,54,7008739785499,57,2851329751841,28,4059234593511,2547,12737388266,8,98367574642897,336,930495549338,21,3359886868816,0,83,3815574654863,437,235577770466,365,399599943757,-51,1061274826787,-42,3490362826787,45,2991260214501,42,7148670248159,45,8444249041506,11451,6200188599,0,0,0,0,300,092758693296,1,56332135121499,0,00806231331785411,-65,2329577282995,-56,4758665282995,6,22654349542314,2,21254602373184,0,693012069692663,0,0564890523339368,1,48132469721263E-29,137,533274712452,91,6888498083013,6,30246300116412,5158046,6513168,705358,171555529,163660,62024063,6,4483175050756,0,0,0,0,0,0,0,0,0,0,0,0,0,0,0,0,0,0,0,0,0,0,0,0,0,0,0,0,0,0,0,0,0,0,0,0,0,0,0,0,0,0,0,0,0,0,0,0,0,0,0,0,0,0,0,0,0,0,0,0,0,0,0,0,0,0,0,0,0,0,0,0,0,0,0,0,0,0,0,0,0,0,0,0,0,0,0,0,0,0,0,0,0,0,0,0,0,0,0,0,0,0,0,0,0,0,0,0,0,0,0,0,1010,65,1965,6392894384,10,4954411654521,94,2876402461442,0,20,5325341969813,0,0,0,0,0,0,0,0,0,0,0,0,0668005460139411,0,1,43464259895712,0,0,000358660649739281,0,418437436651183,0,21,3359886868816,0,0,0,42781,1106835066,40414,6919787371,0,
750-775C*,1,93641643974994E-06,1048,150024,1202,40464082773,977,207558558866,0,0631399380638465,430,683642307105,54,4919737246414,57,2058968086664,37,5314148869807,2880,97729829616,9,02859412516111,336,136584800704,22,3963615383935,0,84,8099480874289,434,864093543517,366,494540023597,-55,030216636807,-46,273125436807,45,5080262753586,42,7941031913336,75,4116900663105,12952,574591022,0,0,0,0,299,374997385104,1,56969544194584,0,00370843330754043,-69,8627294766622,-61,1056382766622,6,1818265574694,2,30950184889306,0,915644356591346,0,074636336422973,5,94693471596448E-33,226,235070198932,150,823380132621,6,17368032372443,24507252,2487052,2742180,4949207,549110,389463555,5,36778732594824,0,0,0,0,0,0,0,0,0,0,0,0,0,0,0,0,0,0,0,0,0,0,0,0,0,0,0,0,0,0,0,0,0,0,0,0,0,0,0,0,0,0,0,0,0,0,0,0,0,0,0,0,0,0,0,0,0,0,0,0,0,0,0,0,0,0,0,0,0,0,0,0,0,0,0,0,0,0,0,0,0,0,0,0,0,0,0,0,0,0,0,0,0,0,0,0,0,0,0,0,0,0,0,0,0,0,0,0,0,0,0,0,1035,65,4223,71789026811,10,5632803918529,95,371571288313,0,21,6707476156877,0,0,0,0,0,0,0,0,0,0,0,0,0882604295795474,0,1,89552600439296,0,0,000473881501098241,0,552861767077331,0,22,3963615383935,0,0,0,42682,3867596007,40330,3009297582,0,
775-800C*,0,1073,150024,1321,37061528252,981,276488708227,0,0520820589814304,435,35624964362,54,2830734707329,57,1416726541453,47,502827814157,3219,02330366138,9,07373709578692,335,023409923947,23,4567343899053,,,,367,295951176904,,,45,7169265292671,42,8583273458547,127,407313665047,14472,3943071578,,,0,0,,,,-74,4925012250249,,6,14077569257494,2,40645767405429,1,15891437456176,0,0944658507667894,,382,221940995141,254,814627330094,,,,,4,31943217670912,0,0,0,0,0,0,0,0,0,0,0,0,0,0,0,0,0,0,0,0,0,0,0,0,0,0,0,0,0,0,0,0,0,0,0,0,0,0,0,0,0,0,0,0,0,0,0,0,0,0,0,0,0,0,0,0,0,0,0,0,0,0,0,0,0,0,0,0,0,0,0,0,0,0,0,0,0,0,0,0,0,0,0,0,0,0,0,0,0,0,0,0,0,0,0,0,0,0,0,0,0,0,0,0,0,0,0,0,0,0,0,0,1060,65,,10,6372130689169,96,5192748192207,,,,,,,,,,,,,,0,1117096171766,,2,39913271788672,,0,000599783179471679,0,699747062709731,,23,4567343899053,,,,42584,089645188,,,
800-825C*,0,1098,150024,1448,63505621632,985,345418857589,0,0423127784426113,440,028856980134,54,0741732168244,57,0927049193693,58,0046768482096,3540,04406836102,9,11910578126585,333,61401845687,24,5171072414172,,,,367,87108133415,,,45,9258267831756,42,9072950806307,162,319225558275,15915,6703102343,,,0,0,,,,-79,1222729733876,,6,10334548419375,2,50341349921552,1,41512530694364,0,115350209641326,,486,957676674825,324,63845111655,,,,,3,30325205735824,0,0,0,0,0,0,0,0,0,0,0,0,0,0,0,0,0,0,0,0,0,0,0,0,0,0,0,0,0,0,0,0,0,0,0,0,0,0,0,0,0,0,0,0,0,0,0,0,0,0,0,0,0,0,0,0,0,0,0,0,0,0,0,0,0,0,0,0,0,0,0,0,0,0,0,0,0,0,0,0,0,0,0,0,0,0,0,0,0,0,0,0,0,0,0,0,0,0,0,0,0,0,0,0,0,0,0,0,0,0,0,0,1085,65,,10,7176229583449,97,7351374808708,,,,,,,,,,,,,,0,136406200290139,,2,92952913374796,,0,00073238228343699,0,854446021755897,,24,5171072414172,,,,42486,2203739582,,,
825-850C*,0,1123,150024,1584,00078061911,989,41434900695,0,0325667797313671,444,701464316649,53,8652729629159,57,0592672403194,68,7214765964682,3861,06483306065,9,16470131017218,331,930417263492,25,5774800929291,,,,368,276776278003,,,46,1347270370841,42,9407327596806,275,849508551826,17358,9463133107,,,0,0,,,,-83,7520447217503,,6,06949126287522,2,60036932437675,1,67658033707672,0,136662027322522,,827,548525655477,551,699017103651,,,,,2,31924696789559,0,0,0,0,0,0,0,0,0,0,0,0,0,0,0,0,0,0,0,0,0,0,0,0,0,0,0,0,0,0,0,0,0,0,0,0,0,0,0,0,0,0,0,0,0,0,0,0,0,0,0,0,0,0,0,0,0,0,0,0,0,0,0,0,0,0,0,0,0,0,0,0,0,0,0,0,0,0,0,0,0,0,0,0,0,0,0,0,0,0,0,0,0,0,0,0,0,0,0,0,0,0,0,0,0,0,0,0,0,0,0,0,1110,65,,10,8048925949002,99,0236133207519,,,,,,,,,,,,,,0,161608270405205,,3,47078164628627,,0,000867695411571569,1,01231134242334,,25,5774800929291,,,,42388,779774821,,,
850-875C*,0,1148,150024,1723,20616260751,993,483279156312,0,0215787461316754,449,374071653164,53,6563727090074,57,0416641891997,79,3377416662626,4182,08559776028,9,21052481672304,329,993577091697,26,637852944441,,,,368,552321898037,,,46,3436272909926,42,9583358108003,428,412887103742,18802,2223163872,,,0,0,,,,-88,381816470113,,6,03916909096526,2,69732514953798,1,93558264830073,0,157773918086318,,1285,23866131123,856,825774207484,,,,,1,36741690832117,0,0,0,0,0,0,0,0,0,0,0,0,0,0,0,0,0,0,0,0,0,0,0,0,0,0,0,0,0,0,0,0,0,0,0,0,0,0,0,0,0,0,0,0,0,0,0,0,0,0,0,0,0,0,0,0,0,0,0,0,0,0,0,0,0,0,0,0,0,0,0,0,0,0,0,0,0,0,0,0,0,0,0,0,0,0,0,0,0,0,0,0,0,0,0,0,0,0,0,0,0,0,0,0,0,0,0,0,0,0,0,0,1135,65,,10,8994058480234,100,389248050755,,,,,,,,,,,,,,0,186573919006836,,4,00695664981124,,0,00100173916245281,1,16869572291958,,26,637852944441,,,,42291,7684826856,,,
875-900C*,0,1173,150024,1869,34101840049,997,552209305673,0,00808336092751383,454,046678989679,53,4474724550989,57,0402331716405,89,5379866649224,4503,10636245992,9,25657744080666,327,82344447201,27,6982257959528,,,,368,743290632363,,,46,5525275449011,42,9597668283595,542,011241445251,20245,4983194637,,,0,0,,,,-93,0115882184757,,6,0123357476814,2,7942809746992,2,18443542395539,0,178058496208653,,1626,03372433575,1084,0224828905,,,,,0,447761878634997,0,0,0,0,0,0,0,0,0,0,0,0,0,0,0,0,0,0,0,0,0,0,0,0,0,0,0,0,0,0,0,0,0,0,0,0,0,0,0,0,0,0,0,0,0,0,0,0,0,0,0,0,0,0,0,0,0,0,0,0,0,0,0,0,0,0,0,0,0,0,0,0,0,0,0,0,0,0,0,0,0,0,0,0,0,0,0,0,0,0,0,0,0,0,0,0,0,0,0,0,0,0,0,0,0,0,0,0,0,0,0,0,1160,65,,11,0015503389024,101,836702680983,,,,,,,,,,,,,,0,210561237580073,,4,52212053863245,,0,00113053013465811,1,31895186145213,,27,6982257959528,,,,42195,1869487134,,,
900-925C*,0,1198,150024,2022,46181036966,1001,62113945503,0,458,719286326193,53,2385722011905,57,0553465329438,99,0067261997774,4824,12712715955,9,30286032801069,325,438959519772,28,7585986474647,,,,368,874892500311,,,46,7614277988095,42,9446534670562,848,651750736861,21688,7743225401,,,0,0,,,,-97,6413599668383,,5,98894871455212,2,89123679986043,2,41544184738045,0,196888375965466,,2545,95525221058,1697,30350147372,,,,,0,0,0,0,0,0,0,0,0,0,0,0,0,0,0,0,0,0,0,0,0,0,0,0,0,0,0,0,0,0,0,0,0,0,0,0,0,0,0,0,0,0,0,0,0,0,0,0,0,0,0,0,0,0,0,0,0,0,0,0,0,0,0,0,0,0,0,0,0,0,0,0,0,0,0,0,0,0,0,0,0,0,0,0,0,0,0,0,0,0,0,0,0,0,0,0,0,0,0,0,0,0,0,0,0,0,0,0,0,0,0,0,0,1185,65,,11,1117197329954,103,370776680056,,,,,,,,,,,,,,0,232828317609956,,5,00033970705946,,0,00125008492676487,1,45843245622851,,28,7585986474647,,,,42099,0354500723,,,
925-950C*,0,1223,150024,2182,48884002428,1005,6900696044,0,463,391893662708,53,029671947282,57,0874138958853,100,5145,14789185918,9,34937462965074,322,858078422307,29,8189714989766,,,,368,965281264269,,,46,970328052718,42,9125861041147,1238,07131556303,23132,0503256166,,,0,0,,,,-102,271131715201,,5,96896616120921,2,98819262502166,2,62090510191562,0,213636171632699,,3714,21394668909,2476,14263112606,,,,,0,0,0,0,0,0,0,0,0,0,0,0,0,0,0,0,0,0,0,0,0,0,0,0,0,0,0,0,0,0,0,0,0,0,0,0,0,0,0,0,0,0,0,0,0,0,0,0,0,0,0,0,0,0,0,0,0,0,0,0,0,0,0,0,0,0,0,0,0,0,0,0,0,0,0,0,0,0,0,0,0,0,0,0,0,0,0,0,0,0,0,0,0,0,0,0,0,0,0,0,0,0,0,0,0,0,0,0,0,0,0,0,0,1210,65,,11,2303159253751,104,996430795664,,,,,,,,,,,,,,0,252633250581525,,5,42568054940187,,0,00135642013735047,1,58249020545622,,29,8189714989766,,,,42003,314099215,,,
950-975C*,0,1248,150024,2349,40089683201,1009,75899975376,0,468,064500999223,52,8207716933735,57,1368847556702,100,5466,16865655882,9,39612150279899,320,097799580939,30,8793443504885,,,,369,027503991035,,,47,1792283066265,42,8631152443298,1548,5310346702,24575,3263286931,,,0,0,,,,-106,900903463564,,5,952346931524,3,08514845018289,2,79312837090065,0,22767449748629,,4645,59310401059,3097,06206934039,,,,,0,0,0,0,0,0,0,0,0,0,0,0,0,0,0,0,0,0,0,0,0,0,0,0,0,0,0,0,0,0,0,0,0,0,0,0,0,0,0,0,0,0,0,0,0,0,0,0,0,0,0,0,0,0,0,0,0,0,0,0,0,0,0,0,0,0,0,0,0,0,0,0,0,0,0,0,0,0,0,0,0,0,0,0,0,0,0,0,0,0,0,0,0,0,0,0,0,0,0,0,0,0,0,0,0,0,0,0,0,0,0,0,0,1235,65,,11,3577511338498,106,718809652206,,,,,,,,,,,,,,0,269234127979819,,5,78220945996926,,0,00144555236499231,1,68647780734278,,30,8793443504885,,,,41908,0228527073,,,
975-1000C*,0,1273,150024,2523,23147628556,1013,82792990312,0,472,737108335738,52,611871439465,57,2042513611773,100,5787,18942125845,9,44310211031299,317,174192539055,31,9397172020003,,,,369,070783208919,,,47,388128560535,42,7957486388227,2282,93307121165,26018,6023317695,,,0,0,,,,-111,530675211926,,5,9390505300772,3,18210427534412,2,92441483767527,0,238375967802179,,6848,79921363495,4565,8661424233,,,,,0,0,0,0,0,0,0,0,0,0,0,0,0,0,0,0,0,0,0,0,0,0,0,0,0,0,0,0,0,0,0,0,0,0,0,0,0,0,0,0,0,0,0,0,0,0,0,0,0,0,0,0,0,0,0,0,0,0,0,0,0,0,0,0,0,0,0,0,0,0,0,0,0,0,0,0,0,0,0,0,0,0,0,0,0,0,0,0,0,0,0,0,0,0,0,0,0,0,0,0,0,0,0,0,0,0,0,0,0,0,0,0,0,1260,65,,11,494449912556,108,543264226144,,,,,,,,,,,,,,0,281889041289878,,6,0539928330712,,0,0015134982082678,1,76574796009571,,31,9397172020003,,,,41813,161519628,,,
1000-1050C*,0,1323,150024,2797,14290689482,1019,93132512716,0,479,74601934051,52,2985210586022,57,3400465457167,100,6268,7205683079,9,49031762086455,311,090771471412,33,5302764792681,,,,369,113694735236,,,47,7014789413978,42,6599534542833,3412,97545420597,28183,5163363842,,,0,0,,,,-118,47533283447,,5,92524923741237,3,32753801308596,3,11085121112369,0,253572837405543,,10238,9263626179,6825,95090841195,,,,,0,0,0,0,0,0,0,0,0,0,0,0,0,0,0,0,0,0,0,0,0,0,0,0,0,0,0,0,0,0,0,0,0,0,0,0,0,0,0,0,0,0,0,0,0,0,0,0,0,0,0,0,0,0,0,0,0,0,0,0,0,0,0,0,0,0,0,0,0,0,0,0,0,0,0,0,0,0,0,0,0,0,0,0,0,0,0,0,0,0,0,0,0,0,0,0,0,0,0,0,0,0,0,0,0,0,0,0,0,0,0,0,0,1298,15,,11,7112756413506,111,143725581911,,,,,,,,,,,,,,0,299859942646237,,6,43994507696617,,0,00160998626924154,1,87831736778134,,33,5302764792681,,,,41671,6748486388,,,
1050-1100C*,0,1373,150024,3187,6967362356,1028,06918542588,0,489,091234013539,51,8807205507852,57,5891913807534,100,6910,76209770716,9,53776920896887,304,326873972061,35,6510221822919,,,,369,149558012937,,,48,1192794492148,42,4108086192466,5402,65473864473,31070,0683425372,,,0,0,,,,-127,734876331196,,5,91811078551311,3,52144966340842,3,52598531330165,0,287411399602494,,16207,9642159342,10805,3094772895,,,,,0,0,0,0,0,0,0,0,0,0,0,0,0,0,0,0,0,0,0,0,0,0,0,0,0,0,0,0,0,0,0,0,0,0,0,0,0,0,0,0,0,0,0,0,0,0,0,0,0,0,0,0,0,0,0,0,0,0,0,0,0,0,0,0,0,0,0,0,0,0,0,0,0,0,0,0,0,0,0,0,0,0,0,0,0,0,0,0,0,0,0,0,0,0,0,0,0,0,0,0,0,0,0,0,0,0,0,0,0,0,0,0,0,1348,15,,12,0455745137995,114,887909702057,,,,,,,,,,,,,,0,339875385244219,,7,29933713276176,,0,00182483428319044,2,12897339121666,,35,6510221822919,,,,41484,5264811447,,,
1100-1150C*,0,1423,150024,3608,67675195299,1036,20704572461,0,498,436448686569,51,4629200429682,57,9213403933472,100,7552,80362710643,9,58545805501372,297,178852397834,37,7717678853156,,,,369,176130019865,,,48,5370799570318,42,0786596066528,7185,35283432077,33956,6203486901,,,0,0,,,,-136,994419827921,,5,923566638895,3,71536131373087,3,94111941547962,0,321249961799445,,21556,0585029623,14370,7056686415,,,,,0,0,0,0,0,0,0,0,0,0,0,0,0,0,0,0,0,0,0,0,0,0,0,0,0,0,0,0,0,0,0,0,0,0,0,0,0,0,0,0,0,0,0,0,0,0,0,0,0,0,0,0,0,0,0,0,0,0,0,0,0,0,0,0,0,0,0,0,0,0,0,0,0,0,0,0,0,0,0,0,0,0,0,0,0,0,0,0,0,0,0,0,0,0,0,0,0,0,0,0,0,0,0,0,0,0,0,0,0,0,0,0,0,1398,15,,12,4253793043427,119,102952139413,,,,,,,,,,,,,,0,379890827842201,,8,15872918855734,,0,00203968229713934,2,37962941465197,,37,7717678853156,,,,41299,0877439141,,,
1150+C*,0,1623,150024,4808,1960292068,1056,55169647141,0,521,799485369143,50,4184187734257,59,161698469654,100,9157,9074506046,9,63338534528878,267,326230354762,43,073632142875,,,,369,244906809179,,,49,5815812265743,40,838301530346,11642,0980735109,41173,0003640725,,,0,0,,,,-160,143278569735,,5,99039657388765,4,20014043953701,4,97895467092454,0,405846367291823,,34926,2942205327,23284,1961470218,,,,,0,0,0,0,0,0,0,0,0,0,0,0,0,0,0,0,0,0,0,0,0,0,0,0,0,0,0,0,0,0,0,0,0,0,0,0,0,0,0,0,0,0,0,0,0,0,0,0,0,0,0,0,0,0,0,0,0,0,0,0,0,0,0,0,0,0,0,0,0,0,0,0,0,0,0,0,0,0,0,0,0,0,0,0,0,0,0,0,0,0,0,0,0,0,0,0,0,0,0,0,0,0,0,0,0,0,0,0,0,0,0,0,0,1523,15,,13,5570757304373,130,600534666565,,,,,,,,,,,,,,0,479929434337156,,10,3072093280463,,0,00257680233201158,3,00626947324025,,43,073632142875,,,,40842,9185543929,,,
