Name,Usan-2015
Created,26/03/2026 11:06:11
Cpt,Composition,Boiling Temperature,Molecular Weight,Standard Liquid Density,Acidity,Aniline Point,Assay - Aromatics Vol Pct,Assay - Aromatics Wt Pct,Asphaltene Content,Basic Nitrogen Content,C to H Ratio,Cloud Point,Conradson Carbon Content,Copper Content,Cetane Number,Flash Point,Freeze Point,MON (Clear),MON (Leaded),Assay - Naphthenes Vol Pct,Assay - Naphthenes Wt Pct,Nickel Content,Nitrogen Content,Assay - Olefins Vol Pct,Assay - Olefins Wt Pct,Assay - Paraffins Vol Pct,Assay - Paraffins Wt Pct,Pour Point,Refractive Index,Reid Vapour Pressure,RON (Clear),RON (Leaded),Smoke Point,Sulfur Content,Mercaptan Sulfur Content,Sodium Content,True Vapour Pressure,Vanadium Content,Iron Content,Luminometer Number,Viscosity @ 38C,Viscosity @ 50C,Viscosity @ 60C,Wax Content,Pi C6 22DMB Wt Pct,Pi C6 22DMB Vol Pct,Pi C6 23DMB Wt Pct,Pi C6 23DMB Vol Pct,Pi C6 2MP Wt Pct,Pi C6 2MP Vol Pct,Pi C6 3MP Wt Pct,Pi C6 3MP Vol Pct,Pi C7 22-mPentane Wt Pct,Pi C7 22-mPentane Vol Pct,Pi C7 24-mPentane Wt Pct,Pi C7 24-mPentane Vol Pct,Pi C7 223-mButane Wt Pct,Pi C7 223-mButane Vol Pct,Pi C7 33-mPentane Wt Pct,Pi C7 33-mPentane Vol Pct,Pi C7 23-mPentane Wt Pct,Pi C7 23-mPentane Vol Pct,Pi C7 2-mHexane Wt Pct,Pi C7 2-mHexane Vol Pct,Pi C7 3-mHexane Wt Pct,Pi C7 3-mHexane Vol Pct,Pi C7 3-ePentane Wt Pct,Pi C7 3-ePentane Vol Pct,Pi C6 Wt Pct,Pi C6 Vol Pct,Pi C7 Wt Pct,Pi C7 Vol Pct,Pi C8 Wt Pct,Pi C8 Vol Pct,Pi C9 Wt Pct,Pi C9 Vol Pct,Pi C10  Wt Pct,Pi C10  Vol Pct,Pi C11  Wt Pct,Pi C11  Vol Pct,Pn C6 Hexane Wt Pct,Pn C6 Hexane Vol Pct,Pn C7 Heptane Wt Pct,Pn C7 Heptane Vol Pct,Pn C8 Octane Wt Pct,Pn C8 Octane Vol Pct,Pn C9 Nonane Wt Pct,Pn C9 Nonane Vol Pct,Pn C10 Decane Wt Pct,Pn C10 Decane Vol Pct,Pn C11 n-C11 Wt Pct,Pn C11 n-C11 Vol Pct,On C6 Wt Pct,On C6 Vol Pct,On C7 Wt Pct,On C7 Vol Pct,On C8 Wt Pct,On C8 Vol Pct,On C9 Wt Pct,On C9 Vol Pct,On C10 Wt Pct,On C10 Vol Pct,On C11 Wt Pct,On C11 Vol Pct,A C6 Benzene Wt Pct,A C6 Benzene Vol Pct,A C7 Toluene Wt Pct,A C7 Toluene Vol Pct,A C8 m-Xylene Wt Pct,A C8 m-Xylene Vol Pct,A C8 o-Xylene Wt Pct,A C8 o-Xylene Vol Pct,A C8 p-Xylene Wt Pct,A C8 p-Xylene Vol Pct,A C8 EthBenz Wt Pct,A C8 EthBenz Vol Pct,N C6 cyc-C5 Wt Pct,N C6 cyc-C5 Vol Pct,N C6 cyc-C6 Wt Pct,N C6 cyc-C6 Vol Pct,A C8 Wt Pct,A C8 Vol Pct,A C9 Wt Pct,A C9 Vol Pct,A C10 Wt Pct,A C10 Vol Pct,A C11 Wt Pct,A C11 Vol Pct,N C6 Wt Pct,N C6 Vol Pct,N C7 Wt Pct,N C7 Vol Pct,N C8 Wt Pct,N C8 Vol Pct,N C9 Wt Pct,N C9 Vol Pct,N C10 Wt Pct,N C10 Vol Pct,N C11 Wt Pct,N C11 Vol Pct,Pi Wt Pct,Pi Vol Pct,Pn Wt Pct,Pn Vol Pct,Oi C6 Wt Pct,Oi C6 Vol Pct,Oi C7 Wt Pct,Oi C7 Vol Pct,Oi C8 Wt Pct,Oi C8 Vol Pct,Oi C9 Wt Pct,Oi C9 Vol Pct,Oi C10 Wt Pct,Oi C10 Vol Pct,Oi C11 Wt Pct,Oi C11 Vol Pct,Centroid Boiling Temperature,Viscosity @ 100C,Hydrogen,CarbonByWt,NaphthalenesByVol,PValue,RamsCarbonResidueByWt,SulfideByWt,ZincByWt,TinByWt,ChromiumByWt,LeadByWt,AluminiumByWt,MagnesiumByWt,MetalByWt,ArsenicByWt,CadmiumByWt,MercuryByWt,NaClByWt,SaltByWt,MudByWt,ChloridesByWt,MolybdenumByWt,AshByWt,GumByWt,MicroCarbonResidueByWt,nC5InsolublesByWt,NaphthenicAcidByWt,NaphthenicAcidByVol,Gross Heating Value,Net Heating Value,Oxygen Content,
Hydrogen,0,20,5548,2,016000032,69,85910034,0,,0,0,0,0,0,13,9,0,0,,,13,9,10,,0,0,0,0,0,0,0,0,13,9,,,130,,,0,0,0,,0,0,,,,,0,,,,,,,,,,,,,,,,,,,,,,,,,,,,,,,,,,,,,,,,,,,,,,,,,,,,,,,,,,,,,,,,,,,,,,,,,,,,,,,,,,,,,,,,,,,,,,,,,0,0,0,0,,,,,,,,,,,,,,,100,0,,,,,,,,,,,,,,,,,,,,,,0,,,,,,,
Nitrogen,0,77,3498,28,0135,806,3740234,0,,0,0,0,0,0,63,1,0,0,,,63,1,,,0,0,0,0,0,0,0,0,63,1,,,,,,0,0,0,,0,0,,,,,0,,,,,,,,,,,,,,,,,,,,,,,,,,,,,,,,,,,,,,,,,,,,,,,,,,,,,,,,,,,,,,,,,,,,,,,,,,,,,,,,,,,,,,,,,,,,,,,,,0,0,0,0,,,,,,,,,,,,,,,0,0,,,,,,,,,,,,,,,,,,,,,,0,,,,,,,
CO,0,81,6996,28,0109005,799,3880005,0,,0,0,0,0,0,68,2,0,0,,,68,2,,,0,0,0,0,0,0,0,0,68,2,,,120,,,0,0,0,,0,0,,,,,0,,,,,,,,,,,,,,,,,,,,,,,,,,,,,,,,,,,,,,,,,,,,,,,,,,,,,,,,,,,,,,,,,,,,,,,,,,,,,,,,,,,,,,,,,,,,,,,,,0,0,0,0,,,,,,,,,,,,,,,0,0,,,,,,,,,,,,,,,,,,,,,,0,,,,,,,
Oxygen,0,90,1996,32,1137,680054,0,,0,0,0,0,0,54,4,0,0,,,54,4,,,0,0,0,0,0,0,0,0,54,4,,,120,,,0,0,0,,0,0,,,,,0,,,,,,,,,,,,,,,,,,,,,,,,,,,,,,,,,,,,,,,,,,,,,,,,,,,,,,,,,,,,,,,,,,,,,,,,,,,,,,,,,,,,,,,,,,,,,,,,,0,0,0,0,,,,,,,,,,,,,,,0,0,,,,,,,,,,,,,,,,,,,,,,0,,,,,,,
Methane,0,111,625,16,04290009,299,3940125,0,,0,0,0,0,3,90,4,0,0,,85,15,90,4,,,0,0,0,0,0,0,100,100,90,4,,,120,,,0,0,0,,0,0,,,,,0,,,,,,,,,,,,,,,,,,,,,,,,,,,,,,,,,,,,,,,,,,,,,,,,,,,,,,,,,,,,,,,,,,,,,,,,,,,,,,,,,,,,,,,,,,,,,,,,,0,0,100,100,,,,,,,,,,,,,,,25,13516209,75,,,,,,,,,,,,,,,,,,,,,,0,,,,,,,
Ethylene,0,169,399,28,05380058,383,2260132,0,,0,0,0,0,6,104,0,0,,137,15,104,75,6,,0,0,0,0,100,100,0,0,104,,,100,51,,,0,0,0,,0,0,,,,,0,,,,,,,,,,,,,,,,,,,,,,,,,,,,,,,,,,,,,,,,,,,,,,,,,,,,,,,,,,,,,,,,,,,,,,,,,,,,,,,,,,,,,,,,,,,,,,,,,0,0,0,0,,,,,,,,,,,,,,,14,34761566,85,71428571,,,,,,,,,,,,,,,,,,,,,,0,,,,,,,
Ethane,0,000153802485781551,184,55,30,06990051,355,6830139,0,,0,0,0,0,4,90,4,0,0,,138,15,90,4,100,79,,0,0,0,0,0,0,100,100,90,4,,,111,38,,,0,0,0,,0,0,,,,,0,,,,,,,,,,,,,,,,,,,,,,,,,,,,,,,,,,,,,,,,,,,,,,,,,,,,,,,,,,,,,,,,,,,,,,,,,,,,,,,,,,,,,,,,,,,,,,,,,0,0,100,100,,,,,,,,,,,,,,,20,11147323,80,,,,,,,,,,,,,,,,,,,,,,0,,,,,,,
CO2,0,194,598,44,00970078,825,335022,0,,0,0,0,0,0,217,0,0,,,217,,,0,0,0,0,0,0,0,0,217,,,,,,0,0,0,,0,0,,,,,0,,,,,,,,,,,,,,,,,,,,,,,,,,,,,,,,,,,,,,,,,,,,,,,,,,,,,,,,,,,,,,,,,,,,,,,,,,,,,,,,,,,,,,,,,,,,,,,,,0,0,0,0,,,,,,,,,,,,,,,0,0,,,,,,,,,,,,,,,,,,,,,,0,,,,,,,
H2S,0,213,498,34,07600021,788,40802,0,,0,0,0,0,0,188,0,0,,,188,,,0,0,0,0,0,0,0,0,188,,2759,,,,94,1177,0,0,,0,0,,,,,0,,,,,,,,,,,,,,,,,,,,,,,,,,,,,,,,,,,,,,,,,,,,,,,,,,,,,,,,,,,,,,,,,,,,,,,,,,,,,,,,,,,,,,,,,,,,,,,,,0,0,0,0,,,,,,,,,,,,,,,5,911554252,0,,,,,,,,,,,,,,,,,,,,,,0,,,,,,,
Propene,0,225,399,42,08060074,520,9550171,0,,0,0,0,0,6,87,9,0,0,,165,87,9,84,9,,0,0,0,0,100,100,0,0,87,9,,1565,102,54,,,0,0,0,,0,0,,,,,0,,,,,,,,,,,,,,,,,,,,,,,,,,,,,,,,,,,,,,,,,,,,,,,,,,,,,,,,,,,,,,,,,,,,,,,,,,,,,,,,,,,,,,,,,,,,,,,,,0,0,0,0,,,,,,,,,,,,,,,14,36465558,85,71428571,,,,,,,,,,,,,,,,,,,,,,0,,,,,,,
Propane,0,00291657516364339,231,048,44,09700012,506,678009,0,,0,0,0,0,4,5,85,5,0,0,,169,15,85,5,97,1,,0,0,0,0,0,0,100,100,85,5,,1303,112,14,,,0,0,0,,0,0,,,,,0,,,,,,,,,,,,,,,,,,,,,,,,,,,,,,,,,,,,,,,,,,,,,,,,,,,,,,,,,,,,,,,,,,,,,,,,,,,,,,,,,,,,,,,,,,,,,,,,,0,0,100,100,,,,,,,,,,,,,,,18,28426304,81,81818182,,,,,,,,,,,,,,,,,,,,,,0,,,,,,,
i-Butane,0,0150512715222121,261,42,58,12400055,561,9660034,0,380,85,0,0,0,0,4,8,114,0,0,,190,15,114,97,6,,0,0,0,0,0,0,100,100,114,,489,6,101,426,,,0,0,0,,0,0,,,,,0,,,,,,,,,,,,,,,,,,,,,,,,,,,,,,,,,,,,,,,,,,,,,,,,,,,,,,,,,,,,,,,,,,,,,,,,,,,,,,,,,,,,,,,,,,,,,,,,,100,100,0,0,,,,,,,,,,,,,,,17,34802065,82,75862069,,,,,,,,,,,,,,,,,,,,,,0,,,,,,,
i-Butene,0,266,299,56,10770035,592,7930298,0,286,7055556,0,0,0,0,6,133,0,0,,193,15,133,88,1,,0,0,0,0,100,100,0,0,133,,442,7,105,2096138,,,0,0,0,,0,0,,,,,0,,,,,,,,,,,,,,,,,,,,,,,,,,,,,,,,,,,,,,,,,,,,,,,,,,,,,,,,,,,,,,,,,,,,,,,,,,,,,,,,,,,,,,,,,,,,,,,,,0,0,0,0,,,,,,,,,,,,,,,14,37319073,85,71428571,,,,,,,,,,,,,,,,,,,,,,0,,,,,,,
1-Butene,0,266,898,56,10770035,593,7890015,0,,0,0,0,0,6,87,8,0,0,,193,15,87,8,80,8,,0,0,0,0,100,100,0,0,87,8,,432,97,4,,,0,0,0,,0,0,,0,236064836133691,0,219972008704656,0,208210021632581,0,,,,,,,,,,,,,,,,,,,,,,,,,,,,,,,,,,,,,,,,,,,,,,,,,,,,,,,,,,,,,,,,,,,,,,,,,,,,,,,,,,,,,,,,,,,,,,,,,0,0,0,0,,,,,,,,,,,,,,,14,37319073,85,71428571,,,,,,,,,,,,,,,,,,,,,,0,,,,,,,
13-Butadiene,0,268,7,54,1,619,7440186,0,,0,0,0,0,8,164,0,0,,197,15,164,73,94513286,,0,0,0,0,100,100,0,0,164,,409,6,102,9723045,,,0,0,0,,0,0,,,,,0,,,,,,,,,,,,,,,,,,,,,,,,,,,,,,,,,,,,,,,,,,,,,,,,,,,,,,,,,,,,,,,,,,,,,,,,,,,,,,,,,,,,,,,,,,,,,,,,,0,0,0,0,,,,,,,,,,,,,,,11,17841035,88,88888889,,,,,,,,,,,,,,,,,,,,,,0,,,,,,,
n-Butane,0,01471296785184,272,648,58,12400055,583,2230225,0,356,35,0,0,0,0,4,8,135,0,0,,213,15,135,89,6,,0,0,0,0,0,0,100,100,135,,358,5,93,8,,,0,0,0,,0,0,,0,241514675581771,0,217701202498228,,0,,,,,,,,,,,,,,,,,,,,,,,,,,,,,,,,,,,,,,,,,,,,,,,,,,,,,,,,,,,,,,,,,,,,,,,,,,,,,,,,,,,,,,,,,,,,,,,,,0,0,100,100,,,,,,,,,,,,,,,17,34802065,82,75862069,,,,,,,,,,,,,,,,,,,,,,0,,,,,,,
tr2-Butene,0,274,027,56,1,608,684021,0,,0,0,0,0,6,168,0,0,,201,168,83,84306902,,0,0,0,0,100,100,0,0,168,,343,9,105,0089318,,,0,0,0,,0,0,,,,,0,,,,,,,,,,,,,,,,,,,,,,,,,,,,,,,,,,,,,,,,,,,,,,,,,,,,,,,,,,,,,,,,,,,,,,,,,,,,,,,,,,,,,,,,,,,,,,,,,0,0,0,0,,,,,,,,,,,,,,,14,37319073,85,71428571,,,,,,,,,,,,,,,,,,,,,,0,,,,,,,
i-Pentane,0,0413391181515491,301,028,72,15100098,623,4420166,0,343,95,0,0,0,0,5,113,0,0,,217,113,90,3,,0,0,0,0,0,0,100,100,113,,133,8,92,3,,,0,0,0,,0,0,,,,,0,,,,,,,,,,,,,,,,,,,,,,,,,,,,,,,,,,,,,,,,,,,,,,,,,,,,,,,,,,,,,,,,,,,,,,,,,,,,,,,,,,,,,,,,,,,,,,,,,100,100,0,0,,,,,,,,,,,,,,,16,75213296,83,33333333,,,,,,,,,,,,,,,,,,,,,,0,,,,,,,
1-Pentene,0,303,096,70,13500214,638,7230225,0,292,25,0,0,0,0,6,108,0,0,,245,108,77,1,,0,0,0,0,100,100,0,0,108,,131,8,90,9,,,0,0,0,,0,0,,,,,0,,,,,,,,,,,,,,,,,,,,,,,,,,,,,,,,,,,,,,,,,,,,,,,,,,,,,,,,,,,,,,,,,,,,,,,,,,,,,,,,,,,,,,,,,,,,,,,,,0,0,0,0,,,,,,,,,,,,,,,14,37831669,85,71428571,,,,,,,,,,,,,,,,,,,,,,0,,,,,,,
2M-1-butene,0,304,303,70,1,654,3800049,0,,0,0,0,0,6,136,0,0,,221,136,81,9,,0,0,0,0,100,100,0,0,136,,127,2,102,54,,,0,0,0,,0,0,,,,,0,,,,,,,,,,,,,,,,,,,,,,,,,,,,,,,,,,,,,,,,,,,,,,,,,,,,,,,,,,,,,,,,,,,,,,,,,,,,,,,,,,,,,,,,,,,,,,,,,0,0,0,0,,,,,,,,,,,,,,,14,37831669,85,71428571,,,,,,,,,,,,,,,,,,,,,,0,,,,,,,
n-Pentane,0,309,209,72,15100098,629,7290039,0,343,95,0,0,0,0,5,143,0,0,,233,143,61,9,,0,0,0,0,0,0,100,100,143,,101,35,61,7,,,0,0,0,,0,0,,0,317713556013358,0,28795065870348,0,265338970196147,0,,,,,,,,,,,,,,,,,,,,,,,,,,,,,,,,,,,,,,,,,,,,,,,,,,,,,,,,,,,,,,,,,,,,,,,,,,,,,,,,,,,,,,,,,,,,,,,,,0,0,100,100,,,,,,,,,,,,,,,16,75213296,83,33333333,,,,,,,,,,,,,,,,,,,,,,0,,,,,,,
cis2-Butene,0,276,867,56,1,625,9530029,0,,0,0,0,0,6,134,0,0,,203,134,83,5,,0,0,0,0,100,100,0,0,134,,314,4,100,,,0,0,0,,0,0,,,,,0,,,,,,,,,,,,,,,,,,,,,,,,,,,,,,,,,,,,,,,,,,,,,,,,,,,,,,,,,,,,,,,,,,,,,,,,,,,,,,,,,,,,,,,,,,,,,,,,,0,0,0,0,,,,,,,,,,,,,,,14,37319073,85,71428571,,,,,,,,,,,,,,,,,,,,,,0,,,,,,,
3M-1-butene,0,293,204,70,1,631,2700195,0,,0,0,0,0,6,105,0,0,,217,105,85,26729455,,0,0,0,0,100,100,0,0,105,,190,101,6748769,,,0,0,0,,0,0,,,,,0,,,,,,,,,,,,,,,,,,,,,,,,,,,,,,,,,,,,,,,,,,,,,,,,,,,,,,,,,,,,,,,,,,,,,,,,,,,,,,,,,,,,,,,,,,,,,,,,,0,0,0,0,,,,,,,,,,,,,,,14,37831669,85,71428571,,,,,,,,,,,,,,,,,,,,,,0,,,,,,,
2M-2-butene,0,311,704,70,1,666,1090088,0,406,15,0,0,0,0,6,139,0,0,,228,139,84,7,,0,0,0,0,100,100,0,0,139,,98,11,97,3,,,0,0,0,,0,0,,,,,0,,,,,,,,,,,,,,,,,,,,,,,,,,,,,,,,,,,,,,,,,,,,,,,,,,,,,,,,,,,,,,,,,,,,,,,,,,,,,,,,,,,,,,,,,,,,,,,,,0,0,0,0,,,,,,,,,,,,,,,14,37831669,85,71428571,,,,,,,,,,,,,,,,,,,,,,0,,,,,,,
2M-13-C4==,0,307,204,68,1,684,8460083,0,,0,0,0,0,7,5,127,0,0,,219,127,81,,0,0,0,0,100,100,0,0,127,,118,6,99,1,,,0,0,0,,0,0,,,,,0,,,,,,,,,,,,,,,,,,,,,,,,,,,,,,,,,,,,,,,,,,,,,,,,,,,,,,,,,,,,,,,,,,,,,,,,,,,,,,,,,,,,,,,,,,,,,,,,,0,0,0,0,,,,,,,,,,,,,,,11,8404699,88,23529412,,,,,,,,,,,,,,,,,,,,,,0,,,,,,,
tr2-Pentene,0,309,493,70,1,652,2630005,0,404,4833333,0,0,0,0,6,133,0,0,,225,133,85,14880659,,0,0,0,0,100,100,0,0,133,,106,7,100,3776273,,,0,0,0,,0,0,,,,,0,,,,,,,,,,,,,,,,,,,,,,,,,,,,,,,,,,,,,,,,,,,,,,,,,,,,,,,,,,,,,,,,,,,,,,,,,,,,,,,,,,,,,,,,,,,,,,,,,0,0,0,0,,,,,,,,,,,,,,,14,37831669,85,71428571,,,,,,,,,,,,,,,,,,,,,,0,,,,,,,
cis2-Pentene,0,310,083,70,1,659,5750122,0,403,9277778,0,0,0,0,6,122,0,0,,226,122,85,14880659,,0,0,0,0,100,100,0,0,122,,104,4,100,3776273,,,0,0,0,,0,0,,,,,0,,,,,,,,,,,,,,,,,,,,,,,,,,,,,,,,,,,,,,,,,,,,,,,,,,,,,,,,,,,,,,,,,,,,,,,,,,,,,,,,,,,,,,,,,,,,,,,,,0,0,0,0,,,,,,,,,,,,,,,14,37831669,85,71428571,,,,,,,,,,,,,,,,,,,,,,0,,,,,,,
Cyclopentane,0,322,398,70,13500214,748,8740234,0,289,95,0,0,0,0,6,179,0,0,,233,179,84,9,,100,100,0,0,0,0,0,0,179,,41,7,101,426,,,0,0,0,,0,0,,0,483269667509962,0,429891392256475,,0,,,,,,,,,,,,,,,,,,,,,,,,,,,,,,,,,,,,,,,,,,,,,,,,,,,,,,,,,,,,,,,,,,,,,,,,,,,,,,,,,,,,,,,,,,,,,,,,,0,0,0,0,,,,,,,,,,,,,,,14,37831669,85,71428571,,,,,,,,,,,,,,,,,,,,,,0,,,,,,,
Cyclopentene,0,317,38,68,1,776,5159912,0,458,3722222,0,0,0,0,7,5,138,0,0,,244,138,69,7,,100,100,0,0,0,0,0,0,138,,81,04,93,3,,,0,0,0,,0,0,,,,,0,,,,,,,,,,,,,,,,,,,,,,,,,,,,,,,,,,,,,,,,,,,,,,,,,,,,,,,,,,,,,,,,,,,,,,,,,,,,,,,,,,,,,,,,,,,,,,,,,0,0,0,0,,,,,,,,,,,,,,,11,8404699,88,23529412,,,,,,,,,,,,,,,,,,,,,,0,,,,,,,
22-Mpropane,0,282,648,72,2,595,5930176,0,291,7055556,0,0,0,0,5,257,0,0,,225,257,80,2,,0,0,0,0,0,0,100,100,257,,251,8,85,5,,,0,0,0,,0,0,,,,,0,,,,,,,,,,,,,,,,,,,,,,,,,,,,,,,,,,,,,,,,,,,,,,,,,,,,,,,,,,,,,,,,,,,,,,,,,,,,,,,,,,,,,,,,,,,,,,,,,100,100,0,0,,,,,,,,,,,,,,,16,75213296,83,33333333,,,,,,,,,,,,,,,,,,,,,,0,,,,,,,
33M-1-butene,0,314,397,84,16,657,1190186,0,,0,0,0,0,6,,0,0,,241,15,157,95,93,3,,0,0,0,0,100,100,0,0,,,91,82,111,77,,,0,0,0,,0,0,,,,,0,,,,,,,,,,,,,,,,,,,,,,,,,,,,,,,,,,,,,,,,,,,,,,,,,,,,,,,,,,,,,,,,,,,,,,,,,,,,,,,,,,,,,,,,,,,,,,,,,0,0,0,0,,,,,,,,,,,,,,,14,3716,85,71428571,,,,,,,,,,,,,,,,,,,,,,0,,,,,,,
H2O,0,373,148,18,01510048,997,9860229,0,,0,0,0,0,0,,0,0,,,,,,0,0,0,0,0,0,0,0,,,,,,,0,0,0,,0,0,,0,698140124178851,0,560124358458913,0,474686748589316,0,,,,,,,,,,,,,,,,,,,,,,,,,,,,,,,,,,,,,,,,,,,,,,,,,,,,,,,,,,,,,,,,,,,,,,,,,,,,,,,,,,,,,,,,,,,,,,,,,0,0,0,0,,,,,,,,,,,,,,0,279783740086422,11,18972388,0,,,,,,,,,,,,,,,,,,,,,,0,,,,,,,
36-40C*,0,0112554762750749,313,149994,72,4077418862374,640,929465582616,0,00648353535529259,348,139103904187,1,2744152673816,0,0914587207289281,0,0,5,24642862755879,147,714234280182,0,0,32,2500147806077,216,063863011309,160,670459306593,66,8265870381485,75,5836782381485,11,2886118394141,42,2821279468453,0,0,0,0,87,4369728932043,57,6264133324258,142,714234280182,1,36073481611001,212,21386148376,68,849610060001,77,606701260001,32,5823445933771,0,00554442756318461,0,000190749782994944,0,94,1972145768408,0,2,48881569116845E-08,74,9695394177754,0,47438021113864,0,43081180036912,0,396570964797513,0,0114437993121653,0,0,0,0,0,0,0,0,0,0,0,0,0,0,0,0,0,0,0,0,0,0,0,0,0,0,0,0,0,0,0,0,0,0,0,0,0,0,0,0,0,0,0,0,0,0,0,0,0,0,0,0,0,0,0,0,0,0,0,0,0,0,0,0,0,0,0,0,0,0,0,0,0,0,0,0,0,0,0,0,0,0,0,0,0,0,0,0,0,0,0,0,0,0,0,0,0,0,57,6264133324258,87,4369728932043,0,0,0,0,0,0,0,0,0,0,0,0,311,149997,0,305249694691243,16,608792721029,83,3858728579037,0,0,0,0,0,0,0,0,0,0,0,0,0,0,2,74899759157243E-11,2,92254279278707E-12,0,0,0,9,85020153870581E-12,0,0,0,0,0,48363,3345935251,44812,5189949133,0,
40-50C*,0,0288794467148615,323,149994,75,2204823587849,654,00993915479,0,00743386770514075,345,936856172512,1,46121428818812,0,0953939898605381,0,0,5,17849025783297,149,881956439134,0,0,32,5034119610189,220,757745598845,164,533646493305,65,2942740366409,74,0513652366409,12,9432543188627,44,2639122946606,0,0,0,0,85,5955313929491,55,6406937154789,144,881956439134,1,36683957326833,140,986509068905,67,31864195149,76,0757331514899,32,2135858417372,0,00629494430424767,0,000221956016222332,0,66,689087343625,0,1,1199670610258E-07,74,1084426248443,0,488051484900155,0,442112638124055,0,406058926393531,0,0144918070506543,73,2746590728337,75,8827611264617,0,0,0,0,0,0,0,0,0,0,0,0,0,0,0,0,0,0,0,0,0,0,73,2746590728337,75,8827611264617,0,0,0,0,0,0,0,0,0,0,0,0,0,0,0,0,0,0,0,0,0,0,0,0,0,0,0,0,0,0,0,0,0,0,0,0,0,0,0,0,0,0,0,0,0,0,0,0,0,0,0,0,0,0,0,0,0,0,0,0,0,0,0,0,0,0,0,0,0,0,55,6406937154789,85,5955313929491,0,0,0,0,0,0,0,0,0,0,0,0,0,0,318,15,0,310128093805579,16,4211159340833,83,5726655970398,0,0,0,0,0,0,0,0,0,0,0,0,0,0,1,23704891620759E-10,1,31514425675418E-11,0,0,0,4,43259069241761E-11,0,0,0,0,0,48166,2533949558,44675,6951564775,0,
50-60C*,0,0297785423420219,333,149994,79,297707061771,672,451123148906,0,00946726991142375,342,731085899338,1,82985759524421,0,100989818276125,0,0,5,15370014790032,153,162638822516,0,0,32,0515676997442,225,451628186381,170,075140002305,63,110159599524,71,867250799524,15,7006641107261,47,1016436972887,0,0,00188266239254146,0,0,82,4694782940297,52,7973664844352,148,162638822516,1,37570955736832,45,6858206101234,65,131544653617,73,888635853617,31,7155541561032,0,0074755861817156,0,000272790563650765,0,46,9073840140768,0,2,36437490661003E-07,72,9409881512558,0,516753731709267,0,467170983639278,0,428192921274818,0,0188461038199242,43,1596598073823,43,5521056730163,17,986887734263,17,8065416368891,36,1862680786773,36,2960484116295,3,32525900595205E-09,3,27951346581374E-09,0,0,0,0,0,0,0,0,0,0,0,0,0,0,0,0,97,3328156236479,97,6546957248144,0,0,0,0,0,0,0,0,0,0,0,0,0,0,0,0,0,0,0,0,0,0,0,0,0,0,0,0,0,0,0,0,0,0,0,0,0,0,0,0,0,0,0,0,0,0,0,0,0,0,0,0,0,0,0,0,0,0,0,0,0,0,0,0,0,0,0,0,0,0,52,7973664844352,82,4694782940297,0,0,0,0,0,0,0,0,0,0,0,0,0,0,328,15,0,323788899204059,16,1359995364797,83,8573802783793,0,0,0,0,0,0,0,0,0,0,0,0,0,0,2,6115477119938E-10,2,77641565314771E-11,0,0,0,9,35769146177052E-11,0,0,0,0,0,47901,4277474902,44491,8396600347,0,
60-70C*,0,0305419564384751,343,149994,83,4397702522365,690,500531712608,0,0237884893594552,339,455077879026,3,59111074334599,0,10655268255498,0,0,5,18829536374333,156,630420428737,0,0,31,0435019896438,230,145510773916,175,594455822588,60,6119373142392,69,3690285142392,23,8436014602216,49,9450508421456,0,0,0295230312940282,0,0,72,5652877964324,49,9483964752994,151,630420428737,1,38469197059248,35,9737571769121,62,5565637933631,71,3136549933631,31,2396940154951,0,0095684166723966,0,000343969947355615,0,32,7730229688828,0,3,60878275219426E-07,71,8206870779344,0,548452365154944,0,494861220806015,0,452684310126142,0,023200400589194,0,0,0,000101262908830933,0,000100887550981786,18,1747382999542,18,3462514285361,23,36257863167,23,1882696426571,0,0,0,0,0,0,0,0,0,0,0,0,0,0,0,0,41,537418194533,41,5346219587442,0,0,0,0,0,0,0,0,0,0,58,4576010409454,58,4609891059493,0,0,0,0,0,0,0,0,0,0,0,0,0,0,0,0,0,0,0,0,0,0,0,0,0,0,0,0,0,0,0,0,0,0,0,00498076452157171,0,00438893530655651,0,0,0,0,0,0,0,0,0,0,0,00498076452157171,0,00438893530655651,0,0,0,0,0,0,0,0,0,0,20,7483077497597,30,1410408303057,29,2000887255397,42,4242469661267,0,0,0,0,0,0,0,0,0,0,0,0,338,15,0,339019399947767,15,8308752542091,84,1631160316541,0,0,0,0,0,0,0,0,0,0,0,0,0,0,3,98604650778002E-10,4,23768704954125E-11,0,0,0,1,42827922311234E-10,0,0,0,0,0,47655,926022169,44321,3998177519,0,
70-80C*,0,0327639013368874,353,149994,87,6431830534917,708,043390607229,0,0338453957555355,336,108832111577,0,155741598753579,3,85091887755319,0,0,5,27463762304065,160,252749489679,0,0,29,7780089284057,261,223747297896,181,037338128996,58,0873696814206,66,8444608814205,31,9865388097171,49,5474651500218,0,0,057163400195515,0,0,67,8577195915293,46,601615972425,155,252749489679,1,39370889899186,27,3864200195702,59,9376355344158,68,6947267344158,30,7730371614522,0,0119311728846868,0,000388123126429522,0,22,7403242732689,0,4,85319059777849E-07,70,7174787309524,0,583502154730075,0,525486295353074,0,479800426423442,0,0275546973584639,0,0,0,0,0,0,0,0,1,33330103785775,1,50076680201469,0,756081708452059,0,852271046483142,0,0,0,0,0,0,0,0,0,0,0,0,0,0,2,08938274630981,2,35303784849783,0,0,0,0,0,0,0,0,0,781150774794172,0,898241974582347,0,0,0,0,0,0,0,0,0,0,0,0,0,0,0,0,0,0,0,0,0,0,9,19198677049071,7,93960899959696,0,0,0,0,0,0,0,0,0,0,80,4327627214221,81,494718423595,7,50471698698317,7,3143927537278,0,0,0,0,0,0,0,0,87,9374797084053,88,8091111773228,0,0,0,0,0,0,0,0,0,0,33,9200401761877,49,1104399498756,12,6815757962374,18,7472796416537,0,0,0,0,0,0,0,0,0,0,0,0,348,15,0,355992202826269,15,5057430872715,84,4898728568644,0,0,0,0,0,0,0,0,0,0,0,0,0,0,5,36054530356623E-10,5,69895844593478E-11,0,0,0,1,92078930004763E-10,0,0,0,0,0,47429,308861839,44164,0706054431,0,
80-90C*,0,0228421026438743,363,149994,91,9079935157117,724,964925594105,0,0473543465374899,332,692348596989,1,12763136573327,9,54217591053034,0,0,5,4057548085094,163,997074237221,0,0,28,4531018052562,268,141955218325,186,349531096368,55,9431637916439,64,7002549916439,40,1294761592126,47,1676580761267,0,0,0848037690970018,0,0,58,7428924750542,43,290166013343,158,997074237221,1,40267382507129,19,7206413656825,57,7620027753325,66,5190939753325,30,3026153355138,0,0144990423837244,0,000455197248088221,0,15,6673092791443,0,6,09759844336271E-07,69,6007851843711,0,622308729922136,0,559390604419366,0,509843961467642,0,0319089941277338,0,0,0,0,0,0,0,0,0,0366231840185009,0,0412767796424667,1,92508000938278,2,17281373591147,0,0,0,0,3,56157837881909,3,89291586532856,9,63346295379692,10,7847053710865,0,00195425770076886,0,0021603466134239,2,16079789375895E-12,2,35130305976168E-12,0,0,15,1586987837202,16,8938720985847,0,0,0,0,0,0,0,0,0,0,0,0,0,0,0,0,0,0,0,0,0,0,0,0,0,0,0,0,0,0,0,0,6,0160483060998,5,20314285858857,0,0,0,0,0,0,0,0,0,0,0,0,47,5304456875074,46,3853197562252,0,0,0,0,0,0,0,0,47,5304456875074,46,3853197562252,31,2948072226725,31,5176652866015,0,0,0,0,0,0,0,0,43,290166013343,58,7428924750542,0,0,0,0,0,0,0,0,0,0,0,0,0,0,358,15,0,374899771490252,15,160603035667,84,83765075401,0,0,0,0,0,0,0,0,0,0,0,0,0,0,6,73504409935244E-10,7,16022984232831E-11,0,0,0,2,41329937698292E-10,0,0,0,0,0,47221,1095924808,44019,5280341581,0,
90-100C*,0,0234205389945028,373,149994,96,4302952651338,741,15036243457,0,0617432225593767,329,205627335264,7,71364452535878,14,8317688332913,0,0,5,57474092023893,167,830842903247,0,0,27,2030208092677,275,043226968107,191,476778899544,54,1663902221699,62,9234814221699,43,7816992967432,45,1024279578805,0,0,112444137998489,0,0,48,504656177898,40,0658032088282,162,830842903247,1,41149212332372,12,9764212152488,56,0113222540497,64,7684134540497,29,8154602792193,0,0172518307528617,0,000528113912208405,0,10,7156648150324,0,7,34200628894694E-07,68,4395185948891,0,665337434539377,0,596966881486025,0,543158638370841,0,0362632908970037,0,0,0,0,0,0,0,0,0,0,0,0,0,0,0,0,2,35371268305381,2,32536995830742,15,2163015509799,15,3971754364448,23,9130716152803,23,8936813364536,1,53153636740695,1,50635687331942,0,0,43,014622216721,43,1225836045252,0,0,0,0,0,0,0,0,0,0,53,9089182823023,54,1306833773237,0,0,0,0,0,0,0,0,0,0,0,0,0,0,0,0,0,0,0,0,0,0,0,0,0,0,0,0,0,0,0,0,0,0,0,0,0,0,0,0,0,0,0,0,0,0,3,07645950097667,2,74673301815111,0,0,0,0,0,0,0,0,17,7811848387296,21,5072064533373,22,2846183700986,26,9974497245607,0,0,0,0,0,0,0,0,0,0,0,0,368,15,0,395957120677854,14,7954550993955,85,206449723091,0,0,0,0,0,0,0,0,0,0,0,0,0,0,8,10954289513866E-10,8,62150123872185E-11,0,0,0,2,90580945391821E-10,0,0,0,0,0,47030,8627672983,43887,448966948,0,
100-110C*,0,0238487992435335,383,149994,101,124772062093,756,484926889958,0,0770120238211959,325,648668326401,9,77434072528759,19,7670034034751,0,0,5,77425144186499,171,721503719636,0,0,26,1208793896251,281,929104575811,196,364825713364,53,0838252991336,61,8409164991336,53,0826485746515,43,2457476265421,0,0,140084506899975,0,0,37,1430107000609,36,9872489699828,166,721503719636,1,42006184010702,10,5945924261139,55,0765347432924,63,8336259432924,29,2986037341079,0,0201693435754512,0,000606873118790073,0,7,27405367643317,0,8,58641413453117E-07,67,2020535559405,0,713123984641978,0,638664418485621,0,580135952614127,0,0406175876662736,0,0,0,0,0,0,0,0,0,0,0,0,0,0,0,0,0,0,0,0,0,0,0,0,0,0,0,0,0,0,0,0,0,0,0,0,0,0,0,0428203183665119,0,0483234084144696,0,0,0,0,0,0,0,0,0,0,0,0,0,0,0,0,0,0,0,0,0,0,3,34491541226805,2,97982912184835,0,0,0,0,0,0,0,0,0,0,0,0,0,0,0,0,0,0,0,0,0,0,96,6122642693654,96,9718474697372,0,0,0,0,0,0,0,0,36,9444286516163,37,0946872916465,0,0428203183665119,0,0483234084144696,0,0,0,0,0,0,0,0,0,0,0,0,378,15,0,41940494907068,14,410299278457,85,5962697641074,0,0,0,0,0,0,0,0,0,0,0,0,0,0,9,48404169092487E-10,1,00827726351154E-10,0,0,0,3,3983195308535E-10,0,0,0,0,0,46858,1274450679,43767,527279884,0,
110-120C*,0,0241390619033174,393,149994,105,977226769467,770,853844721605,0,0931607503229474,322,0214715704,12,0658482216712,24,380526415989,0,0,5,99610611795656,175,636504918271,0,0,25,2732172764969,288,800875057926,200,959415712668,52,4427473064726,61,1998385064727,63,276195736786,41,5762273484316,0,0,167724875801462,0,0,24,6579560415428,34,0432462355795,170,636504918271,1,42827480018353,3,57634678931206,54,6503906034997,63,4074818034997,28,7390774417189,0,0232313864348453,0,000691474867833226,0,4,89968911879822,0,9,8308219801154E-07,65,8561644712405,0,766287347459083,0,684998918307475,0,621223204355845,0,0449718844355435,0,0,0,0,0,0,0,0,0,0,0,0,0,0,0,0,0,0,0,0,0,0,0,0,0,0,0,0,24,1316356305721,26,6768041528954,0,0,0,0,0,0,0,0,0,0,0,0,0,0,0,0,0,0,0,0,0,0,0,0,0,0,0,0,0,0,0,0,22,5904465566233,20,2882082943373,0,0,0,0,0,0,0,0,0,0,0,0,0,0,0,0,0,0,0,0,0,0,0,0,53,2779178128045,53,0349875527672,0,0,0,0,0,0,34,0432462355795,24,6579560415428,0,0,0,0,0,0,0,0,0,0,0,0,0,0,388,15,0,445513288840952,14,0051355728516,86,0071108770592,0,0,0,0,0,0,0,0,0,0,0,0,0,0,1,08585404867111E-09,1,15440440315089E-10,0,0,0,3,8908296077888E-10,0,0,0,0,0,46741,2683873296,43679,1636976327,0,
120-130C*,0,024232930126189,403,149994,110,847521700123,780,924292880861,0,112086927407325,320,662733410274,13,6043645478894,28,6979508121516,0,0,6,15583993605092,179,250542480688,0,0,26,0431393395065,295,659628714321,204,040575811812,51,8876387072595,60,6447299072596,67,5317153331133,40,075929241228,0,0,489342904438327,0,0,18,8639201189973,31,2261199466204,174,250542480688,1,43418696416499,0,260417678083191,54,2242464637069,62,9813376637069,27,9989311692562,0,0265310933242654,0,000728633598927096,0,3,27410946973025,0,3,18898210552864E-05,64,065806363436,0,818843967753172,0,730485926248581,0,661588103381905,0,0493261812048134,0,0,0,0,0,0,0,0,0,0,0,0,0,0,0,0,0,0,0,0,0,0,0,0,0,0,0,0,7,44032989095573E-05,7,81146354984804E-05,0,0,0,0,0,0,0,0,0,0,55,6733741128654,58,2792666450086,0,0,0,0,0,0,0,0,0,0,0,0,0,0,0,0,0,0,0,0,0,0,0,0,0,0,0,0,0,0,0,0,0,0,0,0,0,0,0,0,0,0,0,0,0,0,44,3265514838357,41,7206552403559,0,0,0,0,0,0,0,0,31,2261199466204,18,8639201189973,0,0,0,0,0,0,0,0,0,0,0,0,398,15,0,471274587857349,13,7912705998764,86,2195217033857,0,0709140627273115,0,0,0,0,0,0,0,0,0,0,0,0,0,3,52235971461192E-08,3,74472754326943E-09,0,0,0,1,26213108323968E-08,0,0,0,0,0,46610,4728469179,43582,2003216581,0,
130-140C*,0,0241498874876066,413,149994,115,884037673534,787,84783745033,0,132927301842181,321,448532011567,14,3130571424752,32,7729800865546,0,0,6,25621001572253,182,558834972726,0,0,27,8781992403079,302,506300924676,206,928292593151,51,3954681798422,60,1525593798422,65,8576486906955,38,6326503668617,0,1,07525276775181,0,0,19,8292941668292,28,5943695465837,177,558834972726,1,4383263319373,0,272945661104439,53,7981023239142,62,5551935239142,27,0770523866507,0,0299597680536073,0,000719270505150445,0,2,16992315290012,0,9,237170904125E-05,61,8199162655578,0,871499466647239,0,775438974122709,0,70144043586418,0,0536804779740833,0,0,0,0,0,0,0,0,0,0,0,0,0,0,0,0,0,0,0,0,0,0,0,0,0,0,0,0,0,0,3,39716731935031E-16,3,77928277480532E-16,0,0,0,0,0,0,0,0,0,0,0,0,0,0,0,0,0,0,0,0,0,0,0,0,0,0,0,0,0,0,0,0,10,0704554607399,9,35823482825542,4,40879857788213E-18,4,02154612803113E-18,10,4830347621367,9,77153988999905,10,488702174572,9,71160117496261,0,0,0,0,31,0421923974486,28,8413758932171,0,0,0,0,0,0,0,0,0,0,68,9578076025514,71,1586241067829,0,0,0,0,0,0,28,5943695465837,19,8292941668292,0,0,0,0,0,0,0,0,0,0,0,0,0,0,408,15,0,496668629235986,13,76263853729,86,2396171607808,0,205581295540556,0,0,0,0,0,0,0,0,0,0,0,0,0,1,02028288629364E-07,1,08469370983911E-08,0,0,0,3,65587517693539E-08,0,0,0,0,0,46514,586824419,43509,5899984813,0,
140-150C*,0,0241934614031423,423,149994,121,115934991177,801,222347689685,0,153767676277038,322,200612705231,15,021749737061,36,5603894950338,0,0,6,53402013096684,185,839992803014,0,0,26,8682617812064,309,341702896494,209,040081340112,50,7742783390271,59,5313695390271,64,1835820482778,37,360917779668,0,1,6611626310653,0,0,20,7946682146612,26,0786927252981,180,839992803014,1,44620510496339,0,285473644125687,53,3719581841215,62,1290493841215,26,0933143871034,0,0333884427829491,0,000709907411373795,0,1,42597351899186,0,0,000152853597027214,59,4038280114703,0,930996608199409,0,825725355692258,0,74589526675573,0,0580347747433532,0,0,0,0,0,0,0,0,0,0,0,0,0,0,0,0,0,0,0,0,0,0,0,0,0,0,0,0,0,0,69,4150406957198,73,1669613595087,0,0,0,0,0,0,0,0,0,0,1,95309050188592,2,06973484342655,0,0,0,0,0,0,0,0,0,0,0,0,0,0,0,0,0,0,0,0,1,09736794939591,0,966197887117975,27,5195601459055,23,7839109781548,0,014869780340032,0,0131325638898388,4,23037310090041E-13,3,71122036819486E-13,0,0,0,0,28,6317978756419,24,763241429163,7,0926752397469E-05,6,23679016945182E-05,0,0,0,0,0,0,0,0,0,0,0,0,0,0,0,0,24,1256022234122,18,7249333712346,1,95309050188592,2,06973484342655,0,0,0,0,0,0,0,0,0,0,0,0,418,15,0,524769169984299,13,7340064747036,86,2597126181758,0,340248528353801,0,0,0,0,0,0,0,0,0,0,0,0,0,1,68832980112609E-07,1,79491466535127E-08,0,0,0,6,04961927063111E-08,0,0,0,0,0,46317,1870425611,43357,184560643,0,
150-160C*,0,0240041646395487,433,149994,126,559675015608,808,845448314409,0,174608050711895,322,942011214972,15,7304423316467,40,0763251606382,0,0,6,6784689913831,189,119084596501,0,0,28,0134276543922,316,166544788216,210,900488031286,50,2681166905047,59,0252078905047,62,5095154058601,36,2693241003739,0,2,24707249437879,0,0,21,7600422624931,23,6543507389879,184,119084596501,1,45076147501352,0,298001627146935,52,9458140443287,61,7029052443287,25,0593482465028,0,036817117512291,0,000700544317597145,0,0,928922263560238,0,0,000213335485013177,56,8426811545161,0,998501686034941,0,882168660173469,0,795637354856244,0,062389071512623,0,0,0,0,0,0,0,0,0,0,0,0,0,0,0,0,0,0,0,0,0,0,0,0,0,0,0,0,0,0,0,0,0,0,0,0,0,0,0,0,0,0,9,17607880100748,10,2698644338845,0,0,0,0,0,0,0,0,0,0,0,0,0,0,0,0,0,0,0,0,0,0,0,0,0,0,0,0,0,0,0,0,0,0,25,0149672779255,23,2309104431807,0,0,0,0,0,0,0,0,0,0,65,8089539210671,66,4992251229348,0,0,0,0,14,4782719379805,11,4901778286086,9,17607880100748,10,2698644338845,0,0,0,0,0,0,0,0,0,0,0,0,428,15,0,55592205233653,13,7053744121173,86,2798080755709,0,474915761167046,0,0,0,0,0,0,0,0,0,0,0,0,0,2,35637671595854E-07,2,50513562086343E-08,0,0,0,8,44336336432683E-08,0,0,0,0,0,46198,2799779264,43263,9383815588,0,
160-170C*,0,0238842912368783,443,149994,132,230848039511,815,61538134786,0,195448425146751,323,67272754079,16,4391349262325,43,3412171256003,0,0,6,80730345927084,192,421178978137,0,0,29,3182914795922,322,981453432259,212,599083797616,49,7790183938077,58,5361095938077,60,8354487634424,35,3631128996122,0,2,83298235769228,0,0,22,7254163103251,21,2956699747875,187,421178978137,1,4547975808859,0,310529610168183,52,519669904536,61,276761104536,23,9867850407373,0,0374672071809794,0,000691181223820494,0,0,599691777132532,0,0,000273817372999141,54,162431279037,1,07543589937323,0,945754064401889,0,851480345649994,0,0667433682818929,0,0,0,0,0,0,0,0,0,0,0,0,0,0,0,0,0,0,0,0,0,0,0,0,0,0,0,0,0,0,0,0,3,71039796463274E-05,4,02327930174571E-05,0,0,0,0,0,0,0,0,0,0,6,18736506634319E-06,6,73634814332289E-06,0,0,0,0,0,0,0,0,0,0,0,0,0,0,0,0,0,0,0,0,0,0,0,0,0,0,0,0,0,0,0,0,0,0,0,0,0,0,0,0,0,0,0,0,99,9999567086553,99,9999530308588,0,0,0,0,21,2956637874225,22,7254095739769,6,18736506634319E-06,6,73634814332289E-06,0,0,0,0,0,0,0,0,0,0,0,0,438,15,0,590527698012906,13,6767423495309,86,2999035329659,0,609582993980291,0,0,0,0,0,0,0,0,0,0,0,0,0,3,02442363079098E-07,3,2153565763756E-08,0,0,0,1,08371074580225E-07,0,0,0,0,0,46089,2231201278,43177,677438219,0,
170-180C*,0,0244185580229636,453,149994,138,143899507878,821,662670227655,0,216288799581608,324,392761682684,17,1478275208183,46,3775923843803,0,0,6,9212524872799,195,771344572871,0,0,30,7428241169282,329,786986146791,214,225439770046,49,3043729801838,58,0614641801838,59,1613821210247,34,6482521567516,0,3,41889222100576,0,0,23,690790358157,18,9741554588681,190,771344572871,1,45837848442585,0,323057593189431,52,0935257647432,60,8506169647432,22,8872558456954,0,0409380258345784,0,000681818130043844,0,0,383559308039418,0,0,000334299260985104,51,3899574461757,1,1635441599181,1,0176673380395,0,914396592152177,0,0710976650511628,0,0,0,0,0,0,0,0,0,0,0,0,0,0,0,0,0,0,0,0,0,0,0,0,0,0,0,0,0,0,0,0,83,8144312491512,84,0211533219407,0,0,0,0,0,0,0,0,0,0,12,6348567245556,12,717426927785,0,0,0,0,0,0,0,0,0,0,0,0,0,0,0,0,0,0,0,0,0,0,0,0,0,0,0,0,0,0,0,0,0,0,9,9394993392068E-10,8,46946614884592E-10,0,0,0,0,0,0,0,0,0,0,3,55071202529929,3,26141974942738,0,0,6,33929873431252,10,973363430372,12,6348567245556,12,717426927785,0,0,0,0,0,0,0,0,0,0,0,0,448,15,0,629051657896834,13,6481102869446,86,3199989903609,0,744250226793536,0,0,0,0,0,0,0,0,0,0,0,0,0,3,69247054562343E-07,3,92557753188776E-08,0,0,0,1,32308515517183E-07,0,0,0,0,0,45989,2912225754,43098,1121118963,0,
180-190C*,0,0240246251945306,463,149994,144,311794160766,827,117838391412,0,237129174016465,325,102113640656,17,856520115404,48,511038531226,0,0,7,02204615794262,199,194650005654,0,0,32,247473597805,336,583641658298,215,869127079516,48,8415699808807,57,5986611808807,57,487315478607,35,2443527541425,0,4,00480208431925,0,0,24,656164405989,16,2446087146315,194,194650005654,1,46157427025418,0,335585576210679,51,6673816249505,60,4244728249505,21,7723917372654,0,0447599517263783,0,000672455036267194,0,0,242975333809528,0,0,000394781148971068,48,5531415010379,1,2649861874683,1,09934509643352,0,985555211676077,0,0754519618204327,0,0,0,0,0,0,0,0,0,0,0,0,0,0,0,0,0,0,0,0,0,0,0,0,0,0,0,0,0,0,0,0,0,0,0,0,0,0,0,0,0,0,0,0,0,0,0,0,0,0,0,0,0,0,0,0,0,0,0,0,0,0,0,0,0,0,0,0,0,0,0,0,0,0,0,0,0,0,0,0,27,0934103907529,25,6364235423972,0,0,0,0,0,0,0,0,0,0,72,9065787786805,74,3635646892807,1,08305665586506E-05,1,17683221538284E-05,16,2446087146315,24,656164405989,0,0,0,0,0,0,0,0,0,0,0,0,0,0,458,15,0,672037587874881,13,6194782243582,86,340094447756,0,878917459606781,0,0,0,0,0,0,0,0,0,0,0,0,0,4,36051746045588E-07,4,63579848739993E-08,0,0,0,1,5624595645414E-07,0,0,0,0,0,45897,2664254885,43024,4616837037,0,
190-200C*,0,0235765529398056,473,149994,150,745606506651,832,111409276748,0,257969548451321,325,800783414704,18,5652127099898,50,4748968503223,0,0,7,11222518623348,202,716163901435,0,0,33,792633876039,343,371868852483,217,619716856972,48,387998927146,57,145090127146,55,8132488361893,35,9542914268709,0,4,59071194763274,0,0,25,6215384538209,13,5708117228068,197,716163901435,1,46445864014874,0,348113559231927,51,2412374851578,59,9983286851578,20,6538237913359,0,0489852555532879,0,000663091942490543,0,0,152398580138068,0,0,000455263036957032,45,6809192412128,1,38245836380176,1,19254008764102,1,06637103093157,0,0798062585897026,0,0,0,0,0,0,0,0,0,0,0,0,0,0,0,0,0,0,0,0,0,0,0,0,0,0,0,0,0,0,0,0,0,0,30,373666319191,30,6305472672636,0,0,0,0,0,0,0,0,0,0,3,37485181324345,3,40917450224928,0,0,0,0,0,0,0,0,0,0,0,0,0,0,0,0,0,0,0,0,0,0,0,0,0,0,0,0,0,0,0,0,0,0,0,0,0,0,0,0,0,0,0,0,0,0,66,2514818675655,65,9602782304871,10,1959599095633,22,2123639515716,3,37485181324345,3,40917450224928,0,0,0,0,0,0,0,0,0,0,0,0,468,15,0,720123297366084,13,5908461617719,86,360189905151,1,01358469242003,0,0,0,0,0,0,0,0,0,0,0,0,0,5,02856437528833E-07,5,34601944291209E-08,0,0,0,1,80183397391097E-07,0,0,0,0,0,45811,5799491313,42955,5954980919,0,
200-210C*,0,0230879188344044,483,149994,157,454026331207,836,773906321278,0,271531929118529,326,488771004829,19,2739053045756,52,3085450578553,0,0,7,1949700981736,206,360954885164,0,0,35,3383161472582,350,152073867354,219,566780233356,47,9410493502274,56,6981405502274,54,1391821937715,36,70370895629,0,5,17662181094622,0,0,26,5869125016529,10,9877459858547,201,360954885164,1,46710773736518,0,360641542253175,50,815093345365,59,572184545365,19,5431830837953,0,0536662080122161,0,000657179085842776,0,0,0946120787502722,0,0,000767167912889252,42,8033034466539,1,51935852892226,1,29940676398447,1,15856805147097,0,333966317792578,0,0,0,0,0,0,0,0,0,0,0,0,0,0,0,0,0,0,0,0,0,0,0,0,0,0,0,0,0,0,0,0,0,0,3,08986215420392E-14,3,57857892668611E-14,0,0,0,0,0,0,0,0,0,0,1,71659008566884E-15,1,99147601325812E-15,0,0,0,0,0,0,0,0,0,0,0,0,0,0,0,0,0,0,0,0,0,0,0,0,0,0,0,0,0,0,0,0,0,0,89,1506664965253,89,1302879793587,0,0,0,0,0,0,0,0,0,0,0,0,10,9877459858547,26,5869125016529,0,0,0,0,0,0,0,0,0,0,0,0,0,0,478,15,0,774060713210554,13,5688487509735,86,3741185711073,1,06344566916104,0,0,0,0,0,0,0,0,0,0,0,0,0,8,47367988054627E-07,9,00862632226239E-08,0,0,0,3,03628693068858E-07,0,0,0,0,0,45730,40937286,42890,1298422678,0,
210-220C*,0,0226147954170378,493,149994,164,355052604222,842,407326898332,0,397108263931943,327,135266554299,20,2528638487906,54,0213093355769,0,0,7,31459466522719,210,778135920947,0,0,36,3992275853897,356,924625903101,223,082362201703,47,4746813026584,56,2317725026584,54,3859820149806,37,4438583614612,0,12,2161816352197,0,0,25,3611541362288,8,53483230296195,205,778135920947,1,47031226373835,0,317134554287723,50,3889492055723,59,1460404055723,18,5638122536489,0,0610585517647159,0,000617605495430305,0,0,0581180077396885,0,0,00292284136709414,40,2445137671868,1,7019752017414,1,43878116850962,1,27131772238374,0,588126376995454,0,0,0,0,0,0,0,0,0,0,0,0,0,0,0,0,0,0,0,0,0,0,0,0,0,0,0,0,0,0,0,0,0,0,0,0,0,0,0,0,0,0,0,0,0,0,0,0,0,0,0,0,0,0,0,0,0,0,0,0,0,0,0,0,0,0,0,0,0,0,0,0,0,0,0,0,0,0,0,0,0,0,0,0,0,0,0,0,0,0,0,0,0,0,0,0,8,53483230296195,25,3611541362288,0,0,0,0,0,0,0,0,0,0,0,0,0,0,488,15,0,824672461515785,13,4917879905802,86,441649978248,2,02238989386621,0,0,0,0,0,0,0,0,0,0,0,0,0,3,22839650489258E-06,3,43220633097604E-07,0,0,0,1,15679825684589E-06,0,0,0,0,0,45630,9397468157,42809,6342546977,0,
220-230C*,0,0221300878058501,503,149994,171,512563640277,848,159985967719,0,538316080945579,327,766179700114,21,226391571117,55,6201242105505,0,0,7,44342917947,215,467983764671,0,0,37,3136388666952,363,689862026194,227,177533836339,47,0059284852426,55,7630196852426,55,084320541708,38,1019119642945,0,20,7728030587356,0,0,23,689287887175,6,27796382515508,210,467983764671,1,47355685451897,0,263923907000118,49,9628050657795,58,7198962657795,17,6333982187735,0,0690191761040586,0,0005721319092652,0,0,0353116644106493,0,0,00507851482129903,37,7951532197741,1,91833082020477,1,60187530855067,1,40139177049547,0,84228643619833,0,0,0,0,0,0,0,0,0,0,0,0,0,0,0,0,0,0,0,0,0,0,0,0,0,0,0,0,0,0,0,0,0,0,0,0,0,0,0,0,0,0,0,0,0,0,0,0,0,0,0,0,0,0,0,0,0,0,0,0,0,0,0,0,0,0,0,0,0,0,0,0,0,0,0,0,0,0,0,0,0,0,0,0,0,0,0,0,0,0,0,0,0,0,0,0,6,27796382515508,23,689287887175,0,0,0,0,0,0,0,0,0,0,0,0,0,0,498,15,0,880252081346267,13,404918950871,86,5186832724558,3,07035548932456,0,0,0,0,0,0,0,0,0,0,0,0,0,5,60942502173054E-06,5,96355002972585E-07,0,0,0,2,00996782062293E-06,0,0,0,0,0,45527,9065112769,42725,973929522,0,
230-240C*,0,0216297899026844,513,150024,178,951598818868,853,766932132974,0,614078657723301,328,391822467504,22,1237039525963,58,0280490938663,0,0,7,57201275553209,220,246700085984,0,0,38,1902724349349,370,448091176164,231,512623674339,46,5400899259096,55,2971811259096,55,7826590684354,37,4482442787921,0,29,3294244822516,0,0,22,0936369789683,4,52370662734158,215,246700085984,1,47667869366489,0,214546553761892,49,5366609259868,58,2937521259868,16,726182317508,0,0769798004434013,0,00052422628163147,0,0,021213230353765,0,0,00723418827550393,35,3895247742289,2,16812951448432,1,78811913653767,1,54972012291834,1,09644649540121,0,0,0,0,0,0,0,0,0,0,0,0,0,0,0,0,0,0,0,0,0,0,0,0,0,0,0,0,0,0,0,0,0,0,0,0,0,0,0,0,0,0,0,0,0,0,0,0,0,0,0,0,0,0,0,0,0,0,0,0,0,0,0,0,0,0,0,0,0,0,0,0,0,0,0,0,0,0,0,0,0,0,0,0,0,0,0,0,0,0,0,0,0,0,0,0,4,52370662734158,22,0936369789683,0,0,0,0,0,0,0,0,0,0,0,0,0,0,508,15,0,944512257793114,13,3116755760852,86,6012159114399,4,11832108478292,0,0,0,0,0,0,0,0,0,0,0,0,0,7,9904535385685E-06,8,49489372847565E-07,0,0,0,2,86313738439996E-06,0,0,0,0,0,45529,1564965913,42739,7926898682,0,
240-250C*,0,0211923582512338,523,150024,186,677302088309,859,243830913204,0,75177042005396,329,015209300307,22,9448009932285,60,3021059788366,0,0,7,70042988441023,225,078296860654,0,0,39,0298671354965,377,199597533784,236,051725293575,46,076852314277,54,833943514277,56,4809975951629,36,6891067699662,0,37,8860459057675,0,0,20,5742014116086,3,00878725119713,220,078296860654,1,47968558250214,0,169002494573046,49,1105167861941,57,8676079861941,15,8428657393676,0,079263797268646,0,000474902375897254,0,0,0125952540633132,0,0,00938986172970882,33,0308205034665,2,45709245390788,2,001230091537,1,71943314204542,1,35060655460408,0,0,0,0,0,0,0,0,0,0,0,0,0,0,0,0,0,0,0,0,0,0,0,0,0,0,0,0,0,0,0,0,0,0,0,0,0,0,0,0,0,0,0,0,0,0,0,0,0,0,0,0,0,0,0,0,0,0,0,0,0,0,0,0,0,0,0,0,0,0,0,0,0,0,0,0,0,0,0,0,0,0,0,0,0,0,0,0,0,0,0,0,0,0,0,0,3,00878725119713,20,5742014116086,0,0,0,0,0,0,0,0,0,0,0,0,0,0,518,15,1,01920628888536,13,2130616876671,86,6880778593743,5,16628668024127,0,0,0,0,0,0,0,0,0,0,0,0,0,1,03714820554065E-05,1,10262374272255E-06,0,0,0,3,71630694817699E-06,0,0,0,0,0,45440,9858533055,42669,3328125749,0,
250-260C*,0,0212276999138166,533,150024,194,691680984904,864,60634782752,0,897363787556401,329,639354642363,23,6896826930137,62,0555186736588,0,0,7,82883686378587,229,926786064447,0,0,39,8325515028153,383,944643372887,240,758932271923,45,6159023399627,54,3729935399627,57,1793361218903,36,2143890271208,0,46,4426673292834,0,0,19,130981185096,1,7300922992204,224,926786064447,1,48258561083651,0,127291729433579,48,6843726464013,57,4414638464013,14,9841496738674,0,0871188349914492,0,000425173955430692,0,0,00738824050957575,0,0,0115455351839137,30,7222490575988,2,79198309675977,2,24559058971003,1,91431136459878,1,60476661380696,0,0,0,0,0,0,0,0,0,0,0,0,0,0,0,0,0,0,0,0,0,0,0,0,0,0,0,0,0,0,0,0,0,0,0,0,0,0,0,0,0,0,0,0,0,0,0,0,0,0,0,0,0,0,0,0,0,0,0,0,0,0,0,0,0,0,0,0,0,0,0,0,0,0,0,0,0,0,0,0,0,0,0,0,0,0,0,0,0,0,0,0,0,0,0,0,1,7300922992204,19,130981185096,0,0,0,0,0,0,0,0,0,0,0,0,0,0,528,15,1,10655070843313,13,110081107061,86,7780990804335,6,21425227569962,0,0,0,0,0,0,0,0,0,0,0,0,0,1,27525105722444E-05,1,35575811259753E-06,0,0,0,4,56947651195403E-06,0,0,0,0,0,45352,2767258944,42598,0488245712,0,
260-270C*,0,0206659006829031,543,150024,202,992667126825,869,870148395029,1,04931136905904,330,267272937512,24,3583490519518,63,7853257294124,0,0,7,95745945883795,234,756179673131,0,0,40,5979496560721,377,071287725423,245,598338187256,45,1569266925845,53,9140178925845,57,8776746486177,34,9924572603045,0,54,9992887527993,0,0,17,7639762994304,1,22221701028315,229,756179673131,1,48538711186729,0,0894142583434914,48,2582285066086,57,0153197066086,14,1507353105226,0,0955882449246037,0,000376054783599925,0,0,00427979722025108,0,0,0137012086381186,28,4670321271464,3,18079014669827,2,52637249073187,2,13894287471482,1,85892667300983,0,0,0,0,0,0,0,0,0,0,0,0,0,0,0,0,0,0,0,0,0,0,0,0,0,0,0,0,0,0,0,0,0,0,0,0,0,0,0,0,0,0,0,0,0,0,0,0,0,0,0,0,0,0,0,0,0,0,0,0,0,0,0,0,0,0,0,0,0,0,0,0,0,0,0,0,0,0,0,0,0,0,0,0,0,0,0,0,0,0,0,0,0,0,0,0,1,22221701028315,17,7639762994304,0,0,0,0,0,0,0,0,0,0,0,0,0,0,538,15,1,20937768112765,13,0037376557112,86,8701095387917,7,26221787115798,0,0,0,0,0,0,0,0,0,0,0,0,0,1,51335390890824E-05,1,60889248247251E-06,0,0,0,5,42264607573106E-06,0,0,0,0,0,45265,0543052237,42527,8849375996,0,
270-280C*,0,0200564041594396,553,150024,211,573449711706,875,050898134841,1,20606577339028,330,901978629594,24,9508000700429,66,0761194870967,0,0,8,0865908330997,239,530489662472,0,0,41,3252689770757,381,92947140677,250,534036617451,44,6996120617603,53,4567032617603,58,5760131753452,33,9238805129033,0,63,5559101763153,0,0,16,473186754612,0,234,530489662472,1,4880986202234,0,0808259661597597,47,8320843668158,56,5891755668158,13,3433238388483,0,104691995119369,0,000328558623773094,0,0,00244713928527653,0,0,0158568820923235,26,2684008039835,3,63293541049481,2,8496840470889,2,39892378856477,2,11308673221271,0,0,0,0,0,0,0,0,0,0,0,0,0,0,0,0,0,0,0,0,0,0,0,0,0,0,0,0,0,0,0,0,0,0,0,0,0,0,0,0,0,0,0,0,0,0,0,0,0,0,0,0,0,0,0,0,0,0,0,0,0,0,0,0,0,0,0,0,0,0,0,0,0,0,0,0,0,0,0,0,0,0,0,0,0,0,0,0,0,0,0,0,0,0,0,0,0,16,473186754612,0,0,0,0,0,0,0,0,0,0,0,0,0,0,548,15,1,33134833471128,12,8950351550619,86,9629391986232,7,61613055342606,0,0,0,0,0,0,0,0,0,0,0,0,0,1,75145676059203E-05,1,86202685234749E-06,0,0,0,6,2758156395081E-06,0,0,0,0,0,45179,0801884594,42458,6589496559,0,
280-290C*,0,0194068111503974,563,150024,220,421315446988,880,164262566063,1,36607960937853,331,546486162448,25,4670357472869,67,6738882255114,0,0,8,21658983373079,244,213728008238,0,0,42,0133735612209,386,57928779754,255,53012114038,44,2436451371079,53,0007363371079,59,2743517020726,32,3261117744886,0,72,1125315998312,0,0,15,2586125506405,0,239,213728008238,1,49072883326971,0,0393848977264116,47,4059402270231,56,1630314270231,12,5626164483597,0,114450053627005,0,000283699239318337,0,0,00138052215698748,0,0,0180125555465284,24,129591840017,4,15950636474085,3,22274269851726,2,70111498165762,2,31489091198052,0,0,0,0,0,0,0,0,0,0,0,0,0,0,0,0,0,0,0,0,0,0,0,0,0,0,0,0,0,0,0,0,0,0,0,0,0,0,0,0,0,0,0,0,0,0,0,0,0,0,0,0,0,0,0,0,0,0,0,0,0,0,0,0,0,0,0,0,0,0,0,0,0,0,0,0,0,0,0,0,0,0,0,0,0,0,0,0,0,0,0,0,0,0,0,0,0,15,2586125506405,0,0,0,0,0,0,0,0,0,0,0,0,0,0,558,15,1,47725596152465,12,7849774265573,87,0554180241025,8,97028636641144,0,0,0,0,0,0,0,0,0,0,0,0,0,1,98955961227583E-05,2,11516122222247E-06,0,0,0,7,12898520328513E-06,0,0,0,0,0,45094,1142435965,42390,1857620512,0,
290-300C*,0,0187269160735148,573,150024,229,498379764794,885,246042181302,1,52636120072018,332,209822502648,25,9860338531486,69,3559188140744,0,0,8,3487590375882,252,232419097602,0,000332190606142224,0,42,6537460575793,391,021760414127,260,521534977723,43,7883099087752,52,5454011087752,59,869487848337,30,6440811859256,0,83,5914797190159,0,0,14,1444782985144,0,243,669421776679,1,49329910120085,0,46,9797960872304,55,7368872872304,11,8103128458236,0,125130049881552,0,000243567491951871,0,0,000768003459251162,0,0,0374732806992894,22,0566030621146,4,77933987377871,3,65755193769523,3,05643202063874,2,94734853351226,0,0,0,0,0,0,0,0,0,0,0,0,0,0,0,0,0,0,0,0,0,0,0,0,0,0,0,0,0,0,0,0,0,0,0,0,0,0,0,0,0,0,0,0,0,0,0,0,0,0,0,0,0,0,0,0,0,0,0,0,0,0,0,0,0,0,0,0,0,0,0,0,0,0,0,0,0,0,0,0,0,0,0,0,0,0,0,0,0,0,0,0,0,0,0,0,0,14,1444782985144,0,0,0,0,0,0,0,0,0,0,0,0,0,0,568,15,1,65407251373813,12,6755052262799,87,1439386288072,10,3544138605567,0,0,0190290398683809,0,0,0,0,0,0,0,0,0,0,0,4,13907541471264E-05,4,40037672610375E-06,0,0,0,1,48311250412922E-05,0,0,000332190606142224,0,0,0,45009,4889093516,42321,922026519,0,
300-310C*,0,0180474406182276,583,150024,238,568648879253,890,68350851458,1,65833019023461,333,007539652623,27,9389612122999,71,1177533608023,0,0,8,50031040851628,259,92149364184,0,00702732228738556,0,43,1151482488996,395,258380814762,264,926758815087,43,3258609460816,52,0829521460816,58,5304678215804,28,8822466391977,0,151,04610030732,0,0,13,5305709661197,0,247,151574532708,1,49604986353309,0,46,5536519474376,55,3107431474376,11,1058036625598,0,137128942106773,0,000220210733112323,0,0,000421107916783318,0,0,0633345044254891,20,1046389207328,5,65849866248124,4,25263066663132,3,53363944685353,3,61339377173621,0,0,0,0,0,0,0,0,0,0,0,0,0,0,0,0,0,0,0,0,0,0,0,0,0,0,0,0,0,0,0,0,0,0,0,0,0,0,0,0,0,0,0,0,0,0,0,0,0,0,0,0,0,0,0,0,0,0,0,0,0,0,0,0,0,0,0,0,0,0,0,0,0,0,0,0,0,0,0,0,0,0,0,0,0,0,0,0,0,0,0,0,0,0,0,0,0,13,5305709661197,0,0,0,0,0,0,0,0,0,0,0,0,0,0,578,15,1,87705253738487,12,5851591637081,87,1846888599483,10,3603763488183,0,0,0512993889359557,0,0,0,0,0,0,0,0,0,0,0,6,99555217153758E-05,7,43718388228876E-06,0,0,0,2,50664456656585E-05,0,0,00702732228738556,0,0,0,44918,991819463,42248,8874240939,0,
310-320C*,0,0173504257121024,593,150024,247,787569291498,896,107366891296,1,78842504274889,333,826147640527,29,9009517948681,72,9517358917554,0,0,8,65546053466815,267,434302716681,0,0137224539686289,0,43,5328700983585,399,291076094282,272,434302716681,42,8636841425193,51,6207753425193,57,1823845714068,27,0482641082446,0,218,500720895625,0,0,12,9166636337251,0,250,364934794945,1,49875083590545,0,46,1275078076449,54,8845990076449,10,4304418587081,0,150055683492409,0,000200070263657664,0,0,000227456403777024,0,0,0891957281516888,18,2237407322265,6,77507641015014,4,99261625838619,4,11893961682861,4,30219265263685,0,0,0,0,0,0,0,0,0,0,0,0,0,0,0,0,0,0,0,0,0,0,0,0,0,0,0,0,0,0,0,0,0,0,0,0,0,0,0,0,0,0,0,0,0,0,0,0,0,0,0,0,0,0,0,0,0,0,0,0,0,0,0,0,0,0,0,0,0,0,0,0,0,0,0,0,0,0,0,0,0,0,0,0,0,0,0,0,0,0,0,0,0,0,0,0,0,12,9166636337251,0,0,0,0,0,0,0,0,0,0,0,0,0,0,588,15,2,13814789753427,12,4967881147859,87,2254390910893,10,3663388370799,0,0,0621876016220108,0,0,0,0,0,0,0,0,0,0,0,9,85202892836251E-05,1,04739910384738E-05,0,0,0,3,53017662900247E-05,0,0,0137224539686289,0,0,0,44828,632481887,42175,9128987101,0,
320-330C*,0,016642179168813,603,150024,257,118808278447,901,511981423916,1,91664575826304,334,662219159613,32,7729434141178,74,8437573953235,0,0,8,81386271819941,271,826657341116,0,0204175856498722,0,43,9123128245807,403,122175907082,276,826657341116,42,401892215839,51,158983415839,55,8274240114655,25,1562426046765,0,285,955341483929,0,0,11,3996325744167,0,253,377324340351,1,50139758426384,0,45,7013636678521,54,4584548678521,9,78385882340562,0,163678899116232,0,000182256119538899,0,0,000120956611860094,0,0,115056951877889,16,4141027074737,8,21334231745433,5,92426883091925,4,84433988517045,5,00291120219872,0,0,0,0,0,0,0,0,0,0,0,0,0,0,0,0,0,0,0,0,0,0,0,0,0,0,0,0,0,0,0,0,0,0,0,0,0,0,0,0,0,0,0,0,0,0,0,0,0,0,0,0,0,0,0,0,0,0,0,0,0,0,0,0,0,0,0,0,0,0,0,0,0,0,0,0,0,0,0,0,0,0,0,0,0,0,0,0,0,0,0,0,0,0,0,0,0,11,3996325744167,0,0,0,0,0,0,0,0,0,0,0,0,0,0,598,15,2,44492974128425,12,4103920795132,87,2661893222304,10,3723013253415,0,0,0709049560860765,0,0,0,0,0,0,0,0,0,0,0,0,000127085056851874,1,35107981946588E-05,0,0,0,4,55370869143909E-05,0,0,0204175856498722,0,0,0,44738,6216725536,42103,1875745284,0,
330-340C*,0,0159288011565654,613,150024,266,516739972304,906,891716224908,2,04299233677706,335,512326903134,34,8986577228233,76,7368929794925,0,0,8,9751378806268,278,378382393475,0,0271127173311156,0,44,2584887279118,406,754379347841,283,378382393475,41,9405978837911,50,6976890837911,54,4655861417564,23,2631070205075,0,353,409962072234,0,0,10,6357561354203,0,256,202654336303,1,50398566859517,0,45,2752195280594,54,0323107280594,9,16568594578981,0,177963304582767,0,000166237319381968,0,6,32888462072036E-05,0,0,140918175604088,14,6758471027703,10,0947538434876,7,11323720766527,5,75360985422497,5,7047154464063,0,0,0,0,0,0,0,0,0,0,0,0,0,0,0,0,0,0,0,0,0,0,0,0,0,0,0,0,0,0,0,0,0,0,0,0,0,0,0,0,0,0,0,0,0,0,0,0,0,0,0,0,0,0,0,0,0,0,0,0,0,0,0,0,0,0,0,0,0,0,0,0,0,0,0,0,0,0,0,0,0,0,0,0,0,0,0,0,0,0,0,0,0,0,0,0,0,10,6357561354203,0,0,0,0,0,0,0,0,0,0,0,0,0,0,608,15,2,80667824262708,12,3259710578901,87,3069395533714,10,3782638136031,0,0,078642456341787,0,0,0,0,0,0,0,0,0,0,0,0,000155649824420124,1,65476053508438E-05,0,0,0,5,57724075387571E-05,0,0,0271127173311156,0,0,0,44649,0786257712,42030,814368608,0,
340-350C*,0,0151563249289374,623,150024,275,925200901022,912,240935406739,2,16746477829093,336,373043564344,36,9658356179087,78,6602003356102,0,0,9,1388734390307,284,930107445833,0,0338078490123589,0,44,5760552741206,410,190721987614,289,930107445833,41,4799138641265,50,2370050641265,53,0968709622796,21,3397996643898,0,420,864582660538,0,0,9,93729341981165,0,258,854835950178,1,50651065356675,0,44,8490753882666,53,6061665882667,8,57555461499795,0,19287361549654,0,000151482881812809,0,3,25624266988254E-05,0,0,166779399330288,13,0090264121988,12,5976593533021,8,6532617013398,6,90744981967675,6,3967714112441,0,0,0,0,0,0,0,0,0,0,0,0,0,0,0,0,0,0,0,0,0,0,0,0,0,0,0,0,0,0,0,0,0,0,0,0,0,0,0,0,0,0,0,0,0,0,0,0,0,0,0,0,0,0,0,0,0,0,0,0,0,0,0,0,0,0,0,0,0,0,0,0,0,0,0,0,0,0,0,0,0,0,0,0,0,0,0,0,0,0,0,0,0,0,0,0,0,9,93729341981165,0,0,0,0,0,0,0,0,0,0,0,0,0,0,618,15,3,23479858037995,12,2435250499166,87,3476897845125,10,3842263018646,0,0,0857959966261039,0,0,0,0,0,0,0,0,0,0,0,0,000184214591988373,1,95844125070288E-05,0,0,0,6,60077281631234E-05,0,0,0338078490123589,0,0,0,44560,1189386217,41958,8926363662,0,
350-360C*,0,014413699973915,633,150024,285,275724489869,917,554003081876,2,29006308280468,337,240941836496,38,9785038929045,80,6066817442365,0,0,9,30462245891876,295,627903693185,0,0405029806936023,0,44,8693459628416,413,434543330691,300,627903693185,41,0199528745958,49,7770440745958,51,7212784730351,19,3933182557635,0,488,319203248843,0,0,9,30021763406041,0,261,347780349352,1,50896811963828,0,44,4229312484739,53,1800224484739,8,01309622016734,0,208374547462074,0,000137461825457364,0,1,64630325732032E-05,0,0,192640623056488,11,4136255317334,15,9892571968403,10,6806581368904,8,39131101358525,6,97852923197235,0,0,0,0,0,0,0,0,0,0,0,0,0,0,0,0,0,0,0,0,0,0,0,0,0,0,0,0,0,0,0,0,0,0,0,0,0,0,0,0,0,0,0,0,0,0,0,0,0,0,0,0,0,0,0,0,0,0,0,0,0,0,0,0,0,0,0,0,0,0,0,0,0,0,0,0,0,0,0,0,0,0,0,0,0,0,0,0,0,0,0,0,0,0,0,0,0,9,30021763406041,0,0,0,0,0,0,0,0,0,0,0,0,0,0,628,15,3,74334066432582,12,1630540555926,87,4756504293492,10,3901887901262,0,0,0925533485348499,0,0,0,0,0,0,0,0,0,0,0,0,000212779359556622,2,26212196632138E-05,0,0,0,7,62430487874896E-05,0,0,0405029806936023,0,0,0,44471,8545898905,41887,5181826648,0,
360-370C*,0,0137205161128801,643,150024,294,48624581704,922,825283362785,2,41078725031828,338,112594412845,40,9406893413409,82,5693591157254,0,0,9,47190311906715,302,188149949373,0,0471981123748456,0,45,142398376934,416,489454925612,307,188149949373,40,5608276329497,49,3179188329497,50,3388086740228,17,4306408842746,0,555,773823837147,0,0,8,72050198463632,0,263,695398701205,1,51135367461579,0,43,9967871086812,52,7538783086812,7,47794215043529,0,224430816083895,0,000121399383228478,0,8,17339486242815E-06,0,0,218501846782687,9,8895638950851,20,6786283613483,13,3975959711515,10,3274307940072,7,51340573836146,0,0,0,0,0,0,0,0,0,0,0,0,0,0,0,0,0,0,0,0,0,0,0,0,0,0,0,0,0,0,0,0,0,0,0,0,0,0,0,0,0,0,0,0,0,0,0,0,0,0,0,0,0,0,0,0,0,0,0,0,0,0,0,0,0,0,0,0,0,0,0,0,0,0,0,0,0,0,0,0,0,0,0,0,0,0,0,0,0,0,0,0,0,0,0,0,0,8,72050198463632,0,0,0,0,0,0,0,0,0,0,0,0,0,0,638,15,4,34964753137479,12,0845580749182,87,5158977573918,10,3961512783878,0,0,099020775448302,0,0,0,0,0,0,0,0,0,0,0,0,000241344127124872,2,56580268193988E-05,0,0,0,8,64783694118558E-05,0,0,0471981123748456,0,0,0,44384,3939821134,41816,7832972137,0,
370-380C*,0,0130470681676716,653,150024,303,459625113466,928,049140361935,2,52963728083175,338,984573986643,42,8564187567481,84,5378844583337,0,0,9,64019852414437,308,543636547496,0,0538932440560889,0,45,3989797519572,419,359309332442,313,543636547496,40,1026508569387,48,8597420569387,48,9494615652428,15,4621155416663,0,623,228444425452,0,0,8,19411967800909,0,265,911602173112,1,50671749201944,0,43,5706429688884,52,3277341688884,6,9697237949391,0,241007136966528,0,000103946796267993,0,3,98175321496617E-06,0,0,293680913144846,8,43669758128326,27,3069154510172,17,1103605438117,12,8936921740839,8,01456199220918,0,0,0,0,0,0,0,0,0,0,0,0,0,0,0,0,0,0,0,0,0,0,0,0,0,0,0,0,0,0,0,0,0,0,0,0,0,0,0,0,0,0,0,0,0,0,0,0,0,0,0,0,0,0,0,0,0,0,0,0,0,0,0,0,0,0,0,0,0,0,0,0,0,0,0,0,0,0,0,0,0,0,0,0,0,0,0,0,0,0,0,0,0,0,0,0,0,8,19411967800909,0,0,0,0,0,0,0,0,0,0,0,0,0,0,648,15,5,07516240036962,12,0080371078934,87,5519125827924,10,4021137666494,0,0,105265228650509,0,0,0,0,0,0,0,0,0,0,0,0,00032438244655511,3,44860826430919E-05,0,0,0,0,000116232639998736,0,0,0538932440560889,0,0,0,44297,8420043376,41746,776811746,0,
380-390C*,0,0123973800511996,663,150024,312,082422316845,933,219938191791,2,64661317434508,339,853453251143,44,7297189326565,86,4702644073944,0,0,9,80895690063504,314,68961445611,0,0605883757373323,0,45,6426103572563,422,048170118079,319,68961445611,39,6455352643136,48,4026264643136,47,553237146695,13,5297355926056,0,690,683065013756,0,0,7,71704392064846,0,268,010301932451,1,51031116414876,0,43,1444988290957,51,9015900290957,6,4880725428161,0,258068225714497,8,64942093075079E-05,0,1,90189923734545E-06,0,0,464594615212101,7,05482139399686,36,904751092454,22,2937844402228,16,3537514432085,8,48199799351552,0,0,0,0,0,0,0,0,0,0,0,0,0,0,0,0,0,0,0,0,0,0,0,0,0,0,0,0,0,0,0,0,0,0,0,0,0,0,0,0,0,0,0,0,0,0,0,0,0,0,0,0,0,0,0,0,0,0,0,0,0,0,0,0,0,0,0,0,0,0,0,0,0,0,0,0,0,0,0,0,0,0,0,0,0,0,0,0,0,0,0,0,0,0,0,0,0,7,71704392064846,0,0,0,0,0,0,0,0,0,0,0,0,0,0,658,15,5,9464299022059,11,9334911545181,87,5836949055509,10,408076254911,0,0,111332063383773,0,0,0,0,0,0,0,0,0,0,0,0,000513163543129212,5,45559741154775E-05,0,0,0,0,000183876636983438,0,0,0605883757373323,0,0,0,44212,3001133316,41677,5841765511,0,
390-400C*,0,0117508761933739,673,150024,320,882318940569,938,332040964822,2,76171493085827,340,7158048996,46,5646166625963,88,4007053070367,0,0,9,97759221044486,320,62133464377,0,0672835074185756,0,45,8765849400949,424,56028302246,325,62133464377,39,189593572825,47,946684772825,46,1501354183795,11,5992946929633,0,758,137685602061,0,0,7,28524791902414,0,268,264032629875,1,51397580633319,0,42,7183546893029,51,475445889303,6,03261978320359,0,275578797932328,6,9041622347023E-05,0,8,89990331363295E-07,0,0,635508317279356,5,74367091259311,51,1749781192375,29,702610517003,21,1061637069971,8,91571374228046,0,0,0,0,0,0,0,0,0,0,0,0,0,0,0,0,0,0,0,0,0,0,0,0,0,0,0,0,0,0,0,0,0,0,0,0,0,0,0,0,0,0,0,0,0,0,0,0,0,0,0,0,0,0,0,0,0,0,0,0,0,0,0,0,0,0,0,0,0,0,0,0,0,0,0,0,0,0,0,0,0,0,0,0,0,0,0,0,0,0,0,0,0,0,0,0,0,7,28524791902414,0,0,0,0,0,0,0,0,0,0,0,0,0,0,668,15,6,99633267470151,11,8609202147924,87,6112447256673,10,4140387431726,0,0,117253657299659,0,0,0,0,0,0,0,0,0,0,0,0,000701944639703314,7,46258655878631E-05,0,0,0,0,00025152063396814,0,0,0672835074185756,0,0,0,44127,8664311196,41609,2875541051,0,
400-410C*,0,0110027576744973,683,150024,333,110122423761,943,379812793495,2,87494255037133,341,568201625267,48,3651387400978,90,3290921234082,0,0,10,145485214503,326,334048079032,0,073978639099819,0,46,103992450614,426,900048411183,331,334048079032,38,7349385002236,47,4920297002236,44,7401563802963,9,67090787659177,0,825,592306190365,0,0,6,89470487960587,0,270,723493715194,1,51770478831665,0,42,2922105495102,51,0493017495102,5,60299690523886,0,293503569224545,5,15890353865382E-05,0,4,07653247615336E-07,0,0,806422019346611,4,50292451493452,73,0161203437859,40,5694600001902,27,7662587935039,9,31570923850402,0,0,0,0,0,0,0,0,0,0,0,0,0,0,0,0,0,0,0,0,0,0,0,0,0,0,0,0,0,0,0,0,0,0,0,0,0,0,0,0,0,0,0,0,0,0,0,0,0,0,0,0,0,0,0,0,0,0,0,0,0,0,0,0,0,0,0,0,0,0,0,0,0,0,0,0,0,0,0,0,0,0,0,0,0,0,0,0,0,0,0,0,0,0,0,0,0,6,89470487960587,0,0,0,0,0,0,0,0,0,0,0,0,0,0,678,15,8,26560974849735,11,7903242887162,87,6345620431417,10,4200012314342,0,0,123054058748053,0,0,0,0,0,0,0,0,0,0,0,0,000890725736277415,9,46957570602487E-05,0,0,0,0,000319164630952842,0,0,073978639099819,0,0,0,44044,6358568704,41541,965927689,0,
410-420C*,0,010295172193954,693,150024,345,152729179428,948,357617790275,2,98629603288425,342,407216121397,50,1353119586913,92,2552689024139,0,0,10,3119850156201,331,82300573045,0,0806737707810623,0,46,3277342370473,429,07199510456,336,82300573045,38,28168276426,47,03877396426,43,3233000324453,7,74473109758614,0,829,980491116153,0,0,6,54138800886335,0,273,182954800514,1,52149121195597,0,41,8660664097175,50,6231576097175,5,19883529805924,0,311807255195673,3,41364484260533E-05,0,1,82602213192908E-07,0,0,977335721413866,3,33220537191426,107,524114403488,56,9676128841505,37,3058290873173,9,68198448218618,0,0,0,0,0,0,0,0,0,0,0,0,0,0,0,0,0,0,0,0,0,0,0,0,0,0,0,0,0,0,0,0,0,0,0,0,0,0,0,0,0,0,0,0,0,0,0,0,0,0,0,0,0,0,0,0,0,0,0,0,0,0,0,0,0,0,0,0,0,0,0,0,0,0,0,0,0,0,0,0,0,0,0,0,0,0,0,0,0,0,0,0,0,0,0,0,0,6,54138800886335,0,0,0,0,0,0,0,0,0,0,0,0,0,0,688,15,9,80470698515574,11,7217033762896,87,653646857974,10,4259637196957,0,0,128751693475908,0,0,0,0,0,0,0,0,0,0,0,0,00107950683285152,0,000114765648532634,0,0,0,0,000386808627937545,0,0,0806737707810623,0,0,0,43962,7001913247,41475,695223052,0,
420-430C*,0,00962377398979883,703,150024,357,066324043672,953,227730687877,3,05577407409886,343,142128494147,51,8791631119071,94,1790392681331,6,44242452291649E-05,0,10,474479077872,336,556157722693,0,212765043583811,0,46,5604544805735,431,080755649549,341,556157722693,37,83058087028,46,58767207028,41,8995663748266,5,82096073186689,0,0179502300909514,1027,15267249601,0,0,6,22127051326633,0,275,628107344251,1,52530306736454,0,41,4399222699247,50,1970134699247,4,86364402734495,0,330304741618332,1,98095052688353E-05,0,7,99114963384254E-08,0,0037579151534518,1,14824942348112,2,35869253274379,161,224159619173,81,1345749256349,50,6898253570421,10,014539473327,0,0,0,0,0,0,0,0,0,0,0,0,0,0,0,0,0,0,0,0,0,0,0,0,0,0,0,0,0,0,0,0,0,0,0,0,0,0,0,0,0,0,0,0,0,0,0,0,0,0,0,0,0,0,0,0,0,0,0,0,0,0,0,0,0,0,0,0,0,0,0,0,0,0,0,0,0,0,0,0,0,0,0,0,0,0,0,0,0,0,0,0,0,0,0,0,0,6,22127051326633,0,0,0,0,0,0,0,0,0,0,0,0,0,0,698,15,11,6789668961814,11,6693429064899,87,6572621577944,10,4207560483168,0,0,231257160200492,0,0,0,0,0,0,0,0,0,0,0,0,00126828792942562,0,00013483554000502,0,0,0,0,000454452624922247,0,0,212765043583811,0,0,0,43882,686298086,41410,9850650258,0,
430-440C*,0,00898432060330701,713,150024,368,916550681334,957,871744564561,2,92380139028458,343,492400367191,53,6007189932754,96,1001668998254,0,000407066475212069,0,10,6252355288202,338,91821063581,0,886383214445231,0,46,8389936869381,432,931043079548,343,91821063581,37,3840009567183,46,1410921567183,40,4689554074401,3,89983310017462,0,113419053127865,1449,09324885834,0,0,5,93032559928452,0,278,004539941806,1,52904266482448,0,41,013778130132,49,770869330132,4,72803674076683,0,348439374478109,1,89807461711992E-05,0,3,41314212017786E-08,0,023744496659918,1,31916312554838,1,96417750617816,231,243530355204,110,186545880863,66,721075801764,10,3133742119264,0,0,0,0,0,0,0,0,0,0,0,0,0,0,0,0,0,0,0,0,0,0,0,0,0,0,0,0,0,0,0,0,0,0,0,0,0,0,0,0,0,0,0,0,0,0,0,0,0,0,0,0,0,0,0,0,0,0,0,0,0,0,0,0,0,0,0,0,0,0,0,0,0,0,0,0,0,0,0,0,0,0,0,0,0,0,0,0,0,0,0,0,0,0,0,0,0,5,93032559928452,0,0,0,0,0,0,0,0,0,0,0,0,0,0,708,15,14,0279712239385,11,6829649546393,87,6094825069143,10,3677357537561,0,0,716496264531058,0,0,0,0,0,0,0,0,0,0,0,0,00145706902599972,0,000154905431477406,0,0,0,0,000522096621906949,0,0,886383214445231,0,0,0,43806,5514312138,41349,4221869025,0,
440-450C*,0,00837851187846989,723,150024,380,65021957692,962,422857581017,2,79881626323145,343,842672240234,55,3040063963264,98,0183759958539,0,000749708705194973,0,10,7717233185844,341,280263548928,1,56000138530665,0,47,122503840333,434,62762918757,346,280263548928,36,9392790603612,45,6963702603612,39,0314671302859,1,98162400414611,0,208887876164778,1871,03382522067,0,0,5,66452647338764,0,280,369309300839,1,53280756442036,0,40,5876339903393,49,3447251903393,4,5924294541887,0,366819091790247,1,81519870735631E-05,0,1,4212435536791E-08,0,0437310781663842,1,49007682761563,1,56927998142012,339,801805417284,152,603914341618,89,3514536242206,10,4297394316895,0,0,0,0,0,0,0,0,0,0,0,0,0,0,0,0,0,0,0,0,0,0,0,0,0,0,0,0,0,0,0,0,0,0,0,0,0,0,0,0,0,0,0,0,0,0,0,0,0,0,0,0,0,0,0,0,0,0,0,0,0,0,0,0,0,0,0,0,0,0,0,0,0,0,0,0,0,0,0,0,0,0,0,0,0,0,0,0,0,0,0,0,0,0,0,0,0,5,66452647338764,0,0,0,0,0,0,0,0,0,0,0,0,0,0,718,15,17,0208993092501,11,6957146181839,87,5619902385931,10,3154326807994,0,1,21797373874799,0,0,0,0,0,0,0,0,0,0,0,0,00164585012257382,0,000174975322949791,0,0,0,0,000589740618891651,0,1,56000138530665,0,0,0,43732,0406350803,41289,1754928843,0,
450-460C*,0,0078046247976067,733,150024,392,292889217704,966,879183636488,2,67617586563596,344,192944113277,56,9930521145906,98,2341637404309,0,00109235093517788,0,10,9134368571767,343,642316462045,2,23361955616807,0,47,4121715816171,436,175324321093,348,642316462045,36,4964529032238,45,2535441032238,37,587101543364,1,7658362595691,0,304356699201691,2292,97440158301,0,0,5,41984634204542,0,282,722415421348,1,53659263530106,0,40,1614898505465,48,9185810505465,4,45682216761058,0,385426004462355,1,73232279759269E-05,0,5,76302027866878E-09,0,0637176596728505,1,64975917706575,1,17399995846969,512,4406529489,215,833573686759,121,893238307978,10,4563635437043,0,0,0,0,0,0,0,0,0,0,0,0,0,0,0,0,0,0,0,0,0,0,0,0,0,0,0,0,0,0,0,0,0,0,0,0,0,0,0,0,0,0,0,0,0,0,0,0,0,0,0,0,0,0,0,0,0,0,0,0,0,0,0,0,0,0,0,0,0,0,0,0,0,0,0,0,0,0,0,0,0,0,0,0,0,0,0,0,0,0,0,0,0,0,0,0,0,5,41984634204542,0,0,0,0,0,0,0,0,0,0,0,0,0,0,728,15,20,8788647486793,11,7081715462344,87,5145944037429,10,2638468294468,0,1,74180747911096,0,0,0,0,0,0,0,0,0,0,0,0,00182222573592787,0,000193726349840885,0,0,0,0,000652939486121522,0,2,23361955616807,0,0,0,43659,1718322643,41230,2589336,0,
460-480C*,0,0140015606510232,753,150024,409,652364429992,973,381821322452,2,49661163697579,345,328124782692,59,5087261438588,98,5271415791255,0,00160631428015223,0,11,0441071629647,347,185395831721,3,2440468124602,0,47,860635802564,438,019598392476,352,185395831721,35,8358506954626,44,5929418954626,35,4076582071666,1,47285842087446,0,44755993375706,2925,88526612651,0,0,5,08361564897459,0,286,230206029882,1,54229671363654,0,39,5222736408574,48,2793648408574,4,25341123774338,0,413723232380856,1,60800893294727E-05,0,8,70669017649523E-10,0,0936975319325498,2,79717870247513,0,580362739933281,1000,26836409376,378,821813209372,201,664748504303,10,4962997117266,0,0,0,0,0,0,0,0,0,0,0,0,0,0,0,0,0,0,0,0,0,0,0,0,0,0,0,0,0,0,0,0,0,0,0,0,0,0,0,0,0,0,0,0,0,0,0,0,0,0,0,0,0,0,0,0,0,0,0,0,0,0,0,0,0,0,0,0,0,0,0,0,0,0,0,0,0,0,0,0,0,0,0,0,0,0,0,0,0,0,0,0,0,0,0,0,0,5,08361564897459,0,0,0,0,0,0,0,0,0,0,0,0,0,0,743,15,29,00522672093,11,7263080592587,87,4436814642255,10,1878128429253,0,2,56429917298756,0,0,0,0,0,0,0,0,0,0,0,0,00308959700936784,0,000328464437365316,0,0,0,0,00110706365509212,0,3,2440468124602,0,0,0,43552,9842185466,41144,4060925312,0,
480-500C*,0,0120555733704107,773,150024,432,791762831482,981,702646933255,2,26539921853061,346,109010631336,62,8506956924115,98,91876532202,0,00229159874011804,0,11,2896726329877,351,909501657956,4,59128315418304,0,48,490000993398,440,323947877575,356,909501657956,34,9620349111906,43,7191261111906,32,4776631747163,1,08123467797996,0,638497579830886,3769,76641885118,0,0,4,67164113287223,0,290,866438839764,1,54992396811046,0,38,6699853612719,47,4270765612719,3,98219666458713,0,452081088503108,1,44225711342005E-05,0,1,1643634649436E-10,0,133670694945482,4,35254765101152,-0,21249229512199,2719,76974039354,875,545175899847,426,474793138559,10,5495479357562,0,0,0,0,0,0,0,0,0,0,0,0,0,0,0,0,0,0,0,0,0,0,0,0,0,0,0,0,0,0,0,0,0,0,0,0,0,0,0,0,0,0,0,0,0,0,0,0,0,0,0,0,0,0,0,0,0,0,0,0,0,0,0,0,0,0,0,0,0,0,0,0,0,0,0,0,0,0,0,0,0,0,0,0,0,0,0,0,0,0,0,0,0,0,0,0,0,4,67164113287223,0,0,0,0,0,0,0,0,0,0,0,0,0,0,763,15,47,0988495356833,11,7494655023952,87,3494683953504,10,0889444698443,0,3,71755116842561,0,0,0,0,0,0,0,0,0,0,0,0,00480756492025228,0,000511106821323275,0,0,0,0,00172264550249423,0,4,59128315418304,0,0,0,43417,2992006896,41034,7043658059,0,
500-520C*,0,0103195637773493,793,150024,456,230269419706,989,610374886547,2,04356571791598,346,809034835121,66,2081807853615,99,3111313353306,0,00297688320008385,0,11,5076215652419,356,633607484191,5,93851949590588,0,49,1621132166906,442,116291793548,361,633607484191,34,0964810800688,42,8535722800688,29,520158903195,0,688868664669414,0,829435225904712,4613,64757157584,0,0,4,27166031144352,0,295,456018695554,1,55753705016423,1,24109955594967E-07,37,8176970816864,46,5747882816865,2,98532793592199,0,491025722402213,1,27650529389283E-05,0,1,36162812895303E-11,0,173643857958415,5,90791659954791,-3,13983494281468,8504,17432042757,2265,0792760951,996,812864355514,10,6027961597859,0,0,0,0,0,0,0,0,0,0,0,0,0,0,0,0,0,0,0,0,0,0,0,0,0,0,0,0,0,0,0,0,0,0,0,0,0,0,0,0,0,0,0,0,0,0,0,0,0,0,0,0,0,0,0,0,0,0,0,0,0,0,0,0,0,0,0,0,0,0,0,0,0,0,0,0,0,0,0,0,0,0,0,0,0,0,0,0,0,0,0,0,0,0,0,0,0,4,27166031144352,0,0,0,0,0,0,0,0,0,0,0,0,0,0,783,15,81,2519903647701,11,7714520035552,87,2556410603589,9,99294498317932,0,4,92290863477553,0,0,0,0,0,0,0,0,0,0,0,0,00652553283113672,0,000693749205281235,0,0,0,0,00233822734989634,0,5,93851949590588,0,0,0,43288,4633065306,40930,5296835518,0,
520-540C*,0,00873842431140058,813,150024,480,35170103038,997,089916376293,1,83111113513188,347,446617998664,69,613395770951,99,7038147962926,0,00366216766004966,0,11,694510052447,361,357713310426,7,28575583762872,0,49,883802386301,443,434260082625,366,357713310426,33,239490978218,41,996582178218,26,5351453926028,0,29618520370741,1,02037287197854,4903,70340682794,0,0,3,85145883644627,0,299,998945597254,1,56509268662254,1,7942079524066E-07,36,965408802101,45,722500002101,2,74401267080046,0,530414021339046,1,1107534743656E-05,0,1,37320032233685E-12,0,213617020971347,6,85312743892575,-3,85157377115154,31168,2983892698,6658,50255961806,2610,20013659902,10,6560443838155,0,0,0,0,0,0,0,0,0,0,0,0,0,0,0,0,0,0,0,0,0,0,0,0,0,0,0,0,0,0,0,0,0,0,0,0,0,0,0,0,0,0,0,0,0,0,0,0,0,0,0,0,0,0,0,0,0,0,0,0,0,0,0,0,0,0,0,0,0,0,0,0,0,0,0,0,0,0,0,0,0,0,0,0,0,0,0,0,0,0,0,0,0,0,0,0,0,3,85145883644627,0,0,0,0,0,0,0,0,0,0,0,0,0,0,803,15,150,265492803012,11,7922675627388,87,1621994592511,9,89981438293053,0,6,17046324401071,0,0,0,0,0,0,0,0,0,0,0,0,0075695564324818,0,000804742523753565,0,0,0,0,00271232163488013,0,7,28575583762872,0,0,0,43166,5875058887,40831,9585524862,0,
540-560C*,0,00727682398122128,833,150024,505,586971019794,1004,12618259646,1,62803547017832,348,040180726583,73,0985549974221,100,0,0356469557730761,0,11,8472550704736,366,081819136661,8,63299217935156,0,50,6613684521799,444,314445340833,371,081819136661,32,3913663817587,41,1484575817587,23,5226226429396,0,9,93214591196293,5819,05600449509,0,0,3,37882235963827,0,304,495219544862,1,57254710222533,2,06984260713968E-07,36,1131205225155,44,8702117225155,2,55175738558358,0,570102872574484,9,45001654838376E-06,0,1,17550415132813E-13,2,07931384830072,11,1023581802324,-4,41948127062978,136804,613756953,22616,2021274256,7773,09890921143,10,494599158691,0,0,0,0,0,0,0,0,0,0,0,0,0,0,0,0,0,0,0,0,0,0,0,0,0,0,0,0,0,0,0,0,0,0,0,0,0,0,0,0,0,0,0,0,0,0,0,0,0,0,0,0,0,0,0,0,0,0,0,0,0,0,0,0,0,0,0,0,0,0,0,0,0,0,0,0,0,0,0,0,0,0,0,0,0,0,0,0,0,0,0,0,0,0,0,0,0,3,37882235963827,0,0,0,0,0,0,0,0,0,0,0,0,0,0,823,15,300,900198847913,11,811912179946,87,0691435920268,9,80955266909789,0,7,45291667628362,0,0,0,0,0,0,0,0,0,0,0,0,0122630036472908,0,0013037171453763,0,0,0,0,00439407650868858,0,8,63299217935156,0,0,0,43051,7781903038,40739,0622481207,0,
560-580C*,0,00651866874650771,853,150024,532,409770862153,1010,70408474101,1,43433872305529,348,608143623494,76,6958728130173,100,0,123007788810747,0,11,9632200080115,370,805924962896,9,9802285210744,0,51,5007177350946,444,792138347168,375,805924962896,31,5524090668117,40,3095002668117,20,4825906542054,0,34,2730892642504,6762,23898293209,0,0,2,8215365327773,0,308,944840538379,1,57985623096067,2,326527999762E-07,35,26083224293,44,01792344293,2,39690667799563,0,609949163369404,7,79249835311152E-06,0,8,38721298380265E-15,7,17513715865145,16,5892435129418,-4,87745748679055,736717,552655962,90431,4165170621,26768,7673193163,10,2469455619018,0,0,0,0,0,0,0,0,0,0,0,0,0,0,0,0,0,0,0,0,0,0,0,0,0,0,0,0,0,0,0,0,0,0,0,0,0,0,0,0,0,0,0,0,0,0,0,0,0,0,0,0,0,0,0,0,0,0,0,0,0,0,0,0,0,0,0,0,0,0,0,0,0,0,0,0,0,0,0,0,0,0,0,0,0,0,0,0,0,0,0,0,0,0,0,0,0,2,8215365327773,0,0,0,0,0,0,0,0,0,0,0,0,0,0,843,15,659,642587972209,11,8303858551768,86,9764734586862,9,7221598416814,0,8,76466834124358,0,0,0,0,0,0,0,0,0,0,0,0,0183234904155058,0,00194802589193642,0,0,0,0,00656566866550203,0,9,9802285210744,0,0,0,42944,1397623955,40651,9094746291,0,
580-600C*,0,00594887116626182,873,150024,561,333756331603,1016,80853400391,1,25002089376281,349,168927294015,80,4375635659785,100,0,210368621848419,0,12,0402919990498,384,881606010763,11,3274648627972,0,52,4074799044174,444,901129982781,389,881606010763,30,7229208094978,39,4800120094978,17,4150494264003,0,58,6140326165379,7722,07047687253,0,0,2,14738700762117,0,313,347808577805,1,5869759809076,2,56426413027356E-07,34,4085439633445,43,1656351633445,2,26780514576094,0,649809780984681,6,13498015783927E-06,0,4,8841076376234E-16,12,2709604690022,22,0761288456513,-5,25966089426838,5002193,5838817,434656,63252764,108610,576450198,9,99929196511269,0,0,0,0,0,0,0,0,0,0,0,0,0,0,0,0,0,0,0,0,0,0,0,0,0,0,0,0,0,0,0,0,0,0,0,0,0,0,0,0,0,0,0,0,0,0,0,0,0,0,0,0,0,0,0,0,0,0,0,0,0,0,0,0,0,0,0,0,0,0,0,0,0,0,0,0,0,0,0,0,0,0,0,0,0,0,0,0,0,0,0,0,0,0,0,0,0,2,14738700762117,0,0,0,0,0,0,0,0,0,0,0,0,0,0,863,15,1602,47802172617,11,8476885884312,86,8841890592291,9,63763590068105,0,10,1012818604339,0,0,0,0,0,0,0,0,0,0,0,0,0243839771837208,0,00259233463849654,0,0,0,0,00873726082231549,0,11,3274648627972,0,0,0,42843,7769646659,40570,5687376357,0,
600-625C*,0,0063371262967671,898,150024,597,073485156947,1023,09132794534,1,05387407352808,349,81416331572,85,3855002669144,100,0,339440817281812,0,12,1004934590451,386,223627619912,11,6346176836744,0,53,5149548240396,444,642476882759,391,223627619912,29,8014407496061,38,5585319496061,13,9311834077926,0,94,5768192217335,8807,85835361171,0,0,0,683316325293024,0,318,245382762972,1,59470481774837,2,80906698723231E-07,33,4497196488109,42,2068108488109,2,13883189146065,0,694491908698094,4,270272188158E-06,0,1,01130060428898E-17,19,7998390192901,26,3436689326996,-5,64183069793816,59158990,0364487,3261650,02252826,655510,394875482,9,72068166872491,0,0,0,0,0,0,0,0,0,0,0,0,0,0,0,0,0,0,0,0,0,0,0,0,0,0,0,0,0,0,0,0,0,0,0,0,0,0,0,0,0,0,0,0,0,0,0,0,0,0,0,0,0,0,0,0,0,0,0,0,0,0,0,0,0,0,0,0,0,0,0,0,0,0,0,0,0,0,0,0,0,0,0,0,0,0,0,0,0,0,0,0,0,0,0,0,0,0,683316325293024,0,0,0,0,0,0,0,0,0,0,0,0,0,0,885,65,5000,84466297646,11,8657545217613,86,7808301823727,9,54597568284997,0,10,4091049518264,0,0,0,0,0,0,0,0,0,0,0,0,0290976478114269,0,00309345927253794,0,0,0,0,0104262621445547,0,11,6346176836744,0,0,0,42739,6991052841,40486,095461064,0,
625-650C*,0,00509128943122942,923,150024,641,968054421124,1029,26225479178,0,847677205922805,350,597922543593,89,9667958078415,100,0,410749188963661,0,12,1609959263403,383,581475144016,14,6942414752043,0,54,8789546797231,443,902909838266,388,581475144016,28,7937731226074,37,5508643226074,10,0332041921585,0,114,445139804218,9999,5078578662,0,0,0,0,321,657909290786,1,60281201028135,3,04833948016806E-07,32,384359299329,41,141450499329,1,98298730170549,0,743622556904924,2,19837444406769E-06,0,1,38605125770891E-19,23,9593101491893,42,6423590254653,-6,10408649101091,1444715859,64885,43619582,807582,6621585,54526107,9,4111146727385,0,0,0,0,0,0,0,0,0,0,0,0,0,0,0,0,0,0,0,0,0,0,0,0,0,0,0,0,0,0,0,0,0,0,0,0,0,0,0,0,0,0,0,0,0,0,0,0,0,0,0,0,0,0,0,0,0,0,0,0,0,0,0,0,0,0,0,0,0,0,0,0,0,0,0,0,0,0,0,0,0,0,0,0,0,0,0,0,0,0,0,0,0,0,0,0,0,0,0,0,0,0,0,0,0,0,0,0,0,0,0,0,910,65,21595,6143104399,11,8840896640206,86,6660460071446,9,44934966724542,0,13,5280814358439,0,0,0,0,0,0,0,0,0,0,0,0,0471002102228536,0,00500736633409778,0,0,0,0,0168769359650527,0,14,6942414752043,0,0,0,42636,0282451446,40401,7410141863,0,
650-675C*,0,0038209790347213,948,150024,694,495862264637,1034,03284181739,0,634031058909897,351,6527710711,93,714177494664,100,0,425230048157909,0,12,221800905972,349,569390177097,18,6693397468753,0,56,5345008124479,442,743732994451,354,569390177097,27,8141122920254,36,5712034920254,6,28582250533603,0,118,479874419458,11122,3591935019,0,0,0,0,299,252505941417,1,60979408476217,3,26720949209015E-07,31,3189989498472,40,0760901498472,1,67115518618247,0,791237793331748,1,26476699977383E-07,0,1,17292580372822E-21,24,8039896002837,62,7665951185162,-7,03053874520251,61192183030,942,896554513,944557,98087682,24685,9,18635921732432,0,0,0,0,0,0,0,0,0,0,0,0,0,0,0,0,0,0,0,0,0,0,0,0,0,0,0,0,0,0,0,0,0,0,0,0,0,0,0,0,0,0,0,0,0,0,0,0,0,0,0,0,0,0,0,0,0,0,0,0,0,0,0,0,0,0,0,0,0,0,0,0,0,0,0,0,0,0,0,0,0,0,0,0,0,0,0,0,0,0,0,0,0,0,0,0,0,0,0,0,0,0,0,0,0,0,0,0,0,0,0,0,935,65,118671,685211496,11,9005952094419,86,5466521495858,9,36695167765659,0,17,6907753631797,0,0,0,0,0,0,0,0,0,0,0,0,0693282429166122,0,00737049596891936,0,0,0,0,0248416792778042,0,18,6693397468753,0,0,0,42552,3672143349,40333,1855194816,0,
675-700C*,0,00287251847648598,973,150024,754,245234639486,1038,27769729082,0,447296751540072,352,726838761808,97,4615591814864,100,0,450703193289777,0,12,2829099105018,319,915288540395,22,672973296407,0,58,2459999683686,441,215787687061,324,915288540395,26,8449660924868,35,6020572924868,2,53844081851358,0,125,57733846223,12210,2943592057,0,0,0,0,280,050401253189,1,61649857499288,3,45186841144698E-07,30,2536386003653,39,0107298003653,1,39005446620234,0,838275456834329,0,0,5,622719383272E-24,26,289857256333,75,7023019285343,-7,86742152595485,4152996235392,38,29702599292,7509,2231789890,59184,7,87484543113819,0,0,0,0,0,0,0,0,0,0,0,0,0,0,0,0,0,0,0,0,0,0,0,0,0,0,0,0,0,0,0,0,0,0,0,0,0,0,0,0,0,0,0,0,0,0,0,0,0,0,0,0,0,0,0,0,0,0,0,0,0,0,0,0,0,0,0,0,0,0,0,0,0,0,0,0,0,0,0,0,0,0,0,0,0,0,0,0,0,0,0,0,0,0,0,0,0,0,0,0,0,0,0,0,0,0,0,0,0,0,0,0,960,65,863006,522376937,11,915271158025,86,4307514378791,9,2836321942501,0,21,9683212262097,0,0,0,0,0,0,0,0,0,0,0,0,0836162542756742,0,00888949783158747,0,0,0,0,0299613560612813,0,22,672973296407,0,0,0,42476,3695498632,40270,699989065,0,
700-725C*,0,00212431836807742,998,150024,826,245249474396,1042,09650627596,0,292375181121701,353,815047859799,100,100,0,457125509964194,0,12,3443244600544,294,619170233908,26,5786387365632,0,59,9909052689811,439,365611027999,299,619170233908,25,8843408227141,34,6414320227141,0,0,127,366758801198,13249,4212960398,0,0,0,0,257,576704714729,1,62300698563309,3,60691910875575E-07,29,1882782508835,37,9453694508835,1,14679912110509,0,884629660788528,0,0,1,37064635256234E-26,26,6644758513117,109,638600225035,-8,59295898612612,566760435323847,1757116621423,57,85202777998,7175,6,52217413529408,0,0,0,0,0,0,0,0,0,0,0,0,0,0,0,0,0,0,0,0,0,0,0,0,0,0,0,0,0,0,0,0,0,0,0,0,0,0,0,0,0,0,0,0,0,0,0,0,0,0,0,0,0,0,0,0,0,0,0,0,0,0,0,0,0,0,0,0,0,0,0,0,0,0,0,0,0,0,0,0,0,0,0,0,0,0,0,0,0,0,0,0,0,0,0,0,0,0,0,0,0,0,0,0,0,0,0,0,0,0,0,0,985,65,8717528,3217225,11,9281175097699,86,3194995715455,9,19723045384287,0,26,193454211586,0,0,0,0,0,0,0,0,0,0,0,0,12110026830492,0,0128745371558031,0,0,0,0,0433926189259588,0,26,5786387365632,0,0,0,42406,6391262297,40213,1875200379,0,
725-750C*,0,0015408840643064,1023,150024,910,215597508123,1045,58895383667,0,174167244963155,354,912320609158,100,100,0,468190777497515,0,12,4060460823546,274,9871654766,30,2598326801075,0,61,7466045722209,437,235577770466,279,9871654766,24,9302427814299,33,6873339814299,0,0,130,449823095784,14225,8479450663,0,0,0,0,238,159107364572,1,6294078394898,3,73236158401646E-07,28,1229179014016,36,8800091014016,0,948503130230714,0,930194518570208,0,0,1,48132469721263E-29,27,3099213589569,161,005916131377,-9,18531052629158,1,74075568240165E+17,203799696128924,5932877545089,95,5,49483344177448,0,0,0,0,0,0,0,0,0,0,0,0,0,0,0,0,0,0,0,0,0,0,0,0,0,0,0,0,0,0,0,0,0,0,0,0,0,0,0,0,0,0,0,0,0,0,0,0,0,0,0,0,0,0,0,0,0,0,0,0,0,0,0,0,0,0,0,0,0,0,0,0,0,0,0,0,0,0,0,0,0,0,0,0,0,0,0,0,0,0,0,0,0,0,0,0,0,0,0,0,0,0,0,0,0,0,0,0,0,0,0,0,1010,65,128974487,388736,11,9391342646768,86,2140522501063,9,10558569325181,0,30,2040850674407,0,0,0,0,0,0,0,0,0,0,0,0,177837546285427,0,0189064494191179,0,0,0,0,0637227066851806,0,30,2598326801075,0,0,0,42341,8201344875,40159,5888223113,0,
750-775C*,0,00110430320976507,1048,150024,1001,35582869604,1048,85472503684,0,139641497682726,356,013579253969,100,100,0,518146802943045,0,12,4680763127664,260,884916718082,33,5900517398036,0,63,4903143412957,434,864093543517,266,821748630874,23,9806782673565,32,7377694673565,0,0,144,368839040214,15125,6822473475,0,0,0,0,219,688378856541,1,63579546318843,3,52068540025513E-07,27,0575575519198,35,8146487519198,0,856109003530441,0,974864143555232,0,0,5,94693471596448E-33,30,2238943699641,193,303724520443,-9,46159040368653,1,33612037465026E+20,5,1638889462646E+16,829888390330211,4,61750656231226,0,0,0,0,0,0,0,0,0,0,0,0,0,0,0,0,0,0,0,0,0,0,0,0,0,0,0,0,0,0,0,0,0,0,0,0,0,0,0,0,0,0,0,0,0,0,0,0,0,0,0,0,0,0,0,0,0,0,0,0,0,0,0,0,0,0,0,0,0,0,0,0,0,0,0,0,0,0,0,0,0,0,0,0,0,0,0,0,0,0,0,0,0,0,0,0,0,0,0,0,0,0,0,0,0,0,0,0,0,0,0,0,1035,65,2971464130,01851,11,9379329865627,86,1155651730826,9,00653714929383,0,33,8448283412159,0,0,0,0,0,0,0,0,0,0,0,0,21351178194284,0,022699085710557,0,0,0,0,0765054902002367,0,33,5900517398036,0,0,0,42280,5905919263,40108,8761413032,0,
775-800C*,0,000783116180110224,1073,150024,1099,25710355362,1051,99350494034,0,109089465943897,357,113746038314,100,100,0,573656186447876,0,12,5304166943302,244,878715295744,36,4427925284153,0,65,1990343911096,432,285821973532,267,445159832101,23,0336535792166,31,7907447792166,0,1,4210854715202E-14,159,835161401232,15935,0321439453,0,0,0,0,202,164519190635,1,64226914557033,3,25379604095133E-07,25,9921972024379,34,7492884024379,0,715245128510532,1,01853264911946,0,0,7,03082695798661E-37,33,4617989793264,260,015718307271,-9,88314779448793,1,36062139813959E+23,3,23911888652706E+19,2,60731618301134E+17,3,83483784596377,0,0,0,0,0,0,0,0,0,0,0,0,0,0,0,0,0,0,0,0,0,0,0,0,0,0,0,0,0,0,0,0,0,0,0,0,0,0,0,0,0,0,0,0,0,0,0,0,0,0,0,0,0,0,0,0,0,0,0,0,0,0,0,0,0,0,0,0,0,0,0,0,0,0,0,0,0,0,0,0,0,0,0,0,0,0,0,0,0,0,0,0,0,0,0,0,0,0,0,0,0,0,0,0,0,0,0,0,0,0,0,0,1060,65,114439087615,129,11,9348054771017,86,0251940399953,8,89792405878584,0,36,9670242479196,0,0,0,0,0,0,0,0,0,0,0,0,287197877261086,0,0305328781977224,0,0,0,0,102908674099348,0,36,4427925284153,0,0,0,42221,6574850475,40060,048708504,0,
800-825C*,0,0019839501168895,1098,150024,1203,29416729592,1055,10497861105,0,0914331944465081,358,207743206277,100,100,0,627379347054171,0,12,5930687778019,237,014530310121,38,6915516587061,0,66,8495598999574,429,531931791022,268,068571033328,22,0871750157325,30,8442662157325,0,1,4210854715202E-14,174,803796757004,16640,005575922,0,0,0,0,185,587528366855,1,64893270528195,2,98690668164754E-07,24,9268368529561,33,6839280529561,0,697948083501579,1,06109414863876,0,0,1,79365614365673E-41,36,5955118502427,371,782087193135,-9,93494038462729,3,79099751093394E+26,5,81168404051435E+22,2,0931508447247E+20,3,09147164178529,0,0,0,0,0,0,0,0,0,0,0,0,0,0,0,0,0,0,0,0,0,0,0,0,0,0,0,0,0,0,0,0,0,0,0,0,0,0,0,0,0,0,0,0,0,0,0,0,0,0,0,0,0,0,0,0,0,0,0,0,0,0,0,0,0,0,0,0,0,0,0,0,0,0,0,0,0,0,0,0,0,0,0,0,0,0,0,0,0,0,0,0,0,0,0,0,0,0,0,0,0,0,0,0,0,0,0,0,0,0,0,0,1085,65,7996161223706,4,11,9316779676407,85,9440945503657,8,77758565854475,0,39,4277141604264,0,0,0,0,0,0,0,0,0,0,0,0,410648352109945,0,0436572729458932,0,0,0,0,14714341846719,0,38,6915516587061,0,0,0,42163,7535517226,40012,1297348371,0,
825-850C*,7,06547512504699E-05,1123,150024,1314,65935451427,1058,26653969906,0,0595387851405241,359,305668097982,100,100,0,684674953457536,0,12,6560341216909,225,416002807711,41,4240036733619,0,68,4245400069326,426,630353116244,268,691982234555,21,1396947039024,29,8967859039024,0,0,190,767806123268,17430,700833563,0,0,0,0,168,199168543461,1,6558697207654,2,72001732234375E-07,23,8614765034742,32,6185677034742,0,618867623487148,1,10457589892656,0,0,6,44754093073519E-47,39,937608198051,454,387986772933,-10,1718104911353,3,33067745398698E+30,3,52423572855839E+26,4,98338929484883E+23,2,33205229883314,0,0,0,0,0,0,0,0,0,0,0,0,0,0,0,0,0,0,0,0,0,0,0,0,0,0,0,0,0,0,0,0,0,0,0,0,0,0,0,0,0,0,0,0,0,0,0,0,0,0,0,0,0,0,0,0,0,0,0,0,0,0,0,0,0,0,0,0,0,0,0,0,0,0,0,0,0,0,0,0,0,0,0,0,0,0,0,0,0,0,0,0,0,0,0,0,0,0,0,0,0,0,0,0,0,0,0,0,0,0,0,0,1110,65,1,11420236479722E+15,11,9285504581797,85,8553595273289,8,6667163373467,0,42,4146026733475,0,0,0,0,0,0,0,0,0,0,0,0,501889909208906,0,0533574398692739,0,0,0,0,179837071196657,0,41,4240036733619,0,0,0,42105,0376238897,39963,5469293176,0,
850-875C*,7,86535381487739E-07,1148,150024,1430,01181176382,1061,4291939609,0,360,403926705753,100,100,0,740184336962366,0,12,7193142922993,213,593031504254,44,1879596689893,0,69,9404416533482,423,606034728143,269,315393435782,20,1921925285956,28,9492837285956,0,0,206,234128484287,18226,8153543012,0,0,0,0,150,762043310492,1,66302574662286,2,45312796303995E-07,22,7961161539924,31,5532073539924,0,539787163472717,1,14811499499386,0,0,1,79175042785312E-53,43,1755128074133,588,257254546581,-10,4088106750018,9,9000000000003E+34,8,7568913676764E+30,4,17853020872222E+27,1,50122416616363,0,0,0,0,0,0,0,0,0,0,0,0,0,0,0,0,0,0,0,0,0,0,0,0,0,0,0,0,0,0,0,0,0,0,0,0,0,0,0,0,0,0,0,0,0,0,0,0,0,0,0,0,0,0,0,0,0,0,0,0,0,0,0,0,0,0,0,0,0,0,0,0,0,0,0,0,0,0,0,0,0,0,0,0,0,0,0,0,0,0,0,0,0,0,0,0,0,0,0,0,0,0,0,0,0,0,0,0,0,0,0,0,1135,65,3,45323500625916E+17,11,9254229487187,85,7661433635839,8,55645768599395,0,45,4301275234885,0,0,0,0,0,0,0,0,0,0,0,0,64975392983574,0,0690773127829598,0,0,0,0,232819671398375,0,44,1879596689893,0,0,0,42046,5031245824,39915,1322788629,0,
875-900C*,0,1173,150024,1551,45119572565,1064,59184822274,0,361,502185313524,100,100,0,795693720467196,,12,7829108637608,201,770060200797,46,9519156646168,,,,269,938804637009,,,0,0,221,700450845305,19022,9298750394,,,0,0,133,324918077523,,2,18623860373616E-07,,,0,460706703458285,1,19165409106116,0,,,46,4134174167756,724,508649431092,,,,,0,543631592833073,0,0,0,0,0,0,0,0,0,0,0,0,0,0,0,0,0,0,0,0,0,0,0,0,0,0,0,0,0,0,0,0,0,0,0,0,0,0,0,0,0,0,0,0,0,0,0,0,0,0,0,0,0,0,0,0,0,0,0,0,0,0,0,0,0,0,0,0,0,0,0,0,0,0,0,0,0,0,0,0,0,0,0,0,0,0,0,0,0,0,0,0,0,0,0,0,0,0,0,0,0,0,0,0,0,0,0,0,0,0,0,0,1160,65,,11,9222954392577,85,676927199839,8,44619903464121,,,,,,,,,,,,,,0,800249106202159,0,0850769118508991,,,,0,286745066689986,,46,9519156646168,,,,41988,1874614505,,,
900-925C*,0,1198,150024,1679,05864036355,1067,75450248458,0,362,600443921295,100,100,0,851203103972026,,12,8468254180796,189,94708889734,49,7158716602443,,,,270,562215838236,,,0,1,4210854715202E-14,237,166773206323,19819,0443957777,,,0,0,115,887792844554,,1,91934924443237E-07,,,0,381626243443854,1,23519318712846,0,,,49,6513220261379,842,084170177078,,,,,0,0,0,0,0,0,0,0,0,0,0,0,0,0,0,0,0,0,0,0,0,0,0,0,0,0,0,0,0,0,0,0,0,0,0,0,0,0,0,0,0,0,0,0,0,0,0,0,0,0,0,0,0,0,0,0,0,0,0,0,0,0,0,0,0,0,0,0,0,0,0,0,0,0,0,0,0,0,0,0,0,0,0,0,0,0,0,0,0,0,0,0,0,0,0,0,0,0,0,0,0,0,0,0,0,0,0,0,0,0,0,0,0,1185,65,,11,9191679297967,85,587711036094,8,33594038328846,,,,,,,,,,,,,,0,930116024232897,0,0988834581525677,,,,0,333278949430918,,49,7158716602443,,,,41930,09011411,,,
925-950C*,0,1223,150024,1812,83218919905,1070,91715674642,0,363,698702529066,100,100,0,906712487476856,,12,91105954517,178,124117593883,52,4798276558718,,,,271,185627039463,,,0,0,252,633095567341,20615,1589165159,,,0,0,98,4506676115847,,1,65245988512857E-07,,,0,302545783429423,1,27873228319576,0,,,52,8892266355002,959,659690923063,,,,,0,0,0,0,0,0,0,0,0,0,0,0,0,0,0,0,0,0,0,0,0,0,0,0,0,0,0,0,0,0,0,0,0,0,0,0,0,0,0,0,0,0,0,0,0,0,0,0,0,0,0,0,0,0,0,0,0,0,0,0,0,0,0,0,0,0,0,0,0,0,0,0,0,0,0,0,0,0,0,0,0,0,0,0,0,0,0,0,0,0,0,0,0,0,0,0,0,0,0,0,0,0,0,0,0,0,0,0,0,0,0,0,0,1210,65,,11,9160404203357,85,4984948723491,8,22568173193571,,,,,,,,,,,,,,1,05998294226363,0,112690004454236,,,,0,37981283217185,,52,4798276558718,,,,41872,210539257,,,
950-975C*,0,1248,150024,1952,81855124277,1074,07981100826,0,364,796961136837,100,100,0,962221870981687,,12,9756148428959,166,301146290426,55,2437836514992,,,,271,80903824069,,,0,1,4210854715202E-14,268,099417928359,21411,2734372542,,,0,0,81,0135423786157,,1,38557052582478E-07,,,0,223465323414992,1,32227137926306,0,,,56,1271312448625,1077,23521166905,,,,,0,0,0,0,0,0,0,0,0,0,0,0,0,0,0,0,0,0,0,0,0,0,0,0,0,0,0,0,0,0,0,0,0,0,0,0,0,0,0,0,0,0,0,0,0,0,0,0,0,0,0,0,0,0,0,0,0,0,0,0,0,0,0,0,0,0,0,0,0,0,0,0,0,0,0,0,0,0,0,0,0,0,0,0,0,0,0,0,0,0,0,0,0,0,0,0,0,0,0,0,0,0,0,0,0,0,0,0,0,0,0,0,0,1235,65,,11,9129129108747,85,4092787086041,8,11542308058296,,,,,,,,,,,,,,1,18984986029437,0,126496550755905,,,,0,426346714912781,,55,2437836514992,,,,41814,5481717285,,,
975-1000C*,0,1273,150024,2099,109871421,1077,2424652701,0,365,895219744608,100,100,1,01773125448652,,13,0404929171104,154,478174986969,58,0077396471267,,,,272,432449441916,,,0,0,283,565740289377,22207,3879579924,,,0,0,63,5764171456466,,1,11868116652098E-07,,,0,144384863400561,1,36581047533036,0,,,59,3650358542248,1194,81073241503,,,,,0,0,0,0,0,0,0,0,0,0,0,0,0,0,0,0,0,0,0,0,0,0,0,0,0,0,0,0,0,0,0,0,0,0,0,0,0,0,0,0,0,0,0,0,0,0,0,0,0,0,0,0,0,0,0,0,0,0,0,0,0,0,0,0,0,0,0,0,0,0,0,0,0,0,0,0,0,0,0,0,0,0,0,0,0,0,0,0,0,0,0,0,0,0,0,0,0,0,0,0,0,0,0,0,0,0,0,0,0,0,0,0,0,1260,65,,11,9097854014136,85,3200625448592,8,00516442923021,,,,,,,,,,,,,,1,31971677832511,0,140303097057573,,,,0,472880597653713,,58,0077396471267,,,,41757,1024255251,,,
1000-1050C*,0,1323,150024,2330,67015375415,1081,98644666286,0,367,542607656264,100,100,1,10099532974376,,13,1056953816959,136,743718031784,62,1536736405679,,,,273,367566243757,,,0,0,306,765223830905,23401,5597390998,,,0,0,37,4207292961931,,7,18347127565294E-08,,,0,0257641733789139,1,43111911943131,0,,,64,2218927682682,1371,17401353401,,,,,0,0,0,0,0,0,0,0,0,0,0,0,0,0,0,0,0,0,0,0,0,0,0,0,0,0,0,0,0,0,0,0,0,0,0,0,0,0,0,0,0,0,0,0,0,0,0,0,0,0,0,0,0,0,0,0,0,0,0,0,0,0,0,0,0,0,0,0,0,0,0,0,0,0,0,0,0,0,0,0,0,0,0,0,0,0,0,0,0,0,0,0,0,0,0,0,0,0,0,0,0,0,0,0,0,0,0,0,0,0,0,0,0,1298,15,,11,9050941372221,85,1862382992418,7,83977645220109,,,,,,,,,,,,,,1,51451715537122,0,161012916510076,,,,0,542681421765111,,62,1536736405679,,,,41671,3386407082,,,
1050-1100C*,0,1373,150024,2663,02164718338,1088,31175518654,0,369,739124871806,100,100,1,21201409675342,,13,1712238586044,113,09777542487,67,6815856318229,,,,274,614388646211,,,0,0,337,697868552941,24993,7887805762,,,0,0,2,54647883025501,,1,84568408957705E-08,,,1E-06,1,51819731156591,0,,,70,6977019869928,1606,32505502598,,,,,0,0,0,0,0,0,0,0,0,0,0,0,0,0,0,0,0,0,0,0,0,0,0,0,0,0,0,0,0,0,0,0,0,0,0,0,0,0,0,0,0,0,0,0,0,0,0,0,0,0,0,0,0,0,0,0,0,0,0,0,0,0,0,0,0,0,0,0,0,0,0,0,0,0,0,0,0,0,0,0,0,0,0,0,0,0,0,0,0,0,0,0,0,0,0,0,0,0,0,0,0,0,0,0,0,0,0,0,0,0,0,0,0,1348,15,,11,8988391183001,85,0078059717519,7,61925914949559,,,,,,,,,,,,,,1,77425099143269,0,188626009113414,,,,0,635749187246975,,67,6815856318229,,,,41557,7392916224,,,
1100-1150C*,0,1423,150024,3024,05293752114,1094,63706371022,0,371,935642087348,100,100,2,42709817635223,,13,2370799778974,89,4518328179558,73,2094976230779,,,,275,861211048664,,,0,0,676,25111893926,26586,0178220527,,,0,0,0,,0,,,1E-06,1,60527550370051,0,,,141,574484110748,1841,47609651796,,,,,0,0,0,0,0,0,0,0,0,0,0,0,0,0,0,0,0,0,0,0,0,0,0,0,0,0,0,0,0,0,0,0,0,0,0,0,0,0,0,0,0,0,0,0,0,0,0,0,0,0,0,0,0,0,0,0,0,0,0,0,0,0,0,0,0,0,0,0,0,0,0,0,0,0,0,0,0,0,0,0,0,0,0,0,0,0,0,0,0,0,0,0,0,0,0,0,0,0,0,0,0,0,0,0,0,0,0,0,0,0,0,0,0,1398,15,,11,8925840993781,84,829373644262,7,39874184679009,,,,,,,,,,,,,,2,03398482749417,0,216239101716751,,,,0,728816952728839,,73,2094976230779,,,,41444,9949347045,,,
1150+C*,0,1623,150024,4067,33461674147,1110,45033501941,0,377,426935126202,100,100,3,65135450460199,,13,3032653777869,30,336976300671,87,0292776012153,,,,278,978267054799,,,0,0,1017,35999011004,30566,5904257439,,,0,0,0,,0,,,1E-06,1,822970984037,0,,,212,986290127485,5145,34999353568,,,,,0,0,0,0,0,0,0,0,0,0,0,0,0,0,0,0,0,0,0,0,0,0,0,0,0,0,0,0,0,0,0,0,0,0,0,0,0,0,0,0,0,0,0,0,0,0,0,0,0,0,0,0,0,0,0,0,0,0,0,0,0,0,0,0,0,0,0,0,0,0,0,0,0,0,0,0,0,0,0,0,0,0,0,0,0,0,0,0,0,0,0,0,0,0,0,0,0,0,0,0,0,0,0,0,0,0,0,0,0,0,0,0,0,1523,15,,11,8769465520731,84,3832928255372,6,84744859002634,,,,,,,,,,,,,,5,68324717262859,0,604203259941472,,,,2,03641975592457,,87,0292776012153,,,,41166,8377820434,,,
