Name,Villafortuna-2008
Created,26/03/2026 08:17:36
Cpt,Composition,Boiling Temperature,Molecular Weight,Standard Liquid Density,Acidity,Aniline Point,Assay - Aromatics Vol Pct,Assay - Aromatics Wt Pct,Asphaltene Content,Basic Nitrogen Content,C to H Ratio,Cloud Point,Conradson Carbon Content,Copper Content,Cetane Number,Flash Point,Freeze Point,MON (Clear),MON (Leaded),Assay - Naphthenes Vol Pct,Assay - Naphthenes Wt Pct,Nickel Content,Nitrogen Content,Assay - Olefins Vol Pct,Assay - Olefins Wt Pct,Assay - Paraffins Vol Pct,Assay - Paraffins Wt Pct,Pour Point,Refractive Index,Reid Vapour Pressure,RON (Clear),RON (Leaded),Smoke Point,Sulfur Content,Mercaptan Sulfur Content,Sodium Content,True Vapour Pressure,Vanadium Content,Iron Content,Luminometer Number,Viscosity @ 38C,Viscosity @ 50C,Viscosity @ 60C,Wax Content,Pi C6 22DMB Wt Pct,Pi C6 22DMB Vol Pct,Pi C6 23DMB Wt Pct,Pi C6 23DMB Vol Pct,Pi C6 2MP Wt Pct,Pi C6 2MP Vol Pct,Pi C6 3MP Wt Pct,Pi C6 3MP Vol Pct,Pi C7 22-mPentane Wt Pct,Pi C7 22-mPentane Vol Pct,Pi C7 24-mPentane Wt Pct,Pi C7 24-mPentane Vol Pct,Pi C7 223-mButane Wt Pct,Pi C7 223-mButane Vol Pct,Pi C7 33-mPentane Wt Pct,Pi C7 33-mPentane Vol Pct,Pi C7 23-mPentane Wt Pct,Pi C7 23-mPentane Vol Pct,Pi C7 2-mHexane Wt Pct,Pi C7 2-mHexane Vol Pct,Pi C7 3-mHexane Wt Pct,Pi C7 3-mHexane Vol Pct,Pi C7 3-ePentane Wt Pct,Pi C7 3-ePentane Vol Pct,Pi C6 Wt Pct,Pi C6 Vol Pct,Pi C7 Wt Pct,Pi C7 Vol Pct,Pi C8 Wt Pct,Pi C8 Vol Pct,Pi C9 Wt Pct,Pi C9 Vol Pct,Pi C10  Wt Pct,Pi C10  Vol Pct,Pi C11  Wt Pct,Pi C11  Vol Pct,Pn C6 Hexane Wt Pct,Pn C6 Hexane Vol Pct,Pn C7 Heptane Wt Pct,Pn C7 Heptane Vol Pct,Pn C8 Octane Wt Pct,Pn C8 Octane Vol Pct,Pn C9 Nonane Wt Pct,Pn C9 Nonane Vol Pct,Pn C10 Decane Wt Pct,Pn C10 Decane Vol Pct,Pn C11 n-C11 Wt Pct,Pn C11 n-C11 Vol Pct,On C6 Wt Pct,On C6 Vol Pct,On C7 Wt Pct,On C7 Vol Pct,On C8 Wt Pct,On C8 Vol Pct,On C9 Wt Pct,On C9 Vol Pct,On C10 Wt Pct,On C10 Vol Pct,On C11 Wt Pct,On C11 Vol Pct,A C6 Benzene Wt Pct,A C6 Benzene Vol Pct,A C7 Toluene Wt Pct,A C7 Toluene Vol Pct,A C8 m-Xylene Wt Pct,A C8 m-Xylene Vol Pct,A C8 o-Xylene Wt Pct,A C8 o-Xylene Vol Pct,A C8 p-Xylene Wt Pct,A C8 p-Xylene Vol Pct,A C8 EthBenz Wt Pct,A C8 EthBenz Vol Pct,N C6 cyc-C5 Wt Pct,N C6 cyc-C5 Vol Pct,N C6 cyc-C6 Wt Pct,N C6 cyc-C6 Vol Pct,A C8 Wt Pct,A C8 Vol Pct,A C9 Wt Pct,A C9 Vol Pct,A C10 Wt Pct,A C10 Vol Pct,A C11 Wt Pct,A C11 Vol Pct,N C6 Wt Pct,N C6 Vol Pct,N C7 Wt Pct,N C7 Vol Pct,N C8 Wt Pct,N C8 Vol Pct,N C9 Wt Pct,N C9 Vol Pct,N C10 Wt Pct,N C10 Vol Pct,N C11 Wt Pct,N C11 Vol Pct,Pi Wt Pct,Pi Vol Pct,Pn Wt Pct,Pn Vol Pct,Oi C6 Wt Pct,Oi C6 Vol Pct,Oi C7 Wt Pct,Oi C7 Vol Pct,Oi C8 Wt Pct,Oi C8 Vol Pct,Oi C9 Wt Pct,Oi C9 Vol Pct,Oi C10 Wt Pct,Oi C10 Vol Pct,Oi C11 Wt Pct,Oi C11 Vol Pct,Centroid Boiling Temperature,Viscosity @ 100C,Hydrogen,CarbonByWt,PValue,RamsCarbonResidueByWt,SulfideByWt,ZincByWt,TinByWt,ChromiumByWt,LeadByWt,AluminiumByWt,MagnesiumByWt,MetalByWt,ArsenicByWt,CadmiumByWt,MercuryByWt,NaClByWt,SaltByWt,MudByWt,ChloridesByWt,MolybdenumByWt,AshByWt,GumByWt,MicroCarbonResidueByWt,nC5InsolublesByWt,NaphthenicAcidByWt,NaphthenicAcidByVol,Gross Heating Value,Net Heating Value,Oxygen Content,
Hydrogen,0,20,5548,2,016000032,69,85910034,0,,0,0,0,0,0,13,9,0,0,,,13,9,10,,0,0,0,0,0,0,0,0,13,9,,,130,,,0,0,0,,0,0,,,,,0,,,,,,,,,,,,,,,,,,,,,,,,,,,,,,,,,,,,,,,,,,,,,,,,,,,,,,,,,,,,,,,,,,,,,,,,,,,,,,,,,,,,,,,,,,,,,,,,,0,0,0,0,,,,,,,,,,,,,,,100,0,,,,,,,,,,,,,,,,,,,,,0,,,,,,,
Nitrogen,0,77,3498,28,0135,806,3740234,0,,0,0,0,0,0,63,1,0,0,,,63,1,,,0,0,0,0,0,0,0,0,63,1,,,,,,0,0,0,,0,0,,,,,0,,,,,,,,,,,,,,,,,,,,,,,,,,,,,,,,,,,,,,,,,,,,,,,,,,,,,,,,,,,,,,,,,,,,,,,,,,,,,,,,,,,,,,,,,,,,,,,,,0,0,0,0,,,,,,,,,,,,,,,0,0,,,,,,,,,,,,,,,,,,,,,0,,,,,,,
CO,0,81,6996,28,0109005,799,3880005,0,,0,0,0,0,0,68,2,0,0,,,68,2,,,0,0,0,0,0,0,0,0,68,2,,,120,,,0,0,0,,0,0,,,,,0,,,,,,,,,,,,,,,,,,,,,,,,,,,,,,,,,,,,,,,,,,,,,,,,,,,,,,,,,,,,,,,,,,,,,,,,,,,,,,,,,,,,,,,,,,,,,,,,,0,0,0,0,,,,,,,,,,,,,,,0,0,,,,,,,,,,,,,,,,,,,,,0,,,,,,,
Oxygen,0,90,1996,32,1137,680054,0,,0,0,0,0,0,54,4,0,0,,,54,4,,,0,0,0,0,0,0,0,0,54,4,,,120,,,0,0,0,,0,0,,,,,0,,,,,,,,,,,,,,,,,,,,,,,,,,,,,,,,,,,,,,,,,,,,,,,,,,,,,,,,,,,,,,,,,,,,,,,,,,,,,,,,,,,,,,,,,,,,,,,,,0,0,0,0,,,,,,,,,,,,,,,0,0,,,,,,,,,,,,,,,,,,,,,0,,,,,,,
Methane,0,111,625,16,04290009,299,3940125,0,,0,0,0,0,3,90,4,0,0,,85,15,90,4,,,0,0,0,0,0,0,100,100,90,4,,,120,,,0,0,0,,0,0,,,,,0,,,,,,,,,,,,,,,,,,,,,,,,,,,,,,,,,,,,,,,,,,,,,,,,,,,,,,,,,,,,,,,,,,,,,,,,,,,,,,,,,,,,,,,,,,,,,,,,,0,0,100,100,,,,,,,,,,,,,,,25,13516209,75,,,,,,,,,,,,,,,,,,,,,0,,,,,,,
Ethylene,0,169,399,28,05380058,383,2260132,0,,0,0,0,0,6,104,0,0,,137,15,104,75,6,,0,0,0,0,100,100,0,0,104,,,100,51,,,0,0,0,,0,0,,,,,0,,,,,,,,,,,,,,,,,,,,,,,,,,,,,,,,,,,,,,,,,,,,,,,,,,,,,,,,,,,,,,,,,,,,,,,,,,,,,,,,,,,,,,,,,,,,,,,,,0,0,0,0,,,,,,,,,,,,,,,14,34761566,85,71428571,,,,,,,,,,,,,,,,,,,,,0,,,,,,,
Ethane,0,000351074352024792,184,55,30,06990051,355,6830139,0,,0,0,0,0,4,90,4,0,0,,138,15,90,4,100,79,,0,0,0,0,0,0,100,100,90,4,,,111,38,,,0,0,0,,0,0,,,,,0,,,,,,,,,,,,,,,,,,,,,,,,,,,,,,,,,,,,,,,,,,,,,,,,,,,,,,,,,,,,,,,,,,,,,,,,,,,,,,,,,,,,,,,,,,,,,,,,,0,0,100,100,,,,,,,,,,,,,,,20,11147323,80,,,,,,,,,,,,,,,,,,,,,0,,,,,,,
CO2,0,194,598,44,00970078,825,335022,0,,0,0,0,0,0,217,0,0,,,217,,,0,0,0,0,0,0,0,0,217,,,,,,0,0,0,,0,0,,,,,0,,,,,,,,,,,,,,,,,,,,,,,,,,,,,,,,,,,,,,,,,,,,,,,,,,,,,,,,,,,,,,,,,,,,,,,,,,,,,,,,,,,,,,,,,,,,,,,,,0,0,0,0,,,,,,,,,,,,,,,0,0,,,,,,,,,,,,,,,,,,,,,0,,,,,,,
H2S,7,19483997261678E-05,213,498,34,07600021,788,40802,0,,0,0,0,0,0,188,0,0,,,188,,,0,0,0,0,0,0,0,0,188,,2759,,,,94,1177,0,0,,0,0,,,,,0,,,,,,,,,,,,,,,,,,,,,,,,,,,,,,,,,,,,,,,,,,,,,,,,,,,,,,,,,,,,,,,,,,,,,,,,,,,,,,,,,,,,,,,,,,,,,,,,,0,0,0,0,,,,,,,,,,,,,,,5,911554252,0,,,,,,,,,,,,,,,,,,,,,0,,,,,,,
Propene,0,225,399,42,08060074,520,9550171,0,,0,0,0,0,6,87,9,0,0,,165,87,9,84,9,,0,0,0,0,100,100,0,0,87,9,,1565,102,54,,,0,0,0,,0,0,,,,,0,,,,,,,,,,,,,,,,,,,,,,,,,,,,,,,,,,,,,,,,,,,,,,,,,,,,,,,,,,,,,,,,,,,,,,,,,,,,,,,,,,,,,,,,,,,,,,,,,0,0,0,0,,,,,,,,,,,,,,,14,36465558,85,71428571,,,,,,,,,,,,,,,,,,,,,0,,,,,,,
Propane,0,0189742540511691,231,048,44,09700012,506,678009,0,,0,0,0,0,4,5,85,5,0,0,,169,15,85,5,97,1,,0,0,0,0,0,0,100,100,85,5,,1303,112,14,,,0,0,0,,0,0,,,,,0,,,,,,,,,,,,,,,,,,,,,,,,,,,,,,,,,,,,,,,,,,,,,,,,,,,,,,,,,,,,,,,,,,,,,,,,,,,,,,,,,,,,,,,,,,,,,,,,,0,0,100,100,,,,,,,,,,,,,,,18,28426304,81,81818182,,,,,,,,,,,,,,,,,,,,,0,,,,,,,
i-Butane,0,0259776304648671,261,42,58,12400055,561,9660034,0,380,85,0,0,0,0,4,8,114,0,0,,190,15,114,97,6,,0,0,0,0,0,0,100,100,114,,489,6,101,426,,,0,0,0,,0,0,,,,,0,,,,,,,,,,,,,,,,,,,,,,,,,,,,,,,,,,,,,,,,,,,,,,,,,,,,,,,,,,,,,,,,,,,,,,,,,,,,,,,,,,,,,,,,,,,,,,,,,100,100,0,0,,,,,,,,,,,,,,,17,34802065,82,75862069,,,,,,,,,,,,,,,,,,,,,0,,,,,,,
i-Butene,0,266,299,56,10770035,592,7930298,0,286,7055556,0,0,0,0,6,133,0,0,,193,15,133,88,1,,0,0,0,0,100,100,0,0,133,,442,7,105,2096138,,,0,0,0,,0,0,,,,,0,,,,,,,,,,,,,,,,,,,,,,,,,,,,,,,,,,,,,,,,,,,,,,,,,,,,,,,,,,,,,,,,,,,,,,,,,,,,,,,,,,,,,,,,,,,,,,,,,0,0,0,0,,,,,,,,,,,,,,,14,37319073,85,71428571,,,,,,,,,,,,,,,,,,,,,0,,,,,,,
1-Butene,0,266,898,56,10770035,593,7890015,0,,0,0,0,0,6,87,8,0,0,,193,15,87,8,80,8,,0,0,0,0,100,100,0,0,87,8,,432,97,4,,,0,0,0,,0,0,,0,236064836133691,0,219972008704656,0,208210021632581,0,,,,,,,,,,,,,,,,,,,,,,,,,,,,,,,,,,,,,,,,,,,,,,,,,,,,,,,,,,,,,,,,,,,,,,,,,,,,,,,,,,,,,,,,,,,,,,,,,0,0,0,0,,,,,,,,,,,,,,,14,37319073,85,71428571,,,,,,,,,,,,,,,,,,,,,0,,,,,,,
13-Butadiene,0,268,7,54,1,619,7440186,0,,0,0,0,0,8,164,0,0,,197,15,164,73,94513286,,0,0,0,0,100,100,0,0,164,,409,6,102,9723045,,,0,0,0,,0,0,,,,,0,,,,,,,,,,,,,,,,,,,,,,,,,,,,,,,,,,,,,,,,,,,,,,,,,,,,,,,,,,,,,,,,,,,,,,,,,,,,,,,,,,,,,,,,,,,,,,,,,0,0,0,0,,,,,,,,,,,,,,,11,17841035,88,88888889,,,,,,,,,,,,,,,,,,,,,0,,,,,,,
n-Butane,0,0549799436764502,272,648,58,12400055,583,2230225,0,356,35,0,0,0,0,4,8,135,0,0,,213,15,135,89,6,,0,0,0,0,0,0,100,100,135,,358,5,93,8,,,0,0,0,,0,0,,0,241514675581771,0,217701202498228,,0,,,,,,,,,,,,,,,,,,,,,,,,,,,,,,,,,,,,,,,,,,,,,,,,,,,,,,,,,,,,,,,,,,,,,,,,,,,,,,,,,,,,,,,,,,,,,,,,,0,0,100,100,,,,,,,,,,,,,,,17,34802065,82,75862069,,,,,,,,,,,,,,,,,,,,,0,,,,,,,
tr2-Butene,0,274,027,56,1,608,684021,0,,0,0,0,0,6,168,0,0,,201,168,83,84306902,,0,0,0,0,100,100,0,0,168,,343,9,105,0089318,,,0,0,0,,0,0,,,,,0,,,,,,,,,,,,,,,,,,,,,,,,,,,,,,,,,,,,,,,,,,,,,,,,,,,,,,,,,,,,,,,,,,,,,,,,,,,,,,,,,,,,,,,,,,,,,,,,,0,0,0,0,,,,,,,,,,,,,,,14,37319073,85,71428571,,,,,,,,,,,,,,,,,,,,,0,,,,,,,
i-Pentane,0,0409654567658456,301,028,72,15100098,623,4420166,0,343,95,0,0,0,0,5,113,0,0,,217,113,90,3,,0,0,0,0,0,0,100,100,113,,133,8,92,3,,,0,0,0,,0,0,,,,,0,,,,,,,,,,,,,,,,,,,,,,,,,,,,,,,,,,,,,,,,,,,,,,,,,,,,,,,,,,,,,,,,,,,,,,,,,,,,,,,,,,,,,,,,,,,,,,,,,100,100,0,0,,,,,,,,,,,,,,,16,75213296,83,33333333,,,,,,,,,,,,,,,,,,,,,0,,,,,,,
1-Pentene,0,303,096,70,13500214,638,7230225,0,292,25,0,0,0,0,6,108,0,0,,245,108,77,1,,0,0,0,0,100,100,0,0,108,,131,8,90,9,,,0,0,0,,0,0,,,,,0,,,,,,,,,,,,,,,,,,,,,,,,,,,,,,,,,,,,,,,,,,,,,,,,,,,,,,,,,,,,,,,,,,,,,,,,,,,,,,,,,,,,,,,,,,,,,,,,,0,0,0,0,,,,,,,,,,,,,,,14,37831669,85,71428571,,,,,,,,,,,,,,,,,,,,,0,,,,,,,
2M-1-butene,0,304,303,70,1,654,3800049,0,,0,0,0,0,6,136,0,0,,221,136,81,9,,0,0,0,0,100,100,0,0,136,,127,2,102,54,,,0,0,0,,0,0,,,,,0,,,,,,,,,,,,,,,,,,,,,,,,,,,,,,,,,,,,,,,,,,,,,,,,,,,,,,,,,,,,,,,,,,,,,,,,,,,,,,,,,,,,,,,,,,,,,,,,,0,0,0,0,,,,,,,,,,,,,,,14,37831669,85,71428571,,,,,,,,,,,,,,,,,,,,,0,,,,,,,
n-Pentane,0,309,209,72,15100098,629,7290039,0,343,95,0,0,0,0,5,143,0,0,,233,143,61,9,,0,0,0,0,0,0,100,100,143,,101,35,61,7,,,0,0,0,,0,0,,0,317713556013358,0,28795065870348,0,265338970196147,0,,,,,,,,,,,,,,,,,,,,,,,,,,,,,,,,,,,,,,,,,,,,,,,,,,,,,,,,,,,,,,,,,,,,,,,,,,,,,,,,,,,,,,,,,,,,,,,,,0,0,100,100,,,,,,,,,,,,,,,16,75213296,83,33333333,,,,,,,,,,,,,,,,,,,,,0,,,,,,,
cis2-Butene,0,276,867,56,1,625,9530029,0,,0,0,0,0,6,134,0,0,,203,134,83,5,,0,0,0,0,100,100,0,0,134,,314,4,100,,,0,0,0,,0,0,,,,,0,,,,,,,,,,,,,,,,,,,,,,,,,,,,,,,,,,,,,,,,,,,,,,,,,,,,,,,,,,,,,,,,,,,,,,,,,,,,,,,,,,,,,,,,,,,,,,,,,0,0,0,0,,,,,,,,,,,,,,,14,37319073,85,71428571,,,,,,,,,,,,,,,,,,,,,0,,,,,,,
3M-1-butene,0,293,204,70,1,631,2700195,0,,0,0,0,0,6,105,0,0,,217,105,85,26729455,,0,0,0,0,100,100,0,0,105,,190,101,6748769,,,0,0,0,,0,0,,,,,0,,,,,,,,,,,,,,,,,,,,,,,,,,,,,,,,,,,,,,,,,,,,,,,,,,,,,,,,,,,,,,,,,,,,,,,,,,,,,,,,,,,,,,,,,,,,,,,,,0,0,0,0,,,,,,,,,,,,,,,14,37831669,85,71428571,,,,,,,,,,,,,,,,,,,,,0,,,,,,,
2M-2-butene,0,311,704,70,1,666,1090088,0,406,15,0,0,0,0,6,139,0,0,,228,139,84,7,,0,0,0,0,100,100,0,0,139,,98,11,97,3,,,0,0,0,,0,0,,,,,0,,,,,,,,,,,,,,,,,,,,,,,,,,,,,,,,,,,,,,,,,,,,,,,,,,,,,,,,,,,,,,,,,,,,,,,,,,,,,,,,,,,,,,,,,,,,,,,,,0,0,0,0,,,,,,,,,,,,,,,14,37831669,85,71428571,,,,,,,,,,,,,,,,,,,,,0,,,,,,,
2M-13-C4==,0,307,204,68,1,684,8460083,0,,0,0,0,0,7,5,127,0,0,,219,127,81,,0,0,0,0,100,100,0,0,127,,118,6,99,1,,,0,0,0,,0,0,,,,,0,,,,,,,,,,,,,,,,,,,,,,,,,,,,,,,,,,,,,,,,,,,,,,,,,,,,,,,,,,,,,,,,,,,,,,,,,,,,,,,,,,,,,,,,,,,,,,,,,0,0,0,0,,,,,,,,,,,,,,,11,8404699,88,23529412,,,,,,,,,,,,,,,,,,,,,0,,,,,,,
tr2-Pentene,0,309,493,70,1,652,2630005,0,404,4833333,0,0,0,0,6,133,0,0,,225,133,85,14880659,,0,0,0,0,100,100,0,0,133,,106,7,100,3776273,,,0,0,0,,0,0,,,,,0,,,,,,,,,,,,,,,,,,,,,,,,,,,,,,,,,,,,,,,,,,,,,,,,,,,,,,,,,,,,,,,,,,,,,,,,,,,,,,,,,,,,,,,,,,,,,,,,,0,0,0,0,,,,,,,,,,,,,,,14,37831669,85,71428571,,,,,,,,,,,,,,,,,,,,,0,,,,,,,
cis2-Pentene,0,310,083,70,1,659,5750122,0,403,9277778,0,0,0,0,6,122,0,0,,226,122,85,14880659,,0,0,0,0,100,100,0,0,122,,104,4,100,3776273,,,0,0,0,,0,0,,,,,0,,,,,,,,,,,,,,,,,,,,,,,,,,,,,,,,,,,,,,,,,,,,,,,,,,,,,,,,,,,,,,,,,,,,,,,,,,,,,,,,,,,,,,,,,,,,,,,,,0,0,0,0,,,,,,,,,,,,,,,14,37831669,85,71428571,,,,,,,,,,,,,,,,,,,,,0,,,,,,,
Cyclopentane,0,322,398,70,13500214,748,8740234,0,289,95,0,0,0,0,6,179,0,0,,233,179,84,9,,100,100,0,0,0,0,0,0,179,,41,7,101,426,,,0,0,0,,0,0,,0,483269667509962,0,429891392256475,,0,,,,,,,,,,,,,,,,,,,,,,,,,,,,,,,,,,,,,,,,,,,,,,,,,,,,,,,,,,,,,,,,,,,,,,,,,,,,,,,,,,,,,,,,,,,,,,,,,0,0,0,0,,,,,,,,,,,,,,,14,37831669,85,71428571,,,,,,,,,,,,,,,,,,,,,0,,,,,,,
Cyclopentene,0,317,38,68,1,776,5159912,0,458,3722222,0,0,0,0,7,5,138,0,0,,244,138,69,7,,100,100,0,0,0,0,0,0,138,,81,04,93,3,,,0,0,0,,0,0,,,,,0,,,,,,,,,,,,,,,,,,,,,,,,,,,,,,,,,,,,,,,,,,,,,,,,,,,,,,,,,,,,,,,,,,,,,,,,,,,,,,,,,,,,,,,,,,,,,,,,,0,0,0,0,,,,,,,,,,,,,,,11,8404699,88,23529412,,,,,,,,,,,,,,,,,,,,,0,,,,,,,
22-Mpropane,0,282,648,72,2,595,5930176,0,291,7055556,0,0,0,0,5,257,0,0,,225,257,80,2,,0,0,0,0,0,0,100,100,257,,251,8,85,5,,,0,0,0,,0,0,,,,,0,,,,,,,,,,,,,,,,,,,,,,,,,,,,,,,,,,,,,,,,,,,,,,,,,,,,,,,,,,,,,,,,,,,,,,,,,,,,,,,,,,,,,,,,,,,,,,,,,100,100,0,0,,,,,,,,,,,,,,,16,75213296,83,33333333,,,,,,,,,,,,,,,,,,,,,0,,,,,,,
33M-1-butene,0,314,397,84,16,657,1190186,0,,0,0,0,0,6,,0,0,,241,15,157,95,93,3,,0,0,0,0,100,100,0,0,,,91,82,111,77,,,0,0,0,,0,0,,,,,0,,,,,,,,,,,,,,,,,,,,,,,,,,,,,,,,,,,,,,,,,,,,,,,,,,,,,,,,,,,,,,,,,,,,,,,,,,,,,,,,,,,,,,,,,,,,,,,,,0,0,0,0,,,,,,,,,,,,,,,14,3716,85,71428571,,,,,,,,,,,,,,,,,,,,,0,,,,,,,
H2O,0,373,148,18,01510048,997,9860229,0,,0,0,0,0,0,,0,0,,,,,,0,0,0,0,0,0,0,0,,,,,,,0,0,0,,0,0,,0,698140124178851,0,560124358458913,0,474686748589316,0,,,,,,,,,,,,,,,,,,,,,,,,,,,,,,,,,,,,,,,,,,,,,,,,,,,,,,,,,,,,,,,,,,,,,,,,,,,,,,,,,,,,,,,,,,,,,,,,,0,0,0,0,,,,,,,,,,,,,,0,279783740086422,11,18972388,0,,,,,,,,,,,,,,,,,,,,,0,,,,,,,
36-40C*,0,00528167074997546,313,149994,72,6252057434677,635,547807610121,0,00523750732822964,223,705122074695,2,20792437432146,2,97685458640658,0,000903898767399293,1,04821228449573,4,59850489054202,166,707658079241,0,6,12604541442253E-10,37,2257804586085,237,452880911821,167,707658079241,67,647882317656,76,404973517656,3,87370550592465,4,41620796917421,0,4,3206202875548,0,0,93,9183701197539,92,6069374444192,165,707658079241,1,35853626926607,69,771486719745,69,7094439395884,78,4665351395884,49,893631892338,0,00064550354721534,0,000395690511534824,2,45041816576901E-13,94,1972145768408,0,00304732345952753,2,58683881241891E-09,112,210443528601,0,397281247449438,0,368440198883873,0,342253465923403,0,799124430441106,0,0,0,0,0,0,0,0,0,0,0,0,0,0,0,0,0,0,0,0,0,0,0,0,15,3265365232303,15,1327593436072,2,32796724631443,2,20272082480057,0,0,0,0,0,0,0,0,13,4470830977089,13,2333302784399,0,547103546106702,0,519474253240692,0,0,0,0,0,0,0,0,0,0,0,0,0,0,0,0,0,0,0,0,2,8292473989655,2,09142952801876,0,205510976710132,0,154038132777539,0,0,0,0,0,0,0,0,0,0,0,0,0,0,0,0,0,0,0,0,3,91928872813748,3,33256264843915,0,668604968148168,0,567693218588455,0,0,0,0,0,0,0,0,19,1775627102866,18,5689943337103,73,4293747341326,75,3493757860436,0,0,0,0,0,0,0,0,0,0,0,0,311,149997,0,33423993404302,15,9305221115398,83,9595360442011,0,0,0,0,0,0,0,0,0,0,0,0,0,2,45041816576901E-11,0,0,0,1,22520908288451E-13,2,99625861386672E-11,0,0,0,0,0,51650,3822711694,44870,4472595873,0,
40-50C*,0,0148110419239406,323,149994,75,5384793954736,645,482317321546,0,00620846697105494,225,162643321155,2,37878811374785,3,1679509083198,0,00107254295939041,1,23911678843735,4,62779183038217,171,397348626927,0,2,75672043649014E-09,39,4547222280261,241,95145889631,172,397348626927,65,1988917576768,73,9559829576768,4,63766175909682,5,63298088651696,0,5,13705417266329,0,0,92,9835501271553,91,1990682051632,170,397348626927,1,3632514568101,53,8534496241554,66,9982386796478,75,7553298796478,48,0133160554104,0,00064550354721534,0,000389803153425304,1,10268817459606E-12,66,689087343625,0,0036158754048369,1,16407746558851E-08,108,467171416908,0,411400924366718,0,380510143925817,0,352878695406164,0,96144435288415,0,0,0,0,0,0,0,0,0,0,0,0,0,0,0,0,0,0,0,0,0,0,0,0,15,3265365065216,15,1327593265228,2,32796724377652,2,20272082231378,0,0,0,0,0,0,0,0,13,4470830830491,13,2333302635,0,547103545510259,0,519474252654224,0,0,0,0,0,0,0,0,0,0,0,0,0,0,0,0,0,0,0,0,2,8292473958811,2,09142952565762,0,205510976486087,0,154038132603636,0,0,0,0,0,0,0,0,0,0,0,0,0,0,0,0,0,0,0,0,3,91928872386474,3,3325626446768,0,668604967419267,0,56769321794755,0,0,0,0,0,0,0,0,17,7696934420638,17,6341743132821,73,4293747630994,75,3493758138732,0,0,0,0,0,0,0,0,0,0,0,0,318,15,0,341679914690361,16,0940176653929,83,6362098951201,0,0,0,0,0,0,0,0,0,0,0,0,0,1,10268817459606E-10,0,0,0,5,51344087298028E-13,1,34831637624003E-10,0,0,0,0,0,51487,3254956179,44764,2662738394,0,
50-60C*,0,0176922689725371,333,149994,79,7857884940645,659,687526510675,0,00759555217509108,227,28365914295,3,21845796969523,4,24153771970486,0,00131346323366344,1,35131565346574,4,67269996024304,177,502779685733,0,5,81974314370141E-09,41,3948098630264,246,919469649669,178,502779685733,61,7000727656788,70,4571639656788,5,31376787017535,6,10933418146037,0,5,5824071954721,0,0,91,4677741601294,89,6491280988348,176,502779685733,1,37011632651234,40,4588243352976,63,125088308304,71,882179508304,45,4275280340841,0,00064550354721534,0,000381392641840276,2,32789725748056E-12,46,9073840140768,0,00442809246956457,2,45749687179796E-08,103,199364700369,0,433439523439787,0,399316524547094,0,36944130725503,1,19332995637421,0,0,0,0,0,0,0,0,0,0,0,0,0,0,0,0,0,0,0,0,0,0,0,0,17,9372468199883,17,8184323625208,2,72451137428858,2,59364674604475,0,0,0,0,0,0,0,0,15,7376487614737,15,5819038116728,0,640296738126872,0,611667484777027,0,0,0,0,0,0,0,0,0,0,0,0,0,0,0,0,0,0,0,0,3,31117919780077,2,46260412524991,0,240517556453749,0,181375913527964,0,0,0,0,0,0,0,0,0,0,0,0,0,0,0,0,0,0,0,0,4,58689731818046,3,92400624345893,0,782494617787032,0,668444068156899,0,0,0,0,0,0,0,0,20,74577298223,20,493246004156,68,9033551166047,70,9745281559734,0,0,0,0,0,0,0,0,0,0,0,0,328,15,0,35125887417877,16,241000289981,83,4845977271852,0,0,0,0,0,0,0,0,0,0,0,0,0,2,32789725748056E-10,0,0,0,1,16394862874028E-12,2,84644568317339E-10,0,0,0,0,0,51262,7046813045,44617,9953850486,0,
60-70C*,0,021473566947609,343,149994,84,1372739662207,673,788168759534,0,00898263737912722,229,456140164983,4,14570093398253,5,38866208573467,0,00155438350793648,1,68773178321028,4,72095629493455,182,966798692903,0,8,88276585091267E-09,42,3365482168963,252,357995291657,183,966798692903,57,671222249115,66,428313449115,8,47500556245474,9,3377636368001,0,7,03551207576456,0,0,87,3792935035627,85,2735742774652,181,966798692903,1,37707937192705,29,583538417411,58,6108260533803,67,3679172533803,42,9747368874955,0,000647649230209287,0,000372982130255247,3,55310634036507E-12,32,7730229688828,0,00524030953429225,3,75091627800741E-08,98,0739719847595,0,457918692598071,0,42015717463618,0,387798014554016,1,43281264900016,0,0,9,4612196028555E-05,9,6707478403925E-05,14,9475995731721,15,4801935134145,18,3355103819537,18,6709460664827,0,0,0,0,0,0,0,0,0,0,0,0,0,0,0,0,25,5517688258301,26,3029786720995,3,88109086627443,3,82865527428048,0,0,0,0,0,0,0,0,22,4184216814802,23,0014894290709,0,912108440985461,0,902923247072383,0,0,0,0,0,0,0,0,0,0,0,0,0,0,0,0,0,0,0,0,4,71680443783726,3,63521450520628,0,342619414380326,0,267741105844604,0,0,0,0,0,0,0,0,0,000924466282166568,0,000835756957450586,0,0,0,0,0,0,0,0,0,0,6,53407633167885,5,79248782558355,1,11467059475762,0,986734955719472,0,0,0,0,0,0,0,0,50,9532307761774,52,2129235597489,34,3203435012879,35,1663699438139,0,0,0,0,0,0,0,0,0,0,0,0,338,15,0,360859177618777,16,2899622107241,83,4287440793601,0,0,0,0,0,0,0,0,0,0,0,0,0,3,55310634036507E-10,0,0,0,1,77655317018253E-12,4,34457499010675E-10,0,0,0,0,0,51049,1042002108,44478,9008300261,0,
70-80C*,0,0263824162766818,353,149994,88,5957098758794,687,650996541651,0,0103697225831634,231,685325027234,5,12941434944651,6,57918251352403,0,00179530378220951,2,04773938122118,4,77226845502024,187,853362017813,0,1,19457885581239E-08,42,6538299231536,261,223747297896,188,853362017813,53,5868382393365,62,3439294393365,11,9922149105228,12,8696874806036,0,8,59334841113862,0,0,82,8783707400307,80,5511300058724,186,853362017813,1,38407399032869,21,0531384732705,54,0239255062284,62,7810167062284,40,6684803604165,0,000650677292841034,0,000364571618670219,4,77831542324958E-12,22,7403242732689,0,00605252659901991,5,04433568421687E-08,93,1406343383072,0,485145834181631,0,443276327339179,0,408155761622256,1,65961365574577,0,0,0,0,0,0,0,0,4,0153109458794,4,18189077015353,1,35534728986253,1,41360508960813,0,0,0,0,0,0,0,0,0,0,0,0,25,5517688258301,27,2760193927838,3,88109086627443,3,97029084847837,0,0,0,0,0,0,0,0,22,4184216814802,23,8523963217802,0,912108440985461,0,936325588989873,0,0,0,0,0,0,0,0,0,0,0,0,0,0,0,0,0,0,0,0,4,71680443783726,3,76969401743506,0,342619414380326,0,277645801500393,0,0,0,0,0,0,0,0,26,5718204105855,24,9107206222253,1,3416503872766,1,20990653648486,0,0,0,0,0,0,0,0,6,53407633167885,6,00677254970643,1,11467059475762,1,02323779079404,0,0,0,0,0,0,0,0,15,5677190843677,15,7480059177313,64,9834109215047,67,1303648222994,0,0,0,0,0,0,0,0,0,0,0,0,348,15,0,371332654479691,16,2495170681283,83,4606488257442,0,0,0,0,0,0,0,0,0,0,0,0,0,4,77831542324958E-10,0,0,0,2,38915771162479E-12,5,84270429704011E-10,0,0,0,0,0,50847,6458114663,44347,7130874027,0,
80-90C*,0,0354723591050877,363,149994,93,1636847135136,701,142762330553,0,00986375066026481,233,975415160769,6,14589319289035,7,78295751018778,0,00203622405648254,2,42899764507861,4,82634406106368,192,226426029837,0,1,50088112653352E-08,42,616488623753,268,141955218325,193,226426029837,50,1180158847039,58,8751070847039,15,7178257329867,16,5637405075042,0,10,2448153088728,0,0,78,136281074123,75,6533019823081,191,226426029837,1,39102596985399,14,4139823059403,50,1697242545963,58,9268154545963,38,5196158321759,0,000653705355472781,0,00035616110708519,6,00352450613408E-12,15,6673092791443,0,00686474366374759,6,33775509042632E-08,88,4444116788897,0,515475169235139,0,468953145393431,0,430749170776985,1,87327427268589,0,0,0,0,0,0,0,0,0,0843599487704332,0,0870593329491287,2,63948918601664,2,72786529858493,0,0,0,0,4,31256115406924,4,31615565449354,11,5426504531504,11,8320696564749,0,00229148046353943,0,00231946104817078,2,53364824974694E-12,2,52446935057645E-12,25,5517688258301,27,0275398405631,3,88109086627443,3,93412222438373,0,0,0,0,0,0,0,0,22,4184216814802,23,6351053501,0,912108440985461,0,927795833979268,0,0,0,0,0,0,0,0,0,0,0,0,0,0,0,0,0,0,0,0,4,71680443783726,3,73535279381396,0,342619414380326,0,275116498986001,0,0,0,0,0,0,0,0,0,0,6,49929381385782,5,80769979050283,0,0,0,0,0,0,0,0,6,53407633167885,5,95205194946235,1,11467059475762,1,01391628150743,0,0,0,0,0,0,0,0,34,2865464141214,34,7857102066829,41,3667555681867,43,35057086744,0,0,0,0,0,0,0,0,0,0,0,0,358,15,0,382775691134334,16,132126405325,83,5684500310232,0,0,0,0,0,0,0,0,0,0,0,0,0,6,00352450613408E-10,0,0,0,3,00176225306704E-12,7,34083360397347E-10,0,0,0,0,0,50659,2291748437,44225,0180068689,0,
90-100C*,0,0380419466959432,373,149994,98,0317431548027,714,130218599767,0,00915663150765881,236,329802125261,7,17017503171936,8,96984558284073,0,00227714433075557,2,82916577236271,4,8828907336284,196,149947098348,0,1,80718339725465E-08,42,4241284815574,275,043226968107,197,149947098348,47,2422557047694,55,9993469047694,19,4988419815365,20,2785575121352,0,11,9788118762454,0,0,73,3309829867441,70,751596905024,195,149947098348,1,39785390956804,9,13786851802737,47,0179037069454,55,7749949069454,36,5369078045088,0,000656733418104528,0,000347750595500161,7,22873358901859E-12,10,7156648150324,0,00767696072847526,7,63117449663577E-08,84,0261210118491,0,549316469699214,0,497507829143168,0,455845053463544,2,07821020067927,0,0,0,0,0,0,0,0,0,0,0,0,0,0,0,0,2,46419638562168,2,43134650817818,15,7638149147102,15,9303827465523,24,2436943310432,24,1924267073425,1,55270372634118,1,52518345780139,0,0,0,0,0,0,0,0,0,0,0,0,0,0,0,0,0,0,0,0,0,0,0,0,0,0,0,0,0,0,0,0,0,0,0,0,0,59,0,460622848651245,0,0,0,0,0,0,0,0,0,0,0,0,0,0,0,0,0,0,0,0,0,0,0,0,0,0,0,0,0,0,0,0,0,0,31,563727316543,32,686313449223,39,187869588481,40,6446695375212,0,0,0,0,0,0,0,0,0,0,0,0,368,15,0,395297640866754,15,9530846246485,83,7374472001688,0,0,0,0,0,0,0,0,0,0,0,0,0,7,22873358901859E-10,0,0,0,3,61436679450929E-12,8,83896291090683E-10,0,0,0,0,0,50484,5805309394,44111,288509235,0,
100-110C*,0,0351040852307635,383,149994,103,113385014515,726,480117822822,0,00844951235505281,238,751277321724,8,17628966387464,10,1097052385977,0,0025180646050286,3,24590296065364,4,94161609327794,199,68788159272,0,2,11348566797577E-08,42,2279262148737,281,929104575811,200,68788159272,45,4985395852632,54,2556307852632,23,177930374531,23,87277328913,0,13,7842372205352,0,0,68,6457799615944,66,0175214722723,198,68788159272,1,40446990880917,6,76320973666146,45,2146288454454,53,9717200454454,34,7275698432701,0,000659761480736276,0,000339340083915133,8,45394267190309E-12,7,27405367643317,0,00848917779320293,8,92459390284522E-08,79,9228149433199,0,58714572820573,0,529308997569804,0,483747799053304,2,27883714058465,0,0,0,0,0,0,0,0,0,0,0,0,0,0,0,0,0,0,0,0,0,0,0,0,0,0,0,0,0,0,0,0,0,0,0,0,0,0,0,0,0,0,0,0,0,0,0,0,0,0,0,0,0,0,0,0,0,0,0,0,0,59,0,516703313289925,0,0,0,0,0,0,0,0,0,0,0,0,0,0,0,0,0,0,0,0,0,0,0,0,0,0,0,0,0,0,0,0,0,0,65,8289290188103,68,4336334456199,0,188592453461963,0,212146515974436,0,0,0,0,0,0,0,0,0,0,0,0,378,15,0,409022921485337,15,7294672613439,83,9511583367487,0,0,0,0,0,0,0,0,0,0,0,0,0,8,45394267190309E-10,0,0,0,4,22697133595155E-12,1,03370922178402E-09,0,0,0,0,0,50324,2976073284,44006,9138288821,0,
110-120C*,0,0348219734732522,393,149994,108,388751894362,738,059212473244,0,00774239320244681,241,242224447988,9,1375107691981,11,1723949845735,0,00275898487930163,3,67686840753153,5,00222776057587,202,904185882328,0,2,4197879386969E-08,42,145434481481,288,800875057926,203,904185882328,44,4680282578474,53,2251194578474,26,5945282628756,27,2050226331219,0,15,6499904490204,0,0,64,2679609679263,61,6225823823046,201,904185882328,1,41078055616542,6,50296821002538,44,2520632618221,53,0091544618221,33,09776192375,0,000662789543368023,0,000330929572330104,9,6791517547876E-12,4,89968911879822,0,0093013948579306,1,02180133090547E-07,76,1683624472068,0,629518261374016,0,564782647977578,0,514805836792314,2,47957079326079,0,0,0,0,0,0,0,0,0,0,0,0,0,0,0,0,0,0,0,0,0,0,0,0,0,0,0,0,73,628189294565,75,6584081661834,0,0,0,0,0,0,0,0,0,0,0,0,0,0,0,0,0,0,0,0,0,0,0,0,0,0,0,0,0,0,0,59,0,485753587598192,0,0,0,0,0,0,0,0,0,0,0,0,0,0,0,0,0,0,0,0,0,0,0,0,0,0,25,781810705435,23,8558382462184,0,0,0,0,0,0,61,6225823823046,64,2679609679263,0,0,0,0,0,0,0,0,0,0,0,0,0,0,388,15,0,424093517868304,15,4791370417742,84,1923162349352,0,0,0,0,0,0,0,0,0,0,0,0,0,9,6791517547876E-10,0,0,0,4,8395758773938E-12,1,18352215247736E-09,0,0,0,0,0,50178,8908293907,43912,2263498514,0,
120-130C*,0,0371817458254532,403,149994,113,751766306016,747,618563747511,0,00703527404984081,243,867469649054,9,75671719545553,11,7865206642103,0,00299990515357466,4,11972131057656,5,06443335608571,205,862816336546,0,2,72609020941803E-08,42,8401790303926,295,659628714321,206,862816336546,43,4779117979548,52,2350029979548,28,5956724049618,29,3446035538039,0,17,5649706689797,0,0,61,6476103995827,58,8688757819857,204,862816336546,1,41610778056822,6,24778515459541,43,2894976781988,52,0465888781988,31,8150084050615,0,00069195498532913,0,000327350515100101,1,09043608376721E-11,3,27410946973025,0,0101136119226583,1,15114327152641E-07,73,1745347887631,0,677084886269217,0,604423082886309,0,549419415174069,2,68482685956642,0,0,0,0,0,0,0,0,0,0,0,0,0,0,0,0,0,0,0,0,0,0,0,0,0,0,0,0,0,00012479465302196,0,000126813358949223,0,0,0,0,0,0,0,0,0,0,87,6688234702973,88,8260854244391,0,0,0,0,0,0,0,0,0,0,0,0,0,0,0,0,0,0,0,59,0,477976481677233,0,0,0,0,0,0,0,0,0,0,0,0,0,0,0,0,0,0,0,0,0,0,0,0,0,0,11,7410517350496,10,6958112805247,0,0,0,0,0,0,0,0,58,8688757819857,61,6476103995827,0,0,0,0,0,0,0,0,0,0,0,0,398,15,0,44067198123121,15,2592728473365,84,4076560146786,0,0,0,0,0,0,0,0,0,0,0,0,0,1,09043608376721E-09,0,0,0,5,45218041883605E-12,1,33333508317069E-09,0,0,0,0,0,50062,2415327854,43836,2654628631,0,
130-140C*,0,0367675242523275,413,149994,119,301806986056,755,07733318121,0,00632815489723481,246,621999717343,10,1605844338385,12,0242436080233,0,00324082542784769,4,57212086736887,5,12794050037102,208,627729324747,0,3,03239248013915E-08,44,3333121708465,302,506300924676,209,627729324747,42,5298069748734,51,2868981748734,29,6966745012988,31,2775089662002,0,19,5180769876915,0,0,60,1427410648627,56,6982474257765,207,627729324747,1,42035439819674,5,99771301597607,42,3269320945754,51,0840232945754,30,8663541070563,0,000747591186071829,0,000302337833882304,1,21295699205566E-11,2,16992315290012,0,0109258289873859,1,28048521214736E-07,70,9384486231656,0,730612000144661,0,64880630074199,0,58805000533839,2,89902104036031,0,0,0,0,0,0,0,0,0,0,0,0,0,0,0,0,0,0,0,0,0,0,0,0,0,0,0,0,0,0,1,53946065176049E-15,1,72451704884025E-15,0,0,0,0,0,0,0,0,0,0,0,0,0,0,0,0,0,0,0,0,0,0,0,0,0,0,0,0,0,59,0,54250175733812,0,0,12,0421051934203,11,2681778044634,5,53551104948648E-18,5,08436789083852E-18,12,5110592877374,11,7429311412103,12,5174883828982,11,6705878184005,0,0,0,0,37,0706528640559,34,6816967640742,0,0,0,0,0,0,0,0,0,0,62,3393471359441,64,7758014785877,0,0,0,0,0,0,56,6982474257765,60,1427410648627,0,0,0,0,0,0,0,0,0,0,0,0,0,0,408,15,0,458945040915792,15,0922812000004,84,5755551012784,0,0,0,0,0,0,0,0,0,0,0,0,0,1,21295699205566E-09,0,0,0,6,06478496027831E-12,1,48314801386403E-09,0,0,0,0,0,49973,2762306171,43778,3321236956,0,
140-150C*,0,0347063687027621,423,149994,125,06492448612,761,700446389525,0,00562103574462881,249,429898102886,10,4613547824621,12,2619665518362,0,00348174570212072,5,0317262754886,5,19245681399535,211,262881216305,0,3,33869475086028E-08,45,9885759363705,309,341702896494,212,262881216305,41,5984152762998,50,3555064762998,30,8541556374007,32,5297729739741,0,21,4982085124342,0,0,58,6844895801372,55,2082604741897,210,262881216305,1,42415174199842,5,75280214706209,41,3643665109521,50,1214577109521,30,0556147374336,0,000803227386814528,0,000271564869908222,1,33547790034411E-11,1,42597351899186,0,0117380460521136,1,4098271527683E-07,69,0126089815894,0,791006647588281,0,698606488717301,0,631231715108455,3,12656903650119,0,0,0,0,0,0,0,0,0,0,0,0,0,0,0,0,0,0,0,0,0,0,0,0,0,0,0,0,0,0,86,8418450729456,88,4962543557195,0,0,0,0,0,0,0,0,0,0,2,66196553440891,2,72727657330302,0,0,0,0,0,0,0,0,0,0,0,0,0,0,0,0,0,59,0,493512431956633,0,0,0,362267504458299,0,308373891955308,9,53899796822114,7,97037857074137,0,0048993155657128,0,00418325937924811,1,39379184519423E-13,1,18214405129816E-13,0,0,0,0,9,90616478824528,8,28293572207605,2,46044001424345E-05,2,09169448021087E-05,0,0,0,0,0,0,0,0,0,0,0,0,0,0,0,0,52,5462949397808,55,9572130068342,2,66196553440891,2,72727657330302,0,0,0,0,0,0,0,0,0,0,0,0,418,15,0,479127975644482,14,942808776857,84,7274100257289,0,0,0,0,0,0,0,0,0,0,0,0,0,1,33547790034411E-09,0,0,0,6,67738950172056E-12,1,63296094455736E-09,0,0,0,0,0,49948,2967471743,43757,429601163,0,
150-160C*,0,0313929745275624,433,149994,131,056100563888,767,645596838323,0,00491391659202281,252,280183993832,10,7975984476582,12,4996894956491,0,00372266597639375,5,49619673251592,5,25768991752224,213,832228380596,0,3,64499702158141E-08,47,7476319423836,316,166544788216,214,832228380596,40,6805828329164,49,4376740329165,31,5703968312243,33,5605339141292,0,23,4942643504864,0,0,57,6320047211175,53,9397765902216,212,832228380596,1,42757146949642,5,51310065825743,40,4018009273288,49,1588921273288,29,3544135746102,0,000858863587557227,0,000259992561986004,1,45799880863256E-11,0,928922263560238,0,0125502631168413,1,53916909338925E-07,67,3359418443857,0,859348000262494,0,754616442718348,0,679585203499524,3,37188654884781,0,0,0,0,0,0,0,0,0,0,0,0,0,0,0,0,0,0,0,0,0,0,0,0,0,0,0,0,0,0,0,0,0,0,0,0,0,0,0,0,0,0,28,6105491993419,31,2466017148103,0,0,0,0,0,0,0,0,0,0,0,0,0,0,0,0,0,59,0,526075335423943,0,0,0,0,0,0,0,0,0,0,0,0,0,0,0,0,19,8514230900421,17,9898257965457,0,0,0,0,0,0,0,0,0,0,50,948027710616,50,2374971532201,0,0,0,0,25,3292273908797,26,3854030063072,28,6105491993419,31,2466017148103,0,0,0,0,0,0,0,0,0,0,0,0,428,15,0,501469931845953,14,8092192175932,84,8644481287813,0,0,0,0,0,0,0,0,0,0,0,0,0,1,45799880863256E-09,0,0,0,7,28999404316281E-12,1,7827738752507E-09,0,0,0,0,0,49874,0283076542,43707,7217111618,0,
160-170C*,0,0321668442056326,443,149994,137,290883912353,773,070477993476,0,00420679743941681,255,162739295728,11,1233573649166,12,7374124394621,0,00396358625066678,5,96319143603098,5,32334743151523,216,399727186991,0,3,95129929230253E-08,49,5517162434533,322,981453432259,217,399727186991,39,7731557754061,48,5302469754061,32,2710215038797,34,4850898496864,0,25,4951436091265,0,0,56,6056211312037,52,7774977108516,215,399727186991,1,43069011827702,5,27865426312549,39,4392353437055,48,1963265437055,28,7366033397562,0,000914499788299925,0,000231457745116293,1,58051971692101E-11,0,599691777132532,0,013362480181569,1,66851103401019E-07,65,850198785659,0,936927135704384,0,817772987709648,0,733834719386525,3,63938927825892,0,0,0,0,0,0,0,0,0,0,0,0,0,0,0,0,0,0,0,0,0,0,0,0,0,0,0,0,0,0,0,0,0,000116431681721321,0,000126321188115907,0,0,0,0,0,0,0,0,0,0,1,94158504549901E-05,2,115049533493E-05,0,0,0,0,0,0,0,0,0,0,0,0,0,0,0,59,0,53381730456457,0,0,0,0,0,0,0,0,0,0,0,0,0,0,0,0,0,0,0,0,0,0,0,0,0,0,0,0,99,409864427983,99,466035223752,0,0,0,0,52,7774782950011,56,6055999807084,1,94158504549901E-05,2,115049533493E-05,0,0,0,0,0,0,0,0,0,0,0,0,438,15,0,526260430099466,14,6882120614192,84,9895434502221,0,0,0,0,0,0,0,0,0,0,0,0,0,1,58051971692101E-09,0,0,0,7,90259858460507E-12,1,93258680594404E-09,0,0,0,0,0,49802,4008156246,43658,7536341812,0,
170-180C*,0,0312825338597367,453,149994,143,785172562729,778,132783320851,0,00349967828681081,258,068121248572,11,4240846533695,12,975135383275,0,00420450652493981,6,42858321071727,5,38869092629942,219,107119663681,0,1,17167477780265E-06,51,3413182706986,329,786986146791,220,107119663681,38,8729802344512,47,6300714344512,33,2163770847901,35,477659477755,0,27,4739716769387,0,0,55,3595382618405,51,54720513897,218,107119663681,1,43358767044804,5,04950611959061,38,4766697600822,47,2337609600822,28,1777819599521,0,000970135989042624,0,000199881845330742,4,68669911121061E-10,0,383559308039418,0,0141746972462966,4,94761887271759E-06,64,4994769971969,1,02529763016961,0,889188802790058,0,794829062516533,3,93349292559326,0,0,0,0,0,0,0,0,0,0,0,0,0,0,0,0,0,0,0,0,0,0,0,0,0,0,0,0,0,0,0,0,85,1612526217414,85,2920095139094,0,0,0,0,0,0,0,0,0,0,12,8378873342326,12,9097834965547,0,0,0,0,0,0,0,0,0,0,0,0,0,0,0,46,0,38420210731689,0,0,0,0,0,0,0,0,0,0,0,0,0,0,0,0,0,0,4,11367052323413E-10,3,50201096638474E-10,0,0,0,0,0,0,0,0,0,0,1,54086004361464,1,41400488186885,0,0,38,7093178047374,42,4497547652857,12,8378873342326,12,9097834965547,0,0,0,0,0,0,0,0,0,0,0,0,448,15,0,553837371482181,14,5753344855047,85,1067090094507,0,0,0,0,0,0,0,0,0,0,0,0,0,4,68669911121061E-08,0,0,0,2,3433495556053E-10,5,73068008502921E-08,0,0,0,0,0,49732,4470861307,43610,1454667242,0,
180-190C*,0,0258517416107652,463,149994,150,554966643749,782,990206286318,0,00279255913420481,260,987429635318,11,6946024003728,13,2128583270879,0,00444542679921284,6,88036435612042,5,45111414466447,222,421873918253,0,2,66039406652619E-06,53,0561311313271,336,583641658298,223,421873918253,37,9769023407345,46,7339935407345,34,9052599139232,36,9946618478145,0,29,3378217726574,0,0,53,400137685704,49,7924798250976,221,421873918253,1,43634644103194,4,82569666684509,37,5141041764589,46,2711953764589,27,6549494070968,0,00102577218978532,0,000165264862629352,1,06415762661048E-09,0,242975333809528,0,0149869143110243,1,12340182973777E-05,63,2298620081797,1,12634034356321,0,970192501110825,0,863567493785106,4,3105216024964,0,0,0,0,0,0,0,0,0,0,0,0,0,0,0,0,0,0,0,0,0,0,0,0,0,0,0,0,0,0,0,0,0,0,0,0,0,0,0,0,0,0,0,0,0,0,0,0,0,0,0,0,0,0,0,0,0,0,0,0,0,46,0,426887505818992,0,0,0,0,0,0,0,0,0,0,0,0,0,0,0,0,0,0,26,0471071647997,24,6377585737415,0,0,0,0,0,0,0,0,0,0,73,4928835113401,74,9353437928273,9,32386024526278E-06,1,01276122172855E-05,49,7924798250976,53,400137685704,0,0,0,0,0,0,0,0,0,0,0,0,0,0,458,15,0,584596949921528,14,4653365927075,85,2207444872667,0,0,0,0,0,0,0,0,0,0,0,0,0,1,06415762661048E-07,0,0,0,5,32078813305239E-10,1,30120299456847E-07,0,0,0,0,0,49662,6654410625,43561,0169703632,0,
190-200C*,0,0236402597568672,473,149994,157,624187014312,787,947397828878,0,00273327971103655,263,904775697973,11,9060499408303,13,4034169923326,0,00468634707348588,7,13343628070841,5,51429122688459,225,716234216188,0,4,14911335524974E-06,54,5645777487287,343,371868852483,226,716234216188,37,078829075476,45,835920275476,36,8396184675868,38,6687507548545,0,31,2158614323511,0,0,51,254331591583,47,9278322528129,224,716234216188,1,43912996198085,4,60726345815307,36,5515385928356,45,3086297928356,27,127045797097,0,00141086147481639,0,000127606797012122,1,65964534209989E-09,0,152398580138068,0,015799131375752,1,75204177220377E-05,61,9421640212157,1,24234696924991,1,06237941842468,0,941231923213444,4,76604582282222,0,0,0,0,0,0,0,0,0,0,0,0,0,0,0,0,0,0,0,0,0,0,0,0,0,0,0,0,0,0,0,0,0,0,54,8040963901131,55,0728910680582,0,0,0,0,0,0,0,0,0,0,6,0893440433459,6,12960305136427,0,0,0,0,0,0,0,0,0,0,0,0,0,0,0,0,0,0,0,0,0,0,0,0,0,0,0,0,0,0,0,0,0,0,0,0,0,0,0,0,0,0,0,0,0,0,39,106559566541,38,7975058805775,41,838488209467,45,1247285402187,6,0893440433459,6,12960305136427,0,0,0,0,0,0,0,0,0,0,0,0,468,15,0,61900600338893,14,3439948201813,85,3298233774304,0,0,0,0,0,0,0,0,0,0,0,0,0,1,65964534209989E-07,0,0,0,8,29822671049947E-10,2,02933798063401E-07,0,0,0,0,0,49588,9208101891,43508,5128896676,0,
200-210C*,0,022740406072334,483,149994,165,037008938657,793,616787914519,0,00586352347103934,266,789692124347,11,9245500567674,13,361770757082,0,00492726734775891,7,57363301427657,5,57837998961717,228,975648282016,0,5,63783264397328E-06,55,5909812840067,350,152073867354,229,975648282016,36,1665118393558,44,9236030393558,39,0190791013032,40,6931175428809,0,33,1129100922865,0,0,49,0563708419294,45,9451117000371,227,975648282016,1,44227167893024,4,39424098978377,35,5889730092123,44,3460642092123,26,5153372032546,0,00341795416957495,8,70458919980924E-05,2,25513305758931E-09,0,0946120787502722,0,0166113484404797,2,38068171466978E-05,60,4427933317692,1,37612858945498,1,16767638785497,1,02922710384588,5,24306666142745,0,0,0,0,0,0,0,0,0,0,0,0,0,0,0,0,0,0,0,0,0,0,0,0,0,0,0,0,0,0,0,0,0,0,9,04184266333127E-14,1,04724342379664E-13,0,0,0,0,0,0,0,0,0,0,5,02324592407293E-15,5,82790040756379E-15,0,0,0,0,0,0,0,0,0,0,0,0,0,0,0,0,0,0,0,0,0,0,0,0,0,0,0,0,0,0,0,0,0,0,91,2490594083004,91,2322347110431,0,0,0,0,0,0,0,0,0,0,0,0,45,9451117000371,49,0563708419294,0,0,0,0,0,0,0,0,0,0,0,0,0,0,478,15,0,657617508446025,14,1863957907668,85,4648567455058,0,0,0,0,0,0,0,0,0,0,0,0,0,2,25513305758931E-07,0,0,0,1,12756652879466E-09,2,75747296669956E-07,0,0,0,0,0,49501,638980372,43445,7129931774,0,
210-220C*,0,0242160412175722,493,149994,172,758247369592,799,235784670699,0,00899376723104213,269,681133287258,11,9362011335137,13,3201245218314,0,00516818762203194,8,08759467163347,5,64353824951961,232,185563840263,0,7,12655193269682E-06,56,5182709116376,356,924625903101,233,752503059977,35,2552024698248,44,0122936698248,41,3504280035138,42,8437080334771,0,00290392758420122,35,03378718873,0,0,46,7133708629725,43,8361674446915,231,185563840263,1,44535875880928,4,18666052635124,34,6264074255889,43,3834986255889,25,9204898975056,0,00542504686433351,0,000126221544261575,2,85062077307873E-09,0,0581180077396885,0,0174235655052073,3,00932165713579E-05,58,9772874177168,1,53115782602649,1,28842491122907,1,12923109305131,5,73813043571455,0,0,0,0,0,0,0,0,0,0,0,0,0,0,0,0,0,0,0,0,0,0,0,0,0,0,0,0,0,0,0,0,0,0,0,0,0,0,0,0,0,0,0,0,0,0,0,0,0,0,0,0,0,0,0,0,0,0,0,0,0,0,0,0,0,0,0,0,0,0,0,0,0,0,0,0,0,0,0,0,0,0,0,0,0,0,0,0,0,0,0,0,0,0,0,0,43,8361674446915,46,7133708629725,0,0,0,0,0,0,0,0,0,0,0,0,0,0,488,15,0,7010901571911,14,0261415031502,85,6023440414368,0,0,0,0,0,0,0,0,0,0,0,0,0,2,85062077307873E-07,0,0,0,1,42531038653936E-09,3,48560795276511E-07,0,0,0,0,0,49412,2346233988,43380,7596746325,0,
220-230C*,0,023508489208823,503,149994,180,78544963592,804,807217237086,0,0121240109910449,272,578772850724,11,9470193152148,13,2784782865808,0,0152438235421937,8,70288632983132,5,71001217772478,235,326215877416,0,8,61527122142036E-06,57,3562747295759,363,689862026194,240,2824296025,34,3448443840897,43,1019355840897,43,819400773278,45,1367998151388,0,00856527721326575,36,9839598328035,0,0,44,2335799115072,41,5847218982805,234,326215877416,1,44839159776746,3,98454992288707,33,6638418419656,42,4209330419656,25,3416605592049,0,00743213955909207,0,000165397196525058,3,44610848856815E-09,0,0353116644106493,0,0513916632795945,3,63796159960179E-05,57,5441791197089,1,71175651522312,1,4274887073097,1,24325895844997,6,24778346308597,0,0,0,0,0,0,0,0,0,0,0,0,0,0,0,0,0,0,0,0,0,0,0,0,0,0,0,0,0,0,0,0,0,0,0,0,0,0,0,0,0,0,0,0,0,0,0,0,0,0,0,0,0,0,0,0,0,0,0,0,0,0,0,0,0,0,0,0,0,0,0,0,0,0,0,0,0,0,0,0,0,0,0,0,0,0,0,0,0,0,0,0,0,0,0,0,41,5847218982805,44,2335799115072,0,0,0,0,0,0,0,0,0,0,0,0,0,0,498,15,0,750213278945832,13,8637373254539,85,7418154668806,0,0,0,0,0,0,0,0,0,0,0,0,0,3,44610848856815E-07,0,0,0,1,72305424428407E-09,4,21374293883065E-07,0,0,0,0,0,49320,9310126069,43313,8708824765,0,
230-240C*,0,0220550038601398,513,150024,189,10986008458,810,333914753352,0,0152542547510477,275,482299524055,12,0253222435026,13,2368320513301,0,0253194594623555,10,1136666694517,5,78369643014611,238,063669120552,0,1,01039905101439E-05,58,1134968918973,370,448091176164,246,449131399626,33,4353809993571,42,1924721993571,46,6924529379274,48,1082194977301,0,0142266268423303,39,0103008657054,0,0,41,28222481857,38,6549484509398,237,063669120552,1,45137064046288,3,78793344402562,32,7012762583423,41,4583674583423,24,7780447479053,0,00943923225385063,0,00020457284878854,4,04159620405756E-09,0,021213230353765,0,0853597610539817,4,2666015420678E-05,56,1420410305435,1,92334562676947,1,58839381130043,1,37374367251069,6,76857206094418,0,0,0,0,0,0,0,0,0,0,0,0,0,0,0,0,0,0,0,0,0,0,0,0,0,0,0,0,0,0,0,0,0,0,0,0,0,0,0,0,0,0,0,0,0,0,0,0,0,0,0,0,0,0,0,0,0,0,0,0,0,0,0,0,0,0,0,0,0,0,0,0,0,0,0,0,0,0,0,0,0,0,0,0,0,0,0,0,0,0,0,0,0,0,0,0,38,6549484509398,41,28222481857,0,0,0,0,0,0,0,0,0,0,0,0,0,0,508,15,0,805938818870989,13,699637536484,85,8828487042733,0,0,0,0,0,0,0,0,0,0,0,0,0,4,04159620405756E-07,0,0,0,2,02079810202878E-09,4,9418779248962E-07,0,0,0,0,0,49227,9255489885,43245,2402615194,0,
240-250C*,0,0211621126587004,523,150024,197,64148259746,815,885966091449,0,0183844985110505,278,388238732603,12,4110315766673,13,5607479100488,0,0353950953825173,11,5244470090722,5,85928992463606,240,736282154215,0,1,15927097988674E-05,58,7667283844169,377,199597533784,252,429844543839,32,5254105381878,41,2825017381878,49,5598928395325,50,8984448527252,0,0198879764713948,41,077613737254,0,0,38,0290755838003,35,540807237226,239,736282154215,1,45433363741085,3,59683158073947,31,738710674719,40,495801874719,24,2206634337498,0,0368700435811867,0,000243748501052023,4,63708391954698E-09,0,0125952540633132,0,119327858828369,4,89524148453381E-05,54,7489146855748,2,17278109303727,1,77551249264943,1,52363945453182,7,29704254669163,0,0,0,0,0,0,0,0,0,0,0,0,0,0,0,0,0,0,0,0,0,0,0,0,0,0,0,0,0,0,0,0,0,0,0,0,0,0,0,0,0,0,0,0,0,0,0,0,0,0,0,0,0,0,0,0,0,0,0,0,0,0,0,0,0,0,0,0,0,0,0,0,0,0,0,0,0,0,0,0,0,0,0,0,0,0,0,0,0,0,0,0,0,0,0,0,35,540807237226,38,0290755838003,0,0,0,0,0,0,0,0,0,0,0,0,0,0,518,15,0,869422717883119,13,5311960002475,86,027894821817,0,0,0,0,0,0,0,0,0,0,0,0,0,4,63708391954698E-07,0,0,0,2,31854195977349E-09,5,67001291096175E-07,0,0,0,0,0,49132,219936363,43174,1664059033,0,
250-260C*,0,0210536804985017,533,150024,206,35164190597,821,451845440972,0,0248183069159825,281,29710309696,13,1033892572082,14,2471374925509,0,045470731302679,12,9352273486926,5,93629302024041,243,386699499376,0,1,3081429087591E-05,59,3299087214254,383,944643372887,258,231792329818,31,61516351679,40,37225471679,52,3545222941181,53,4582418593384,0,0255493261004593,43,1858984474491,0,0,34,5420884486738,32,2946206481107,242,386699499376,1,45727353222351,3,41126086512508,30,7761450910957,39,5332362910957,23,6708413359007,0,0862399616592207,0,000282924153315505,5,2325716350364E-09,0,00738824050957575,0,153295956602756,5,52388142699981E-05,53,3683507924115,2,46880938838235,1,99430665673156,1,69655461865116,7,82974123773077,0,0,0,0,0,0,0,0,0,0,0,0,0,0,0,0,0,0,0,0,0,0,0,0,0,0,0,0,0,0,0,0,0,0,0,0,0,0,0,0,0,0,0,0,0,0,0,0,0,0,0,0,0,0,0,0,0,0,0,0,0,0,0,0,0,0,0,0,0,0,0,0,0,0,0,0,0,0,0,0,0,0,0,0,0,0,0,0,0,0,0,0,0,0,0,0,32,2946206481107,34,5420884486738,0,0,0,0,0,0,0,0,0,0,0,0,0,0,528,15,0,942078936009418,13,3593515391521,86,1760870633679,0,0,0,0,0,0,0,0,0,0,0,0,0,5,2325716350364E-07,0,0,0,2,6162858175182E-09,6,39814789702729E-07,0,0,0,0,0,49034,1491282051,43100,9236872951,0,
260-270C*,0,0194530661219129,543,150024,215,310115126381,826,936993434198,0,0274326592630683,284,213194301399,13,8178329297388,14,94184573597,0,0555463672228408,14,346007688313,6,01420607600496,246,057565677003,0,1,45701483763145E-05,59,8527268271698,377,071287725423,263,924299454761,30,7065311225181,39,4636223225181,55,1863370118077,56,0894431894644,0,0312106757295239,45,335154996291,0,0,30,9958300584534,28,9687110745657,245,057565677003,1,46013682884019,3,2312336838066,29,8135795074724,38,5706707074724,23,1396949090029,0,131847403558946,0,000322099805578988,5,82805935052581E-09,0,00427979722025108,0,187264054377143,6,15252136946582E-05,52,0287089841796,2,8226917666657,2,25165271065234,1,89692346834362,8,32040501921884,0,0,0,0,0,0,0,0,0,0,0,0,0,0,0,0,0,0,0,0,0,0,0,0,0,0,0,0,0,0,0,0,0,0,0,0,0,0,0,0,0,0,0,0,0,0,0,0,0,0,0,0,0,0,0,0,0,0,0,0,0,0,0,0,0,0,0,0,0,0,0,0,0,0,0,0,0,0,0,0,0,0,0,0,0,0,0,0,0,0,0,0,0,0,0,0,28,9687110745657,30,9958300584534,0,0,0,0,0,0,0,0,0,0,0,0,0,0,538,15,1,02565065040085,13,1888784261762,86,3229986156543,0,0,0,0,0,0,0,0,0,0,0,0,0,5,82805935052581E-07,0,0,0,2,91402967526291E-09,7,12628288309284E-07,0,0,0,0,0,48935,5658994028,43026,9303692793,0,
270-280C*,0,016222673286164,553,150024,224,524084508632,832,311087199991,0,0297536811547425,287,137671932855,14,5534421945262,15,6448726403061,0,0656220031430026,15,7567880279334,6,09252945097551,249,906373135501,0,1,60588676650381E-05,60,35393425138,381,92947140677,269,525226068128,29,8001198127949,38,5572110127949,58,0127605488565,58,7397264521316,0,0368720253585884,47,5253833837794,0,0,27,4337972566173,25,6154009075624,247,791525208068,1,46290532074305,3,05675809059807,28,8510139238491,37,6081051238491,22,6302207689793,0,173692369280362,0,00036127545784247,6,42354706601523E-09,0,00244713928527653,0,221232152151531,6,78116131193183E-05,50,7382146165102,3,24906863880302,2,55627902773123,2,13023022501008,8,7876467650974,0,0,0,0,0,0,0,0,0,0,0,0,0,0,0,0,0,0,0,0,0,0,0,0,0,0,0,0,0,0,0,0,0,0,0,0,0,0,0,0,0,0,0,0,0,0,0,0,0,0,0,0,0,0,0,0,0,0,0,0,0,0,0,0,0,0,0,0,0,0,0,0,0,0,0,0,0,0,0,0,0,0,0,0,0,0,0,0,0,0,0,0,0,0,0,0,25,6154009075624,27,4337972566173,0,0,0,0,0,0,0,0,0,0,0,0,0,0,548,15,1,12230503194479,13,0216610070226,86,4668780448182,0,0,0,0,0,0,0,0,0,0,0,0,0,6,42354706601523E-07,0,0,0,3,21177353300761E-09,7,85441786915838E-07,0,0,0,0,0,48837,2498031182,42952,814349373,0,
280-290C*,0,0149239580112756,563,150024,234,002487882964,837,543803867215,0,031781372591005,290,07163610146,15,3089426809063,16,3562182055592,0,0756976390631644,17,1675683675538,6,17076350419785,254,794666383798,0,1,75475869537616E-05,60,8510506361052,386,57928779754,275,048389308406,28,8965360450431,37,6536272450431,60,7891081263801,61,3567692563683,0,0425333749876529,49,7565836099145,0,0,23,9019491927135,22,2870125380725,250,631222613537,1,46556071720409,2,88783761914226,27,8884483402258,36,6455395402258,22,1452618312077,0,21177485882347,0,000400451110105953,7,01903478150465E-09,0,00138052215698748,0,255200249925918,7,40980125439783E-05,49,5048015857475,3,76716980054653,2,91936055192145,2,40330280258547,9,25187773238503,0,0,0,0,0,0,0,0,0,0,0,0,0,0,0,0,0,0,0,0,0,0,0,0,0,0,0,0,0,0,0,0,0,0,0,0,0,0,0,0,0,0,0,0,0,0,0,0,0,0,0,0,0,0,0,0,0,0,0,0,0,0,0,0,0,0,0,0,0,0,0,0,0,0,0,0,0,0,0,0,0,0,0,0,0,0,0,0,0,0,0,0,0,0,0,0,22,2870125380725,23,9019491927135,0,0,0,0,0,0,0,0,0,0,0,0,0,0,558,15,1,23476075888623,12,8595635213672,86,6059928546971,0,0,0,0,0,0,0,0,0,0,0,0,0,7,01903478150465E-07,0,0,0,3,50951739075232E-09,8,58255285522393E-07,0,0,0,0,0,48739,9943642056,42879,2167072386,0,
290-300C*,0,0158452381912022,573,150024,243,888635414864,842,396994523498,0,0330585665749863,293,025340872397,16,0835149091373,17,0769454349202,0,0857732749833261,17,3127900730341,6,24840859471776,259,549825567113,0,1,90363062424852E-05,61,4498581491926,391,021760414127,280,589322050394,28,0005427975101,36,7576339975101,63,4678191564434,63,8871862080121,0,0481947246167175,52,0287556746962,0,0,20,4486659344193,19,0358683570677,254,050590335883,1,46796808101524,2,724471096327,26,9258827566024,35,6829739566024,21,7113167514128,0,240230905786225,0,000439626762369435,7,61452249699406E-09,0,000768003459251162,0,289168347700305,8,03844119686384E-05,48,3969868441674,4,35974919023597,3,33149594536901,2,71076725920784,9,71405601037775,0,0,0,0,0,0,0,0,0,0,0,0,0,0,0,0,0,0,0,0,0,0,0,0,0,0,0,0,0,0,0,0,0,0,0,0,0,0,0,0,0,0,0,0,0,0,0,0,0,0,0,0,0,0,0,0,0,0,0,0,0,0,0,0,0,0,0,0,0,0,0,0,0,0,0,0,0,0,0,0,0,0,0,0,0,0,0,0,0,0,0,0,0,0,0,0,19,0358683570677,20,4486659344193,0,0,0,0,0,0,0,0,0,0,0,0,0,0,568,15,1,36615275734157,12,714314978757,86,7307830179114,0,0,0,0,0,0,0,0,0,0,0,0,0,7,61452249699406E-07,0,0,0,3,80726124849703E-09,9,31068784128948E-07,0,0,0,0,0,48648,5425736525,42809,783225554,0,
300-310C*,0,0152107476063584,583,150024,254,354932454719,846,622496993962,0,0333861549445174,296,009039663644,16,8759020987905,17,8081023061828,0,0958489109034879,19,0581428686024,6,32496508158106,264,199794814583,0,5,2499462263961E-05,62,2563471163391,395,258380814762,286,238079803007,27,1171033136934,35,8741945136934,65,9989761241402,66,2776069382976,0,053856074245782,54,3418995781246,0,0,17,1251217770694,15,9142907555196,258,491297210798,1,46998691472608,2,5666524573687,25,9633171729791,34,7204083729791,21,3548825128031,0,25650659971287,0,000478802414632918,2,09997849055844E-08,0,000421107916783318,0,323136445474692,0,000221688932138512,47,4841190068141,4,98881444319908,3,77478677466915,3,04549117893058,10,1751396883716,0,0,0,0,0,0,0,0,0,0,0,0,0,0,0,0,0,0,0,0,0,0,0,0,0,0,0,0,0,0,0,0,0,0,0,0,0,0,0,0,0,0,0,0,0,0,0,0,0,0,0,0,0,0,0,0,0,0,0,0,0,0,0,0,0,0,0,0,0,0,0,0,0,0,0,0,0,0,0,0,0,0,0,0,0,0,0,0,0,0,0,0,0,0,0,0,15,9142907555196,17,1251217770694,0,0,0,0,0,0,0,0,0,0,0,0,0,0,578,15,1,51742946343096,12,5977830743793,86,8290431566041,0,0,0,0,0,0,0,0,0,0,0,0,0,2,09997849055844E-06,0,0,0,1,04998924527922E-08,2,56775709924429E-06,0,0,0,0,0,48568,0048333069,42748,4711697013,0,
310-320C*,0,0140883593619308,593,150024,265,183242321066,850,613627001641,0,0337137433140485,299,004771658306,17,6817984268195,18,5474305645779,0,10592454682365,20,9319760125106,6,39993332383352,268,707219423809,0,0,000105559853702286,63,1019656734278,399,291076094282,291,83536600497,26,2383512791325,34,9954424791325,68,3325928456281,68,4779673110223,0,0595174238748465,56,6960153201996,0,0,13,9856087275523,12,9746021243998,263,109497400784,1,47183764145076,2,41437056354536,25,0007515893558,33,7578427893558,21,0295445963657,0,272782293639515,0,000517978066896401,4,22239414809142E-08,0,000227456403777024,0,357104543249079,0,000445746494055455,46,6485855327868,5,74688502161244,4,304267791355,3,4430686242306,10,6360868556625,0,0,0,0,0,0,0,0,0,0,0,0,0,0,0,0,0,0,0,0,0,0,0,0,0,0,0,0,0,0,0,0,0,0,0,0,0,0,0,0,0,0,0,0,0,0,0,0,0,0,0,0,0,0,0,0,0,0,0,0,0,0,0,0,0,0,0,0,0,0,0,0,0,0,0,0,0,0,0,0,0,0,0,0,0,0,0,0,0,0,0,0,0,0,0,0,12,9746021243998,13,9856087275523,0,0,0,0,0,0,0,0,0,0,0,0,0,0,588,15,1,69145678259952,12,4917634097389,86,9173345013557,0,0,0,0,0,0,0,0,0,0,0,0,0,4,22239414809142E-06,0,0,0,2,11119707404571E-08,5,16294933415538E-06,0,0,0,0,0,48498,443241219,42696,2460907276,0,
320-330C*,0,0113902389359634,603,150024,276,334761754794,854,412439140285,0,0340413316835796,302,010413281048,18,5139901225431,19,2945051485349,0,116000182743811,25,7541066741976,6,47161772864313,273,069724158521,0,0,00015862024514061,63,9709604576504,403,122175907082,297,365710560905,25,3634456019523,34,1205368019523,70,314305559726,70,3662293505837,0,0651787735039111,68,4836937206021,0,0,11,1717043177309,10,3392655008814,267,829510073897,1,47354396537491,2,26760902366051,24,0381860057325,32,7952772057325,20,7298152379115,0,28905798756616,0,000557153719159883,6,34480980562441E-08,0,000120956611860094,0,391072641023467,0,000669804055972397,45,8768715569771,6,66802040975303,4,9418163229155,3,91913891192256,11,0978556015466,0,0,0,0,0,0,0,0,0,0,0,0,0,0,0,0,0,0,0,0,0,0,0,0,0,0,0,0,0,0,0,0,0,0,0,0,0,0,0,0,0,0,0,0,0,0,0,0,0,0,0,0,0,0,0,0,0,0,0,0,0,0,0,0,0,0,0,0,0,0,0,0,0,0,0,0,0,0,0,0,0,0,0,0,0,0,0,0,0,0,0,0,0,0,0,0,10,3392655008814,11,1717043177309,0,0,0,0,0,0,0,0,0,0,0,0,0,0,598,15,1,89241366946635,12,3944265531207,86,9972628961998,0,0,0,0,0,0,0,0,0,0,0,0,0,6,34480980562441E-06,0,0,0,3,1724049028122E-08,7,75814156906646E-06,0,0,0,0,0,48426,2024516869,42641,1916141554,0,
330-340C*,0,0105364994152265,613,150024,287,754232157208,858,060988003646,0,0343689200531107,305,023926241906,19,4024153004859,20,0489009964832,0,126075818663973,42,1537155948587,6,53663874491629,277,284839796243,0,0,000211680636578935,64,8478460990453,406,754379347841,302,828429878809,24,4915451902777,33,2486363902777,71,6647113771711,71,7215936488893,0,0708401231329756,117,912716048278,0,0,8,93287332234302,8,22950535462745,271,883047304932,1,47512969180164,2,12634602042223,23,0756204221092,31,8327116221092,20,4504270685481,0,305333681492805,0,000596329371423366,8,46722546315739E-08,6,32888462072036E-05,0,425040738797854,0,00089386161788934,45,1558473894867,7,79726461716613,5,71617529295289,4,49421411812855,11,5614040153198,0,0,0,0,0,0,0,0,0,0,0,0,0,0,0,0,0,0,0,0,0,0,0,0,0,0,0,0,0,0,0,0,0,0,0,0,0,0,0,0,0,0,0,0,0,0,0,0,0,0,0,0,0,0,0,0,0,0,0,0,0,0,0,0,0,0,0,0,0,0,0,0,0,0,0,0,0,0,0,0,0,0,0,0,0,0,0,0,0,0,0,0,0,0,0,0,8,22950535462745,8,93287332234302,0,0,0,0,0,0,0,0,0,0,0,0,0,0,608,15,2,12540501753382,12,3039104209114,87,0704647103561,0,0,0,0,0,0,0,0,0,0,0,0,0,8,46722546315739E-06,0,0,0,4,2336127315787E-08,1,03533338039776E-05,0,0,0,0,0,48356,5946518378,42588,0844577669,0,
340-350C*,0,0101408526741912,623,150024,299,3674175797,861,601328185474,0,0346965084226418,308,04334724371,20,1222828572525,20,8101930468523,0,136151454584135,57,9930495697527,6,60073910846656,281,350005949865,0,0128892230067759,0,000264741028017259,65,7173533591998,410,190721987614,308,094900908007,23,6218089522338,32,3789001522338,73,0366995671133,72,858268192684,0,0765014727620401,164,190359522793,0,0,6,84101757563413,6,33153876046379,277,272249541725,1,47661858585259,1,990554143029,22,1130548384859,30,8701460384859,20,1863065164837,0,342281595497829,0,000635505023686848,1,05896411206904E-07,3,25624266988254E-05,0,459008836572241,0,00111791917980628,44,4727318120142,9,19482600387263,6,66551969816698,5,19550672887481,12,0276901862781,0,0,0,0,0,0,0,0,0,0,0,0,0,0,0,0,0,0,0,0,0,0,0,0,0,0,0,0,0,0,0,0,0,0,0,0,0,0,0,0,0,0,0,0,0,0,0,0,0,0,0,0,0,0,0,0,0,0,0,0,0,0,0,0,0,0,0,0,0,0,0,0,0,0,0,0,0,0,0,0,0,0,0,0,0,0,0,0,0,0,0,0,0,0,0,0,6,33153876046379,6,84101757563413,0,0,0,0,0,0,0,0,0,0,0,0,0,0,618,15,2,39669965618047,12,2183276737121,87,138504729216,0,0,0609945658525247,0,0,0,0,0,0,0,0,0,0,0,1,05896411206904E-05,0,0,0,5,29482056034519E-08,1,29485260388886E-05,0,0,0128892230067759,0,0,0,48278,9324700127,42527,6099043371,0,
350-360C*,0,0105871500548394,633,150024,311,07793952389,865,07551427952,0,0350240967921729,311,066780100033,20,9433743638115,21,5779562380714,0,146227090504297,73,2721085988795,6,66419362996211,285,262575126128,0,0135192603494501,0,000317801419455584,66,5644008026375,413,434543330691,313,122507485972,22,7533957959455,31,5104869959455,74,0292912557971,73,7697759894977,0,0821628223911047,207,316624144145,0,0,5,0273343803914,4,65226777243087,281,84361467255,1,46903134917382,1,86020022736592,21,1504892548626,29,9075804548626,19,9325534381806,0,354595361793008,0,000674680675950331,1,27120567782234E-07,1,64630325732032E-05,0,492976934346628,0,00134197674172322,43,8150637551999,10,9420923418189,7,84113885197615,6,05956167539337,12,4976722037176,0,0,0,0,0,0,0,0,0,0,0,0,0,0,0,0,0,0,0,0,0,0,0,0,0,0,0,0,0,0,0,0,0,0,0,0,0,0,0,0,0,0,0,0,0,0,0,0,0,0,0,0,0,0,0,0,0,0,0,0,0,0,0,0,0,0,0,0,0,0,0,0,0,0,0,0,0,0,0,0,0,0,0,0,0,0,0,0,0,0,0,0,0,0,0,0,4,65226777243087,5,0273343803914,0,0,0,0,0,0,0,0,0,0,0,0,0,0,628,15,2,71403730041032,12,1352786074043,87,1992577191313,0,0,0618995360702643,0,0,0,0,0,0,0,0,0,0,0,1,27120567782234E-05,0,0,0,6,35602838911168E-08,1,55437182737997E-05,0,0,0135192603494501,0,0,0,48214,3908704995,42478,5166973869,0,
360-370C*,0,00991592863405825,643,150024,322,764627571238,868,525600879533,0,035351685161704,314,092390046142,21,7663086872644,22,3517655085702,0,156302726424459,87,990892682239,6,72727712007107,289,01981794476,0,0141492976921244,0,000370861810893909,67,3740881443938,416,489454925612,317,870170349984,21,8854646295379,30,6425558295379,74,7777783979471,74,4496400468607,0,0878241720201692,247,291509912335,0,0,3,4559129147885,3,19859444456912,286,214068958723,1,47081201045891,1,73524520532905,20,1879236712393,28,9450148712393,19,6844264166326,0,365702976513515,0,000713856328213813,1,48344724357563E-07,8,17339486242815E-06,0,526945032121015,0,00156603430364017,43,1706819967886,13,1503966490359,9,31278933816576,7,13610099758503,12,9723081569342,0,0,0,0,0,0,0,0,0,0,0,0,0,0,0,0,0,0,0,0,0,0,0,0,0,0,0,0,0,0,0,0,0,0,0,0,0,0,0,0,0,0,0,0,0,0,0,0,0,0,0,0,0,0,0,0,0,0,0,0,0,0,0,0,0,0,0,0,0,0,0,0,0,0,0,0,0,0,0,0,0,0,0,0,0,0,0,0,0,0,0,0,0,0,0,0,3,19859444456912,3,4559129147885,0,0,0,0,0,0,0,0,0,0,0,0,0,0,638,15,3,08702657442487,12,0529819383564,87,2548738845977,0,0,0627870407005145,0,0,0,0,0,0,0,0,0,0,0,1,48344724357563E-05,0,0,0,7,41723621787817E-08,1,81389105087108E-05,0,0,0141492976921244,0,0,0,48150,9379614452,42430,3046565829,0,
370-380C*,0,00863935810864472,653,150024,334,278788285214,871,993642579264,0,0356792735312351,317,118400058682,22,5875270795908,23,136937545861,0,16637836234462,102,149401819831,6,79313656851792,292,618929448281,0,0153930611815121,0,000423922202332233,68,131709656626,419,359309332442,322,327542750196,21,0171743611359,29,7742655611359,75,107906258989,74,7283708520802,0,0934855216492337,284,115016827363,0,0,2,30456666142015,2,13469160205881,290,3079315683,1,47267177847244,1,61564396491305,19,2253580876159,27,9824492876159,19,4373332506766,0,376118626719556,0,000753031980477296,1,69568880932893E-07,3,98175321496617E-06,0,560913129895403,0,00179009186555711,42,5277125427481,15,9739623965307,11,1765856147401,8,49372531075048,13,4646903656691,0,0,0,0,0,0,0,0,0,0,0,0,0,0,0,0,0,0,0,0,0,0,0,0,0,0,0,0,0,0,0,0,0,0,0,0,0,0,0,0,0,0,0,0,0,0,0,0,0,0,0,0,0,0,0,0,0,0,0,0,0,0,0,0,0,0,0,0,0,0,0,0,0,0,0,0,0,0,0,0,0,0,0,0,0,0,0,0,0,0,0,0,0,0,0,0,2,13469160205881,2,30456666142015,0,0,0,0,0,0,0,0,0,0,0,0,0,0,648,15,3,52766398379749,11,9700569468503,87,3102936889963,0,0,0644931355580191,0,0,0,0,0,0,0,0,0,0,0,1,69568880932893E-05,0,0,0,8,47844404664466E-08,2,07341027436219E-05,0,0,0153930611815121,0,0,0,48087,6239605281,42382,232246494,0,
380-390C*,0,00778388858290271,663,150024,345,416993791694,875,554753758216,0,0363978611566397,320,141732916508,23,3964120158237,23,9509792863611,0,176453998264782,115,670176715065,6,87153727278795,296,05331694222,0,0193531881665271,0,000476982593770558,68,8093519416368,422,048170118079,326,513168177041,20,1470227031496,28,9041139031496,74,5970364662684,74,1856194783742,0,0991468712782982,317,35145953313,0,0,2,00655151790784,1,86340123526464,293,930261527817,1,4746495036242,1,50134522281533,18,2627925039926,27,0198837039926,19,1833217552771,0,386578023692117,0,000792207632740778,1,90793037508223E-07,1,90189923734545E-06,0,59488122766979,0,00201414942747405,41,8654168925373,19,6143484232196,13,5443308641672,10,2067336096575,13,962598970436,0,0,0,0,0,0,0,0,0,0,0,0,0,0,0,0,0,0,0,0,0,0,0,0,0,0,0,0,0,0,0,0,0,0,0,0,0,0,0,0,0,0,0,0,0,0,0,0,0,0,0,0,0,0,0,0,0,0,0,0,0,0,0,0,0,0,0,0,0,0,0,0,0,0,0,0,0,0,0,0,0,0,0,0,0,0,0,0,0,0,0,0,0,0,0,0,1,86340123526464,2,00655151790784,0,0,0,0,0,0,0,0,0,0,0,0,0,0,658,15,4,04353415652583,11,8830940870833,87,3679938403479,0,0,0696000730759426,0,0,0,0,0,0,0,0,0,0,0,1,90793037508223E-05,0,0,0,9,53965187541116E-08,2,3329294978533E-05,0,0,0193531881665271,0,0,0,48022,8447028405,42333,053303651,0,
390-400C*,0,00706297311202395,673,150024,356,36864426015,879,705626806889,0,0437150435618292,323,142274674389,24,2070700917924,24,76442445394,0,186529634184944,127,705818024684,6,94747494929994,299,26834598007,0,0233133151515421,0,000530042985208882,69,2097600839569,424,56028302246,330,384967253488,19,2650758077688,28,0221670077688,74,0825321268016,73,6434646775895,0,104808220907363,342,234470390507,0,0,1,71039778140601,1,59211086847048,295,482953985172,1,47701187905037,1,39229141142832,17,3002269203693,26,0573181203693,18,8704132760794,0,400349132599196,0,000831383285004261,2,12017194083553E-07,8,89990331363295E-07,0,628849325444177,0,00223820698939099,41,0477115767387,24,1017197000594,16,1665744687863,11,9848386793909,14,465251890737,0,0,0,0,0,0,0,0,0,0,0,0,0,0,0,0,0,0,0,0,0,0,0,0,0,0,0,0,0,0,0,0,0,0,0,0,0,0,0,0,0,0,0,0,0,0,0,0,0,0,0,0,0,0,0,0,0,0,0,0,0,0,0,0,0,0,0,0,0,0,0,0,0,0,0,0,0,0,0,0,0,0,0,0,0,0,0,0,0,0,0,0,0,0,0,0,1,59211086847048,1,71039778140601,0,0,0,0,0,0,0,0,0,0,0,0,0,0,668,15,4,52436124028788,11,7695679133372,87,4488841621743,0,0,0743410628872682,0,0,0,0,0,0,0,0,0,0,0,2,12017194083553E-05,0,0,0,1,06008597041776E-07,2,59244872134441E-05,0,0,0233133151515421,0,0,0,47946,7451760761,42275,1804425596,0,
400-410C*,0,00760431381248838,683,150024,371,255723634254,883,899954737898,0,0518470458511337,326,142659061062,25,0154469801321,25,573510356,0,196605270105106,134,531448667361,7,01802986141658,302,326991607065,0,0272734421365572,0,000583103376647207,69,559157896456,426,900048411183,335,293388283412,18,3822598147412,27,1393510147412,73,5686679566349,73,1056691423236,0,110469570536427,367,117481247885,0,0,1,41588506323293,1,32082050167631,297,035646442528,1,47947743179202,1,28841858220791,16,337661336746,25,094752536746,18,5570981166645,0,413638973447737,0,000870558937267743,2,33241350658883E-07,4,07653247615336E-07,0,662817423218564,0,00246226455130794,40,2269029717238,30,0354039026766,19,5025653041109,14,2034664813352,14,9726491265721,0,0,0,0,0,0,0,0,0,0,0,0,0,0,0,0,0,0,0,0,0,0,0,0,0,0,0,0,0,0,0,0,0,0,0,0,0,0,0,0,0,0,0,0,0,0,0,0,0,0,0,0,0,0,0,0,0,0,0,0,0,0,0,0,0,0,0,0,0,0,0,0,0,0,0,0,0,0,0,0,0,0,0,0,0,0,0,0,0,0,0,0,0,0,0,0,1,32082050167631,1,41588506323293,0,0,0,0,0,0,0,0,0,0,0,0,0,0,678,15,5,08890772957637,11,6547725404369,87,5300427084934,0,0,0788200274158788,0,0,0,0,0,0,0,0,0,0,0,2,33241350658883E-05,0,0,0,1,16620675329441E-07,2,85196794483551E-05,0,0,0272734421365572,0,0,0,47870,3426395937,42217,1086879721,0,
410-420C*,0,00721076724694514,693,150024,385,928011042378,888,126767140163,0,0607938680245534,329,14335053533,25,8189729747058,26,3744742999436,0,206680906025267,146,21395690256,7,08028227250051,305,232693162578,0,0287060164313299,0,000636163768085532,69,8643522571948,429,07199510456,339,760770637243,17,4987941322886,26,2558853322886,73,0581383210028,72,5759955651743,0,116130920165492,392,000492105263,0,0,1,12288870429145,1,04953013488214,298,588338899883,1,48204082694341,1,18965632751904,15,3750957531227,24,1321869531227,18,2445765360199,0,426447546237739,0,000909734589531226,2,54465507234213E-07,1,82602213192908E-07,0,696785520992951,0,00268632211322488,39,4061392379056,38,009827483586,23,7994398639887,17,0023042634326,15,4847906779413,0,0,0,0,0,0,0,0,0,0,0,0,0,0,0,0,0,0,0,0,0,0,0,0,0,0,0,0,0,0,0,0,0,0,0,0,0,0,0,0,0,0,0,0,0,0,0,0,0,0,0,0,0,0,0,0,0,0,0,0,0,0,0,0,0,0,0,0,0,0,0,0,0,0,0,0,0,0,0,0,0,0,0,0,0,0,0,0,0,0,0,0,0,0,0,0,1,04953013488214,1,12288870429145,0,0,0,0,0,0,0,0,0,0,0,0,0,0,688,15,5,75612863920392,11,539337860804,87,6109521142581,0,0,0803887758224376,0,0,0,0,0,0,0,0,0,0,0,2,54465507234213E-05,0,0,0,1,27232753617106E-07,3,11148716832662E-05,0,0,0287060164313299,0,0,0,47793,8359355475,42158,9902550156,0,
420-430C*,0,00672132258849724,703,150024,400,38291263238,892,375093602601,0,0705555100820881,332,144796401232,26,6151961052481,27,1635535931731,0,216756541945429,160,547343830544,7,13131244591442,307,989009664393,0,0339523646208061,0,000689224159523856,70,1318590730256,431,080755649549,343,835028757594,16,6148981686325,25,3719893686325,72,5535631197432,72,0582066387389,0,121792269794556,416,88350296264,0,0,0,831240775008763,0,778239768087972,301,60633676537,1,48469638981405,1,09592772316663,14,4125301694994,23,1696213694994,17,9340044616282,0,438774850969203,0,000948910241794708,2,75689663809543E-07,7,99114963384254E-08,0,730753618767339,0,00291037967514182,38,5884828583305,48,9164654329713,29,4079536001018,20,574870120348,16,0016765448446,0,0,0,0,0,0,0,0,0,0,0,0,0,0,0,0,0,0,0,0,0,0,0,0,0,0,0,0,0,0,0,0,0,0,0,0,0,0,0,0,0,0,0,0,0,0,0,0,0,0,0,0,0,0,0,0,0,0,0,0,0,0,0,0,0,0,0,0,0,0,0,0,0,0,0,0,0,0,0,0,0,0,0,0,0,0,0,0,0,0,0,0,0,0,0,0,0,778239768087972,0,831240775008763,0,0,0,0,0,0,0,0,0,0,0,0,0,0,698,15,6,55025439156058,11,4238824933956,87,6911058206797,0,0,0859455566229506,0,0,0,0,0,0,0,0,0,0,0,2,75689663809542E-05,0,0,0,1,37844831904771E-07,3,37100639181773E-05,0,0,0339523646208061,0,0,0,47717,4216425662,42100,9756118902,0,
430-440C*,0,00616602391697782,713,150024,414,6258142291,896,633963714132,0,0816326469533986,335,147427141586,27,401777789013,27,936985543091,0,226832177865591,178,434104604303,7,16309554562624,310,599605338429,0,0400316034158565,0,00102236239467961,70,3679121401341,432,931043079548,347,559747482441,15,7307913319945,24,4878825319945,72,0574920899468,71,5560650556152,0,127453619423621,468,001603464713,0,0,0,540730121040153,0,506949401293804,302,816576436369,1,48743808204637,1,00714929391811,13,4499645858761,22,2070557858761,17,6264943514077,0,446383167431517,0,000988085894058191,4,08944957871845E-07,3,41314212017786E-08,0,764721716541726,0,00431711902867775,37,7769111509356,64,119345945699,36,8335698751076,25,1929557219948,16,5233067272819,0,0,0,0,0,0,0,0,0,0,0,0,0,0,0,0,0,0,0,0,0,0,0,0,0,0,0,0,0,0,0,0,0,0,0,0,0,0,0,0,0,0,0,0,0,0,0,0,0,0,0,0,0,0,0,0,0,0,0,0,0,0,0,0,0,0,0,0,0,0,0,0,0,0,0,0,0,0,0,0,0,0,0,0,0,0,0,0,0,0,0,0,0,0,0,0,0,506949401293804,0,540730121040153,0,0,0,0,0,0,0,0,0,0,0,0,0,0,708,15,7,50253082673253,11,3090129165597,87,7700090024875,0,0,0920880392557294,0,0,0,0,0,0,0,0,0,0,0,4,08944957871845E-05,0,0,0,2,04472478935922E-07,5,0003908301763E-05,0,0,0400316034158565,0,0,0,47643,3093272225,42044,9918775448,0,
440-450C*,0,00557198081888948,723,150024,428,670138232114,900,892407063674,0,0931765077002307,338,151656855068,28,1519326187021,28,6805253897493,0,236907813785753,200,790509447443,7,18156617662158,313,068235983307,0,0469472465742715,0,00165891829386258,70,5784732589858,434,62762918757,350,983050242909,14,8466930305963,23,6037842305963,71,5226165447475,71,0138847603104,0,133114969052685,550,71176001163,0,0,0,325450836550424,0,305589849940244,303,79145207331,1,49025948074647,0,923231004410816,12,4873990022528,21,2444902022528,17,323116323209,0,446383167431517,0,00102726154632167,6,63567317545031E-07,1,4212435536791E-08,0,798689814316113,0,00700509698980086,36,9743172814026,85,7509368907372,46,8166092686975,31,2438860350527,16,9947101857062,0,0,0,0,0,0,0,0,0,0,0,0,0,0,0,0,0,0,0,0,0,0,0,0,0,0,0,0,0,0,0,0,0,0,0,0,0,0,0,0,0,0,0,0,0,0,0,0,0,0,0,0,0,0,0,0,0,0,0,0,0,0,0,0,0,0,0,0,0,0,0,0,0,0,0,0,0,0,0,0,0,0,0,0,0,0,0,0,0,0,0,0,0,0,0,0,0,305589849940244,0,325450836550424,0,0,0,0,0,0,0,0,0,0,0,0,0,0,718,15,8,65362352281246,11,1953225997899,87,8471794859216,0,0,0987827995997767,0,0,0,0,0,0,0,0,0,0,0,6,63567317545031E-05,0,0,0,3,31783658772515E-07,8,11379591797456E-05,0,0,0469472465742715,0,0,0,47573,0506328354,41992,3871921611,0,
450-460C*,0,00496232451513883,733,150024,442,573047336782,904,794041483223,0,100350391865699,341,171145993606,28,8266771772214,29,3746427580301,0,246983449705915,231,819161784006,7,21346046917996,315,439648166387,0,266751217962633,0,00229547419304554,70,9013009651091,436,175324321093,354,15954389341,13,969730907798,22,726822107798,70,8820386357271,70,3512002758645,0,13877631868175,736,37086950676,0,0,0,291284187051439,0,27415696610538,304,484204668186,1,4929473185075,0,8440762779087,11,5248334186294,20,2819246186294,17,0591718507612,0,446383167431517,0,00106643719858516,9,18189677218217E-07,5,76302027866878E-09,0,8326579120905,0,00969307495092398,36,2744885189088,111,111242726368,58,0212396782299,37,9007141409179,16,9384355655599,0,0,0,0,0,0,0,0,0,0,0,0,0,0,0,0,0,0,0,0,0,0,0,0,0,0,0,0,0,0,0,0,0,0,0,0,0,0,0,0,0,0,0,0,0,0,0,0,0,0,0,0,0,0,0,0,0,0,0,0,0,0,0,0,0,0,0,0,0,0,0,0,0,0,0,0,0,0,0,0,0,0,0,0,0,0,0,0,0,0,0,0,0,0,0,0,0,27415696610538,0,291284187051439,0,0,0,0,0,0,0,0,0,0,0,0,0,0,728,15,9,85848255159257,11,0994242626914,87,912459556974,0,0,270830983933824,0,0,0,0,0,0,0,0,0,0,0,9,18189677218217E-05,0,0,0,4,59094838609108E-07,0,000112272010057728,0,0,266751217962633,0,0,0,47508,880909243,41944,3521696378,0,
460-480C*,0,00811664580336164,753,150024,463,319211896757,909,341811008146,0,107812367736613,345,752339706908,29,8048485737292,30,3675062732757,0,262096903586157,288,594381980063,7,283925122814,320,165894343287,0,893844463445539,0,00325030804181999,71,8332799159081,438,019598392475,358,506774133824,12,6803813656885,21,4374725656885,69,9546410065664,69,4054860863712,0,147268343125347,1134,73634711645,0,0,0,240510419704383,0,227007640353084,305,337589379745,1,49631853283865,0,699638827753997,10,0809850431945,18,8380762431945,16,7975306974253,0,446383167431517,0,00112520067698038,1,300123216728E-06,8,70669017649523E-10,0,883610058752081,0,0137250418926087,35,5793366782309,136,27136837256,69,4433876134456,44,7297111796573,16,8540236353405,0,0,0,0,0,0,0,0,0,0,0,0,0,0,0,0,0,0,0,0,0,0,0,0,0,0,0,0,0,0,0,0,0,0,0,0,0,0,0,0,0,0,0,0,0,0,0,0,0,0,0,0,0,0,0,0,0,0,0,0,0,0,0,0,0,0,0,0,0,0,0,0,0,0,0,0,0,0,0,0,0,0,0,0,0,0,0,0,0,0,0,0,0,0,0,0,0,227007640353084,0,240510419704383,0,0,0,0,0,0,0,0,0,0,0,0,0,0,743,15,11,1944088090968,11,0145550996345,87,5823112798589,0,0,721926434554707,0,0,0,0,0,0,0,0,0,0,0,0,0001300123216728,0,0,0,6,50061608363998E-07,0,000158973086374702,0,0,893844463445539,0,0,0,47434,3373586551,41888,567325661,0,
480-500C*,0,00589943189773118,773,150024,490,794661507983,919,84222073722,0,150637425041184,351,697601038435,31,0398596457386,31,5983259040166,0,474969554356305,342,666256444335,7,36457629747514,323,654289755515,1,20377225003951,0,00452341984018592,71,3257544239526,440,323947877575,363,622384161609,10,8725143022923,19,6296055022923,68,7866818466806,68,2375322233,0,270166423621791,1507,09001659387,0,0,0,173458507580862,0,164141872683355,305,832311615828,1,50380414307522,0,572936211814186,8,15585387594785,16,9129450759479,16,0274575035518,0,464191670378718,0,00120355198150735,1,80936793607437E-06,1,1643634649436E-10,1,62039713301482,0,0191009978148549,33,5250739302945,180,735401969212,89,0148122286544,56,2275581288633,16,7414743950478,0,0,0,0,0,0,0,0,0,0,0,0,0,0,0,0,0,0,0,0,0,0,0,0,0,0,0,0,0,0,0,0,0,0,0,0,0,0,0,0,0,0,0,0,0,0,0,0,0,0,0,0,0,0,0,0,0,0,0,0,0,0,0,0,0,0,0,0,0,0,0,0,0,0,0,0,0,0,0,0,0,0,0,0,0,0,0,0,0,0,0,0,0,0,0,0,0,164141872683355,0,173458507580862,0,0,0,0,0,0,0,0,0,0,0,0,0,0,763,15,13,33416106077,10,7113057386841,87,7951594936298,0,0,949910162748984,0,0,0,0,0,0,0,0,0,0,0,0,000180936793607437,0,0,0,9,04683968037184E-07,0,000221241188130668,0,1,20377225003951,0,0,0,47254,9304880866,41753,2538476563,0,
500-520C*,0,00398210331511064,793,150024,518,406135522982,927,944903454094,0,216369823469012,357,739105923045,32,1862792236884,32,7189296158084,0,851022879184515,372,542573141802,7,42664695914209,326,925080843844,1,8037980771039,0,00579653163855185,71,6457378352953,442,116291793548,368,124585693359,9,11260177914014,17,8696929791401,67,7068539126273,67,179794279178,0,486328875682484,1687,93117271364,0,0,0,106866863684246,0,101276105013627,306,964297755511,1,51012228359119,0,462969824847525,6,23072270870123,14,9878139087012,15,5060978426038,0,493361243183599,0,00128190328603431,2,31861265542074E-06,1,36162812895303E-11,2,91660591906712,0,0244769537371011,32,1272820772292,242,606546365317,115,273028342541,71,3392428212782,16,6289251547552,0,0,0,0,0,0,0,0,0,0,0,0,0,0,0,0,0,0,0,0,0,0,0,0,0,0,0,0,0,0,0,0,0,0,0,0,0,0,0,0,0,0,0,0,0,0,0,0,0,0,0,0,0,0,0,0,0,0,0,0,0,0,0,0,0,0,0,0,0,0,0,0,0,0,0,0,0,0,0,0,0,0,0,0,0,0,0,0,0,0,0,0,0,0,0,0,0,101276105013627,0,106866863684246,0,0,0,0,0,0,0,0,0,0,0,0,0,0,783,15,15,9859356743619,10,520322034525,87,9096869934159,0,1,40508273870711,0,0,0,0,0,0,0,0,0,0,0,0,000231861265542074,0,0,0,1,15930632771037E-06,0,000283509289886633,0,1,8037980771039,0,0,0,47110,40207626,41643,3949162011,0,
520-540C*,0,00236126349099458,813,150024,546,613695588265,935,715983971082,0,231500962717731,363,797683242211,33,2322085553818,33,7250279048662,1,34375751273211,403,43133228927,7,49426645590737,329,75276900517,3,38715540515497,0,00706964343691778,72,0136682087377,443,434260082625,372,156154111918,7,35932129998568,16,1164124999857,66,727287303225,66,2365617577899,0,767510599256191,1879,61088713205,0,0,0,0405041413931642,0,0384103373438986,307,866149787265,1,5165138966082,0,368650173084783,4,3055915414546,13,0626827414546,15,0288569343229,0,523507610989802,0,00136025459056128,2,82785737476711E-06,1,37320032233685E-12,4,60327696264104,0,0298529096593473,30,8428184915531,329,709604779343,150,852836084598,91,3804963545601,16,5163759144626,0,0,0,0,0,0,0,0,0,0,0,0,0,0,0,0,0,0,0,0,0,0,0,0,0,0,0,0,0,0,0,0,0,0,0,0,0,0,0,0,0,0,0,0,0,0,0,0,0,0,0,0,0,0,0,0,0,0,0,0,0,0,0,0,0,0,0,0,0,0,0,0,0,0,0,0,0,0,0,0,0,0,0,0,0,0,0,0,0,0,0,0,0,0,0,0,0,0384103373438986,0,0405041413931642,0,0,0,0,0,0,0,0,0,0,0,0,0,0,803,15,19,2936282865134,10,3498085720797,88,003737075127,0,2,683951101855,0,0,0,0,0,0,0,0,0,0,0,0,000282785737476711,0,0,0,1,41392868738356E-06,0,000345777391642598,0,3,38715540515497,0,0,0,46971,8067834921,41537,99939268,0,
540-560C*,0,00139617444567761,833,150024,575,952564322486,943,062378240714,0,246632101966449,369,875904913531,33,9515709713216,34,428175687511,1,90727559562176,432,847597682626,7,56202096181186,332,17072416127,4,97051273320603,0,00834275523528371,72,4642012038913,444,314445340833,375,818630397907,5,61453454577833,14,3716257457783,66,0484290286784,65,571824312489,1,08798789379017,2059,45181960906,0,0,0,0,308,76800181902,1,52289303964462,0,288806715618069,2,38046037420798,11,137551574208,14,6023811533637,0,554630773797328,0,00143860589508824,3,33710209411348E-06,1,17550415132813E-13,6,52597871584759,0,0352288655815936,29,690977722851,453,807752650895,199,552719661511,118,204956114814,15,5778729262182,0,0,0,0,0,0,0,0,0,0,0,0,0,0,0,0,0,0,0,0,0,0,0,0,0,0,0,0,0,0,0,0,0,0,0,0,0,0,0,0,0,0,0,0,0,0,0,0,0,0,0,0,0,0,0,0,0,0,0,0,0,0,0,0,0,0,0,0,0,0,0,0,0,0,0,0,0,0,0,0,0,0,0,0,0,0,0,0,0,0,0,0,0,0,0,0,0,0,0,0,0,0,0,0,0,0,0,0,0,0,0,0,823,15,23,44673840276,10,2035771404561,88,0742589906608,0,4,05206362104835,0,0,0,0,0,0,0,0,0,0,0,0,000333710209411348,0,0,0,1,66855104705674E-06,0,000408045493398564,0,4,97051273320603,0,0,0,46840,5292333086,41438,0972054983,0,
560-580C*,0,00136766965891103,853,150024,607,025292362769,949,89100221552,0,268439720682647,375,976207730078,34,6065450205519,34,9826492589065,2,51481480832228,462,28075171377,7,62863024786885,334,212164958505,6,5538700612571,0,0126149737223202,73,0299091617194,444,792138347168,379,20164059452,3,88010319746752,12,6371943974675,65,3934549794481,65,0173507410935,1,43276167429319,2236,16317617428,0,0,0,0,309,669853850774,1,52916724567659,0,222200775091261,0,455329206961348,9,21242040696135,14,2329676842618,0,586730731606177,0,00151695719961521,5,04598948892807E-06,8,38721298380265E-15,8,59466457332501,0,0532691180605923,28,6901951232908,632,785717077946,266,900410423899,154,4462232084,14,5178246011959,0,0,0,0,0,0,0,0,0,0,0,0,0,0,0,0,0,0,0,0,0,0,0,0,0,0,0,0,0,0,0,0,0,0,0,0,0,0,0,0,0,0,0,0,0,0,0,0,0,0,0,0,0,0,0,0,0,0,0,0,0,0,0,0,0,0,0,0,0,0,0,0,0,0,0,0,0,0,0,0,0,0,0,0,0,0,0,0,0,0,0,0,0,0,0,0,0,0,0,0,0,0,0,0,0,0,0,0,0,0,0,0,843,15,28,6962286664301,10,0851797031417,88,118453650345,0,5,48798185420463,0,0,0,0,0,0,0,0,0,0,0,0,000504598948892807,0,0,0,2,52299474446403E-06,0,000617000383154475,0,6,5538700612571,0,0,0,46717,9021829869,41344,6717447743,0,
580-600C*,0,00120849465569225,873,150024,640,497206548599,956,108771848029,0,276894380463886,382,100930807236,35,4404643949496,35,9752187107784,3,13961283130249,493,220176774602,7,6928140850916,335,909975233575,8,13722738930817,0,0210288157318064,73,7418385603992,444,901129982781,382,388443145754,2,15788893600265,10,9149801360026,64,5595356050504,64,0247812892216,1,78683285577399,2418,4541628573,0,0,0,0,310,571705882529,1,53523859051194,0,167541627730274,-1,46980196028528,7,28728923971472,13,9266612919156,0,619807484416348,0,00159530850414217,8,41152629272258E-06,4,8841076376234E-16,10,7192879297116,0,0887981610227256,27,8582241220807,894,15007797213,361,016969692764,203,878128698228,13,478368295302,0,0,0,0,0,0,0,0,0,0,0,0,0,0,0,0,0,0,0,0,0,0,0,0,0,0,0,0,0,0,0,0,0,0,0,0,0,0,0,0,0,0,0,0,0,0,0,0,0,0,0,0,0,0,0,0,0,0,0,0,0,0,0,0,0,0,0,0,0,0,0,0,0,0,0,0,0,0,0,0,0,0,0,0,0,0,0,0,0,0,0,0,0,0,0,0,0,0,0,0,0,0,0,0,0,0,0,0,0,0,0,0,863,15,35,3763193273248,9,99792222516748,88,1337580239151,0,6,97731663645246,0,0,0,0,0,0,0,0,0,0,0,0,000841152629272258,0,0,0,4,20576314636129E-06,0,00102852274205317,0,8,13722738930817,0,0,0,46605,2142697607,41258,6665562848,0,
600-625C*,0,00130847101200252,898,150024,681,928427705354,962,257700306186,0,293916912118694,389,023273416168,35,9625970226432,36,5347229622851,3,82981805479204,531,681950173127,7,76052769754219,337,676272007635,9,91850438336562,0,0304943879924785,74,7549947897782,444,642476882759,385,717918830196,0,237319139422958,8,99441033942296,64,0374029773567,63,4652770377149,2,17760061602679,2641,04490661781,0,0,0,0,311,586289418252,1,54169943163016,0,114000181889301,-3,63557452343773,5,12151667656227,13,6648366363784,0,65818640660281,0,00168345372173501,1,21977551969914E-05,1,01130060428898E-17,13,0642334212993,0,128768334355125,27,145524731754,1340,82644057899,514,108900090392,282,137328594097,12,3335938490359,0,0,0,0,0,0,0,0,0,0,0,0,0,0,0,0,0,0,0,0,0,0,0,0,0,0,0,0,0,0,0,0,0,0,0,0,0,0,0,0,0,0,0,0,0,0,0,0,0,0,0,0,0,0,0,0,0,0,0,0,0,0,0,0,0,0,0,0,0,0,0,0,0,0,0,0,0,0,0,0,0,0,0,0,0,0,0,0,0,0,0,0,0,0,0,0,0,0,0,0,0,0,0,0,0,0,0,0,0,0,0,0,885,65,45,1643809802526,9,93391142408106,87,8323357243039,0,8,7039962110381,0,0,0,0,0,0,0,0,0,0,0,0,00121977551969914,0,0,0,6,0988775984957E-06,0,0014914853958142,0,9,91850438336562,0,0,0,46491,8817335139,41171,915505696,0,
625-650C*,0,00110787837415151,923,150024,733,985109589913,967,883734251702,0,312830836179592,396,758326744628,36,3560188436103,36,9762642179753,4,53625977161659,581,443195982908,7,8280473659748,338,923267896786,10,8430323243069,0,0410116905043363,76,1939821879981,443,902909838266,389,148219765168,-1,87252512550573,6,88456607449427,63,6439811563896,63,0237357820247,2,57734860118568,2924,66029538044,0,0,0,0,312,713604457945,1,54824595854747,0,0744549568937233,-6,04198848249601,2,71510271750399,13,4864925129142,0,702279583556745,0,00178139285239371,1,64046762017345E-05,1,38605125770891E-19,15,4631576222557,0,173179638057792,26,6592469762295,2146,85443788009,774,749255915576,411,221430614497,11,0921885204674,0,0,0,0,0,0,0,0,0,0,0,0,0,0,0,0,0,0,0,0,0,0,0,0,0,0,0,0,0,0,0,0,0,0,0,0,0,0,0,0,0,0,0,0,0,0,0,0,0,0,0,0,0,0,0,0,0,0,0,0,0,0,0,0,0,0,0,0,0,0,0,0,0,0,0,0,0,0,0,0,0,0,0,0,0,0,0,0,0,0,0,0,0,0,0,0,0,0,0,0,0,0,0,0,0,0,0,0,0,0,0,0,910,65,59,9108921184604,9,92713913518463,88,2113196888092,0,9,61804824329571,0,0,0,0,0,0,0,0,0,0,0,0,00164046762017345,0,0,0,8,20233810086727E-06,0,00200588834443757,0,10,8430323243069,0,0,0,46384,7038308975,41089,4369178165,0,
650-675C*,0,000930548862339239,948,150024,794,039172643098,972,064435380797,0,33174476024049,404,543601524534,36,1575549382559,36,8390749311642,5,12853896010046,641,412155233861,7,8850260630567,339,803516380569,13,2886224592788,0,0515289930161942,78,019794813992,442,743732994451,392,263792563407,-3,953462734106,4,803628465894,63,8424450617441,63,1609250688358,2,91252703811387,3262,92130987385,0,0,0,0,313,840919497638,1,55393338786715,0,0463539579261727,-8,4484024415543,0,308688758445705,13,4379311563753,0,747899002700246,0,00187933198305242,2,06115972064777E-05,1,17292580372822E-21,17,4746290197952,0,217590941760459,26,5267237143932,3513,94442624618,1189,3348603166,609,542325219077,9,88295822178707,0,0,0,0,0,0,0,0,0,0,0,0,0,0,0,0,0,0,0,0,0,0,0,0,0,0,0,0,0,0,0,0,0,0,0,0,0,0,0,0,0,0,0,0,0,0,0,0,0,0,0,0,0,0,0,0,0,0,0,0,0,0,0,0,0,0,0,0,0,0,0,0,0,0,0,0,0,0,0,0,0,0,0,0,0,0,0,0,0,0,0,0,0,0,0,0,0,0,0,0,0,0,0,0,0,0,0,0,0,0,0,0,935,65,80,4204020133461,9,98456921398312,89,1652443841459,0,12,0841471154027,0,0,0,0,0,0,0,0,0,0,0,0,00206115972064777,0,0,0,1,03057986032388E-05,0,00252029129306094,0,13,2886224592788,0,0,0,46299,5716257659,41023,2715583279,0,
675-700C*,0,000774818040380568,973,150024,863,989582682659,974,562370867721,0,360628358656043,412,385688940357,35,8417749034717,36,6002007343008,5,55438546490932,715,13844808169,7,92853673067964,340,382219179383,15,9536884101987,0,0591509743687318,80,3130413534782,441,215787687061,395,062762340441,-6,00074502986286,2,75634617013714,64,1582250965283,63,3997992656992,3,15384083893782,3676,42873506126,0,0,0,0,314,968234537331,1,55852913041369,0,027275358383197,-10,8548164006126,-2,09772520061258,13,5361855702563,0,835929318232226,0,00197727111371113,2,36603897474927E-05,5,622719383272E-24,18,9227753378208,0,249776202979479,26,79480785506,5881,76265846807,1860,29556581987,919,015370853194,8,70590295299501,0,0,0,0,0,0,0,0,0,0,0,0,0,0,0,0,0,0,0,0,0,0,0,0,0,0,0,0,0,0,0,0,0,0,0,0,0,0,0,0,0,0,0,0,0,0,0,0,0,0,0,0,0,0,0,0,0,0,0,0,0,0,0,0,0,0,0,0,0,0,0,0,0,0,0,0,0,0,0,0,0,0,0,0,0,0,0,0,0,0,0,0,0,0,0,0,0,0,0,0,0,0,0,0,0,0,0,0,0,0,0,0,960,65,109,244527128888,10,1128387893581,90,7622844170177,0,14,8354894433729,0,0,0,0,0,0,0,0,0,0,0,0,00236603897474927,0,0,0,1,18301948737464E-05,0,00289308362053057,0,15,9536884101987,0,0,0,46220,9791541969,40959,1621079153,0,
700-725C*,0,000636468076118105,998,150024,950,13226840941,976,186995969816,0,429454798669316,420,256991395605,35,3871981865516,36,2342519769535,5,8024236840112,785,015692549461,7,95936964126119,340,590392125097,18,2549169229428,0,101687310871208,82,8059324712522,439,365611027999,397,612704176813,-8,03056111792314,0,726530082076864,64,6128018134484,63,7657480230465,3,29501184659484,4069,10611202726,0,0,0,0,316,095549577024,1,56264089729262,0,0150068335183521,-13,2612303596709,-4,50413915967086,13,7099377752855,1,12223945449437,0,00207521024436983,4,06749243484834E-05,1,37064635256234E-26,19,769874498011,0,429393947803348,27,2683938702913,10070,9926875805,2965,26360702942,1409,54487000605,7,56102271409118,0,0,0,0,0,0,0,0,0,0,0,0,0,0,0,0,0,0,0,0,0,0,0,0,0,0,0,0,0,0,0,0,0,0,0,0,0,0,0,0,0,0,0,0,0,0,0,0,0,0,0,0,0,0,0,0,0,0,0,0,0,0,0,0,0,0,0,0,0,0,0,0,0,0,0,0,0,0,0,0,0,0,0,0,0,0,0,0,0,0,0,0,0,0,0,0,0,0,0,0,0,0,0,0,0,0,0,0,0,0,0,0,985,65,150,171780993183,10,2752705016202,92,6812024171494,0,17,2522331413204,0,0,0,0,0,0,0,0,0,0,0,0,00406749243484834,0,0,0,2,03374621742417E-05,0,00497354264468055,0,18,2549169229428,0,0,0,46064,85624691,40824,3992254853,0,
725-750C*,0,000518574241655389,1023,150024,1050,33432605259,979,020590955324,0,370885656496368,428,08876114378,34,8607649550033,35,8082113849619,6,05962283243634,817,938160808021,7,98632645536533,340,196452386118,19,3359476633592,0,149542706756526,84,8020274834914,437,235577770466,399,709861115482,-10,0845566036517,-1,32746540365167,65,1392350449968,64,1917886150381,3,44134061574528,4258,86343153699,0,0,0,0,317,222864616717,1,56789566277192,0,00761602547451487,-15,6676443187291,-6,91055311872914,13,7815291713321,1,18880880452751,0,00217314937502854,5,98170827026105E-05,1,48132469721263E-29,20,6479305887549,0,631472429246472,27,4633435950154,17643,861989404,4817,11352808445,2199,3097395359,6,4483175050756,0,0,0,0,0,0,0,0,0,0,0,0,0,0,0,0,0,0,0,0,0,0,0,0,0,0,0,0,0,0,0,0,0,0,0,0,0,0,0,0,0,0,0,0,0,0,0,0,0,0,0,0,0,0,0,0,0,0,0,0,0,0,0,0,0,0,0,0,0,0,0,0,0,0,0,0,0,0,0,0,0,0,0,0,0,0,0,0,0,0,0,0,0,0,0,0,0,0,0,0,0,0,0,0,0,0,0,0,0,0,0,0,1010,65,208,868136041744,10,3938097122722,94,2191580829834,0,18,3980552039104,0,0,0,0,0,0,0,0,0,0,0,0,00598170827026104,0,0,0,2,99085413513052E-05,0,00731415771429477,0,19,3359476633592,0,0,0,45991,4897633179,40765,6321363298,0,
750-775C*,0,000421890363212861,1048,150024,1159,42335701187,981,854185940833,0,319787642893416,435,921069010095,34,1277177146595,35,1850674523943,6,31682198086147,850,860629066581,8,01126550333919,339,383010755639,20,4169784037757,0,197398102641844,86,7145518500033,434,864093543517,401,265745225653,-12,1385520893802,-3,38146088938021,65,8722822853405,64,8149325476057,3,58766938489572,4448,62075104673,0,0,0,0,318,35017965641,1,57334772945627,0,00350315367652875,-18,0740582777874,-9,31696707778742,13,8545111775484,1,25537815456065,0,00227108850568724,7,89592410567375E-05,5,94693471596448E-33,21,5259866794989,0,833550910689596,27,6619703415675,31633,4968563879,7975,54451865962,3490,81055546723,5,36778732594824,0,0,0,0,0,0,0,0,0,0,0,0,0,0,0,0,0,0,0,0,0,0,0,0,0,0,0,0,0,0,0,0,0,0,0,0,0,0,0,0,0,0,0,0,0,0,0,0,0,0,0,0,0,0,0,0,0,0,0,0,0,0,0,0,0,0,0,0,0,0,0,0,0,0,0,0,0,0,0,0,0,0,0,0,0,0,0,0,0,0,0,0,0,0,0,0,0,0,0,0,0,0,0,0,0,0,0,0,0,0,0,0,1035,65,293,864851210594,10,5162216164105,95,8054574994855,0,19,5495865423666,0,0,0,0,0,0,0,0,0,0,0,0,00789592410567375,0,0,0,3,94796205283687E-05,0,009654772783909,0,20,4169784037757,0,0,0,45918,3435844509,40707,0504078071,0,
775-800C*,0,0003428780646725,1073,150024,1277,41038589061,984,68778092634,0,271984863654293,443,75391034899,33,5943987710961,34,7758546970459,6,5740211292866,883,783097325142,8,03604511552989,338,179002280465,21,4980091441921,0,245253498527161,88,5483734997004,432,285821973532,402,410662237923,,-5,43545637510874,66,4056012289039,65,2241453029541,3,73399815404616,4638,37807055646,0,0,0,0,319,477494696103,1,57899453072687,0,00142714126773831,-20,4804722368457,-11,7233810368457,13,9288717888318,1,32194750459379,0,00236902763634595,9,81013994108645E-05,7,03082695798661E-37,22,4040427702428,1,03562939213272,27,8642351317737,58046,793833466,13457,3457821692,5635,672026043,4,31943217670912,0,0,0,0,0,0,0,0,0,0,0,0,0,0,0,0,0,0,0,0,0,0,0,0,0,0,0,0,0,0,0,0,0,0,0,0,0,0,0,0,0,0,0,0,0,0,0,0,0,0,0,0,0,0,0,0,0,0,0,0,0,0,0,0,0,0,0,0,0,0,0,0,0,0,0,0,0,0,0,0,0,0,0,0,0,0,0,0,0,0,0,0,0,0,0,0,0,0,0,0,0,0,0,0,0,0,0,0,0,0,0,0,1060,65,420,106722161501,10,6428775952999,97,444122356196,0,20,7061779724744,0,0,0,0,0,0,0,0,0,0,0,0,00981013994108645,0,0,0,4,90506997054323E-05,0,0119953878535232,0,21,4980091441921,0,0,0,45845,4181087723,40648,6545348146,0,
800-825C*,0,00027847247984722,1098,150024,1404,24117013566,987,521375911849,0,227477318778997,451,587280568223,32,855804284346,34,1695386011214,6,83122027771174,916,705565583702,8,06252362228454,336,612140303299,22,5790398846086,0,273506578587298,90,3079783376372,429,531931791022,403,213511284719,,-7,48945186083728,67,144195715654,65,8304613988786,3,8803269231966,4828,13539006619,0,0,0,0,320,604809735796,1,58483398122171,0,000499276051668326,-22,886886195904,-14,129794995904,14,0045991378691,1,38851685462693,0,00246696676700466,0,000109402631434919,1,79365614365673E-41,23,2820988609867,1,15493337884146,28,0700993169192,109018,50282287,23138,0553988328,9252,46027487291,3,30325205735824,0,0,0,0,0,0,0,0,0,0,0,0,0,0,0,0,0,0,0,0,0,0,0,0,0,0,0,0,0,0,0,0,0,0,0,0,0,0,0,0,0,0,0,0,0,0,0,0,0,0,0,0,0,0,0,0,0,0,0,0,0,0,0,0,0,0,0,0,0,0,0,0,0,0,0,0,0,0,0,0,0,0,0,0,0,0,0,0,0,0,0,0,0,0,0,0,0,0,0,0,0,0,0,0,0,0,0,0,0,0,0,0,1085,65,688,938382088511,10,7741445790355,99,1392072781193,0,21,8672405040911,0,0,0,0,0,0,0,0,0,0,0,0,0109402631434919,0,0,0,5,47013157174597E-05,0,0133772505197573,0,22,5790398846086,0,0,0,45772,7136825733,40590,4449597257,0,
825-850C*,0,00022606259874164,1123,150024,1539,83593718471,990,354970897357,0,186265008267529,459,421175128112,32,0480722685456,33,5031306705526,7,08841942613687,949,628033842262,8,09255935395027,334,708908635885,23,660070625025,0,404349636354589,91,9975081822805,426,630353116244,403,764152967046,,-9,54344734656582,67,9519277314544,66,4968693294474,4,02665569234705,5017,89270957593,0,0,0,0,321,732124775489,1,59086443593924,0,000143780415006924,-25,2933001549623,-16,5362089549623,14,0816814931662,1,45508620466007,0,00256490589766336,0,000161739854541836,6,44754093073519E-47,24,1601549517307,1,70744299519386,28,2795245747173,209552,639739341,40529,5214871268,15443,2258678942,2,31924696789559,0,0,0,0,0,0,0,0,0,0,0,0,0,0,0,0,0,0,0,0,0,0,0,0,0,0,0,0,0,0,0,0,0,0,0,0,0,0,0,0,0,0,0,0,0,0,0,0,0,0,0,0,0,0,0,0,0,0,0,0,0,0,0,0,0,0,0,0,0,0,0,0,0,0,0,0,0,0,0,0,0,0,0,0,0,0,0,0,0,0,0,0,0,0,0,0,0,0,0,0,0,0,0,0,0,0,0,0,0,0,0,0,1110,65,1176,03571055644,10,9103867490139,,0,23,0322378954133,0,0,0,0,0,0,0,0,0,0,0,0,0161739854541836,0,0,0,8,08699272709178E-05,0,0197768054100448,0,23,660070625025,0,0,0,45700,2306018846,40532,4220742939,0,
850-875C*,0,000183882239943684,1148,150024,1680,22680360134,993,188565882865,0,148347932119889,467,25558954078,31,1722740944604,32,7766309053395,7,345618574562,982,550502100823,8,12801064087417,332,494564762738,24,7411013654415,0,573169433111647,93,6207941770721,423,606034728143,404,119749295429,,-11,5974428322944,68,8277259055396,67,2233690946605,4,17298446149749,5207,65002908566,0,0,0,0,322,859439815182,1,59708465489857,3,21111780549555E-05,-27,6997141140206,-18,9426229140205,14,1601072571098,1,52165555469321,0,00266284502832207,0,000229267773244659,1,79175042785312E-53,25,0382110424746,2,42031659147456,28,4924729063017,412194,245364225,72304,7894228282,27100,6501635027,1,36741690832117,0,0,0,0,0,0,0,0,0,0,0,0,0,0,0,0,0,0,0,0,0,0,0,0,0,0,0,0,0,0,0,0,0,0,0,0,0,0,0,0,0,0,0,0,0,0,0,0,0,0,0,0,0,0,0,0,0,0,0,0,0,0,0,0,0,0,0,0,0,0,0,0,0,0,0,0,0,0,0,0,0,0,0,0,0,0,0,0,0,0,0,0,0,0,0,0,0,0,0,0,0,0,0,0,0,0,0,0,0,0,0,0,1135,65,2096,75481545788,11,0519671402344,,0,24,2006803882994,0,0,0,0,0,0,0,0,0,0,0,0,0229267773244659,0,0,0,0,000114633886622329,0,0280338086806,0,24,7411013654415,0,0,0,45627,9691143241,40474,5862214905,0,
875-900C*,0,000149540091837963,1173,150024,1828,43666656825,996,022160868373,0,113726090336077,475,090519369422,30,2296875940409,31,990039305482,7,60281772298713,1015,47297035938,8,17073581340338,329,993152033551,25,822132105858,0,741989229868706,95,1813862997979,420,481196278073,404,34589556044,,-13,6514383180229,69,770312405959,68,009960694518,4,31931323064793,5397,4073485954,0,0,0,0,323,986754854875,1,60349377258411,5,09973207876392E-06,,-21,3490368730788,14,2398649640634,1,58822490472635,0,00276078415898078,0,000296795691947482,1,60737721426156E-61,25,9162671332185,3,13319018775526,28,7089066332413,809767,90089087,145841,610935732,58445,6264337492,0,447761878634997,0,0,0,0,0,0,0,0,0,0,0,0,0,0,0,0,0,0,0,0,0,0,0,0,0,0,0,0,0,0,0,0,0,0,0,0,0,0,0,0,0,0,0,0,0,0,0,0,0,0,0,0,0,0,0,0,0,0,0,0,0,0,0,0,0,0,0,0,0,0,0,0,0,0,0,0,0,0,0,0,0,0,0,0,0,0,0,0,0,0,0,0,0,0,0,0,0,0,0,0,0,0,0,0,0,0,0,0,0,0,0,0,1160,65,3918,66781319034,11,1992491541942,,0,25,3721193972139,0,0,0,0,0,0,0,0,0,0,0,0,0296795691947482,0,0,0,0,000148397845973741,0,0362908119511552,0,25,822132105858,0,0,0,45555,929420881,40416,937697282,0,
900-925C*,0,000122334857550886,1198,150024,1984,61381429469,996,464276801657,0,0823994829160931,483,001512233031,29,2218255208011,31,1433558709803,7,86001687141227,1048,39543861794,8,22259320188501,327,715428914114,26,9031628462744,0,910809026625764,97,4739129443577,417,275571158095,404,479603702239,,-15,6576042227069,70,7781744791989,68,8566441290197,4,46564199979837,5587,16466810513,0,0,0,0,325,114069894568,1,60810178304318,5,0510426232693E-07,,-23,7554508321371,14,5161855112885,1,65479425475949,0,00285872328963948,0,000364323610650306,1,24163910207317E-71,26,7943232239625,3,84606378403597,29,4577179287663,2007269,6969604,352670,106263306,133552,001536914,0,0,0,0,0,0,0,0,0,0,0,0,0,0,0,0,0,0,0,0,0,0,0,0,0,0,0,0,0,0,0,0,0,0,0,0,0,0,0,0,0,0,0,0,0,0,0,0,0,0,0,0,0,0,0,0,0,0,0,0,0,0,0,0,0,0,0,0,0,0,0,0,0,0,0,0,0,0,0,0,0,0,0,0,0,0,0,0,0,0,0,0,0,0,0,0,0,0,0,0,0,0,0,0,0,0,0,0,0,0,0,0,0,1185,65,7707,06628337652,11,4260543865693,,0,26,5461429754002,0,0,0,0,0,0,0,0,0,0,0,0,0364323610650306,0,0,0,0,000182161805325153,0,0445478152217104,0,26,9031628462744,0,0,0,45519,1659332957,40385,297540676,0,
925-950C*,9,86749158271316E-05,1223,150024,2148,77626484921,1001,68935083939,0,0655342304574723,490,761907778424,28,2604237451134,30,3511259658191,8,1172160198374,1081,3179068765,8,26983115508084,329,093568701901,27,9841935866909,1,001356637642,98,1274368914477,414,00663712532,404,555088808674,,-17,75942928948,71,7395762548866,69,6488740341809,4,61197076894881,5776,92198761486,0,0,0,0,326,241384934261,1,6168769594983,0,,-26,1618647911954,14,4033309931384,1,72136360479263,0,00295666242029819,0,0004005426550568,1,01179546585337E-84,27,6723793147064,4,22841823736267,29,1520811438952,5908603,59814531,910613,068533976,324764,55189599,0,0,0,0,0,0,0,0,0,0,0,0,0,0,0,0,0,0,0,0,0,0,0,0,0,0,0,0,0,0,0,0,0,0,0,0,0,0,0,0,0,0,0,0,0,0,0,0,0,0,0,0,0,0,0,0,0,0,0,0,0,0,0,0,0,0,0,0,0,0,0,0,0,0,0,0,0,0,0,0,0,0,0,0,0,0,0,0,0,0,0,0,0,0,0,0,0,0,0,0,0,0,0,0,0,0,0,0,0,0,0,0,0,1210,65,16018,6863378249,11,5123820138816,,0,27,7223719199667,0,0,0,0,0,0,0,0,0,0,0,0,04005426550568,0,0,0,0,0002002713275284,0,0489765133641323,0,27,9841935866909,0,0,0,45412,5159974402,40302,2035937305,0,
950-975C*,8,01711102313982E-05,1248,150024,2320,99773185591,1004,5229458249,0,0608906306414108,498,598357734066,27,3904783874532,29,6605628963084,8,37441516826253,1114,24037513506,8,30415683517366,330,471708489688,29,0652243271073,1,33595709827871,99,5188104412873,410,689832872001,404,594721312873,,-19,8134247752085,72,6095216125468,70,3394371036916,4,75829953809925,5966,6793071246,0,0,0,0,327,368699973954,1,62385094980997,0,,-28,5682787502537,14,4870170271808,1,78793295482577,0,0030546015509569,0,000534382839311483,2,50092970122616E-102,28,5504354054503,5,6413321151973,29,3787481463905,18855761,948496,2522856,22638715,844388,101286528,0,0,0,0,0,0,0,0,0,0,0,0,0,0,0,0,0,0,0,0,0,0,0,0,0,0,0,0,0,0,0,0,0,0,0,0,0,0,0,0,0,0,0,0,0,0,0,0,0,0,0,0,0,0,0,0,0,0,0,0,0,0,0,0,0,0,0,0,0,0,0,0,0,0,0,0,0,0,0,0,0,0,0,0,0,0,0,0,0,0,0,0,0,0,0,0,0,0,0,0,0,0,0,0,0,0,0,0,0,0,0,0,0,1235,65,35344,5823596293,11,6789740375865,,0,28,9004564063283,0,0,0,0,0,0,0,0,0,0,0,0,0534382839311483,0,0,0,0,000267191419655741,0,0653418754299473,0,29,0652243271073,0,0,0,45341,1424514959,40245,1183864554,0,
975-1000C*,6,50707248825384E-05,1273,150024,2501,40460536291,1007,35654081041,0,0562470308253493,506,435305854859,26,514550208013,28,9699998267976,8,63161431668767,1147,16284339362,8,33848251526647,331,849848277476,30,1462550675238,1,83130106719555,100,407,338759566125,404,605542287574,,-21,867420260937,73,485449791987,71,0300001732024,4,90462830724969,6156,43662663433,0,0,0,0,328,496015013647,1,63101364442081,0,,-30,974692709312,14,571990424488,1,85450230485891,0,0031525406816156,0,000732520426878222,2,79050048688521E-127,29,4284914961942,7,7330159301344,29,608752975998,65633074,0837734,7539051,50027078,2359168,7539377,0,0,0,0,0,0,0,0,0,0,0,0,0,0,0,0,0,0,0,0,0,0,0,0,0,0,0,0,0,0,0,0,0,0,0,0,0,0,0,0,0,0,0,0,0,0,0,0,0,0,0,0,0,0,0,0,0,0,0,0,0,0,0,0,0,0,0,0,0,0,0,0,0,0,0,0,0,0,0,0,0,0,0,0,0,0,0,0,0,0,0,0,0,0,0,0,0,0,0,0,0,0,0,0,0,0,0,0,0,0,0,0,0,1260,65,83196,4943877722,11,8527525720132,,0,30,0800730644209,0,0,0,0,0,0,0,0,0,0,0,0,0732520426878222,0,0,0,0,000366260213439111,0,0895692282047053,0,30,1462550675238,0,0,0,45269,9910709374,40188,2212550624,0,
1000-1050C*,9,51670142796419E-05,1323,150024,2787,75621725168,1011,60693328867,0,049281631101257,518,191652938382,25,1911096539053,27,9341552225315,9,01741303932537,1196,54654578146,8,38997103540568,333,917057959156,31,7678011781485,2,57431702057083,100,403,021771717758,404,587627065481,,-24,9484134895298,74,8088903460947,72,0658447774685,5,12412146097536,6441,07260589893,0,0,0,0,330,186987573187,1,64211305778095,0,,-34,5843136478994,14,7018406621204,1,95435632990862,0,00329944937760366,0,00102972680822833,9,04794078109171E-231,30,7455756323101,10,87054165254,29,9599397162346,508900850,567852,45442732,3714704,12760278,2966108,0,0,0,0,0,0,0,0,0,0,0,0,0,0,0,0,0,0,0,0,0,0,0,0,0,0,0,0,0,0,0,0,0,0,0,0,0,0,0,0,0,0,0,0,0,0,0,0,0,0,0,0,0,0,0,0,0,0,0,0,0,0,0,0,0,0,0,0,0,0,0,0,0,0,0,0,0,0,0,0,0,0,0,0,0,0,0,0,0,0,0,0,0,0,0,0,0,0,0,0,0,0,0,0,0,0,0,0,0,0,0,0,0,1298,15,343178,612342341,12,1235247442786,,0,31,8517217659711,0,0,0,0,0,0,0,0,0,0,0,0,102972680822833,0,0,0,0,000514863404114165,0,125910257366842,0,31,7678011781485,0,0,0,45163,6805337189,40103,2283771118,0,
1050-1100C*,6,22999628812864E-05,1373,150024,3200,18406961855,1017,27412325968,0,039994431469134,533,868487226553,23,4130372969988,26,55302908351,9,53181133617563,1262,39148229859,8,4586223955913,336,673337534731,33,9298626589814,3,4304643319085,,395,268476101325,404,528716411535,,-29,0564044609869,76,5869627030012,73,44697091649,5,41677899927624,6820,5872449184,0,0,0,0,332,441617652573,1,65758121811527,0,,-39,3971415660159,14,879379985507,2,0874950299749,0,00349532763892107,0,0013721857327634,0,32,501687813798,14,4857859811281,30,4395365093583,11298194208,3564,687114015,354926,164497561,004976,0,0,0,0,0,0,0,0,0,0,0,0,0,0,0,0,0,0,0,0,0,0,0,0,0,0,0,0,0,0,0,0,0,0,0,0,0,0,0,0,0,0,0,0,0,0,0,0,0,0,0,0,0,0,0,0,0,0,0,0,0,0,0,0,0,0,0,0,0,0,0,0,0,0,0,0,0,0,0,0,0,0,0,0,0,0,0,0,0,0,0,0,0,0,0,0,0,0,0,0,0,0,0,0,0,0,0,0,0,0,0,0,0,1348,15,3002218,2463103,12,518851279461,,0,34,2166638366731,0,0,0,0,0,0,0,0,0,0,0,0,13721857327634,0,0,0,0,000686092866381699,0,167784559347938,0,33,9298626589814,0,0,0,45022,7103526557,39990,5632930998,0,
1100-1150C*,4,06098507542158E-05,1423,150024,3649,75741517624,1022,9413132307,0,030707231837011,549,547240223007,21,6261821965597,25,1719029444886,10,0462096330259,1328,23641881571,8,52727375577692,339,429617110305,36,0919241398143,5,71846098738591,,389,503413793244,404,45128755016,,-33,164395432444,78,3738178034402,74,8280970555114,5,70943653757712,7200,10188393787,0,0,0,0,334,696247731959,1,67382458982475,0,,-44,2099694841325,15,0618776536395,2,22063373004118,0,00369120590023849,0,00228738439495436,0,34,2577999952859,24,147285612096,30,9318442118878,406303427860,276,15786817230,1872,3161872628,57966,0,0,0,0,0,0,0,0,0,0,0,0,0,0,0,0,0,0,0,0,0,0,0,0,0,0,0,0,0,0,0,0,0,0,0,0,0,0,0,0,0,0,0,0,0,0,0,0,0,0,0,0,0,0,0,0,0,0,0,0,0,0,0,0,0,0,0,0,0,0,0,0,0,0,0,0,0,0,0,0,0,0,0,0,0,0,0,0,0,0,0,0,0,0,0,0,0,0,0,0,0,0,0,0,0,0,0,0,0,0,0,0,0,1398,15,37987462,5045861,12,9501394649013,,0,36,5829926869219,0,0,0,0,0,0,0,0,0,0,0,0,228738439495436,0,0,0,0,00114369219747718,0,279690841846803,0,36,0919241398143,0,0,0,44882,6275334723,39878,6508737046,0,
1150+C*,5,93755125284257E-05,1623,150024,4955,22393363364,1037,10928815824,0,00748923275670346,588,752310647161,17,1748921205733,21,7190875969348,11,3322053751516,1492,84876010851,8,69890215624098,346,320316049241,41,4970778418966,14,0871771264467,,379,290600981301,404,233792371786,,-43,4343728610867,82,8251078794268,78,2809124030652,6,44108038332933,8148,88848148654,0,0,0,0,340,332822930424,1,71793293244544,0,,-56,2420392794239,15,5392811607069,2,55348048020687,0,00418090155353202,0,00563487085057868,0,38,6480804490055,59,4857760314975,32,2164167190555,4,39444257725604E+16,389812283618129,45381866574118,7,0,0,0,0,0,0,0,0,0,0,0,0,0,0,0,0,0,0,0,0,0,0,0,0,0,0,0,0,0,0,0,0,0,0,0,0,0,0,0,0,0,0,0,0,0,0,0,0,0,0,0,0,0,0,0,0,0,0,0,0,0,0,0,0,0,0,0,0,0,0,0,0,0,0,0,0,0,0,0,0,0,0,0,0,0,0,0,0,0,0,0,0,0,0,0,0,0,0,0,0,0,0,0,0,0,0,0,0,0,0,0,0,0,1523,15,168629880051,591,14,1792790238566,,0,42,4944132378085,0,0,0,0,0,0,0,0,0,0,0,0,563487085057868,0,0,0,0,00281743542528934,0,689006087202848,0,41,4970778418966,0,0,0,44536,2921196032,39602,1569163976,0,
